0,1
0.001,0.998568143350372
0.002,1.02036123202317
0.003,1.04093335932929
0.004,1.04115629170712
0.005,1.05437977288832
0.006,1.05075797288076
0.007,1.04570077425475
0.008,1.04172193519015
0.009,1.0519503378185
0.01,1.0861990142707
0.011,1.07587809711847
0.012,1.07480833180423
0.013,1.09612665873261
0.014,1.08383777087197
0.015,1.08035689430667
0.016,1.07646334503147
0.017,1.10759694659147
0.018,1.10344331823997
0.019,1.09755257927734
0.02,1.12497869675343
0.021,1.15363479763318
0.022,1.15431610660759
0.023,1.19080058563235
0.024,1.20899754784815
0.025,1.24151880130472
0.026,1.27594604655957
0.027,1.2259049221436
0.028,1.20447756735272
0.029,1.21510393289718
0.03,1.21856485102207
0.031,1.22840534851829
0.032,1.21365205355193
0.033,1.18579498251453
0.034,1.16330200754541
0.035,1.18616081730279
0.036,1.23265198258196
0.037,1.24485815972264
0.038,1.24115283765326
0.039,1.27450636368306
0.04,1.27457118609921
0.041,1.29488846564972
0.042,1.3174259689868
0.043,1.33882298336995
0.044,1.32393580134212
0.045,1.31979478629954
0.046,1.31586724097536
0.047,1.34227764156566
0.048,1.34150672245907
0.049,1.33683858284171
0.05,1.37591664190735
0.051,1.40445527232231
0.052,1.40922210440917
0.053,1.43983110089409
0.054,1.46130748714274
0.055,1.46504855872344
0.056,1.47194838281484
0.057,1.47677515961457
0.058,1.49226407523893
0.059,1.49332968853764
0.06,1.48815309391844
0.061,1.49801291785571
0.062,1.51711656006845
0.063,1.53636987116044
0.064,1.57303046101741
0.065,1.58955793486116
0.066,1.60788355483656
0.067,1.60552481947503
0.068,1.62519874584664
0.069,1.60333371666767
0.07,1.65115314760296
0.071,1.65684324966932
0.072,1.6630590863916
0.073,1.66850145880263
0.074,1.68938171503699
0.075,1.73776273474858
0.076,1.75250139559436
0.077,1.717607276799
0.078,1.70247558013506
0.079,1.7413667404076
0.08,1.7503409738769
0.081,1.78224656245353
0.082,1.80021175772777
0.083,1.7573284140114
0.084,1.77472106920115
0.085,1.76950937035124
0.086,1.83120741741284
0.087,1.83936547567724
0.088,1.80768545088894
0.089,1.8134737798917
0.09,1.80053885633431
0.091,1.84327945952255
0.092,1.80251164523999
0.093,1.83778973097803
0.094,1.80627928910194
0.095,1.80440391149652
0.096,1.82967588630992
0.097,1.87790246945941
0.098,1.89288426894218
0.099,1.90563380699994
0.1,1.93411315738753
0.101,1.94707842264754
0.102,1.9671515788971
0.103,1.98519096719057
0.104,2.01280606773423
0.105,2.04986205998488
0.106,2.09414420327377
0.107,2.08112252868807
0.108,2.09489417407
0.109,2.11785412969849
0.11,2.15078731851445
0.111,2.1350079586886
0.112,2.1031613583036
0.113,2.11192692346822
0.114,2.10855881006034
0.115,2.07678481344684
0.116,2.07063759251266
0.117,2.09309910457528
0.118,2.07090172161819
0.119,2.07434674302726
0.12,2.0763362199391
0.121,2.08349466349569
0.122,2.08123550836326
0.123,2.09220124140474
0.124,2.07657639301617
0.125,2.06410331238212
0.126,2.06656662216251
0.127,2.10876560135138
0.128,2.15149215487484
0.129,2.14304917374323
0.13,2.16389115739499
0.131,2.17468751194481
0.132,2.18865873831482
0.133,2.1837832248815
0.134,2.23951117706391
0.135,2.26846912411337
0.136,2.29753179748418
0.137,2.36117658849333
0.138,2.38580256865206
0.139,2.38633916108488
0.14,2.39711280685926
0.141,2.41726300775286
0.142,2.39636895073467
0.143,2.43629188475634
0.144,2.4696502653203
0.145,2.49641148550609
0.146,2.47460579307192
0.147,2.51358301857132
0.148,2.52452907529914
0.149,2.54988912372091
0.15,2.5621400351973
0.151,2.6129285665937
0.152,2.5957233873562
0.153,2.58016150520821
0.154,2.56308770559569
0.155,2.5755325180463
0.156,2.5839928947659
0.157,2.60942399307418
0.158,2.62388260324574
0.159,2.63682951940852
0.16,2.62508563050865
0.161,2.60313593247556
0.162,2.5783784315801
0.163,2.57443454974009
0.164,2.56769566995875
0.165,2.60377643488792
0.166,2.60023441062323
0.167,2.60623674181176
0.168,2.63983856084556
0.169,2.67630832868808
0.17,2.68643600942447
0.171,2.69857776722488
0.172,2.69238982716948
0.173,2.71686440295934
0.174,2.6963108519968
0.175,2.68362603627629
0.176,2.67137075394503
0.177,2.68645710550182
0.178,2.69893627808123
0.179,2.73510512034755
0.18,2.74934477943836
0.181,2.74121943557374
0.182,2.76839723164662
0.183,2.80792549281074
0.184,2.84033146167008
0.185,2.86122116646497
0.186,2.88331717262656
0.187,2.90182679814278
0.188,2.91143617372229
0.189,2.94197095799521
0.19,2.95185888265188
0.191,2.98651322790413
0.192,2.96783086085992
0.193,2.94014424520268
0.194,2.91748154882374
0.195,2.91484540911307
0.196,2.92461944361089
0.197,2.91965268441092
0.198,2.91109701335472
0.199,2.93440310749316
0.2,2.9575499961086
0.201,2.98383873494783
0.202,3.00835433798175
0.203,3.01159501126646
0.204,2.99601998334622
0.205,2.97072552220985
0.206,2.98096323601464
0.207,2.98436124016467
0.208,2.98562817820515
0.209,2.98450296165586
0.21,3.00466956462749
0.211,3.01010840383197
0.212,2.9897735671804
0.213,3.00554294192287
0.214,3.03818491506248
0.215,3.03709717953224
0.216,3.0465320014639
0.217,3.06760799919842
0.218,3.03806772198209
0.219,3.02843094754186
0.22,3.02855337151712
0.221,3.04216715025018
0.222,3.03018017753199
0.223,3.03743454844878
0.224,3.03711793451707
0.225,3.08054149020669
0.226,3.10752532370593
0.227,3.09283019222835
0.228,3.13263625329507
0.229,3.10953054652246
0.23,3.08827246135935
0.231,3.08358141066385
0.232,3.09380371854311
0.233,3.07875339106946
0.234,3.06717258709594
0.235,3.07688355016866
0.236,3.05805928963845
0.237,3.04111476925358
0.238,3.05297993322338
0.239,3.07382241396382
0.24,3.10740061912893
0.241,3.08639625931354
0.242,3.10640443445778
0.243,3.12450428539222
0.244,3.13845067093707
0.245,3.11980627201829
0.246,3.14341834557641
0.247,3.11103158592577
0.248,3.07367265551561
0.249,3.0451531487313
0.25,3.01588487648776
0.251,2.99819167113499
0.252,2.98833719263254
0.253,2.99119396106229
0.254,2.99665598552357
0.255,3.01347235606801
0.256,3.04169606775946
0.257,3.05014233363144
0.258,3.05931357952145
0.259,3.03303759434894
0.26,3.04743885932132
0.261,3.02585059998238
0.262,3.03736741862777
0.263,3.00653562377984
0.264,3.040922343816
0.265,3.00339296067518
0.266,3.03722352424447
0.267,3.04544848876939
0.268,3.01173812427536
0.269,3.0363450863574
0.27,3.0466854942486
0.271,3.05712904152826
0.272,3.11335877235601
0.273,3.10213469551754
0.274,3.11548179842767
0.275,3.11707418354172
0.276,3.13772241159148
0.277,3.1183510237876
0.278,3.11300413083387
0.279,3.0885409012054
0.28,3.09673224577489
0.281,3.07103357440228
0.282,3.07766315658077
0.283,3.0792171508028
0.284,3.10145878103896
0.285,3.11439712173759
0.286,3.09900669298482
0.287,3.17415913044447
0.288,3.14300201852908
0.289,3.18821072439222
0.29,3.18501176256594
0.291,3.14096115253433
0.292,3.1245354741846
0.293,3.13210909233215
0.294,3.12140964134952
0.295,3.12178038540688
0.296,3.11103446081012
0.297,3.07864243829764
0.298,3.05996590735935
0.299,3.04016699419068
0.3,3.05869672499121
0.301,3.08914523988038
0.302,3.10742523956826
0.303,3.09895928203971
0.304,3.04532985002107
0.305,3.05875096546976
0.306,3.02887304399534
0.307,2.99793029091783
0.308,2.97667276689346
0.309,3.01255662801914
0.31,3.03202215377271
0.311,3.01388010307308
0.312,3.05639931422887
0.313,3.06623984953023
0.314,3.08155498640657
0.315,3.07886105111801
0.316,3.06720234864307
0.317,3.08090644171062
0.318,3.10123043616905
0.319,3.13132052348381
0.32,3.11723329664031
0.321,3.13146740759229
0.322,3.11429786963533
0.323,3.12705090769301
0.324,3.1329485850973
0.325,3.08925546107951
0.326,3.08326073617413
0.327,3.09784625665004
0.328,3.03845265963956
0.329,3.01473838671567
0.33,3.03440536340359
0.331,3.06577479135359
0.332,3.07745012249067
0.333,3.0916252319313
0.334,3.07746689182282
0.335,3.05566956068414
0.336,3.03646597665163
0.337,2.98755777570582
0.338,2.97212885956487
0.339,2.98201568315114
0.34,2.96841606047307
0.341,2.97640131486549
0.342,2.92685457252162
0.343,2.93834368459369
0.344,2.95138777523967
0.345,2.95236959612028
0.346,2.93197774890867
0.347,2.94073132560789
0.348,2.9052163585654
0.349,2.85885397355253
0.35,2.86741458073356
0.351,2.84181660660852
0.352,2.83640822914107
0.353,2.84105729063494
0.354,2.8295035602046
0.355,2.78609932030275
0.356,2.75460929397858
0.357,2.78117445536063
0.358,2.78100004406119
0.359,2.76720979734922
0.36,2.73935234647576
0.361,2.7531594045626
0.362,2.77657679767673
0.363,2.76446530580489
0.364,2.74146252392728
0.365,2.70410102273114
0.366,2.71536108511769
0.367,2.72874850617971
0.368,2.75306293713379
0.369,2.74553195741861
0.37,2.7490712950752
0.371,2.73136424708711
0.372,2.71277538930236
0.373,2.6990487841298
0.374,2.6452497086965
0.375,2.60715545284352
0.376,2.59260181684188
0.377,2.60553812052268
0.378,2.56940678111231
0.379,2.54531470282859
0.38,2.52729316798355
0.381,2.546579392124
0.382,2.5551510279365
0.383,2.53259741443351
0.384,2.51974106575301
0.385,2.51819337807193
0.386,2.50273625895932
0.387,2.50547871919125
0.388,2.50445407942563
0.389,2.52084148211337
0.39,2.5076424064823
0.391,2.47999205943606
0.392,2.46206313052298
0.393,2.46702996706596
0.394,2.43270850695961
0.395,2.43703414797093
0.396,2.40863016331159
0.397,2.36982573034502
0.398,2.33569781210301
0.399,2.33569254757449
0.4,2.34052846120115
0.401,2.33572312567444
0.402,2.35628615500433
0.403,2.35219281583661
0.404,2.37338973385726
0.405,2.37119767905497
0.406,2.41300130966181
0.407,2.40627696572913
0.408,2.37206880020004
0.409,2.38556414523053
0.41,2.3721156356616
0.411,2.39897954482461
0.412,2.33666811784075
0.413,2.34781068676919
0.414,2.35983001020047
0.415,2.34693698029694
0.416,2.31428409958669
0.417,2.29391649261158
0.418,2.32906099769112
0.419,2.32609733192011
0.42,2.33935322983542
0.421,2.37681930325656
0.422,2.36935317109536
0.423,2.39255183033878
0.424,2.36818740051376
0.425,2.31789301762702
0.426,2.30912868766437
0.427,2.31898752928119
0.428,2.27321804855566
0.429,2.27842067403624
0.43,2.2718434645373
0.431,2.29686350968166
0.432,2.29469402212987
0.433,2.29314588570245
0.434,2.29040794549851
0.435,2.27512208157355
0.436,2.28217165161082
0.437,2.28748397604465
0.438,2.31506042777955
0.439,2.31200288541615
0.44,2.32452987546777
0.441,2.32186734783517
0.442,2.28297176712257
0.443,2.29415751550188
0.444,2.22420869021672
0.445,2.24125703702378
0.446,2.25376852254797
0.447,2.24451494655433
0.448,2.22767122522483
0.449,2.20828436329017
0.45,2.23839007139746
0.451,2.22942487721516
0.452,2.21785019750678
0.453,2.16494160254054
0.454,2.14302098878136
0.455,2.10866145159932
0.456,2.11051331773981
0.457,2.10905630227644
0.458,2.09991957351242
0.459,2.08079036701614
0.46,2.08659085424678
0.461,2.07987999141094
0.462,2.1065184406949
0.463,2.12680105863574
0.464,2.11752934096916
0.465,2.08631243552182
0.466,2.0994090389863
0.467,2.09714813061199
0.468,2.06894723959596
0.469,2.0714322518777
0.47,2.07192605872712
0.471,2.05337678422116
0.472,2.04954300677734
0.473,2.01702721559916
0.474,2.00485547697139
0.475,1.97613870671388
0.476,2.00570915718769
0.477,2.0045441565652
0.478,2.01152671212789
0.479,2.01747297693497
0.48,2.03066221678982
0.481,1.97482854382051
0.482,1.96305695187648
0.483,1.9481973541449
0.484,1.95361685915711
0.485,1.95251863316586
0.486,1.96100086903128
0.487,1.96818896215177
0.488,1.97887190351653
0.489,1.98636391557086
0.49,1.94118262695701
0.491,1.9631825867623
0.492,1.97592189085708
0.493,2.00661578650463
0.494,2.00739136696506
0.495,1.99571383499359
0.496,1.95746183517336
0.497,1.96952490052
0.498,1.97697873137218
0.499,1.93434185812297
0.5,1.94789203916953
0.501,1.94247847079289
0.502,1.92972751259666
0.503,1.9153030915918
0.504,1.87876763611651
0.505,1.89521144404833
0.506,1.84466510993049
0.507,1.81679381943779
0.508,1.7846405706949
0.509,1.7733583794794
0.51,1.73283427622618
0.511,1.73386531689289
0.512,1.72395926337736
0.513,1.73444117787126
0.514,1.72456000122958
0.515,1.72024285691898
0.516,1.70881246677172
0.517,1.69843130749799
0.518,1.68257276896386
0.519,1.69818643261793
0.52,1.65703538904143
0.521,1.64957105137893
0.522,1.63997778287956
0.523,1.62394179535058
0.524,1.60020905396325
0.525,1.60540928448543
0.526,1.60032071774337
0.527,1.59461846142655
0.528,1.58228642370485
0.529,1.52252197353016
0.53,1.54442105972691
0.531,1.55068430306082
0.532,1.57694946592812
0.533,1.57266690863908
0.534,1.59011611419664
0.535,1.58403956188459
0.536,1.55849633078432
0.537,1.52048508807785
0.538,1.52785404725143
0.539,1.50213438138608
0.54,1.50173507086201
0.541,1.5105265466171
0.542,1.53308776765833
0.543,1.52480314815306
0.544,1.52449822356135
0.545,1.52285593109078
0.546,1.49013419477843
0.547,1.51247018218276
0.548,1.48982269205094
0.549,1.50739086387928
0.55,1.48213904406118
0.551,1.50983420851824
0.552,1.54175015925054
0.553,1.53492876689667
0.554,1.54314159745545
0.555,1.50534457696707
0.556,1.50070768592862
0.557,1.48172688228606
0.558,1.46974058900973
0.559,1.45294740223446
0.56,1.44038154980775
0.561,1.44370940425401
0.562,1.4657727012417
0.563,1.48682863379276
0.564,1.49377085863989
0.565,1.50600428107619
0.566,1.50837704175821
0.567,1.46280355270077
0.568,1.47167117124081
0.569,1.47966104585016
0.57,1.48764811309597
0.571,1.4891944984284
0.572,1.42393293076766
0.573,1.45290742585725
0.574,1.44626640522083
0.575,1.44125467646989
0.576,1.4161502438765
0.577,1.3809316064193
0.578,1.39092578444771
0.579,1.40617169410951
0.58,1.35628947287292
0.581,1.34883082609675
0.582,1.33944819422544
0.583,1.35051078001954
0.584,1.33767153667198
0.585,1.3123117329964
0.586,1.32345460776899
0.587,1.33376796455933
0.588,1.3360980571302
0.589,1.32411937621622
0.59,1.30222389735201
0.591,1.29665514740397
0.592,1.27124460350734
0.593,1.2675020606561
0.594,1.28180735376906
0.595,1.27314838285404
0.596,1.2831265869798
0.597,1.27316600041162
0.598,1.27066680408971
0.599,1.27196232412862
0.6,1.26786342929965
0.601,1.28033964343192
0.602,1.27430170373973
0.603,1.26476300836458
0.604,1.28568770199171
0.605,1.25481338299783
0.606,1.22203465640245
0.607,1.24647944113685
0.608,1.25240455076051
0.609,1.2298979937752
0.61,1.22039702676249
0.611,1.21963440341832
0.612,1.1951267477997
0.613,1.1977601351465
0.614,1.24829490662913
0.615,1.25125450994651
0.616,1.25638757473983
0.617,1.2611127484126
0.618,1.2548078986167
0.619,1.26054589432725
0.62,1.28722884270067
0.621,1.25498261500852
0.622,1.26565836880692
0.623,1.24040984691166
0.624,1.22161405994959
0.625,1.18637469192258
0.626,1.19122253414473
0.627,1.18431329252506
0.628,1.23086023473251
0.629,1.25694885683563
0.63,1.22894233201
0.631,1.21172570298254
0.632,1.21527073989938
0.633,1.1678773150149
0.634,1.15599136925153
0.635,1.16358931126543
0.636,1.18232628800656
0.637,1.19591429183548
0.638,1.19034326765572
0.639,1.17630381757927
0.64,1.18095599999892
0.641,1.14614886610818
0.642,1.1246872116019
0.643,1.13133408577547
0.644,1.12997634089887
0.645,1.10622984305418
0.646,1.08054901465168
0.647,1.09399735391809
0.648,1.1027428187804
0.649,1.10388800342745
0.65,1.1172323104363
0.651,1.10780678974605
0.652,1.05668544255059
0.653,1.03173974075906
0.654,1.00775577069185
0.655,1.0233957253263
0.656,1.02884516757689
0.657,0.980495979461114
0.658,0.984643221816907
0.659,0.961360246494022
0.66,0.943602705492753
0.661,0.88694518724882
0.662,0.885668503205094
0.663,0.844539956002952
0.664,0.866434328275309
0.665,0.838582612859099
0.666,0.844396878017895
0.667,0.838260485211399
0.668,0.84638204802677
0.669,0.840964900567349
0.67,0.837002760457238
0.671,0.798393047877426
0.672,0.797311855032881
0.673,0.749369245682279
0.674,0.742215424433631
0.675,0.750016470104066
0.676,0.756779770100414
0.677,0.75462067059218
0.678,0.776754729427455
0.679,0.765210079717183
0.68,0.729221774701869
0.681,0.746662766836716
0.682,0.734813249333497
0.683,0.7192853364797
0.684,0.69923303667651
0.685,0.719710431897405
0.686,0.703751498328262
0.687,0.677138035449411
0.688,0.66021519143324
0.689,0.65465174250556
0.69,0.640061798448642
0.691,0.636789929810801
0.692,0.613215358199947
0.693,0.630099172873451
0.694,0.643643975182832
0.695,0.615539756740941
0.696,0.590474149896384
0.697,0.580602273284917
0.698,0.607035070882324
0.699,0.579251588616636
0.7,0.592262186700945
0.701,0.619031615361478
0.702,0.650137738176402
0.703,0.647537661377485
0.704,0.641104312900682
0.705,0.608801982668871
0.706,0.59640073727853
0.707,0.605951581263887
0.708,0.625559337605242
0.709,0.657650184813697
0.71,0.657621660288328
0.711,0.67102865635129
0.712,0.63666910310778
0.713,0.596953779888453
0.714,0.611555561207053
0.715,0.594991376137211
0.716,0.617074126058246
0.717,0.584405333538728
0.718,0.571739570657231
0.719,0.592100909324161
0.72,0.610286435383388
0.721,0.582321627855722
0.722,0.557061984574337
0.723,0.536877046308331
0.724,0.532556410361838
0.725,0.532617909135894
0.726,0.510482859404878
0.727,0.509326879363172
0.728,0.524417309425027
0.729,0.528470261288258
0.73,0.508816413874542
0.731,0.510767654067244
0.732,0.515692313445522
0.733,0.537853788070743
0.734,0.50673320518865
0.735,0.504927095318578
0.736,0.508264203282815
0.737,0.468346624570497
0.738,0.431194544382056
0.739,0.451278200085783
0.74,0.465067785038278
0.741,0.455032955595044
0.742,0.439920056478739
0.743,0.435654223936264
0.744,0.418033275780143
0.745,0.43098528110868
0.746,0.402396057812637
0.747,0.391207433455994
0.748,0.371914468290018
0.749,0.338294870624858
0.75,0.345175674030289
0.751,0.355972551321598
0.752,0.342264240042317
0.753,0.334519047612226
0.754,0.344830535482758
0.755,0.361283523516531
0.756,0.369447816473753
0.757,0.339658486407017
0.758,0.323725909003013
0.759,0.325247688509243
0.76,0.295666720797191
0.761,0.251283092132481
0.762,0.281628642450124
0.763,0.287874119156683
0.764,0.28351197785367
0.765,0.269228476856171
0.766,0.25229812981191
0.767,0.255366419022381
0.768,0.244037836751194
0.769,0.245699910251022
0.77,0.254409392076522
0.771,0.270070782312397
0.772,0.280755850709105
0.773,0.279698867524594
0.774,0.283052777418799
0.775,0.240413700074096
0.776,0.255619181958719
0.777,0.255147176315073
0.778,0.246817590709015
0.779,0.229379155258088
0.78,0.244210598384734
0.781,0.270346269159315
0.782,0.266405850188099
0.783,0.228763511910453
0.784,0.255119229644401
0.785,0.25937439738918
0.786,0.265328533591749
0.787,0.238670865152183
0.788,0.238925639558095
0.789,0.256605314085115
0.79,0.239488689457971
0.791,0.219123923734993
0.792,0.21290736587423
0.793,0.20867933776013
0.794,0.186311462080276
0.795,0.163897531948721
0.796,0.172462008732486
0.797,0.18910708529894
0.798,0.180460036970905
0.799,0.198574454331371
0.8,0.179272091840495
0.801,0.194063416876004
0.802,0.160515667855828
0.803,0.171448351572715
0.804,0.215312338579333
0.805,0.173575303840541
0.806,0.159333360360269
0.807,0.153785568230677
0.808,0.155312198588325
0.809,0.171966963490387
0.81,0.177770304721244
0.811,0.171009753541078
0.812,0.118697770342526
0.813,0.128557514310682
0.814,0.0846434769661427
0.815,0.106630109558663
0.816,0.0750105045912089
0.817,0.0475147108647036
0.818,0.039236726801473
0.819,0.048320470506496
0.82,0.039092978811473
0.821,0.0662997349966225
0.822,0.0778248836866098
0.823,0.079676653361113
0.824,0.0917631190002938
0.825,0.0730867539260245
0.826,0.0777417025992466
0.827,0.0966206192685158
0.828,0.109614927631319
0.829,0.0944491148265463
0.83,0.101828310027075
0.831,0.0870393150067802
0.832,0.0910343090779169
0.833,0.126674711712464
0.834,0.137600390959538
0.835,0.119006727663047
0.836,0.109846650699077
0.837,0.106047148498218
0.838,0.12648430986653
0.839,0.0988975342702758
0.84,0.0955156617782089
0.841,0.100541020592226
0.842,0.13436208148724
0.843,0.137753265601307
0.844,0.1355904431404
0.845,0.163492540554262
0.846,0.176662163902802
0.847,0.159439121039096
0.848,0.133287924529046
0.849,0.146324999105217
0.85,0.160003655125173
0.851,0.165761096092224
0.852,0.17434914678315
0.853,0.200958734568554
0.854,0.170292942239619
0.855,0.161216391978665
0.856,0.138867252640432
0.857,0.119420452853368
0.858,0.102489379715557
0.859,0.0734213888458922
0.86,0.0779044561221597
0.861,0.0741186643904263
0.862,0.0619488911656226
0.863,0.0819678100249878
0.864,0.114793379614922
0.865,0.129669835584147
0.866,0.130584870314604
0.867,0.119173066725552
0.868,0.145787925580781
0.869,0.160031583162997
0.87,0.119994288173313
0.871,0.104636195659024
0.872,0.144913450837502
0.873,0.179558237462849
0.874,0.197277413148027
0.875,0.200621637175123
0.876,0.199054332074182
0.877,0.194395298280646
0.878,0.164412258487819
0.879,0.227781440777223
0.88,0.236487724317193
0.881,0.233652549489585
0.882,0.217582969941713
0.883,0.21515542031262
0.884,0.236977471297979
0.885,0.258334495112916
0.886,0.266424664667061
0.887,0.27253973742398
0.888,0.233769945067282
0.889,0.248371274063055
0.89,0.232239460603716
0.891,0.238295239751433
0.892,0.230824338430913
0.893,0.189481818997918
0.894,0.204156645383005
0.895,0.197618977498878
0.896,0.246144107203774
0.897,0.278362965142626
0.898,0.289969985436789
0.899,0.348167401878137
0.9,0.344872994333856
0.901,0.386178066045196
0.902,0.345786877275151
0.903,0.364890166856133
0.904,0.358157287859904
0.905,0.362882858207582
0.906,0.381427025475864
0.907,0.404045336755152
0.908,0.406762911605505
0.909,0.404214278894285
0.91,0.396475628156601
0.911,0.434419645611507
0.912,0.489366994700143
0.913,0.512228381105031
0.914,0.502707792395334
0.915,0.532991782778212
0.916,0.492304197676352
0.917,0.483706290906744
0.918,0.510695686530738
0.919,0.548838569062349
0.92,0.534100897015032
0.921,0.503409983608376
0.922,0.493134897744822
0.923,0.494454402085767
0.924,0.482126486596886
0.925,0.532251503196738
0.926,0.539420022914675
0.927,0.552025857492486
0.928,0.539646178210762
0.929,0.487367674420111
0.93,0.474630225089598
0.931,0.524716491177621
0.932,0.503178877484518
0.933,0.482137671889045
0.934,0.489524854655956
0.935,0.498978465777627
0.936,0.471373449292924
0.937,0.438732875032649
0.938,0.449591392804036
0.939,0.463696138528845
0.94,0.451010368645192
0.941,0.457487436487523
0.942,0.491317557988691
0.943,0.508436721552753
0.944,0.486506519629794
0.945,0.438939968906262
0.946,0.469131564588464
0.947,0.441003076182593
0.948,0.42559759411435
0.949,0.445983895250454
0.95,0.435667522768529
0.951,0.466135902979662
0.952,0.466879677087081
0.953,0.500616183781961
0.954,0.488325169935706
0.955,0.47951434480336
0.956,0.443048882476279
0.957,0.374998480487247
0.958,0.349458969648934
0.959,0.332720796657112
0.96,0.305157312475376
0.961,0.284762263798125
0.962,0.293405016783858
0.963,0.283638128339544
0.964,0.281013187382012
0.965,0.259621721902171
0.966,0.272985017948876
0.967,0.283407766805293
0.968,0.289384287042701
0.969,0.321891396220006
0.97,0.313029538334203
0.971,0.309991941911678
0.972,0.275744082032767
0.973,0.280407285538601
0.974,0.299587351174233
0.975,0.316988478563699
0.976,0.332107526011765
0.977,0.362448154302935
0.978,0.412368097449905
0.979,0.428504425183713
0.98,0.452918112468777
0.981,0.417133284529924
0.982,0.420383955195188
0.983,0.411457403904479
0.984,0.423128080274494
0.985,0.408353063387462
0.986,0.439221390589822
0.987,0.41608362150446
0.988,0.412227760073824
0.989,0.375680860429272
0.99,0.37738050947424
0.991,0.40905962299961
0.992,0.373990434078175
0.993,0.353326274924564
0.994,0.367221424145264
0.995,0.357158200784142
0.996,0.372976923051204
0.997,0.345896999013927
0.998,0.320841314084777
0.999,0.302195746278129
1,0.315211895444413
1.001,0.293510131688793
1.002,0.301296823604186
1.003,0.289087460602765
1.004,0.261516555214291
1.005,0.237030813927515
1.006,0.227266797353024
1.007,0.245725878253267
1.008,0.211195712839247
1.009,0.187726151939691
1.01,0.180894982966855
1.011,0.179825364458723
1.012,0.197592710734642
1.013,0.186053528371817
1.014,0.158581491980386
1.015,0.185947422921216
1.016,0.163766394563213
1.017,0.137771532495846
1.018,0.151673070842075
1.019,0.173331064397054
1.02,0.12906627960122
1.021,0.126436256497266
1.022,0.15621945412716
1.023,0.143288375499782
1.024,0.14213431479439
1.025,0.149213876975924
1.026,0.157419384006138
1.027,0.115854108033215
1.028,0.12749528251581
1.029,0.160026106484358
1.03,0.169762536284773
1.031,0.146539597532327
1.032,0.144991868928636
1.033,0.163520910447051
1.034,0.153322061823807
1.035,0.164126785243146
1.036,0.175090503866001
1.037,0.191928222938615
1.038,0.190919381240913
1.039,0.183604662865163
1.04,0.177404871004249
1.041,0.212787933719732
1.042,0.254182850957751
1.043,0.259434505139323
1.044,0.227723816501572
1.045,0.257761423057592
1.046,0.258007391088095
1.047,0.275767222469375
1.048,0.278030790286363
1.049,0.292459551311768
1.05,0.324825053207804
1.051,0.334576782928851
1.052,0.350012936269412
1.053,0.336866026695912
1.054,0.333097545023628
1.055,0.320431853985104
1.056,0.291263004191909
1.057,0.303246534626115
1.058,0.287468278613661
1.059,0.324002897360253
1.06,0.347430421061666
1.061,0.391877367417333
1.062,0.38474622918616
1.063,0.348588548673252
1.064,0.369388259626579
1.065,0.412291159048329
1.066,0.4043790235609
1.067,0.413374081292753
1.068,0.423979799055866
1.069,0.409851542568911
1.07,0.437010631407367
1.071,0.463905087728537
1.072,0.446299568725925
1.073,0.457329391262759
1.074,0.45696057936168
1.075,0.460597587250115
1.076,0.455617754643546
1.077,0.468246300283036
1.078,0.43157855068672
1.079,0.476579806418417
1.08,0.424975731928201
1.081,0.39565859163301
1.082,0.400319002044497
1.083,0.411258794523176
1.084,0.430960785876638
1.085,0.418078342928636
1.086,0.403359018590829
1.087,0.446900388929122
1.088,0.42291094717215
1.089,0.408993919549436
1.09,0.416376780967109
1.091,0.385288876570559
1.092,0.40148651598521
1.093,0.427890811749615
1.094,0.420943440676708
1.095,0.404996569785718
1.096,0.372613954977935
1.097,0.394783406766535
1.098,0.353792812133799
1.099,0.385116363110439
1.1,0.40083768148807
1.101,0.371859375207976
1.102,0.374217851425803
1.103,0.386156342129294
1.104,0.391720883163694
1.105,0.406709725372497
1.106,0.395138436218745
1.107,0.409325951067073
1.108,0.406598824103086
1.109,0.392564093783579
1.11,0.373306066812429
1.111,0.408987103427974
1.112,0.427070267315898
1.113,0.414954262364922
1.114,0.390403324293841
1.115,0.369529317591974
1.116,0.421232579773955
1.117,0.407136835020147
1.118,0.388244486746865
1.119,0.369003154257078
1.12,0.361997429353229
1.121,0.372068292780848
1.122,0.370314925826391
1.123,0.403160403189256
1.124,0.389897007919792
1.125,0.376966875440611
1.126,0.37522325762561
1.127,0.356921520694233
1.128,0.351266020657361
1.129,0.347516536185105
1.13,0.349442647671668
1.131,0.326002258560019
1.132,0.364450595844921
1.133,0.34715486062741
1.134,0.367845199266255
1.135,0.387081906259921
1.136,0.382073403166675
1.137,0.375774139414429
1.138,0.401121080674535
1.139,0.401653086542895
1.14,0.451883474505436
1.141,0.414024979656588
1.142,0.407804756436511
1.143,0.419422065978803
1.144,0.399542114975042
1.145,0.410119340942539
1.146,0.383577313464197
1.147,0.389497049810499
1.148,0.405480402610279
1.149,0.389753287596891
1.15,0.37587733782244
1.151,0.370461544869366
1.152,0.355268607285236
1.153,0.35545639240812
1.154,0.362124260205868
1.155,0.381438713761188
1.156,0.372563151730759
1.157,0.374993300479294
1.158,0.380611796378959
1.159,0.356251449423492
1.16,0.352175676646439
1.161,0.374760831518882
1.162,0.351682607346544
1.163,0.363595880703962
1.164,0.363984688904891
1.165,0.378971358634932
1.166,0.361023753607137
1.167,0.317025273839312
1.168,0.340830098784169
1.169,0.35152970360964
1.17,0.364151558183593
1.171,0.347443451529406
1.172,0.330783022498683
1.173,0.347661174368634
1.174,0.314772364580295
1.175,0.256339992186271
1.176,0.256413098310838
1.177,0.275765306990974
1.178,0.25920789604305
1.179,0.219610998039435
1.18,0.223314761681762
1.181,0.23122253423101
1.182,0.190419375645159
1.183,0.15974697771616
1.184,0.131842582552842
1.185,0.10819055098232
1.186,0.0985806431776237
1.187,0.0325638627058261
1.188,0.0311606294853176
1.189,0.0313008261109836
1.19,0.0400506143433002
1.191,0.0445842199015784
1.192,0.0605254147257472
1.193,0.074584606613111
1.194,0.0807473897709518
1.195,0.0929291947063907
1.196,0.0722908457299418
1.197,0.0342359753142111
1.198,0.00787882997814416
1.199,0.00618916077230222
1.2,0.0254039691668851
1.201,0.00761897279023663
1.202,0.00563316538547928
1.203,0.00774859773357952
1.204,-0.00461911603822582
1.205,-0.0165474280727409
1.206,0.0124513604582306
1.207,0.0385104028255419
1.208,0.0660554071443312
1.209,0.0413423133949337
1.21,0.0313383830443784
1.211,0.0362467165139306
1.212,0.0243784027801575
1.213,0.0483086230389763
1.214,0.0203287254301383
1.215,0.000370861853599122
1.216,0.0412009778536436
1.217,0.0411881463576413
1.218,0.0537682293465528
1.219,0.0966552741480269
1.22,0.0350211851515348
1.221,0.0631302495131351
1.222,0.0433782424406767
1.223,0.0433365831157978
1.224,0.0954123444119431
1.225,0.0810326927676194
1.226,0.0383979831864761
1.227,0.0367703704298655
1.228,0.0464443455081413
1.229,0.0243889382394107
1.23,0.0591402454337012
1.231,0.0724308780439588
1.232,0.0719192150569962
1.233,0.0484395109727434
1.234,0.0464160936710628
1.235,0.0387044250793692
1.236,-0.00326124916653398
1.237,0.00593097842379908
1.238,-0.0384665733051833
1.239,-0.00886057100854355
1.24,0.0111124029184045
1.241,0.0321659223027436
1.242,0.0494089984471001
1.243,0.0454980282896409
1.244,0.059961506210267
1.245,0.0508159885088879
1.246,0.0461051246470647
1.247,0.0362960956967214
1.248,0.0623569061570238
1.249,0.0472338413118951
1.25,0.0618459739232373
1.251,0.0815411563678004
1.252,0.079825807351668
1.253,0.0430343617747456
1.254,0.0482168670755918
1.255,0.0494753885797601
1.256,0.0546934098873949
1.257,0.0188708401479522
1.258,0.0265824942479153
1.259,0.0302680932299363
1.26,0.0541560889931872
1.261,0.0561450039893284
1.262,0.0627456356768874
1.263,0.047653606679918
1.264,0.0391569105656244
1.265,0.0332171839837728
1.266,0.0734042257056984
1.267,0.092578466533344
1.268,0.150106550541721
1.269,0.154613570672163
1.27,0.132289395195989
1.271,0.178776286494772
1.272,0.160687716274818
1.273,0.152668450451383
1.274,0.188622205021598
1.275,0.215999119363627
1.276,0.227451454130333
1.277,0.25891455033185
1.278,0.24308923179262
1.279,0.215796235771801
1.28,0.201401988867959
1.281,0.227141848576365
1.282,0.232286845116995
1.283,0.248069800149559
1.284,0.249172876641518
1.285,0.237248326294418
1.286,0.205415266492388
1.287,0.213296928617225
1.288,0.220793426441205
1.289,0.224779629108655
1.29,0.274199268497586
1.291,0.248393357176989
1.292,0.264471332546835
1.293,0.252295522278415
1.294,0.239571002902707
1.295,0.255690261980034
1.296,0.198354431062666
1.297,0.226115123730948
1.298,0.225938823579364
1.299,0.208529414137667
1.3,0.216149457806272
1.301,0.204671542551015
1.302,0.212585256926961
1.303,0.22843245603679
1.304,0.250888729765985
1.305,0.234702046512314
1.306,0.216593670675282
1.307,0.191475842443544
1.308,0.195638578802771
1.309,0.212605432212987
1.31,0.200708559897296
1.311,0.208796423244657
1.312,0.200387398382862
1.313,0.175841322248813
1.314,0.162282000708105
1.315,0.160195200410493
1.316,0.127767979110593
1.317,0.119340012256344
1.318,0.0910201452885966
1.319,0.0930632882717395
1.32,0.0886129482492559
1.321,0.0807818240869173
1.322,0.0964690848329228
1.323,0.104276337739826
1.324,0.0917794457495487
1.325,0.0923447563674825
1.326,0.0955043199978844
1.327,0.10582388100503
1.328,0.100556495027495
1.329,0.0983349790474319
1.33,0.0902542037161848
1.331,0.0719833429505709
1.332,0.0702357471156002
1.333,0.0746132972729907
1.334,0.0616012030750008
1.335,0.0180309221215688
1.336,0.012243157798861
1.337,-0.0302016629647254
1.338,-0.0261817907217359
1.339,0.00570257352084906
1.34,0.0284410207624448
1.341,0.0608754180184725
1.342,0.0381291423609139
1.343,0.0279558853661574
1.344,0.0417312307821657
1.345,0.0480604995747329
1.346,0.0263403549129993
1.347,0.00582045313888661
1.348,-0.0170809151501122
1.349,-0.0143074251462073
1.35,-0.0232631600552316
1.351,0.0356837189956698
1.352,0.0719505921522124
1.353,0.0467231888026282
1.354,0.0398529884742733
1.355,0.0123432114590249
1.356,0.00361081514096579
1.357,-0.00666305820053856
1.358,-0.0280188477375348
1.359,-0.0289291749648216
1.36,-0.0215194056948486
1.361,-0.0397686426235976
1.362,-0.0254349879541312
1.363,0.00998891346987831
1.364,0.0310208084354815
1.365,0.0266686958633998
1.366,0.0579932200508093
1.367,0.0432098050934912
1.368,0.0638988722464884
1.369,0.0569351202719686
1.37,0.0588267850730942
1.371,0.0937416809480878
1.372,0.11417769866802
1.373,0.106759742794526
1.374,0.131195930616648
1.375,0.0998317705347935
1.376,0.106196679802204
1.377,0.123414029294924
1.378,0.134037937096692
1.379,0.121345513842181
1.38,0.105311771335449
1.381,0.119269737827877
1.382,0.0908051909272361
1.383,0.0830774502120986
1.384,0.0524905278192846
1.385,0.0391747282294755
1.386,0.025082088630964
1.387,0.0303660460827312
1.388,0.0325991185045369
1.389,0.0153206893780104
1.39,-0.0126714656966537
1.391,-0.0193997335353653
1.392,-0.00158520122151821
1.393,0.00016882613935244
1.394,-0.00958353149487627
1.395,0.00201305880431487
1.396,0.0106822404741363
1.397,-0.0181354075427157
1.398,-0.0141584721443562
1.399,-0.0121611173085038
1.4,-0.0256545435023856
1.401,-0.0103134938499732
1.402,-0.0226817236274766
1.403,-0.0230178862705927
1.404,-0.0438429791711562
1.405,-0.0654282683083083
1.406,-0.0507669392679558
1.407,-0.0507402630470476
1.408,-0.0524780503603226
1.409,-0.0524513722298107
1.41,-0.0160519247671756
1.411,0.0143406208382984
1.412,0.00686980705889693
1.413,-0.00711639045020924
1.414,0.00926566670963313
1.415,0.0337501432260043
1.416,-0.0137865877236633
1.417,-0.00841608437672953
1.418,-0.00671941194121306
1.419,0.0478046875151806
1.42,0.0446075774839634
1.421,0.0494587068702474
1.422,0.0354944854107889
1.423,0.0520970084108991
1.424,0.076519248382938
1.425,0.086849349455397
1.426,0.0933418921939248
1.427,0.108229360100075
1.428,0.104089778602086
1.429,0.11453231819709
1.43,0.102797031412196
1.431,0.127696367371465
1.432,0.148768263645834
1.433,0.12976767813582
1.434,0.148451606478385
1.435,0.128571117037754
1.436,0.12078412575379
1.437,0.102968738036835
1.438,0.103796035762502
1.439,0.128584604807528
1.44,0.13392842832318
1.441,0.118424131431724
1.442,0.12424591256917
1.443,0.125357748322213
1.444,0.146948846008877
1.445,0.147369173402785
1.446,0.126698569973283
1.447,0.140860576662047
1.448,0.160264211232445
1.449,0.148807787497669
1.45,0.191071918062026
1.451,0.20016720544334
1.452,0.219574878321272
1.453,0.220540073670404
1.454,0.211536665145718
1.455,0.220793664074667
1.456,0.208220212510361
1.457,0.213098050600989
1.458,0.236662847982603
1.459,0.242264744221721
1.46,0.216938357118307
1.461,0.20873736453078
1.462,0.215743931173762
1.463,0.198314784821244
1.464,0.215804585913436
1.465,0.211258280868355
1.466,0.213996905211679
1.467,0.188353634911223
1.468,0.171142412213148
1.469,0.194561793931199
1.47,0.18904638963872
1.471,0.180663842520439
1.472,0.165223904523783
1.473,0.160965965663383
1.474,0.156996020567509
1.475,0.169247918767211
1.476,0.123610616372657
1.477,0.136332655878259
1.478,0.151188600510359
1.479,0.154402269297533
1.48,0.174194551645325
1.481,0.203013118780104
1.482,0.19997440136845
1.483,0.218775474040948
1.484,0.23334778113228
1.485,0.250571825521589
1.486,0.25245171690728
1.487,0.262325984561165
1.488,0.285117136210777
1.489,0.303468408346344
1.49,0.271487018146678
1.491,0.251781747936001
1.492,0.244450393968976
1.493,0.223643047539135
1.494,0.228138344678169
1.495,0.230779210393941
1.496,0.220597662226962
1.497,0.186706115992762
1.498,0.195552401998511
1.499,0.183470237429032
1.5,0.190115231783349
1.501,0.17254104707033
1.502,0.183691345429705
1.503,0.185776948277511
1.504,0.218695681036127
1.505,0.236002463557072
1.506,0.22751592040203
1.507,0.197066877055221
1.508,0.185877768314556
1.509,0.190773137686097
1.51,0.212945103569684
1.511,0.208129365734698
1.512,0.201459638759755
1.513,0.187003462034304
1.514,0.171569858343426
1.515,0.145890958807648
1.516,0.163127063619733
1.517,0.206011248276565
1.518,0.206560708152263
1.519,0.198164967490478
1.52,0.201637977996993
1.521,0.1894891594854
1.522,0.189650656562037
1.523,0.202330607489073
1.524,0.166337679495188
1.525,0.182994422563502
1.526,0.184608641581334
1.527,0.189717941457084
1.528,0.176279452246582
1.529,0.174690381378115
1.53,0.201592984857721
1.531,0.200326875008142
1.532,0.187574449221887
1.533,0.183672060751315
1.534,0.163978751839959
1.535,0.159169219641895
1.536,0.170078605194411
1.537,0.188276149435157
1.538,0.207863175698998
1.539,0.181231586674155
1.54,0.183076800769269
1.541,0.178995707319126
1.542,0.206014881500834
1.543,0.185970930326586
1.544,0.204692398753826
1.545,0.222789268538865
1.546,0.238794789863405
1.547,0.21481501253891
1.548,0.185493509184286
1.549,0.186549937925325
1.55,0.154890748297424
1.551,0.141133883443
1.552,0.146848502851723
1.553,0.143407374054569
1.554,0.130352632200424
1.555,0.129290242071025
1.556,0.122683927104362
1.557,0.106087236292471
1.558,0.106413542450076
1.559,0.133457992335419
1.56,0.169459043469155
1.561,0.165456161761928
1.562,0.17720129439072
1.563,0.160558655888856
1.564,0.137965622896749
1.565,0.110501587475309
1.566,0.0777741010615383
1.567,0.0531438763799573
1.568,0.0634856117373307
1.569,0.0778590962825335
1.57,0.0585886912307618
1.571,0.0858025425911152
1.572,0.121931413341118
1.573,0.116763813111155
1.574,0.0838902984126437
1.575,0.0899586306664773
1.576,0.0625538981819341
1.577,0.037356070961547
1.578,0.0234130531289768
1.579,0.0264894701019697
1.58,0.0119364327181868
1.581,0.058854197038214
1.582,0.0424692515542594
1.583,0.0208226427343921
1.584,-0.00389439328625051
1.585,0.0107709815798699
1.586,0.00809717248522566
1.587,-0.0317645974437575
1.588,-0.0257611576871329
1.589,-0.0555316704656626
1.59,-0.0473065320069396
1.591,-0.0780755604180193
1.592,-0.0674585409924219
1.593,-0.0446518425434214
1.594,-0.0498022021942596
1.595,-0.0459167553163132
1.596,-0.038214440825104
1.597,-0.0364431573959704
1.598,-0.0699053372911167
1.599,-0.0246757246423762
1.6,-0.0276553608351231
1.601,-0.0417530874347009
1.602,-0.0309169621159476
1.603,-0.0654904046246016
1.604,-0.0721721499533274
1.605,-0.0677965638638625
1.606,-0.0319161176565243
1.607,-0.0320355738606684
1.608,-0.0353410213865802
1.609,-0.0126415266857548
1.61,-0.0274082022817358
1.611,-0.0154319149626884
1.612,0.00161886550292966
1.613,-0.0238095631813743
1.614,0.0341942136466799
1.615,0.0563929744473274
1.616,0.034708529653774
1.617,0.0217396933461364
1.618,0.0359408519208255
1.619,0.0566136044009606
1.62,0.0738736342174423
1.621,0.0519635397082751
1.622,0.0496701561321808
1.623,0.0112992784878077
1.624,0.0580973705435682
1.625,0.0347599597606631
1.626,0.0579797467751461
1.627,0.083754190640926
1.628,0.0882753825780476
1.629,0.0418948064992151
1.63,0.0561941599382593
1.631,0.019521297976873
1.632,0.0223949834698113
1.633,0.0251777139800529
1.634,-0.00835509906559977
1.635,-0.0209071118649276
1.636,0.0104009984816063
1.637,0.00812866167451542
1.638,0.0463737712868989
1.639,0.0633656219532772
1.64,0.0459666236691432
1.641,0.0352986043452839
1.642,0.0167295847210602
1.643,0.0229356517660245
1.644,0.0249540185851641
1.645,0.0212112032765198
1.646,-0.00019966442289839
1.647,-0.000193472041783678
1.648,0.0179674586073252
1.649,0.0102134767230545
1.65,0.0460385831340506
1.651,0.0452248484637538
1.652,0.0378179043805414
1.653,0.0355276856426668
1.654,0.0938412053786458
1.655,0.0899598011906369
1.656,0.10333630930501
1.657,0.0720986727339368
1.658,0.0754996504080674
1.659,0.0537720072369597
1.66,0.0287030867752036
1.661,0.0376611795434926
1.662,0.0572372172522068
1.663,0.0649493924212212
1.664,0.0661171163147714
1.665,0.0552005273922804
1.666,0.0623650882833486
1.667,0.0574555396344269
1.668,0.0683753479253352
1.669,0.0499064281183649
1.67,0.0875935235842808
1.671,0.116013769811315
1.672,0.121448026866475
1.673,0.112138133952298
1.674,0.0521346060837328
1.675,0.0420407061046965
1.676,0.0523918419459261
1.677,0.0551499489476365
1.678,0.0540517208365257
1.679,0.047012049976005
1.68,0.0539269018683826
1.681,0.0897306757716615
1.682,0.0924740727216084
1.683,0.0782892860495719
1.684,0.113985237737894
1.685,0.107752517118519
1.686,0.118114030248489
1.687,0.130932574174918
1.688,0.0836540546425937
1.689,0.0788183496817599
1.69,0.105159197501275
1.691,0.102568687931269
1.692,0.104059772400867
1.693,0.11859719286642
1.694,0.102995065387066
1.695,0.0925166904170674
1.696,0.0899553349819383
1.697,0.10224242650014
1.698,0.0949917416790391
1.699,0.108001368310131
1.7,0.111156835593344
1.701,0.102142995028617
1.702,0.0875022774954232
1.703,0.0803181720455263
1.704,0.0786317538229954
1.705,0.0602332309861828
1.706,0.0741385332603712
1.707,0.0705457946514791
1.708,0.0728107225736469
1.709,0.0591356670841874
1.71,0.0657526526707987
1.711,0.0950322358364879
1.712,0.0827539182229494
1.713,0.043918324390259
1.714,0.0484423424536212
1.715,0.0873114727623744
1.716,0.094690647608831
1.717,0.108755633803079
1.718,0.118716340024124
1.719,0.135971499174169
1.72,0.163683933183933
1.721,0.178050400281433
1.722,0.200735286678831
1.723,0.187154074823485
1.724,0.220773027124833
1.725,0.189471191834686
1.726,0.204479395309511
1.727,0.176454351460287
1.728,0.164777184763449
1.729,0.158751599374512
1.73,0.187439956195237
1.731,0.199231916079807
1.732,0.183341078718554
1.733,0.189368111197233
1.734,0.160151015694904
1.735,0.195345191010148
1.736,0.166134213613042
1.737,0.146750495452415
1.738,0.160370961875458
1.739,0.132816965454336
1.74,0.143090430666194
1.741,0.150590976276798
1.742,0.214419825477841
1.743,0.163734697408709
1.744,0.148865011375025
1.745,0.170468498488914
1.746,0.194184019165242
1.747,0.176359056150505
1.748,0.132458570861974
1.749,0.126165117963422
1.75,0.092763275205951
1.751,0.118598961951915
1.752,0.142199429413882
1.753,0.142282017217409
1.754,0.125676374035995
1.755,0.113757746274836
1.756,0.115620749386361
1.757,0.0743548772723286
1.758,0.0631135431244644
1.759,0.0990736553820986
1.76,0.108390198882739
1.761,0.130130684751831
1.762,0.128846278550118
1.763,0.181235477316373
1.764,0.196264922203688
1.765,0.236786143365563
1.766,0.255646698621751
1.767,0.239294867613439
1.768,0.224540028522356
1.769,0.206371000134524
1.77,0.247223674287662
1.771,0.217078898929143
1.772,0.187552948818685
1.773,0.209799870699548
1.774,0.209633983495826
1.775,0.212869794935229
1.776,0.20552580984577
1.777,0.188301296650013
1.778,0.167329814202329
1.779,0.172617769385686
1.78,0.129772948675688
1.781,0.125204407954916
1.782,0.101208459101097
1.783,0.112870674957236
1.784,0.117056214815177
1.785,0.184152174701886
1.786,0.189353814811286
1.787,0.1864377625101
1.788,0.192407490590734
1.789,0.180806179577433
1.79,0.175883988374405
1.791,0.161825788581927
1.792,0.155289449402109
1.793,0.159957272879615
1.794,0.170732831870623
1.795,0.148159279650893
1.796,0.0910231945487205
1.797,0.100642743301199
1.798,0.116787443858716
1.799,0.15071091311745
1.8,0.167677598750492
1.801,0.169518022583522
1.802,0.123258144839206
1.803,0.125872447683472
1.804,0.121367738938427
1.805,0.120278409473691
1.806,0.0810417549554069
1.807,0.100003806189294
1.808,0.0655420793749064
1.809,0.0426797089673979
1.81,0.0439342571811432
1.811,0.02060648221725
1.812,0.029392259673894
1.813,0.00142204916967598
1.814,0.0247705891239294
1.815,0.0222939645236769
1.816,0.00837803126107694
1.817,0.00759737450811803
1.818,-0.00258740863959864
1.819,-0.0261688324957588
1.82,-0.059117036629662
1.821,-0.038404200618453
1.822,-0.0519505496211514
1.823,-0.0453450847670391
1.824,0.00850018049901718
1.825,0.022086850266105
1.826,0.0126356537794019
1.827,0.011610958025888
1.828,0.0380311777841311
1.829,0.0403406427809753
1.83,0.0447835811128954
1.831,0.0792026767703218
1.832,0.0992861037624834
1.833,0.0824427410931995
1.834,0.0839995319190419
1.835,0.0821561556089471
1.836,0.112885581195416
1.837,0.131228635991824
1.838,0.103906785908161
1.839,0.0786992561670778
1.84,0.0849963453904269
1.841,0.117259370713942
1.842,0.111787328041703
1.843,0.0786104837924767
1.844,0.0567443852744588
1.845,0.0316556304744063
1.846,0.0613566992683625
1.847,0.0227955147132245
1.848,0.00849556757574664
1.849,-0.0176382706137198
1.85,-0.0101186298631521
1.851,-0.0207872829853024
1.852,-0.00189603067152984
1.853,-0.0287448469959386
1.854,-0.0362042959334362
1.855,-0.0156665996270082
1.856,0.0209565402412784
1.857,0.0236338463157514
1.858,-0.0156912858557918
1.859,-0.0425822294527418
1.86,0.017331762981473
1.861,-0.0232190144032147
1.862,-0.000362319695861982
1.863,-0.0219182508753463
1.864,-0.0380539425610747
1.865,-0.0418302710198225
1.866,-0.0348992845044178
1.867,-0.0519685204267324
1.868,-0.0733321934521457
1.869,-0.0580920842817295
1.87,-0.056124623742112
1.871,-0.052013295520803
1.872,-0.0169672342992761
1.873,-0.00902913480634646
1.874,-0.0465775564043335
1.875,-0.00769834025884477
1.876,-0.0559246148892264
1.877,-0.0769643346211557
1.878,-0.0782937722010444
1.879,-0.0773643628061671
1.88,-0.125455002621198
1.881,-0.0997491098854663
1.882,-0.128360719570903
1.883,-0.077931660723305
1.884,-0.0651617970490303
1.885,-0.0773938504046517
1.886,-0.050463743844439
1.887,-0.00620917022039207
1.888,-0.00292365946073453
1.889,0.0186384048269075
1.89,0.0124794867613485
1.891,0.0261797320134532
1.892,0.0133679223652195
1.893,0.00419562025984592
1.894,0.019346370143408
1.895,0.0151413825112962
1.896,0.023072409864598
1.897,0.0116565577780913
1.898,0.027179853686148
1.899,0.0122720124488573
1.9,0.000861965825274946
1.901,-0.00861371438157415
1.902,-0.0247783846373817
1.903,-0.0034611366786622
1.904,0.00112249275608009
1.905,-0.00187579188375597
1.906,0.0101685454415187
1.907,0.0238169737244372
1.908,0.0365491674749404
1.909,0.0726983521627857
1.91,0.0651689090420239
1.911,0.0761558113546176
1.912,0.0929080429812203
1.913,0.0942380696758996
1.914,0.0942449077768951
1.915,0.128733631752443
1.916,0.155357533024823
1.917,0.190133911290118
1.918,0.217146489891876
1.919,0.179697632421243
1.92,0.17876310316612
1.921,0.163709497115681
1.922,0.186889241278043
1.923,0.192234272944584
1.924,0.191723422748708
1.925,0.184626648117555
1.926,0.147671705966077
1.927,0.18932949095547
1.928,0.19856617544752
1.929,0.203342063944997
1.93,0.198877488276139
1.931,0.22258089457055
1.932,0.204132652276607
1.933,0.221225250999184
1.934,0.220002015030494
1.935,0.211863777162918
1.936,0.188103820784382
1.937,0.188123216561748
1.938,0.201871479336807
1.939,0.258174000942834
1.94,0.243726130933411
1.941,0.267925854069957
1.942,0.247999509698477
1.943,0.247893226509558
1.944,0.252620371687995
1.945,0.231690264878633
1.946,0.216601084909523
1.947,0.176050866170837
1.948,0.212215957209562
1.949,0.225334292927123
1.95,0.227757193938223
1.951,0.188678148799428
1.952,0.204501143295741
1.953,0.192779313267814
1.954,0.192980507364842
1.955,0.196764559494999
1.956,0.199686104754379
1.957,0.220732570800667
1.958,0.200334904319161
1.959,0.199075182539949
1.96,0.21715808237422
1.961,0.247934515244845
1.962,0.257305420563122
1.963,0.243026548886786
1.964,0.230546987700384
1.965,0.256881418168014
1.966,0.229848537304039
1.967,0.24432506733933
1.968,0.242357011234969
1.969,0.197610963362265
1.97,0.193176276376138
1.971,0.186556703483187
1.972,0.184690240630921
1.973,0.194989549687088
1.974,0.23091159477684
1.975,0.220025626342958
1.976,0.283976129047573
1.977,0.270963944767926
1.978,0.292136869533019
1.979,0.285152972051088
1.98,0.283617035666
1.981,0.297150003242827
1.982,0.282407572007479
1.983,0.280910140335385
1.984,0.282740910809491
1.985,0.312720575792637
1.986,0.327605631985238
1.987,0.360732443581361
1.988,0.378749898165206
1.989,0.387557576290295
1.99,0.415743081288198
1.991,0.431768246759524
1.992,0.418353194838388
1.993,0.386582220200464
1.994,0.365876430289214
1.995,0.423755822767579
1.996,0.46141396629015
1.997,0.484494831660754
1.998,0.447984126081261
1.999,0.453022279426071
2,0.431430773097342
2.001,0.387869476342055
2.002,0.391580134697056
2.003,0.412442818987065
2.004,0.402407205700245
2.005,0.410575297751723
2.006,0.416331395235551
2.007,0.399930046123906
2.008,0.407077016164427
2.009,0.40718757863752
2.01,0.462567588038458
2.011,0.470524158061079
2.012,0.424887920230539
2.013,0.404391058158286
2.014,0.443353950340226
2.015,0.450267047066843
2.016,0.438343661579036
2.017,0.444221857607036
2.018,0.448459754386197
2.019,0.433086155510454
2.02,0.452750669820968
2.021,0.465338562023812
2.022,0.440693503256664
2.023,0.436630944977505
2.024,0.450712395785247
2.025,0.461311293198514
2.026,0.449692527108289
2.027,0.438632770243983
2.028,0.425825084677694
2.029,0.434398018594103
2.03,0.465240886678008
2.031,0.48563099372569
2.032,0.449905108347565
2.033,0.444461565801662
2.034,0.434720455162166
2.035,0.445269328379666
2.036,0.462823474811596
2.037,0.452399740810455
2.038,0.41359067143416
2.039,0.401848297303803
2.04,0.396590164264609
2.041,0.414598633359852
2.042,0.399324507403821
2.043,0.381053658115188
2.044,0.391148580112147
2.045,0.380736624750672
2.046,0.36319158795927
2.047,0.400819053712024
2.048,0.368070481362164
2.049,0.355886167600937
2.05,0.321752638762292
2.051,0.32008694625422
2.052,0.345150268583956
2.053,0.340520290532872
2.054,0.332275072663686
2.055,0.321763038779306
2.056,0.315202906866148
2.057,0.314710779088452
2.058,0.351943204556946
2.059,0.411876895176595
2.06,0.421052144451645
2.061,0.396004235811217
2.062,0.399985710439434
2.063,0.398273254634957
2.064,0.413685133930533
2.065,0.404714932583461
2.066,0.421845394698681
2.067,0.394560458699258
2.068,0.441017944307638
2.069,0.420614205724328
2.07,0.433297725938438
2.071,0.430153399609589
2.072,0.374200148808613
2.073,0.343177235318872
2.074,0.342129679170105
2.075,0.366656678017642
2.076,0.354950369240143
2.077,0.368108893181077
2.078,0.379243999999716
2.079,0.392713211730471
2.08,0.406431561529934
2.081,0.431902701298558
2.082,0.437425049504958
2.083,0.425232819325799
2.084,0.444732636519142
2.085,0.486609215188902
2.086,0.471173353321725
2.087,0.500204968528189
2.088,0.517467478806488
2.089,0.521356864681578
2.09,0.536169291327743
2.091,0.534854282297528
2.092,0.529310526776722
2.093,0.55089477189871
2.094,0.536386000895133
2.095,0.559562180291357
2.096,0.547054099069478
2.097,0.554629788652422
2.098,0.549910681461928
2.099,0.612807919062097
2.1,0.637783206616856
2.101,0.66424118315531
2.102,0.65667771196129
2.103,0.678236052295114
2.104,0.638301181930256
2.105,0.634896589038399
2.106,0.665607390134005
2.107,0.670955049876931
2.108,0.679214280559024
2.109,0.685398890037465
2.11,0.680119745413414
2.111,0.689614655126765
2.112,0.698122079263362
2.113,0.703557499247616
2.114,0.691844097616927
2.115,0.666430385321169
2.116,0.684384119884999
2.117,0.702477036662661
2.118,0.687795973264728
2.119,0.71700190179916
2.12,0.721507729127669
2.121,0.72251095880415
2.122,0.720227448789455
2.123,0.744061903554787
2.124,0.726398611197429
2.125,0.729608004224656
2.126,0.718671644954098
2.127,0.728444196320452
2.128,0.747039971217048
2.129,0.707498376380944
2.13,0.706248550775202
2.131,0.679210444641622
2.132,0.691584683976856
2.133,0.722199531047246
2.134,0.743027420909665
2.135,0.797887422095505
2.136,0.836222674699163
2.137,0.806223879966235
2.138,0.785994394609691
2.139,0.767968723307847
2.14,0.733852411326699
2.141,0.742600539500489
2.142,0.770954468044865
2.143,0.794447748357334
2.144,0.797702703789985
2.145,0.819738317462935
2.146,0.830554410940513
2.147,0.822918578597629
2.148,0.811964447752506
2.149,0.821583744885767
2.15,0.84933090595167
2.151,0.867675712530911
2.152,0.902369013859478
2.153,0.899261568730312
2.154,0.919917363396985
2.155,0.923087553784513
2.156,0.949672952504679
2.157,0.946286706052864
2.158,0.954725003928156
2.159,0.950894868533664
2.16,0.984736546093194
2.161,0.966010083403153
2.162,0.956834834534686
2.163,0.955205040450307
2.164,0.931749833920325
2.165,0.953842929651329
2.166,0.9498431598662
2.167,0.964765071709083
2.168,0.943155838568075
2.169,0.937240157073521
2.17,0.946459174740151
2.171,0.936025856974004
2.172,0.947610152153125
2.173,0.965486189903294
2.174,0.989054520744386
2.175,0.980065493494413
2.176,0.984534877768516
2.177,0.981913517837472
2.178,0.955313938826501
2.179,0.955496346719002
2.18,0.972028390209138
2.181,0.914846035016802
2.182,0.907801728757979
2.183,0.884559611582007
2.184,0.907047947336865
2.185,0.921606393293241
2.186,0.945243483469671
2.187,0.926028042020532
2.188,0.887029866486788
2.189,0.906269294246067
2.19,0.936468309209935
2.191,0.93967673911019
2.192,0.96828998045036
2.193,0.956704441197442
2.194,0.944434704508166
2.195,0.947504860423784
2.196,0.945467266016169
2.197,0.983226692690796
2.198,0.984882477263435
2.199,0.995865533160587
2.2,0.999923912885153
2.201,1.00790360225636
2.202,0.99324467993107
2.203,1.0340908384636
2.204,1.03580069204945
2.205,1.02729011095909
2.206,1.03851275546658
2.207,1.0156709809705
2.208,1.01176926218217
2.209,1.00524607822828
2.21,0.998238852193553
2.211,0.9747404988466
2.212,0.959758467958095
2.213,0.938584570857172
2.214,0.907103793132514
2.215,0.857950025962085
2.216,0.892583711905355
2.217,0.889584847188796
2.218,0.870348491362212
2.219,0.879223799077622
2.22,0.884473822877361
2.221,0.906957810897226
2.222,0.933705065503188
2.223,0.935279502736216
2.224,0.898578446963071
2.225,0.878912001654173
2.226,0.859529806736044
2.227,0.867815238765251
2.228,0.870784136155516
2.229,0.902564354056472
2.23,0.901115071926002
2.231,0.932809496182818
2.232,0.934266607837395
2.233,0.955298819796623
2.234,0.965296557678316
2.235,0.987741235789994
2.236,0.988643696739938
2.237,0.973111873880167
2.238,0.932307379604913
2.239,0.94166179438549
2.24,0.95579541743108
2.241,0.930572107897412
2.242,0.931114570398674
2.243,0.906196950135652
2.244,0.926911227809729
2.245,0.926131462843122
2.246,0.875040354131947
2.247,0.892612947548495
2.248,0.908857915162257
2.249,0.930871917451305
2.25,0.947121357066516
2.251,0.918203157471751
2.252,0.926864565200155
2.253,0.91209612510995
2.254,0.885893725366457
2.255,0.935463019090878
2.256,0.96829838106449
2.257,0.937510115297261
2.258,0.975648469724001
2.259,0.967751657679242
2.26,0.941967588702899
2.261,0.951917113640927
2.262,0.946890371163739
2.263,0.969649116710674
2.264,0.965860053248008
2.265,0.958259024943261
2.266,0.952660581497633
2.267,0.954983747564805
2.268,0.944562474977908
2.269,0.968634082400073
2.27,0.949132004067503
2.271,0.975613945643665
2.272,1.00046602463169
2.273,1.0191414848977
2.274,1.0121134815506
2.275,0.986164654738855
2.276,0.960410333412941
2.277,0.915214387335262
2.278,0.924451732621477
2.279,0.92433890922076
2.28,0.904343295835131
2.281,0.913041961530673
2.282,0.875741979428675
2.283,0.888256667237168
2.284,0.872941020929193
2.285,0.854399532924502
2.286,0.851911882787977
2.287,0.851496876670829
2.288,0.883638405519822
2.289,0.896444094898496
2.29,0.889815953421144
2.291,0.86145306622205
2.292,0.886768473257487
2.293,0.871711108252803
2.294,0.844382823410909
2.295,0.853279200971149
2.296,0.864640273168345
2.297,0.817077799857202
2.298,0.812138992541633
2.299,0.805968510395999
2.3,0.802243169478766
2.301,0.781150002760011
2.302,0.784108208736533
2.303,0.761124189176628
2.304,0.767143161745328
2.305,0.792984007702019
2.306,0.783753266300451
2.307,0.789164979780506
2.308,0.77061110708203
2.309,0.791719738434403
2.31,0.762682975078559
2.311,0.736680899395482
2.312,0.749149475338311
2.313,0.741439609973147
2.314,0.719524959692459
2.315,0.76767422644889
2.316,0.757988764457298
2.317,0.771371684961768
2.318,0.740105386645471
2.319,0.75510906322673
2.32,0.72450644613478
2.321,0.708770872724495
2.322,0.70302767908377
2.323,0.706479318790362
2.324,0.709363754832848
2.325,0.718986801146544
2.326,0.707877723920138
2.327,0.701931511334977
2.328,0.73807421334687
2.329,0.699279693103014
2.33,0.690794154134962
2.331,0.695982929330348
2.332,0.685160318663918
2.333,0.680007506117972
2.334,0.6617006068524
2.335,0.705478722747093
2.336,0.728361973123714
2.337,0.718933364057125
2.338,0.748483943552252
2.339,0.736152358995998
2.34,0.752705227872668
2.341,0.76050535104915
2.342,0.792509478228483
2.343,0.797050298174287
2.344,0.798961442471504
2.345,0.823073815785373
2.346,0.829077585478859
2.347,0.846562335117421
2.348,0.826026700633964
2.349,0.832595217728892
2.35,0.830967757429926
2.351,0.804199468066502
2.352,0.804688801767527
2.353,0.83960270282125
2.354,0.829232018721801
2.355,0.851076067106174
2.356,0.847242542525201
2.357,0.810585102323881
2.358,0.839905917247226
2.359,0.854791881354754
2.36,0.845298402170334
2.361,0.804711515796625
2.362,0.823540490647892
2.363,0.873244912283818
2.364,0.843751692989023
2.365,0.819945804648415
2.366,0.78736469253751
2.367,0.809330429913985
2.368,0.805019150343695
2.369,0.822789510425683
2.37,0.801568724617405
2.371,0.792644844886584
2.372,0.825864062886049
2.373,0.843123954956938
2.374,0.857460346031363
2.375,0.828318623115391
2.376,0.82893168489073
2.377,0.850252114006589
2.378,0.868459074082955
2.379,0.865783369733175
2.38,0.857405228705825
2.381,0.825578162473346
2.382,0.831544686187675
2.383,0.807682716093277
2.384,0.790650525399893
2.385,0.797493496277674
2.386,0.787087983638007
2.387,0.812216526711741
2.388,0.79334753895194
2.389,0.787987330643847
2.39,0.788143738568635
2.391,0.797471015671719
2.392,0.776387949210712
2.393,0.769486545717541
2.394,0.752512768739789
2.395,0.750962375452485
2.396,0.783070034854861
2.397,0.774104703122254
2.398,0.785945846338144
2.399,0.777171258164566
2.4,0.749182006111717
2.401,0.752080998827865
2.402,0.76025113628811
2.403,0.788287864574695
2.404,0.774216191582539
2.405,0.818871375713937
2.406,0.831732366980625
2.407,0.841667866645061
2.408,0.858549948176662
2.409,0.804143566495433
2.41,0.794403846518803
2.411,0.755577041021435
2.412,0.772540926786931
2.413,0.746754116228549
2.414,0.71070195137957
2.415,0.714436099276389
2.416,0.701297976516214
2.417,0.712890471029113
2.418,0.698319623678525
2.419,0.710458370899868
2.42,0.738641995523316
2.421,0.75996426211066
2.422,0.77154137625014
2.423,0.767278228853359
2.424,0.765913749596339
2.425,0.800630527803576
2.426,0.7998406462703
2.427,0.797326759721886
2.428,0.777269812808843
2.429,0.786826915777853
2.43,0.761845043140177
2.431,0.75174562642219
2.432,0.749372466363147
2.433,0.72122916084036
2.434,0.761425720351952
2.435,0.744467364348608
2.436,0.72944166664667
2.437,0.714745169172805
2.438,0.753377800319876
2.439,0.729685663024893
2.44,0.732723575918361
2.441,0.723836295684944
2.442,0.698320238933892
2.443,0.710719499628937
2.444,0.689754096553125
2.445,0.689074752339435
2.446,0.713514360539434
2.447,0.716081324341051
2.448,0.701175294692708
2.449,0.706072979728596
2.45,0.660569397359653
2.451,0.68405794083882
2.452,0.700938177297304
2.453,0.732450659513967
2.454,0.723707907336773
2.455,0.718456876660382
2.456,0.673562814858231
2.457,0.662792776642806
2.458,0.665814887871845
2.459,0.687093248296584
2.46,0.717692138659875
2.461,0.667986083918107
2.462,0.615089035568008
2.463,0.624579505023452
2.464,0.658137834147938
2.465,0.670392165418455
2.466,0.657193568065033
2.467,0.696395820238185
2.468,0.675722337121557
2.469,0.687417400133194
2.47,0.698410291153151
2.471,0.678584207878994
2.472,0.704911302253405
2.473,0.725862486280713
2.474,0.758320530112039
2.475,0.777021593314251
2.476,0.755975805794442
2.477,0.795680284646234
2.478,0.803594673068005
2.479,0.781862653935828
2.48,0.779562998891024
2.481,0.804090095437712
2.482,0.798548465161695
2.483,0.788264238036184
2.484,0.764271792478373
2.485,0.763920528749237
2.486,0.741519798573445
2.487,0.744986651247848
2.488,0.728040389405777
2.489,0.731840063524933
2.49,0.723981346687004
2.491,0.743920808616504
2.492,0.721977126155763
2.493,0.747907304494026
2.494,0.755279265882875
2.495,0.77269213776622
2.496,0.772285549478235
2.497,0.811829786297509
2.498,0.845258907893703
2.499,0.838068990337005
2.5,0.866670657075562
2.501,0.877213304737025
2.502,0.881253856029095
2.503,0.862013237634842
2.504,0.895005578964062
2.505,0.903338631403201
2.506,0.903028670713729
2.507,0.92260440367686
2.508,0.934730213274073
2.509,0.886057505307213
2.51,0.872289979827033
2.511,0.873737817259087
2.512,0.905514922781271
2.513,0.904466984845832
2.514,0.899938638371656
2.515,0.887069268145411
2.516,0.876980756615601
2.517,0.871243312156915
2.518,0.864184891253975
2.519,0.84051505537003
2.52,0.810311584783058
2.521,0.768264901650948
2.522,0.777995305424677
2.523,0.802072415156938
2.524,0.791651852261525
2.525,0.78321132384711
2.526,0.78693627906843
2.527,0.776274521431828
2.528,0.748089440694057
2.529,0.729458575653294
2.53,0.723342847495307
2.531,0.742649391862229
2.532,0.729167286617229
2.533,0.74505462274375
2.534,0.723935908942501
2.535,0.753204959798689
2.536,0.754965144607193
2.537,0.787685814615861
2.538,0.775017183674132
2.539,0.786634277299083
2.54,0.777517345996134
2.541,0.770730719132086
2.542,0.788704101634588
2.543,0.773214732556879
2.544,0.828199745396308
2.545,0.841530179586892
2.546,0.878813293109082
2.547,0.875097066422566
2.548,0.910938570445283
2.549,0.901540502954953
2.55,0.915915528435862
2.551,0.916549632471763
2.552,0.929315985117873
2.553,0.916104406647161
2.554,0.896936244886294
2.555,0.863662737517162
2.556,0.838227184066197
2.557,0.847495064452598
2.558,0.8357464889414
2.559,0.856885806654318
2.56,0.840694360065353
2.561,0.847110810884534
2.562,0.894442941741706
2.563,0.881125609436566
2.564,0.867740075706455
2.565,0.870381186698117
2.566,0.873059942445506
2.567,0.887300010690822
2.568,0.92059554454802
2.569,0.885655922739267
2.57,0.860481580341114
2.571,0.843606671571608
2.572,0.845749619840556
2.573,0.850790030539181
2.574,0.829726102865365
2.575,0.809488275091607
2.576,0.80375208438433
2.577,0.818276980928074
2.578,0.802537100031464
2.579,0.747520055713699
2.58,0.729233300453816
2.581,0.733841097961756
2.582,0.723513977856086
2.583,0.731497558671158
2.584,0.758630043769112
2.585,0.735044650842465
2.586,0.734932547584006
2.587,0.724412140344953
2.588,0.723567620358559
2.589,0.706280888612339
2.59,0.704209027538503
2.591,0.677517974732703
2.592,0.67772605739687
2.593,0.705793256881731
2.594,0.718127241399586
2.595,0.709918623092495
2.596,0.695228471462978
2.597,0.676113921669199
2.598,0.685171750121372
2.599,0.65390222866482
2.6,0.644864569125238
2.601,0.640420178497846
2.602,0.626418538842387
2.603,0.641719624656281
2.604,0.625248795369677
2.605,0.597131923530963
2.606,0.563778798895102
2.607,0.565587847483605
2.608,0.582373766568903
2.609,0.569536980389838
2.61,0.579975959063927
2.611,0.570185606897134
2.612,0.558957766360409
2.613,0.590711914493305
2.614,0.556726129424994
2.615,0.565376599738668
2.616,0.548169365902716
2.617,0.53015190269842
2.618,0.50013197151222
2.619,0.511760249298449
2.62,0.520518795035996
2.621,0.543804469443854
2.622,0.534635027377389
2.623,0.530760206378764
2.624,0.53840543562868
2.625,0.573781845995014
2.626,0.57196052399338
2.627,0.582045235112354
2.628,0.602273191651942
2.629,0.629466298110435
2.63,0.617684885840162
2.631,0.609611043347395
2.632,0.631548546022123
2.633,0.636720054759131
2.634,0.579732903106496
2.635,0.562937318517148
2.636,0.575100236219088
2.637,0.567411579869048
2.638,0.586250880782864
2.639,0.626835336400881
2.64,0.629368141436751
2.641,0.647477005482391
2.642,0.632797012100643
2.643,0.644357158393415
2.644,0.64239065275971
2.645,0.65727316106495
2.646,0.698390761999642
2.647,0.693700564086279
2.648,0.681553002210366
2.649,0.67236564161999
2.65,0.65026052065017
2.651,0.642460054125477
2.652,0.637957234818637
2.653,0.670164590202914
2.654,0.663694663536318
2.655,0.659720238095872
2.656,0.629195304635802
2.657,0.596874162668746
2.658,0.623780327823913
2.659,0.633706682495864
2.66,0.606107800630912
2.661,0.629748667679773
2.662,0.606044137388411
2.663,0.616786091308924
2.664,0.620373513914001
2.665,0.586322899331196
2.666,0.542048430928048
2.667,0.539911326487002
2.668,0.502261533520372
2.669,0.510155339396816
2.67,0.518545874497896
2.671,0.526383160137828
2.672,0.538308380243725
2.673,0.54136201025103
2.674,0.519895424100809
2.675,0.52502819967636
2.676,0.54510309803263
2.677,0.52296150707726
2.678,0.531788353472979
2.679,0.557727941159545
2.68,0.565329758271248
2.681,0.570859206939905
2.682,0.607415819732081
2.683,0.596799898644768
2.684,0.579051242957014
2.685,0.60017075824701
2.686,0.612459158014862
2.687,0.617410547630484
2.688,0.588281045243565
2.689,0.581191252047607
2.69,0.598153467629962
2.691,0.583547592499909
2.692,0.556914323066897
2.693,0.543689437529933
2.694,0.570472263046962
2.695,0.590894373232254
2.696,0.581607087561492
2.697,0.58593623706179
2.698,0.56548992245797
2.699,0.586383452314407
2.7,0.579351244495806
2.701,0.575254507023174
2.702,0.592675134712267
2.703,0.576078367497975
2.704,0.566203953295908
2.705,0.570994536842343
2.706,0.572384447005823
2.707,0.578669725073219
2.708,0.582390119991735
2.709,0.590502786206062
2.71,0.589612414267958
2.711,0.562716944971151
2.712,0.610599168159967
2.713,0.597934112877554
2.714,0.587070143765082
2.715,0.577851927997892
2.716,0.580020871124937
2.717,0.631224220466254
2.718,0.592300011848155
2.719,0.62570572680271
2.72,0.640778999605084
2.721,0.64249276727564
2.722,0.65649377107467
2.723,0.674198000630591
2.724,0.686747192681867
2.725,0.708871055061905
2.726,0.721184141982838
2.727,0.77267141286731
2.728,0.756637329308054
2.729,0.74755270504726
2.73,0.724149679956914
2.731,0.730690079014224
2.732,0.748990867230696
2.733,0.746788871618667
2.734,0.728570086605878
2.735,0.730518695422307
2.736,0.759721462713964
2.737,0.765203941859708
2.738,0.761293717478074
2.739,0.776114209269891
2.74,0.7552969939053
2.741,0.752738876476684
2.742,0.764379864710517
2.743,0.753313644011892
2.744,0.767808604044316
2.745,0.777103263810787
2.746,0.735033441819164
2.747,0.734993291095111
2.748,0.760138608642684
2.749,0.787497827015736
2.75,0.755707790729676
2.751,0.759912429068218
2.752,0.75273192557319
2.753,0.743808877986083
2.754,0.719266023280768
2.755,0.712833458083284
2.756,0.751624029042115
2.757,0.740816134546714
2.758,0.756350508108312
2.759,0.786414852361728
2.76,0.759476246480512
2.761,0.80337728456359
2.762,0.824853585426239
2.763,0.826585278840214
2.764,0.841175096706911
2.765,0.878008145769956
2.766,0.907914817855878
2.767,0.916974150190971
2.768,0.912803034542706
2.769,0.854794708401062
2.77,0.868563141274729
2.771,0.838358476631995
2.772,0.817844257467598
2.773,0.818573592118899
2.774,0.840747865020703
2.775,0.825732721526941
2.776,0.825841225806514
2.777,0.803006771370954
2.778,0.80660926701297
2.779,0.802662506596351
2.78,0.807264351731985
2.781,0.787311375276483
2.782,0.822217514432499
2.783,0.784872232469499
2.784,0.81592443432906
2.785,0.834896569656256
2.786,0.850892026272344
2.787,0.871343709491642
2.788,0.891749393733788
2.789,0.845831472658145
2.79,0.826555756335732
2.791,0.852421024809348
2.792,0.86386299301425
2.793,0.845698564171816
2.794,0.872828716134705
2.795,0.85579957752716
2.796,0.866474566349973
2.797,0.841960475096808
2.798,0.80164241321947
2.799,0.844120701240763
2.8,0.873345875605795
2.801,0.862879739955026
2.802,0.858777327073348
2.803,0.872200529358067
2.804,0.893472101194488
2.805,0.898695121739732
2.806,0.905615274315916
2.807,0.877694603524979
2.808,0.903565549269942
2.809,0.874061589196537
2.81,0.896379069814431
2.811,0.947260876691709
2.812,0.985688796880135
2.813,0.977637117358679
2.814,0.965784588828928
2.815,0.932509929374832
2.816,0.960686340198344
2.817,0.960279689133899
2.818,0.946031069501198
2.819,0.922012827707036
2.82,0.914568977038738
2.821,0.9506752252471
2.822,0.965277295150632
2.823,0.952330159533303
2.824,0.939904612117309
2.825,0.927165069119234
2.826,0.930591785924362
2.827,0.914196718640863
2.828,0.933013102343201
2.829,0.92390896327189
2.83,0.922643781980391
2.831,0.9582808787419
2.832,0.953682256993581
2.833,0.96159050280518
2.834,0.955587341486538
2.835,0.940334321653477
2.836,0.970565477449015
2.837,0.970367947750986
2.838,0.94433478654068
2.839,0.913305171492544
2.84,0.919062296344686
2.841,0.923616700373007
2.842,0.965158496039249
2.843,0.973866623521041
2.844,0.976159085025697
2.845,0.954342305589307
2.846,0.965374435625964
2.847,0.964516892062509
2.848,0.93182807175214
2.849,0.948228883497764
2.85,0.959795193314349
2.851,0.958400141537289
2.852,0.977849168140641
2.853,0.959336349853063
2.854,0.932929664258037
2.855,0.912726669758206
2.856,0.956421487854841
2.857,0.945269444008843
2.858,0.977361466430678
2.859,1.00556911478995
2.86,1.00212381883673
2.861,0.999506061059232
2.862,0.989449325074669
2.863,0.961430169766315
2.864,0.966057430934659
2.865,0.940361226088213
2.866,0.943839644466603
2.867,0.944719094339669
2.868,0.936427167431301
2.869,0.940723675779226
2.87,0.947312843797143
2.871,0.951936735066115
2.872,0.958913286835127
2.873,0.961296112205782
2.874,0.941225633043358
2.875,0.992332027657733
2.876,0.972618859560385
2.877,0.963682356065365
2.878,0.955733886673848
2.879,0.924428679120007
2.88,0.936398578349936
2.881,0.93033160473472
2.882,0.943174372691575
2.883,0.927563456378977
2.884,0.928506713157322
2.885,0.915897684906988
2.886,0.912185461143221
2.887,0.937241415797442
2.888,0.920695411425522
2.889,0.925927812749987
2.89,0.958010858523508
2.891,0.986709597422119
2.892,0.947911543644433
2.893,0.943657027758451
2.894,0.938970346693744
2.895,0.939936986804431
2.896,0.903156282313282
2.897,0.902304183476278
2.898,0.899027169917794
2.899,0.926363415736175
2.9,0.939604132572161
2.901,0.946211825349113
2.902,0.939987395723627
2.903,0.938256863237653
2.904,0.911721016113613
2.905,0.935151564990399
2.906,0.925870590179748
2.907,0.922534056700941
2.908,0.921967269612691
2.909,0.93802834887069
2.91,0.908966746566961
2.911,0.874051728894658
2.912,0.862780155052628
2.913,0.878023887856681
2.914,0.874523147872417
2.915,0.893050204009129
2.916,0.904938136066561
2.917,0.921999821086345
2.918,0.901270791687312
2.919,0.888618098208766
2.92,0.916782112953034
2.921,0.944196999987408
2.922,0.950148229418293
2.923,0.909483516401937
2.924,0.890823966699862
2.925,0.883868697641927
2.926,0.886123506338749
2.927,0.860591301556148
2.928,0.865167098541328
2.929,0.855940217687407
2.93,0.878781483707076
2.931,0.901487779072654
2.932,0.910758387598874
2.933,0.915166587330162
2.934,0.952536408236017
2.935,0.945996558500144
2.936,0.957608278664583
2.937,0.960739148973027
2.938,0.979498280487054
2.939,0.964390548676693
2.94,0.940616380823975
2.941,0.923439503473482
2.942,0.941516982189757
2.943,0.953660856151761
2.944,0.93132494882237
2.945,0.937790001045508
2.946,0.935470533915771
2.947,0.944943450602359
2.948,0.952257220061237
2.949,0.931902471090715
2.95,0.955701287439612
2.951,0.959130551026575
2.952,0.963767205041147
2.953,0.95785976418114
2.954,0.936228761472831
2.955,0.913688282606757
2.956,0.893666362551593
2.957,0.888113131205396
2.958,0.885956985363066
2.959,0.892799503643145
2.96,0.897390935207198
2.961,0.885846888978045
2.962,0.916788614352682
2.963,0.883592684122985
2.964,0.897836142917031
2.965,0.912829434617003
2.966,0.90942503517473
2.967,0.934105466833302
2.968,0.965725459422517
2.969,0.952942965258466
2.97,0.992259978016519
2.971,0.978422414313624
2.972,0.952507342173214
2.973,0.934730227432673
2.974,0.940340572629718
2.975,0.944488342984645
2.976,0.924212837194247
2.977,0.9326034728491
2.978,0.887494411328886
2.979,0.880819426383959
2.98,0.884770673615969
2.981,0.886164968098288
2.982,0.886415797271993
2.983,0.864317353393438
2.984,0.83669655355175
2.985,0.822800974560664
2.986,0.838119432861985
2.987,0.860826913175117
2.988,0.858411195951433
2.989,0.84076197363416
2.99,0.839125401646614
2.991,0.858786496702766
2.992,0.863974949224087
2.993,0.895576078779648
2.994,0.886395537311738
2.995,0.908510227664128
2.996,0.898067017166601
2.997,0.872115642087542
2.998,0.894564597795115
2.999,0.884424896193612
3,0.881597233526008
3.001,0.861682421721999
3.002,0.844630450706074
3.003,0.846333075301239
3.004,0.869704281641797
3.005,0.844975006704495
3.006,0.834792468833131
3.007,0.81404087377844
3.008,0.807985155657505
3.009,0.82861543392543
3.01,0.843829637047642
3.011,0.848569915974794
3.012,0.8746162618885
3.013,0.870902645629315
3.014,0.859989071968302
3.015,0.885053289392331
3.016,0.878674001914929
3.017,0.900935321023925
3.018,0.895711440662592
3.019,0.915047606650344
3.02,0.914745355559907
3.021,0.898210617302781
3.022,0.919043724575943
3.023,0.926229823574374
3.024,0.940513577155732
3.025,0.928012364784382
3.026,0.938750024555598
3.027,0.937023386186798
3.028,0.936286884917913
3.029,0.971763979475252
3.03,0.996693226481146
3.031,1.00206240967922
3.032,0.964415128921658
3.033,0.946010338343913
3.034,0.911775888856305
3.035,0.919803935131444
3.036,0.895641419569461
3.037,0.871983482360993
3.038,0.905737923875094
3.039,0.926589355452548
3.04,0.910909244598705
3.041,0.927010773344757
3.042,0.938175527237002
3.043,0.951167509480421
3.044,0.95867143254312
3.045,0.945622594966551
3.046,0.976387580327874
3.047,0.982476220292121
3.048,0.967820346032185
3.049,0.97190257388359
3.05,0.9695241609711
3.051,1.00070831780371
3.052,1.01472901931049
3.053,1.0151318587253
3.054,1.02850957035944
3.055,1.02365898757412
3.056,0.98482038586959
3.057,0.943456287322223
3.058,0.961574000774091
3.059,0.964921268384649
3.06,0.971669997446568
3.061,0.990177071152587
3.062,1.00869946197431
3.063,1.02449593195756
3.064,0.989143563044268
3.065,0.999857879431646
3.066,0.991375756264206
3.067,1.02361802127149
3.068,0.99523532887178
3.069,1.01104322549629
3.07,0.995886162401996
3.071,0.976051477911224
3.072,0.972170727191278
3.073,1.0001418978611
3.074,0.997873740622799
3.075,0.990749688152582
3.076,0.950313582411396
3.077,0.965610505730374
3.078,0.95883783169798
3.079,0.948918691834256
3.08,0.914938304842993
3.081,0.912648507363453
3.082,0.842275261490064
3.083,0.846223476250627
3.084,0.831802132202333
3.085,0.849321008878659
3.086,0.854228870284258
3.087,0.843966854513306
3.088,0.774583984544858
3.089,0.758775221844863
3.09,0.77992384350043
3.091,0.782322158800737
3.092,0.805464100327161
3.093,0.813912413024433
3.094,0.831296434446713
3.095,0.819823987919513
3.096,0.793082681273519
3.097,0.783004443799815
3.098,0.793397689047988
3.099,0.7749776023816
3.1,0.768614100166543
3.101,0.766537686186839
3.102,0.764729567099693
3.103,0.755596214516384
3.104,0.753266213639645
3.105,0.769799587099525
3.106,0.796415373066925
3.107,0.773406315504741
3.108,0.760028446264509
3.109,0.757957759088638
3.11,0.771741788697017
3.111,0.757804018796931
3.112,0.736919453607603
3.113,0.746604236341961
3.114,0.7630275921061
3.115,0.759273136712373
3.116,0.774180546356418
3.117,0.803517378480783
3.118,0.816444893541276
3.119,0.809835896405958
3.12,0.816276868677297
3.121,0.862995616337312
3.122,0.86792319193756
3.123,0.836960383034772
3.124,0.871576998406445
3.125,0.848179741992444
3.126,0.83450972388209
3.127,0.847667683606745
3.128,0.849523219387566
3.129,0.864796486479662
3.13,0.842622224767694
3.131,0.847799852469316
3.132,0.876565549999934
3.133,0.849596599816419
3.134,0.874450615625149
3.135,0.863852247258414
3.136,0.883296101042606
3.137,0.890920194692861
3.138,0.892529179224138
3.139,0.871928101992148
3.14,0.845657332161494
3.141,0.85066438403256
3.142,0.819399606441543
3.143,0.843319373661003
3.144,0.867975106131978
3.145,0.929584632884848
3.146,0.948327601210962
3.147,0.950265248763969
3.148,0.935934027092986
3.149,0.932748358031324
3.15,0.90827944250735
3.151,0.891950032814317
3.152,0.834487212131836
3.153,0.827285937868923
3.154,0.834501154574256
3.155,0.823125200036387
3.156,0.790049928825712
3.157,0.763674210105308
3.158,0.714752721525042
3.159,0.747439814493336
3.16,0.73573529760418
3.161,0.72650353501782
3.162,0.761690338975873
3.163,0.784048301078837
3.164,0.759405040741274
3.165,0.731739815673044
3.166,0.734305703415034
3.167,0.733193493059229
3.168,0.728050746142148
3.169,0.713234476055173
3.17,0.740239375788319
3.171,0.706027333879846
3.172,0.755926725483974
3.173,0.79418181954349
3.174,0.755663058420733
3.175,0.751134454479127
3.176,0.749321413024783
3.177,0.756775536805573
3.178,0.749604808302341
3.179,0.743731572332374
3.18,0.772310981744831
3.181,0.782964421894718
3.182,0.769170469545421
3.183,0.738525051854686
3.184,0.699210534372264
3.185,0.714102383635469
3.186,0.726121322788948
3.187,0.706806052642684
3.188,0.742117975228329
3.189,0.707607118625954
3.19,0.70690063427259
3.191,0.750164032873108
3.192,0.710648168845396
3.193,0.717640029288685
3.194,0.715740149452685
3.195,0.725621457854782
3.196,0.713863448412117
3.197,0.724819280026066
3.198,0.744114809549912
3.199,0.755456916180471
3.2,0.736074565656297
3.201,0.746679642537904
3.202,0.746318366523318
3.203,0.75421560401744
3.204,0.735042775812946
3.205,0.735950280560973
3.206,0.711671779808356
3.207,0.695580523805053
3.208,0.722839220610235
3.209,0.730717056263533
3.21,0.735004326378341
3.211,0.715714091281553
3.212,0.71237707272514
3.213,0.688821629452424
3.214,0.652461762046661
3.215,0.643289821948044
3.216,0.659633183766113
3.217,0.705274852045455
3.218,0.759996934157976
3.219,0.775499731112155
3.22,0.805437525507793
3.221,0.788670657350801
3.222,0.79719728733518
3.223,0.801505523088279
3.224,0.785174854801117
3.225,0.816062476500883
3.226,0.844116602004074
3.227,0.843413088692146
3.228,0.841289904429875
3.229,0.827892915846289
3.23,0.812168321581781
3.231,0.810879191180118
3.232,0.829811169374423
3.233,0.867583845815165
3.234,0.855726304129403
3.235,0.867297901069981
3.236,0.871212342331212
3.237,0.89788358345078
3.238,0.896104113531685
3.239,0.881928549669376
3.24,0.905928363570042
3.241,0.927026594600737
3.242,0.926464600436076
3.243,0.938584229864903
3.244,0.945880921764726
3.245,0.959795964634154
3.246,0.966504528035243
3.247,0.925390214420516
3.248,0.918241395931188
3.249,0.909023261547659
3.25,0.931950343666485
3.251,0.919570184743192
3.252,0.907919991703454
3.253,0.896729164544205
3.254,0.841010954033738
3.255,0.873998089674012
3.256,0.869916057540474
3.257,0.848332552706317
3.258,0.835241450033671
3.259,0.796065354110604
3.26,0.785074203000627
3.261,0.800272780904035
3.262,0.762821235709325
3.263,0.733076902385737
3.264,0.745225612226408
3.265,0.78885260461092
3.266,0.782345770820836
3.267,0.767703472480782
3.268,0.767482761261577
3.269,0.772064684437094
3.27,0.811272896771936
3.271,0.813874417757873
3.272,0.803077606243193
3.273,0.813997708857904
3.274,0.829638258447352
3.275,0.812651893244503
3.276,0.771334287753997
3.277,0.763161728458409
3.278,0.793896227115727
3.279,0.819113503362381
3.28,0.799619433947556
3.281,0.771226059929163
3.282,0.760679792729069
3.283,0.730772414257095
3.284,0.733581234020953
3.285,0.772257621649555
3.286,0.773499471469478
3.287,0.744422957753671
3.288,0.734627240645754
3.289,0.746756944047007
3.29,0.750612438564487
3.291,0.785299447174121
3.292,0.750569546616052
3.293,0.72855022352867
3.294,0.740356194861271
3.295,0.728982322150004
3.296,0.719732599620953
3.297,0.757011757067404
3.298,0.752560918733967
3.299,0.770628312838982
3.3,0.793245969696492
3.301,0.768439619994054
3.302,0.773430597609451
3.303,0.757704758692653
3.304,0.763304715083152
3.305,0.77349014980605
3.306,0.793491849400236
3.307,0.773029047821019
3.308,0.795206069360981
3.309,0.78373265144593
3.31,0.826007988782685
3.311,0.857682917119283
3.312,0.845555047661379
3.313,0.885924125230375
3.314,0.889418149918294
3.315,0.905150146143464
3.316,0.893288497058782
3.317,0.903334582513573
3.318,0.907791072421038
3.319,0.916274157810526
3.32,0.946423751411291
3.321,0.963354780456785
3.322,0.982686681501131
3.323,1.01230898116713
3.324,0.967696376131504
3.325,0.991590494784212
3.326,0.997470150564756
3.327,0.970865700570938
3.328,0.950411583141946
3.329,0.928741617439118
3.33,0.93333486901975
3.331,0.946887174966123
3.332,0.94536507545487
3.333,0.979606353228615
3.334,0.974231858527366
3.335,0.955057358891453
3.336,0.949804177993748
3.337,0.920085462322024
3.338,0.932686314296562
3.339,0.939087006498882
3.34,0.918990680315315
3.341,0.89646545530429
3.342,0.876461694529883
3.343,0.836228555170164
3.344,0.847036687128556
3.345,0.901707860891791
3.346,0.872208951855783
3.347,0.86014621095825
3.348,0.852765015900611
3.349,0.825465590314121
3.35,0.831309641957115
3.351,0.828556916038913
3.352,0.820582675520932
3.353,0.811056498680079
3.354,0.790052937352319
3.355,0.750016957776513
3.356,0.738457548525214
3.357,0.729126203021346
3.358,0.733941326070746
3.359,0.714518622349535
3.36,0.708041065802347
3.361,0.682379775328538
3.362,0.666000359740944
3.363,0.628977131219854
3.364,0.596104058532965
3.365,0.594945088169967
3.366,0.532980864142264
3.367,0.534747212984742
3.368,0.519759667263171
3.369,0.55070526497427
3.37,0.549599371705887
3.371,0.524924842883948
3.372,0.530058134084905
3.373,0.516626240584841
3.374,0.562363050108132
3.375,0.549064213734385
3.376,0.558514167495078
3.377,0.55693174957201
3.378,0.591790656535389
3.379,0.590600023550734
3.38,0.586101903402966
3.381,0.590661434461612
3.382,0.547012004167418
3.383,0.569384174550637
3.384,0.59319753984322
3.385,0.591982453132958
3.386,0.614953492714915
3.387,0.604358713485366
3.388,0.613714733831397
3.389,0.612270267206115
3.39,0.612513670382752
3.391,0.580729735541804
3.392,0.603225832027646
3.393,0.579257553985716
3.394,0.541416392650022
3.395,0.535914972142999
3.396,0.543001071904434
3.397,0.553685561490791
3.398,0.586873842579894
3.399,0.571423628462739
3.4,0.555372990166294
3.401,0.547923250311686
3.402,0.551152595339998
3.403,0.529055200343417
3.404,0.564288676892057
3.405,0.572097695409796
3.406,0.558808238443581
3.407,0.56331990222524
3.408,0.564344956963737
3.409,0.553496237452024
3.41,0.511653933485182
3.411,0.470307753857222
3.412,0.442469298547196
3.413,0.427528357669038
3.414,0.433372145678967
3.415,0.400196554464776
3.416,0.435205792164785
3.417,0.448157465442854
3.418,0.451493620836288
3.419,0.417540083036845
3.42,0.39414349015196
3.421,0.362020777536471
3.422,0.37208159832258
3.423,0.418846760797045
3.424,0.429477886902925
3.425,0.451790218599922
3.426,0.442219277359144
3.427,0.440632993676004
3.428,0.444100080758484
3.429,0.477398119228344
3.43,0.496252850268861
3.431,0.489013512959661
3.432,0.490120789854354
3.433,0.447365222040569
3.434,0.433566535478708
3.435,0.438231984385614
3.436,0.421115373190114
3.437,0.45949394601485
3.438,0.459328411746754
3.439,0.440238101609759
3.44,0.452089011304978
3.441,0.450837800953315
3.442,0.43171691673775
3.443,0.431131778012556
3.444,0.401396217680204
3.445,0.377626049106195
3.446,0.363590468013363
3.447,0.338377278817092
3.448,0.345107374065426
3.449,0.3278692736809
3.45,0.326828906816927
3.451,0.334507776930317
3.452,0.326553881922718
3.453,0.321260871214629
3.454,0.298945972620432
3.455,0.302509282121343
3.456,0.295930547856823
3.457,0.304993482968393
3.458,0.305464947713696
3.459,0.270062498334009
3.46,0.265664543305481
3.461,0.272653305700064
3.462,0.283347838828318
3.463,0.315560503822842
3.464,0.30832023791464
3.465,0.297173069631302
3.466,0.321595391225055
3.467,0.289343984403644
3.468,0.321370317185855
3.469,0.337967238325699
3.47,0.345549785257169
3.471,0.342085239484538
3.472,0.35120215014987
3.473,0.343948880567616
3.474,0.305446705949173
3.475,0.301799216896209
3.476,0.280648065606338
3.477,0.280888575895691
3.478,0.311371634449656
3.479,0.296786970832215
3.48,0.25856950772664
3.481,0.272586630537331
3.482,0.290784153322085
3.483,0.301297940319203
3.484,0.291996027936565
3.485,0.280447796757741
3.486,0.267932310191637
3.487,0.268107282175913
3.488,0.288889684926916
3.489,0.251575158273625
3.49,0.269233972152064
3.491,0.288446587327808
3.492,0.282408581635183
3.493,0.297423298340238
3.494,0.304084005858572
3.495,0.31020232900158
3.496,0.336929649103026
3.497,0.347305433246799
3.498,0.335361306481108
3.499,0.351030358989796
3.5,0.362663433498798
3.501,0.388312710462025
3.502,0.365232125492871
3.503,0.332726199666569
3.504,0.341910468154709
3.505,0.340838429687829
3.506,0.307851376188985
3.507,0.302506097257904
3.508,0.296857823019026
3.509,0.289542010623639
3.51,0.26570317319851
3.511,0.258783513662158
3.512,0.272416002430462
3.513,0.304523057344387
3.514,0.322053625929437
3.515,0.297573249958159
3.516,0.303996104601306
3.517,0.322159595196481
3.518,0.323602641892593
3.519,0.328278939788907
3.52,0.330611722008559
3.521,0.325241017753236
3.522,0.352362376885189
3.523,0.367753039571136
3.524,0.377398925551882
3.525,0.368465925247772
3.526,0.388457198991966
3.527,0.381031946710275
3.528,0.432164875002605
3.529,0.464249391678119
3.53,0.454570072878214
3.531,0.47190053115563
3.532,0.501947456094214
3.533,0.457468790370902
3.534,0.475581721040865
3.535,0.5125352437318
3.536,0.494582429717304
3.537,0.514313676989242
3.538,0.516036410704037
3.539,0.53045985676211
3.54,0.53254019173801
3.541,0.495184540335358
3.542,0.473682674717768
3.543,0.474768518890539
3.544,0.478459233135372
3.545,0.463593257667441
3.546,0.522401579752715
3.547,0.501867217470107
3.548,0.500730970972094
3.549,0.491852274895352
3.55,0.515122290056214
3.551,0.539974655538928
3.552,0.561957673614986
3.553,0.563702521766656
3.554,0.556527015994248
3.555,0.529593921215228
3.556,0.534748603100224
3.557,0.535560910569013
3.558,0.515923901869453
3.559,0.495882369843065
3.56,0.510150303016382
3.561,0.491540793632319
3.562,0.492303403279233
3.563,0.499463881269776
3.564,0.448594826935225
3.565,0.438308646243127
3.566,0.475709384248166
3.567,0.477949542311675
3.568,0.514412381073442
3.569,0.516704934254048
3.57,0.47213857102044
3.571,0.476119824342325
3.572,0.494353643797307
3.573,0.525253127361568
3.574,0.540706992908918
3.575,0.578565106921664
3.576,0.609474361751852
3.577,0.582393775406652
3.578,0.600706661476901
3.579,0.596174417206039
3.58,0.624495487711282
3.581,0.645282242889978
3.582,0.641792597445432
3.583,0.628708631832079
3.584,0.648507306462263
3.585,0.67905019958967
3.586,0.68008732424748
3.587,0.696936779299672
3.588,0.687422553026557
3.589,0.69430961974277
3.59,0.672047035290727
3.591,0.706530091104393
3.592,0.719737154272397
3.593,0.733543279668373
3.594,0.718107777732184
3.595,0.709137134107636
3.596,0.697012349442073
3.597,0.703485327046093
3.598,0.723800112008073
3.599,0.748523704591227
3.6,0.744232683993617
3.601,0.758734488736226
3.602,0.75261229198237
3.603,0.757757725038
3.604,0.751037771722397
3.605,0.755843439762188
3.606,0.771339617804766
3.607,0.784634305826647
3.608,0.758747593990056
3.609,0.768499583542929
3.61,0.786340315561424
3.611,0.790729482252301
3.612,0.780526414465962
3.613,0.781898724807333
3.614,0.789806484774118
3.615,0.80597777994423
3.616,0.778813084645911
3.617,0.790857217477966
3.618,0.801500180583215
3.619,0.806788603491442
3.62,0.801626737703514
3.621,0.798782832253161
3.622,0.78605947884117
3.623,0.767345099205374
3.624,0.762385935697606
3.625,0.749096651222009
3.626,0.769912912248981
3.627,0.749172136229539
3.628,0.746661972265233
3.629,0.752892713321076
3.63,0.784213377646076
3.631,0.747434255038041
3.632,0.764532900649664
3.633,0.75289834194584
3.634,0.759560536700225
3.635,0.746932078170545
3.636,0.75345560208701
3.637,0.773195990393824
3.638,0.743481567858755
3.639,0.790017766289111
3.64,0.80941789148705
3.641,0.820571850214421
3.642,0.802925820606497
3.643,0.818998372039643
3.644,0.840191446315657
3.645,0.843668011826028
3.646,0.796931118833622
3.647,0.799308374053691
3.648,0.7928064699459
3.649,0.797071233525999
3.65,0.805497780313652
3.651,0.763234483262228
3.652,0.718526651363807
3.653,0.737838114357532
3.654,0.763706700139583
3.655,0.739178507473976
3.656,0.738787992627128
3.657,0.711407484898345
3.658,0.716612353384449
3.659,0.716323327434223
3.66,0.718264063760173
3.661,0.721755733913099
3.662,0.719463623847573
3.663,0.726259157091283
3.664,0.750377445108465
3.665,0.766411335060308
3.666,0.730479897111874
3.667,0.74712637847261
3.668,0.76637493190996
3.669,0.770629095034295
3.67,0.771432541343838
3.671,0.78011500240819
3.672,0.740967290976087
3.673,0.73567388297885
3.674,0.747962768200514
3.675,0.75587008077141
3.676,0.751805739818975
3.677,0.729043706500676
3.678,0.699660325015036
3.679,0.724626189355841
3.68,0.728903968654402
3.681,0.76701546039386
3.682,0.764914514610538
3.683,0.78870949055256
3.684,0.800873972276446
3.685,0.781511968576345
3.686,0.793653552159077
3.687,0.802549885345945
3.688,0.806207506891513
3.689,0.821897269272854
3.69,0.82237090666568
3.691,0.837037438382049
3.692,0.856666242452753
3.693,0.848657921027128
3.694,0.818072224716249
3.695,0.811264184954839
3.696,0.800256316705779
3.697,0.770864308185674
3.698,0.745608161882686
3.699,0.728157224104361
3.7,0.739995001744213
3.701,0.725530052030985
3.702,0.758357557530374
3.703,0.744220714060606
3.704,0.754804903026405
3.705,0.771148936875553
3.706,0.752425675936568
3.707,0.770986244940985
3.708,0.787850841702866
3.709,0.778308869509784
3.71,0.792889411244954
3.711,0.792539159011508
3.712,0.825269231288735
3.713,0.831774163403821
3.714,0.819474069504779
3.715,0.79816996894978
3.716,0.804678299627707
3.717,0.806755404032422
3.718,0.798850290054814
3.719,0.827565536284174
3.72,0.849662767384711
3.721,0.873307262736895
3.722,0.874004288342046
3.723,0.889203335666206
3.724,0.868847965243788
3.725,0.879054844174699
3.726,0.865135023948754
3.727,0.863739263492066
3.728,0.867427588464087
3.729,0.87473967051009
3.73,0.882061552622286
3.731,0.856881325684569
3.732,0.879757376086926
3.733,0.872435634024714
3.734,0.850050776238912
3.735,0.824404387809136
3.736,0.837315542616981
3.737,0.798954921769802
3.738,0.80383750191864
3.739,0.818745219659086
3.74,0.829159004377389
3.741,0.823469702799417
3.742,0.805245690446861
3.743,0.819609456358486
3.744,0.801061549785122
3.745,0.786655669388902
3.746,0.787483973992097
3.747,0.769578667794955
3.748,0.7239107383605
3.749,0.701308740553887
3.75,0.702873628711565
3.751,0.761858494979884
3.752,0.795772492849553
3.753,0.797432915634186
3.754,0.81293824893592
3.755,0.830141356121217
3.756,0.825449707808142
3.757,0.848780388825285
3.758,0.830031725241683
3.759,0.826127975918384
3.76,0.772104964826563
3.761,0.759222233885497
3.762,0.750681340197491
3.763,0.771444847933621
3.764,0.742203745515308
3.765,0.697194180379374
3.766,0.714749314556227
3.767,0.718370140434502
3.768,0.721945414547737
3.769,0.754275901038636
3.77,0.77175806427656
3.771,0.792732268605341
3.772,0.80451046395629
3.773,0.805657713260734
3.774,0.772713888057093
3.775,0.747588625673865
3.776,0.747405743206988
3.777,0.742477478853875
3.778,0.759932564781382
3.779,0.775691851701281
3.78,0.752764907767626
3.781,0.792434328547758
3.782,0.765714733048759
3.783,0.76021548988735
3.784,0.759317446940825
3.785,0.774501016464903
3.786,0.765905110355445
3.787,0.775452154524089
3.788,0.773044411066401
3.789,0.775357982602139
3.79,0.767292288257143
3.791,0.790154314173966
3.792,0.758118634770006
3.793,0.75490253239201
3.794,0.756335974959042
3.795,0.752638143057829
3.796,0.744000008681929
3.797,0.741403970436582
3.798,0.707749170186425
3.799,0.697036616282574
3.8,0.70303004198364
3.801,0.704996608638961
3.802,0.711214988852684
3.803,0.729649194459655
3.804,0.739979494631126
3.805,0.755533002160222
3.806,0.767333264975644
3.807,0.792435485257149
3.808,0.815222140530535
3.809,0.842542554488784
3.81,0.840773426624709
3.811,0.847454759808562
3.812,0.845447361791795
3.813,0.83040697337087
3.814,0.825839328962927
3.815,0.778064971196865
3.816,0.831446309955473
3.817,0.816048797408912
3.818,0.808522905646723
3.819,0.817403439997243
3.82,0.815139154153893
3.821,0.829236980303508
3.822,0.840094025083089
3.823,0.845208617103201
3.824,0.88614720394548
3.825,0.916962827359098
3.826,0.88781367226604
3.827,0.909841921009018
3.828,0.92455736104458
3.829,0.934596465475077
3.83,0.945694565576003
3.831,0.932379967204164
3.832,0.938930841200233
3.833,0.945119030081047
3.834,0.957457206376482
3.835,0.920965132534893
3.836,0.961455232092116
3.837,0.951518969145925
3.838,0.982684091433129
3.839,1.01834795693843
3.84,1.01512757739174
3.841,1.02025361179367
3.842,1.01001528802729
3.843,0.989449786996111
3.844,0.973941885483938
3.845,0.96916037903095
3.846,0.955502323848271
3.847,0.987455200734008
3.848,0.995138918500823
3.849,1.02203116172209
3.85,1.00484445543892
3.851,0.984772743801171
3.852,0.977779348972962
3.853,0.969273610659121
3.854,0.960162008129366
3.855,0.946579129046084
3.856,0.984950868017363
3.857,1.00227590059029
3.858,0.995207706472717
3.859,1.00755660389157
3.86,0.992943648705955
3.861,0.982074810133932
3.862,0.983888720844847
3.863,0.984985443430178
3.864,0.97961733571208
3.865,0.995428681296667
3.866,0.995434334307335
3.867,0.992117691450728
3.868,0.984946677196995
3.869,1.00556090728218
3.87,1.03124324872758
3.871,1.02250731078473
3.872,1.01186581065049
3.873,1.01558349642841
3.874,1.03063043062773
3.875,1.00259657729031
3.876,1.01807812435182
3.877,1.00799097186477
3.878,1.03246957805197
3.879,1.01868012810227
3.88,1.02605219497099
3.881,1.05235878338929
3.882,1.04338146765783
3.883,1.03519577815644
3.884,1.01258035253639
3.885,1.00856327916219
3.886,0.984085939282528
3.887,1.01182627461305
3.888,1.02334840394634
3.889,1.03350316608045
3.89,1.06473314064507
3.891,1.0754449206108
3.892,1.08669109377091
3.893,1.0976683754592
3.894,1.09590124800475
3.895,1.13744083260953
3.896,1.10555200640937
3.897,1.10830437656246
3.898,1.11537472866308
3.899,1.12300327198938
3.9,1.11759010672009
3.901,1.13546091148217
3.902,1.1284050770735
3.903,1.14586621470825
3.904,1.11653812441172
3.905,1.10642864420965
3.906,1.11197704824619
3.907,1.12032335802855
3.908,1.11345093023526
3.909,1.11534071360284
3.91,1.11274861779728
3.911,1.09415889365676
3.912,1.07721484535567
3.913,1.10574842539701
3.914,1.09232485995383
3.915,1.06088411340371
3.916,1.05571831320052
3.917,1.07070443555274
3.918,1.05702706995085
3.919,1.08907010301108
3.92,1.07454738240266
3.921,1.07317078472939
3.922,1.04159400215319
3.923,1.04594498234037
3.924,1.05302964680259
3.925,1.06117368555854
3.926,1.06094588996259
3.927,1.07473125229065
3.928,1.0826166144033
3.929,1.06863119388203
3.93,1.08470015632547
3.931,1.0716173021766
3.932,1.05115087859541
3.933,1.05743550551338
3.934,0.982376025519025
3.935,1.00320025670277
3.936,0.994853902437265
3.937,1.02446319461671
3.938,1.0156574235134
3.939,1.03216614787458
3.94,1.03936004662576
3.941,1.01179814589118
3.942,0.987082553797306
3.943,0.992462391118963
3.944,0.998314729578481
3.945,1.01259759005605
3.946,0.987420034060551
3.947,1.00977936254696
3.948,0.981630254350395
3.949,1.04108119382057
3.95,1.08140454803203
3.951,1.06243947791136
3.952,1.06645179712022
3.953,1.07876470319779
3.954,1.04982726048706
3.955,1.0222153763595
3.956,1.02183308819046
3.957,1.06749655829757
3.958,1.05840783381262
3.959,1.06373849824172
3.96,1.06188219441073
3.961,1.02300180448523
3.962,1.0503670648661
3.963,1.06478641753622
3.964,1.04437449100322
3.965,1.0243428525014
3.966,1.00244674070413
3.967,0.989951421477098
3.968,0.98719153220807
3.969,0.979410567545555
3.97,0.999470058236152
3.971,0.987455224312839
3.972,0.977310308402592
3.973,0.950502331654204
3.974,0.930611401607151
3.975,0.919983678251089
3.976,0.927764461533797
3.977,0.917489266700852
3.978,0.918601677734765
3.979,0.912697236575667
3.98,0.92562689929724
3.981,0.894680619296664
3.982,0.867644700946885
3.983,0.837679441612618
3.984,0.866309875932236
3.985,0.838271414690965
3.986,0.856145234485669
3.987,0.875635056905345
3.988,0.868406620469624
3.989,0.892889952802726
3.99,0.936219656208578
3.991,0.933059817993101
3.992,0.892162015844587
3.993,0.895199128006689
3.994,0.848030967903101
3.995,0.871086571175315
3.996,0.870590427397448
3.997,0.879035375740737
3.998,0.906852829489047
3.999,0.905526283092287
4,0.959858401166391
4.001,0.914687554173389
4.002,0.911125545861537
4.003,0.902128040464243
4.004,0.912634200844451
4.005,0.920228728344265
4.006,0.921385062490923
4.007,0.922486982331495
4.008,0.938915337830841
4.009,0.962582522665843
4.01,0.972870656264152
4.011,0.96245622163592
4.012,0.942899042784699
4.013,0.95611431649245
4.014,0.960628134289624
4.015,0.96900526034258
4.016,0.964085177407853
4.017,0.988812557137651
4.018,0.984981260684528
4.019,0.993430163363454
4.02,0.993269284104838
4.021,0.988769635487847
4.022,0.941203840333124
4.023,0.948379970050842
4.024,0.943380704867368
4.025,0.991700710998376
4.026,1.0131934727898
4.027,1.01381286532969
4.028,1.00848381563731
4.029,1.04918770623234
4.03,1.06806215894741
4.031,1.09411835055171
4.032,1.12418898630379
4.033,1.13500600053677
4.034,1.13999456966862
4.035,1.13734180141945
4.036,1.09135598749481
4.037,1.09413164861998
4.038,1.09145305681468
4.039,1.08584169694952
4.04,1.1193362666872
4.041,1.12842462569658
4.042,1.11715676379652
4.043,1.12154991082888
4.044,1.12192105933138
4.045,1.13481728211237
4.046,1.13881987344813
4.047,1.1555822914766
4.048,1.11119425902518
4.049,1.11057429523305
4.05,1.09515609434366
4.051,1.11994054414027
4.052,1.14949936935238
4.053,1.15858996384289
4.054,1.15931029460254
4.055,1.13960266798546
4.056,1.13453419796193
4.057,1.10707758173317
4.058,1.09410911700439
4.059,1.11080319193898
4.06,1.10157125075915
4.061,1.14387820122357
4.062,1.13070871899636
4.063,1.16243667532993
4.064,1.16768983282183
4.065,1.13408122340233
4.066,1.14835207786671
4.067,1.1270545192233
4.068,1.10195141185414
4.069,1.11402691427966
4.07,1.08195502826589
4.071,1.02038375430603
4.072,0.999315447983478
4.073,1.03139095468689
4.074,1.02404341579304
4.075,1.04469037184272
4.076,1.04403935916628
4.077,1.04265016205695
4.078,1.08031374879562
4.079,1.05191828406807
4.08,1.05784391479982
4.081,1.0613625129617
4.082,1.0541565335521
4.083,1.06891931652842
4.084,1.06270981983604
4.085,1.0342136793367
4.086,1.02810131081678
4.087,1.02138995206343
4.088,1.04752527896255
4.089,1.05841457758094
4.09,1.04383899659388
4.091,1.03639588652007
4.092,1.04179765202271
4.093,1.04546304592301
4.094,1.05123366020077
4.095,1.0458915033866
4.096,1.03274415900683
4.097,1.03415538404806
4.098,1.02202197237406
4.099,1.02356154424645
4.1,1.04917049036288
4.101,1.00163264100508
4.102,1.02623102302387
4.103,1.0239210608162
4.104,1.00168112373891
4.105,1.02179513625781
4.106,1.00086679879269
4.107,1.00423889755224
4.108,1.0337977845458
4.109,1.06398962962657
4.11,1.03620589276679
4.111,1.01325406488238
4.112,1.01170203374679
4.113,0.971775274158271
4.114,0.979054942768414
4.115,1.01072702253216
4.116,0.987307748963548
4.117,1.01534984305224
4.118,1.03942910846562
4.119,1.03508542357267
4.12,1.01632893415658
4.121,1.02501548451076
4.122,1.01613591853967
4.123,1.03318261446227
4.124,1.06159864191625
4.125,1.0262119721942
4.126,1.032688673618
4.127,1.05513782023645
4.128,1.07022842102108
4.129,1.05577814818295
4.13,1.07335651059233
4.131,1.02713156342914
4.132,1.00231570890164
4.133,0.977932438456121
4.134,0.940361502856855
4.135,0.948891372215977
4.136,0.910683058975468
4.137,0.876721985930768
4.138,0.844777491715727
4.139,0.850942463559222
4.14,0.87618767699855
4.141,0.871860738062477
4.142,0.880754449799988
4.143,0.895233490301659
4.144,0.907834717658097
4.145,0.904478568534971
4.146,0.930803523172173
4.147,0.909464220389482
4.148,0.909058558533437
4.149,0.931941104433905
4.15,0.949096632253175
4.151,0.911698890320452
4.152,0.916293424380721
4.153,0.948827748750036
4.154,0.946076610373541
4.155,0.945519021414385
4.156,0.933360336637518
4.157,0.935883196730675
4.158,0.950661935440508
4.159,0.939936615530909
4.16,0.950382205788055
4.161,0.913946751687664
4.162,0.932608853507503
4.163,0.944633664542507
4.164,0.902645404622344
4.165,0.926173745222745
4.166,0.906669143498315
4.167,0.878490808300078
4.168,0.835837140586307
4.169,0.873282694840593
4.17,0.87654011126359
4.171,0.892919221255491
4.172,0.948163520209781
4.173,0.954583219693515
4.174,0.943192399869821
4.175,0.950402643600863
4.176,0.970972703750252
4.177,0.970486107656805
4.178,0.951305670474055
4.179,0.972510295779403
4.18,1.00319505202177
4.181,0.995155402041129
4.182,1.02066990575565
4.183,1.00187533387065
4.184,0.998604340496985
4.185,1.0047825904754
4.186,0.965023052399347
4.187,0.978298473237464
4.188,0.963798446814117
4.189,0.964010750570666
4.19,1.00861410957932
4.191,1.00784813394513
4.192,0.985960630312596
4.193,0.954294357354045
4.194,0.960180274019431
4.195,0.965582870558425
4.196,1.01880869663124
4.197,1.01202614662774
4.198,1.04443319907176
4.199,1.05522667067567
4.2,1.06831504704511
4.201,1.05802382997207
4.202,1.03905834274511
4.203,1.09506987469814
4.204,1.1055535618916
4.205,1.0683102342316
4.206,1.09963005559056
4.207,1.09740982645978
4.208,1.1050921954462
4.209,1.13400481803987
4.21,1.17540555274089
4.211,1.169381165158
4.212,1.19832354945235
4.213,1.14098934485155
4.214,1.11175637006914
4.215,1.11325371002977
4.216,1.09725458599356
4.217,1.08627340068007
4.218,1.08123535795419
4.219,1.06248731578527
4.22,1.07048296524944
4.221,1.07721683496944
4.222,1.08054045948417
4.223,1.06777812776017
4.224,1.07980195859408
4.225,1.07984339711635
4.226,1.06875446869692
4.227,1.0857525109981
4.228,1.07181385003546
4.229,1.10121986736155
4.23,1.13255265833261
4.231,1.1397862356837
4.232,1.13822396009303
4.233,1.1298919505154
4.234,1.14238297958774
4.235,1.10763821957791
4.236,1.11119321793795
4.237,1.1350093806822
4.238,1.14704240883565
4.239,1.15300998156534
4.24,1.16343330786846
4.241,1.19486773727948
4.242,1.19440246781499
4.243,1.2145116475132
4.244,1.19702381833867
4.245,1.20046338434392
4.246,1.2246321585351
4.247,1.19816265645392
4.248,1.17853174988504
4.249,1.19756307175268
4.25,1.19827161900197
4.251,1.20673530380021
4.252,1.19780595414677
4.253,1.20998973572088
4.254,1.2485049334335
4.255,1.25466750394211
4.256,1.2503905457537
4.257,1.20176533307584
4.258,1.16302492175992
4.259,1.17619244907332
4.26,1.16770727600768
4.261,1.18135032754885
4.262,1.16024372462601
4.263,1.17470545166059
4.264,1.17888018959294
4.265,1.15263741332032
4.266,1.14102362945596
4.267,1.1761881501586
4.268,1.17294875398031
4.269,1.14075657310398
4.27,1.15029045951134
4.271,1.1561865572749
4.272,1.17375195214525
4.273,1.16996480899206
4.274,1.18497320602837
4.275,1.19515186872498
4.276,1.20988158242429
4.277,1.20049011655727
4.278,1.21486669497987
4.279,1.28743702192526
4.28,1.28888589171618
4.281,1.26410886660725
4.282,1.25395826587916
4.283,1.24069317297549
4.284,1.25682590288829
4.285,1.27180535277737
4.286,1.26288375660453
4.287,1.24496128912558
4.288,1.24147935590189
4.289,1.24328459433099
4.29,1.2992875078316
4.291,1.29756477851398
4.292,1.31354192474876
4.293,1.31968041409833
4.294,1.321735086782
4.295,1.29385941555539
4.296,1.26112242646158
4.297,1.26894665267753
4.298,1.25786258452123
4.299,1.26055388083677
4.3,1.2492603782942
4.301,1.25722886003396
4.302,1.26987691747274
4.303,1.26826043996965
4.304,1.26340371356377
4.305,1.26074443075193
4.306,1.28669599523554
4.307,1.33158632187458
4.308,1.31927623115513
4.309,1.3164722151098
4.31,1.33189346689227
4.311,1.30689236662341
4.312,1.30658925280783
4.313,1.32803626873948
4.314,1.3070615404539
4.315,1.3358541948629
4.316,1.31845413890497
4.317,1.29581179603822
4.318,1.30521962874737
4.319,1.29520675054251
4.32,1.28344532554432
4.321,1.29018117745464
4.322,1.27508535006059
4.323,1.29538818328029
4.324,1.26490350113841
4.325,1.26018004749976
4.326,1.26019947186442
4.327,1.28234211214903
4.328,1.29378548334346
4.329,1.29743311752149
4.33,1.30414792468719
4.331,1.29088227703766
4.332,1.29820637057166
4.333,1.30126146132261
4.334,1.3258542481368
4.335,1.31483543922353
4.336,1.32164260657395
4.337,1.26921483297601
4.338,1.29069558197921
4.339,1.33157076818223
4.34,1.34030573367268
4.341,1.3273190398255
4.342,1.36112308109125
4.343,1.32972692349666
4.344,1.31777441785762
4.345,1.33336412623705
4.346,1.34687258533288
4.347,1.32059967578281
4.348,1.31294399034319
4.349,1.32021687215168
4.35,1.29742262259164
4.351,1.31621565840047
4.352,1.28759341910743
4.353,1.28713566433802
4.354,1.28239613550249
4.355,1.25562019045738
4.356,1.25783995233905
4.357,1.26184327432405
4.358,1.26387461128144
4.359,1.28205568159958
4.36,1.27335188537898
4.361,1.28345692715795
4.362,1.27899133471022
4.363,1.31146257260256
4.364,1.33189796724592
4.365,1.32349776509645
4.366,1.3188528893719
4.367,1.32789541258602
4.368,1.29735523518221
4.369,1.31914118281161
4.37,1.30363591132913
4.371,1.28375024671494
4.372,1.28032948790187
4.373,1.27733015115355
4.374,1.28719969729575
4.375,1.3036323246935
4.376,1.31883091196429
4.377,1.30936495534381
4.378,1.28086753419035
4.379,1.28640946184609
4.38,1.28674194635933
4.381,1.29674490501108
4.382,1.30292080337887
4.383,1.31968462620147
4.384,1.33097931423887
4.385,1.33824381643798
4.386,1.33786851258773
4.387,1.31495550827368
4.388,1.35208169137894
4.389,1.37087892843265
4.39,1.37165626889707
4.391,1.41265210522999
4.392,1.43270053033443
4.393,1.43563528628207
4.394,1.42235932202699
4.395,1.40260859403444
4.396,1.45053494795739
4.397,1.40839563887304
4.398,1.40356103720521
4.399,1.44011902871998
4.4,1.44453536052066
4.401,1.45904026512868
4.402,1.47380076743235
4.403,1.45752591697647
4.404,1.47548789884999
4.405,1.47310851062523
4.406,1.4663725120898
4.407,1.4443594800004
4.408,1.45269887293287
4.409,1.48816086715816
4.41,1.49531846365887
4.411,1.5198918443888
4.412,1.54156371930368
4.413,1.53889278103703
4.414,1.52599891680639
4.415,1.51569100326622
4.416,1.52265324967391
4.417,1.53853181766033
4.418,1.54927590405908
4.419,1.55839864062385
4.42,1.51981547814359
4.421,1.53791479600554
4.422,1.54030539558532
4.423,1.53175482636882
4.424,1.48736798711941
4.425,1.46544773925224
4.426,1.48489843252979
4.427,1.51084031152453
4.428,1.4966093408609
4.429,1.49150025248411
4.43,1.47617163487382
4.431,1.46842317612895
4.432,1.48074889981749
4.433,1.47604772759382
4.434,1.48372644423674
4.435,1.44180130073136
4.436,1.45666546637529
4.437,1.45502880199885
4.438,1.46598729181509
4.439,1.45903464147379
4.44,1.43752955011917
4.441,1.4682572070105
4.442,1.44526865476461
4.443,1.46009402580471
4.444,1.4757157853025
4.445,1.48841628608288
4.446,1.5029927211217
4.447,1.48515955699147
4.448,1.47590251436019
4.449,1.47376779834574
4.45,1.50786139380926
4.451,1.49481985247944
4.452,1.48519147371235
4.453,1.48672559669266
4.454,1.4630078219153
4.455,1.47453592789982
4.456,1.48018587334919
4.457,1.45188416692965
4.458,1.44153969470105
4.459,1.4471529472042
4.46,1.44009699982156
4.461,1.43300743423064
4.462,1.44116956097363
4.463,1.44012910146807
4.464,1.45565970783072
4.465,1.47152591035533
4.466,1.44880025524445
4.467,1.42787359930807
4.468,1.39610564253558
4.469,1.39477163263216
4.47,1.41240477926404
4.471,1.41616116245822
4.472,1.40981030621125
4.473,1.4150792514252
4.474,1.41051600592522
4.475,1.40745736299476
4.476,1.41958684471984
4.477,1.45323500193257
4.478,1.42876913600046
4.479,1.4171555007829
4.48,1.42770720446242
4.481,1.441474548217
4.482,1.48199937374727
4.483,1.51445260422552
4.484,1.51331289709107
4.485,1.5196811338584
4.486,1.56980170020293
4.487,1.57234250306487
4.488,1.59452614584264
4.489,1.60203110546617
4.49,1.61682874399061
4.491,1.63023420928863
4.492,1.61973816057459
4.493,1.57796073493246
4.494,1.55121883630962
4.495,1.53768672796174
4.496,1.50144534610995
4.497,1.50507653973902
4.498,1.50221658058739
4.499,1.49185273647118
4.5,1.46544430164312
4.501,1.47116675075304
4.502,1.45564207352003
4.503,1.48321825908468
4.504,1.4660360646947
4.505,1.48164832164809
4.506,1.49594930120924
4.507,1.50356598937986
4.508,1.47458561219959
4.509,1.45357038943876
4.51,1.47441141961254
4.511,1.47829200525328
4.512,1.48943657708275
4.513,1.48782474011827
4.514,1.46108790441514
4.515,1.44605663916266
4.516,1.45547714963608
4.517,1.41792472355539
4.518,1.38590830060303
4.519,1.39411594218068
4.52,1.38429916388366
4.521,1.39983683633933
4.522,1.40728296258974
4.523,1.42721557495386
4.524,1.44626170484484
4.525,1.4433410676421
4.526,1.41595382948195
4.527,1.37298363632878
4.528,1.37283122052286
4.529,1.38261017825159
4.53,1.43318159053833
4.531,1.43501621573823
4.532,1.41836186271474
4.533,1.39824519577741
4.534,1.38945151120178
4.535,1.37740151284005
4.536,1.3594827296525
4.537,1.36336423022202
4.538,1.33517052038574
4.539,1.36199721582977
4.54,1.40833959928367
4.541,1.4052983634292
4.542,1.4232728572184
4.543,1.42425565860732
4.544,1.43083119698929
4.545,1.40516099970221
4.546,1.39114325293829
4.547,1.39374216472096
4.548,1.37451641511152
4.549,1.3491502048687
4.55,1.33562059147712
4.551,1.33504897310235
4.552,1.32170111008706
4.553,1.30747192089495
4.554,1.32722307781102
4.555,1.35637717968877
4.556,1.35052627032531
4.557,1.37712562000661
4.558,1.39011778219954
4.559,1.40772182093202
4.56,1.40412798871642
4.561,1.40460956957008
4.562,1.39470970798647
4.563,1.39064092296976
4.564,1.39077711111023
4.565,1.42281464097509
4.566,1.41492745686767
4.567,1.39973752939347
4.568,1.40869756180134
4.569,1.38657591233957
4.57,1.38762289244896
4.571,1.36688995826912
4.572,1.39721788324061
4.573,1.41815136285196
4.574,1.38456824043317
4.575,1.37092475550587
4.576,1.37828206363616
4.577,1.36570566643573
4.578,1.37359492620774
4.579,1.39869551225076
4.58,1.34725231143617
4.581,1.34762362273747
4.582,1.35549565234099
4.583,1.3525664912481
4.584,1.33318336260507
4.585,1.35743399495379
4.586,1.33441332171325
4.587,1.33157091855005
4.588,1.35334202413455
4.589,1.33709098168526
4.59,1.35421982379188
4.591,1.3421235877476
4.592,1.33948572129577
4.593,1.32919647204798
4.594,1.33044525438582
4.595,1.32543692392639
4.596,1.30867912510312
4.597,1.275251179362
4.598,1.24044529882378
4.599,1.21648045856385
4.6,1.22864085827558
4.601,1.23648955004535
4.602,1.21568832116428
4.603,1.21357999166891
4.604,1.22604910448973
4.605,1.22066946220177
4.606,1.21953572635591
4.607,1.20991366827702
4.608,1.22853291831808
4.609,1.2059916129776
4.61,1.20866724199363
4.611,1.18868424888587
4.612,1.14590317842595
4.613,1.16722275572961
4.614,1.16413855921338
4.615,1.19407124745068
4.616,1.20564882420146
4.617,1.20339556397619
4.618,1.23553599121613
4.619,1.25613882718737
4.62,1.27110784033997
4.621,1.27875783697541
4.622,1.27354998712953
4.623,1.28789567986637
4.624,1.31186588645959
4.625,1.31210531811322
4.626,1.31350869664837
4.627,1.30069843537499
4.628,1.30868830401606
4.629,1.30255678565053
4.63,1.25973035412778
4.631,1.26103747842539
4.632,1.21806118303209
4.633,1.2025685564296
4.634,1.18103623404397
4.635,1.1978626587599
4.636,1.21307212912341
4.637,1.19941486539015
4.638,1.15546637342409
4.639,1.19374379892247
4.64,1.16849138061614
4.641,1.16930998565299
4.642,1.17741896552304
4.643,1.19291943929329
4.644,1.17802366205668
4.645,1.16189057118785
4.646,1.15497689776244
4.647,1.17940538036462
4.648,1.18932545742936
4.649,1.21736471645956
4.65,1.19166028841716
4.651,1.20463050178952
4.652,1.19622227400384
4.653,1.14520607721831
4.654,1.16229306111419
4.655,1.2141310910078
4.656,1.21976311362224
4.657,1.22126235541371
4.658,1.25155523469992
4.659,1.25562894281548
4.66,1.23504089488775
4.661,1.25660601401217
4.662,1.27508457309659
4.663,1.26882549286302
4.664,1.27333058973889
4.665,1.24101334604775
4.666,1.2247953249666
4.667,1.21695718414461
4.668,1.24493374507407
4.669,1.20862709362523
4.67,1.20989938974172
4.671,1.22110914240988
4.672,1.19207985182301
4.673,1.17752723401937
4.674,1.15804757303872
4.675,1.1532895609522
4.676,1.1428996717318
4.677,1.13825793393895
4.678,1.11814617237953
4.679,1.1225299350713
4.68,1.13606991889391
4.681,1.1154420876786
4.682,1.10968331564893
4.683,1.14371863091128
4.684,1.15429949070962
4.685,1.16347783001822
4.686,1.14778598581186
4.687,1.16864896974604
4.688,1.16350363644584
4.689,1.19849079520561
4.69,1.2004477311721
4.691,1.17450379975122
4.692,1.1807435480153
4.693,1.17493520311549
4.694,1.18113328026952
4.695,1.14704335473928
4.696,1.11294716431199
4.697,1.10577269737343
4.698,1.12796914338063
4.699,1.13895106260419
4.7,1.13719532292418
4.701,1.13477974937252
4.702,1.14152314964809
4.703,1.1898166746732
4.704,1.19196938565227
4.705,1.20154708384319
4.706,1.19752021293001
4.707,1.14780583153834
4.708,1.1493372230046
4.709,1.12739479242743
4.71,1.11652990692306
4.711,1.09984470487806
4.712,1.11060203640736
4.713,1.11126552649569
4.714,1.1287270737727
4.715,1.14231087213313
4.716,1.11776336155962
4.717,1.11040476182279
4.718,1.11586783276787
4.719,1.13612347523615
4.72,1.16062859207027
4.721,1.18691985173798
4.722,1.16674077853316
4.723,1.16524236348141
4.724,1.14357178984042
4.725,1.17063779172826
4.726,1.17638531965657
4.727,1.17435429934491
4.728,1.17146740238035
4.729,1.13410883027801
4.73,1.12470013351915
4.731,1.14665579735074
4.732,1.13201102408945
4.733,1.1453791882697
4.734,1.1440597218172
4.735,1.14686736977064
4.736,1.16714625268003
4.737,1.15110087348204
4.738,1.11844516495617
4.739,1.0990070810027
4.74,1.14814036036872
4.741,1.16787115688933
4.742,1.14772233880418
4.743,1.17597194903862
4.744,1.14694017296716
4.745,1.18230597894516
4.746,1.21651699702392
4.747,1.22112291784608
4.748,1.17982282136602
4.749,1.1826225081602
4.75,1.1928506535674
4.751,1.21575573459322
4.752,1.19886085956534
4.753,1.21932970007127
4.754,1.26823763525643
4.755,1.2907674057201
4.756,1.27381533240582
4.757,1.29751898312917
4.758,1.31831625399094
4.759,1.32813858231486
4.76,1.31932532136114
4.761,1.23988362124005
4.762,1.23098975218552
4.763,1.21029251576028
4.764,1.20679973610196
4.765,1.2002624838075
4.766,1.19225835074179
4.767,1.15154071359556
4.768,1.12770235639578
4.769,1.13892528354717
4.77,1.16326343126342
4.771,1.12941887821085
4.772,1.14788033352467
4.773,1.15701554231742
4.774,1.13703773472899
4.775,1.13678017245996
4.776,1.1565549409326
4.777,1.12759441458671
4.778,1.13187657198632
4.779,1.10434083592266
4.78,1.13993321339431
4.781,1.14284454306408
4.782,1.11743068124837
4.783,1.11204093794054
4.784,1.10596554234843
4.785,1.08839377315849
4.786,1.07218150435727
4.787,1.05465395060471
4.788,1.05624515919602
4.789,1.04350003304519
4.79,1.0293746943803
4.791,0.997256419112246
4.792,0.997555505754971
4.793,0.990486336478625
4.794,0.946225126123483
4.795,0.922102765571575
4.796,0.916398029109558
4.797,0.923656422562638
4.798,0.914923450934163
4.799,0.895396995644351
4.8,0.892575398759281
4.801,0.90959530264484
4.802,0.895526700287346
4.803,0.903897526854952
4.804,0.899078704333696
4.805,0.878976423824731
4.806,0.871830919176999
4.807,0.865283815756799
4.808,0.868711109212984
4.809,0.837749528615351
4.81,0.842842693531888
4.811,0.835454639619185
4.812,0.853437557892282
4.813,0.839151200812373
4.814,0.847527491541444
4.815,0.83488362263946
4.816,0.804703349790575
4.817,0.832432475186733
4.818,0.811908764416362
4.819,0.831780180581209
4.82,0.847321161148675
4.821,0.880856083839394
4.822,0.904553541895558
4.823,0.900229237134587
4.824,0.938028896676358
4.825,0.945957319274765
4.826,0.971679603936422
4.827,0.969417794049114
4.828,0.963492709390844
4.829,0.967885905636887
4.83,0.976047973752315
4.831,0.991999250939975
4.832,1.00818482663682
4.833,1.0121927358495
4.834,0.971898969376849
4.835,0.984776262428027
4.836,0.993167147066225
4.837,1.01173344617644
4.838,1.00722302390652
4.839,0.991047249243113
4.84,1.03367874068089
4.841,1.04459021966185
4.842,1.05967863697538
4.843,1.08169732094055
4.844,1.10490936866431
4.845,1.08113800878049
4.846,1.07938878954037
4.847,1.10046094855635
4.848,1.12153513712955
4.849,1.11375414543613
4.85,1.1009777745955
4.851,1.11304258827739
4.852,1.12501260270919
4.853,1.10593316975947
4.854,1.08167480349318
4.855,1.10352697512386
4.856,1.10668987753791
4.857,1.08256546610223
4.858,1.08815357718774
4.859,1.08681856487603
4.86,1.08795397381678
4.861,1.1017373932953
4.862,1.07170950576255
4.863,1.07882395702243
4.864,1.09486982941632
4.865,1.07557718644185
4.866,1.08912376000716
4.867,1.11791913626701
4.868,1.10198464401237
4.869,1.13448430145544
4.87,1.11778414662542
4.871,1.14874376332733
4.872,1.11330805489532
4.873,1.13183393180072
4.874,1.10908301238942
4.875,1.10114058929887
4.876,1.0602969787859
4.877,1.05132689537402
4.878,1.04853263064034
4.879,1.03555916819724
4.88,1.06356938088893
4.881,1.05629069280413
4.882,1.06232694051424
4.883,1.01446161035876
4.884,1.01164747452762
4.885,1.02381244274676
4.886,0.997316392867549
4.887,0.97282957808772
4.888,0.993985657531089
4.889,0.99459425854828
4.89,0.991352005513848
4.891,0.984906472388224
4.892,0.94130843454721
4.893,0.891527505776638
4.894,0.902643439906369
4.895,0.922915602623365
4.896,0.923170793525549
4.897,0.910463726783675
4.898,0.887415150188307
4.899,0.91674045512565
4.9,0.926482711922881
4.901,0.939742504552734
4.902,0.955580748274533
4.903,0.983864914564871
4.904,0.992312146330398
4.905,0.978436390259674
4.906,0.96994669766462
4.907,0.93635101529527
4.908,0.941579781518865
4.909,0.956333150312972
4.91,0.928707429929836
4.911,0.939177952220856
4.912,0.95456939915664
4.913,0.951787151977495
4.914,0.920926116696078
4.915,0.937708406837334
4.916,0.915137989761813
4.917,0.87401206874129
4.918,0.898991789461943
4.919,0.84490601956308
4.92,0.88952433353758
4.921,0.910462084598115
4.922,0.902712171020166
4.923,0.919382355540419
4.924,0.886899888081697
4.925,0.850220706025292
4.926,0.86415628750682
4.927,0.876597148426819
4.928,0.886677631463488
4.929,0.885141710154152
4.93,0.877091042784149
4.931,0.911270650538769
4.932,0.91423859552581
4.933,0.876352851709323
4.934,0.900429736065034
4.935,0.91482259801375
4.936,0.924028959916097
4.937,0.951080476538781
4.938,0.9628714612075
4.939,0.998145815321588
4.94,1.00092962232737
4.941,1.0101846351294
4.942,1.0215770496044
4.943,1.04904266836642
4.944,1.03901533866143
4.945,1.06091379845574
4.946,1.04672813754025
4.947,1.06594248940255
4.948,1.06953921644383
4.949,1.06662490984258
4.95,1.06015098901798
4.951,1.01746855077482
4.952,0.992216720249715
4.953,1.03686362625786
4.954,1.04995759748134
4.955,1.03730282355394
4.956,1.0372162506956
4.957,1.06927754898771
4.958,1.10539689204622
4.959,1.1003994683074
4.96,1.07725355265248
4.961,1.10660095890008
4.962,1.09092789975324
4.963,1.09909868224073
4.964,1.10161332387883
4.965,1.10082491024668
4.966,1.09159760339435
4.967,1.03164432165035
4.968,1.02194608445813
4.969,1.03990081706723
4.97,1.02892196583663
4.971,1.06292398895316
4.972,1.05739778435305
4.973,1.02740998096056
4.974,1.01614041009362
4.975,0.99024404522462
4.976,0.954321097542424
4.977,0.965289091415604
4.978,0.974558547369657
4.979,0.949744900674155
4.98,0.963761045990347
4.981,0.980023838936248
4.982,0.976382241462864
4.983,0.923293277590359
4.984,0.894269726653858
4.985,0.946528043491392
4.986,0.906293046805123
4.987,0.913123152077139
4.988,0.934708250150612
4.989,0.893968709163175
4.99,0.868072300275907
4.991,0.850206422075827
4.992,0.850003393621519
4.993,0.832416554261648
4.994,0.814866609212062
4.995,0.814605298220221
4.996,0.845790232809018
4.997,0.82851718607465
4.998,0.826440822553538
4.999,0.8046403232583
5,0.790710635166442
5.001,0.813187987701433
5.002,0.840073674298394
5.003,0.86993418180995
5.004,0.894537757520274
5.005,0.881697290444411
5.006,0.89668315613232
5.007,0.895114076149294
5.008,0.863986374089798
5.009,0.834264682973635
5.01,0.828134297674964
5.011,0.844802322198676
5.012,0.861826856784567
5.013,0.865077434856195
5.014,0.868000654092153
5.015,0.85477458003307
5.016,0.846411989468392
5.017,0.833365780000344
5.018,0.837822363465858
5.019,0.84371258266644
5.02,0.860143458472947
5.021,0.858282099803383
5.022,0.869362599550796
5.023,0.846332026561659
5.024,0.849623043014932
5.025,0.860190618831767
5.026,0.804864879495499
5.027,0.772770813924897
5.028,0.763483690648852
5.029,0.767324775258741
5.03,0.754774317043359
5.031,0.74199252190208
5.032,0.728678728277078
5.033,0.741469149429527
5.034,0.73062042075896
5.035,0.747125895103988
5.036,0.736287075986983
5.037,0.705799021220322
5.038,0.73692501820294
5.039,0.748471223551526
5.04,0.770416622343848
5.041,0.782212599288822
5.042,0.782643530574318
5.043,0.76112565480245
5.044,0.740664621303128
5.045,0.724614348433575
5.046,0.716466792285773
5.047,0.742180761242497
5.048,0.750071219073147
5.049,0.76546633681404
5.05,0.763682689455255
5.051,0.764568888323589
5.052,0.709675981252293
5.053,0.710630599305689
5.054,0.720597753720716
5.055,0.735756300527646
5.056,0.773346371916627
5.057,0.799144447082983
5.058,0.857886999111107
5.059,0.871457399774992
5.06,0.892096869462755
5.061,0.845695282190074
5.062,0.859271162765309
5.063,0.870625667966212
5.064,0.832836469260618
5.065,0.851449011464715
5.066,0.816313699642978
5.067,0.834835111150877
5.068,0.8574090670817
5.069,0.865477090899594
5.07,0.870092246099421
5.071,0.872662486217646
5.072,0.842636146724683
5.073,0.899231821898986
5.074,0.921084996322152
5.075,0.889739731792884
5.076,0.873176118999901
5.077,0.839522946736603
5.078,0.853140594783119
5.079,0.86871880124598
5.08,0.867991612991855
5.081,0.860961776008911
5.082,0.824219268918019
5.083,0.805047084474362
5.084,0.827152917487356
5.085,0.845319432593301
5.086,0.830979663778654
5.087,0.825973537644657
5.088,0.83225554831861
5.089,0.843740432855774
5.09,0.8304228789694
5.091,0.822147482391945
5.092,0.794244532251972
5.093,0.827410258529661
5.094,0.816875483797901
5.095,0.852033937215052
5.096,0.859598710398507
5.097,0.861318843792515
5.098,0.892249513697011
5.099,0.925441597428568
5.1,0.906717237012634
5.101,0.924277759077807
5.102,0.921475266808835
5.103,0.944026129488878
5.104,0.9506995493448
5.105,0.969989108062878
5.106,0.953312258571818
5.107,0.958826911940807
5.108,0.926988379497586
5.109,0.876490598946213
5.11,0.914378502521261
5.111,0.968808759020901
5.112,0.94060250555557
5.113,0.948901176550971
5.114,0.948699916449706
5.115,0.974636612048186
5.116,0.94097646561302
5.117,0.966046196646105
5.118,0.970595283313507
5.119,0.980329680285663
5.12,0.96659206999459
5.121,0.989948376640504
5.122,0.982837331637852
5.123,0.987033903582779
5.124,0.991511289458584
5.125,0.991039963734692
5.126,0.980792450351297
5.127,0.970392438967908
5.128,0.976910490427711
5.129,0.993532929813599
5.13,0.997940416503347
5.131,0.999982446132153
5.132,1.00401976277239
5.133,0.98816759770256
5.134,0.947624499525087
5.135,0.932245248581447
5.136,0.940186443703623
5.137,0.923189591946273
5.138,0.941785638690056
5.139,0.975972968589444
5.14,1.00248106403908
5.141,0.966680257119444
5.142,0.987813732450328
5.143,0.964292556084936
5.144,0.919068889969302
5.145,0.907304970832825
5.146,0.887412731902355
5.147,0.872155745751495
5.148,0.88971306364578
5.149,0.887213923191255
5.15,0.881095044274645
5.151,0.857579242026759
5.152,0.843634511326534
5.153,0.866352941167723
5.154,0.896409613495935
5.155,0.911017428104954
5.156,0.937529638980293
5.157,0.928541609029954
5.158,0.94067166272999
5.159,0.946227802889131
5.16,0.93573970898935
5.161,0.939035278211456
5.162,0.94416189565129
5.163,0.967803329413255
5.164,1.0003215814917
5.165,1.01578629399282
5.166,1.03281796888401
5.167,1.02595096959226
5.168,1.03170535178384
5.169,1.06037814929342
5.17,1.05621017213531
5.171,1.06848172854633
5.172,1.02546115741903
5.173,1.03062737704992
5.174,1.03449669110832
5.175,1.03771611980893
5.176,1.01307382305649
5.177,0.991616657965435
5.178,0.968276305599083
5.179,0.976957616246936
5.18,1.00910359023634
5.181,1.00273333817567
5.182,1.00703676566636
5.183,0.989727552328405
5.184,1.01279366695698
5.185,1.02083151127032
5.186,1.01520279224422
5.187,0.997818703225146
5.188,1.02634421891015
5.189,1.03438052748584
5.19,1.03390172682126
5.191,1.0462418103431
5.192,1.05086730314366
5.193,1.01623280338069
5.194,1.01216983593721
5.195,1.01435651222988
5.196,1.04222462211285
5.197,0.999056038429788
5.198,1.02080507485036
5.199,1.00285760171899
5.2,0.985512307254045
5.201,0.973142521308457
5.202,0.957596004401764
5.203,0.939118932179777
5.204,0.971660606258611
5.205,0.940475944307891
5.206,0.920285260338593
5.207,0.953112316640847
5.208,0.949901071354003
5.209,0.970302136855194
5.21,0.983330208766197
5.211,0.936020625737344
5.212,0.975382375540849
5.213,1.00530298881655
5.214,0.99939236219348
5.215,1.01847103446745
5.216,0.996879501913082
5.217,1.00014595273458
5.218,1.01145524536547
5.219,1.00033733543916
5.22,1.0107725864557
5.221,0.996741994449143
5.222,0.966358826086897
5.223,0.947449799720358
5.224,0.926300416857103
5.225,0.91609929771786
5.226,0.933578707016651
5.227,0.929760200482353
5.228,0.901888449967689
5.229,0.880724570318031
5.23,0.854742933419201
5.231,0.819170340912361
5.232,0.822383814321131
5.233,0.842600501001553
5.234,0.811712554702779
5.235,0.798418024277131
5.236,0.773806113020245
5.237,0.780391866424967
5.238,0.80923463697001
5.239,0.800944716431023
5.24,0.818705022260768
5.241,0.833198774187114
5.242,0.877792668944923
5.243,0.874345763758944
5.244,0.923022379146403
5.245,0.895334586642246
5.246,0.888185471351059
5.247,0.875739229502438
5.248,0.877465184967033
5.249,0.87717175295589
5.25,0.848527263097413
5.251,0.839886519229856
5.252,0.852476680036753
5.253,0.840482890547638
5.254,0.858422768750791
5.255,0.875424400458043
5.256,0.894979384368902
5.257,0.879196151192177
5.258,0.870829644957364
5.259,0.900509608957855
5.26,0.881008230322305
5.261,0.849729196682246
5.262,0.854826541657815
5.263,0.874514549455306
5.264,0.801149206481205
5.265,0.820189570703766
5.266,0.799191935196117
5.267,0.808165205135041
5.268,0.792853133238644
5.269,0.780221301463237
5.27,0.799773448091813
5.271,0.79063069974234
5.272,0.768031260919503
5.273,0.758225475676174
5.274,0.739749511426014
5.275,0.757827794467295
5.276,0.729981823078169
5.277,0.744043381332602
5.278,0.728737406169086
5.279,0.701812512506074
5.28,0.728482822616738
5.281,0.747342678355746
5.282,0.757102575193629
5.283,0.812956058726787
5.284,0.835257105636133
5.285,0.84693300172431
5.286,0.807889259050367
5.287,0.777096335108394
5.288,0.785646974777574
5.289,0.776636180886804
5.29,0.761969896771206
5.291,0.780043796377102
5.292,0.776128493137057
5.293,0.770581648946409
5.294,0.753482353976622
5.295,0.744114626073745
5.296,0.734366768992275
5.297,0.70219303861622
5.298,0.67918906187189
5.299,0.684226763145884
5.3,0.668521478425496
5.301,0.664239716928241
5.302,0.66515260654897
5.303,0.680935540061156
5.304,0.673373595169367
5.305,0.657505608018741
5.306,0.635241831606689
5.307,0.639098132492772
5.308,0.673666463399508
5.309,0.679085230861369
5.31,0.708183253373491
5.311,0.699197170166962
5.312,0.697615824927751
5.313,0.704153410109797
5.314,0.665688485771278
5.315,0.646502458997783
5.316,0.64348934776763
5.317,0.646462216123664
5.318,0.602649319641198
5.319,0.593407672899856
5.32,0.614222325673873
5.321,0.626968310500075
5.322,0.630909923844714
5.323,0.60720188394341
5.324,0.562860980415725
5.325,0.569108865289746
5.326,0.563564336717289
5.327,0.59814512534122
5.328,0.604416518852913
5.329,0.565471591963853
5.33,0.522590277354174
5.331,0.511122376802649
5.332,0.524101483456491
5.333,0.509714814695463
5.334,0.504875414391725
5.335,0.541344320124654
5.336,0.52561278764491
5.337,0.540458908192536
5.338,0.531708521216863
5.339,0.502223589821494
5.34,0.51253182967245
5.341,0.501689843091525
5.342,0.511887763571934
5.343,0.559407684516748
5.344,0.532015650246238
5.345,0.517787741840822
5.346,0.475719992082944
5.347,0.510850380892283
5.348,0.520788641698582
5.349,0.504795081951296
5.35,0.496611152528865
5.351,0.489474699114859
5.352,0.464478360609675
5.353,0.504573864979568
5.354,0.505198697727321
5.355,0.520667704331063
5.356,0.510546557546746
5.357,0.524362028413565
5.358,0.511965960871341
5.359,0.481884636851343
5.36,0.465349636105878
5.361,0.491291681812444
5.362,0.501010598723888
5.363,0.474765515835362
5.364,0.471926947037569
5.365,0.455411957736695
5.366,0.417852506241943
5.367,0.430503694875984
5.368,0.425757419929581
5.369,0.466214727859233
5.37,0.488627644301259
5.371,0.48418627375553
5.372,0.485338115100743
5.373,0.507734739099731
5.374,0.479528769346146
5.375,0.481420821677228
5.376,0.490312389657389
5.377,0.515491849399551
5.378,0.499816059959023
5.379,0.485228555312932
5.38,0.498792443551329
5.381,0.489242208201002
5.382,0.478347651449208
5.383,0.49545027832108
5.384,0.52266885003793
5.385,0.520826997198604
5.386,0.512088610077195
5.387,0.525337766310655
5.388,0.571026045810773
5.389,0.598016642981901
5.39,0.63579202334599
5.391,0.702474252292867
5.392,0.708532491757234
5.393,0.678606069341978
5.394,0.690850728443579
5.395,0.692181018530298
5.396,0.697239000092721
5.397,0.718218162522976
5.398,0.694526665321482
5.399,0.694870589918513
5.4,0.699447885506385
5.401,0.698016659155232
5.402,0.717061920719875
5.403,0.747865890779162
5.404,0.744039143382746
5.405,0.753594346837715
5.406,0.758853236476845
5.407,0.754532791997521
5.408,0.752432424944784
5.409,0.780992502583377
5.41,0.748556896431281
5.411,0.772859784988081
5.412,0.786800110057278
5.413,0.825464008334363
5.414,0.812752548561596
5.415,0.851190357167567
5.416,0.913164052555119
5.417,0.901009140625561
5.418,0.902564763387591
5.419,0.881970015137348
5.42,0.883599168617869
5.421,0.881549943645349
5.422,0.87194418473485
5.423,0.926260572636227
5.424,0.944735357058547
5.425,0.927082658425203
5.426,0.864199450551699
5.427,0.853173359168617
5.428,0.861402120175926
5.429,0.9030595200033
5.43,0.886547792365396
5.431,0.878559705705989
5.432,0.864096380175086
5.433,0.851358018588606
5.434,0.840660640567016
5.435,0.858874021755846
5.436,0.852321912324687
5.437,0.841784893604328
5.438,0.825014341962805
5.439,0.8592384287626
5.44,0.835477138422652
5.441,0.857181115474
5.442,0.844012258172554
5.443,0.898520195742867
5.444,0.91516764295795
5.445,0.9277437327772
5.446,0.915550049319593
5.447,0.909066622680839
5.448,0.889840467049669
5.449,0.894126146148332
5.45,0.851662392883039
5.451,0.844172054107531
5.452,0.871075337453604
5.453,0.909775154628981
5.454,0.929941356326242
5.455,0.925558108607057
5.456,0.93551837347753
5.457,0.926070794086053
5.458,0.971414299127558
5.459,0.966047655013204
5.46,0.990002631294215
5.461,0.99703045654579
5.462,1.02088362997899
5.463,1.04347141944392
5.464,1.03727657314244
5.465,1.04926504592144
5.466,1.02280380884785
5.467,0.965091807130336
5.468,0.996431804546388
5.469,0.984584674656376
5.47,0.950954927583873
5.471,0.91519203837531
5.472,0.926787150250624
5.473,0.942424397548532
5.474,0.93039583104492
5.475,0.930030651320756
5.476,0.914629110672708
5.477,0.943457998826334
5.478,0.911484718466137
5.479,0.884712770403087
5.48,0.863558428770262
5.481,0.85891061668793
5.482,0.857594019125284
5.483,0.833851836363742
5.484,0.844131947207566
5.485,0.834914849425934
5.486,0.829693757947674
5.487,0.783236685254529
5.488,0.814294864743502
5.489,0.818109295767259
5.49,0.814536670753341
5.491,0.832348540372183
5.492,0.785967081186125
5.493,0.781530833592416
5.494,0.780384944369723
5.495,0.790153124459778
5.496,0.788652689509094
5.497,0.77245798089288
5.498,0.780922253068629
5.499,0.818485709765894
5.5,0.823467886692735
5.501,0.807580807668064
5.502,0.81961683286251
5.503,0.837296165006421
5.504,0.78761557521438
5.505,0.730983813266654
5.506,0.73551612330453
5.507,0.734460333590498
5.508,0.769799292603648
5.509,0.738254120934617
5.51,0.7627624908243
5.511,0.753076086927648
5.512,0.760197779545663
5.513,0.778669144955261
5.514,0.785758145633917
5.515,0.798986237952136
5.516,0.80503523241964
5.517,0.801384970960471
5.518,0.826492014431154
5.519,0.837304174795931
5.52,0.858526353313863
5.521,0.865891828194185
5.522,0.826082596399271
5.523,0.817173551448064
5.524,0.798153287143259
5.525,0.813493041161668
5.526,0.833291365025305
5.527,0.832402009742477
5.528,0.82964789451535
5.529,0.83338855871109
5.53,0.885890944682714
5.531,0.873696782517469
5.532,0.843159198396286
5.533,0.868897463192386
5.534,0.846332043848048
5.535,0.849740028068102
5.536,0.865218057028465
5.537,0.867396840901912
5.538,0.839341821682882
5.539,0.850712925574314
5.54,0.855114215109928
5.541,0.861522784121099
5.542,0.853973404548038
5.543,0.818809489453881
5.544,0.820882867122265
5.545,0.825555784799232
5.546,0.820285419603495
5.547,0.80713537972973
5.548,0.820244660653287
5.549,0.835644321927217
5.55,0.841428502025102
5.551,0.819480155841954
5.552,0.794347048477683
5.553,0.785663773071785
5.554,0.774448503638972
5.555,0.788766754982067
5.556,0.775747547369174
5.557,0.793606182631901
5.558,0.795371486094559
5.559,0.767977022944382
5.56,0.777558583220289
5.561,0.782034960150336
5.562,0.781946639716561
5.563,0.742681869759146
5.564,0.736523163577767
5.565,0.725165146872188
5.566,0.6941927194482
5.567,0.675176991859897
5.568,0.667730626459816
5.569,0.673567259901033
5.57,0.643017970092034
5.571,0.662314838494733
5.572,0.627900255291453
5.573,0.605161510609892
5.574,0.598836066302776
5.575,0.648168679318429
5.576,0.64445303003785
5.577,0.665590789584212
5.578,0.669312007751066
5.579,0.674012002939396
5.58,0.699761157615366
5.581,0.710476708564262
5.582,0.726258188525802
5.583,0.709498573783633
5.584,0.724831833000218
5.585,0.707931774695891
5.586,0.752438236534231
5.587,0.713515158079645
5.588,0.692871157484751
5.589,0.680733229649363
5.59,0.681305055808338
5.591,0.690819724226274
5.592,0.705963779082683
5.593,0.674929406922387
5.594,0.65242403210017
5.595,0.670695981335292
5.596,0.671895619127047
5.597,0.698347203399561
5.598,0.709088290169228
5.599,0.717053383574873
5.6,0.681284704810567
5.601,0.658871989022564
5.602,0.660044243931389
5.603,0.656237384396096
5.604,0.605983643672249
5.605,0.574276762535455
5.606,0.570132180461196
5.607,0.558999579499412
5.608,0.555912903917521
5.609,0.522968984657936
5.61,0.537908478649222
5.611,0.542166771717442
5.612,0.52378760990052
5.613,0.527288377438059
5.614,0.491093185653735
5.615,0.473305888542377
5.616,0.472191785956019
5.617,0.48058499612629
5.618,0.470155036442618
5.619,0.450067910175468
5.62,0.459315239620756
5.621,0.450888827332656
5.622,0.435488335620942
5.623,0.443598287474085
5.624,0.433539129582803
5.625,0.458514817191947
5.626,0.463281407350698
5.627,0.440389678956528
5.628,0.464107317996005
5.629,0.472509003744145
5.63,0.485889300752461
5.631,0.497734974247848
5.632,0.514401988363866
5.633,0.522699920857141
5.634,0.514565257465151
5.635,0.508531567776518
5.636,0.523731093574341
5.637,0.508621854721196
5.638,0.543122106699979
5.639,0.542677410844352
5.64,0.538578351976278
5.641,0.518122194690084
5.642,0.532700576166676
5.643,0.565493957318148
5.644,0.55431364632457
5.645,0.550487165660287
5.646,0.533133125370063
5.647,0.524769327426069
5.648,0.528203585088951
5.649,0.537807916229963
5.65,0.546242152825589
5.651,0.545955823126924
5.652,0.549210858280219
5.653,0.548931768280948
5.654,0.589332008063161
5.655,0.612147293636795
5.656,0.581547714865419
5.657,0.590895262884316
5.658,0.597122296879294
5.659,0.620521934069408
5.66,0.693317345801555
5.661,0.698152718134066
5.662,0.742967700830921
5.663,0.758669914500441
5.664,0.76816456956351
5.665,0.777016758443877
5.666,0.800452225076884
5.667,0.787991161174553
5.668,0.818969179541563
5.669,0.825618166034953
5.67,0.812372573446288
5.671,0.802309870692208
5.672,0.792830497357544
5.673,0.81842772756389
5.674,0.81472782622731
5.675,0.819744895756242
5.676,0.808654972553963
5.677,0.824819872173347
5.678,0.843261791957722
5.679,0.847918455712252
5.68,0.840997071810676
5.681,0.830847566162638
5.682,0.846975721844414
5.683,0.83475243307895
5.684,0.840951874416835
5.685,0.889216058829744
5.686,0.884549079076352
5.687,0.862755016017966
5.688,0.864202274801866
5.689,0.855581156300734
5.69,0.844823272779108
5.691,0.821418046764989
5.692,0.843771011048747
5.693,0.868817743765046
5.694,0.85685082861216
5.695,0.837437820617879
5.696,0.829939165982246
5.697,0.797381766281653
5.698,0.808988679725287
5.699,0.799475723070329
5.7,0.829710544140993
5.701,0.855278978664511
5.702,0.874983870574987
5.703,0.880863289748654
5.704,0.857622901940576
5.705,0.874416028487438
5.706,0.877328559550026
5.707,0.898986968003936
5.708,0.91392427691091
5.709,0.91202395938653
5.71,0.889943357296822
5.711,0.896821600251883
5.712,0.896354304775098
5.713,0.843976032356324
5.714,0.832441384223913
5.715,0.837067625235418
5.716,0.862758021607536
5.717,0.905235863831658
5.718,0.919211943419383
5.719,0.916050175090699
5.72,0.899257507115203
5.721,0.885260710522714
5.722,0.897151539273836
5.723,0.921928668900264
5.724,0.921235833161696
5.725,0.864310375038683
5.726,0.84159960422239
5.727,0.812817483437719
5.728,0.840710258980947
5.729,0.819613107416782
5.73,0.798427745853805
5.731,0.754279556240411
5.732,0.745489313495684
5.733,0.753887618853997
5.734,0.758192191576745
5.735,0.778991117378907
5.736,0.788411014259104
5.737,0.764435427633569
5.738,0.78455201111473
5.739,0.792841118150391
5.74,0.76730076548999
5.741,0.77964241962468
5.742,0.757274771234213
5.743,0.756230049128336
5.744,0.765292421115029
5.745,0.741078870655625
5.746,0.715256993861517
5.747,0.738411304539374
5.748,0.774734233256935
5.749,0.748510758512419
5.75,0.753719322105765
5.751,0.749976130694387
5.752,0.754782062481032
5.753,0.715842520749701
5.754,0.698167928674131
5.755,0.694749802999713
5.756,0.700017534803289
5.757,0.699499775849567
5.758,0.705127576034655
5.759,0.714791919207442
5.76,0.744112810745635
5.761,0.737467380813399
5.762,0.68600074251481
5.763,0.684115847899026
5.764,0.673015875438936
5.765,0.638919052795595
5.766,0.639991214768414
5.767,0.649023501976803
5.768,0.639539137974755
5.769,0.660698239146212
5.77,0.668155969590079
5.771,0.668867704014973
5.772,0.687444464667625
5.773,0.705782133391088
5.774,0.698156473142496
5.775,0.71708961257401
5.776,0.748555808504725
5.777,0.724638982963218
5.778,0.750282383499853
5.779,0.764798533323163
5.78,0.748589834885558
5.781,0.735802074371565
5.782,0.738237500846625
5.783,0.75757964816013
5.784,0.762146568824266
5.785,0.723340098556257
5.786,0.714337270323091
5.787,0.743288236253395
5.788,0.725148248158235
5.789,0.733601665917955
5.79,0.7343804662408
5.791,0.721781142182025
5.792,0.709719222713038
5.793,0.69942949752209
5.794,0.692444959943933
5.795,0.674651858611558
5.796,0.682545012034906
5.797,0.683071937261982
5.798,0.678597587098547
5.799,0.728136621756422
5.8,0.73809749603283
5.801,0.737560079455426
5.802,0.775224099927607
5.803,0.769950769045895
5.804,0.800499358971198
5.805,0.824020721692325
5.806,0.835523696952886
5.807,0.832292453512188
5.808,0.845151715913109
5.809,0.838063455591806
5.81,0.798748009457609
5.811,0.82649390950298
5.812,0.809424039722234
5.813,0.805304556164178
5.814,0.787858213491378
5.815,0.800383536604014
5.816,0.798315696125486
5.817,0.829200307707439
5.818,0.808749703381548
5.819,0.800975026338423
5.82,0.804978167203674
5.821,0.812655048853291
5.822,0.812109810830541
5.823,0.825906919916642
5.824,0.857317423619984
5.825,0.824937248227771
5.826,0.827772540680454
5.827,0.799719201486689
5.828,0.826252431511742
5.829,0.795456644592657
5.83,0.764575460873169
5.831,0.790864278531506
5.832,0.808098044097601
5.833,0.812476065402351
5.834,0.834033171609105
5.835,0.862214802571762
5.836,0.849594650034171
5.837,0.88482181191143
5.838,0.87663791757536
5.839,0.86816932411694
5.84,0.895007643666319
5.841,0.884103121623027
5.842,0.897951215120249
5.843,0.88891573869745
5.844,0.895342089002615
5.845,0.931891659935787
5.846,0.89638047470965
5.847,0.88678948901075
5.848,0.88569951332913
5.849,0.915544746710924
5.85,0.896278231443663
5.851,0.869884874583361
5.852,0.855829344453305
5.853,0.843238539938587
5.854,0.856480819114039
5.855,0.836649609059163
5.856,0.842653287708543
5.857,0.81326196245547
5.858,0.800335750912303
5.859,0.784019523292702
5.86,0.788769677722454
5.861,0.76812368664965
5.862,0.782448896449838
5.863,0.773709253097588
5.864,0.819460026663143
5.865,0.879032766340374
5.866,0.876260858245632
5.867,0.871859686470871
5.868,0.863918621376192
5.869,0.862127768446375
5.87,0.824208032676577
5.871,0.800513368763026
5.872,0.811245708399642
5.873,0.804237182413288
5.874,0.836112320951803
5.875,0.849042127227431
5.876,0.873637840862949
5.877,0.861240502135341
5.878,0.832231824996092
5.879,0.82749483879321
5.88,0.819680015137697
5.881,0.808430813218276
5.882,0.771608053998198
5.883,0.78524639618661
5.884,0.744333544106748
5.885,0.729130237361201
5.886,0.703102915317581
5.887,0.729316925335911
5.888,0.747739149437747
5.889,0.723530280594986
5.89,0.717558989493989
5.891,0.718662654470966
5.892,0.711036751344148
5.893,0.710604934688578
5.894,0.711783657802015
5.895,0.739623648850994
5.896,0.737962016754521
5.897,0.720351778723152
5.898,0.752387358258175
5.899,0.759246750440475
5.9,0.751336083414027
5.901,0.76437068980156
5.902,0.751960395920942
5.903,0.74413728452089
5.904,0.766732032219496
5.905,0.756468223722103
5.906,0.75314774300951
5.907,0.775566113932947
5.908,0.768840269193025
5.909,0.780022784301834
5.91,0.779791495608278
5.911,0.751014604508185
5.912,0.739246601317327
5.913,0.759872722492217
5.914,0.763976523243953
5.915,0.742002104741269
5.916,0.765002664667346
5.917,0.772043921837916
5.918,0.793058294928704
5.919,0.782925774463581
5.92,0.792589093191732
5.921,0.778614251618444
5.922,0.783599628389961
5.923,0.750443678436504
5.924,0.768497803575783
5.925,0.793520527732295
5.926,0.774485729302613
5.927,0.779251170987561
5.928,0.790465759540988
5.929,0.783142677662795
5.93,0.80815990250909
5.931,0.857563847410184
5.932,0.874803052935035
5.933,0.898978383741528
5.934,0.92531034868142
5.935,0.940688639071944
5.936,0.929987973214542
5.937,0.931936443951305
5.938,0.920362823610414
5.939,0.934261523026
5.94,0.954727179114597
5.941,0.922334917273364
5.942,0.922745746092664
5.943,0.938761613307206
5.944,0.936696475443103
5.945,0.921003142638991
5.946,0.921164643241746
5.947,0.919238161588212
5.948,0.937859725086355
5.949,0.932917404819521
5.95,0.926662891007364
5.951,0.927968497983169
5.952,0.93480960920423
5.953,0.884114543389432
5.954,0.900386395009744
5.955,0.878936658113259
5.956,0.873811775734514
5.957,0.891065678870604
5.958,0.851553386933438
5.959,0.856025181153392
5.96,0.895377862652386
5.961,0.904826229850886
5.962,0.881421608192409
5.963,0.872400489933904
5.964,0.853009646961499
5.965,0.859926682696573
5.966,0.818080090838035
5.967,0.784072282711748
5.968,0.812427122813236
5.969,0.818324233856487
5.97,0.792244876970181
5.971,0.77665956058085
5.972,0.783432338190116
5.973,0.774284090598246
5.974,0.790531356058698
5.975,0.816342809238899
5.976,0.807066223444078
5.977,0.844718871641463
5.978,0.860938106167787
5.979,0.854489324289206
5.98,0.862945592320195
5.981,0.871517141995046
5.982,0.815577442686572
5.983,0.79091615100973
5.984,0.806749893860808
5.985,0.799957011430573
5.986,0.787406482779207
5.987,0.748541082683323
5.988,0.764981596313307
5.989,0.74076258996641
5.99,0.761256811524457
5.991,0.770458962853523
5.992,0.74274083273081
5.993,0.730504184827182
5.994,0.697772158604921
5.995,0.690795879385957
5.996,0.684577902013
5.997,0.682993461310322
5.998,0.676093153571474
5.999,0.700256857612646
6,0.730386730454128
6.001,0.702591481897486
6.002,0.683172613266069
6.003,0.686698103602866
6.004,0.702982901194844
6.005,0.708241666050783
6.006,0.701287803258355
6.007,0.678699542334837
6.008,0.678051470411809
6.009,0.685576497529384
6.01,0.672781614361896
6.011,0.668586529502833
6.012,0.679504531304708
6.013,0.643645418252519
6.014,0.605031255956888
6.015,0.590664730699671
6.016,0.617288242847821
6.017,0.62635968629165
6.018,0.637822801033601
6.019,0.639952696006895
6.02,0.660742306274699
6.021,0.660457970482311
6.022,0.686000769150642
6.023,0.68654049610017
6.024,0.657086398237039
6.025,0.685010042948297
6.026,0.701233570353213
6.027,0.699765877691774
6.028,0.700487815299986
6.029,0.694913190643838
6.03,0.686993209894328
6.031,0.699756117485972
6.032,0.753680621186389
6.033,0.784683790132355
6.034,0.804213722400279
6.035,0.804205435421664
6.036,0.805242237793572
6.037,0.806181926090652
6.038,0.804818806580885
6.039,0.814902161034247
6.04,0.795927825447739
6.041,0.766247883659853
6.042,0.767609337917402
6.043,0.765425560347479
6.044,0.751305965681308
6.045,0.766523166444413
6.046,0.768817580050035
6.047,0.759800620045782
6.048,0.746854512349717
6.049,0.745319453147928
6.05,0.740110015047565
6.051,0.740377687305843
6.052,0.765500714056861
6.053,0.778171442673918
6.054,0.764137938169401
6.055,0.774778001106827
6.056,0.755186752816706
6.057,0.745699328515498
6.058,0.760045443128592
6.059,0.758616356796815
6.06,0.738919107913971
6.061,0.724156780041182
6.062,0.721305612117099
6.063,0.719894327552107
6.064,0.717895160336819
6.065,0.713927778700882
6.066,0.707384521469614
6.067,0.704348547737431
6.068,0.705104505286734
6.069,0.720969969580879
6.07,0.693637661536143
6.071,0.666561151356221
6.072,0.690473776052244
6.073,0.654384024994089
6.074,0.683034619355234
6.075,0.69050630295643
6.076,0.671155052371435
6.077,0.637727075141884
6.078,0.59957805182911
6.079,0.590373272505194
6.08,0.594998081768539
6.081,0.600317633543803
6.082,0.592110140594528
6.083,0.585242432783772
6.084,0.608874629893092
6.085,0.610933657365626
6.086,0.591300677953694
6.087,0.594534167107663
6.088,0.568776604301669
6.089,0.555246670235044
6.09,0.543412914722483
6.091,0.486076652434606
6.092,0.488825945573251
6.093,0.519302047576081
6.094,0.527223120190618
6.095,0.48717751879787
6.096,0.494176758417604
6.097,0.469221213440355
6.098,0.506260454095533
6.099,0.50633417365534
6.1,0.496097537201876
6.101,0.480479683121818
6.102,0.45842214465033
6.103,0.439255487401686
6.104,0.420132317225885
6.105,0.429730317813951
6.106,0.442484447991978
6.107,0.426230761084874
6.108,0.436972777596989
6.109,0.443627407362059
6.11,0.452696045252905
6.111,0.464563716196073
6.112,0.463306167399017
6.113,0.471369371628233
6.114,0.486495687578883
6.115,0.488413268083099
6.116,0.470834783496667
6.117,0.443240658288795
6.118,0.430973906247422
6.119,0.441847857027922
6.12,0.468162871282467
6.121,0.454584320070178
6.122,0.438335745409319
6.123,0.435320225375459
6.124,0.401203440577769
6.125,0.388781078625349
6.126,0.397345441696823
6.127,0.35418858178755
6.128,0.385109024055263
6.129,0.368448834304725
6.13,0.373741092711593
6.131,0.354115540600871
6.132,0.348737167175734
6.133,0.341919969012343
6.134,0.301170399500651
6.135,0.282759270142368
6.136,0.29540375258457
6.137,0.295926681867361
6.138,0.293940865054338
6.139,0.256245374772423
6.14,0.262878311352161
6.141,0.24742169617108
6.142,0.263668584018707
6.143,0.268395834208912
6.144,0.277012647851316
6.145,0.253829567052356
6.146,0.24984663385764
6.147,0.25427188187069
6.148,0.247355092840728
6.149,0.233111815445884
6.15,0.221825340186722
6.151,0.250444985188615
6.152,0.286331144413674
6.153,0.306005485246652
6.154,0.299975176082048
6.155,0.258199724610229
6.156,0.261095948826292
6.157,0.243809552630213
6.158,0.238429264764896
6.159,0.188145453213538
6.16,0.175419446855071
6.161,0.13932897087293
6.162,0.112822253711416
6.163,0.135987760991035
6.164,0.119034797228137
6.165,0.136725412179055
6.166,0.107303904204595
6.167,0.115847837045964
6.168,0.0987806751526173
6.169,0.102529640913882
6.17,0.114648540807834
6.171,0.154409976162055
6.172,0.136531731623816
6.173,0.139936841541471
6.174,0.130115456422268
6.175,0.129974334271919
6.176,0.12239752765029
6.177,0.105323427487845
6.178,0.120701748696429
6.179,0.110354461317499
6.18,0.126867420072532
6.181,0.0971797140942817
6.182,0.111832409052181
6.183,0.147129832831144
6.184,0.129603950086479
6.185,0.124070430271859
6.186,0.131925666666529
6.187,0.115129648092953
6.188,0.141130859401554
6.189,0.16151953838425
6.19,0.183700422204552
6.191,0.190908805292794
6.192,0.200237489743646
6.193,0.188381252009514
6.194,0.192293329337182
6.195,0.211315234446062
6.196,0.202086799145072
6.197,0.198943932828784
6.198,0.19255375930817
6.199,0.177026517122694
6.2,0.18370032674851
6.201,0.19818969412676
6.202,0.203364520629311
6.203,0.187148879726925
6.204,0.2100681423698
6.205,0.207853281730355
6.206,0.214004993074237
6.207,0.224963717815122
6.208,0.233949526143186
6.209,0.22589733248932
6.21,0.25905650813843
6.211,0.292946374468609
6.212,0.292234901969508
6.213,0.312755004481577
6.214,0.307248454444835
6.215,0.292264827385628
6.216,0.372420805806581
6.217,0.409338075295023
6.218,0.452668106570187
6.219,0.442653319199581
6.22,0.414479906108119
6.221,0.397378465004575
6.222,0.378031992941894
6.223,0.400794461693115
6.224,0.374709751142674
6.225,0.399988521009146
6.226,0.366225864876616
6.227,0.372735102341308
6.228,0.390447512327177
6.229,0.395504800073876
6.23,0.418614924273606
6.231,0.457792833797708
6.232,0.458791196775903
6.233,0.497614500185597
6.234,0.455608187659022
6.235,0.505964849902867
6.236,0.505147653659749
6.237,0.510750606957232
6.238,0.47385521975544
6.239,0.442534816037106
6.24,0.457066894034396
6.241,0.463355834250179
6.242,0.459077989864892
6.243,0.44575590152897
6.244,0.467150566512878
6.245,0.487563791537578
6.246,0.504206591362384
6.247,0.498727738668731
6.248,0.454730079493782
6.249,0.487815579555321
6.25,0.489837417290669
6.251,0.418251103198904
6.252,0.456536954219793
6.253,0.470435520361564
6.254,0.473086581858963
6.255,0.471536055140953
6.256,0.485440214610809
6.257,0.537883687645724
6.258,0.52740702709033
6.259,0.542794491259781
6.26,0.525575825145669
6.261,0.533839194165507
6.262,0.544859047008285
6.263,0.540511815886193
6.264,0.550896751077518
6.265,0.552767344165163
6.266,0.516972216667373
6.267,0.533025598588346
6.268,0.498713625665649
6.269,0.523105520216585
6.27,0.480269179257945
6.271,0.482718778513445
6.272,0.466612277200881
6.273,0.455023794878883
6.274,0.432284878512716
6.275,0.401536803899383
6.276,0.387743040793688
6.277,0.34658531468754
6.278,0.341241370014004
6.279,0.334485979480898
6.28,0.331875077539405
6.281,0.324644785684192
6.282,0.356674817686074
6.283,0.327202395042011
6.284,0.346882303111857
6.285,0.32196964410092
6.286,0.300435294941839
6.287,0.293917315469608
6.288,0.287809902233158
6.289,0.26465981308073
6.29,0.280352056997826
6.291,0.272157074420141
6.292,0.26908668264074
6.293,0.251522849476738
6.294,0.248568159560972
6.295,0.237532804029847
6.296,0.286835034484692
6.297,0.285909963262783
6.298,0.26136541824107
6.299,0.264043082502463
6.3,0.280223528269112
6.301,0.276577494213751
6.302,0.264125302658481
6.303,0.235243411524629
6.304,0.254445938071328
6.305,0.22990387052485
6.306,0.241893072199059
6.307,0.277504782782804
6.308,0.239123816186855
6.309,0.25605600075095
6.31,0.235862648291457
6.311,0.216456495461537
6.312,0.213758504313045
6.313,0.202194438375309
6.314,0.202904065080118
6.315,0.19267557704369
6.316,0.182488854229227
6.317,0.230118338411982
6.318,0.230586163897471
6.319,0.251652365656526
6.32,0.262333357540801
6.321,0.251387392033549
6.322,0.242028191682039
6.323,0.250099087053054
6.324,0.209612530772608
6.325,0.215209616911452
6.326,0.211662485437423
6.327,0.20578611251067
6.328,0.19787686251399
6.329,0.195794947233207
6.33,0.20715574659306
6.331,0.230439666327934
6.332,0.224953597888575
6.333,0.220062420131604
6.334,0.189437016311906
6.335,0.167375453470548
6.336,0.141772699650907
6.337,0.128059919768292
6.338,0.154144756200472
6.339,0.15898293866144
6.34,0.164463749896135
6.341,0.176326272307912
6.342,0.171625538394895
6.343,0.191416851627581
6.344,0.182635448677961
6.345,0.1793517768372
6.346,0.164605114229474
6.347,0.18183101121682
6.348,0.221946113822283
6.349,0.166459542881938
6.35,0.171829478285734
6.351,0.187099486431285
6.352,0.221889411823255
6.353,0.187879507037207
6.354,0.175898463164674
6.355,0.166413200139154
6.356,0.140283348271297
6.357,0.137025178894411
6.358,0.11699838823954
6.359,0.128863269858793
6.36,0.119099623120941
6.361,0.125661219101107
6.362,0.117384502319779
6.363,0.0969232977957375
6.364,0.118976157593815
6.365,0.138947992777973
6.366,0.12857190306846
6.367,0.131729817851727
6.368,0.119407480792141
6.369,0.115962462261646
6.37,0.110419779735254
6.371,0.130621590430148
6.372,0.118545382054598
6.373,0.109138939623177
6.374,0.0914492471389366
6.375,0.097601000693047
6.376,0.0883999851973881
6.377,0.0812044011566992
6.378,0.0919987172650557
6.379,0.112489904410674
6.38,0.0970161968638993
6.381,0.107167882039738
6.382,0.147476599973047
6.383,0.120103718566284
6.384,0.0424148709408251
6.385,0.037188316022885
6.386,0.0317865565446541
6.387,0.00982264974423744
6.388,0.011336278463402
6.389,0.0223460961968691
6.39,0.0173048948517546
6.391,0.030061456720054
6.392,0.0233135341799354
6.393,0.00557356173148915
6.394,-0.0283086396634186
6.395,-0.00826703334502852
6.396,0.0373209943934111
6.397,0.00277654845420101
6.398,0.00573023993994609
6.399,-0.00136292529395864
6.4,0.0193699243347375
6.401,0.00295867628031011
6.402,0.00757146370334158
6.403,-0.0207420572578154
6.404,-0.0284705147282069
6.405,-0.00773602320058241
6.406,-0.0253907124875608
6.407,-0.0372542764798554
6.408,-0.0629679435635488
6.409,-0.0730635724196433
6.41,-0.0500486430331194
6.411,-0.032425751661053
6.412,-0.0496232038912681
6.413,-0.0904282062086884
6.414,-0.0918433436424823
6.415,-0.0700935243944429
6.416,-0.030063202183909
6.417,-0.00907156077508665
6.418,-0.0399776699297662
6.419,0.00942634618567899
6.42,0.00889517215549927
6.421,0.0376670937764341
6.422,0.0351582794512285
6.423,0.0531291601914993
6.424,0.0455250503186172
6.425,0.035604398556517
6.426,0.0156648351405957
6.427,-0.0146264963626811
6.428,-0.000691168915678614
6.429,-0.0216499806296391
6.43,0.00274145372552175
6.431,0.0237236919925086
6.432,0.0250723407172888
6.433,0.0573732181523956
6.434,0.0774621721711192
6.435,0.0669482226821166
6.436,0.0234361927304112
6.437,0.0637847685829709
6.438,0.0823296197965862
6.439,0.084278441794134
6.44,0.0753569675256252
6.441,0.0687994759025409
6.442,0.0411560988249772
6.443,0.0520642367489974
6.444,0.0685505346353744
6.445,0.040158621259638
6.446,0.0197418416953197
6.447,-0.00437609555456769
6.448,-0.0130542922298312
6.449,-0.0164914725006825
6.45,0.00595400082343252
6.451,0.0304611969134468
6.452,0.0446829827111158
6.453,0.0470059064774622
6.454,0.0448079343601108
6.455,0.0487074655802517
6.456,0.0446263724019898
6.457,0.0594188127083975
6.458,0.0315224363192143
6.459,0.0377142958991293
6.46,0.024373765936287
6.461,0.0648482418973364
6.462,0.0745656911555963
6.463,0.0523672480845532
6.464,0.0840148899307312
6.465,0.0760929082148281
6.466,0.0682043710724636
6.467,0.0469169117270457
6.468,0.0473766803573572
6.469,0.0530294144716817
6.47,0.0727614720231548
6.471,0.0948305370844444
6.472,0.0791144544208324
6.473,0.0755785721063513
6.474,0.0704400261787975
6.475,0.0704014574610296
6.476,0.0539943206276229
6.477,0.0654604108379341
6.478,0.0820483460688366
6.479,0.071975996773564
6.48,0.021610668386
6.481,0.0148975595423957
6.482,-0.000501555252887364
6.483,0.0134684872753106
6.484,0.0379675885691037
6.485,0.0380935312031011
6.486,-0.00223871177414636
6.487,0.00702209069731677
6.488,0.0559775119055573
6.489,0.041194662750876
6.49,0.0270966628876325
6.491,0.0549783804120602
6.492,0.0776539338122243
6.493,0.100652788378818
6.494,0.0721531067986463
6.495,0.0476315033452399
6.496,0.0299138724111518
6.497,0.0263378627557216
6.498,0.0248560956833879
6.499,0.0384071061220773
6.5,0.0688279230969019
6.501,0.0411844186978327
6.502,0.0453473670969374
6.503,0.00895472210707773
6.504,6.47746468435319e-05
6.505,-0.0229157944427865
6.506,-0.0085518872864751
6.507,-0.0545234631826716
6.508,-0.0504304520675492
6.509,-0.038766018629661
6.51,-0.0337580977320291
6.511,-0.0431073679269744
6.512,-0.0391514080369324
6.513,-0.0299013562002459
6.514,-0.0313028225719662
6.515,-0.0327071866761067
6.516,-0.0327889074658118
6.517,-0.0534923032814314
6.518,-0.0426663734854298
6.519,-0.0489316820316292
6.52,-0.0428160995128852
6.521,-0.100413823422997
6.522,-0.102547275338489
6.523,-0.105248141404833
6.524,-0.0848612878338287
6.525,-0.101368663704873
6.526,-0.109457493452856
6.527,-0.111452572253121
6.528,-0.143538321404909
6.529,-0.153903519157848
6.53,-0.140248887301067
6.531,-0.100477276599226
6.532,-0.0852219372961862
6.533,-0.105087553960379
6.534,-0.128044693008198
6.535,-0.135975733212103
6.536,-0.148745001290749
6.537,-0.165263569565262
6.538,-0.16788944692839
6.539,-0.178609228501466
6.54,-0.212428127252526
6.541,-0.212380822477494
6.542,-0.211762551671965
6.543,-0.201324411113966
6.544,-0.237030483327916
6.545,-0.247208472898378
6.546,-0.283634110437761
6.547,-0.303199234295133
6.548,-0.319631271546219
6.549,-0.327015130346794
6.55,-0.335279748129691
6.551,-0.358080724118652
6.552,-0.402446645333201
6.553,-0.399934797524702
6.554,-0.389706988331274
6.555,-0.359161803563427
6.556,-0.374525811319139
6.557,-0.389916418942274
6.558,-0.394155940439564
6.559,-0.394553612110051
6.56,-0.396878115752676
6.561,-0.389054162336053
6.562,-0.389473140318343
6.563,-0.387854539733813
6.564,-0.363498359293125
6.565,-0.343495111392817
6.566,-0.3192817422765
6.567,-0.298875446274431
6.568,-0.333659479959599
6.569,-0.363868579095748
6.57,-0.368825993881291
6.571,-0.389850815851103
6.572,-0.35140359645984
6.573,-0.353264414220413
6.574,-0.340726127491546
6.575,-0.334673016864559
6.576,-0.319427209694363
6.577,-0.321991925814733
6.578,-0.349433917428154
6.579,-0.396185295121789
6.58,-0.384679037872683
6.581,-0.358252545049397
6.582,-0.340584003632604
6.583,-0.347571657217932
6.584,-0.31986469488762
6.585,-0.325713517672273
6.586,-0.328635657897865
6.587,-0.350714161106382
6.588,-0.327874727200137
6.589,-0.321652644245253
6.59,-0.321605697314767
6.591,-0.38478680249779
6.592,-0.374586145254867
6.593,-0.370971043139517
6.594,-0.412394888521574
6.595,-0.465187498248014
6.596,-0.467343044371766
6.597,-0.454906867122281
6.598,-0.446572258014651
6.599,-0.476043001022635
6.6,-0.486986883357926
6.601,-0.489281655987594
6.602,-0.515281907666207
6.603,-0.496497768342092
6.604,-0.520684829677619
6.605,-0.509223165566375
6.606,-0.49953722105956
6.607,-0.453327339967384
6.608,-0.442604314823118
6.609,-0.438087279742823
6.61,-0.421098682243383
6.611,-0.415919669678172
6.612,-0.427732313692325
6.613,-0.437552547903881
6.614,-0.434875306350627
6.615,-0.435223662204311
6.616,-0.386741377807185
6.617,-0.359340341494522
6.618,-0.392723175755274
6.619,-0.390745053781206
6.62,-0.379975643215223
6.621,-0.395040976485505
6.622,-0.380651479146557
6.623,-0.375935774026726
6.624,-0.407777440533756
6.625,-0.400680194946261
6.626,-0.415016103059285
6.627,-0.381434655119576
6.628,-0.365653910497409
6.629,-0.385127748923934
6.63,-0.428577758251805
6.631,-0.413266536635843
6.632,-0.41852979937862
6.633,-0.410364558574844
6.634,-0.360848402087165
6.635,-0.370434655510691
6.636,-0.367192509404686
6.637,-0.367083476829075
6.638,-0.325950405479153
6.639,-0.37700471123984
6.64,-0.325643136364767
6.641,-0.329971250265036
6.642,-0.364448289284435
6.643,-0.377519311047107
6.644,-0.390991550307465
6.645,-0.370251239738565
6.646,-0.307380190466664
6.647,-0.323686512439442
6.648,-0.346634132141683
6.649,-0.346308956401267
6.65,-0.358537739280705
6.651,-0.357582828753525
6.652,-0.360243936075363
6.653,-0.341147741784762
6.654,-0.330991201717327
6.655,-0.361245825488013
6.656,-0.383815537453862
6.657,-0.377358150164039
6.658,-0.37503104540304
6.659,-0.39964256823158
6.66,-0.401466797065596
6.661,-0.400721444834276
6.662,-0.34096816819977
6.663,-0.329515506904121
6.664,-0.339121345364714
6.665,-0.304196290948145
6.666,-0.313041657463044
6.667,-0.313902941765389
6.668,-0.330576048643451
6.669,-0.321834130423763
6.67,-0.351768146543635
6.671,-0.363834788835773
6.672,-0.376994878623929
6.673,-0.394574370598486
6.674,-0.389833677023492
6.675,-0.328162482598323
6.676,-0.298430769408075
6.677,-0.315616219894829
6.678,-0.3301741434472
6.679,-0.306533033078585
6.68,-0.284615678180892
6.681,-0.270110166589005
6.682,-0.297322073022248
6.683,-0.2581610067447
6.684,-0.272005325023583
6.685,-0.27395544174753
6.686,-0.29793917871158
6.687,-0.338700465678118
6.688,-0.335873762989579
6.689,-0.352200704007609
6.69,-0.391233404704778
6.691,-0.386453008575861
6.692,-0.413356183503388
6.693,-0.40330001920425
6.694,-0.399348213428921
6.695,-0.389649247021123
6.696,-0.369907838808082
6.697,-0.3914342525654
6.698,-0.367169679310262
6.699,-0.357084366012798
6.7,-0.384612180673663
6.701,-0.350227838858442
6.702,-0.357580160093242
6.703,-0.329031147821343
6.704,-0.320849645130272
6.705,-0.338180916928193
6.706,-0.359562096539854
6.707,-0.341960902438062
6.708,-0.354177935140693
6.709,-0.370355630146877
6.71,-0.342357507312551
6.711,-0.359404215065912
6.712,-0.328319209508247
6.713,-0.322523714345054
6.714,-0.335298864556642
6.715,-0.322385306542202
6.716,-0.358831404222094
6.717,-0.377208897417497
6.718,-0.349008353809874
6.719,-0.355276969248079
6.72,-0.324205894799133
6.721,-0.310589883189098
6.722,-0.31190563165938
6.723,-0.288605697017176
6.724,-0.251219962535783
6.725,-0.248458252730371
6.726,-0.248452835597666
6.727,-0.27060469570467
6.728,-0.239060545214581
6.729,-0.245974668839122
6.73,-0.26598767765283
6.731,-0.27429840151656
6.732,-0.259317515744193
6.733,-0.25127263375139
6.734,-0.236120041784892
6.735,-0.2238863237104
6.736,-0.213214820825466
6.737,-0.229381109481537
6.738,-0.194566455722052
6.739,-0.179808040224484
6.74,-0.174263786249602
6.741,-0.167329357618581
6.742,-0.172157521518519
6.743,-0.152187909832201
6.744,-0.156331546547788
6.745,-0.129539886504836
6.746,-0.155135386119924
6.747,-0.13986566806717
6.748,-0.13611346007173
6.749,-0.122689209533931
6.75,-0.115919446970341
6.751,-0.114859041403913
6.752,-0.120998034996756
6.753,-0.103989419701117
6.754,-0.116389540328989
6.755,-0.116962185168672
6.756,-0.115545456491381
6.757,-0.103607373237575
6.758,-0.0885418976917361
6.759,-0.100428212835079
6.76,-0.0555284700083256
6.761,-0.102860405956751
6.762,-0.102388372954837
6.763,-0.125787003134393
6.764,-0.115151344073239
6.765,-0.0942353074947243
6.766,-0.0770906625746715
6.767,-0.128482469302179
6.768,-0.110002099449506
6.769,-0.102305081246772
6.77,-0.114464258105407
6.771,-0.122390805807469
6.772,-0.0970260299550761
6.773,-0.122082542952616
6.774,-0.134762563727607
6.775,-0.107495694868827
6.776,-0.125619659968402
6.777,-0.139965167831695
6.778,-0.174627142425361
6.779,-0.191341810599351
6.78,-0.193198957521521
6.781,-0.183525848279646
6.782,-0.20816106473473
6.783,-0.179656355335111
6.784,-0.182480147081211
6.785,-0.173234973857844
6.786,-0.198205177595836
6.787,-0.19708448790528
6.788,-0.166608814759566
6.789,-0.205215092848507
6.79,-0.185077317263416
6.791,-0.207012492726518
6.792,-0.244069808086087
6.793,-0.234414556314636
6.794,-0.26520126349809
6.795,-0.312873731919496
6.796,-0.307621199695505
6.797,-0.291587511140181
6.798,-0.312075925174671
6.799,-0.377449735812652
6.8,-0.360205674430944
6.801,-0.380833979230892
6.802,-0.405739968333441
6.803,-0.413249145950106
6.804,-0.415359395828478
6.805,-0.390516019711124
6.806,-0.399553406582917
6.807,-0.424107312567757
6.808,-0.462301201012245
6.809,-0.47244588199182
6.81,-0.486924043315924
6.811,-0.481809055197536
6.812,-0.474093267512328
6.813,-0.464281629872867
6.814,-0.417272405762684
6.815,-0.4524734384427
6.816,-0.460797923064917
6.817,-0.443807433990669
6.818,-0.433799349892649
6.819,-0.397311025711399
6.82,-0.377124824989892
6.821,-0.351983147620658
6.822,-0.320031582377525
6.823,-0.341542692171737
6.824,-0.314039954502116
6.825,-0.31524596569018
6.826,-0.339023847709405
6.827,-0.353057206740845
6.828,-0.339727280836038
6.829,-0.360844166109592
6.83,-0.349003483251258
6.831,-0.401398276378884
6.832,-0.387939436533671
6.833,-0.379034336653828
6.834,-0.37085484544385
6.835,-0.38449141593796
6.836,-0.376043374014315
6.837,-0.310587138420065
6.838,-0.348986569581055
6.839,-0.325555825371094
6.84,-0.301333744606754
6.841,-0.250598314061309
6.842,-0.25245028711869
6.843,-0.249938517424206
6.844,-0.236157627924931
6.845,-0.197251266016162
6.846,-0.151383987398992
6.847,-0.14009028323118
6.848,-0.15235238087068
6.849,-0.142882047560326
6.85,-0.112292858301977
6.851,-0.0974028739133469
6.852,-0.0871775189477999
6.853,-0.108811631347327
6.854,-0.151674112043697
6.855,-0.186630732625447
6.856,-0.186687217375252
6.857,-0.17190808860719
6.858,-0.179606423076083
6.859,-0.152655887420871
6.86,-0.146200289724109
6.861,-0.153727506632766
6.862,-0.120726394942698
6.863,-0.111120612079975
6.864,-0.0887076817781549
6.865,-0.131523897537518
6.866,-0.125597144230369
6.867,-0.121248992143371
6.868,-0.122092300940323
6.869,-0.107919672188515
6.87,-0.0800198741291337
6.871,-0.089302000038063
6.872,-0.109617723957445
6.873,-0.068094724493177
6.874,-0.0489925305179586
6.875,-0.0548990521906298
6.876,-0.0757266651286763
6.877,-0.0565648664081207
6.878,-0.101820444226167
6.879,-0.122794322817345
6.88,-0.122071369429976
6.881,-0.0776983008827387
6.882,-0.0990370168584201
6.883,-0.0648802540215241
6.884,-0.0978663898081565
6.885,-0.0636761825832337
6.886,-0.0893638007468059
6.887,-0.0742527761283827
6.888,-0.0950139890014003
6.889,-0.101833408366002
6.89,-0.125000279297048
6.891,-0.141624200669622
6.892,-0.119096378797377
6.893,-0.117510088007645
6.894,-0.105887819528758
6.895,-0.121414384711303
6.896,-0.125276466004232
6.897,-0.114657894396083
6.898,-0.116089843523184
6.899,-0.116657592780813
6.9,-0.0731954378871898
6.901,-0.0772880045683453
6.902,-0.0834828933274929
6.903,-0.120991084699702
6.904,-0.110502676387457
6.905,-0.0783325383241527
6.906,-0.0632750225716501
6.907,-0.0668928452742231
6.908,-0.0548715629869482
6.909,-0.0897710043859004
6.91,-0.0726115989595113
6.911,-0.0776098928376481
6.912,-0.0999427454807043
6.913,-0.0637558347498043
6.914,-0.0804817876672721
6.915,-0.116543006284557
6.916,-0.130048164307682
6.917,-0.126403890322232
6.918,-0.161637175958618
6.919,-0.149187960996994
6.92,-0.126216008108208
6.921,-0.111748218651968
6.922,-0.119386374314965
6.923,-0.112160920962221
6.924,-0.142010249117167
6.925,-0.0767696110228728
6.926,-0.0588550842969285
6.927,-0.0784128553713913
6.928,-0.0572142803883845
6.929,-0.0421770340641665
6.93,-0.0212830355692554
6.931,0.00837118316553775
6.932,-0.000390864526491588
6.933,-0.0133785299736631
6.934,-0.00300772798335147
6.935,-0.0356522654273607
6.936,-0.0210734159463232
6.937,0.0212569383857251
6.938,0.0398278245530517
6.939,0.0209746368010333
6.94,0.0503184545532526
6.941,0.0391531689702162
6.942,0.0708594684932127
6.943,0.0597036563972486
6.944,0.027058813733206
6.945,0.0177920312361709
6.946,0.00350905966223472
6.947,-0.00254337248216393
6.948,0.0379385530821978
6.949,0.0600249927505317
6.95,0.0754870119069142
6.951,0.095699603109399
6.952,0.10011000945521
6.953,0.077712842235527
6.954,0.116245628911556
6.955,0.13478324276898
6.956,0.122108651469503
6.957,0.112798392600869
6.958,0.104376449881077
6.959,0.113543854518032
6.96,0.0573028228229181
6.961,0.118800442864759
6.962,0.0980472970428365
6.963,0.0889563003453165
6.964,0.111803671751451
6.965,0.129969625804055
6.966,0.140176495105461
6.967,0.124376140482832
6.968,0.111731592848463
6.969,0.137944457619732
6.97,0.14675053574552
6.971,0.183794376672925
6.972,0.187951781828159
6.973,0.192120927086087
6.974,0.19149658009376
6.975,0.169659405944089
6.976,0.172595461038338
6.977,0.19968099371046
6.978,0.20280218783783
6.979,0.238298205756111
6.98,0.238169805145501
6.981,0.239158809968888
6.982,0.259360979160904
6.983,0.242491503519524
6.984,0.216939430291442
6.985,0.198123053243558
6.986,0.183501446900375
6.987,0.180469276572612
6.988,0.220100712917855
6.989,0.231447781763099
6.99,0.219869965193673
6.991,0.210106366660083
6.992,0.202020051747237
6.993,0.223288489358524
6.994,0.262294697647162
6.995,0.268266922794879
6.996,0.257626534889989
6.997,0.250731295535876
6.998,0.231869882193579
6.999,0.276450912529127
7,0.250716916758626
7.001,0.258976905685555
7.002,0.284256909945389
7.003,0.285136819205244
7.004,0.323127219701635
7.005,0.319875486972016
7.006,0.339468648901598
7.007,0.351324454345637
7.008,0.357158218857603
7.009,0.344550682227979
7.01,0.361699136572771
7.011,0.357438089884962
7.012,0.323744332952856
7.013,0.338895286555238
7.014,0.323012068362871
7.015,0.36562397702506
7.016,0.391667910591659
7.017,0.378412542446469
7.018,0.378653286181658
7.019,0.390443962865385
7.02,0.428342818148431
7.021,0.446589402001095
7.022,0.440777810046396
7.023,0.432966559035623
7.024,0.435578156002679
7.025,0.428261709636074
7.026,0.44953576196753
7.027,0.466271358663125
7.028,0.449901061314698
7.029,0.450310209727067
7.03,0.485245280131596
7.031,0.472797443952167
7.032,0.478234967219555
7.033,0.481383349255803
7.034,0.496106904204721
7.035,0.519325758429652
7.036,0.504069623532907
7.037,0.519148344266366
7.038,0.546106143597033
7.039,0.532544975683781
7.04,0.54054623658334
7.041,0.560219330958914
7.042,0.547083712420255
7.043,0.577808492904582
7.044,0.603227009995174
7.045,0.594503921912672
7.046,0.602262864526886
7.047,0.608307737917916
7.048,0.608535784109454
7.049,0.6361134386961
7.05,0.680234822399084
7.051,0.66755925580427
7.052,0.682701525088449
7.053,0.694821217538172
7.054,0.673011192138489
7.055,0.684728277122369
7.056,0.69481203148392
7.057,0.692422518682881
7.058,0.692209941449835
7.059,0.657973032970638
7.06,0.667164314572243
7.061,0.664465806890039
7.062,0.66508101865244
7.063,0.630805241742457
7.064,0.655832959848058
7.065,0.676622421183919
7.066,0.689105381715034
7.067,0.67296575347528
7.068,0.680484007991904
7.069,0.69780732479748
7.07,0.710443242485604
7.071,0.724976863113257
7.072,0.750336725282434
7.073,0.753276739613741
7.074,0.729246185418058
7.075,0.749435507701963
7.076,0.733943900027206
7.077,0.732942494434667
7.078,0.723234739434671
7.079,0.740619421251894
7.08,0.739631909247419
7.081,0.764934231980843
7.082,0.784895907937559
7.083,0.77679931489521
7.084,0.759743370731005
7.085,0.73451202484627
7.086,0.758233844864663
7.087,0.780491585508592
7.088,0.760419662238023
7.089,0.765980547305469
7.09,0.74028472626084
7.091,0.716964076392058
7.092,0.707061208034239
7.093,0.714937426633938
7.094,0.734313478396748
7.095,0.738601311585407
7.096,0.706976263438461
7.097,0.687134546778323
7.098,0.663412953598091
7.099,0.700071362407475
7.1,0.711376730649061
7.101,0.730963814679058
7.102,0.745437903796547
7.103,0.772598225807977
7.104,0.757372473187605
7.105,0.769672207820238
7.106,0.774398560660195
7.107,0.780203899047326
7.108,0.775995108302566
7.109,0.788253282786386
7.11,0.796807928531187
7.111,0.772701327076179
7.112,0.766941670366964
7.113,0.758888473707745
7.114,0.71957902712487
7.115,0.689335172328604
7.116,0.651048812025667
7.117,0.677343024163449
7.118,0.668182351600429
7.119,0.677592591002224
7.12,0.661537596617444
7.121,0.632543949159766
7.122,0.6200142107956
7.123,0.603907761023209
7.124,0.616991270195333
7.125,0.619298106994409
7.126,0.623453222557106
7.127,0.662249888819502
7.128,0.620069490075914
7.129,0.646156060877849
7.13,0.65192169198206
7.131,0.674280542852185
7.132,0.660028282814166
7.133,0.658534849412897
7.134,0.646830287212803
7.135,0.631695191065682
7.136,0.645856284224262
7.137,0.621556795740582
7.138,0.651330900748133
7.139,0.637818051615853
7.14,0.599484873179751
7.141,0.569682121816762
7.142,0.590494754627966
7.143,0.572430149178936
7.144,0.580117524086447
7.145,0.559870839309978
7.146,0.547723911225444
7.147,0.599536215069198
7.148,0.603106601816483
7.149,0.553796463328565
7.15,0.546123129867603
7.151,0.559493910032889
7.152,0.545662925052834
7.153,0.519409344200398
7.154,0.537117498906204
7.155,0.558813603093523
7.156,0.585820294959302
7.157,0.588099408940685
7.158,0.602143970843922
7.159,0.595561061014093
7.16,0.611350559105165
7.161,0.577352425844462
7.162,0.586449221768513
7.163,0.566233341526185
7.164,0.589636542496897
7.165,0.603579450045859
7.166,0.632851993166369
7.167,0.6512051168146
7.168,0.697137631646587
7.169,0.678875302861491
7.17,0.708224249911929
7.171,0.704191975800017
7.172,0.704280329598218
7.173,0.720346436331179
7.174,0.72683360867329
7.175,0.721166066849354
7.176,0.711321936631377
7.177,0.681694853369255
7.178,0.695669597399873
7.179,0.706971366330378
7.18,0.732920369873855
7.181,0.759766864090439
7.182,0.762978393933406
7.183,0.759835852132701
7.184,0.761097770442818
7.185,0.788059796186024
7.186,0.77268469507889
7.187,0.768854636714933
7.188,0.785404329964462
7.189,0.763696368080899
7.19,0.731570257546531
7.191,0.724099467154292
7.192,0.703578858359401
7.193,0.741967843412125
7.194,0.704044613373419
7.195,0.723526433941577
7.196,0.694064972849064
7.197,0.712613779856344
7.198,0.712519621955246
7.199,0.713733752876661
7.2,0.72046797400919
7.201,0.73156888338663
7.202,0.724023859706709
7.203,0.734293648484528
7.204,0.745308932635558
7.205,0.765725035876911
7.206,0.786307755058457
7.207,0.792172014429372
7.208,0.782106676768355
7.209,0.755251680407127
7.21,0.782188401925586
7.211,0.773052309643768
7.212,0.769870819088534
7.213,0.764010894981732
7.214,0.762080281275332
7.215,0.75433482362988
7.216,0.77235966283627
7.217,0.788776353660458
7.218,0.798517346740247
7.219,0.801228100075307
7.22,0.82199457722805
7.221,0.780531067810557
7.222,0.794410467399469
7.223,0.792829588854705
7.224,0.75525664991502
7.225,0.74812039297259
7.226,0.719521061326963
7.227,0.695089215304503
7.228,0.715403229565906
7.229,0.719105961905226
7.23,0.715564018225059
7.231,0.722057690006546
7.232,0.721999318965041
7.233,0.703807482105994
7.234,0.709832456508858
7.235,0.701656003224917
7.236,0.716907246665749
7.237,0.724712767673495
7.238,0.717156550546131
7.239,0.70170450068921
7.24,0.697238867438688
7.241,0.71051419114844
7.242,0.731093795074402
7.243,0.721042114137834
7.244,0.725961355424336
7.245,0.743424624087662
7.246,0.734699965816511
7.247,0.722043180949333
7.248,0.744158898495344
7.249,0.759246789020313
7.25,0.78020829754326
7.251,0.770915331693301
7.252,0.754521099894979
7.253,0.753890824801613
7.254,0.757505895036132
7.255,0.762004092537092
7.256,0.731124548524699
7.257,0.738701021695974
7.258,0.773555580771979
7.259,0.765907167429467
7.26,0.799226094932591
7.261,0.830678911895333
7.262,0.809658794671011
7.263,0.82756050114549
7.264,0.845993782253439
7.265,0.899354255449625
7.266,0.906045507975822
7.267,0.904650627118786
7.268,0.894815383474937
7.269,0.899152284106299
7.27,0.904779522512548
7.271,0.891107099667746
7.272,0.912717238069889
7.273,0.868472202615244
7.274,0.851095307926921
7.275,0.872746453503508
7.276,0.875390036457898
7.277,0.83759933579292
7.278,0.8488768921564
7.279,0.797902629095341
7.28,0.792551514599303
7.281,0.763139506508925
7.282,0.747992501798819
7.283,0.772525574921903
7.284,0.775568540043812
7.285,0.775622177395014
7.286,0.780968825650606
7.287,0.804826630076974
7.288,0.815784853970797
7.289,0.819659552930258
7.29,0.824183034553491
7.291,0.814601775437733
7.292,0.792505982496797
7.293,0.77595124336606
7.294,0.768852108396795
7.295,0.790345127450347
7.296,0.768649009020178
7.297,0.783797806911774
7.298,0.798241118767666
7.299,0.832925695514543
7.3,0.834876557147537
7.301,0.813057208696195
7.302,0.824200178832071
7.303,0.834301060473198
7.304,0.832895137333813
7.305,0.846985934949549
7.306,0.846091482098725
7.307,0.788618009061406
7.308,0.771331030437586
7.309,0.787820900965465
7.31,0.762663017939232
7.311,0.739951390212761
7.312,0.759749937265769
7.313,0.742274664499276
7.314,0.754974467101985
7.315,0.774269116762013
7.316,0.783793787448406
7.317,0.751419903896265
7.318,0.77664412768394
7.319,0.795349291228495
7.32,0.786767700015458
7.321,0.773923646893966
7.322,0.790248724639584
7.323,0.789952497590508
7.324,0.806073584815251
7.325,0.801550573283724
7.326,0.785942935916314
7.327,0.764909320688645
7.328,0.725530618806483
7.329,0.719902937860627
7.33,0.713516348427407
7.331,0.714571057157095
7.332,0.739463280342293
7.333,0.712999943837429
7.334,0.686525936261877
7.335,0.708789577860091
7.336,0.754881946155047
7.337,0.739621959211228
7.338,0.755435785174073
7.339,0.74361529457108
7.34,0.734864282177794
7.341,0.731049303967602
7.342,0.74788623657982
7.343,0.738793899275694
7.344,0.727977970462696
7.345,0.71454424355871
7.346,0.726815857116427
7.347,0.745152502931182
7.348,0.737499875091488
7.349,0.711291609742514
7.35,0.693725996842667
7.351,0.681494710857723
7.352,0.693044444001189
7.353,0.705936555497781
7.354,0.732018886819728
7.355,0.758094109261619
7.356,0.718335072893829
7.357,0.667215147869121
7.358,0.657899441683215
7.359,0.628864952281142
7.36,0.648772326834552
7.361,0.664900182479548
7.362,0.675167978762949
7.363,0.687312669611419
7.364,0.697848675703268
7.365,0.699830878729724
7.366,0.691540292865711
7.367,0.692683688009337
7.368,0.676412026361939
7.369,0.679261353301989
7.37,0.671968497327566
7.371,0.632511557265354
7.372,0.652388588213917
7.373,0.674028359793428
7.374,0.711868248921178
7.375,0.725336337560272
7.376,0.720292544144205
7.377,0.71589423320789
7.378,0.702138638849454
7.379,0.725965758363682
7.38,0.745518678937363
7.381,0.741988870236833
7.382,0.71069070140649
7.383,0.702159970055463
7.384,0.701489893438207
7.385,0.689744927816689
7.386,0.666883527126216
7.387,0.676196056105253
7.388,0.635991023300189
7.389,0.598849620692299
7.39,0.612473250073752
7.391,0.626946746645773
7.392,0.616768543803513
7.393,0.611843376339847
7.394,0.599209338383458
7.395,0.605522871748718
7.396,0.636295040691204
7.397,0.608885511977891
7.398,0.633401228076712
7.399,0.628640546141559
7.4,0.638827290758111
7.401,0.628958303084601
7.402,0.653110407321363
7.403,0.671317123032109
7.404,0.610157007967265
7.405,0.604464867856289
7.406,0.645960491189112
7.407,0.636316265370446
7.408,0.661083679086435
7.409,0.685942395980094
7.41,0.714594027729438
7.411,0.704694668997063
7.412,0.693295888116997
7.413,0.737067424445343
7.414,0.691283530186843
7.415,0.708268227409039
7.416,0.710296676591324
7.417,0.686002857866862
7.418,0.688957881893665
7.419,0.674874243886767
7.42,0.661379109624218
7.421,0.666835329698448
7.422,0.671246724989544
7.423,0.674476750453992
7.424,0.702805855246879
7.425,0.739155741529158
7.426,0.741429276433151
7.427,0.746945041070215
7.428,0.688706099982351
7.429,0.717715342059454
7.43,0.689767342342129
7.431,0.714538560696657
7.432,0.733255691388267
7.433,0.72138636762261
7.434,0.704915777895128
7.435,0.723622244219852
7.436,0.750788287151783
7.437,0.751513397542566
7.438,0.752290892434389
7.439,0.751059692449243
7.44,0.764602662674429
7.441,0.74329104074428
7.442,0.746855099296622
7.443,0.749424138595039
7.444,0.732717174019738
7.445,0.69860998039495
7.446,0.688850262281477
7.447,0.665127856023239
7.448,0.634582156891761
7.449,0.630642765199916
7.45,0.615883020295864
7.451,0.615676149992516
7.452,0.617096109635346
7.453,0.625878607273438
7.454,0.626557718558404
7.455,0.619597587654987
7.456,0.629003648155121
7.457,0.664442260078688
7.458,0.648745513434188
7.459,0.641280495937595
7.46,0.658054278246638
7.461,0.639852469213383
7.462,0.636398032170105
7.463,0.626638316441214
7.464,0.633437783450604
7.465,0.613583834592805
7.466,0.602611263640777
7.467,0.611365687142385
7.468,0.634072786871132
7.469,0.596129056513238
7.47,0.615776748192668
7.471,0.610568066864451
7.472,0.593200187011345
7.473,0.574469658363029
7.474,0.573518322658972
7.475,0.523650947531712
7.476,0.525325793850197
7.477,0.515674248314178
7.478,0.526760459531739
7.479,0.50045468595778
7.48,0.520186403969458
7.481,0.518371161050868
7.482,0.520959376927119
7.483,0.526056056855606
7.484,0.491931278557464
7.485,0.512886178575788
7.486,0.504522479249994
7.487,0.493184892681742
7.488,0.469083648188456
7.489,0.505636028986767
7.49,0.513305885677012
7.491,0.486110958026767
7.492,0.476972355539169
7.493,0.50938475821348
7.494,0.477214688881893
7.495,0.488402745360671
7.496,0.481429364068578
7.497,0.49065050898677
7.498,0.495855533021066
7.499,0.473246903077656
7.5,0.478832434209118
7.501,0.464431512235013
7.502,0.470898732785815
7.503,0.469469799356574
7.504,0.442052996296463
7.505,0.431491429848841
7.506,0.442686935238252
7.507,0.407973034506246
7.508,0.409619827980836
7.509,0.383962847022427
7.51,0.379385199781464
7.511,0.368172088264882
7.512,0.373776997577316
7.513,0.358128531821018
7.514,0.334861908322344
7.515,0.331888115446081
7.516,0.369663397165971
7.517,0.410364566079181
7.518,0.394795460608621
7.519,0.426148957302755
7.52,0.417613578091973
7.521,0.426018507368378
7.522,0.438779936219946
7.523,0.44557173537914
7.524,0.467697565531011
7.525,0.415985825183506
7.526,0.44311693845598
7.527,0.457079632900472
7.528,0.470206807596699
7.529,0.447323495769974
7.53,0.436211709148084
7.531,0.418660798837356
7.532,0.394715107775507
7.533,0.397720143175155
7.534,0.407603372711311
7.535,0.429986986246365
7.536,0.436813759774592
7.537,0.436584065754561
7.538,0.417575022151829
7.539,0.398214967476893
7.54,0.380605925905173
7.541,0.381371229467088
7.542,0.410328556653034
7.543,0.411628865652773
7.544,0.388247438975869
7.545,0.390904755668091
7.546,0.411270422412408
7.547,0.380808475370882
7.548,0.366882181916951
7.549,0.409822967785865
7.55,0.39381996279747
7.551,0.419448384632459
7.552,0.412128446371212
7.553,0.405321592775354
7.554,0.383096462040397
7.555,0.368057673334643
7.556,0.381260876289244
7.557,0.399862364411932
7.558,0.40448856182246
7.559,0.415819138431042
7.56,0.415533151907588
7.561,0.424977238607822
7.562,0.394772897077957
7.563,0.407383693452677
7.564,0.411167596265694
7.565,0.443183325319961
7.566,0.44723383168847
7.567,0.434357037626423
7.568,0.46227701237881
7.569,0.420385315579666
7.57,0.444991223809803
7.571,0.463581091807256
7.572,0.448005916031071
7.573,0.442207666215931
7.574,0.408339790126984
7.575,0.393771876709732
7.576,0.408234258825911
7.577,0.402444100471192
7.578,0.401156352025106
7.579,0.368634629328357
7.58,0.384843512123567
7.581,0.406604165813631
7.582,0.412459526441335
7.583,0.429236294897644
7.584,0.418057736955402
7.585,0.420845152985515
7.586,0.420606195872038
7.587,0.443522735662642
7.588,0.466276014844876
7.589,0.47311079169015
7.59,0.469774872530095
7.591,0.477717501157887
7.592,0.451024482611265
7.593,0.401051690590869
7.594,0.42252197533935
7.595,0.42454376184362
7.596,0.432136802718685
7.597,0.479833584708804
7.598,0.499916096553294
7.599,0.484677533904945
7.6,0.509923346069945
7.601,0.504757805829393
7.602,0.526632563726426
7.603,0.545164388077369
7.604,0.575738314886394
7.605,0.574635834931566
7.606,0.570285797509569
7.607,0.545323629974777
7.608,0.521961078351343
7.609,0.51863891499984
7.61,0.516674928946929
7.611,0.500380388956237
7.612,0.505595544989846
7.613,0.489497192701995
7.614,0.468458435608608
7.615,0.452737947992612
7.616,0.450349690724107
7.617,0.441035376425756
7.618,0.463489103936003
7.619,0.481760274491899
7.62,0.472355280078504
7.621,0.481597124571373
7.622,0.464327145301104
7.623,0.463869932047532
7.624,0.459035447737871
7.625,0.450792754527068
7.626,0.472774440843411
7.627,0.518570884379211
7.628,0.531848849330995
7.629,0.553098631564603
7.63,0.556701824798551
7.631,0.551918317254783
7.632,0.543378646728854
7.633,0.512819511177988
7.634,0.502931156097222
7.635,0.490013302443017
7.636,0.469377439390209
7.637,0.479823097371979
7.638,0.489710362627292
7.639,0.436996247029273
7.64,0.434794955767858
7.641,0.422853862022166
7.642,0.451526838307771
7.643,0.456593292911479
7.644,0.491459911047757
7.645,0.500838714810312
7.646,0.507188431008271
7.647,0.505354853623362
7.648,0.565756216663106
7.649,0.598563137701847
7.65,0.5668917078698
7.651,0.545557804116796
7.652,0.541431031104896
7.653,0.538213693760215
7.654,0.543341343155797
7.655,0.547887423624917
7.656,0.564265020208476
7.657,0.624581303790901
7.658,0.604964370124271
7.659,0.596362002481752
7.66,0.578148379491422
7.661,0.60126402207241
7.662,0.604074576182964
7.663,0.562910182274219
7.664,0.593890262201303
7.665,0.60734343107995
7.666,0.597470279062451
7.667,0.573870616637139
7.668,0.573415083349766
7.669,0.578697297160175
7.67,0.551367687780042
7.671,0.594429062359767
7.672,0.590553480356305
7.673,0.599061274743495
7.674,0.59797784909018
7.675,0.56986696430444
7.676,0.578008499466046
7.677,0.549747197914353
7.678,0.518310435369588
7.679,0.489282573177093
7.68,0.501237888600764
7.681,0.552556477006884
7.682,0.554891012089575
7.683,0.555518420709639
7.684,0.575712923648551
7.685,0.594152805734415
7.686,0.592287353211436
7.687,0.612299343248264
7.688,0.578936551556685
7.689,0.560619318680347
7.69,0.541271842909269
7.691,0.535179284282659
7.692,0.576286657257546
7.693,0.597366931023985
7.694,0.597754060067272
7.695,0.574401967541515
7.696,0.574515062437835
7.697,0.551125978835216
7.698,0.544232363088996
7.699,0.541671924135397
7.7,0.520719780548016
7.701,0.542178093886938
7.702,0.516439477900909
7.703,0.504588630018405
7.704,0.541853417348995
7.705,0.530576011312084
7.706,0.55787946958325
7.707,0.565758805748053
7.708,0.565225716011865
7.709,0.573922287342208
7.71,0.587797347550267
7.711,0.614732350728954
7.712,0.620336337995408
7.713,0.639057983136781
7.714,0.652161110841632
7.715,0.615522068275272
7.716,0.609099282199348
7.717,0.586944025438974
7.718,0.606844894222662
7.719,0.625516514320404
7.72,0.617128006458637
7.721,0.624768763623948
7.722,0.6080836086901
7.723,0.59973590532773
7.724,0.595659493750733
7.725,0.621951970361727
7.726,0.634734894760385
7.727,0.591751308895119
7.728,0.577063037209713
7.729,0.56251310177331
7.73,0.558877557203384
7.731,0.582202265803551
7.732,0.59011762262978
7.733,0.610628487321994
7.734,0.610644903752679
7.735,0.615762988465022
7.736,0.609252194355736
7.737,0.630827497836753
7.738,0.655657342582586
7.739,0.653709087628237
7.74,0.674116845229038
7.741,0.66319706699242
7.742,0.643431568698476
7.743,0.633835359200267
7.744,0.609499468919958
7.745,0.618068134463534
7.746,0.619189618423887
7.747,0.623338016820454
7.748,0.639900463829683
7.749,0.667278280369995
7.75,0.664378039818671
7.751,0.67471484549028
7.752,0.683547088598853
7.753,0.705085277726201
7.754,0.706484299888197
7.755,0.711477634518765
7.756,0.702328265738726
7.757,0.733654595116021
7.758,0.697676292558445
7.759,0.698697883998803
7.76,0.697375656491436
7.761,0.737444815193991
7.762,0.740232627014415
7.763,0.731294992004943
7.764,0.686279198582301
7.765,0.705140800000198
7.766,0.699415749424876
7.767,0.720734737750521
7.768,0.739559758533046
7.769,0.74164949395791
7.77,0.740873620654096
7.771,0.74734359913195
7.772,0.732051961074092
7.773,0.754404492969
7.774,0.710115121117524
7.775,0.715711345341094
7.776,0.679903991571397
7.777,0.693663030340574
7.778,0.690297742259607
7.779,0.691980489691135
7.78,0.69320569762477
7.781,0.689504241297419
7.782,0.664183059163468
7.783,0.644136467525901
7.784,0.633307714230743
7.785,0.63446058281823
7.786,0.641998376754282
7.787,0.648113242539541
7.788,0.710368775367083
7.789,0.690715288889092
7.79,0.68559099296979
7.791,0.693003082691446
7.792,0.716678036994985
7.793,0.722123095340562
7.794,0.782283264522707
7.795,0.771370872464567
7.796,0.773917490418975
7.797,0.770395810618133
7.798,0.800427265567037
7.799,0.781397747733954
7.8,0.801798004506384
7.801,0.839524550997566
7.802,0.850282841438922
7.803,0.845823388874946
7.804,0.858400981869224
7.805,0.855676579383223
7.806,0.862123830912946
7.807,0.836869483737462
7.808,0.845641648219567
7.809,0.844463497283137
7.81,0.805762139952549
7.811,0.785022111798329
7.812,0.769481852234236
7.813,0.741102086989007
7.814,0.729127472092297
7.815,0.723546186191363
7.816,0.801339849435299
7.817,0.810655611658164
7.818,0.825864115375103
7.819,0.819610631398323
7.82,0.812273292670027
7.821,0.818674209752844
7.822,0.819645134894044
7.823,0.811770345434102
7.824,0.827276695409414
7.825,0.803472606520835
7.826,0.804997876696361
7.827,0.785791613089933
7.828,0.768361008114639
7.829,0.748586417352131
7.83,0.740873657359858
7.831,0.734297277283029
7.832,0.737097318237912
7.833,0.759497984681061
7.834,0.744806734103461
7.835,0.733945541386823
7.836,0.682237218161313
7.837,0.683892740925921
7.838,0.697157006084989
7.839,0.68240955955407
7.84,0.705995216343653
7.841,0.696520041401611
7.842,0.721891744271527
7.843,0.74729403226189
7.844,0.758782107370111
7.845,0.73763986549611
7.846,0.733042227324586
7.847,0.748081361561896
7.848,0.759083523991233
7.849,0.757101295013081
7.85,0.76814734412086
7.851,0.789097710604358
7.852,0.797510290920741
7.853,0.803137601344964
7.854,0.826882487869967
7.855,0.813271065601441
7.856,0.853086560628747
7.857,0.850790617657712
7.858,0.848949612017338
7.859,0.829086912780582
7.86,0.856956578465794
7.861,0.857737253118848
7.862,0.844219821396573
7.863,0.839271672187326
7.864,0.879812571471602
7.865,0.865396362665289
7.866,0.894522946322791
7.867,0.904675477883087
7.868,0.900504545044672
7.869,0.896783427236371
7.87,0.865417762126001
7.871,0.889713815951105
7.872,0.871996332909498
7.873,0.840352196454877
7.874,0.847788467132426
7.875,0.846910877655291
7.876,0.856597221963688
7.877,0.847277322657611
7.878,0.873078324456399
7.879,0.878136026910018
7.88,0.881956947920923
7.881,0.880163897993002
7.882,0.896223004362728
7.883,0.9506377819923
7.884,0.912966507990469
7.885,0.966730104385627
7.886,0.945178385284054
7.887,0.963317774487274
7.888,0.94072835012158
7.889,0.915697337492845
7.89,0.929027438176078
7.891,0.914325474368166
7.892,0.909044265284149
7.893,0.907208005046544
7.894,0.937186527101995
7.895,0.936631787057399
7.896,0.911717996949606
7.897,0.914584566096813
7.898,0.92983830924852
7.899,0.93719987620135
7.9,0.922266814296666
7.901,0.926698460721075
7.902,0.907135040810638
7.903,0.90098821173182
7.904,0.929074967190176
7.905,0.931110765261122
7.906,0.936194108334834
7.907,0.936317712324273
7.908,0.92170901468593
7.909,0.914051087749759
7.91,0.933986398649113
7.911,0.923590622077663
7.912,0.94476543287084
7.913,0.923439420959608
7.914,0.96314498569571
7.915,0.952011861347515
7.916,0.946608381801291
7.917,0.955197885541926
7.918,0.953740586359354
7.919,0.925903142059403
7.92,0.909427508945229
7.921,0.911139150531667
7.922,0.902344318331169
7.923,0.90545700800013
7.924,0.897083055565837
7.925,0.895766053625319
7.926,0.888661002080084
7.927,0.889395746756856
7.928,0.889228692686693
7.929,0.904904383259776
7.93,0.923556258757794
7.931,0.907589459762853
7.932,0.936518582976381
7.933,0.941763647468232
7.934,0.959682632331189
7.935,0.983188607934676
7.936,1.00610819747696
7.937,1.01590053750168
7.938,1.03733601386342
7.939,1.01496218441132
7.94,1.00474896309628
7.941,1.01893675988443
7.942,1.03523452945284
7.943,1.05724332946922
7.944,1.05181340631777
7.945,1.08240421934982
7.946,1.07702091291046
7.947,1.09467663442316
7.948,1.11106451617929
7.949,1.10664489020549
7.95,1.12964709652046
7.951,1.15652169389332
7.952,1.13880195006588
7.953,1.12227816426643
7.954,1.11174418058281
7.955,1.11392619729817
7.956,1.13484390738857
7.957,1.17187091576988
7.958,1.16398778529001
7.959,1.16975604743253
7.96,1.19147481750194
7.961,1.22921423233697
7.962,1.24247124382096
7.963,1.24991407963562
7.964,1.26580186338741
7.965,1.28218879194022
7.966,1.31037808584855
7.967,1.33012229612195
7.968,1.32657209930556
7.969,1.30832115899495
7.97,1.28894657301185
7.971,1.26530495658133
7.972,1.25696386601514
7.973,1.24576626655349
7.974,1.25358906604489
7.975,1.27800549471915
7.976,1.29031137167032
7.977,1.32416171769375
7.978,1.35855173765496
7.979,1.35078281085419
7.98,1.36697658518292
7.981,1.37562614300647
7.982,1.39216108268939
7.983,1.37505733240608
7.984,1.35366014169219
7.985,1.40832317648248
7.986,1.41454231648787
7.987,1.42516887277856
7.988,1.41619626076213
7.989,1.41403100790007
7.99,1.40186694173185
7.991,1.37982468964954
7.992,1.37414587284156
7.993,1.34609778245412
7.994,1.38310935562733
7.995,1.34090412455231
7.996,1.32457939865721
7.997,1.33290960487654
7.998,1.35516858818254
7.999,1.35682551040584
8,1.36608383244151
8.001,1.33348202709092
8.002,1.31864624936936
8.003,1.31562004372647
8.004,1.3097574458165
8.005,1.30668395856541
8.006,1.30279545839794
8.007,1.32637373173618
8.008,1.32767827247627
8.009,1.35121085489382
8.01,1.35290627326712
8.011,1.37264790784626
8.012,1.40211587740683
8.013,1.35118315373338
8.014,1.37407590852974
8.015,1.40570326011239
8.016,1.38615215325036
8.017,1.39813094134422
8.018,1.39469567099438
8.019,1.39868558134703
8.02,1.37999015260559
8.021,1.34058855312902
8.022,1.35305332003267
8.023,1.36775014906338
8.024,1.33938765851467
8.025,1.33036700072618
8.026,1.33701767517397
8.027,1.34000582185646
8.028,1.30994746543016
8.029,1.31657461508233
8.03,1.32836254336027
8.031,1.34034905717948
8.032,1.33510091810177
8.033,1.32351281095479
8.034,1.33831166688617
8.035,1.3562467253717
8.036,1.38199651946998
8.037,1.40383294167435
8.038,1.4279733807844
8.039,1.39213481487892
8.04,1.35655535084044
8.041,1.3527406494107
8.042,1.32919713088608
8.043,1.347212383032
8.044,1.33415386042782
8.045,1.35568027197247
8.046,1.37884281765275
8.047,1.38959595118549
8.048,1.36351813346174
8.049,1.33914698884862
8.05,1.32636825043113
8.051,1.30337055313056
8.052,1.33000862579245
8.053,1.32830424459699
8.054,1.33009399027327
8.055,1.32827109976629
8.056,1.31219431622324
8.057,1.28764482176206
8.058,1.24489062855364
8.059,1.2248646144142
8.06,1.23490794064026
8.061,1.21147725437383
8.062,1.20328922433743
8.063,1.19106887622989
8.064,1.17322619484379
8.065,1.17072541841126
8.066,1.21770711232831
8.067,1.21829799864143
8.068,1.18297046334433
8.069,1.18823626795813
8.07,1.178608324301
8.071,1.19882495990215
8.072,1.19903163618113
8.073,1.17499929244211
8.074,1.12695005687148
8.075,1.11923244558888
8.076,1.13117142518223
8.077,1.13242101060086
8.078,1.12036399699941
8.079,1.11021152494565
8.08,1.11148233511973
8.081,1.12727534906688
8.082,1.10527072299849
8.083,1.10074939739958
8.084,1.10772791534667
8.085,1.10467638386837
8.086,1.0891916132062
8.087,1.1132440449329
8.088,1.09118721083749
8.089,1.06982185400631
8.09,1.07866204208008
8.091,1.08473362278678
8.092,1.04453002363733
8.093,1.0233724171745
8.094,1.06021164186404
8.095,1.07458445415388
8.096,1.05784562305346
8.097,1.03841985930211
8.098,1.04343068498948
8.099,1.04650975126617
8.1,1.08801498873697
8.101,1.0846973433542
8.102,1.11691156084295
8.103,1.13853815032107
8.104,1.11835422226481
8.105,1.1052803228069
8.106,1.11230641706217
8.107,1.11619059963534
8.108,1.11183465783448
8.109,1.13044736921526
8.11,1.12549785771249
8.111,1.14685501923601
8.112,1.13695915309536
8.113,1.13590199740721
8.114,1.11700051720179
8.115,1.13671990745138
8.116,1.14840084459991
8.117,1.15431502638871
8.118,1.19277471087523
8.119,1.18337789901888
8.12,1.16902001199613
8.121,1.16542295595282
8.122,1.16966405285572
8.123,1.20571730896371
8.124,1.19566421587956
8.125,1.20889447344619
8.126,1.22372080200091
8.127,1.24590290934614
8.128,1.27127274187582
8.129,1.25896884695761
8.13,1.25636871601933
8.131,1.24602927204615
8.132,1.24883102977401
8.133,1.26009144245449
8.134,1.2411570258669
8.135,1.26903902284571
8.136,1.25443345117216
8.137,1.22754734863968
8.138,1.30185500497379
8.139,1.29801550139177
8.14,1.31745482104353
8.141,1.30469508527433
8.142,1.33136405678333
8.143,1.32749044788777
8.144,1.37934383254955
8.145,1.37419212318584
8.146,1.39034269338906
8.147,1.40126632638877
8.148,1.41210264384973
8.149,1.43251597802776
8.15,1.44148723969093
8.151,1.46274522845947
8.152,1.47433807504861
8.153,1.47062068990917
8.154,1.47234535704123
8.155,1.46547430384352
8.156,1.47692041474015
8.157,1.45052697530946
8.158,1.46083433790572
8.159,1.43802233464968
8.16,1.40869184394323
8.161,1.40557864048076
8.162,1.39342362298928
8.163,1.39998516504215
8.164,1.37256093179668
8.165,1.3321396646805
8.166,1.31938901597335
8.167,1.32776483441101
8.168,1.3356953524176
8.169,1.31900267959864
8.17,1.31802398175122
8.171,1.28666343312759
8.172,1.23712537050592
8.173,1.25193768539054
8.174,1.22356720867064
8.175,1.17423749856184
8.176,1.18667403163784
8.177,1.15999006801478
8.178,1.14852103584404
8.179,1.14846722045778
8.18,1.15299116909116
8.181,1.2299027736683
8.182,1.22196101155923
8.183,1.23522718367515
8.184,1.22701948639356
8.185,1.21851614010739
8.186,1.20631389916751
8.187,1.21246046523819
8.188,1.21921963337947
8.189,1.22841312824723
8.19,1.20398109671819
8.191,1.21458038287334
8.192,1.24755269307851
8.193,1.24886553084905
8.194,1.23912422664131
8.195,1.24526542084653
8.196,1.23982528366856
8.197,1.22227384374518
8.198,1.20322280657718
8.199,1.23595754804268
8.2,1.23253003602506
8.201,1.24657458172383
8.202,1.24287615936965
8.203,1.25366670940615
8.204,1.23822212170638
8.205,1.20769746060845
8.206,1.1830963974741
8.207,1.1946387960725
8.208,1.2134674042077
8.209,1.17811912089309
8.21,1.20463009771522
8.211,1.21744410682971
8.212,1.24625142619548
8.213,1.24586282565214
8.214,1.25160610841108
8.215,1.23981059698518
8.216,1.22889485414804
8.217,1.2100318989233
8.218,1.21325775769715
8.219,1.25257988971321
8.22,1.26962700494777
8.221,1.27215904057335
8.222,1.30656946485278
8.223,1.3036070779133
8.224,1.28255998994116
8.225,1.3154979159031
8.226,1.3088073014701
8.227,1.33065651955133
8.228,1.32963968701475
8.229,1.32041664641597
8.23,1.32615105003919
8.231,1.32680933811783
8.232,1.30141996046632
8.233,1.31969906519491
8.234,1.3339631863482
8.235,1.33493263189502
8.236,1.34572520666759
8.237,1.32466292927899
8.238,1.29654314825264
8.239,1.32511149503343
8.24,1.33039807073214
8.241,1.34820505298926
8.242,1.34097366127036
8.243,1.32793869516739
8.244,1.33420043749276
8.245,1.31845571623268
8.246,1.305408879021
8.247,1.28352387461795
8.248,1.26105191483967
8.249,1.26548149925743
8.25,1.24618712773397
8.251,1.23842584591715
8.252,1.23296938335398
8.253,1.20947575921567
8.254,1.20164936237599
8.255,1.18172176048677
8.256,1.20711705777372
8.257,1.17804252607387
8.258,1.16713924011827
8.259,1.1416279689755
8.26,1.10981801117815
8.261,1.09078741809681
8.262,1.06114258975835
8.263,1.06708996832124
8.264,1.0464680440981
8.265,1.06136673918582
8.266,1.08389936042737
8.267,1.03202610109386
8.268,1.04479560930801
8.269,1.00066185233303
8.27,1.04011106247717
8.271,1.04470741945536
8.272,1.06171972232302
8.273,1.07255700928439
8.274,1.06244576190005
8.275,1.07101616976431
8.276,1.04897298954786
8.277,1.04455202754481
8.278,1.06787532954768
8.279,1.07555464902369
8.28,1.05482534854609
8.281,1.09105039672865
8.282,1.09052831645503
8.283,1.07412066040855
8.284,1.08619630311434
8.285,1.07195813643659
8.286,1.04604977335455
8.287,1.01535433947179
8.288,1.04646029453763
8.289,1.06745432593323
8.29,1.0796719606721
8.291,1.09027369657057
8.292,1.07060153580361
8.293,1.07221368382584
8.294,1.072374656843
8.295,1.09231220288567
8.296,1.08131333147673
8.297,1.04511709723282
8.298,1.05733916927169
8.299,1.05008024588028
8.3,1.07289555627576
8.301,1.0834593165439
8.302,1.07725715872335
8.303,1.07957087773931
8.304,1.08436980285058
8.305,1.12674030794172
8.306,1.12293575894061
8.307,1.13842921900254
8.308,1.13545571679773
8.309,1.16934075123742
8.31,1.20467021521813
8.311,1.23055786123194
8.312,1.23414084379029
8.313,1.23162777002818
8.314,1.24847529366074
8.315,1.2559430157275
8.316,1.26027339190991
8.317,1.25184924814389
8.318,1.24020789961601
8.319,1.24635326673679
8.32,1.24922277753991
8.321,1.2272730370398
8.322,1.29561601638759
8.323,1.27114659576061
8.324,1.26153200150393
8.325,1.25547334302408
8.326,1.25709913171859
8.327,1.2527895720572
8.328,1.21900517105764
8.329,1.18287942502012
8.33,1.19228815025567
8.331,1.21551607095038
8.332,1.19671933012873
8.333,1.20215252212045
8.334,1.15491699057406
8.335,1.14634641289454
8.336,1.11740813455808
8.337,1.11179931525631
8.338,1.13797638886723
8.339,1.16610717471788
8.34,1.13793413104815
8.341,1.10838089355554
8.342,1.12196124236979
8.343,1.14488543657611
8.344,1.11370369834255
8.345,1.10350589364967
8.346,1.10604715717099
8.347,1.10360581656399
8.348,1.10086151666304
8.349,1.1139475524402
8.35,1.11705168836969
8.351,1.12400972009519
8.352,1.11224178690551
8.353,1.10397802969053
8.354,1.08753398713729
8.355,1.07493425888384
8.356,1.10214742088021
8.357,1.0964921427421
8.358,1.06433396212226
8.359,1.08170189545745
8.36,1.07992241428087
8.361,1.06486550696161
8.362,1.11411795985003
8.363,1.09858708740346
8.364,1.07893727389248
8.365,1.0935413097718
8.366,1.07918952432754
8.367,1.07006953232379
8.368,1.06929570115024
8.369,1.08415612324042
8.37,1.07224660305423
8.371,1.03715143369328
8.372,1.0382463590313
8.373,1.03637569324705
8.374,1.04349089603035
8.375,1.04862129874357
8.376,1.06483964078592
8.377,1.05842982646016
8.378,1.04241719213729
8.379,1.0195938317626
8.38,1.00812431598995
8.381,1.0296147201755
8.382,1.04084327788275
8.383,1.04549401398082
8.384,1.0456536532089
8.385,1.02280374519384
8.386,1.05216110843629
8.387,1.05928045497701
8.388,1.04476730098254
8.389,1.07706233744883
8.39,1.04427870667
8.391,1.02743058284092
8.392,1.02206295412804
8.393,1.02538351022474
8.394,1.00192097751741
8.395,1.02680235354755
8.396,1.01366774985486
8.397,1.02488869327813
8.398,1.02111370040472
8.399,0.995276061752124
8.4,0.988311580456298
8.401,0.979042858770327
8.402,0.956470565928674
8.403,0.967354004434157
8.404,0.987580166762204
8.405,1.0144565453844
8.406,1.04178650665732
8.407,1.06231709977437
8.408,1.07373520349337
8.409,1.07531049289498
8.41,1.04141704612158
8.411,1.03689569728595
8.412,0.998937312173448
8.413,0.992515049792098
8.414,1.0038901253709
8.415,0.97458702549247
8.416,1.00782916495016
8.417,0.987475139317795
8.418,1.02242985881246
8.419,0.995075197928965
8.42,0.96432890328744
8.421,0.958223003460391
8.422,0.935849970296281
8.423,0.928926453520369
8.424,0.951599202039986
8.425,0.967905944666304
8.426,0.978822906165403
8.427,0.974835295796604
8.428,0.979919782350805
8.429,0.969260789789404
8.43,1.00236929924972
8.431,1.0246030914322
8.432,1.0301081125874
8.433,1.04623993955363
8.434,1.04732754133682
8.435,1.0412490571749
8.436,1.08064493365338
8.437,1.05607548015743
8.438,1.05850198510762
8.439,1.04780450211652
8.44,1.04804365953025
8.441,1.03462804626482
8.442,1.03378791307377
8.443,1.04336653997201
8.444,1.05922812607017
8.445,1.06751865506263
8.446,1.03015120661088
8.447,1.0507450723456
8.448,1.06546588994728
8.449,1.07992620249542
8.45,1.11440887637743
8.451,1.10976135348694
8.452,1.13694213180541
8.453,1.1520619159959
8.454,1.13852492082224
8.455,1.16385949606756
8.456,1.18859099873218
8.457,1.16728100645959
8.458,1.16743067505162
8.459,1.16960057593605
8.46,1.21101613548716
8.461,1.22399432392721
8.462,1.2354879341436
8.463,1.20807912685571
8.464,1.21823387956415
8.465,1.21053662649457
8.466,1.2048755228834
8.467,1.16179624193896
8.468,1.18156483568064
8.469,1.16669726212182
8.47,1.15415487653353
8.471,1.15709856463989
8.472,1.18487402231576
8.473,1.22406442344667
8.474,1.19971561634964
8.475,1.19137473963129
8.476,1.18344202014678
8.477,1.22174649479742
8.478,1.2326466865135
8.479,1.23279928929037
8.48,1.27823556155755
8.481,1.28850870009451
8.482,1.28828961529095
8.483,1.2909611390164
8.484,1.2120534867551
8.485,1.24390551745393
8.486,1.28331128462883
8.487,1.26389613102032
8.488,1.27332443127515
8.489,1.23448492494218
8.49,1.20448911930232
8.491,1.20836493104369
8.492,1.16770405641456
8.493,1.15819268507672
8.494,1.13379878993903
8.495,1.12015264054854
8.496,1.08972152530008
8.497,1.10848125413481
8.498,1.12488609314604
8.499,1.13688310782229
8.5,1.07252772969941
8.501,1.07234970985284
8.502,1.07955275514126
8.503,1.0578232388503
8.504,1.09525962165634
8.505,1.09195256029392
8.506,1.09866383526443
8.507,1.11119444330221
8.508,1.0967477466851
8.509,1.06527677086469
8.51,1.11749639604155
8.511,1.10081341925439
8.512,1.11216381657357
8.513,1.08557770465687
8.514,1.0874070661827
8.515,1.09471563219932
8.516,1.08114871137936
8.517,1.08734432519757
8.518,1.0793548225949
8.519,1.04521659558555
8.52,1.05682734667749
8.521,1.03053497557041
8.522,1.04060023713008
8.523,1.03766154458759
8.524,1.06560926460605
8.525,1.05074422985009
8.526,1.05853509367711
8.527,1.06410157125247
8.528,1.08400475297043
8.529,1.1065340659895
8.53,1.08948835696693
8.531,1.09512909476488
8.532,1.11159292062556
8.533,1.06516600619977
8.534,1.00897910113153
8.535,1.02136816260618
8.536,0.994851621562166
8.537,1.008233353078
8.538,1.01801305896308
8.539,1.01402233790656
8.54,1.03477843458995
8.541,1.03601841902383
8.542,1.05375390893171
8.543,1.07091841227044
8.544,1.06123270527296
8.545,1.08924128824616
8.546,1.07483083976597
8.547,1.06166379728434
8.548,1.04720745926768
8.549,1.03687113288536
8.55,1.00691123472943
8.551,0.998456353610357
8.552,0.973862464800652
8.553,0.961847326442589
8.554,0.96046217585324
8.555,0.950186862313987
8.556,0.94188446837
8.557,0.927994808668688
8.558,0.961549427505624
8.559,0.963868771707911
8.56,0.963866017919298
8.561,1.01048211952255
8.562,0.991239630215323
8.563,1.01321295145407
8.564,1.03076803764342
8.565,1.03265297787596
8.566,1.0171302902009
8.567,0.991524944795859
8.568,1.00543667201244
8.569,1.00528635672011
8.57,1.01672577130979
8.571,1.01483434526617
8.572,0.998570596747871
8.573,0.976683458006221
8.574,1.00665531182098
8.575,0.97380975865276
8.576,0.961184170442475
8.577,0.96563581711741
8.578,1.00200785628371
8.579,1.0191392462514
8.58,0.987651057868263
8.581,0.99641092118998
8.582,1.00459071800694
8.583,0.989272708967913
8.584,0.996200277058905
8.585,0.980335838917899
8.586,0.971613438371798
8.587,0.988431251296992
8.588,0.97957699642683
8.589,0.985925532979467
8.59,0.962727057165289
8.591,0.984956986253371
8.592,0.962072307258984
8.593,0.949078390351513
8.594,1.00043973267391
8.595,0.957135598704585
8.596,0.962940684035083
8.597,0.951936238285495
8.598,0.939649340728988
8.599,0.915980773104137
8.6,0.888098721163102
8.601,0.853600364108705
8.602,0.861715912317726
8.603,0.827956269962788
8.604,0.825737438195871
8.605,0.820550130908229
8.606,0.833561120708567
8.607,0.827992382249444
8.608,0.836286272049045
8.609,0.822810184582101
8.61,0.849941960233744
8.611,0.90002137991232
8.612,0.893342009400523
8.613,0.891509965834234
8.614,0.852109173327456
8.615,0.869938642212916
8.616,0.867452680645371
8.617,0.862351270822167
8.618,0.854749530487144
8.619,0.839674869406719
8.62,0.854338640571465
8.621,0.855616481689985
8.622,0.851295291056143
8.623,0.855051340096074
8.624,0.881137337347277
8.625,0.892533036677732
8.626,0.882843456725113
8.627,0.908745122484752
8.628,0.881024051297559
8.629,0.90359057623282
8.63,0.890431593773777
8.631,0.903621634997672
8.632,0.937748030445673
8.633,0.923731119147967
8.634,0.941770377720427
8.635,0.955471760613073
8.636,0.979462001911588
8.637,0.983461802752762
8.638,0.970850336771069
8.639,0.932044067475374
8.64,0.937739175050681
8.641,0.935516840834383
8.642,0.968245954579506
8.643,0.98372897462119
8.644,0.967998352180253
8.645,0.941519537858955
8.646,0.917438937205133
8.647,0.939764152239227
8.648,0.93886447917272
8.649,0.927021032441961
8.65,0.913622462323521
8.651,0.88017091273125
8.652,0.870971726622806
8.653,0.864848161882613
8.654,0.877252608383922
8.655,0.891104374408032
8.656,0.871324653908084
8.657,0.885370317354995
8.658,0.865830446415474
8.659,0.863017081625175
8.66,0.878530032738799
8.661,0.896561408335375
8.662,0.877695997496644
8.663,0.888981534198028
8.664,0.897299909637427
8.665,0.871463679618018
8.666,0.88120863741772
8.667,0.852455207599473
8.668,0.818470790932181
8.669,0.828675701451851
8.67,0.810465583543116
8.671,0.806313615227725
8.672,0.829502379274565
8.673,0.819468019751734
8.674,0.806539480456663
8.675,0.82063979235735
8.676,0.835537371338754
8.677,0.827395762187323
8.678,0.805244759921254
8.679,0.795824121602672
8.68,0.778386408219893
8.681,0.754074895276362
8.682,0.747566650885086
8.683,0.719098405299868
8.684,0.689408928591702
8.685,0.700454152782298
8.686,0.718383789015175
8.687,0.736865448892467
8.688,0.752809194676205
8.689,0.743320403068751
8.69,0.713968472477315
8.691,0.71608864084083
8.692,0.714355167742055
8.693,0.757812995075128
8.694,0.741043434041281
8.695,0.727673863622153
8.696,0.711178676434972
8.697,0.66996519810539
8.698,0.658765704594436
8.699,0.663513517559648
8.7,0.701403691897284
8.701,0.669981314267143
8.702,0.65111665447494
8.703,0.666766678201818
8.704,0.663454739812359
8.705,0.678792782007826
8.706,0.66343723546908
8.707,0.632372949021693
8.708,0.619568819300617
8.709,0.591235754905235
8.71,0.568309049516762
8.711,0.563869208298692
8.712,0.56467788602514
8.713,0.590159323229829
8.714,0.597078221466942
8.715,0.617043685897145
8.716,0.585966198306397
8.717,0.536108658274921
8.718,0.576999187373981
8.719,0.550797133925294
8.72,0.541888073130587
8.721,0.55112144676843
8.722,0.553035208963978
8.723,0.543372342037415
8.724,0.525483511368804
8.725,0.521782166554678
8.726,0.55221739809958
8.727,0.538603174651831
8.728,0.549520977039118
8.729,0.571055513434326
8.73,0.552184942129438
8.731,0.524343880241098
8.732,0.526275792399054
8.733,0.510123520380326
8.734,0.477011313413125
8.735,0.474941551662404
8.736,0.482777257293043
8.737,0.461453145480472
8.738,0.461250887261539
8.739,0.478511261991826
8.74,0.47263634232984
8.741,0.446362120692799
8.742,0.432650216041458
8.743,0.458851531863451
8.744,0.469351504938508
8.745,0.46847825409489
8.746,0.477399796083534
8.747,0.490278448989828
8.748,0.50795288605357
8.749,0.483112658563016
8.75,0.464695499516629
8.751,0.451599549096308
8.752,0.495544656952801
8.753,0.486473894027025
8.754,0.502811101426696
8.755,0.520547212499968
8.756,0.524767933510549
8.757,0.520434814436029
8.758,0.510496122717347
8.759,0.490099843775199
8.76,0.490381350807197
8.761,0.496026378640613
8.762,0.49936592115289
8.763,0.459743147106897
8.764,0.475554305348418
8.765,0.445254240854791
8.766,0.444507100977695
8.767,0.447729857215625
8.768,0.444784644905617
8.769,0.419035092136978
8.77,0.397051122076559
8.771,0.395479920201815
8.772,0.398369111953702
8.773,0.356141159776477
8.774,0.346762036483223
8.775,0.347672873412882
8.776,0.35014643944706
8.777,0.348068464443646
8.778,0.375856628765944
8.779,0.367906293351036
8.78,0.379036033741517
8.781,0.387496813360728
8.782,0.403822999149543
8.783,0.399296886275161
8.784,0.385079404749468
8.785,0.40799044552585
8.786,0.416230599303983
8.787,0.436688735727643
8.788,0.384744977399098
8.789,0.390009100864392
8.79,0.372509081318958
8.791,0.400779546407469
8.792,0.423483109977385
8.793,0.393845481945205
8.794,0.392570855179577
8.795,0.397736793450521
8.796,0.396723466361249
8.797,0.372049203868476
8.798,0.380683197847139
8.799,0.394446712122885
8.8,0.399980148320822
8.801,0.399583650946641
8.802,0.418801619282332
8.803,0.418144046678399
8.804,0.401426916883089
8.805,0.390623088278507
8.806,0.398577677115533
8.807,0.389144481405823
8.808,0.398960243391886
8.809,0.420577496266882
8.81,0.409331537995145
8.811,0.37690637877919
8.812,0.403117819997553
8.813,0.387876045320656
8.814,0.373580735212649
8.815,0.360387455842567
8.816,0.361351747094445
8.817,0.357291896141349
8.818,0.364119842967805
8.819,0.326833375481146
8.82,0.303067645643661
8.821,0.275154481620513
8.822,0.253718303561838
8.823,0.25895368578563
8.824,0.269559841587877
8.825,0.299332103771749
8.826,0.348061906652066
8.827,0.342678727491271
8.828,0.328055573347819
8.829,0.2954284849812
8.83,0.302639705292912
8.831,0.323267823093462
8.832,0.342464036877032
8.833,0.327466920702543
8.834,0.33835867750088
8.835,0.327775429870286
8.836,0.312101319801632
8.837,0.313529696565654
8.838,0.318367484508884
8.839,0.297686469941917
8.84,0.309260480998778
8.841,0.290007700813401
8.842,0.275447294359616
8.843,0.300009300265517
8.844,0.305388632967155
8.845,0.264144057802786
8.846,0.287881023560551
8.847,0.311909998385488
8.848,0.299756471892921
8.849,0.337989677094501
8.85,0.388281109594033
8.851,0.404072545613723
8.852,0.40411706186673
8.853,0.411894283694084
8.854,0.411286032006201
8.855,0.456107111538296
8.856,0.451027601965459
8.857,0.453130703299647
8.858,0.415910820366652
8.859,0.42489363104479
8.86,0.402046643142754
8.861,0.391228086577556
8.862,0.374972329468839
8.863,0.384213120912896
8.864,0.407925891741397
8.865,0.390969612241939
8.866,0.398051965901434
8.867,0.3674518755087
8.868,0.355496876008812
8.869,0.36147548221318
8.87,0.332931966648004
8.871,0.308755661982969
8.872,0.321309174031641
8.873,0.320063244470723
8.874,0.300512182253344
8.875,0.302456163355678
8.876,0.303954064200587
8.877,0.302300599356584
8.878,0.317075958716727
8.879,0.316032218390917
8.88,0.305447400609544
8.881,0.309107207167087
8.882,0.342746821437814
8.883,0.36706095386761
8.884,0.355135633259774
8.885,0.360281939287055
8.886,0.356691081494436
8.887,0.346764302799586
8.888,0.310624653071688
8.889,0.321325158451112
8.89,0.367078188590417
8.891,0.358175617747017
8.892,0.3369549282953
8.893,0.314814081681008
8.894,0.306062976336811
8.895,0.345702884331741
8.896,0.350124523215113
8.897,0.362521172914348
8.898,0.366618777329034
8.899,0.348399412377134
8.9,0.36823691323953
8.901,0.39482078391921
8.902,0.379936037571088
8.903,0.376763493881608
8.904,0.403311733252142
8.905,0.423419304610167
8.906,0.412892841410699
8.907,0.42511374671329
8.908,0.425348298412026
8.909,0.418333442738185
8.91,0.395366991058826
8.911,0.436281854731422
8.912,0.425890854484021
8.913,0.408694233587425
8.914,0.395953261224188
8.915,0.356805472178306
8.916,0.348766333037852
8.917,0.337334272822087
8.918,0.313067822861623
8.919,0.329237815169101
8.92,0.363944551440188
8.921,0.337083898971456
8.922,0.327289284552054
8.923,0.349179517051516
8.924,0.40436006984837
8.925,0.382923971074602
8.926,0.375519636726806
8.927,0.363214253304016
8.928,0.375343429866511
8.929,0.358583605471181
8.93,0.377333877643604
8.931,0.377849261606232
8.932,0.413046557074821
8.933,0.398090322888337
8.934,0.425331424457629
8.935,0.465464380613339
8.936,0.4699424537164
8.937,0.489134652210572
8.938,0.487924271782711
8.939,0.488935928086462
8.94,0.486804413504508
8.941,0.492654683593474
8.942,0.515424736579919
8.943,0.520300735423173
8.944,0.533505631720703
8.945,0.507028429254973
8.946,0.514830973922884
8.947,0.478895455249169
8.948,0.479080721796508
8.949,0.472507390606862
8.95,0.501015122054697
8.951,0.497571133579361
8.952,0.467331734265223
8.953,0.470834981499415
8.954,0.496381466714202
8.955,0.516029747191799
8.956,0.497832625668775
8.957,0.500328801600953
8.958,0.520548025542194
8.959,0.515117086147355
8.96,0.50487083755796
8.961,0.490615890646275
8.962,0.499122312279261
8.963,0.499580792149863
8.964,0.483959704002086
8.965,0.469669464509623
8.966,0.493515935365827
8.967,0.474284036372979
8.968,0.488562710826387
8.969,0.494341729908072
8.97,0.507096220621396
8.971,0.514809655903003
8.972,0.49926670466096
8.973,0.469008648544908
8.974,0.444211989886809
8.975,0.432987536454275
8.976,0.446582709246911
8.977,0.491454954660194
8.978,0.467187185308606
8.979,0.445602745199265
8.98,0.410855386520527
8.981,0.41212428500397
8.982,0.362005660348119
8.983,0.332093435770453
8.984,0.31642226463888
8.985,0.340899366085936
8.986,0.346580311301416
8.987,0.323486325038536
8.988,0.332980107406143
8.989,0.364619462602231
8.99,0.371435674307368
8.991,0.369493337682518
8.992,0.403380876993697
8.993,0.416763068815697
8.994,0.406540018118787
8.995,0.429770625341783
8.996,0.436728989004082
8.997,0.43923396662581
8.998,0.473635337736207
8.999,0.504010423537823
9,0.473302317496564
9.001,0.476322013296326
9.002,0.46555712978977
9.003,0.444122414971253
9.004,0.456582767407708
9.005,0.424613574240627
9.006,0.411120931077734
9.007,0.43229941790536
9.008,0.439334370089337
9.009,0.431151606045646
9.01,0.445244517018542
9.011,0.432589697399739
9.012,0.438546690518065
9.013,0.484727067177941
9.014,0.483392277561601
9.015,0.46407222142656
9.016,0.469650238046534
9.017,0.508081037493619
9.018,0.535423523885646
9.019,0.596410297229568
9.02,0.601604439457336
9.021,0.586288476252238
9.022,0.591232525875714
9.023,0.578437159925101
9.024,0.544046804884245
9.025,0.532111120841028
9.026,0.503391287991839
9.027,0.451050631661037
9.028,0.45286656763412
9.029,0.486918634261284
9.03,0.485318067585629
9.031,0.466031098554256
9.032,0.456550058063012
9.033,0.439517693223225
9.034,0.407030392106138
9.035,0.41031873139793
9.036,0.412765975092216
9.037,0.415425302271435
9.038,0.407949387094001
9.039,0.441397622098956
9.04,0.431308247604232
9.041,0.463171148634636
9.042,0.467875218131277
9.043,0.497321215175751
9.044,0.511248071793205
9.045,0.534084947066927
9.046,0.557391401522681
9.047,0.580932898073181
9.048,0.541940223159051
9.049,0.545542030562756
9.05,0.544341262760787
9.051,0.533307923938251
9.052,0.510437704132568
9.053,0.525554006345214
9.054,0.551558159439348
9.055,0.586651602899152
9.056,0.579169739031611
9.057,0.581424932777913
9.058,0.612853428953472
9.059,0.617505928107851
9.06,0.623438633869581
9.061,0.638455186373863
9.062,0.64963232241649
9.063,0.657142534047564
9.064,0.679920142329367
9.065,0.690743404552132
9.066,0.664591864407383
9.067,0.661700699065863
9.068,0.650607082143531
9.069,0.69202753115448
9.07,0.662515865576199
9.071,0.649070129252164
9.072,0.600847199875146
9.073,0.558054819927129
9.074,0.541347407502786
9.075,0.559881226585094
9.076,0.529038689230097
9.077,0.564975422433676
9.078,0.542798288276204
9.079,0.527431245465808
9.08,0.582910239969463
9.081,0.615755908658639
9.082,0.59800138336498
9.083,0.61256086859493
9.084,0.623395221065501
9.085,0.622828087201407
9.086,0.654590103465479
9.087,0.663255853197177
9.088,0.660603491667113
9.089,0.656188784182422
9.09,0.673593785205686
9.091,0.67836935192321
9.092,0.681104639586001
9.093,0.683112755863687
9.094,0.689220306704047
9.095,0.704656768880197
9.096,0.709448444762997
9.097,0.717995327473719
9.098,0.6870068152188
9.099,0.66262565997159
9.1,0.678461322898009
9.101,0.681551223270272
9.102,0.679894826953607
9.103,0.692431316431034
9.104,0.697739978284768
9.105,0.722232818108035
9.106,0.737312782361795
9.107,0.74798052428091
9.108,0.76405310193227
9.109,0.756614745394154
9.11,0.756008513109547
9.111,0.774108133364985
9.112,0.769090855189752
9.113,0.76956318346867
9.114,0.783300598603577
9.115,0.794873490386257
9.116,0.803409103681948
9.117,0.75770163031076
9.118,0.798343307502794
9.119,0.767606583056329
9.12,0.767068612002154
9.121,0.761195128706772
9.122,0.750278182144593
9.123,0.762673545217844
9.124,0.726422550232921
9.125,0.723363616075125
9.126,0.697489705047779
9.127,0.695834706429824
9.128,0.694440825296718
9.129,0.724028323570295
9.13,0.744917383933236
9.131,0.705573023905883
9.132,0.702354931409625
9.133,0.690651103240416
9.134,0.73136288917875
9.135,0.728134887823659
9.136,0.731387420955196
9.137,0.70577808036266
9.138,0.710302023109898
9.139,0.704090375151584
9.14,0.710994319683467
9.141,0.710936865902547
9.142,0.705637473827028
9.143,0.683501420303065
9.144,0.655220944931181
9.145,0.660881630178279
9.146,0.642813476955914
9.147,0.638312387867056
9.148,0.629584150717903
9.149,0.609466455177151
9.15,0.62357353944792
9.151,0.588242593856718
9.152,0.59607847571031
9.153,0.570693972175733
9.154,0.570936113296491
9.155,0.587319297613747
9.156,0.569422403162316
9.157,0.589965635308456
9.158,0.574438133200657
9.159,0.58813586096647
9.16,0.577653714218749
9.161,0.552981140998337
9.162,0.563360885470254
9.163,0.577744528471336
9.164,0.559458728150959
9.165,0.562615327460912
9.166,0.549750385415339
9.167,0.537935363084394
9.168,0.563847811756638
9.169,0.585158763731735
9.17,0.565615830276463
9.171,0.586512495466762
9.172,0.611688282013022
9.173,0.61592628129146
9.174,0.634914234654655
9.175,0.610274969354541
9.176,0.587394624245608
9.177,0.594647884213679
9.178,0.616540379048512
9.179,0.633276749939327
9.18,0.634796620997164
9.181,0.620107731306165
9.182,0.610579725708116
9.183,0.64172854754399
9.184,0.654142390905199
9.185,0.720998542754184
9.186,0.733204125231768
9.187,0.760352624997762
9.188,0.753003122965304
9.189,0.761261314573081
9.19,0.730273821273837
9.191,0.738930357541388
9.192,0.73634308792129
9.193,0.771126408029669
9.194,0.748882450634626
9.195,0.717675770521324
9.196,0.702997565084992
9.197,0.656948334845934
9.198,0.637094220947939
9.199,0.654574106633404
9.2,0.681416133706752
9.201,0.670746296344652
9.202,0.677581447399645
9.203,0.692255248241692
9.204,0.640699332373612
9.205,0.63629288148566
9.206,0.659649515717119
9.207,0.671601215671717
9.208,0.679381407907501
9.209,0.6702393931651
9.21,0.662426814998484
9.211,0.668109916329796
9.212,0.660814741301899
9.213,0.66646806896408
9.214,0.646295258627251
9.215,0.609730681467623
9.216,0.594038943260771
9.217,0.599630983320812
9.218,0.578445114581496
9.219,0.59770609809789
9.22,0.632105918178906
9.221,0.634633168895869
9.222,0.660226247758627
9.223,0.703405264549067
9.224,0.687234038003481
9.225,0.680496128703298
9.226,0.670459533491231
9.227,0.650598090117028
9.228,0.637840170507361
9.229,0.636268311809776
9.23,0.649282379542053
9.231,0.668444002268137
9.232,0.694638546683354
9.233,0.706684374111334
9.234,0.682967979825553
9.235,0.720279723544872
9.236,0.72129461590441
9.237,0.717809113005648
9.238,0.727876194691687
9.239,0.755951125886081
9.24,0.740449863945024
9.241,0.725406809608661
9.242,0.709853609689435
9.243,0.721755856189287
9.244,0.714385500344688
9.245,0.697504220032584
9.246,0.660087373526839
9.247,0.686269419524297
9.248,0.672219830147994
9.249,0.701549367578155
9.25,0.6855285415129
9.251,0.707732500937581
9.252,0.717639983095613
9.253,0.681717466357041
9.254,0.675444284524055
9.255,0.699137845273267
9.256,0.694543134596201
9.257,0.6951696503352
9.258,0.715898729692461
9.259,0.684657768176739
9.26,0.685273592994087
9.261,0.673909842688208
9.262,0.71739504519688
9.263,0.731477367504451
9.264,0.722354524450142
9.265,0.754659303674185
9.266,0.71801225023936
9.267,0.732449997391736
9.268,0.727983746096584
9.269,0.727366687299323
9.27,0.722046703152973
9.271,0.705519283909463
9.272,0.713338600699685
9.273,0.71426222435147
9.274,0.666457411083533
9.275,0.664829652437519
9.276,0.680481026991359
9.277,0.674892927905611
9.278,0.682750388887319
9.279,0.691589990210513
9.28,0.68943282151287
9.281,0.67443044825422
9.282,0.685754718156212
9.283,0.679711366114465
9.284,0.688748665826853
9.285,0.722821590633323
9.286,0.758203973823628
9.287,0.740451787367591
9.288,0.736741083377051
9.289,0.74092986584002
9.29,0.731066351816733
9.291,0.73103681947235
9.292,0.766979034108154
9.293,0.80446128941604
9.294,0.773909134113786
9.295,0.780191479640023
9.296,0.784837978220892
9.297,0.792393200929867
9.298,0.802979450433709
9.299,0.799419159018673
9.3,0.780074478128293
9.301,0.777291207761477
9.302,0.796988665287555
9.303,0.766047387139486
9.304,0.835274848500731
9.305,0.828618329322032
9.306,0.78627435520814
9.307,0.747799389388944
9.308,0.760358840659376
9.309,0.764907341216116
9.31,0.769185822861568
9.311,0.814433920175555
9.312,0.789077078146848
9.313,0.786386829800449
9.314,0.768580457240662
9.315,0.753476392525818
9.316,0.802866390185555
9.317,0.789148621714772
9.318,0.769663407971728
9.319,0.795527009349308
9.32,0.802402667210958
9.321,0.85586864464757
9.322,0.858286588864732
9.323,0.862145846786209
9.324,0.871997398419465
9.325,0.907668771825665
9.326,0.894784095320739
9.327,0.900100875394604
9.328,0.930001599760419
9.329,0.939263307163624
9.33,0.940397504754259
9.331,0.922386656298967
9.332,0.929151055595243
9.333,0.939132932587618
9.334,0.924843660796226
9.335,0.967635213657678
9.336,0.96195364564853
9.337,0.947515269677185
9.338,0.981540603351416
9.339,1.04330715353187
9.34,1.03636086090738
9.341,1.03890504650336
9.342,1.0424541657755
9.343,1.04283341080748
9.344,1.06595784225522
9.345,1.07386121479417
9.346,1.04186637039249
9.347,1.02891971925299
9.348,1.04422964534091
9.349,1.03511892388465
9.35,1.03117280833381
9.351,1.0074412997395
9.352,1.00086453861582
9.353,1.03791597358267
9.354,1.01630866030857
9.355,1.02574742548876
9.356,1.04315302258136
9.357,1.03443505373818
9.358,1.05230421360563
9.359,1.05150688093585
9.36,1.06472874530819
9.361,1.04317210071802
9.362,1.06699415669006
9.363,1.08703712628299
9.364,1.09994497244617
9.365,1.11339848154009
9.366,1.11685649145
9.367,1.12669853159716
9.368,1.10328496390081
9.369,1.1050057432273
9.37,1.11969070411297
9.371,1.10583503202848
9.372,1.12678074997037
9.373,1.10467832958
9.374,1.0988395360101
9.375,1.08522332960904
9.376,1.07447302426706
9.377,1.06504027230962
9.378,1.03676561242931
9.379,1.05711589127317
9.38,1.02280597267851
9.381,0.99518699450926
9.382,0.984704741035023
9.383,0.96146520183593
9.384,0.977090272721484
9.385,0.959371826710817
9.386,0.997058522719661
9.387,0.960707263962044
9.388,0.956314056914732
9.389,1.00247821114543
9.39,1.00066184554425
9.391,1.00698174233834
9.392,0.969596076154532
9.393,0.944415785531494
9.394,0.934837067914582
9.395,0.931828083130018
9.396,0.899013701909429
9.397,0.901431529132198
9.398,0.887724601348679
9.399,0.876801754931821
9.4,0.847821612873786
9.401,0.797253528432791
9.402,0.802392632439176
9.403,0.802949454083169
9.404,0.781320642724961
9.405,0.753407473737452
9.406,0.747622329972176
9.407,0.760000200791323
9.408,0.762931978710293
9.409,0.74105724812823
9.41,0.715301456067602
9.411,0.716193176401254
9.412,0.716063689077258
9.413,0.688543493233301
9.414,0.65182817865466
9.415,0.633157712573105
9.416,0.608967481166116
9.417,0.650614957360912
9.418,0.644194576475557
9.419,0.650011780787871
9.42,0.639502120276665
9.421,0.62947215659522
9.422,0.621343455813611
9.423,0.615754567093819
9.424,0.613185028411025
9.425,0.572106594084604
9.426,0.576741454284183
9.427,0.586343898987836
9.428,0.599803496749614
9.429,0.590582267296656
9.43,0.601019712712515
9.431,0.573813686783327
9.432,0.557749693912451
9.433,0.540252336013296
9.434,0.531707000431401
9.435,0.534799576963657
9.436,0.519876613121287
9.437,0.539446052702205
9.438,0.524055532509725
9.439,0.493006618500595
9.44,0.510313520330723
9.441,0.486805430132085
9.442,0.491742677330494
9.443,0.472384473709928
9.444,0.485011722705066
9.445,0.488511395270458
9.446,0.478078915584787
9.447,0.511294538449501
9.448,0.494947896987267
9.449,0.538941009152622
9.45,0.509861215157682
9.451,0.518446831125416
9.452,0.542466754140198
9.453,0.570430261126192
9.454,0.600182062960147
9.455,0.597417258664691
9.456,0.569923935642631
9.457,0.577890413686135
9.458,0.558390700087174
9.459,0.520561622463855
9.46,0.515235266961197
9.461,0.4829025199109
9.462,0.481311982156865
9.463,0.456456921085753
9.464,0.423833013616192
9.465,0.403610591209089
9.466,0.398131526979669
9.467,0.381692254993743
9.468,0.374764627406814
9.469,0.390458802173962
9.47,0.401372566550129
9.471,0.429136377860432
9.472,0.447365312302537
9.473,0.441928626740628
9.474,0.449549747280696
9.475,0.467935855495971
9.476,0.449885568274864
9.477,0.432423513785564
9.478,0.419850855615211
9.479,0.407148521228917
9.48,0.417189211338684
9.481,0.415591098490893
9.482,0.426158061070952
9.483,0.452741388750163
9.484,0.433037860564705
9.485,0.437674522699673
9.486,0.448027198825325
9.487,0.476093474794679
9.488,0.473957344026717
9.489,0.445278615532544
9.49,0.470302758284527
9.491,0.488040864116048
9.492,0.463428713776133
9.493,0.494864992203061
9.494,0.51287076823147
9.495,0.528744516401195
9.496,0.530791893337951
9.497,0.535925069911784
9.498,0.494565503962644
9.499,0.558000733963896
9.5,0.55277116776475
9.501,0.566105570245383
9.502,0.549387019015174
9.503,0.502775346999434
9.504,0.547509160348606
9.505,0.53819085353247
9.506,0.544260493620477
9.507,0.542545345654699
9.508,0.491936913300889
9.509,0.542674081394022
9.51,0.55003566017388
9.511,0.539345494265221
9.512,0.5311204805463
9.513,0.489937138118435
9.514,0.502416414843864
9.515,0.488548095766992
9.516,0.51796266597338
9.517,0.506574583804801
9.518,0.520096102234113
9.519,0.547667094793025
9.52,0.606291034681281
9.521,0.577813411963595
9.522,0.580488930566632
9.523,0.57295419048599
9.524,0.576868792531703
9.525,0.595432287317711
9.526,0.596729349595407
9.527,0.594631005905585
9.528,0.629457187909914
9.529,0.632153200767388
9.53,0.625804512949239
9.531,0.643018733771426
9.532,0.657479798912144
9.533,0.649459828233788
9.534,0.640783958060562
9.535,0.648454169410237
9.536,0.622727092886463
9.537,0.601660666112281
9.538,0.608179661764932
9.539,0.623844530219212
9.54,0.571874758284528
9.541,0.572412413297879
9.542,0.578394067141566
9.543,0.574108361071181
9.544,0.578725825560536
9.545,0.545429920272107
9.546,0.562683436714041
9.547,0.578524491053761
9.548,0.586881970928079
9.549,0.556405521945596
9.55,0.540280873515198
9.551,0.575496371303753
9.552,0.560158392272337
9.553,0.579483810409607
9.554,0.582622384650104
9.555,0.558407297926879
9.556,0.539820496828069
9.557,0.576066829588193
9.558,0.614032983715643
9.559,0.590780944272676
9.56,0.603078894002518
9.561,0.582720159801746
9.562,0.55859427647332
9.563,0.563616247928347
9.564,0.559527405151346
9.565,0.592042721992611
9.566,0.568764801441331
9.567,0.548757863699535
9.568,0.531096808974102
9.569,0.526472709843099
9.57,0.478391652569123
9.571,0.487110851144277
9.572,0.486546451263588
9.573,0.508129388651798
9.574,0.516869942227896
9.575,0.449006443306955
9.576,0.432146207196001
9.577,0.396617149133039
9.578,0.374689767388124
9.579,0.37193205724009
9.58,0.345010088522324
9.581,0.367808453642835
9.582,0.374069507251698
9.583,0.374795651963905
9.584,0.371711220672712
9.585,0.368512423449378
9.586,0.389604851095979
9.587,0.381579546993595
9.588,0.366759157204729
9.589,0.350613842750291
9.59,0.33740071853804
9.591,0.33191650758882
9.592,0.30521307942507
9.593,0.272109220930823
9.594,0.322505351616777
9.595,0.34888800393005
9.596,0.336085101745688
9.597,0.33491490766451
9.598,0.273742669501939
9.599,0.285086896145605
9.6,0.259867491259643
9.601,0.258590127061829
9.602,0.295021701305379
9.603,0.263434218842481
9.604,0.292238133012194
9.605,0.315337082938824
9.606,0.336072767584421
9.607,0.365568789436506
9.608,0.364654000470612
9.609,0.355986453210389
9.61,0.342376344696065
9.611,0.34190493127752
9.612,0.341609815975061
9.613,0.348222385305732
9.614,0.33056114086421
9.615,0.290189318995421
9.616,0.308976506233029
9.617,0.286194914364652
9.618,0.296745928458429
9.619,0.30359254276436
9.62,0.304723930696936
9.621,0.27882728422924
9.622,0.292464538589269
9.623,0.292282654098973
9.624,0.297458178295731
9.625,0.323825098316669
9.626,0.335103448981592
9.627,0.317747728010282
9.628,0.329711913052392
9.629,0.343334522904414
9.63,0.306651285184145
9.631,0.293826332668506
9.632,0.301803423701951
9.633,0.27322522672476
9.634,0.277013082522285
9.635,0.283225018342584
9.636,0.311040738977082
9.637,0.315017993769737
9.638,0.316700258060787
9.639,0.315243074935502
9.64,0.336648734395584
9.641,0.356668285366681
9.642,0.388998946443511
9.643,0.401526397926556
9.644,0.415261110833391
9.645,0.441647946202168
9.646,0.441931078348534
9.647,0.429678015491765
9.648,0.441217942764357
9.649,0.458769026930006
9.65,0.470930488574853
9.651,0.449833966134293
9.652,0.453807829662165
9.653,0.460465592566088
9.654,0.462758083274886
9.655,0.472051104588805
9.656,0.459900470347383
9.657,0.487801085846602
9.658,0.530479069883704
9.659,0.518812967641982
9.66,0.529344303247763
9.661,0.497543164600194
9.662,0.504540515226836
9.663,0.524323820957644
9.664,0.533719280824405
9.665,0.538520214696646
9.666,0.546511166809973
9.667,0.541296417775633
9.668,0.519394881738453
9.669,0.537884908885663
9.67,0.557804004970392
9.671,0.587123870618344
9.672,0.577957562402275
9.673,0.55349244031337
9.674,0.553197365304507
9.675,0.530703438330878
9.676,0.506836629613326
9.677,0.518143881195358
9.678,0.495906648428793
9.679,0.489862441845745
9.68,0.474558044307933
9.681,0.47961868518169
9.682,0.438890713118286
9.683,0.43759801362538
9.684,0.442084387439099
9.685,0.456234569019616
9.686,0.461593639542833
9.687,0.50342062341895
9.688,0.495443041558752
9.689,0.509208736543092
9.69,0.480671424002739
9.691,0.453530751916461
9.692,0.423935843708271
9.693,0.413908440889793
9.694,0.424199907075031
9.695,0.443684535433093
9.696,0.437097275257296
9.697,0.439091587359754
9.698,0.439143378064433
9.699,0.410570354455001
9.7,0.422961993990479
9.701,0.443163990936724
9.702,0.432512776196777
9.703,0.440605992439287
9.704,0.444831068891272
9.705,0.447332168067909
9.706,0.464228044165652
9.707,0.488001586979303
9.708,0.495071010830756
9.709,0.528219349479535
9.71,0.486224282802288
9.711,0.468434782589498
9.712,0.455299882561379
9.713,0.445341989387659
9.714,0.445679167847904
9.715,0.430638783886623
9.716,0.434454642606262
9.717,0.403216376235333
9.718,0.434339097126676
9.719,0.462348635085419
9.72,0.433672683105068
9.721,0.426623487719854
9.722,0.444129137886774
9.723,0.398233480738144
9.724,0.401363724150994
9.725,0.413760793444587
9.726,0.420551480165481
9.727,0.438511049390846
9.728,0.424241162427442
9.729,0.413622241340539
9.73,0.43993278422603
9.731,0.40439554609133
9.732,0.408427211544017
9.733,0.3647959318884
9.734,0.365059791949291
9.735,0.368554353720708
9.736,0.37444532305167
9.737,0.391144650527204
9.738,0.381183878231676
9.739,0.322092825542968
9.74,0.333675442071639
9.741,0.257286153247372
9.742,0.2575937776012
9.743,0.250258257348766
9.744,0.238440398720281
9.745,0.224245411734766
9.746,0.226121162342861
9.747,0.246908179248973
9.748,0.239813552956065
9.749,0.209049217297058
9.75,0.206045179142808
9.751,0.217920352657832
9.752,0.195551845432896
9.753,0.200560146526835
9.754,0.17566792262123
9.755,0.188870206003487
9.756,0.180903299146202
9.757,0.213269684448808
9.758,0.243476010465296
9.759,0.249142470727976
9.76,0.22905432286333
9.761,0.262369981215105
9.762,0.273409947212586
9.763,0.258798114047173
9.764,0.215273749173908
9.765,0.200658775814749
9.766,0.257143344210871
9.767,0.288007487327361
9.768,0.281859538818605
9.769,0.264611390173622
9.77,0.290019012313917
9.771,0.242377460502097
9.772,0.283369476306673
9.773,0.30895942522834
9.774,0.302134127272654
9.775,0.315684181604753
9.776,0.302371663687628
9.777,0.305123413928248
9.778,0.300799846645667
9.779,0.286305831388182
9.78,0.284476792639076
9.781,0.30055192316445
9.782,0.264864883319452
9.783,0.244311184993952
9.784,0.263375355066992
9.785,0.280090224317596
9.786,0.27902739891107
9.787,0.291334683771189
9.788,0.288647212302954
9.789,0.302497011886634
9.79,0.339612249930369
9.791,0.327284987571509
9.792,0.374448511771138
9.793,0.35769987551294
9.794,0.333199732574108
9.795,0.349407037933484
9.796,0.376678879030624
9.797,0.41650704355778
9.798,0.403430364474641
9.799,0.425394522676027
9.8,0.440028338774537
9.801,0.456631147643214
9.802,0.442337402467926
9.803,0.440623940058277
9.804,0.41215567359145
9.805,0.410465149275853
9.806,0.43113933942923
9.807,0.44521886983765
9.808,0.455748845818445
9.809,0.463315759850741
9.81,0.410760441236868
9.811,0.429854641358374
9.812,0.425019100783812
9.813,0.437061122887878
9.814,0.420326184190058
9.815,0.437419956922144
9.816,0.433815678079791
9.817,0.438868931551457
9.818,0.479905315880324
9.819,0.504746903691639
9.82,0.480690620677508
9.821,0.478986332027458
9.822,0.445998896423958
9.823,0.396259884432047
9.824,0.441916951160368
9.825,0.451393916827927
9.826,0.461050865124437
9.827,0.461559058750978
9.828,0.452073046298902
9.829,0.447371421744939
9.83,0.452967516315566
9.831,0.437089955607645
9.832,0.431827682556462
9.833,0.43768423917239
9.834,0.402909276559339
9.835,0.386549701248142
9.836,0.414795442245057
9.837,0.414416151165494
9.838,0.419262230343602
9.839,0.399997546382951
9.84,0.392233528879872
9.841,0.366942907923039
9.842,0.356798868587754
9.843,0.383841996783142
9.844,0.384678241445089
9.845,0.406415575385591
9.846,0.443973522386592
9.847,0.402493142555535
9.848,0.403765310500138
9.849,0.403375370817073
9.85,0.419443973144839
9.851,0.430299652608925
9.852,0.440503068802555
9.853,0.375299592409889
9.854,0.367498495947862
9.855,0.402742786149316
9.856,0.39033402637364
9.857,0.407877795435596
9.858,0.3942949876668
9.859,0.417429438031918
9.86,0.427369999705051
9.861,0.4207118692713
9.862,0.429340663025279
9.863,0.431191980991696
9.864,0.458277280594023
9.865,0.438338508720617
9.866,0.438039907275984
9.867,0.455418322726854
9.868,0.439436318121024
9.869,0.436580218108021
9.87,0.443273087169188
9.871,0.440417350015808
9.872,0.445330325765317
9.873,0.474309891589423
9.874,0.48458488161632
9.875,0.472715138080814
9.876,0.472549939374182
9.877,0.513784450391906
9.878,0.528772109012972
9.879,0.537579360885429
9.88,0.510841444182988
9.881,0.501468641686581
9.882,0.518453760465915
9.883,0.524065442696062
9.884,0.502065620384345
9.885,0.48097350213446
9.886,0.491515962158851
9.887,0.501665655941724
9.888,0.523361049255674
9.889,0.516154715395486
9.89,0.551040536291996
9.891,0.536131983372234
9.892,0.524644467401196
9.893,0.504400100572486
9.894,0.47694590360962
9.895,0.464372523029859
9.896,0.443770492229877
9.897,0.424567643438234
9.898,0.381359514215619
9.899,0.393926545530455
9.9,0.400103421179204
9.901,0.387997154050681
9.902,0.385509512282093
9.903,0.379750590513843
9.904,0.359846598131545
9.905,0.333870080317426
9.906,0.347700821233635
9.907,0.299629281323102
9.908,0.27569391993396
9.909,0.247893641825881
9.91,0.238317112770535
9.911,0.25245687608305
9.912,0.275246118011821
9.913,0.281214926474726
9.914,0.246967914469304
9.915,0.246842665538943
9.916,0.192368596593372
9.917,0.198449409909012
9.918,0.195995067508228
9.919,0.206033814742164
9.92,0.183108557839638
9.921,0.213800402418702
9.922,0.229316040833371
9.923,0.174801020710845
9.924,0.172180463040717
9.925,0.163947094364792
9.926,0.173998450631651
9.927,0.186295080928402
9.928,0.140101461033114
9.929,0.160276760407483
9.93,0.150150050852627
9.931,0.146873890238519
9.932,0.116226690070995
9.933,0.105414711006531
9.934,0.107354869957548
9.935,0.0765107580635921
9.936,0.0589251995232057
9.937,0.066378137221249
9.938,0.0976299873066588
9.939,0.11192927769978
9.94,0.106325919703685
9.941,0.0917758295888085
9.942,0.0530537839404872
9.943,0.0193192578692287
9.944,0.0353950648744939
9.945,0.0124763083273674
9.946,0.0594061208974832
9.947,0.0328483679490211
9.948,0.029223874632853
9.949,0.0640498421486071
9.95,0.0730052585246915
9.951,0.0733764410623764
9.952,0.0938502306575008
9.953,0.0972674923434333
9.954,0.107876516060918
9.955,0.114537521111852
9.956,0.110057553495323
9.957,0.0800171168919445
9.958,0.110431333391568
9.959,0.102356727418753
9.96,0.110683739974794
9.961,0.0948076053004759
9.962,0.0838346741894631
9.963,0.0802870021261575
9.964,0.0841680350295939
9.965,0.069417651093564
9.966,0.0973843216075975
9.967,0.140361819555264
9.968,0.131305508169721
9.969,0.110941945967105
9.97,0.0998791540304052
9.971,0.0915587058364492
9.972,0.0717787905858263
9.973,0.0638838466926877
9.974,0.0796306894423278
9.975,0.111072473540782
9.976,0.0985619060892497
9.977,0.134505571641253
9.978,0.154977536288059
9.979,0.158107531135561
9.98,0.163136464100509
9.981,0.193804590674866
9.982,0.188817285668883
9.983,0.211502870120816
9.984,0.216407243711124
9.985,0.233169355666183
9.986,0.235687234385476
9.987,0.238972379179478
9.988,0.240610180560996
9.989,0.246138383365674
9.99,0.244389050839722
9.991,0.25767097276422
9.992,0.261729970841694
9.993,0.279661185496232
9.994,0.270782838772624
9.995,0.270265719721568
9.996,0.222694796991681
9.997,0.177679565261489
9.998,0.171917044774395
9.999,0.17926517837775
10,0.170948021309772
10.001,0.150885813800724
10.002,0.149112988399973
10.003,0.201942902593073
10.004,0.236906064395187
10.005,0.235418685591248
10.006,0.223346348476988
10.007,0.196127824870279
10.008,0.191904233180181
10.009,0.204340930860428
10.01,0.227739478222705
10.011,0.273228080215305
10.012,0.284681774013629
10.013,0.285120644273668
10.014,0.269897990345676
10.015,0.267290560239297
10.016,0.298758346908796
10.017,0.285041248761155
10.018,0.259312928074765
10.019,0.243965554384322
10.02,0.243895073349161
10.021,0.251092432310339
10.022,0.2556549572071
10.023,0.247692371479609
10.024,0.271900093306203
10.025,0.278360086871123
10.026,0.227308197753821
10.027,0.261279157773637
10.028,0.263219545479521
10.029,0.262204683993993
10.03,0.304112183720669
10.031,0.318829512959691
10.032,0.328098659650925
10.033,0.316194048250936
10.034,0.292080499733402
10.035,0.303420062824409
10.036,0.310324100823033
10.037,0.308096789874919
10.038,0.30152521306107
10.039,0.335968254199344
10.04,0.344941877624186
10.041,0.357669818510414
10.042,0.346689993368873
10.043,0.323647954139089
10.044,0.343434845413758
10.045,0.348376555307982
10.046,0.373185031969776
10.047,0.375927112481734
10.048,0.393803984405575
10.049,0.410120238706541
10.05,0.407220710325085
10.051,0.421105969790351
10.052,0.425206528634668
10.053,0.397083878131946
10.054,0.407299721376832
10.055,0.403794175692377
10.056,0.398429239361316
10.057,0.43548605506832
10.058,0.4144117025093
10.059,0.42987380554858
10.06,0.437240166088174
10.061,0.458788211440655
10.062,0.473987023234939
10.063,0.471757426517597
10.064,0.483026354386599
10.065,0.482917935113241
10.066,0.452460118075464
10.067,0.431127351754781
10.068,0.389832082705187
10.069,0.369831349916117
10.07,0.359203542245775
10.071,0.377762224523742
10.072,0.405979142989487
10.073,0.416394978166871
10.074,0.438082356159803
10.075,0.418619056856057
10.076,0.429254542606296
10.077,0.436865831142895
10.078,0.411103314216317
10.079,0.405138790948756
10.08,0.413904893990544
10.081,0.424105219708763
10.082,0.407448562708919
10.083,0.399119151487868
10.084,0.383755641108406
10.085,0.386028991867538
10.086,0.387122350642085
10.087,0.379191672925767
10.088,0.358869810150883
10.089,0.322887945818123
10.09,0.286131401662435
10.091,0.282613218295351
10.092,0.299147211586215
10.093,0.248871973527828
10.094,0.255698691384645
10.095,0.284342996197034
10.096,0.292808470491117
10.097,0.276646682731581
10.098,0.285310629929421
10.099,0.275723582246826
10.1,0.277459471356209
10.101,0.251772910382254
10.102,0.280696494330199
10.103,0.286273273511889
10.104,0.260204954684544
10.105,0.276066214187759
10.106,0.289469399350225
10.107,0.291442733722147
10.108,0.272395378568286
10.109,0.281053952368205
10.11,0.309564986707717
10.111,0.315806079901408
10.112,0.306864728565921
10.113,0.300865010092248
10.114,0.289522272476874
10.115,0.302295261766788
10.116,0.304212355275278
10.117,0.321897089219428
10.118,0.326421386911124
10.119,0.341934378421543
10.12,0.344464015692596
10.121,0.306059991308797
10.122,0.327472106612394
10.123,0.325110214373099
10.124,0.306197153404601
10.125,0.30531585097927
10.126,0.293000527829514
10.127,0.295503625651063
10.128,0.322892999187161
10.129,0.316328615805755
10.13,0.311564254558745
10.131,0.31384807702134
10.132,0.309664414693132
10.133,0.303095171743198
10.134,0.297413188245351
10.135,0.291111116342548
10.136,0.287743462246937
10.137,0.268524336395586
10.138,0.277613149805474
10.139,0.331795260690786
10.14,0.358608624393133
10.141,0.391738318410311
10.142,0.426872063171002
10.143,0.432319129047307
10.144,0.43944958266385
10.145,0.436683657106163
10.146,0.420559407338521
10.147,0.434772903662317
10.148,0.448923883727188
10.149,0.439878845937156
10.15,0.44627382239788
10.151,0.425346660462103
10.152,0.417189313970112
10.153,0.422603937060682
10.154,0.417719298261898
10.155,0.413232563662516
10.156,0.443844696154525
10.157,0.44737692784955
10.158,0.466991068580553
10.159,0.4923035682868
10.16,0.501814657534545
10.161,0.506316373272933
10.162,0.511065674547576
10.163,0.469679488643475
10.164,0.47890366659612
10.165,0.467177846752258
10.166,0.493231997748756
10.167,0.486654611285683
10.168,0.520456686227805
10.169,0.515492965198621
10.17,0.501849295108805
10.171,0.519170560973
10.172,0.529859925388685
10.173,0.542864405919199
10.174,0.562432688280231
10.175,0.582555792734909
10.176,0.595257416522984
10.177,0.561942026493534
10.178,0.604826577047226
10.179,0.607367046284117
10.18,0.624120337301772
10.181,0.612908823159902
10.182,0.629857836802902
10.183,0.603589910002115
10.184,0.591438652918163
10.185,0.575184669592283
10.186,0.599008536146761
10.187,0.585968371415916
10.188,0.5982106891487
10.189,0.600355245884766
10.19,0.613095672599202
10.191,0.614608558036552
10.192,0.609770024024282
10.193,0.594228501107715
10.194,0.611818593876051
10.195,0.595423418604579
10.196,0.575226286343361
10.197,0.598716248851124
10.198,0.582202801774979
10.199,0.567183789285986
10.2,0.560501528229292
10.201,0.563974502418139
10.202,0.568932199003647
10.203,0.581577527435287
10.204,0.562632902067214
10.205,0.562338070849356
10.206,0.549878528332359
10.207,0.567321598971973
10.208,0.581540936178133
10.209,0.567934822267672
10.21,0.546524867710073
10.211,0.525754711134169
10.212,0.553604151026698
10.213,0.556027354859271
10.214,0.571816817938125
10.215,0.587696814541861
10.216,0.592647824917898
10.217,0.584683666725882
10.218,0.595516823969228
10.219,0.625419615777582
10.22,0.625888793018488
10.221,0.628719003572488
10.222,0.61778709737593
10.223,0.578421400132428
10.224,0.570858967746668
10.225,0.582556570560261
10.226,0.560963115628416
10.227,0.537350323311924
10.228,0.541781219288397
10.229,0.560575635930753
10.23,0.60128066566465
10.231,0.568721411333869
10.232,0.536285710116095
10.233,0.555093103852286
10.234,0.574061705994269
10.235,0.571093842988881
10.236,0.559075388948053
10.237,0.564873385722426
10.238,0.552602652254098
10.239,0.564216571369421
10.24,0.56996189224616
10.241,0.570561398752864
10.242,0.582369198975471
10.243,0.586527631652091
10.244,0.576575841457853
10.245,0.590329548450834
10.246,0.564785297983458
10.247,0.537126090264922
10.248,0.476197206388308
10.249,0.441217988767872
10.25,0.438019678178528
10.251,0.454562406424899
10.252,0.473890385375141
10.253,0.471750377731963
10.254,0.498936244757709
10.255,0.505626305205247
10.256,0.513086959514439
10.257,0.498123467578373
10.258,0.475201255739077
10.259,0.483359785063059
10.26,0.497161617430298
10.261,0.502143915341867
10.262,0.485172596357666
10.263,0.502493233885224
10.264,0.51407036400493
10.265,0.507550093974607
10.266,0.500866825557675
10.267,0.498278195224937
10.268,0.493555476140968
10.269,0.502367514477854
10.27,0.497783126825372
10.271,0.487202925556591
10.272,0.462392537799327
10.273,0.458258989472113
10.274,0.42783105466997
10.275,0.393929057602161
10.276,0.391681653799963
10.277,0.416292857319328
10.278,0.412065382946224
10.279,0.433097489871374
10.28,0.450802645637113
10.281,0.436301643545886
10.282,0.43054955797864
10.283,0.438001869934858
10.284,0.433506030625578
10.285,0.418511958838277
10.286,0.405176510870086
10.287,0.38832059520241
10.288,0.373223157753712
10.289,0.337027736063244
10.29,0.345285201198328
10.291,0.356449663596869
10.292,0.356179664379952
10.293,0.317058024705308
10.294,0.340708752002345
10.295,0.353110577680655
10.296,0.352077556588303
10.297,0.364130140716934
10.298,0.365934066560816
10.299,0.361571278733463
10.3,0.345634992619158
10.301,0.367575299539423
10.302,0.364778553131758
10.303,0.359645616743421
10.304,0.390939818579627
10.305,0.355429895552479
10.306,0.368622915224538
10.307,0.352297469777938
10.308,0.301718546053256
10.309,0.314863662145517
10.31,0.29669923869725
10.311,0.305228402150785
10.312,0.296956494889372
10.313,0.300992557879561
10.314,0.300422126844846
10.315,0.301538180170254
10.316,0.290704374035646
10.317,0.285921212400576
10.318,0.257045264144378
10.319,0.263869571859621
10.32,0.257498997374862
10.321,0.280309618527415
10.322,0.284315713640219
10.323,0.264418492166728
10.324,0.26970817702806
10.325,0.291840902607262
10.326,0.307265032091361
10.327,0.334159870844616
10.328,0.353587194482852
10.329,0.387171483749415
10.33,0.359539099739001
10.331,0.341298232745225
10.332,0.33832492145496
10.333,0.337975705135325
10.334,0.354512818221564
10.335,0.332509357095495
10.336,0.356968507122216
10.337,0.340630355713664
10.338,0.348489608514093
10.339,0.355940771512673
10.34,0.337973454720102
10.341,0.34488365248641
10.342,0.353678648299641
10.343,0.356156931857861
10.344,0.372267546245714
10.345,0.372595282766026
10.346,0.390422783515797
10.347,0.395610494224807
10.348,0.39347281833811
10.349,0.377431776278472
10.35,0.350073550014633
10.351,0.346527535674106
10.352,0.363152751208627
10.353,0.403392120275341
10.354,0.405954979380127
10.355,0.37936287611448
10.356,0.363331734367471
10.357,0.387691753102535
10.358,0.407600954977362
10.359,0.410868683324841
10.36,0.384024782386678
10.361,0.378550552927765
10.362,0.391897511319857
10.363,0.375665425732208
10.364,0.35912500211442
10.365,0.350264303195588
10.366,0.311354509770827
10.367,0.323517012129297
10.368,0.329650004323783
10.369,0.327399285440499
10.37,0.330699614658362
10.371,0.342901108092368
10.372,0.388341692747947
10.373,0.386155861337268
10.374,0.409277397524684
10.375,0.418082979877597
10.376,0.39651642698636
10.377,0.444205334092453
10.378,0.458519138386468
10.379,0.45886868872729
10.38,0.443430483863692
10.381,0.472207604708563
10.382,0.489934705832921
10.383,0.477712362695198
10.384,0.504623341690114
10.385,0.500560158346112
10.386,0.475612753425954
10.387,0.49407601990703
10.388,0.491254204427098
10.389,0.475127368654596
10.39,0.461317693065834
10.391,0.453883394317743
10.392,0.457136879420832
10.393,0.398371655960863
10.394,0.368402668728211
10.395,0.401298977720194
10.396,0.423998383696895
10.397,0.42014835205658
10.398,0.409989256848272
10.399,0.402451259852229
10.4,0.409683146269911
10.401,0.406594667224217
10.402,0.423626094985835
10.403,0.460039508469807
10.404,0.421162641996308
10.405,0.390261654221344
10.406,0.384579158172307
10.407,0.401759780048801
10.408,0.428014617446978
10.409,0.452614105509211
10.41,0.463034057349614
10.411,0.480748034919587
10.412,0.453038776003083
10.413,0.410060673658278
10.414,0.429499541857619
10.415,0.437516221845925
10.416,0.420487211488535
10.417,0.415239709129623
10.418,0.358694140818579
10.419,0.344829267175043
10.42,0.343082216361892
10.421,0.360843920436824
10.422,0.375840740449094
10.423,0.440407120193668
10.424,0.455663083934658
10.425,0.420087046617138
10.426,0.421641912119809
10.427,0.413492138659349
10.428,0.424147820771117
10.429,0.444739043279036
10.43,0.453665054287129
10.431,0.441225490741126
10.432,0.399796028951318
10.433,0.418780086746783
10.434,0.414117609011459
10.435,0.406858523633255
10.436,0.405153246530552
10.437,0.401011688079853
10.438,0.374359441759408
10.439,0.370135448661141
10.44,0.377529316493444
10.441,0.358543765875251
10.442,0.349480892927243
10.443,0.350840569285478
10.444,0.352348617662348
10.445,0.349902031005001
10.446,0.329331625252741
10.447,0.358070513634495
10.448,0.372254333580631
10.449,0.385047890233065
10.45,0.401400363137254
10.451,0.408719438265267
10.452,0.378235204743427
10.453,0.384713617677391
10.454,0.364313685646138
10.455,0.366588002118044
10.456,0.363956438755802
10.457,0.364247976938751
10.458,0.348244570860983
10.459,0.350884215033154
10.46,0.346346793769658
10.461,0.364219908774208
10.462,0.393122437057456
10.463,0.362514807104711
10.464,0.353825650299469
10.465,0.339589718976798
10.466,0.316535499770933
10.467,0.324207235552245
10.468,0.29051562951139
10.469,0.295909098778353
10.47,0.310036774986095
10.471,0.263843226918931
10.472,0.30256893048924
10.473,0.339518267212783
10.474,0.336634341872066
10.475,0.36020220879455
10.476,0.321203596964263
10.477,0.309660251624601
10.478,0.311618279508264
10.479,0.300886789115969
10.48,0.313608651580494
10.481,0.289844800186083
10.482,0.326253256462243
10.483,0.37393989035597
10.484,0.367781079318981
10.485,0.351615097963315
10.486,0.41925472474375
10.487,0.400378886505521
10.488,0.406994310611926
10.489,0.372988550860799
10.49,0.37656902709205
10.491,0.391779923586458
10.492,0.391448891975218
10.493,0.378883762209713
10.494,0.421677269097562
10.495,0.479936978970023
10.496,0.482858622821281
10.497,0.504440366719341
10.498,0.50141327495004
10.499,0.523647101515773
10.5,0.528866221471639
10.501,0.543607820360472
10.502,0.527322326440495
10.503,0.534809627840465
10.504,0.547208056661894
10.505,0.566297482716811
10.506,0.570400027504889
10.507,0.598002602005948
10.508,0.639543417711425
10.509,0.642451222190679
10.51,0.624550402625148
10.511,0.658168415731018
10.512,0.62203348297316
10.513,0.656599009182957
10.514,0.642980388350037
10.515,0.636956801630756
10.516,0.657616047079442
10.517,0.625706441138338
10.518,0.633485639833552
10.519,0.642221578382334
10.52,0.647807275876091
10.521,0.646832686329649
10.522,0.644748677122873
10.523,0.665561488037249
10.524,0.69596066281685
10.525,0.699065988010236
10.526,0.691346443868187
10.527,0.669409225250826
10.528,0.674880472335603
10.529,0.663189136373634
10.53,0.658490049242222
10.531,0.674094019449416
10.532,0.686593798521746
10.533,0.69559715332553
10.534,0.742062512899056
10.535,0.760082077031149
10.536,0.755216719290294
10.537,0.778275791479011
10.538,0.802657333484049
10.539,0.820007997870942
10.54,0.826890691012676
10.541,0.842924339909023
10.542,0.832913863855141
10.543,0.843349903697515
10.544,0.837680207074325
10.545,0.855927066925534
10.546,0.870753510636647
10.547,0.870143276837324
10.548,0.851408318317851
10.549,0.862800377396027
10.55,0.893017415764029
10.551,0.859471893797324
10.552,0.883122837353011
10.553,0.88426784819938
10.554,0.88508415973211
10.555,0.899977754944938
10.556,0.903610102866971
10.557,0.876487557208692
10.558,0.875146265495428
10.559,0.839274923338257
10.56,0.872672414478837
10.561,0.862497863401843
10.562,0.860800390788157
10.563,0.857322415254241
10.564,0.842606361333226
10.565,0.848380652176986
10.566,0.845590092393781
10.567,0.871308453565762
10.568,0.833220493279846
10.569,0.84707456221734
10.57,0.844457984840289
10.571,0.84201940511057
10.572,0.87276877769263
10.573,0.902191795580196
10.574,0.884050779279332
10.575,0.906589177947271
10.576,0.864243525884176
10.577,0.873238430641998
10.578,0.865434742464871
10.579,0.879723246856005
10.58,0.913013876811148
10.581,0.922176634163329
10.582,0.93439986138372
10.583,0.951102627953506
10.584,0.930685791520981
10.585,0.908091087550632
10.586,0.902012891694081
10.587,0.894545795655259
10.588,0.904052336434878
10.589,0.923399067105995
10.59,0.933011341002675
10.591,0.952870056423007
10.592,0.950362424929397
10.593,0.939443725935394
10.594,0.937076315110906
10.595,0.957911543455613
10.596,0.975325053511476
10.597,0.968630258654266
10.598,0.958707125214793
10.599,0.999316548751835
10.6,0.996477916433309
10.601,0.984780320226774
10.602,0.999221216734029
10.603,0.989073427989459
10.604,1.00259236414388
10.605,0.982266967112985
10.606,0.967259029203855
10.607,0.981598946112836
10.608,0.976673103491781
10.609,0.978156459505786
10.61,0.980617207603673
10.611,0.952073183415993
10.612,0.947113150052796
10.613,0.962433294727195
10.614,0.959549843833796
10.615,0.946268948748558
10.616,0.978633546496211
10.617,0.989077201034533
10.618,0.939526638778953
10.619,0.930799742694226
10.62,0.909601559459318
10.621,0.931191879241528
10.622,0.917919112480428
10.623,0.890356626228781
10.624,0.894703668473929
10.625,0.8717847230358
10.626,0.875683988259134
10.627,0.887071080786294
10.628,0.865065134049945
10.629,0.894940567965926
10.63,0.910317508010714
10.631,0.914708110270247
10.632,0.90058045570694
10.633,0.876367153526369
10.634,0.86950559371183
10.635,0.829054055114585
10.636,0.832973675771947
10.637,0.856356785579259
10.638,0.827705029807686
10.639,0.780884808306158
10.64,0.784659860935886
10.641,0.781080981482283
10.642,0.716791389444727
10.643,0.73276268594219
10.644,0.737718396410558
10.645,0.735776738460535
10.646,0.717291609787926
10.647,0.710923186281391
10.648,0.679615430134337
10.649,0.703621032230622
10.65,0.760587829730662
10.651,0.746655601002981
10.652,0.784368270812451
10.653,0.778574059430882
10.654,0.802014638507781
10.655,0.783708479667843
10.656,0.772191684130839
10.657,0.802698075577932
10.658,0.797921650388356
10.659,0.7892376461178
10.66,0.781816971359699
10.661,0.771476539523814
10.662,0.772236564114194
10.663,0.809094196800246
10.664,0.746495391371571
10.665,0.749440587391799
10.666,0.746166174826993
10.667,0.717298444621338
10.668,0.709534297236632
10.669,0.717888438513866
10.67,0.742537660961151
10.671,0.683094982723151
10.672,0.678733206687847
10.673,0.681836984780719
10.674,0.706587041570708
10.675,0.70065843871881
10.676,0.701544578566917
10.677,0.706315800401954
10.678,0.723423961309886
10.679,0.71502557883494
10.68,0.708837489245387
10.681,0.702519724579066
10.682,0.704971915333794
10.683,0.70992658042979
10.684,0.705387016002478
10.685,0.683812329543862
10.686,0.669986865246294
10.687,0.706211221326532
10.688,0.73050016322725
10.689,0.731650580523247
10.69,0.735674922720639
10.691,0.703017034823368
10.692,0.704455728318474
10.693,0.723109294333702
10.694,0.709782402974325
10.695,0.670099388689071
10.696,0.674396657202469
10.697,0.666820696988796
10.698,0.701480202972974
10.699,0.680952151416041
10.7,0.680110268699632
10.701,0.697081492844947
10.702,0.705653123828246
10.703,0.703751659473724
10.704,0.692418824886152
10.705,0.696588820565911
10.706,0.677795642698392
10.707,0.685203593856622
10.708,0.692654145642591
10.709,0.671644611600729
10.71,0.63144020943729
10.711,0.65737089758173
10.712,0.647795730484789
10.713,0.668182946856845
10.714,0.679026520139725
10.715,0.693821772045516
10.716,0.636992093459291
10.717,0.643997289832724
10.718,0.636186397072551
10.719,0.684177869395628
10.72,0.673701188789692
10.721,0.688419676972212
10.722,0.684807089166188
10.723,0.647081276060941
10.724,0.597681982584538
10.725,0.629439064708315
10.726,0.635415579869335
10.727,0.644081037495645
10.728,0.670038305075449
10.729,0.666187587432289
10.73,0.690714896717526
10.731,0.687114644500714
10.732,0.68687211299569
10.733,0.689242419909651
10.734,0.703385985571866
10.735,0.704046031675199
10.736,0.711184904741525
10.737,0.713932236937213
10.738,0.741530264768158
10.739,0.722012083642009
10.74,0.676968773180754
10.741,0.697181356025549
10.742,0.708491630499088
10.743,0.72783806828537
10.744,0.724665450022464
10.745,0.756590729209684
10.746,0.75691558696158
10.747,0.725668384036584
10.748,0.687918763541882
10.749,0.703465077015356
10.75,0.717696479666683
10.751,0.706025594086509
10.752,0.698669145229527
10.753,0.704051706685042
10.754,0.711820788470413
10.755,0.697662562932253
10.756,0.678043267961186
10.757,0.694148605128268
10.758,0.692372360716362
10.759,0.670202108427034
10.76,0.683512359822521
10.761,0.704306547866679
10.762,0.711869449695436
10.763,0.730186989014879
10.764,0.707856996269158
10.765,0.642650698752084
10.766,0.647494949707319
10.767,0.665368932128449
10.768,0.668025528607069
10.769,0.659566564780998
10.77,0.671219183139662
10.771,0.659145489709503
10.772,0.7003890922437
10.773,0.68816687409601
10.774,0.714788120906053
10.775,0.723277021647219
10.776,0.702447486044918
10.777,0.695828615780747
10.778,0.694844315122413
10.779,0.650251580536987
10.78,0.610091195494763
10.781,0.589748257819617
10.782,0.599810555706994
10.783,0.598877783634188
10.784,0.580516408958119
10.785,0.562788839865108
10.786,0.568680330812019
10.787,0.519997325225175
10.788,0.526221308474638
10.789,0.549425785649379
10.79,0.596603052887461
10.791,0.607579831683426
10.792,0.605463879686325
10.793,0.60521449503237
10.794,0.610204061068752
10.795,0.614992261039101
10.796,0.647369640261582
10.797,0.67349826493085
10.798,0.685396043480881
10.799,0.660702834044027
10.8,0.67477461834354
10.801,0.643344991952473
10.802,0.650031740739324
10.803,0.676863621230462
10.804,0.664681636546933
10.805,0.640136946670543
10.806,0.6253839906611
10.807,0.607990403825085
10.808,0.586088740529777
10.809,0.608359627014444
10.81,0.610573039523726
10.811,0.651924611379664
10.812,0.614408537153769
10.813,0.595145192933658
10.814,0.562034121109154
10.815,0.566526913807489
10.816,0.550244380068416
10.817,0.562971253037574
10.818,0.571563192367601
10.819,0.550519219494104
10.82,0.53409224513852
10.821,0.50469011249797
10.822,0.488925276012563
10.823,0.50094799956357
10.824,0.512302393948398
10.825,0.518771088867744
10.826,0.516920332268649
10.827,0.479536159907661
10.828,0.487127124510712
10.829,0.493322498504046
10.83,0.501455270470559
10.831,0.492929923838686
10.832,0.477975386781267
10.833,0.461288923142028
10.834,0.464643905122178
10.835,0.44544229027217
10.836,0.449033163891979
10.837,0.45944893792534
10.838,0.427306714345902
10.839,0.452665143210626
10.84,0.463187383434262
10.841,0.436302903504782
10.842,0.419430753930436
10.843,0.411103037077447
10.844,0.428870220166867
10.845,0.451832283588916
10.846,0.466421880358329
10.847,0.43115674310274
10.848,0.428295477886885
10.849,0.400398693130426
10.85,0.388215880351208
10.851,0.397214328254902
10.852,0.426068815420242
10.853,0.424357153166697
10.854,0.425074045536541
10.855,0.400558388714378
10.856,0.386157780956692
10.857,0.415198731454223
10.858,0.419826614365363
10.859,0.41023550071826
10.86,0.396849061849782
10.861,0.397434907103674
10.862,0.412189500919285
10.863,0.406433633159566
10.864,0.378771571096928
10.865,0.384516285475344
10.866,0.394752415960943
10.867,0.404415549505428
10.868,0.417878850616275
10.869,0.401858983439575
10.87,0.430541884423346
10.871,0.464937475929903
10.872,0.458554814062695
10.873,0.458370667036521
10.874,0.454146299101777
10.875,0.409091895226129
10.876,0.40063257536582
10.877,0.364365147338998
10.878,0.369149922485488
10.879,0.333328537885464
10.88,0.30771223368386
10.881,0.280751335931365
10.882,0.29938563528434
10.883,0.259461751670662
10.884,0.292851429967339
10.885,0.276462160976263
10.886,0.27244021648716
10.887,0.267727828500944
10.888,0.276897457761561
10.889,0.257592129180001
10.89,0.246065463220968
10.891,0.276230940695642
10.892,0.283970494003614
10.893,0.272916202106298
10.894,0.280128457620437
10.895,0.274610570959211
10.896,0.272613562824754
10.897,0.277929035091368
10.898,0.261995503938669
10.899,0.26446498388881
10.9,0.293222727348045
10.901,0.2671179921739
10.902,0.288777110004847
10.903,0.315332670813003
10.904,0.300197043113247
10.905,0.303662560449452
10.906,0.304918137030647
10.907,0.289595472864167
10.908,0.308654316588377
10.909,0.30169424475144
10.91,0.32764524613989
10.911,0.3365254377583
10.912,0.317122046100907
10.913,0.329744242797312
10.914,0.312939201039245
10.915,0.333480707006582
10.916,0.343704332882608
10.917,0.325063165920748
10.918,0.322067464223736
10.919,0.349718269432634
10.92,0.367738703066514
10.921,0.348695982637325
10.922,0.360870060279692
10.923,0.351353064874631
10.924,0.358640510890165
10.925,0.377405326223298
10.926,0.346928440639117
10.927,0.303246280995182
10.928,0.272768880232198
10.929,0.284690748221262
10.93,0.27330217925344
10.931,0.285043195083668
10.932,0.292408269733476
10.933,0.281623648579318
10.934,0.267814326903673
10.935,0.284514833853739
10.936,0.262216576881056
10.937,0.251794966074849
10.938,0.277182366156714
10.939,0.258361402875658
10.94,0.283713050858489
10.941,0.299256579181441
10.942,0.304948399948685
10.943,0.294356150007767
10.944,0.26821780136336
10.945,0.314266296301836
10.946,0.340052502724465
10.947,0.323667565198849
10.948,0.314005992773831
10.949,0.321154541228412
10.95,0.331664200374161
10.951,0.291081320264921
10.952,0.289308901396979
10.953,0.286515285451881
10.954,0.248908276488962
10.955,0.259978893529164
10.956,0.225807805846345
10.957,0.220428894110393
10.958,0.27647714237801
10.959,0.270101882653876
10.96,0.252057590537874
10.961,0.272323738749019
10.962,0.301452559978105
10.963,0.258233486370534
10.964,0.219552784859502
10.965,0.241524669656027
10.966,0.285716725407902
10.967,0.264119563578964
10.968,0.253537514145552
10.969,0.296595039946393
10.97,0.290767352017587
10.971,0.278585030185919
10.972,0.27424315474918
10.973,0.28181489651297
10.974,0.299619300586087
10.975,0.289262125191674
10.976,0.307118719833326
10.977,0.348473569144244
10.978,0.340641539551111
10.979,0.351906619686124
10.98,0.317820449132869
10.981,0.35305961312109
10.982,0.334742376246439
10.983,0.323318925832858
10.984,0.296958964669275
10.985,0.31503436924961
10.986,0.283173991642756
10.987,0.262983498744359
10.988,0.273790840054425
10.989,0.283093338954759
10.99,0.257903092730721
10.991,0.258119263842809
10.992,0.237353416419676
10.993,0.248548202601702
10.994,0.261445127837465
10.995,0.285361790167385
10.996,0.274976484011992
10.997,0.310197378856797
10.998,0.314090899781025
10.999,0.299600961768845
11,0.270769112658204
11.001,0.232263654149103
11.002,0.220952165021993
11.003,0.201267266846155
11.004,0.210636648749861
11.005,0.171384268693262
11.006,0.133500978564746
11.007,0.16311367150769
11.008,0.138768248298651
11.009,0.149095189266186
11.01,0.113588123532385
11.011,0.136960176982404
11.012,0.145358127080288
11.013,0.140290104233625
11.014,0.132475535775409
11.015,0.127238442310649
11.016,0.134896004113028
11.017,0.137424056931799
11.018,0.128357340747768
11.019,0.126924499480433
11.02,0.0824540760208117
11.021,0.094924476972475
11.022,0.0660443915505015
11.023,0.0497234205716654
11.024,0.0377823290019199
11.025,0.0357596734909679
11.026,0.0436376454665347
11.027,0.058867422621492
11.028,0.0269897390955841
11.029,0.045112431884507
11.03,0.0431085537656323
11.031,0.0463423373127234
11.032,0.0499871857396346
11.033,0.0683680969364718
11.034,0.0898454867562422
11.035,0.0612111157431015
11.036,0.0467697513362036
11.037,0.0274890502932043
11.038,0.0530221594885018
11.039,0.0706270308503643
11.04,0.0799101958640255
11.041,0.0370083409765981
11.042,0.00137924234740662
11.043,0.00632523719794589
11.044,-0.00672639501236009
11.045,-0.0169789391262115
11.046,-0.0134469063777675
11.047,-0.0104251305467105
11.048,-0.0125212832774738
11.049,0.0321773490672883
11.05,0.0339640846415632
11.051,0.0341797302103622
11.052,0.0296716904728586
11.053,0.0563773257292299
11.054,0.09926372771882
11.055,0.109408118433535
11.056,0.100256132637334
11.057,0.10212366260637
11.058,0.18185494003379
11.059,0.18421114084263
11.06,0.170822538123816
11.061,0.185974103146192
11.062,0.216398336412009
11.063,0.186094774704265
11.064,0.164284672629541
11.065,0.118993188707752
11.066,0.119754348640585
11.067,0.155320332531686
11.068,0.201164436699752
11.069,0.197856804795164
11.07,0.159596077428459
11.071,0.119317222921305
11.072,0.148604287299166
11.073,0.173268472110631
11.074,0.202839350672508
11.075,0.157991319870264
11.076,0.172826353481762
11.077,0.171135365996622
11.078,0.163102714894784
11.079,0.145820773583584
11.08,0.152815764555815
11.081,0.127612821753527
11.082,0.141738544860412
11.083,0.11984388248459
11.084,0.111581432786796
11.085,0.0961744554315209
11.086,0.082293565221932
11.087,0.100616565841822
11.088,0.114681034657313
11.089,0.154009922004751
11.09,0.1717763629263
11.091,0.192206532487483
11.092,0.197205685647101
11.093,0.235498980524918
11.094,0.234258122837
11.095,0.214998156014427
11.096,0.167263963842738
11.097,0.160615897603433
11.098,0.197502872086713
11.099,0.200478308330089
11.1,0.227923479394804
11.101,0.201729988644472
11.102,0.176141299045316
11.103,0.162867178314687
11.104,0.132681274496851
11.105,0.116085344223168
11.106,0.114965078643416
11.107,0.094713484127814
11.108,0.087496922464215
11.109,0.115481982497854
11.11,0.1546922543901
11.111,0.164892582839764
11.112,0.162888088139691
11.113,0.176127539942197
11.114,0.146463668125939
11.115,0.133009483272797
11.116,0.10282474398093
11.117,0.0517372187725895
11.118,0.0783925588034959
11.119,0.0602201106344878
11.12,0.104392494517528
11.121,0.116734477306933
11.122,0.0977788853836652
11.123,0.116791514837719
11.124,0.115892624259535
11.125,0.12472090881608
11.126,0.117985236774112
11.127,0.0993458397393623
11.128,0.102638480828988
11.129,0.0864231009260056
11.13,0.105079767392264
11.131,0.115422130287201
11.132,0.101812437530055
11.133,0.142668135171958
11.134,0.152902107013376
11.135,0.160573107607539
11.136,0.140814680876706
11.137,0.149311985251501
11.138,0.171672176902301
11.139,0.182536950549046
11.14,0.170777244426078
11.141,0.173620852128971
11.142,0.151834418776794
11.143,0.17811122305358
11.144,0.192956559373796
11.145,0.233444091669633
11.146,0.235548454781822
11.147,0.238577743830466
11.148,0.256938295822862
11.149,0.215536742182969
11.15,0.173303814086683
11.151,0.184399333547502
11.152,0.132925207092113
11.153,0.161580129514036
11.154,0.186761608252148
11.155,0.200364879372468
11.156,0.212032027948034
11.157,0.18328640774057
11.158,0.160765750289218
11.159,0.17506288606291
11.16,0.185326489805301
11.161,0.162922763132886
11.162,0.155576972751179
11.163,0.203334307106446
11.164,0.208090732569218
11.165,0.179129022535163
11.166,0.203105692009048
11.167,0.216067896263755
11.168,0.241074005159075
11.169,0.233619207730994
11.17,0.283573692144357
11.171,0.309507281068586
11.172,0.316316814315535
11.173,0.312379383814442
11.174,0.313555972847197
11.175,0.353157857307943
11.176,0.32134430105109
11.177,0.32967613775211
11.178,0.306625264252776
11.179,0.327254144685639
11.18,0.333490406503753
11.181,0.362444471172803
11.182,0.357063468598919
11.183,0.338984511626015
11.184,0.316444971656636
11.185,0.309798794391028
11.186,0.290385264915462
11.187,0.265589880574889
11.188,0.228481806424409
11.189,0.25511918449863
11.19,0.222136526661631
11.191,0.211688040236029
11.192,0.276990197331228
11.193,0.303550207599627
11.194,0.295845239632508
11.195,0.346364863619029
11.196,0.353080925930362
11.197,0.349238670211579
11.198,0.346546058546509
11.199,0.373091427622142
11.2,0.357265274015301
11.201,0.374075217377779
11.202,0.38955210453886
11.203,0.398967145638827
11.204,0.389848362941209
11.205,0.399964351024341
11.206,0.384726093310676
11.207,0.364496420706878
11.208,0.343168507180451
11.209,0.34432195734472
11.21,0.338032744507371
11.211,0.331079654238368
11.212,0.332602684500454
11.213,0.319978390200378
11.214,0.352176430181199
11.215,0.317404837442
11.216,0.312149153000085
11.217,0.294475988400761
11.218,0.288359682192835
11.219,0.270790661507272
11.22,0.298874890294623
11.221,0.294469119701976
11.222,0.276113646054781
11.223,0.272922988658206
11.224,0.30650521425401
11.225,0.312524599109605
11.226,0.340704729978284
11.227,0.33267675651329
11.228,0.351449850837585
11.229,0.338746520560364
11.23,0.35722404277168
11.231,0.36480743942901
11.232,0.349353381861189
11.233,0.353778031223066
11.234,0.344586833122241
11.235,0.369734438739301
11.236,0.36612940581017
11.237,0.367751932016545
11.238,0.3430716327494
11.239,0.368870015669612
11.24,0.339461273348759
11.241,0.324151411842434
11.242,0.346565076738258
11.243,0.360258725762369
11.244,0.386218958169746
11.245,0.403310364944499
11.246,0.394880640676341
11.247,0.362160973236098
11.248,0.358740989225113
11.249,0.324845506017736
11.25,0.308047376974359
11.251,0.295812026319294
11.252,0.305829533031557
11.253,0.310120890518171
11.254,0.311800638016775
11.255,0.283918265069241
11.256,0.294867683393371
11.257,0.294142814608519
11.258,0.287051689615975
11.259,0.293510456379266
11.26,0.322582448497021
11.261,0.288559560368608
11.262,0.250982937706103
11.263,0.239948651630337
11.264,0.253145748575389
11.265,0.249828455291402
11.266,0.207501970693206
11.267,0.237646530221147
11.268,0.214291285615435
11.269,0.252703615479395
11.27,0.235819304108966
11.271,0.213993520136156
11.272,0.172622010545549
11.273,0.156621327806074
11.274,0.145529193248001
11.275,0.171812574573408
11.276,0.16825838379466
11.277,0.164135637851415
11.278,0.156508349412038
11.279,0.137455995113583
11.28,0.133539901882909
11.281,0.119461995186805
11.282,0.143393758258556
11.283,0.161241606343777
11.284,0.15997449483064
11.285,0.151399578925444
11.286,0.168833634329049
11.287,0.194143854252373
11.288,0.189192743807689
11.289,0.199892284211797
11.29,0.239491908385355
11.291,0.258613535862474
11.292,0.259462361490845
11.293,0.301894708002657
11.294,0.305489992855738
11.295,0.328297495296039
11.296,0.337026922016507
11.297,0.326805008218597
11.298,0.301354469697674
11.299,0.319406471712685
11.3,0.326304736346194
11.301,0.356512790104799
11.302,0.359933827659669
11.303,0.36428232680732
11.304,0.358433933469017
11.305,0.352931487194518
11.306,0.376252214407632
11.307,0.391825388465079
11.308,0.381691463426104
11.309,0.375048521108417
11.31,0.390720031668432
11.311,0.338736005592996
11.312,0.292818564935945
11.313,0.287674648137311
11.314,0.272683395757912
11.315,0.315423772411264
11.316,0.295251553356224
11.317,0.267615301831557
11.318,0.239626890541714
11.319,0.264552887823246
11.32,0.231492049878959
11.321,0.199113030361465
11.322,0.191575686310733
11.323,0.206769148316403
11.324,0.217535701007509
11.325,0.226557953068173
11.326,0.249186578775508
11.327,0.257595184895698
11.328,0.284726083282769
11.329,0.298834011101421
11.33,0.282128866329461
11.331,0.25386329063627
11.332,0.250839768969039
11.333,0.281237784379937
11.334,0.304935292143697
11.335,0.289200931293455
11.336,0.291206851965819
11.337,0.287303552191868
11.338,0.305699554540896
11.339,0.260001605653153
11.34,0.222126883314354
11.341,0.251253696406859
11.342,0.26693335929013
11.343,0.244156729359425
11.344,0.225626908765351
11.345,0.203082823999717
11.346,0.256648811211954
11.347,0.246669288363451
11.348,0.243802363453966
11.349,0.21652790025543
11.35,0.21293114991159
11.351,0.199354213123517
11.352,0.234514712082158
11.353,0.252268379834469
11.354,0.207971786176128
11.355,0.239328483863618
11.356,0.213414531244513
11.357,0.202055545221059
11.358,0.208158487688486
11.359,0.196889985677418
11.36,0.190494209588386
11.361,0.162156615532344
11.362,0.181870666813587
11.363,0.166839143763237
11.364,0.157163466585455
11.365,0.192750947464523
11.366,0.204449807048316
11.367,0.205867524369264
11.368,0.208739819996655
11.369,0.201176621237597
11.37,0.186435446358221
11.371,0.208686797990637
11.372,0.258333003301833
11.373,0.273554890994852
11.374,0.279398736660523
11.375,0.287603523402683
11.376,0.284924344121053
11.377,0.280597531293382
11.378,0.243780496054056
11.379,0.23646287739605
11.38,0.251113605045374
11.381,0.282268680786027
11.382,0.288989768859677
11.383,0.291562068031714
11.384,0.302410013485541
11.385,0.295874913034895
11.386,0.309788913369984
11.387,0.297103435647705
11.388,0.286749431288425
11.389,0.293012450010449
11.39,0.300787418719159
11.391,0.302535151994192
11.392,0.329193403442748
11.393,0.342148918876869
11.394,0.311436807687474
11.395,0.323033026084605
11.396,0.332529865541982
11.397,0.324218039285659
11.398,0.322703916393252
11.399,0.362680089328728
11.4,0.367417989534681
11.401,0.360247404774704
11.402,0.361429427649616
11.403,0.371649804971319
11.404,0.395149383553995
11.405,0.410151690209107
11.406,0.380455114177965
11.407,0.385699489203137
11.408,0.387720662482952
11.409,0.414776188460674
11.41,0.40686606958203
11.411,0.430116854220553
11.412,0.433925676326206
11.413,0.445623071933248
11.414,0.437135048351458
11.415,0.435651235673385
11.416,0.417569927844032
11.417,0.405228586978524
11.418,0.415939811317887
11.419,0.405219154192283
11.42,0.38909564094285
11.421,0.370224762174874
11.422,0.326703758637318
11.423,0.314635269409327
11.424,0.29252879059605
11.425,0.241465212967125
11.426,0.233401891329489
11.427,0.240359759741803
11.428,0.201388723743883
11.429,0.218952559072512
11.43,0.237342704127414
11.431,0.2648458194588
11.432,0.26013856797339
11.433,0.257006304026969
11.434,0.273775874138472
11.435,0.295798064637885
11.436,0.27908665560389
11.437,0.265512378148031
11.438,0.222365314737301
11.439,0.206003687865912
11.44,0.194323846176492
11.441,0.191392662788081
11.442,0.204288794348594
11.443,0.182637598826237
11.444,0.189218856694484
11.445,0.167170217005948
11.446,0.190592260314378
11.447,0.219846065590729
11.448,0.229902184365652
11.449,0.266535277563938
11.45,0.276968285734845
11.451,0.253312350553757
11.452,0.257634942492826
11.453,0.275220947683617
11.454,0.294599876737551
11.455,0.316343625037547
11.456,0.307382523941357
11.457,0.310057393388703
11.458,0.302582138784123
11.459,0.318121367025712
11.46,0.291892565412159
11.461,0.286676372793481
11.462,0.251955682649237
11.463,0.290875879789093
11.464,0.304620315841418
11.465,0.293681208963765
11.466,0.300110734612732
11.467,0.299969062581626
11.468,0.256500652171798
11.469,0.275639043988687
11.47,0.277632374204717
11.471,0.238678871591593
11.472,0.211015718387081
11.473,0.17972978211328
11.474,0.185068415307218
11.475,0.157239909296714
11.476,0.133181842607396
11.477,0.127809283704193
11.478,0.164324807681187
11.479,0.185907132345751
11.48,0.23412725642787
11.481,0.18243647590732
11.482,0.252324518819282
11.483,0.281540168059123
11.484,0.260033862907542
11.485,0.247431629475011
11.486,0.264457673055332
11.487,0.265511699674894
11.488,0.229964763422978
11.489,0.206121652829766
11.49,0.204900717130889
11.491,0.207737453809316
11.492,0.218409599714023
11.493,0.227211035850482
11.494,0.225045955762965
11.495,0.184826721460979
11.496,0.165810943025833
11.497,0.164846005537032
11.498,0.147325799236579
11.499,0.13305279849745
11.5,0.132197133593297
11.501,0.109706155967218
11.502,0.113557802297791
11.503,0.103583189426021
11.504,0.114478775326095
11.505,0.10850519785779
11.506,0.121528914674197
11.507,0.165318161022458
11.508,0.159479997909045
11.509,0.15874857771381
11.51,0.159473169345368
11.511,0.181116897831397
11.512,0.125795685378718
11.513,0.123120421551895
11.514,0.143505414341626
11.515,0.143496111776753
11.516,0.143309623053308
11.517,0.165608147722198
11.518,0.16479479344754
11.519,0.165565592091339
11.52,0.177888891184991
11.521,0.201594578344856
11.522,0.243239309078991
11.523,0.246448864263744
11.524,0.200988659712005
11.525,0.222841214792065
11.526,0.230739219405143
11.527,0.249298808984824
11.528,0.266141494032539
11.529,0.285008625594367
11.53,0.271313655335526
11.531,0.256890757438431
11.532,0.271296619696027
11.533,0.262420293115734
11.534,0.281191050092574
11.535,0.259768645592198
11.536,0.243732904940166
11.537,0.231092882618872
11.538,0.252639695317265
11.539,0.231888763462894
11.54,0.212362579874399
11.541,0.194416756567445
11.542,0.195650112799603
11.543,0.219765496800054
11.544,0.174069692057244
11.545,0.173475464779497
11.546,0.130322916746022
11.547,0.174021927111563
11.548,0.1860910423161
11.549,0.210869899081046
11.55,0.201707624219475
11.551,0.179903580545963
11.552,0.185574372677002
11.553,0.193156256622872
11.554,0.205100965915657
11.555,0.235410732055512
11.556,0.252162085104004
11.557,0.282225954134833
11.558,0.276961112265534
11.559,0.286544309599449
11.56,0.296473377632877
11.561,0.291200238682152
11.562,0.30783773574194
11.563,0.323036982281828
11.564,0.340347675011763
11.565,0.319236573070411
11.566,0.314494665150729
11.567,0.342276722704877
11.568,0.382545325049816
11.569,0.363777142521958
11.57,0.347211233224694
11.571,0.350172490335541
11.572,0.34096612242969
11.573,0.34052742760338
11.574,0.32599097845807
11.575,0.337203198995792
11.576,0.33347003916908
11.577,0.370126106081175
11.578,0.385822694680701
11.579,0.400172586437658
11.58,0.416469464863326
11.581,0.417927563556917
11.582,0.434183875831694
11.583,0.434504264145029
11.584,0.395641344225924
11.585,0.385282823458594
11.586,0.38400488313347
11.587,0.335704393091963
11.588,0.319833919282085
11.589,0.293934269510309
11.59,0.304116879726977
11.591,0.318440966181335
11.592,0.315261522642336
11.593,0.291834810218535
11.594,0.287565819518246
11.595,0.301487863285149
11.596,0.312548569391573
11.597,0.350508171957273
11.598,0.370153377752221
11.599,0.341522941890004
11.6,0.413019924656704
11.601,0.415803927833258
11.602,0.401493906235603
11.603,0.400042414030902
11.604,0.396882540101977
11.605,0.399091981955888
11.606,0.410890762237962
11.607,0.423550333445104
11.608,0.408496119764536
11.609,0.415361568464212
11.61,0.41653148016325
11.611,0.443961289366018
11.612,0.447194267642577
11.613,0.42001944543468
11.614,0.411280121081818
11.615,0.373508114329922
11.616,0.367524025558817
11.617,0.428540196836842
11.618,0.389353480543968
11.619,0.395476615530037
11.62,0.36826176370261
11.621,0.382314292304515
11.622,0.37698511756043
11.623,0.359754640948047
11.624,0.345732710187205
11.625,0.322431380371631
11.626,0.305841707852967
11.627,0.333831998434999
11.628,0.347937792575825
11.629,0.356664205027212
11.63,0.395988990094374
11.631,0.381633667311522
11.632,0.375861082811905
11.633,0.410583591518321
11.634,0.422560144823275
11.635,0.420902637451511
11.636,0.413211589273982
11.637,0.430455020405418
11.638,0.427199384674441
11.639,0.4397422111498
11.64,0.46903701777143
11.641,0.510494367717897
11.642,0.476862597391888
11.643,0.432266363187621
11.644,0.476378928862854
11.645,0.474111868067206
11.646,0.485263128799185
11.647,0.460876560341941
11.648,0.461464423188443
11.649,0.453327114986312
11.65,0.423579998688469
11.651,0.433368405788139
11.652,0.414056209529813
11.653,0.434742752189101
11.654,0.449449561913886
11.655,0.46155209552684
11.656,0.437635402788272
11.657,0.461015632278384
11.658,0.468677860135361
11.659,0.486076657443716
11.66,0.483839285280099
11.661,0.505306165235204
11.662,0.488755851021117
11.663,0.484702687466505
11.664,0.474554045592994
11.665,0.494136096315807
11.666,0.521430016551909
11.667,0.490244102180375
11.668,0.508650855902203
11.669,0.516700078609768
11.67,0.492831763531983
11.671,0.49407711624317
11.672,0.483874455093641
11.673,0.478699117658469
11.674,0.481275882991412
11.675,0.502248785598045
11.676,0.512946356703382
11.677,0.531604900218058
11.678,0.54199465831402
11.679,0.550723837001597
11.68,0.615758591664716
11.681,0.626955056603542
11.682,0.631279224197125
11.683,0.602792396305783
11.684,0.664850203096514
11.685,0.648728144946506
11.686,0.680662808159359
11.687,0.633090296801859
11.688,0.638403619658641
11.689,0.694749959346141
11.69,0.730745058994297
11.691,0.721990960655613
11.692,0.699290766942553
11.693,0.721785972322349
11.694,0.721895116562157
11.695,0.716539362208321
11.696,0.706964642420927
11.697,0.676147936036613
11.698,0.666731408564577
11.699,0.672700084165334
11.7,0.690099377434331
11.701,0.692574582156414
11.702,0.684757635315084
11.703,0.727337045565883
11.704,0.703317302993911
11.705,0.69504563032904
11.706,0.689309599958998
11.707,0.706106914856266
11.708,0.671960500748538
11.709,0.668326440326404
11.71,0.621886258920449
11.711,0.603322623157232
11.712,0.580087168831688
11.713,0.539234409294619
11.714,0.542116594494082
11.715,0.525424831932553
11.716,0.520793675140474
11.717,0.512601666265295
11.718,0.520859023413915
11.719,0.525111872198288
11.72,0.535505788003862
11.721,0.578752627135263
11.722,0.590259836214291
11.723,0.589986067579367
11.724,0.609636603047246
11.725,0.594569474089465
11.726,0.609629835018798
11.727,0.609055885868772
11.728,0.616981768365356
11.729,0.632601750198668
11.73,0.634370901955114
11.731,0.580235522749777
11.732,0.574566251399301
11.733,0.556115577369069
11.734,0.586821653055258
11.735,0.571484957198731
11.736,0.555348627228785
11.737,0.552751949642345
11.738,0.523772310613295
11.739,0.509761963919074
11.74,0.485741611313737
11.741,0.47554623223641
11.742,0.490301885349031
11.743,0.489741629154623
11.744,0.514241551223347
11.745,0.519397042376953
11.746,0.522791712993425
11.747,0.551884351416626
11.748,0.575697856997651
11.749,0.623120401385198
11.75,0.607743181939632
11.751,0.597350506961172
11.752,0.62158841976695
11.753,0.61356252325456
11.754,0.593467137070579
11.755,0.599192788483486
11.756,0.633640367621906
11.757,0.620798190733988
11.758,0.619383892698337
11.759,0.673899866569773
11.76,0.673302205024254
11.761,0.652537052595746
11.762,0.667812663280442
11.763,0.667261936708244
11.764,0.65371223268196
11.765,0.708796160687216
11.766,0.698691806414071
11.767,0.727743530697112
11.768,0.741666817243117
11.769,0.750180132966971
11.77,0.774736836246318
11.771,0.800628901958826
11.772,0.784338194248999
11.773,0.790429189509703
11.774,0.766952661820888
11.775,0.762758031029738
11.776,0.769457336317578
11.777,0.798959136495865
11.778,0.770325267291926
11.779,0.764332746827501
11.78,0.722874221734292
11.781,0.76342884867036
11.782,0.775646090019689
11.783,0.810812112297241
11.784,0.844765930589867
11.785,0.875293932138288
11.786,0.840388759582524
11.787,0.839785596604763
11.788,0.85824478094912
11.789,0.842312140198829
11.79,0.804512317627933
11.791,0.775173356655036
11.792,0.809641215505272
11.793,0.813807146283654
11.794,0.797828105380584
11.795,0.845768564843018
11.796,0.818049893928134
11.797,0.789242825965105
11.798,0.795763302123216
11.799,0.818481367883664
11.8,0.847041281555209
11.801,0.838029445166668
11.802,0.845561072164294
11.803,0.826315250482248
11.804,0.84000681730836
11.805,0.820550347676031
11.806,0.804114008563219
11.807,0.803560666220481
11.808,0.807807167605421
11.809,0.795002485038472
11.81,0.794586922396401
11.811,0.803527679504048
11.812,0.788074192664219
11.813,0.790695060262822
11.814,0.755419388182456
11.815,0.747433655500596
11.816,0.732421767125049
11.817,0.735001636853252
11.818,0.740657057572694
11.819,0.726400089979946
11.82,0.711145263161945
11.821,0.714547651875881
11.822,0.705031330908738
11.823,0.715139150691245
11.824,0.725064401282015
11.825,0.771462806967133
11.826,0.794609365852736
11.827,0.825959173717849
11.828,0.826500638299943
11.829,0.83590781524871
11.83,0.827771827034469
11.831,0.827113735609978
11.832,0.826098819319854
11.833,0.815717070495973
11.834,0.787740835979308
11.835,0.794453543574307
11.836,0.798225717620852
11.837,0.798414833229756
11.838,0.813801745163397
11.839,0.814098857791022
11.84,0.833175522586176
11.841,0.830975535928067
11.842,0.850011480973592
11.843,0.822583425435
11.844,0.842679839755825
11.845,0.841120352043188
11.846,0.810021559248435
11.847,0.805630193802842
11.848,0.835367173255117
11.849,0.850357769041578
11.85,0.865294539163278
11.851,0.860855889345686
11.852,0.871397659467765
11.853,0.871336296702461
11.854,0.903615441582461
11.855,0.926717956771929
11.856,0.915577876785008
11.857,0.863426437845603
11.858,0.826817058641173
11.859,0.830970970392715
11.86,0.847159123587318
11.861,0.816633494650985
11.862,0.830076891152665
11.863,0.84785174664479
11.864,0.841161772613361
11.865,0.853360504905834
11.866,0.862105728158678
11.867,0.853176770366987
11.868,0.835597494065928
11.869,0.848443142729196
11.87,0.884449081267872
11.871,0.894685034012344
11.872,0.915732264428289
11.873,0.925555325936085
11.874,0.887550149899208
11.875,0.929337601060618
11.876,0.94598878722792
11.877,0.971673653475258
11.878,0.952923679738993
11.879,0.93038182866297
11.88,0.915304445421855
11.881,0.919471448326245
11.882,0.986984219866442
11.883,1.03779790664144
11.884,1.01961242881992
11.885,0.997437572179004
11.886,0.992781878213672
11.887,1.01768624317252
11.888,0.975994381422983
11.889,0.962593681175625
11.89,1.00317428470667
11.891,0.982144541760285
11.892,0.990499685022402
11.893,0.993852221931809
11.894,1.01594605388777
11.895,0.997448477514041
11.896,0.994190346478576
11.897,1.00313780315753
11.898,1.00031845730213
11.899,0.998500597003338
11.9,1.01149083637753
11.901,1.02429072058662
11.902,1.01999168503899
11.903,1.0322329240369
11.904,1.06177443675118
11.905,1.07230151878738
11.906,1.07576075028292
11.907,1.08580208719984
11.908,1.12748294707017
11.909,1.12468451084931
11.91,1.103004253766
11.911,1.1073277912608
11.912,1.0783941581291
11.913,1.07012199429887
11.914,1.05214049712875
11.915,1.01550741537925
11.916,1.0017101696538
11.917,0.98150498203705
11.918,0.98779280144941
11.919,1.00475809946761
11.92,0.997542561966382
11.921,1.01903379930291
11.922,0.975319418296472
11.923,0.978776266730813
11.924,0.97477595033939
11.925,0.981670383469962
11.926,0.977208863261904
11.927,0.982318314898509
11.928,0.992897268676743
11.929,1.03857228172899
11.93,1.0504175513374
11.931,1.03935748313333
11.932,1.08140269793436
11.933,1.07305658687101
11.934,1.06035722482087
11.935,1.07416817776386
11.936,1.0786500917555
11.937,1.06631984077092
11.938,1.07065903451368
11.939,1.05922711439967
11.94,1.0523134711309
11.941,1.02223621649947
11.942,1.01460592277056
11.943,1.01879741261299
11.944,1.0094469138938
11.945,0.968715688178003
11.946,0.969012774286288
11.947,0.944369798210735
11.948,0.936134925268441
11.949,0.949892911351492
11.95,0.936350867348162
11.951,0.902775696487423
11.952,0.90929353075011
11.953,0.912585197169014
11.954,0.9087614068171
11.955,0.911376987921697
11.956,0.904337919574151
11.957,0.905164283530552
11.958,0.902633123542331
11.959,0.873568804524701
11.96,0.901285653755871
11.961,0.910231887059688
11.962,0.954709999990939
11.963,0.972338380532132
11.964,0.970594326001547
11.965,0.963852352787087
11.966,0.958715535951765
11.967,0.973326396015882
11.968,0.99378001806579
11.969,0.985584812242285
11.97,1.00019621535563
11.971,0.989042631490483
11.972,0.988675697730914
11.973,1.00502050145676
11.974,1.01721346026158
11.975,1.03319634095532
11.976,1.03733024813228
11.977,1.0465015976552
11.978,1.0410153174348
11.979,1.00924103009866
11.98,1.02204426680894
11.981,1.01333858423801
11.982,1.01106534765973
11.983,1.00545860936798
11.984,1.00938149139455
11.985,1.02557859890678
11.986,1.01954227161388
11.987,1.04647363416548
11.988,1.07896921818261
11.989,1.09875405413081
11.99,1.08995064140865
11.991,1.08613855507159
11.992,1.08362690128086
11.993,1.12157250669425
11.994,1.11660431479127
11.995,1.11133907142337
11.996,1.10964050759927
11.997,1.12596446036303
11.998,1.1383003687327
11.999,1.16191496397517
12,1.18512405378548
12.001,1.1952272600535
12.002,1.19808220431127
12.003,1.22909849513335
12.004,1.23872882606689
12.005,1.22479943630929
12.006,1.2445125640059
12.007,1.19847292490359
12.008,1.21593326872097
12.009,1.1750565085245
12.01,1.20197958710931
12.011,1.17017615424503
12.012,1.21442366013736
12.013,1.19894409347804
12.014,1.20907281126898
12.015,1.19855336000573
12.016,1.15675653926934
12.017,1.15010327316965
12.018,1.1638553357469
12.019,1.18355700820019
12.02,1.20936812954355
12.021,1.2303785799866
12.022,1.2657204253922
12.023,1.23506284939977
12.024,1.24227065667304
12.025,1.27448878638654
12.026,1.2903612760674
12.027,1.2671396030249
12.028,1.28291694315843
12.029,1.27221099939047
12.03,1.26438922591377
12.031,1.25195444350427
12.032,1.25322394000735
12.033,1.26143227435578
12.034,1.27227884945068
12.035,1.2993117032956
12.036,1.27881655077009
12.037,1.29215886974062
12.038,1.29719098267882
12.039,1.2691295518777
12.04,1.30681875077662
12.041,1.30507072770262
12.042,1.30267195219481
12.043,1.32546765118441
12.044,1.32898408912192
12.045,1.32882226408491
12.046,1.34419764311364
12.047,1.33293030075299
12.048,1.38232181689976
12.049,1.413606658794
12.05,1.40351968043344
12.051,1.43339854785197
12.052,1.44161413161507
12.053,1.45737605034245
12.054,1.47050660411966
12.055,1.4903782160427
12.056,1.48992910755434
12.057,1.50727412844325
12.058,1.51355990476383
12.059,1.50840048333755
12.06,1.50975802065539
12.061,1.5502879467394
12.062,1.565733042652
12.063,1.56245546180115
12.064,1.53872600277481
12.065,1.55689944762396
12.066,1.57199160666199
12.067,1.56916845072492
12.068,1.5662159437691
12.069,1.58062425217501
12.07,1.59338415484645
12.071,1.61474312554339
12.072,1.60686617443339
12.073,1.61744409892177
12.074,1.67294313938329
12.075,1.64794867141583
12.076,1.68692179299345
12.077,1.67008993620884
12.078,1.66490508399038
12.079,1.65438709202802
12.08,1.67862665820954
12.081,1.70368758435029
12.082,1.70548643615819
12.083,1.70936738057091
12.084,1.70292525511893
12.085,1.73017838980333
12.086,1.71483070039719
12.087,1.68318090446778
12.088,1.691707601415
12.089,1.66527512448403
12.09,1.72563077420627
12.091,1.68869801939533
12.092,1.67348598164141
12.093,1.69719389800471
12.094,1.68942986151495
12.095,1.70019988750653
12.096,1.66826919719579
12.097,1.6713116096789
12.098,1.66540745328828
12.099,1.661193051407
12.1,1.67773132319719
12.101,1.68318077964902
12.102,1.69283894964919
12.103,1.68632285768248
12.104,1.71159375661454
12.105,1.69142006954514
12.106,1.68671133841224
12.107,1.69003918940438
12.108,1.69083657739685
12.109,1.65384894886734
12.11,1.67925701336374
12.111,1.66367420176615
12.112,1.67167989136451
12.113,1.66447945654023
12.114,1.66591222558429
12.115,1.65151027694231
12.116,1.66109446289976
12.117,1.68231996761244
12.118,1.69977215897425
12.119,1.71268824767949
12.12,1.72315079648199
12.121,1.68053456773608
12.122,1.65647483553325
12.123,1.64115885518457
12.124,1.6458529832452
12.125,1.64220681680915
12.126,1.67081812141781
12.127,1.68572418630805
12.128,1.75041132863696
12.129,1.75973261522226
12.13,1.75634474934834
12.131,1.76109416976184
12.132,1.78897375730635
12.133,1.75110771723969
12.134,1.72879394581129
12.135,1.68987445297672
12.136,1.74007826097232
12.137,1.77169581262075
12.138,1.76631857671776
12.139,1.76650133463227
12.14,1.79008762853061
12.141,1.78247822098407
12.142,1.72268197606989
12.143,1.73381954005783
12.144,1.71239644518161
12.145,1.71295549214581
12.146,1.71464480570611
12.147,1.73261661625658
12.148,1.6785488996493
12.149,1.69930851748665
12.15,1.68432584464265
12.151,1.68643911212914
12.152,1.69620579491579
12.153,1.67793711667811
12.154,1.62544334041988
12.155,1.61721064050284
12.156,1.61125002995931
12.157,1.63352676460115
12.158,1.64159499914154
12.159,1.6562468762139
12.16,1.67813030863075
12.161,1.66697625037412
12.162,1.66751762297921
12.163,1.63859519677477
12.164,1.61927535191455
12.165,1.61530225959161
12.166,1.60903141291749
12.167,1.55503138848316
12.168,1.53861677388701
12.169,1.53705532692765
12.17,1.50469571406814
12.171,1.52229962349128
12.172,1.53752716891384
12.173,1.55044519554068
12.174,1.54977329403787
12.175,1.54536484208684
12.176,1.56001545728916
12.177,1.55043611006852
12.178,1.53401063460758
12.179,1.58332758076387
12.18,1.56973547444207
12.181,1.57965956287516
12.182,1.58757097872009
12.183,1.57590382163839
12.184,1.54794184182343
12.185,1.58267512464204
12.186,1.60230717969164
12.187,1.59218706428709
12.188,1.59269369161693
12.189,1.55664756342039
12.19,1.53068273280159
12.191,1.56425543142939
12.192,1.54183841503307
12.193,1.54480305241297
12.194,1.51272399818408
12.195,1.51357431349365
12.196,1.5178787381451
12.197,1.54560616882455
12.198,1.54870697687692
12.199,1.56804293177818
12.2,1.5930074698275
12.201,1.58327156770266
12.202,1.55369662610404
12.203,1.54908951553305
12.204,1.50590052132653
12.205,1.47948504342801
12.206,1.51651873207968
12.207,1.5400104620882
12.208,1.54532606035977
12.209,1.50334619941334
12.21,1.51745197054281
12.211,1.51639099644446
12.212,1.45879774226585
12.213,1.41889014782965
12.214,1.40074725672981
12.215,1.40404692633479
12.216,1.4340216000954
12.217,1.40206463995402
12.218,1.38060333637637
12.219,1.39923519156277
12.22,1.39645878580832
12.221,1.39032913143459
12.222,1.38898459729187
12.223,1.38211093671528
12.224,1.39931916148508
12.225,1.38634537498787
12.226,1.36409200545488
12.227,1.39639136348345
12.228,1.40798201417014
12.229,1.40100708137751
12.23,1.38633937209257
12.231,1.39290726490474
12.232,1.3938671651765
12.233,1.36482942242915
12.234,1.36937893610406
12.235,1.38289671512459
12.236,1.38045514625983
12.237,1.38895171386289
12.238,1.37261299732751
12.239,1.38160359827528
12.24,1.35153712792366
12.241,1.34769960808111
12.242,1.36466995504958
12.243,1.39764842370132
12.244,1.38383145834446
12.245,1.40240440648793
12.246,1.39152195806552
12.247,1.38606223462524
12.248,1.36970015278193
12.249,1.37810353169249
12.25,1.35252607851981
12.251,1.37299018484224
12.252,1.34457702445119
12.253,1.32424910610416
12.254,1.32498929735331
12.255,1.30008127362162
12.256,1.28342183426582
12.257,1.28410496755833
12.258,1.26353761875469
12.259,1.31279619695177
12.26,1.33952347742155
12.261,1.34217851482148
12.262,1.37523153583216
12.263,1.38163026283085
12.264,1.40432592950618
12.265,1.38763125185435
12.266,1.38575092902434
12.267,1.39674479664908
12.268,1.37548947487352
12.269,1.3519111367157
12.27,1.32391621954021
12.271,1.326577588227
12.272,1.32818964157715
12.273,1.3243914108881
12.274,1.30376437137201
12.275,1.295587955979
12.276,1.28840459353044
12.277,1.23165879369171
12.278,1.21226203667738
12.279,1.22225400465634
12.28,1.24818649588489
12.281,1.2188964244188
12.282,1.2112360294432
12.283,1.20933876168996
12.284,1.21688023778038
12.285,1.23933379365203
12.286,1.22820067488296
12.287,1.23373441196923
12.288,1.23712903820306
12.289,1.24860987989148
12.29,1.25195957057612
12.291,1.2396352630954
12.292,1.25288795542561
12.293,1.24905487445344
12.294,1.27405021108962
12.295,1.28203385192251
12.296,1.29273608672792
12.297,1.27684294280316
12.298,1.25031896019244
12.299,1.2644521063296
12.3,1.25693946428917
12.301,1.27549478033432
12.302,1.25586144930628
12.303,1.28079689382845
12.304,1.25248363485982
12.305,1.26278417334933
12.306,1.24401245876748
12.307,1.24872613869406
12.308,1.25242626667727
12.309,1.22859199295452
12.31,1.22208501484957
12.311,1.24489607540525
12.312,1.23743095328339
12.313,1.23826465190438
12.314,1.20612767981414
12.315,1.23583592633422
12.316,1.24886335728246
12.317,1.25382255466177
12.318,1.24458247905981
12.319,1.22291363044888
12.32,1.23467086303289
12.321,1.24200851294603
12.322,1.23299639534125
12.323,1.2473153042217
12.324,1.23734090075326
12.325,1.26511201055128
12.326,1.27205833558833
12.327,1.29714390954663
12.328,1.2938341582117
12.329,1.30493756516564
12.33,1.27300684711255
12.331,1.26773887377787
12.332,1.27166969347684
12.333,1.2717708980764
12.334,1.25319039798774
12.335,1.28128703576172
12.336,1.27496054923012
12.337,1.22922527523715
12.338,1.19265662706726
12.339,1.18400128731607
12.34,1.1712668199573
12.341,1.15727580264544
12.342,1.14343384074101
12.343,1.12281382931452
12.344,1.10123533009207
12.345,1.10080944549221
12.346,1.07554686615076
12.347,1.05653892713076
12.348,1.06769672893546
12.349,1.05814027482564
12.35,1.0146544441316
12.351,0.975664979809176
12.352,0.985467795428963
12.353,0.991563359485097
12.354,1.00030372702148
12.355,0.975729167778874
12.356,0.992085754098611
12.357,1.00403765029978
12.358,0.983355044874507
12.359,0.996100705856036
12.36,0.995179908953587
12.361,0.966527838521281
12.362,0.944888216509669
12.363,0.904074451810124
12.364,0.89562334269205
12.365,0.961511412254266
12.366,0.945995824728861
12.367,0.939748866134055
12.368,0.937117093438088
12.369,0.927465031573586
12.37,0.905588805733531
12.371,0.934581655732555
12.372,0.910575580095408
12.373,0.922030370917979
12.374,0.946131507982518
12.375,0.903692772016316
12.376,0.883972442949303
12.377,0.879883171914064
12.378,0.913623031127877
12.379,0.916639586295433
12.38,0.869089273346492
12.381,0.876568363470723
12.382,0.890300413206549
12.383,0.903532990919134
12.384,0.908147612313086
12.385,0.914773350586127
12.386,0.930522851293009
12.387,0.944678470231894
12.388,0.988752840804007
12.389,0.989622865904296
12.39,1.00803628315609
12.391,1.01971100055428
12.392,1.00968751148312
12.393,1.03925390559445
12.394,1.04381805256422
12.395,1.05686475619172
12.396,1.03203455841722
12.397,1.05572971087572
12.398,1.0472649533502
12.399,1.05045927729251
12.4,1.04986874673466
12.401,1.08560404850641
12.402,1.11599660487912
12.403,1.09541174221307
12.404,1.09460282632021
12.405,1.09652599933494
12.406,1.09734167489874
12.407,1.14425135104262
12.408,1.15226315489249
12.409,1.14176860964551
12.41,1.18166258848076
12.411,1.2085081407041
12.412,1.20329775004309
12.413,1.19620158968818
12.414,1.19226166781353
12.415,1.15271624769768
12.416,1.1388388676254
12.417,1.14350524858439
12.418,1.1840421796329
12.419,1.15974989607692
12.42,1.12272228165008
12.421,1.1289860441089
12.422,1.16125323138285
12.423,1.16318054765379
12.424,1.15880561205463
12.425,1.17102508959525
12.426,1.20060007117987
12.427,1.22645867411539
12.428,1.18867725265646
12.429,1.16621685246127
12.43,1.14040022139103
12.431,1.1412983152423
12.432,1.14290836171284
12.433,1.14744697068205
12.434,1.13475901202604
12.435,1.12205995629665
12.436,1.06192472240819
12.437,1.06525852750294
12.438,1.06445393095742
12.439,1.06827963523591
12.44,1.09487280986302
12.441,1.07559840108812
12.442,1.10530071988081
12.443,1.0928353962954
12.444,1.07541536546214
12.445,1.09013548856503
12.446,1.0674492117012
12.447,1.02994684956607
12.448,1.03324140310732
12.449,1.05788382721349
12.45,1.0589850524227
12.451,1.04903011829034
12.452,1.02210922592166
12.453,1.02825676728005
12.454,1.02868321069444
12.455,1.03300903239444
12.456,1.00753221337578
12.457,0.990255070518228
12.458,0.971203802439189
12.459,1.00144876863653
12.46,1.01340552453185
12.461,1.01218509272363
12.462,1.02455071490485
12.463,1.02568619174555
12.464,0.974608851094345
12.465,0.997728976290226
12.466,1.00721887173505
12.467,1.04013998366128
12.468,1.04110542663407
12.469,1.05030685733525
12.47,1.06503579042737
12.471,1.08391353152654
12.472,1.04799095296512
12.473,1.04597868885078
12.474,1.04788765058715
12.475,1.05577597084101
12.476,1.0364311024092
12.477,1.06671927034237
12.478,1.03598908293488
12.479,1.01380295339129
12.48,1.0163862274789
12.481,1.01264344183138
12.482,0.987355602126889
12.483,0.978171386034837
12.484,0.912166138949736
12.485,0.864183199530963
12.486,0.875750364872848
12.487,0.889186199648984
12.488,0.897662203827951
12.489,0.921589637673411
12.49,0.92212980030827
12.491,0.900730078891473
12.492,0.938153785979704
12.493,0.938223803254433
12.494,0.888139021721679
12.495,0.915687032500882
12.496,0.9209116224711
12.497,0.892773605838474
12.498,0.885794041467999
12.499,0.90075878224492
12.5,0.938200248432924
12.501,0.933226982951682
12.502,0.903923459994525
12.503,0.908318186257139
12.504,0.912669960536807
12.505,0.891721414137991
12.506,0.862397986048582
12.507,0.834644009693347
12.508,0.839009797411963
12.509,0.817562678239116
12.51,0.816029985361592
12.511,0.820193831648983
12.512,0.834991529159417
12.513,0.817315567710775
12.514,0.831241420534085
12.515,0.828969520718965
12.516,0.859609276304576
12.517,0.868444004493839
12.518,0.85584833945337
12.519,0.815624856381761
12.52,0.828792977454764
12.521,0.811504853696642
12.522,0.811709775198899
12.523,0.794366908800527
12.524,0.812487558923799
12.525,0.784436937328967
12.526,0.759469164171077
12.527,0.756525689064237
12.528,0.750196584900647
12.529,0.748937139477846
12.53,0.744278818230641
12.531,0.741282035814297
12.532,0.731096461337919
12.533,0.72240446346115
12.534,0.72506006638497
12.535,0.723407546243963
12.536,0.725191607140277
12.537,0.750775476013816
12.538,0.764135120993567
12.539,0.74527294457129
12.54,0.758052498145299
12.541,0.739613003457852
12.542,0.692990557037018
12.543,0.703876448022801
12.544,0.692187667164388
12.545,0.694490351508242
12.546,0.648996074236442
12.547,0.657637538833463
12.548,0.654685672140795
12.549,0.642014694805205
12.55,0.623325680915326
12.551,0.620145196687583
12.552,0.596627611518134
12.553,0.55817288727404
12.554,0.567705397034761
12.555,0.53015937198597
12.556,0.52998156082554
12.557,0.530872059284656
12.558,0.561694332640235
12.559,0.549607859746722
12.56,0.527085996157682
12.561,0.521277325829783
12.562,0.507593691305736
12.563,0.501799913614281
12.564,0.482946288204714
12.565,0.44030717733021
12.566,0.419363219429502
12.567,0.417716932267355
12.568,0.429828959361006
12.569,0.428686651751883
12.57,0.440326733137258
12.571,0.457268900306798
12.572,0.457797509406476
12.573,0.446729167517367
12.574,0.436922301912797
12.575,0.419811692497244
12.576,0.398686995213573
12.577,0.403851051037664
12.578,0.395970623487754
12.579,0.39750478422341
12.58,0.423868433736861
12.581,0.440878985427304
12.582,0.443283141842913
12.583,0.466421685912115
12.584,0.498943244219092
12.585,0.495595500953801
12.586,0.510031927629397
12.587,0.533745614897354
12.588,0.49603165442106
12.589,0.513963163441875
12.59,0.48343136505713
12.591,0.48364975229079
12.592,0.420713669765687
12.593,0.447529182112175
12.594,0.44912628536422
12.595,0.43398624700363
12.596,0.432130640059184
12.597,0.441393020150425
12.598,0.422785543590241
12.599,0.409600792358006
12.6,0.393946757998541
12.601,0.415812843667105
12.602,0.433625016908008
12.603,0.417780191736132
12.604,0.407976190756863
12.605,0.410704137125594
12.606,0.430701287394781
12.607,0.411901117950287
12.608,0.426876073742338
12.609,0.428317211546555
12.61,0.406981971325362
12.611,0.36810683874421
12.612,0.364770935840328
12.613,0.394652641487435
12.614,0.385355078624498
12.615,0.377439233813141
12.616,0.356583060929953
12.617,0.33263022708528
12.618,0.315535523387355
12.619,0.332541465943765
12.62,0.358478764309555
12.621,0.385810808817918
12.622,0.347691375784002
12.623,0.350434634055745
12.624,0.346412956902083
12.625,0.339838095590748
12.626,0.331631471962063
12.627,0.364218871207228
12.628,0.383748911303581
12.629,0.397404049058244
12.63,0.404002141162278
12.631,0.388688755631329
12.632,0.396910976192626
12.633,0.421418664178073
12.634,0.411181609686748
12.635,0.396110474326114
12.636,0.397151171781907
12.637,0.406754563715293
12.638,0.395811449893176
12.639,0.38260342290931
12.64,0.377886859048049
12.641,0.329386455529815
12.642,0.33229654776641
12.643,0.335326462764676
12.644,0.318582124202539
12.645,0.317332166909488
12.646,0.305387489134528
12.647,0.306136030147936
12.648,0.324431658262042
12.649,0.344732737422797
12.65,0.332585821667537
12.651,0.304101906544934
12.652,0.34285045632052
12.653,0.337756107521661
12.654,0.354618735924108
12.655,0.386774506564099
12.656,0.359417507953766
12.657,0.317190895807718
12.658,0.326393833032219
12.659,0.298620159701065
12.66,0.325407463858585
12.661,0.321530978437556
12.662,0.292025238508803
12.663,0.283032626548703
12.664,0.271703576085206
12.665,0.234411696800009
12.666,0.234157688105677
12.667,0.236447905258192
12.668,0.239666983512743
12.669,0.232568719620072
12.67,0.229812164324383
12.671,0.25515854154232
12.672,0.23044663705781
12.673,0.25154686038232
12.674,0.223513155997309
12.675,0.225229445697215
12.676,0.224109295340941
12.677,0.192503378874658
12.678,0.172718977042174
12.679,0.184787649657292
12.68,0.169442635552988
12.681,0.157706902854225
12.682,0.173161833148929
12.683,0.136775734627406
12.684,0.167519166221623
12.685,0.168386242128081
12.686,0.161073676690873
12.687,0.196891848335239
12.688,0.179579669479437
12.689,0.142827560870154
12.69,0.178143968470577
12.691,0.193530048724461
12.692,0.23186222334525
12.693,0.186662242015315
12.694,0.189228808371538
12.695,0.21346757140316
12.696,0.202885624564547
12.697,0.237535732277501
12.698,0.227474278172336
12.699,0.238247807816175
12.7,0.244858546136223
12.701,0.247854239054393
12.702,0.229595425106022
12.703,0.212335428918222
12.704,0.20802939695726
12.705,0.211826871697925
12.706,0.218412970590521
12.707,0.230912015021256
12.708,0.22696210509992
12.709,0.207627609627018
12.71,0.204962202044396
12.711,0.24425129328196
12.712,0.230374591787342
12.713,0.204795282004684
12.714,0.215318701575017
12.715,0.202493979884888
12.716,0.237235562971418
12.717,0.248996017115398
12.718,0.238894567965961
12.719,0.218465770914758
12.72,0.204013393512897
12.721,0.222956400411025
12.722,0.221198913693203
12.723,0.233268155006833
12.724,0.226596746171201
12.725,0.26513927791879
12.726,0.237699308953119
12.727,0.290838701150129
12.728,0.284004167285754
12.729,0.29233721869746
12.73,0.296918200018048
12.731,0.309055404458007
12.732,0.311503368365471
12.733,0.298939279189204
12.734,0.33516988752765
12.735,0.305675409445135
12.736,0.292283622699853
12.737,0.285915427485224
12.738,0.288786112289135
12.739,0.294534021459296
12.74,0.325389305734245
12.741,0.299197918199294
12.742,0.279140037140204
12.743,0.27815753748854
12.744,0.273993664625535
12.745,0.273966953915411
12.746,0.288728016946862
12.747,0.282489870702288
12.748,0.288789389296773
12.749,0.306692740835155
12.75,0.319193953151931
12.751,0.315422852073539
12.752,0.287852817342424
12.753,0.32621405944302
12.754,0.30463480878454
12.755,0.32862141641001
12.756,0.340786240878882
12.757,0.383652571390639
12.758,0.39274116608032
12.759,0.386669941047241
12.76,0.360422150866954
12.761,0.382002060805481
12.762,0.419017061280169
12.763,0.400575342623783
12.764,0.404819196593958
12.765,0.409631700488665
12.766,0.395452302030382
12.767,0.379029621524014
12.768,0.382482300354827
12.769,0.383022490758365
12.77,0.399537170634037
12.771,0.420304400120894
12.772,0.420384876148696
12.773,0.403992058299808
12.774,0.378625646989245
12.775,0.391041886066622
12.776,0.343364193366542
12.777,0.361372315935365
12.778,0.398985091181812
12.779,0.406210531170873
12.78,0.398545275381913
12.781,0.38678830532938
12.782,0.39369084769605
12.783,0.408998986659893
12.784,0.400367952689137
12.785,0.384619276454412
12.786,0.378472997237065
12.787,0.34371008717464
12.788,0.380063449500004
12.789,0.368503270068017
12.79,0.311910974048804
12.791,0.33860437711753
12.792,0.344745639343475
12.793,0.305812526312149
12.794,0.288349263252488
12.795,0.307461667074028
12.796,0.322622481654335
12.797,0.329774248922491
12.798,0.322981047277935
12.799,0.289156394740718
12.8,0.246680915605654
12.801,0.237966745316199
12.802,0.223706519112772
12.803,0.19438502027633
12.804,0.187433346926827
12.805,0.209149807646128
12.806,0.2090187599969
12.807,0.256293029310981
12.808,0.275398981995414
12.809,0.240478883278857
12.81,0.225140029638577
12.811,0.267916108494485
12.812,0.279611675041254
12.813,0.291684730421866
12.814,0.292256456952531
12.815,0.265655350467255
12.816,0.281812156442783
12.817,0.303477388107221
12.818,0.300175739144906
12.819,0.291119457525259
12.82,0.273896650292256
12.821,0.286619200272136
12.822,0.263488797912427
12.823,0.293082373228849
12.824,0.283529039394011
12.825,0.294002880881621
12.826,0.295950883645215
12.827,0.32731539553695
12.828,0.273073799632525
12.829,0.292026907251088
12.83,0.300428383915888
12.831,0.293002074326177
12.832,0.285184666059142
12.833,0.319621871767347
12.834,0.333953502671865
12.835,0.356010589722687
12.836,0.303850812107172
12.837,0.343142264462607
12.838,0.363385812452095
12.839,0.408620190053589
12.84,0.389044550864681
12.841,0.38888007332841
12.842,0.381335113781859
12.843,0.351857961797254
12.844,0.339323702038852
12.845,0.385673541495267
12.846,0.393340543288309
12.847,0.394956402469891
12.848,0.40106214728719
12.849,0.398814267904436
12.85,0.402724681007696
12.851,0.383131166210777
12.852,0.378949438442787
12.853,0.351007690906244
12.854,0.335945679309703
12.855,0.338426617697233
12.856,0.407919578522363
12.857,0.41169453134284
12.858,0.382463583197122
12.859,0.377894067280353
12.86,0.388659405427002
12.861,0.377220067698964
12.862,0.33264955628499
12.863,0.273980782080217
12.864,0.302649519707766
12.865,0.276188095032397
12.866,0.237269254856568
12.867,0.27053541399047
12.868,0.277225988378759
12.869,0.283417954925979
12.87,0.248354624726074
12.871,0.241908413511964
12.872,0.266011976393537
12.873,0.27882836497676
12.874,0.264578546936596
12.875,0.286944539579041
12.876,0.301345257579447
12.877,0.31168845811421
12.878,0.255899534771763
12.879,0.269530465267836
12.88,0.239917879466696
12.881,0.234941322661551
12.882,0.23444435852551
12.883,0.209126626938112
12.884,0.248227042809922
12.885,0.238824373396489
12.886,0.265251048136948
12.887,0.243668680144511
12.888,0.266605271184828
12.889,0.270112642950163
12.89,0.291841485469716
12.891,0.296613746014847
12.892,0.292662006690331
12.893,0.269893828405628
12.894,0.293250533493602
12.895,0.271886679421672
12.896,0.271411267123531
12.897,0.250317936710641
12.898,0.274208530863433
12.899,0.273050956612684
12.9,0.286878566493828
12.901,0.304500694156258
12.902,0.294556173077906
12.903,0.322522045284332
12.904,0.341686898278125
12.905,0.365493511335278
12.906,0.33829126250958
12.907,0.353575410518071
12.908,0.33536549776504
12.909,0.350342203408719
12.91,0.379878193825149
12.911,0.372017572791503
12.912,0.36883053494769
12.913,0.386984344182318
12.914,0.360300025843534
12.915,0.353396972462331
12.916,0.345589418015785
12.917,0.353976750048326
12.918,0.363122661525538
12.919,0.356149980462112
12.92,0.337875102282739
12.921,0.324230742900115
12.922,0.29953166154964
12.923,0.309131661561699
12.924,0.327363908930561
12.925,0.353684255460076
12.926,0.333079738429417
12.927,0.3211420602005
12.928,0.359822291125649
12.929,0.329396415939969
12.93,0.320093865706143
12.931,0.292913804459645
12.932,0.26335748613013
12.933,0.283186528532323
12.934,0.260773515255107
12.935,0.23397909186831
12.936,0.216336582695096
12.937,0.195439808011118
12.938,0.18070996790885
12.939,0.189965366492517
12.94,0.192343659496656
12.941,0.189833336700428
12.942,0.180160959252773
12.943,0.177487815297664
12.944,0.191746011233566
12.945,0.169638432417246
12.946,0.185134626660807
12.947,0.175222865690558
12.948,0.133520841914246
12.949,0.135125605013101
12.95,0.115204037051669
12.951,0.0792639277871459
12.952,0.0470806083556992
12.953,0.0909867692738811
12.954,0.103319686444083
12.955,0.164787164300904
12.956,0.171692215947956
12.957,0.177167115212295
12.958,0.175491906481187
12.959,0.145033556454431
12.96,0.11023428711473
12.961,0.108005552520079
12.962,0.0689780126636391
12.963,0.105102232496674
12.964,0.124144051726494
12.965,0.150182486214071
12.966,0.136259872108784
12.967,0.124748332053114
12.968,0.125953758801503
12.969,0.125404511397787
12.97,0.0909743838235253
12.971,0.12964190675107
12.972,0.145386107634574
12.973,0.14809944932624
12.974,0.131702792834867
12.975,0.117086959033715
12.976,0.131698242061737
12.977,0.135236225836375
12.978,0.157995168286198
12.979,0.188619022303985
12.98,0.17785485162693
12.981,0.201739099541379
12.982,0.24787430955593
12.983,0.273005695928831
12.984,0.246147796307546
12.985,0.215928899255736
12.986,0.22553603058173
12.987,0.215204642701778
12.988,0.270514385199701
12.989,0.277566779829872
12.99,0.290172562102418
12.991,0.283033034268889
12.992,0.276098336088151
12.993,0.25724587352329
12.994,0.226640739193164
12.995,0.194140013826281
12.996,0.20119796558466
12.997,0.197923461284024
12.998,0.210704063593349
12.999,0.182416487413881
13,0.197439183054828
13.001,0.175343388936758
13.002,0.143446633356026
13.003,0.165373726298894
13.004,0.186749713041061
13.005,0.15785844266147
13.006,0.136113165669639
13.007,0.114271655295929
13.008,0.119644136175209
13.009,0.161454748602003
13.01,0.166425612037729
13.011,0.186402460794302
13.012,0.159299523963576
13.013,0.180653482479053
13.014,0.160643343577303
13.015,0.175604567573394
13.016,0.230560532041387
13.017,0.202832443311358
13.018,0.21549768039062
13.019,0.210579555215361
13.02,0.205872399476138
13.021,0.188959344503279
13.022,0.194631261216846
13.023,0.187613050438416
13.024,0.199114661756954
13.025,0.189885221557015
13.026,0.167483069786087
13.027,0.192180070553828
13.028,0.196517081003957
13.029,0.188336922494073
13.03,0.191387864826134
13.031,0.188784221154288
13.032,0.188591755228476
13.033,0.189032346295536
13.034,0.179268600875774
13.035,0.169063313952847
13.036,0.114298562741312
13.037,0.131800026100078
13.038,0.136481216762091
13.039,0.13314595584269
13.04,0.146352922191682
13.041,0.194399198017164
13.042,0.233666416784121
13.043,0.222446963537758
13.044,0.230148129542565
13.045,0.224106660766159
13.046,0.234024380554382
13.047,0.261771431713235
13.048,0.221468729869239
13.049,0.219672677840522
13.05,0.199779564380358
13.051,0.177023671532645
13.052,0.179559499278642
13.053,0.171614079327756
13.054,0.213422108683505
13.055,0.22215008661572
13.056,0.207631567991644
13.057,0.194302275820287
13.058,0.186606707046438
13.059,0.188658041028909
13.06,0.196043101216075
13.061,0.185601158632101
13.062,0.167229133501594
13.063,0.201144618132168
13.064,0.212699400274367
13.065,0.219352264638675
13.066,0.254205602169223
13.067,0.263366293251602
13.068,0.252624104086493
13.069,0.209679367153475
13.07,0.266878568846622
13.071,0.235939126987128
13.072,0.211703446277713
13.073,0.230972482189299
13.074,0.247434534954666
13.075,0.225109094332678
13.076,0.198840196647302
13.077,0.181896722995677
13.078,0.180761161824071
13.079,0.15350825657651
13.08,0.16065554918728
13.081,0.144088186054993
13.082,0.133640344688518
13.083,0.116140827796877
13.084,0.122653980687814
13.085,0.158928392871837
13.086,0.174415168532069
13.087,0.177673290556773
13.088,0.184419630129747
13.089,0.198910946201758
13.09,0.19334637141616
13.091,0.210987245814722
13.092,0.180401438479418
13.093,0.162961453851169
13.094,0.199664398051108
13.095,0.188622209568671
13.096,0.211737404319776
13.097,0.207054875689708
13.098,0.220003050960976
13.099,0.193223686280434
13.1,0.193786771916186
13.101,0.168267813429764
13.102,0.171988121557719
13.103,0.155175516732808
13.104,0.192553074583753
13.105,0.196925427438823
13.106,0.193608520146823
13.107,0.202699036816113
13.108,0.226951648343109
13.109,0.217137684472291
13.11,0.213635848036841
13.111,0.200664377195948
13.112,0.198698556767855
13.113,0.207448557624617
13.114,0.228662441808517
13.115,0.199767226262476
13.116,0.182418655891603
13.117,0.153359482513623
13.118,0.152713451461777
13.119,0.179313835384219
13.12,0.164395648976367
13.121,0.185635768519662
13.122,0.193303411170151
13.123,0.191298820423009
13.124,0.18857293361869
13.125,0.179493836257116
13.126,0.210578549254184
13.127,0.219803920887077
13.128,0.217246339904356
13.129,0.192914069239765
13.13,0.192195948798713
13.131,0.203411421257625
13.132,0.216438388086096
13.133,0.219993147713676
13.134,0.204635445614226
13.135,0.245929104217739
13.136,0.234786104957354
13.137,0.241835040896721
13.138,0.227632226220684
13.139,0.268424864382589
13.14,0.287994070509166
13.141,0.277445558225284
13.142,0.318677669749262
13.143,0.327265702644179
13.144,0.340237076083284
13.145,0.352298894653979
13.146,0.332599556988483
13.147,0.308804028223706
13.148,0.320997966944901
13.149,0.32425480210191
13.15,0.319541395320369
13.151,0.297246692065642
13.152,0.288794901461075
13.153,0.293181709803652
13.154,0.284151271278318
13.155,0.3062989766258
13.156,0.336787694972877
13.157,0.334944808110638
13.158,0.312993353609943
13.159,0.294945404906599
13.16,0.327101521077542
13.161,0.327816328039273
13.162,0.296940576146437
13.163,0.331971755278415
13.164,0.348139751253485
13.165,0.338875557175678
13.166,0.305205440298814
13.167,0.331094308472932
13.168,0.349177950129496
13.169,0.358679898987608
13.17,0.365788922843843
13.171,0.354907594333496
13.172,0.364763482882962
13.173,0.372287703696453
13.174,0.378348779228757
13.175,0.381218751510751
13.176,0.392496079847471
13.177,0.382697639486812
13.178,0.371590627895099
13.179,0.348763725037345
13.18,0.370896417996071
13.181,0.408673090475287
13.182,0.431251127406541
13.183,0.401713069003864
13.184,0.392958004162108
13.185,0.408844750894702
13.186,0.377728400748567
13.187,0.408990430639046
13.188,0.432590615599784
13.189,0.361069175185579
13.19,0.370596348906869
13.191,0.386454682532883
13.192,0.402915726883557
13.193,0.393878988442666
13.194,0.411934687900064
13.195,0.413336103878069
13.196,0.400500844158082
13.197,0.389683639481349
13.198,0.394750013095528
13.199,0.399331931680704
13.2,0.393031778444588
13.201,0.370535796676324
13.202,0.37262536005026
13.203,0.375842283264184
13.204,0.411960646998616
13.205,0.446288679239308
13.206,0.41518461028302
13.207,0.389351433238743
13.208,0.425779267887947
13.209,0.41542091991298
13.21,0.40140804146093
13.211,0.414092636480208
13.212,0.421442712738856
13.213,0.416957387106129
13.214,0.40292048916704
13.215,0.399059947372498
13.216,0.402677888935342
13.217,0.430208486085266
13.218,0.40912205103909
13.219,0.416747047469298
13.22,0.414195072308091
13.221,0.418425372029552
13.222,0.422347712481039
13.223,0.429980188148781
13.224,0.458120930755392
13.225,0.484547315684592
13.226,0.518420701315755
13.227,0.52644303814538
13.228,0.531840588293045
13.229,0.524494030415112
13.23,0.504306413356248
13.231,0.504131592161539
13.232,0.509543720363991
13.233,0.514468884422488
13.234,0.506871386753378
13.235,0.535527726308766
13.236,0.539469287129806
13.237,0.513734246829257
13.238,0.459503063326863
13.239,0.466576070585117
13.24,0.4155534702203
13.241,0.446608925902232
13.242,0.444560350774803
13.243,0.4744371285411
13.244,0.490660788862889
13.245,0.517142647861923
13.246,0.49213754834118
13.247,0.478041951213469
13.248,0.435025168481044
13.249,0.472758527911479
13.25,0.460772837538028
13.251,0.454811572876718
13.252,0.457610950677823
13.253,0.47266068452896
13.254,0.468050590612663
13.255,0.463859302293376
13.256,0.460365653932028
13.257,0.50759621579724
13.258,0.520487466055518
13.259,0.528145016480882
13.26,0.564048460256248
13.261,0.577341744501809
13.262,0.55986940987676
13.263,0.544408310295999
13.264,0.527039427568
13.265,0.542711652402567
13.266,0.521779413248855
13.267,0.511873522691493
13.268,0.535269157665757
13.269,0.551910632394525
13.27,0.581768418019323
13.271,0.575021225325913
13.272,0.564501564788023
13.273,0.555123387123378
13.274,0.559224060701592
13.275,0.545324942241207
13.276,0.563968748515717
13.277,0.566436503767942
13.278,0.589686360443758
13.279,0.637523324114677
13.28,0.657668946086014
13.281,0.686947477959609
13.282,0.717476434803371
13.283,0.699393602106993
13.284,0.712860911602847
13.285,0.706756414984891
13.286,0.676142603497228
13.287,0.677192146295365
13.288,0.661992905364956
13.289,0.670667257550676
13.29,0.663257650530923
13.291,0.660706093538382
13.292,0.658307104689474
13.293,0.673327632840665
13.294,0.67863163241949
13.295,0.700520587241024
13.296,0.67527844471188
13.297,0.693437232387058
13.298,0.683512017562154
13.299,0.701514317118702
13.3,0.69702577401059
13.301,0.678053302929281
13.302,0.684767184682928
13.303,0.685809594217773
13.304,0.702730010303462
13.305,0.708964110674403
13.306,0.725794149933012
13.307,0.724129047028144
13.308,0.733926067142055
13.309,0.735771596703264
13.31,0.710088822008827
13.311,0.736510260907143
13.312,0.730908026469905
13.313,0.762269105642534
13.314,0.769895128810601
13.315,0.808323193178151
13.316,0.792300209468981
13.317,0.787192962477148
13.318,0.819126241011086
13.319,0.834663916545471
13.32,0.802731164434757
13.321,0.804190264498592
13.322,0.75977374046704
13.323,0.780305578232153
13.324,0.813622713797476
13.325,0.775275600947652
13.326,0.766381340592267
13.327,0.76653548328991
13.328,0.758578621263772
13.329,0.735909003012285
13.33,0.763395108193577
13.331,0.780770425106816
13.332,0.773042782059396
13.333,0.748679876915055
13.334,0.775979675649768
13.335,0.762801598433629
13.336,0.804090243141281
13.337,0.787037669689052
13.338,0.736727092542788
13.339,0.745031346723365
13.34,0.763108618743001
13.341,0.767792083599484
13.342,0.739846588768046
13.343,0.739920810500956
13.344,0.716420640624504
13.345,0.708173046665264
13.346,0.709699004209816
13.347,0.692271418544635
13.348,0.706858418411348
13.349,0.70509194436268
13.35,0.666689435218314
13.351,0.668276855922518
13.352,0.645846440574888
13.353,0.651854344824733
13.354,0.649154917692869
13.355,0.654318354541255
13.356,0.647881871363703
13.357,0.649134950180973
13.358,0.647369357085057
13.359,0.706862622959114
13.36,0.713641274969271
13.361,0.776854614516588
13.362,0.779373138612039
13.363,0.782155766792071
13.364,0.79943237762275
13.365,0.781605742323447
13.366,0.768797698972468
13.367,0.779473083980601
13.368,0.747834096340354
13.369,0.739689330254579
13.37,0.76469381380067
13.371,0.780422194793668
13.372,0.796799457126452
13.373,0.826739164081549
13.374,0.821936527378287
13.375,0.82309966799105
13.376,0.79202850394684
13.377,0.802898376307351
13.378,0.797041481885729
13.379,0.775752765906355
13.38,0.806995895822777
13.381,0.800254679137765
13.382,0.789200994248853
13.383,0.783992252344962
13.384,0.750531374471535
13.385,0.736526054372167
13.386,0.761036795056708
13.387,0.771714064815067
13.388,0.787729065563512
13.389,0.802126411774283
13.39,0.848998276708405
13.391,0.830034550552744
13.392,0.827616462868792
13.393,0.815963131306383
13.394,0.821375112341619
13.395,0.834868116259471
13.396,0.843180393173867
13.397,0.866733515570995
13.398,0.898485943554402
13.399,0.92107019535479
13.4,0.915750435358457
13.401,0.89878709783591
13.402,0.893383716909468
13.403,0.898967060251664
13.404,0.837222345434589
13.405,0.866207982487444
13.406,0.879009290206676
13.407,0.879193801847087
13.408,0.915160362629585
13.409,0.913992516916905
13.41,0.917167963229416
13.411,0.961915506960058
13.412,0.991223427747219
13.413,0.974884911976117
13.414,0.972590005747336
13.415,0.965754067758101
13.416,0.97140106011375
13.417,0.959966459220674
13.418,0.994815298538174
13.419,0.97095605296071
13.42,0.993006956029637
13.421,0.974199141442516
13.422,0.965463893010156
13.423,0.977571792623411
13.424,0.966719467695909
13.425,0.987793061152737
13.426,0.984425964421582
13.427,0.9992927377989
13.428,1.0094909771574
13.429,1.00067684538132
13.43,1.00135243569748
13.431,1.00513371731285
13.432,0.98541207014776
13.433,0.963553276522319
13.434,0.945092707373397
13.435,0.925920091036771
13.436,0.925541918221517
13.437,0.919277553162917
13.438,0.935479080764454
13.439,0.93158307780985
13.44,0.948045580091119
13.441,0.925413740429401
13.442,0.93209203806337
13.443,0.938505106196309
13.444,0.935017561971891
13.445,0.903144757135946
13.446,0.939053968706219
13.447,0.968720629571076
13.448,0.976563830133612
13.449,0.995685832657633
13.45,0.991111814172075
13.451,1.00614275122999
13.452,1.00363841358673
13.453,0.990930545263106
13.454,1.01652394666883
13.455,1.00213165692287
13.456,1.04416014737059
13.457,1.06465628144661
13.458,1.07288710454058
13.459,1.08147972380601
13.46,1.07623420625859
13.461,1.08099748854011
13.462,1.06867499035616
13.463,1.06281606195117
13.464,1.072819137119
13.465,1.10026574412528
13.466,1.05209069884939
13.467,1.07184020715782
13.468,1.05657838472372
13.469,1.05911975090684
13.47,1.05515598407094
13.471,1.05765753586794
13.472,1.05985453361375
13.473,1.04501728305646
13.474,1.07722765967932
13.475,1.08043377041516
13.476,1.10017093860675
13.477,1.12528934725835
13.478,1.09654927083866
13.479,1.1121835053241
13.48,1.09034676143697
13.481,1.11868239357787
13.482,1.11628589201926
13.483,1.11453287889224
13.484,1.13642522137558
13.485,1.14316068649581
13.486,1.14922186211782
13.487,1.14713720967581
13.488,1.11879050000699
13.489,1.11137152674786
13.49,1.12498552856993
13.491,1.11761952215686
13.492,1.10037393230086
13.493,1.13389019487855
13.494,1.14990891644587
13.495,1.15977110226462
13.496,1.16321886610086
13.497,1.15242710054013
13.498,1.14930781749903
13.499,1.17409734562602
13.5,1.1524292358658
13.501,1.15026786575924
13.502,1.20531242180923
13.503,1.24808240314668
13.504,1.23230071405846
13.505,1.25027132809211
13.506,1.23914845183825
13.507,1.23818227438387
13.508,1.21963785613832
13.509,1.24020350294705
13.51,1.22536088730437
13.511,1.26122780601596
13.512,1.26713665572711
13.513,1.26196047451812
13.514,1.25224159973439
13.515,1.24094328894973
13.516,1.2079863960262
13.517,1.19870990235799
13.518,1.20859414240973
13.519,1.19162034917672
13.52,1.14377055327345
13.521,1.14409328109133
13.522,1.14388778844828
13.523,1.1217411005418
13.524,1.12276960119302
13.525,1.12913356051113
13.526,1.17552891575657
13.527,1.20173671409203
13.528,1.14638404981514
13.529,1.17345107827828
13.53,1.19691237661243
13.531,1.19667823909209
13.532,1.22583599990797
13.533,1.23182377104915
13.534,1.24004133781164
13.535,1.23009355653578
13.536,1.23236081966533
13.537,1.21364881361167
13.538,1.25226586895644
13.539,1.23166762071695
13.54,1.25401713993641
13.541,1.28885002476695
13.542,1.26478505478464
13.543,1.25996463837565
13.544,1.2679074498635
13.545,1.2573272945669
13.546,1.27115291472127
13.547,1.29889579586937
13.548,1.31936810085991
13.549,1.38757683679733
13.55,1.37229791304443
13.551,1.3491228804945
13.552,1.35512303643277
13.553,1.40316437138412
13.554,1.37102476009527
13.555,1.38829703166532
13.556,1.39557574760035
13.557,1.39734919513685
13.558,1.41032829229424
13.559,1.38796023674715
13.56,1.38962037368423
13.561,1.38916272998465
13.562,1.42101006992659
13.563,1.41845183208945
13.564,1.4101080612008
13.565,1.41889831925018
13.566,1.44482079546577
13.567,1.43478563774826
13.568,1.44252869239779
13.569,1.43616879568579
13.57,1.41209097529203
13.571,1.42356409027659
13.572,1.37364650837632
13.573,1.36318736505107
13.574,1.35608012274892
13.575,1.35417530988544
13.576,1.35006213359867
13.577,1.35495447460491
13.578,1.36679288674202
13.579,1.40240898064345
13.58,1.42028767850205
13.581,1.41295976648913
13.582,1.40611385763315
13.583,1.39335132897797
13.584,1.35298617123893
13.585,1.37107277292139
13.586,1.40426905278776
13.587,1.400080231767
13.588,1.38162433773862
13.589,1.41134180114092
13.59,1.41275052002701
13.591,1.39388172344533
13.592,1.39838927210838
13.593,1.424810993211
13.594,1.42528995529751
13.595,1.40355904566156
13.596,1.3975809234457
13.597,1.37779731125967
13.598,1.35805341777346
13.599,1.37780896419124
13.6,1.36709183004872
13.601,1.37773023613389
13.602,1.39983863216217
13.603,1.40992079503967
13.604,1.36678774525421
13.605,1.34683525143382
13.606,1.35195314132196
13.607,1.36136615223839
13.608,1.3995367344484
13.609,1.40614375530317
13.61,1.43835683971389
13.611,1.46087832079705
13.612,1.46351372210495
13.613,1.42569466482945
13.614,1.42047748457477
13.615,1.41779727765444
13.616,1.39292618760581
13.617,1.38959998602056
13.618,1.38507812385387
13.619,1.37317996650877
13.62,1.39499417423847
13.621,1.43158574980417
13.622,1.40206423095814
13.623,1.41356481167962
13.624,1.41686093481248
13.625,1.4145470080748
13.626,1.38883645211172
13.627,1.39542465407891
13.628,1.42221349988306
13.629,1.43833267562828
13.63,1.40768541239953
13.631,1.40286460699492
13.632,1.38388649173543
13.633,1.41080485353415
13.634,1.4319861537638
13.635,1.42614427424799
13.636,1.40477340396982
13.637,1.39778518819248
13.638,1.40328486462619
13.639,1.39979855484941
13.64,1.40539384913645
13.641,1.39873578876097
13.642,1.40900131852555
13.643,1.41528187893236
13.644,1.39769300705477
13.645,1.39714697419073
13.646,1.44814989828281
13.647,1.46686871235616
13.648,1.42849066486298
13.649,1.42690493068227
13.65,1.43282322299472
13.651,1.43033496401556
13.652,1.45692560560224
13.653,1.45186353048609
13.654,1.44173343993494
13.655,1.40451425354048
13.656,1.40087924099851
13.657,1.39951018404963
13.658,1.44040749690375
13.659,1.4402618086425
13.66,1.46606016710337
13.661,1.48000414655521
13.662,1.47337238855655
13.663,1.47860863564303
13.664,1.47950944083502
13.665,1.49338627978663
13.666,1.50106061456144
13.667,1.51549993078223
13.668,1.51848071225668
13.669,1.53654928311812
13.67,1.51131483790015
13.671,1.52532595370657
13.672,1.55772974970041
13.673,1.5507049101904
13.674,1.54334788163948
13.675,1.53868613099787
13.676,1.54889349863415
13.677,1.55777531008484
13.678,1.5277066062892
13.679,1.54248531422816
13.68,1.56425773207373
13.681,1.5647539627896
13.682,1.55850286300419
13.683,1.50716042238061
13.684,1.50353783624912
13.685,1.52349746674977
13.686,1.52044878820635
13.687,1.51990087401183
13.688,1.53114061333724
13.689,1.5727253506393
13.69,1.56140289661065
13.691,1.56886389187308
13.692,1.58127459163339
13.693,1.58276842173881
13.694,1.55952498761689
13.695,1.55629149322719
13.696,1.57644138338583
13.697,1.57404480350922
13.698,1.59641425364708
13.699,1.59863535291903
13.7,1.602323145631
13.701,1.61402891483654
13.702,1.64007796644014
13.703,1.6112125161195
13.704,1.60377411425048
13.705,1.62772945638675
13.706,1.61443149574097
13.707,1.60750177306727
13.708,1.60374470841338
13.709,1.60674592987345
13.71,1.60654339263529
13.711,1.60202668184171
13.712,1.61191939884748
13.713,1.59352072638347
13.714,1.62691589392391
13.715,1.64455390382779
13.716,1.61775441593992
13.717,1.60876365479817
13.718,1.60146845921946
13.719,1.61548279770297
13.72,1.61302924618123
13.721,1.61067623496884
13.722,1.63581249238968
13.723,1.64669840614268
13.724,1.6575712355714
13.725,1.70028218775477
13.726,1.7050077302905
13.727,1.67487829855293
13.728,1.64503226535636
13.729,1.6713132074124
13.73,1.65133258438439
13.731,1.63620050501613
13.732,1.62451341948476
13.733,1.61024264150491
13.734,1.58253053190133
13.735,1.57297041513254
13.736,1.59533363766514
13.737,1.59345004432938
13.738,1.62071345635599
13.739,1.6258194544354
13.74,1.65171745553444
13.741,1.63662108984697
13.742,1.63766100964705
13.743,1.64897297226367
13.744,1.66680897558984
13.745,1.67358736871965
13.746,1.67479786363158
13.747,1.68246993454637
13.748,1.69005826423016
13.749,1.70626449785418
13.75,1.684100596686
13.751,1.68419063181325
13.752,1.6434000522651
13.753,1.61766616437464
13.754,1.58577289864756
13.755,1.59029278572659
13.756,1.59723119873516
13.757,1.59145745299205
13.758,1.56393906385016
13.759,1.57432580672827
13.76,1.53993975233189
13.761,1.55341467551723
13.762,1.5601641991721
13.763,1.55667266005445
13.764,1.58641241637732
13.765,1.56800504132589
13.766,1.53984469172697
13.767,1.57917582258337
13.768,1.54875491497121
13.769,1.57129328714574
13.77,1.54610240219185
13.771,1.55629395201113
13.772,1.55512006623792
13.773,1.54381613024216
13.774,1.54024559334863
13.775,1.54175620283393
13.776,1.54859881278134
13.777,1.55298746192942
13.778,1.57432568457919
13.779,1.56029284820879
13.78,1.51656480036256
13.781,1.52260383927985
13.782,1.51364856328405
13.783,1.47847493250135
13.784,1.49007435898902
13.785,1.48798386875628
13.786,1.46841305677093
13.787,1.44116485772443
13.788,1.44800406399724
13.789,1.4890706188074
13.79,1.49223626839462
13.791,1.51924283782103
13.792,1.48375085019624
13.793,1.47724583631352
13.794,1.48661766796472
13.795,1.48949442368278
13.796,1.53512349914523
13.797,1.56067535480941
13.798,1.58523868331172
13.799,1.58378123129792
13.8,1.58195310166221
13.801,1.57247765718424
13.802,1.5823419477729
13.803,1.56870706725538
13.804,1.57435547819745
13.805,1.57972046254866
13.806,1.568262618062
13.807,1.5884172048095
13.808,1.58413373084089
13.809,1.60778803901332
13.81,1.61977471203577
13.811,1.64166052955719
13.812,1.61633542224066
13.813,1.62307172553098
13.814,1.63504843997332
13.815,1.61790975299687
13.816,1.64207261622578
13.817,1.6070827939917
13.818,1.56516754572757
13.819,1.56172967111555
13.82,1.56237098707484
13.821,1.56416584512857
13.822,1.57414753578904
13.823,1.56219757698185
13.824,1.59152011706068
13.825,1.60386671163953
13.826,1.60929726208304
13.827,1.60785126972711
13.828,1.65963930378362
13.829,1.67243767617292
13.83,1.67708405427213
13.831,1.71373684170242
13.832,1.70964342746953
13.833,1.6845279841779
13.834,1.67682021104561
13.835,1.66047694732445
13.836,1.6475348984726
13.837,1.66414634368539
13.838,1.65577136891733
13.839,1.69781195225649
13.84,1.7199514522196
13.841,1.72519163227879
13.842,1.76846188379583
13.843,1.74333063742314
13.844,1.76417863635592
13.845,1.74957559152149
13.846,1.77634911073052
13.847,1.7796163640444
13.848,1.76880447845326
13.849,1.73322370505895
13.85,1.68503542580939
13.851,1.65835007737262
13.852,1.6439520402968
13.853,1.66016523809977
13.854,1.68024101495549
13.855,1.69322923830577
13.856,1.73199576358644
13.857,1.69997603297319
13.858,1.65647848453341
13.859,1.67805967571757
13.86,1.69011620428594
13.861,1.69050322148033
13.862,1.69500116030605
13.863,1.67346658634151
13.864,1.70420054993801
13.865,1.71829566208379
13.866,1.71882339910133
13.867,1.726945332988
13.868,1.74452732569098
13.869,1.7655779426647
13.87,1.78474896168556
13.871,1.75636306121239
13.872,1.79892643527092
13.873,1.80444012157644
13.874,1.77346858554241
13.875,1.774851630605
13.876,1.78074106756768
13.877,1.78559134555096
13.878,1.76047677931795
13.879,1.7559113028701
13.88,1.77355707166438
13.881,1.77247111183589
13.882,1.83398856573678
13.883,1.8252816985914
13.884,1.83213975628759
13.885,1.78450919955192
13.886,1.76837764220403
13.887,1.81310426559317
13.888,1.8188162195023
13.889,1.81464958969815
13.89,1.80690432617222
13.891,1.73975084142452
13.892,1.72758874592574
13.893,1.71835191003055
13.894,1.73186932611828
13.895,1.75249895830479
13.896,1.75895478326608
13.897,1.78058769755134
13.898,1.77126519989347
13.899,1.72871359503253
13.9,1.70126159660516
13.901,1.71389714929778
13.902,1.72303009572432
13.903,1.72564935280287
13.904,1.70642866674872
13.905,1.74052083004646
13.906,1.74398423239485
13.907,1.74237460724091
13.908,1.76974665877121
13.909,1.80835148174464
13.91,1.80684659106773
13.911,1.77346621491627
13.912,1.79192706150643
13.913,1.76358154098778
13.914,1.79582874473315
13.915,1.75897944617469
13.916,1.80723044628297
13.917,1.7973377426192
13.918,1.76599253798111
13.919,1.77153261709043
13.92,1.78949542538486
13.921,1.78300992647918
13.922,1.8132756127527
13.923,1.7990233875589
13.924,1.80971430980318
13.925,1.81996751538839
13.926,1.78921320963397
13.927,1.77440736241087
13.928,1.72277079325457
13.929,1.74885582503052
13.93,1.75101121098454
13.931,1.75045148632379
13.932,1.76703081076952
13.933,1.73510421595625
13.934,1.68852777124813
13.935,1.69062230628172
13.936,1.70100103718464
13.937,1.69505703324938
13.938,1.6770451405212
13.939,1.67938548165425
13.94,1.68945822008598
13.941,1.71112715061187
13.942,1.68610087591522
13.943,1.65370130784571
13.944,1.68810807557525
13.945,1.67951896777065
13.946,1.69289964007775
13.947,1.69067336486291
13.948,1.69158711522305
13.949,1.71957884899957
13.95,1.76670660759952
13.951,1.77318845834579
13.952,1.8056637271707
13.953,1.77056038268974
13.954,1.75329883493788
13.955,1.7489393154064
13.956,1.74025726935846
13.957,1.76794622939841
13.958,1.75160973047912
13.959,1.74989807783587
13.96,1.72782368276628
13.961,1.71469886353158
13.962,1.72479507268326
13.963,1.70241411425484
13.964,1.72965410131593
13.965,1.71227519871032
13.966,1.67299369740976
13.967,1.69976587030517
13.968,1.73013635068467
13.969,1.72150285002677
13.97,1.70457810157698
13.971,1.7458521336233
13.972,1.75352760357046
13.973,1.73714894041522
13.974,1.72574818454749
13.975,1.71554779341379
13.976,1.72001627359107
13.977,1.70888247611788
13.978,1.73004020545197
13.979,1.73571282921144
13.98,1.72417880124663
13.981,1.72965695327535
13.982,1.73150391852835
13.983,1.71145326732985
13.984,1.72584266714453
13.985,1.71079843325088
13.986,1.71489149906908
13.987,1.68299607784041
13.988,1.69946062458922
13.989,1.71279974528552
13.99,1.70920065284312
13.991,1.69461893135683
13.992,1.69096560035686
13.993,1.69727449037391
13.994,1.70163480760565
13.995,1.70627943503067
13.996,1.69621232386525
13.997,1.70349715921189
13.998,1.69690499244655
13.999,1.6662114364585
14,1.65813400712807
14.001,1.6714935119075
14.002,1.64727431644875
14.003,1.63651857832259
14.004,1.59528618800657
14.005,1.59203850344447
14.006,1.57369002444626
14.007,1.56699173845211
14.008,1.58632209582038
14.009,1.5802036529851
14.01,1.55390417163609
14.011,1.57924363185307
14.012,1.60901384890453
14.013,1.6377381000876
14.014,1.6215237692563
14.015,1.63882782390675
14.016,1.62017249334004
14.017,1.62918638837108
14.018,1.61708806170539
14.019,1.6331882431028
14.02,1.63730955516375
14.021,1.63129168794827
14.022,1.62921857057233
14.023,1.65139133103125
14.024,1.62548687612405
14.025,1.59998084353786
14.026,1.61241604117297
14.027,1.62183508311537
14.028,1.64481193527439
14.029,1.61772526613465
14.03,1.56527982012415
14.031,1.54868921967819
14.032,1.51437393628082
14.033,1.51716012506217
14.034,1.51398834089263
14.035,1.51901136344682
14.036,1.51409442632831
14.037,1.49709190347291
14.038,1.48363249351499
14.039,1.46801677799122
14.04,1.48943542182745
14.041,1.4609741375514
14.042,1.45829268521094
14.043,1.41529147618276
14.044,1.41532290025351
14.045,1.40338099876944
14.046,1.41141905190596
14.047,1.40845523475564
14.048,1.430997404254
14.049,1.41043430462499
14.05,1.41825523161787
14.051,1.41227375764223
14.052,1.41433179739276
14.053,1.43589239536621
14.054,1.47111957827225
14.055,1.47858088196831
14.056,1.49893835689686
14.057,1.49519595684151
14.058,1.52478788885405
14.059,1.53615617457104
14.06,1.53631339736984
14.061,1.57870056335816
14.062,1.56868423791477
14.063,1.63465642607732
14.064,1.6302676358752
14.065,1.62834190871075
14.066,1.62354516745405
14.067,1.6026305289728
14.068,1.61585720830636
14.069,1.59294341555963
14.07,1.59482075485492
14.071,1.58858944532609
14.072,1.60455045921795
14.073,1.6310514796555
14.074,1.64687779367551
14.075,1.63860956782368
14.076,1.5866361150979
14.077,1.5750186819531
14.078,1.55533308578159
14.079,1.55523886944629
14.08,1.57579756902709
14.081,1.55506418172737
14.082,1.55534751785987
14.083,1.57362745268702
14.084,1.56341529195967
14.085,1.57703993526683
14.086,1.59730289734254
14.087,1.62636579127007
14.088,1.6383226838725
14.089,1.62815523164555
14.09,1.6285453379705
14.091,1.6682276835564
14.092,1.66061730093968
14.093,1.67508520767145
14.094,1.68516385550373
14.095,1.69274732807814
14.096,1.6817228608655
14.097,1.69748278730168
14.098,1.72963178359723
14.099,1.72979310896381
14.1,1.72032628698369
14.101,1.7184607741891
14.102,1.68898422230195
14.103,1.69577776780613
14.104,1.69431889075781
14.105,1.68233483635388
14.106,1.69646319882937
14.107,1.74146975390274
14.108,1.73341283009949
14.109,1.75139097792609
14.11,1.76103154742161
14.111,1.74712326742696
14.112,1.74732876812122
14.113,1.73017278146137
14.114,1.72864896503636
14.115,1.75474178976731
14.116,1.75161937880871
14.117,1.72707742904678
14.118,1.68921876508436
14.119,1.70112508297984
14.12,1.72359057068829
14.121,1.74675976816765
14.122,1.70737122883794
14.123,1.69943055845549
14.124,1.73346024204236
14.125,1.75881428105241
14.126,1.73800308276958
14.127,1.74144080725605
14.128,1.78518546455901
14.129,1.81951786611084
14.13,1.8413123422201
14.131,1.81470334249429
14.132,1.79571677557306
14.133,1.79732462321829
14.134,1.81714080438615
14.135,1.81859145853538
14.136,1.79604146023522
14.137,1.79768849358817
14.138,1.82468438003819
14.139,1.84539032947561
14.14,1.85708126958297
14.141,1.90652481617306
14.142,1.96244880369106
14.143,1.95573684187901
14.144,1.97705925089643
14.145,1.98517959288027
14.146,2.00688924865201
14.147,1.98518732753651
14.148,1.9778577313337
14.149,1.99872429600123
14.15,1.98996596437351
14.151,2.01690675778865
14.152,2.02311424190909
14.153,2.03584356973809
14.154,2.02933364848538
14.155,2.01434997340703
14.156,1.99212427319001
14.157,2.03482042905343
14.158,2.02138669530796
14.159,1.98706970708615
14.16,1.99650734616297
14.161,1.97739255211884
14.162,1.98475253529861
14.163,1.95931939285356
14.164,1.9574901542378
14.165,1.99088975926765
14.166,1.97991092224275
14.167,1.98264597360503
14.168,2.00531884714303
14.169,2.03115905318158
14.17,2.06422744912019
14.171,2.04825901396366
14.172,2.02324184106598
14.173,2.02146365278853
14.174,1.98690955309051
14.175,1.98227439194539
14.176,2.007850200661
14.177,1.9582320758742
14.178,1.97113702822727
14.179,1.95637893619525
14.18,1.96830235300449
14.181,1.9476314067312
14.182,1.94920682753977
14.183,1.92857786544286
14.184,1.88016171558374
14.185,1.91889841687706
14.186,1.91406429926558
14.187,1.90957909599764
14.188,1.90507924801425
14.189,1.9089465948399
14.19,1.94015147345276
14.191,1.94577653332996
14.192,1.94994144579905
14.193,1.94281205961258
14.194,1.92938221802575
14.195,1.94891280164457
14.196,1.97968289731942
14.197,1.96266566412467
14.198,1.96722920810143
14.199,1.98137991882101
14.2,1.99812359603755
14.201,2.00878836500934
14.202,1.99195392476015
14.203,2.0084043893198
14.204,1.99947406279288
14.205,1.97813893598591
14.206,1.98037182741597
14.207,1.99033469361023
14.208,2.04266401239686
14.209,2.05293882724532
14.21,2.06328853341385
14.211,2.07850614260088
14.212,2.09616480777526
14.213,2.09595455065766
14.214,2.08774736109991
14.215,2.10947797080808
14.216,2.07294913190235
14.217,2.06249912799947
14.218,2.05681797186126
14.219,2.0747973246179
14.22,2.06025609928256
14.221,2.06338475029829
14.222,2.08414464531191
14.223,2.09261072336877
14.224,2.10686691280437
14.225,2.10739228026174
14.226,2.07407776274267
14.227,2.06304094073015
14.228,2.04141470038942
14.229,2.03560349823507
14.23,2.000434047611
14.231,2.0497002125447
14.232,2.07352925123567
14.233,2.07195948033756
14.234,2.09219521009271
14.235,2.08029250867353
14.236,2.1134317634191
14.237,2.11119302995947
14.238,2.13073039712942
14.239,2.1429663187737
14.24,2.14711305265521
14.241,2.13202699692525
14.242,2.14627831749849
14.243,2.15864304690947
14.244,2.15473033661086
14.245,2.17967719775412
14.246,2.17142366470777
14.247,2.18449508185281
14.248,2.2012936441085
14.249,2.19249590593451
14.25,2.18419207107893
14.251,2.200927373046
14.252,2.18575386562224
14.253,2.19720846323648
14.254,2.21580677792645
14.255,2.18904612321617
14.256,2.16084303081214
14.257,2.1659532366741
14.258,2.11968447237481
14.259,2.12486989617608
14.26,2.16148644033932
14.261,2.16844005003602
14.262,2.14835395357589
14.263,2.13957781672394
14.264,2.09052868676123
14.265,2.11166606538646
14.266,2.08329596708838
14.267,2.06256271572931
14.268,2.02242729844997
14.269,2.01251047421484
14.27,1.99380011945546
14.271,1.96291009678835
14.272,1.96550731916175
14.273,1.93248599620009
14.274,1.92695046604733
14.275,1.96243134760802
14.276,1.96344392610029
14.277,1.94981837417109
14.278,1.93788153883642
14.279,1.92467436591257
14.28,1.9198719558977
14.281,1.91390300851822
14.282,1.9232571566811
14.283,1.94635983293113
14.284,1.90579129446365
14.285,1.87267178376034
14.286,1.88194874849928
14.287,1.88320776693721
14.288,1.84726271369975
14.289,1.88411065918492
14.29,1.8861643737504
14.291,1.89573052984058
14.292,1.88014492854991
14.293,1.85728516539928
14.294,1.84296373376316
14.295,1.85712859495546
14.296,1.82405006450439
14.297,1.80424647577216
14.298,1.7679537863028
14.299,1.76388497840389
14.3,1.80474428470277
14.301,1.79943464439555
14.302,1.78872502948727
14.303,1.80339646197661
14.304,1.75421823047707
14.305,1.74882364271534
14.306,1.71282977663135
14.307,1.68786994103453
14.308,1.68779752386465
14.309,1.68542219582159
14.31,1.72700951284677
14.311,1.72625028195617
14.312,1.72018814513963
14.313,1.67160500620585
14.314,1.67756710502698
14.315,1.69149994461997
14.316,1.70392081672376
14.317,1.68841970188754
14.318,1.69761599020131
14.319,1.73861399660358
14.32,1.71412658385597
14.321,1.71619325325697
14.322,1.71874913794063
14.323,1.72505772784226
14.324,1.71199758116071
14.325,1.70951922446748
14.326,1.69616643732332
14.327,1.66802593943171
14.328,1.64311169715247
14.329,1.60169218619522
14.33,1.61093832120627
14.331,1.56694701003314
14.332,1.59133248841627
14.333,1.59061932023596
14.334,1.59465212633582
14.335,1.57116968571309
14.336,1.56349032373747
14.337,1.56569918651423
14.338,1.57914070280397
14.339,1.55996064813544
14.34,1.57101453606421
14.341,1.5757245887493
14.342,1.57259936083575
14.343,1.55970586522758
14.344,1.56642394275389
14.345,1.54023167258108
14.346,1.51778399800734
14.347,1.49793106236732
14.348,1.48610278188134
14.349,1.48012902746176
14.35,1.42298894199701
14.351,1.37545178619926
14.352,1.35384036431573
14.353,1.37025807947528
14.354,1.37455812234369
14.355,1.33046468417286
14.356,1.3052289937629
14.357,1.30907130899717
14.358,1.30696540257328
14.359,1.33576368161274
14.36,1.34628389107745
14.361,1.3662971710876
14.362,1.36208474263239
14.363,1.38653158973875
14.364,1.37232718077731
14.365,1.34639095662407
14.366,1.33951186623122
14.367,1.32084385307092
14.368,1.30251778133488
14.369,1.28499535038589
14.37,1.30696165061974
14.371,1.29871975375381
14.372,1.28813895021187
14.373,1.28061671628448
14.374,1.25753086424226
14.375,1.2456503911375
14.376,1.20739354235184
14.377,1.21960258360933
14.378,1.2271036559043
14.379,1.25230445613824
14.38,1.26909070521326
14.381,1.24895510746904
14.382,1.25233986008817
14.383,1.26931498891934
14.384,1.28608352403956
14.385,1.26686171121003
14.386,1.27151921085984
14.387,1.28730642673784
14.388,1.25212310601721
14.389,1.22577326194007
14.39,1.21214489276741
14.391,1.17177473590649
14.392,1.16637645652096
14.393,1.17548598508657
14.394,1.1668441052331
14.395,1.11203566351962
14.396,1.14373991954473
14.397,1.15808354903301
14.398,1.15168061034279
14.399,1.15550050088466
14.4,1.16539754579683
14.401,1.18631161926192
14.402,1.19833310300469
14.403,1.22493747982698
14.404,1.1985792036395
14.405,1.2189754701463
14.406,1.22930460774751
14.407,1.22337268420365
14.408,1.19543500279996
14.409,1.16310698507581
14.41,1.14119276282426
14.411,1.16473901960505
14.412,1.14667994335659
14.413,1.14241627252321
14.414,1.13829531668026
14.415,1.14158055125233
14.416,1.13763072434094
14.417,1.14328905638647
14.418,1.13873138784426
14.419,1.13300000284847
14.42,1.12807118574419
14.421,1.06719284642644
14.422,1.05047738451423
14.423,1.0421032633063
14.424,1.04435846527645
14.425,1.0387894440591
14.426,1.02520484445485
14.427,0.974407831160631
14.428,0.956885515587781
14.429,0.944121425197195
14.43,0.920033454162929
14.431,0.94614092758523
14.432,0.914785251378542
14.433,0.933925853381934
14.434,0.930119215453794
14.435,0.90964430825594
14.436,0.942301870834987
14.437,0.956786571352805
14.438,0.974377341230564
14.439,0.967206761443147
14.44,0.948963062970632
14.441,0.94260382940905
14.442,0.939047270365411
14.443,0.944400147285157
14.444,0.929532869237036
14.445,0.960770052548398
14.446,0.977976360507877
14.447,0.951336617760858
14.448,0.965229065318227
14.449,0.935955822765385
14.45,0.958405326131035
14.451,0.935571400875737
14.452,0.954807396335451
14.453,0.946358556468784
14.454,0.942968058877645
14.455,0.902021050364333
14.456,0.904993797125086
14.457,0.890028321634037
14.458,0.895929695874505
14.459,0.918407649897414
14.46,0.901248791266943
14.461,0.868857954677007
14.462,0.889448646273509
14.463,0.895877743967539
14.464,0.890217249249078
14.465,0.895184931851921
14.466,0.912889975322638
14.467,0.923973019654318
14.468,0.909102617631903
14.469,0.90469128053892
14.47,0.906981755773674
14.471,0.898622648874136
14.472,0.934499646010368
14.473,0.907194118910661
14.474,0.888880570153979
14.475,0.844304643051071
14.476,0.858093747087118
14.477,0.876996337259097
14.478,0.882492059066241
14.479,0.901873475029777
14.48,0.877496494112018
14.481,0.862070410692223
14.482,0.801028808237111
14.483,0.797649879448604
14.484,0.788407622413623
14.485,0.781641212248578
14.486,0.7748266478939
14.487,0.777449137579016
14.488,0.771062139267635
14.489,0.755145435388647
14.49,0.739998344231721
14.491,0.732701929535249
14.492,0.744151918524633
14.493,0.740238936470002
14.494,0.731664466542189
14.495,0.717305537344394
14.496,0.73740489913595
14.497,0.726309687538841
14.498,0.728795783795547
14.499,0.739462966148673
14.5,0.728295541897644
14.501,0.701788419454345
14.502,0.677836586740556
14.503,0.664844498955176
14.504,0.675687657391681
14.505,0.649045546039027
14.506,0.625171238612594
14.507,0.61605481472343
14.508,0.595326609595765
14.509,0.570995252035161
14.51,0.567979072141664
14.511,0.579910487742571
14.512,0.560405592750548
14.513,0.577569489527629
14.514,0.612949388581883
14.515,0.635857613291451
14.516,0.631638143364317
14.517,0.639222142312266
14.518,0.597078722222669
14.519,0.582443625537636
14.52,0.574792498322679
14.521,0.574097562856676
14.522,0.549928971409862
14.523,0.549057608169533
14.524,0.536567687919329
14.525,0.538626658233745
14.526,0.512277789125705
14.527,0.495980382670978
14.528,0.49666154299262
14.529,0.502666372628618
14.53,0.471145258285613
14.531,0.453427438110444
14.532,0.455841432913382
14.533,0.476174850181617
14.534,0.454054466258334
14.535,0.438886491522793
14.536,0.446553009537346
14.537,0.434645509282833
14.538,0.446213855107567
14.539,0.465221490955896
14.54,0.447736413593165
14.541,0.403341497172028
14.542,0.405231970495487
14.543,0.408513983211754
14.544,0.420409906733378
14.545,0.399826535699147
14.546,0.40606016763918
14.547,0.388183149754838
14.548,0.384084460723465
14.549,0.394630998224375
14.55,0.393748800306467
14.551,0.401624854402974
14.552,0.418730910782162
14.553,0.380396204791171
14.554,0.38182090872692
14.555,0.399458822523228
14.556,0.376912493155099
14.557,0.376219361413046
14.558,0.40125351374636
14.559,0.379556467806861
14.56,0.37744746595039
14.561,0.347812387369445
14.562,0.368761415504191
14.563,0.340843765857915
14.564,0.302405090217813
14.565,0.32524224989872
14.566,0.345297439563801
14.567,0.320686483387023
14.568,0.299745262992636
14.569,0.266195993245032
14.57,0.239765101452011
14.571,0.244749857716914
14.572,0.223373581944454
14.573,0.205493837858504
14.574,0.233430164616997
14.575,0.246587309767603
14.576,0.25832310217889
14.577,0.243457831098536
14.578,0.262960284561433
14.579,0.285732419991926
14.58,0.260913124693047
14.581,0.255302862892283
14.582,0.264961471955867
14.583,0.276105873258008
14.584,0.286703993709013
14.585,0.327300730773911
14.586,0.371660097799774
14.587,0.371025948230421
14.588,0.383362689487466
14.589,0.388185346834443
14.59,0.403388911390496
14.591,0.423223063200963
14.592,0.442460263944729
14.593,0.444361701867559
14.594,0.461116331371249
14.595,0.453543239270161
14.596,0.389404066668163
14.597,0.40075973322038
14.598,0.40581390708328
14.599,0.409620486328412
14.6,0.43413418776108
14.601,0.446567298796289
14.602,0.419459851393833
14.603,0.435857182936218
14.604,0.433897211767073
14.605,0.428286884953587
14.606,0.402595734885674
14.607,0.421803366197368
14.608,0.430556485638793
14.609,0.441828519027722
14.61,0.444458953985155
14.611,0.459539003266858
14.612,0.501052222649205
14.613,0.521733300322136
14.614,0.521453557292604
14.615,0.524293588476484
14.616,0.530477140118903
14.617,0.494934120265992
14.618,0.454257438808064
14.619,0.456557326025951
14.62,0.463542004176392
14.621,0.468689257240019
14.622,0.455095010595602
14.623,0.389979953548252
14.624,0.378252233342972
14.625,0.360830705899151
14.626,0.377389678716094
14.627,0.401174899269343
14.628,0.3994783564016
14.629,0.405501283047419
14.63,0.375794881654677
14.631,0.380645000273708
14.632,0.370537995328481
14.633,0.357329290968986
14.634,0.358320702591952
14.635,0.355775291325555
14.636,0.352057465307904
14.637,0.347271862176885
14.638,0.336353678053122
14.639,0.345634544965372
14.64,0.336128542691763
14.641,0.346396876937146
14.642,0.354371652345145
14.643,0.338822756855565
14.644,0.315829093574847
14.645,0.32420498824856
14.646,0.325139174092359
14.647,0.336093913986541
14.648,0.339645157518323
14.649,0.380518971606431
14.65,0.369067870362942
14.651,0.382410075089338
14.652,0.378830656664663
14.653,0.374152033379804
14.654,0.337792899970474
14.655,0.365323926226966
14.656,0.359416933490104
14.657,0.336812421484105
14.658,0.35789004544917
14.659,0.393793935425753
14.66,0.39599536524936
14.661,0.420552558327526
14.662,0.407464616544412
14.663,0.439872829050418
14.664,0.453283026826322
14.665,0.406842223035203
14.666,0.379836855035853
14.667,0.380960388824573
14.668,0.374097652394174
14.669,0.346737477564101
14.67,0.369584397520745
14.671,0.382120749601404
14.672,0.365314849925529
14.673,0.332036204706734
14.674,0.375027297217881
14.675,0.384749893963896
14.676,0.399398533806092
14.677,0.393910034046835
14.678,0.374645196639328
14.679,0.374243297359761
14.68,0.392980532327089
14.681,0.368161521171544
14.682,0.390868531529374
14.683,0.38431776010379
14.684,0.351331253166476
14.685,0.329321355039949
14.686,0.309051270253436
14.687,0.305861962656953
14.688,0.259230479570445
14.689,0.271389346435522
14.69,0.259757751632104
14.691,0.280792665383136
14.692,0.294509460665684
14.693,0.277782333364533
14.694,0.267678677842605
14.695,0.230525357283108
14.696,0.222125033817385
14.697,0.1910019176025
14.698,0.183313142519066
14.699,0.164942970420932
14.7,0.175001885358327
14.701,0.195704987574604
14.702,0.183749595225681
14.703,0.171848338656423
14.704,0.170291445438492
14.705,0.174611734212891
14.706,0.148675003361301
14.707,0.109795444281822
14.708,0.102585687651558
14.709,0.100983229848183
14.71,0.0680220240338599
14.711,0.0918579154156848
14.712,0.0927032770603592
14.713,0.127386947081004
14.714,0.136253261118947
14.715,0.136881994705872
14.716,0.148727777031946
14.717,0.151997569945776
14.718,0.153913465947686
14.719,0.146468643027818
14.72,0.160691381248986
14.721,0.157112034152827
14.722,0.178704542790294
14.723,0.183344870859362
14.724,0.16265765591383
14.725,0.169948365758194
14.726,0.181673148127987
14.727,0.178121837293203
14.728,0.218218819901773
14.729,0.189479469388661
14.73,0.155276261648696
14.731,0.177642506675184
14.732,0.153283833595422
14.733,0.175633325502205
14.734,0.20140451022862
14.735,0.210895410010715
14.736,0.233144036959864
14.737,0.248284116649427
14.738,0.220930578711787
14.739,0.22466140098953
14.74,0.278907729045361
14.741,0.264689574451623
14.742,0.263583785361434
14.743,0.25957416631918
14.744,0.264289584758067
14.745,0.259980078447042
14.746,0.237488110872967
14.747,0.236899762096689
14.748,0.222746373932541
14.749,0.243036511206173
14.75,0.219718980692408
14.751,0.212991150276088
14.752,0.221861674340229
14.753,0.226627749724496
14.754,0.265089331508658
14.755,0.25726523682111
14.756,0.270287278746361
14.757,0.262779394026062
14.758,0.245074777430608
14.759,0.218131477395421
14.76,0.217469979898536
14.761,0.195113631319449
14.762,0.213828169464196
14.763,0.217575227685411
14.764,0.212099894950647
14.765,0.197442714606478
14.766,0.227340235449513
14.767,0.185997069625806
14.768,0.177462570285984
14.769,0.171840098324067
14.77,0.193667007728403
14.771,0.174796141199296
14.772,0.147760733387292
14.773,0.168497322527797
14.774,0.170927222639679
14.775,0.178885452883816
14.776,0.160866796897861
14.777,0.142228051187453
14.778,0.194979589708704
14.779,0.205343164531375
14.78,0.212048511698247
14.781,0.21033433675671
14.782,0.221019533155761
14.783,0.207409337178171
14.784,0.185594804157688
14.785,0.147012941826208
14.786,0.136782608196967
14.787,0.15484947458831
14.788,0.138995752916132
14.789,0.106862870327438
14.79,0.124185608942119
14.791,0.106841059124566
14.792,0.125579859989738
14.793,0.13123350778752
14.794,0.154671318916862
14.795,0.137254156303021
14.796,0.132167905118853
14.797,0.170162569680196
14.798,0.189575012762319
14.799,0.16794396215386
14.8,0.169007782383151
14.801,0.168642188129264
14.802,0.212230583562645
14.803,0.213122413663819
14.804,0.21041472926681
14.805,0.217251684399909
14.806,0.183101810445914
14.807,0.159301385254633
14.808,0.161191348822222
14.809,0.158528066140763
14.81,0.183533497134214
14.811,0.126778936116113
14.812,0.126863990398566
14.813,0.125030430257499
14.814,0.13149341455265
14.815,0.106685175265549
14.816,0.094938442813476
14.817,0.0996267216437846
14.818,0.127132309128025
14.819,0.150622252229534
14.82,0.120112630041195
14.821,0.119049818591823
14.822,0.147086220256462
14.823,0.160312782632863
14.824,0.14821701635582
14.825,0.150127078510116
14.826,0.134330579427295
14.827,0.148477874025072
14.828,0.144333303527001
14.829,0.140995319999861
14.83,0.101253191486105
14.831,0.073625352171522
14.832,0.0809526404832673
14.833,0.0936456871697048
14.834,0.132210884282526
14.835,0.125814976923443
14.836,0.122504858343212
14.837,0.0966903065578785
14.838,0.0826850000314942
14.839,0.0532107395856029
14.84,0.0658543811160248
14.841,0.0612703126276316
14.842,0.0647688636278637
14.843,0.0570803268939456
14.844,0.0289312214011519
14.845,0.0222377797432261
14.846,-0.00279346329068574
14.847,-0.0145135576663739
14.848,-0.02547625400434
14.849,-0.0252902499715697
14.85,-0.00386860310789283
14.851,-0.0173252260335071
14.852,-0.0323236713468337
14.853,0.00163005247726156
14.854,-0.00746818588213591
14.855,-0.0482823462980243
14.856,-0.0870021551317069
14.857,-0.0949006323945694
14.858,-0.121680641400205
14.859,-0.115988839400414
14.86,-0.103443280342521
14.861,-0.0724639215382534
14.862,-0.0495440065390644
14.863,-0.0368365210585958
14.864,-0.0370261746423254
14.865,-0.0434191452548201
14.866,-0.0689666011563149
14.867,-0.093974443702465
14.868,-0.0996232567205683
14.869,-0.0627285211114311
14.87,-0.0702952439850338
14.871,-0.074731249650193
14.872,-0.124143589641324
14.873,-0.192850193886198
14.874,-0.171830984569368
14.875,-0.160290373164441
14.876,-0.158291601124175
14.877,-0.17308364983404
14.878,-0.161228964210129
14.879,-0.146088527157652
14.88,-0.150286865751623
14.881,-0.143842015086152
14.882,-0.113000623205731
14.883,-0.119736337224576
14.884,-0.104566646218701
14.885,-0.137923531659285
14.886,-0.108958276063646
14.887,-0.114228694778579
14.888,-0.107940715050877
14.889,-0.157986876118479
14.89,-0.142298164447749
14.891,-0.153139502263499
14.892,-0.166472569450593
14.893,-0.181062937013076
14.894,-0.190152246320359
14.895,-0.205340036492596
14.896,-0.200366763503295
14.897,-0.174140402561813
14.898,-0.190072002755033
14.899,-0.168435954558805
14.9,-0.155175072531711
14.901,-0.145109083971267
14.902,-0.140316277271295
14.903,-0.156409023966203
14.904,-0.145184864054103
14.905,-0.151927837759188
14.906,-0.129842552191895
14.907,-0.135571929478279
14.908,-0.146623784513281
14.909,-0.192337586509629
14.91,-0.179812449826504
14.911,-0.171437648472833
14.912,-0.169261683413937
14.913,-0.166076388599798
14.914,-0.153621996153256
14.915,-0.146442317565066
14.916,-0.146025122585967
14.917,-0.151153994725621
14.918,-0.150186516189474
14.919,-0.139414913417501
14.92,-0.154962129797059
14.921,-0.132802909430036
14.922,-0.138368035832768
14.923,-0.136290125867505
14.924,-0.122699359770347
14.925,-0.0944577839591175
14.926,-0.0541271337728801
14.927,-0.0285276458449041
14.928,-0.00718229244058589
14.929,-0.019975044246645
14.93,-0.0511650254036744
14.931,-0.0471227215963617
14.932,-0.0916217008508699
14.933,-0.130088039539497
14.934,-0.157441820531404
14.935,-0.160088819573247
14.936,-0.167904502417772
14.937,-0.19293429181913
14.938,-0.200952351252233
14.939,-0.191571152681655
14.94,-0.218834125763175
14.941,-0.221190488982893
14.942,-0.241972992050665
14.943,-0.26071116293986
14.944,-0.259346751006731
14.945,-0.222477283776971
14.946,-0.209818308336788
14.947,-0.238051805319868
14.948,-0.2693817791949
14.949,-0.310334305481459
14.95,-0.287543624627967
14.951,-0.300554496704203
14.952,-0.30545953755214
14.953,-0.266451657534852
14.954,-0.255690960021498
14.955,-0.27117047700696
14.956,-0.260113852481871
14.957,-0.262362417452137
14.958,-0.234614868755999
14.959,-0.242483907651331
14.96,-0.261736209124756
14.961,-0.288951614662357
14.962,-0.285422297253286
14.963,-0.283173600425964
14.964,-0.286801204510937
14.965,-0.271265490928982
14.966,-0.302323121947575
14.967,-0.332199994901086
14.968,-0.323554519916382
14.969,-0.295007092601578
14.97,-0.275839483124503
14.971,-0.284787953497288
14.972,-0.254864079652879
14.973,-0.23582303132267
14.974,-0.246259810027248
14.975,-0.242893483886936
14.976,-0.22454667182555
14.977,-0.177274974321594
14.978,-0.181367084677637
14.979,-0.164412344244386
14.98,-0.156514131211813
14.981,-0.189635652575914
14.982,-0.167061955212339
14.983,-0.170642665283075
14.984,-0.167855882258354
14.985,-0.187587494721539
14.986,-0.160131951570791
14.987,-0.167964836963173
14.988,-0.159553024554053
14.989,-0.144913732342265
14.99,-0.115501538846794
14.991,-0.0919306279133997
14.992,-0.0588496009417167
14.993,-0.0985822376437087
14.994,-0.125173406288929
14.995,-0.118231500803728
14.996,-0.126423933019308
14.997,-0.11887079861263
14.998,-0.113673977092396
14.999,-0.154660593799151
15,-0.171393590028698
15.001,-0.172542573742989
15.002,-0.162585574467266
15.003,-0.149993226528616
15.004,-0.137451476675065
15.005,-0.157347496692697
15.006,-0.157069064164192
15.007,-0.15549624425743
15.008,-0.156781657256536
15.009,-0.147525003304426
15.01,-0.172967877270952
15.011,-0.14066274828637
15.012,-0.149503893426206
15.013,-0.145717344854706
15.014,-0.151816493374449
15.015,-0.150513253109333
15.016,-0.153738071186892
15.017,-0.155895178151102
15.018,-0.15261376481202
15.019,-0.146610225560997
15.02,-0.0873206868299594
15.021,-0.121174403709381
15.022,-0.125885677113302
15.023,-0.125672258526679
15.024,-0.128881880743237
15.025,-0.142862049824458
15.026,-0.154419439595148
15.027,-0.147443271849235
15.028,-0.182117744816625
15.029,-0.168531546895285
15.03,-0.211433547785641
15.031,-0.233272898258931
15.032,-0.194420542648534
15.033,-0.225564074563962
15.034,-0.226572684084884
15.035,-0.20984398849881
15.036,-0.195345909094856
15.037,-0.181593479202687
15.038,-0.177972170690525
15.039,-0.167560852777993
15.04,-0.184317929575327
15.041,-0.181813284694115
15.042,-0.151545389591776
15.043,-0.14235416418416
15.044,-0.144880124420578
15.045,-0.149552626298822
15.046,-0.157229400791235
15.047,-0.157293518773043
15.048,-0.134933995549898
15.049,-0.119848019461826
15.05,-0.128526787341401
15.051,-0.118596151295885
15.052,-0.120876229206503
15.053,-0.150725800147675
15.054,-0.181982166129329
15.055,-0.161202703761161
15.056,-0.152222847305788
15.057,-0.175268814173515
15.058,-0.195908104822209
15.059,-0.212977985372034
15.06,-0.20470526634361
15.061,-0.212117313952693
15.062,-0.196679045782263
15.063,-0.146684277331913
15.064,-0.174014328600261
15.065,-0.170845345520546
15.066,-0.194264915532837
15.067,-0.200528446345338
15.068,-0.216921726831888
15.069,-0.200018096114727
15.07,-0.159107776765567
15.071,-0.176331650122278
15.072,-0.186559498030132
15.073,-0.220111236291003
15.074,-0.212355316597624
15.075,-0.204460091991222
15.076,-0.232158247664092
15.077,-0.194939893921326
15.078,-0.187370722136951
15.079,-0.197567269117048
15.08,-0.18678955094196
15.081,-0.188259068794815
15.082,-0.190122538558262
15.083,-0.223119384428529
15.084,-0.212640120709657
15.085,-0.198296458033931
15.086,-0.187151699182327
15.087,-0.177493965844485
15.088,-0.173075726395131
15.089,-0.154151041089845
15.09,-0.182390842847899
15.091,-0.197724179207789
15.092,-0.196580471024438
15.093,-0.207636072653984
15.094,-0.20229587511742
15.095,-0.198780809218306
15.096,-0.191382552645226
15.097,-0.186987104538117
15.098,-0.150415533664449
15.099,-0.139787218239227
15.1,-0.162183636966658
15.101,-0.149290994635862
15.102,-0.152311506485785
15.103,-0.148858236079256
15.104,-0.165529017777683
15.105,-0.197074577103156
15.106,-0.231389874581583
15.107,-0.236769233976865
15.108,-0.242786345163777
15.109,-0.238749448251371
15.11,-0.219012541729733
15.111,-0.245862596635887
15.112,-0.24988603537005
15.113,-0.247950132568569
15.114,-0.251720289854561
15.115,-0.259730825030722
15.116,-0.24276129696906
15.117,-0.225215266468187
15.118,-0.201902614700843
15.119,-0.223192606453502
15.12,-0.212741433166269
15.121,-0.210981959949883
15.122,-0.165305427741386
15.123,-0.141063984432027
15.124,-0.120432643078586
15.125,-0.129853915879736
15.126,-0.143929190293315
15.127,-0.132525534240179
15.128,-0.140406857641903
15.129,-0.151995491107997
15.13,-0.140083507973359
15.131,-0.124672355830353
15.132,-0.0749500936937198
15.133,-0.102179237806545
15.134,-0.126031357108053
15.135,-0.141327573144382
15.136,-0.142816655809207
15.137,-0.148967717087653
15.138,-0.146269373324209
15.139,-0.128745054646115
15.14,-0.0942920417008441
15.141,-0.0947666340535036
15.142,-0.0819475695160345
15.143,-0.0536828833025798
15.144,-0.0750460765208074
15.145,-0.0716558432055677
15.146,-0.0724036868334885
15.147,-0.0630974148042993
15.148,-0.0645581119477772
15.149,-0.0813531315208261
15.15,-0.0935178928604981
15.151,-0.114135807526448
15.152,-0.121259982624539
15.153,-0.135587799773526
15.154,-0.139163848950416
15.155,-0.149464586914322
15.156,-0.0993068102262163
15.157,-0.10213312892053
15.158,-0.120584182040576
15.159,-0.0854043820726415
15.16,-0.0963374833959099
15.161,-0.0768239984511627
15.162,-0.0736115696293939
15.163,-0.0933064822437034
15.164,-0.0831598994176901
15.165,-0.0809897268380837
15.166,-0.0773940318641222
15.167,-0.0860327297113206
15.168,-0.0525994340898037
15.169,-0.0294719011060903
15.17,-0.00388978892717107
15.171,0.0123030941869429
15.172,0.0103024490856598
15.173,0.015483711955278
15.174,0.0114106075145925
15.175,0.0228364785992061
15.176,0.0263606571663982
15.177,-0.00262872544781107
15.178,0.0176927488216696
15.179,0.0401476648926703
15.18,0.0465855133675625
15.181,0.0727514348247831
15.182,0.0823838133597214
15.183,0.124297978925353
15.184,0.157253451224207
15.185,0.172082523439112
15.186,0.178659794511768
15.187,0.187217239667403
15.188,0.217992586289513
15.189,0.21246442023621
15.19,0.209878326491386
15.191,0.175644088244489
15.192,0.181016466796968
15.193,0.229509795169436
15.194,0.197552989433111
15.195,0.194067519625092
15.196,0.173202972536503
15.197,0.188877968984652
15.198,0.202173924388343
15.199,0.222716613782515
15.2,0.229124782450603
15.201,0.262417885036187
15.202,0.265236011207994
15.203,0.25239087074012
15.204,0.265589181666204
15.205,0.281964355043546
15.206,0.30231088471291
15.207,0.270220292651606
15.208,0.283117281665261
15.209,0.272479564233943
15.21,0.26671908195558
15.211,0.272358439450167
15.212,0.230178167854316
15.213,0.200430340014442
15.214,0.185823971711082
15.215,0.206587053858703
15.216,0.213151624531033
15.217,0.194565851354043
15.218,0.214837184345888
15.219,0.1878211730342
15.22,0.228035771466041
15.221,0.207293470214079
15.222,0.249318977378773
15.223,0.279175557092531
15.224,0.286204633821738
15.225,0.29499307591192
15.226,0.319259009279519
15.227,0.353218903299729
15.228,0.359784361585363
15.229,0.345533777881565
15.23,0.33521020747999
15.231,0.298767577753913
15.232,0.292278051357376
15.233,0.310354431298632
15.234,0.325415521185008
15.235,0.2995073269702
15.236,0.265483350004815
15.237,0.254622193393016
15.238,0.27256306303293
15.239,0.231926915159641
15.24,0.226199834440185
15.241,0.219850283773754
15.242,0.262936686630645
15.243,0.288233313103459
15.244,0.295187453786599
15.245,0.281327728327989
15.246,0.271257057507649
15.247,0.278551819016589
15.248,0.277335368851753
15.249,0.285002557102792
15.25,0.298607898880408
15.251,0.312020266704553
15.252,0.326044533622633
15.253,0.339857384862787
15.254,0.316586277630953
15.255,0.29867630388616
15.256,0.308488419452506
15.257,0.329018969085943
15.258,0.31044106543467
15.259,0.332337076280949
15.26,0.303505766698659
15.261,0.334402580060481
15.262,0.320852199163395
15.263,0.310711993949819
15.264,0.357450153001623
15.265,0.389119545301507
15.266,0.353339141251885
15.267,0.406520719018115
15.268,0.409735431051627
15.269,0.400771303339876
15.27,0.427808761552018
15.271,0.424149777873063
15.272,0.446658059894431
15.273,0.458119562056997
15.274,0.48662987075993
15.275,0.487802889870724
15.276,0.477285830109313
15.277,0.463524956443777
15.278,0.487684474532194
15.279,0.509563840240018
15.28,0.479771824303132
15.281,0.473567060091412
15.282,0.481806671229052
15.283,0.469892528556716
15.284,0.460463340769168
15.285,0.482168605110454
15.286,0.463056686008948
15.287,0.454319836989887
15.288,0.462503005530675
15.289,0.463256772418828
15.29,0.478312356951805
15.291,0.497675063722432
15.292,0.498343594242367
15.293,0.507361109222254
15.294,0.557499628239036
15.295,0.5371673045977
15.296,0.536122677242749
15.297,0.511964053475804
15.298,0.506712257486578
15.299,0.497833914572825
15.3,0.490554835188281
15.301,0.4891557763292
15.302,0.482022217154627
15.303,0.458493631098242
15.304,0.471368984393441
15.305,0.488086804364129
15.306,0.50895984934958
15.307,0.527578099866625
15.308,0.487329144581085
15.309,0.461606852022401
15.31,0.414848645140382
15.311,0.410867202190685
15.312,0.401031392969069
15.313,0.397871449438474
15.314,0.409871521716902
15.315,0.408573880813036
15.316,0.389552476607082
15.317,0.389664390330163
15.318,0.351700115228759
15.319,0.390273069027168
15.32,0.395305883123085
15.321,0.389526441070067
15.322,0.432142701608874
15.323,0.472753818719148
15.324,0.423253883626062
15.325,0.399307119363883
15.326,0.382159066108028
15.327,0.388926401157127
15.328,0.378636272881306
15.329,0.354507470752876
15.33,0.360917147557028
15.331,0.332490100972808
15.332,0.341235345187552
15.333,0.35182195054092
15.334,0.365712917709251
15.335,0.353288606930066
15.336,0.360155700194476
15.337,0.364925981718845
15.338,0.38992960764083
15.339,0.409595353165139
15.34,0.424145698917989
15.341,0.42094766469283
15.342,0.424973895572768
15.343,0.360067061848087
15.344,0.361625128356825
15.345,0.379297268948449
15.346,0.404300162315119
15.347,0.387639356545057
15.348,0.394957449030139
15.349,0.390177533989937
15.35,0.388312277985811
15.351,0.380241577972748
15.352,0.404718854175834
15.353,0.426005761272305
15.354,0.422405142139815
15.355,0.427731019537996
15.356,0.435616496967297
15.357,0.462028734077198
15.358,0.484218138303657
15.359,0.509239122272916
15.36,0.505812694595208
15.361,0.499342439831733
15.362,0.508377578096174
15.363,0.500333451938943
15.364,0.48834668441023
15.365,0.502177353997406
15.366,0.495806716867844
15.367,0.474659640974356
15.368,0.432422854236605
15.369,0.436215681113957
15.37,0.441659076325148
15.371,0.469428532610343
15.372,0.490872152636584
15.373,0.467710451099452
15.374,0.487384640409931
15.375,0.512011138618375
15.376,0.513853814064088
15.377,0.499939585630427
15.378,0.504649708880249
15.379,0.529065115751548
15.38,0.523304591996934
15.381,0.516320953402363
15.382,0.507587508228137
15.383,0.518690787145437
15.384,0.528879338781282
15.385,0.5536067724138
15.386,0.534581731626389
15.387,0.534785316681936
15.388,0.515747161995982
15.389,0.521015667847748
15.39,0.504130929117397
15.391,0.50024705693723
15.392,0.499511628627464
15.393,0.481968038733211
15.394,0.473203082977129
15.395,0.446892980971022
15.396,0.476654166901441
15.397,0.480327446437144
15.398,0.490608042775133
15.399,0.510419295190277
15.4,0.4953058151481
15.401,0.530942177965654
15.402,0.510333381580569
15.403,0.513010555432639
15.404,0.522942606942093
15.405,0.507490951583829
15.406,0.525787657394808
15.407,0.545138436561087
15.408,0.534172845460046
15.409,0.520866821506429
15.41,0.521540860061685
15.411,0.484031004553702
15.412,0.494904885146252
15.413,0.498347690606053
15.414,0.492726533342966
15.415,0.501969420286579
15.416,0.49234347719176
15.417,0.483531522157821
15.418,0.500919001130339
15.419,0.46283180359003
15.42,0.45980791879186
15.421,0.452290186024099
15.422,0.453506036243566
15.423,0.465086173499258
15.424,0.446089996537418
15.425,0.437374235859953
15.426,0.484130936684515
15.427,0.463340573429539
15.428,0.44966528992248
15.429,0.43514146534808
15.43,0.450410007817958
15.431,0.401584144527473
15.432,0.365214972594536
15.433,0.35673673102879
15.434,0.311478326298015
15.435,0.321702328269835
15.436,0.33271576771968
15.437,0.344319942797203
15.438,0.339127495615967
15.439,0.353989329124759
15.44,0.341673065713494
15.441,0.334063360750967
15.442,0.335314254175895
15.443,0.347922119660349
15.444,0.332789230057062
15.445,0.300298844443953
15.446,0.311591045248283
15.447,0.328382166847752
15.448,0.336832099404212
15.449,0.335108741416608
15.45,0.371841565973802
15.451,0.382265550421334
15.452,0.392278878941201
15.453,0.369337213034204
15.454,0.358174979557953
15.455,0.372843761066563
15.456,0.357431384597038
15.457,0.332506377747557
15.458,0.334622616680236
15.459,0.279798501306536
15.46,0.255873789887664
15.461,0.301899696093777
15.462,0.309776902317299
15.463,0.301151069594811
15.464,0.286242958604179
15.465,0.270203981879729
15.466,0.239991984517229
15.467,0.195409586826896
15.468,0.178898129765366
15.469,0.171403311719785
15.47,0.188649610781145
15.471,0.163612724161565
15.472,0.170148661912566
15.473,0.152930047364564
15.474,0.127584151024435
15.475,0.152895139252058
15.476,0.16106401985882
15.477,0.157816345651043
15.478,0.179656807128235
15.479,0.171251154817767
15.48,0.168467941720497
15.481,0.127796240605637
15.482,0.120324371730934
15.483,0.157306054801195
15.484,0.164658438631968
15.485,0.173721584121517
15.486,0.179943750536003
15.487,0.175415389893946
15.488,0.194398017256423
15.489,0.196118670715886
15.49,0.204434301509324
15.491,0.196248008168809
15.492,0.209252638913277
15.493,0.233122380672035
15.494,0.232472736282725
15.495,0.221806788240151
15.496,0.189701749781793
15.497,0.199895452889989
15.498,0.205292536058618
15.499,0.202301963343184
15.5,0.216800485738984
15.501,0.263113207211618
15.502,0.279921891268154
15.503,0.287889301132327
15.504,0.275313360251151
15.505,0.243481679035822
15.506,0.236458580432375
15.507,0.281732847327648
15.508,0.277347373429342
15.509,0.260614137066586
15.51,0.226289013459821
15.511,0.215320190266933
15.512,0.198641984715912
15.513,0.18194404974777
15.514,0.217126072577038
15.515,0.217520041303936
15.516,0.216995078933952
15.517,0.259420484076634
15.518,0.257788830235054
15.519,0.258344027082373
15.52,0.307707205448306
15.521,0.321255052502729
15.522,0.346971762867636
15.523,0.337532027209875
15.524,0.33880526511061
15.525,0.353489490309597
15.526,0.342381580928961
15.527,0.352802521450898
15.528,0.405917599878834
15.529,0.446282594548756
15.53,0.452522816850468
15.531,0.469611526546248
15.532,0.483181716430258
15.533,0.453044167203297
15.534,0.477447338204498
15.535,0.477090916714543
15.536,0.466034099767284
15.537,0.492978122966578
15.538,0.501353512503899
15.539,0.523081811468016
15.54,0.557993100086926
15.541,0.561647379600645
15.542,0.577345918997878
15.543,0.554546242236843
15.544,0.56846915407969
15.545,0.590435904336709
15.546,0.624669406583559
15.547,0.6236049432947
15.548,0.621869261895238
15.549,0.599519574637077
15.55,0.574238735671719
15.551,0.578162731058645
15.552,0.591261715342573
15.553,0.593787801767914
15.554,0.573166562983833
15.555,0.583510535692442
15.556,0.58511822959633
15.557,0.575639195309177
15.558,0.56887341906604
15.559,0.568609888714123
15.56,0.551728035421569
15.561,0.537788285132949
15.562,0.580010498696194
15.563,0.590416657596467
15.564,0.586882579898804
15.565,0.60530802624014
15.566,0.607639889706504
15.567,0.6422768529963
15.568,0.678194131191554
15.569,0.69439069460171
15.57,0.67695330418669
15.571,0.676053779461617
15.572,0.650031365996199
15.573,0.648905143343046
15.574,0.628381764694747
15.575,0.600850057081911
15.576,0.590525343459476
15.577,0.610592803545533
15.578,0.609120044814607
15.579,0.610531978261099
15.58,0.591487357030414
15.581,0.621919314366717
15.582,0.622374722371662
15.583,0.6229557124291
15.584,0.610549298826627
15.585,0.590778452975811
15.586,0.623781004329417
15.587,0.610532208494461
15.588,0.632410010140972
15.589,0.640893773233315
15.59,0.662877342812558
15.591,0.669643082069951
15.592,0.691966625727449
15.593,0.676635342908624
15.594,0.647128291941513
15.595,0.685374114841673
15.596,0.706854868654336
15.597,0.662196847219864
15.598,0.639240969149562
15.599,0.640402923466884
15.6,0.636397832117745
15.601,0.669321914155932
15.602,0.659101202414813
15.603,0.686312975712983
15.604,0.690083872818591
15.605,0.689898274627872
15.606,0.702143961474457
15.607,0.694312038598126
15.608,0.691650212973718
15.609,0.717395503107373
15.61,0.702435020560217
15.611,0.701864020520093
15.612,0.714587981758951
15.613,0.700145877661699
15.614,0.713724630968533
15.615,0.71267726036121
15.616,0.715691737915156
15.617,0.722524364925366
15.618,0.710366858358797
15.619,0.685286468879365
15.62,0.662941470345298
15.621,0.653275427578674
15.622,0.657902047114781
15.623,0.649946588636092
15.624,0.670394936853055
15.625,0.653509330828154
15.626,0.66041595654669
15.627,0.683851590588213
15.628,0.704415421813537
15.629,0.726578743229237
15.63,0.707009347156684
15.631,0.706475864623446
15.632,0.734467094647774
15.633,0.729044713902206
15.634,0.753901488701953
15.635,0.735795482532216
15.636,0.739691225253052
15.637,0.724250465212475
15.638,0.723115730317747
15.639,0.715175638062536
15.64,0.725857340756538
15.641,0.701603708042412
15.642,0.714615104570465
15.643,0.719319863868184
15.644,0.747922242437745
15.645,0.74385262934965
15.646,0.756003212460253
15.647,0.773918989123392
15.648,0.80580087913229
15.649,0.776416279662302
15.65,0.794591850528494
15.651,0.799857809116819
15.652,0.795017030204321
15.653,0.806571860533011
15.654,0.798296886026315
15.655,0.805093216616
15.656,0.838864304491339
15.657,0.846320776856366
15.658,0.864107251004226
15.659,0.880653221874939
15.66,0.864412746599908
15.661,0.859736999627755
15.662,0.897126204636737
15.663,0.883624748252408
15.664,0.928588411364829
15.665,0.880984550271016
15.666,0.872157733818576
15.667,0.834107376569495
15.668,0.844818161353221
15.669,0.837739696602851
15.67,0.820626661556688
15.671,0.851320838601305
15.672,0.875093545686959
15.673,0.885040605396704
15.674,0.904618722277084
15.675,0.887295596817012
15.676,0.878003198146042
15.677,0.871148439749664
15.678,0.868247885787153
15.679,0.896016783914043
15.68,0.893693148279111
15.681,0.891966357662765
15.682,0.897624128163403
15.683,0.900916249120791
15.684,0.933507956513637
15.685,0.942705102265777
15.686,0.932278259627855
15.687,0.925036315765018
15.688,0.910394122599158
15.689,0.90776917025874
15.69,0.923017821516294
15.691,0.94791197409153
15.692,0.935187430175732
15.693,0.951513943557595
15.694,0.976152848456509
15.695,0.980208986936558
15.696,0.973826837577377
15.697,1.00477698118911
15.698,1.05272875988957
15.699,1.00868198707485
15.7,1.03229995938002
15.701,1.00629927387432
15.702,0.996401037506481
15.703,1.02133495277783
15.704,1.04147501629456
15.705,1.04922857537816
15.706,1.01999716001819
15.707,1.03285893042889
15.708,1.03351082560815
15.709,0.983268079558039
15.71,1.0088036706811
15.711,0.979210161010965
15.712,0.988912610348293
15.713,1.00807225390947
15.714,1.02059739390221
15.715,1.02129837879406
15.716,1.01496948141944
15.717,1.02014552678605
15.718,1.01366200088998
15.719,1.01897282118257
15.72,1.01659240366861
15.721,1.00972756655988
15.722,1.02579179075452
15.723,1.00258865232656
15.724,1.01106213896672
15.725,1.01892149859122
15.726,1.01965942773193
15.727,1.00533395907311
15.728,1.02850785690688
15.729,1.01534592813174
15.73,1.05146322312577
15.731,1.03256498989197
15.732,1.03597451450717
15.733,1.02508117954947
15.734,1.03547296894238
15.735,1.00669189491961
15.736,0.987851386720167
15.737,0.982946723454225
15.738,0.940613250162721
15.739,0.951919809443753
15.74,0.974462308901858
15.741,0.97177576661059
15.742,0.970577784658684
15.743,0.951011680748189
15.744,0.980238441514739
15.745,0.987061765844393
15.746,1.00871708281134
15.747,0.971907716492809
15.748,0.972670221695314
15.749,0.963228019509518
15.75,0.988724003913242
15.751,1.00424828745612
15.752,0.975238035612707
15.753,0.996784186916143
15.754,1.02432323914127
15.755,1.04481214772203
15.756,1.07856867808356
15.757,1.05564014068365
15.758,1.06404554430623
15.759,1.06953281930141
15.76,1.07625691932762
15.761,1.06791189000709
15.762,1.07234724145784
15.763,1.07395717213407
15.764,1.10451552969587
15.765,1.09259486594093
15.766,1.10463801598958
15.767,1.12657592150584
15.768,1.12144714557399
15.769,1.14571946170234
15.77,1.12074353885103
15.771,1.13166355868446
15.772,1.16308153211015
15.773,1.18224131537049
15.774,1.26575215386691
15.775,1.22273962714672
15.776,1.20227063854393
15.777,1.21515369282534
15.778,1.22456516776778
15.779,1.23666891161362
15.78,1.2471994261866
15.781,1.24877121937588
15.782,1.28097403297711
15.783,1.29307375108168
15.784,1.28231119947877
15.785,1.27599814953314
15.786,1.26046376597147
15.787,1.27501032106005
15.788,1.25202587926339
15.789,1.20526456444886
15.79,1.20929168366219
15.791,1.19555141357924
15.792,1.17713863126174
15.793,1.17038821308963
15.794,1.1557993915123
15.795,1.13193322427931
15.796,1.12527215960797
15.797,1.09720940938969
15.798,1.07655977396621
15.799,1.07042963069893
15.8,1.06519002863003
15.801,1.04943711868287
15.802,1.08086451669795
15.803,1.12126219566028
15.804,1.09034710649018
15.805,1.0698512374396
15.806,1.06022850587068
15.807,1.07969959419983
15.808,1.07479386738328
15.809,1.05220078810078
15.81,1.04238227638425
15.811,1.04159641149268
15.812,1.0281193355603
15.813,1.06107412819634
15.814,1.09872236930965
15.815,1.05977181333795
15.816,1.04699692959149
15.817,1.03047349133217
15.818,1.03792700717188
15.819,1.06126559876626
15.82,1.08376138810577
15.821,1.06202591063079
15.822,1.04628651242716
15.823,1.02266366312161
15.824,1.01968069371014
15.825,1.00489844080743
15.826,1.02433312348184
15.827,0.997072908457347
15.828,0.965569396509992
15.829,0.964804165381223
15.83,0.921204161191594
15.831,0.929329225680055
15.832,0.953633686778886
15.833,0.949820851157276
15.834,0.989244948284393
15.835,1.02935427142439
15.836,0.997457629171898
15.837,0.968126521334667
15.838,0.946085511969628
15.839,0.948455476736569
15.84,0.950334586637765
15.841,0.957150192732292
15.842,0.952611943291286
15.843,0.957986929356136
15.844,0.97907949370964
15.845,0.974418255148251
15.846,0.956808909772144
15.847,0.946442706260895
15.848,0.939270677114658
15.849,0.957565732710519
15.85,0.937398776823776
15.851,0.936007811579641
15.852,0.8993597992015
15.853,0.875290617347626
15.854,0.896588234109281
15.855,0.871487118894776
15.856,0.868490791183298
15.857,0.867068497239891
15.858,0.893670794286655
15.859,0.867764521137047
15.86,0.881132906290651
15.861,0.920243883148378
15.862,0.954805750333712
15.863,0.966413648369192
15.864,0.957369760210715
15.865,0.930482002504326
15.866,0.925080091981412
15.867,0.925604130577156
15.868,0.885518354224755
15.869,0.897564151603241
15.87,0.868168741094803
15.871,0.896553790606603
15.872,0.881363464041832
15.873,0.854509816007436
15.874,0.879776174959858
15.875,0.906171207049506
15.876,0.922585213648923
15.877,0.937046680695637
15.878,0.949360655895921
15.879,0.969160195147504
15.88,0.944621458172526
15.881,0.938357260219224
15.882,0.917769347637518
15.883,0.914357116563427
15.884,0.882627216049295
15.885,0.894198026160766
15.886,0.882002842094756
15.887,0.891698020966008
15.888,0.897626511820511
15.889,0.900791708342165
15.89,0.926237482647893
15.891,0.899221079100023
15.892,0.900684792170361
15.893,0.888311233523901
15.894,0.896804617399702
15.895,0.857413511085785
15.896,0.840176956662721
15.897,0.843514790573344
15.898,0.847457514049759
15.899,0.858500883405204
15.9,0.850461376168475
15.901,0.831007087903171
15.902,0.804377344164405
15.903,0.717201751591766
15.904,0.714624576763547
15.905,0.704865270573559
15.906,0.703425786920676
15.907,0.691870966318874
15.908,0.719936236028192
15.909,0.701012750386289
15.91,0.705415082224475
15.911,0.718651629632709
15.912,0.736032688531911
15.913,0.751423077679412
15.914,0.765552095891031
15.915,0.789323524015005
15.916,0.745137399503475
15.917,0.714648834923755
15.918,0.721470157542756
15.919,0.712526038670617
15.92,0.699769876828973
15.921,0.701930273888601
15.922,0.680596378355994
15.923,0.704671870952892
15.924,0.751651208897258
15.925,0.787450393909664
15.926,0.761800158357274
15.927,0.760366689983287
15.928,0.760359889654325
15.929,0.747225189840583
15.93,0.726412225226218
15.931,0.718015570547817
15.932,0.739474909409054
15.933,0.749989040311515
15.934,0.780206782719544
15.935,0.802911180825493
15.936,0.780516202458351
15.937,0.743854182886524
15.938,0.767146142202713
15.939,0.778026302037637
15.94,0.773236322627187
15.941,0.763882510228527
15.942,0.793289274415226
15.943,0.825937404247129
15.944,0.797944838787396
15.945,0.824732909490292
15.946,0.790174821053414
15.947,0.810104323066302
15.948,0.80148188607141
15.949,0.790327911292291
15.95,0.772781010142611
15.951,0.761273649938104
15.952,0.774753552237477
15.953,0.76629249024634
15.954,0.733250121167247
15.955,0.692768380476598
15.956,0.681929756272226
15.957,0.671851038779757
15.958,0.648687298691041
15.959,0.683605960176182
15.96,0.69515423641799
15.961,0.698778105196042
15.962,0.651976285256674
15.963,0.702276783431345
15.964,0.716523431132666
15.965,0.696796705415064
15.966,0.699891747275948
15.967,0.652206497797438
15.968,0.693061939470974
15.969,0.693181004550381
15.97,0.6781607692191
15.971,0.642523628421604
15.972,0.643096229393275
15.973,0.661555187131291
15.974,0.647686068005403
15.975,0.60068714751707
15.976,0.603797104157266
15.977,0.599652134186116
15.978,0.63955298487612
15.979,0.635495287047036
15.98,0.562360613470399
15.981,0.58852402718673
15.982,0.58500876564038
15.983,0.611609416990251
15.984,0.634476235089293
15.985,0.614818036691589
15.986,0.572125799037314
15.987,0.579835993666331
15.988,0.547739749069617
15.989,0.531922615926883
15.99,0.532907507329567
15.991,0.551527064587312
15.992,0.560572801854166
15.993,0.591077544239891
15.994,0.613546693038461
15.995,0.604471783773015
15.996,0.600127605831113
15.997,0.580023330555894
15.998,0.628583035816376
15.999,0.647664524040086
16,0.620566551424724
16.001,0.564424806534629
16.002,0.572067145240778
16.003,0.575318052528843
16.004,0.5703207838214
16.005,0.525464980299663
16.006,0.528410024412467
16.007,0.531238154543407
16.008,0.539490670103718
16.009,0.526368605504186
16.01,0.548876373694442
16.011,0.56806576168666
16.012,0.569750902753187
16.013,0.560963431200122
16.014,0.574760840466046
16.015,0.574502121788283
16.016,0.56383794974532
16.017,0.585737757167094
16.018,0.575414566368835
16.019,0.591064706953022
16.02,0.615841116485444
16.021,0.627593508200531
16.022,0.654645252006559
16.023,0.657481150115021
16.024,0.631300198799455
16.025,0.574472747198257
16.026,0.580973885575427
16.027,0.562768537478713
16.028,0.588427098418729
16.029,0.575511198363478
16.03,0.586075710995556
16.031,0.558684869823244
16.032,0.576612610789064
16.033,0.573359618407142
16.034,0.584114365135519
16.035,0.607055727102885
16.036,0.609434397663262
16.037,0.617344398920495
16.038,0.630565822057434
16.039,0.663183170990598
16.04,0.693475385673763
16.041,0.711810117664078
16.042,0.731927921154217
16.043,0.738698351986212
16.044,0.720275158492342
16.045,0.7545218470422
16.046,0.776592192317817
16.047,0.778163070910584
16.048,0.769992391662425
16.049,0.74676523223945
16.05,0.763441825553427
16.051,0.775005915163902
16.052,0.777256958266658
16.053,0.785571632657291
16.054,0.786659581920365
16.055,0.799782475932165
16.056,0.808298202319571
16.057,0.818103306317031
16.058,0.827676047648467
16.059,0.784573435121718
16.06,0.774804731721647
16.061,0.77330150537015
16.062,0.731618558669056
16.063,0.71025259292928
16.064,0.699313234379102
16.065,0.687862867671106
16.066,0.679065064274856
16.067,0.704406491405447
16.068,0.696058834454271
16.069,0.672809660226528
16.07,0.675405023684618
16.071,0.65509639671385
16.072,0.667741584626872
16.073,0.678538566942403
16.074,0.652003967871908
16.075,0.605022854877758
16.076,0.662398866999309
16.077,0.660840980420111
16.078,0.645478251027355
16.079,0.666448103944263
16.08,0.678027933095064
16.081,0.675437794625505
16.082,0.691111065901522
16.083,0.652185380021803
16.084,0.629715068106346
16.085,0.657237611642174
16.086,0.627681133329871
16.087,0.644452683779815
16.088,0.65926141041643
16.089,0.674956959914975
16.09,0.684934544915112
16.091,0.697902793306936
16.092,0.739141931164134
16.093,0.739725048355621
16.094,0.717404365172535
16.095,0.701393318995403
16.096,0.677989632830689
16.097,0.678366594583745
16.098,0.642311224492636
16.099,0.639303623203827
16.1,0.633964084782359
16.101,0.670539115383339
16.102,0.677730276681959
16.103,0.680854142631786
16.104,0.669962849135534
16.105,0.652058314655232
16.106,0.633038107579442
16.107,0.659083367563927
16.108,0.632157285535004
16.109,0.646853619085213
16.11,0.62201938530036
16.111,0.627194474676308
16.112,0.601962693422847
16.113,0.637908473010066
16.114,0.61064887077223
16.115,0.621211052898919
16.116,0.64307082938739
16.117,0.62292216332616
16.118,0.617757317150768
16.119,0.601069464995976
16.12,0.600371887693563
16.121,0.617886367342852
16.122,0.607768926598977
16.123,0.595539294374013
16.124,0.593750675689554
16.125,0.567000313728438
16.126,0.583717868670796
16.127,0.573992167551123
16.128,0.578142825910384
16.129,0.58314547930551
16.13,0.575303073841804
16.131,0.531958240766812
16.132,0.540598984318995
16.133,0.496896297737989
16.134,0.460412168799274
16.135,0.482025673194214
16.136,0.487640691395151
16.137,0.459008138117358
16.138,0.433331104871207
16.139,0.445556954258758
16.14,0.47310067929703
16.141,0.464524625693789
16.142,0.444280804584093
16.143,0.450812699157045
16.144,0.44004847315207
16.145,0.425499686780714
16.146,0.414801122894771
16.147,0.45990793772404
16.148,0.49387848226731
16.149,0.516781525593252
16.15,0.487661785366244
16.151,0.510911733484877
16.152,0.517283002800055
16.153,0.514020427904504
16.154,0.558757967402787
16.155,0.554055760559309
16.156,0.577123322502718
16.157,0.598417712762899
16.158,0.601890984202324
16.159,0.605594475432008
16.16,0.640570371580857
16.161,0.662931704034451
16.162,0.654573449638887
16.163,0.678839753267918
16.164,0.664484777239938
16.165,0.636209620554453
16.166,0.682467166069665
16.167,0.693237255949278
16.168,0.672007558824083
16.169,0.625842268782687
16.17,0.676572439624217
16.171,0.715374758539502
16.172,0.754406916962363
16.173,0.75538157386804
16.174,0.812432682582546
16.175,0.799824841060633
16.176,0.739735715064367
16.177,0.758950984648325
16.178,0.798246407275467
16.179,0.810176324845279
16.18,0.798715990887842
16.181,0.819452851166542
16.182,0.820100299565829
16.183,0.853460941644385
16.184,0.885483959800744
16.185,0.87276417536911
16.186,0.917747411647462
16.187,0.929572140343736
16.188,0.940031898994927
16.189,0.971199303631806
16.19,1.01465614322248
16.191,1.02434229210343
16.192,0.990004740886983
16.193,0.993656570866415
16.194,1.00029296190535
16.195,1.02454156273384
16.196,1.06397473874963
16.197,1.05205193383941
16.198,1.04957829204451
16.199,1.06736043399579
16.2,1.07462316536429
16.201,1.06108280120909
16.202,1.06342243995264
16.203,1.0593838826313
16.204,1.03728617092885
16.205,1.05461561511534
16.206,1.07262045774568
16.207,1.06180356595911
16.208,1.05478454359752
16.209,1.07349348332796
16.21,1.05445339080366
16.211,1.05348305905093
16.212,1.05846564762129
16.213,1.0286287605754
16.214,1.03589021211032
16.215,0.994486762668139
16.216,0.942717033438883
16.217,0.94535640032671
16.218,0.941075831917226
16.219,0.971030265660475
16.22,0.998389120038805
16.221,0.984395687839046
16.222,0.975106221578689
16.223,0.944794472833106
16.224,0.94858121760674
16.225,0.945727991921488
16.226,0.969948237570568
16.227,0.966311307595029
16.228,0.954891350659694
16.229,0.915343067781701
16.23,0.919036734348335
16.231,0.917824718658159
16.232,0.917214027084405
16.233,0.870689170066507
16.234,0.872682186081414
16.235,0.825462035826393
16.236,0.848431953912638
16.237,0.88024252263143
16.238,0.893206205918555
16.239,0.862082547573745
16.24,0.870498483246752
16.241,0.847451358296759
16.242,0.845909497853992
16.243,0.845658417972797
16.244,0.874843341890374
16.245,0.8909455909142
16.246,0.889770373697867
16.247,0.914123870700648
16.248,0.899865091482722
16.249,0.894229453053562
16.25,0.866022011162678
16.251,0.848819546584164
16.252,0.867062393909494
16.253,0.864826529095638
16.254,0.883581772966362
16.255,0.880450677036942
16.256,0.871759775203453
16.257,0.848790267284971
16.258,0.833078852969671
16.259,0.818132602167137
16.26,0.78943790080717
16.261,0.764870207362868
16.262,0.772735645000692
16.263,0.727752271281549
16.264,0.676327064205494
16.265,0.681697631984924
16.266,0.658859620260056
16.267,0.656604718438825
16.268,0.692765687613426
16.269,0.680093071403883
16.27,0.679387715815404
16.271,0.702107319617192
16.272,0.69374066697627
16.273,0.70036198733093
16.274,0.699543367078772
16.275,0.722242078840694
16.276,0.728487302448783
16.277,0.735486199567377
16.278,0.679360862087076
16.279,0.715019856511885
16.28,0.742385464352869
16.281,0.726082524841109
16.282,0.692677545311852
16.283,0.693339911268826
16.284,0.681461882799656
16.285,0.676209602392813
16.286,0.673480771509666
16.287,0.672820010004253
16.288,0.674310177885301
16.289,0.649752768968004
16.29,0.619643729507498
16.291,0.645034699684161
16.292,0.683370012459333
16.293,0.667351734165383
16.294,0.641121041877947
16.295,0.641814021382098
16.296,0.619427772206608
16.297,0.618708935222145
16.298,0.599377147977923
16.299,0.617998464617688
16.3,0.669066739223645
16.301,0.663378792616578
16.302,0.633638168210487
16.303,0.622659834614247
16.304,0.635196853882472
16.305,0.655718854325836
16.306,0.68201094323373
16.307,0.736979346777925
16.308,0.715828575885681
16.309,0.732902356418879
16.31,0.701888835253507
16.311,0.701875117702145
16.312,0.675088227707458
16.313,0.663305453861929
16.314,0.647015441766803
16.315,0.642281981352854
16.316,0.624373700768215
16.317,0.611543624810811
16.318,0.595106137133115
16.319,0.588924210331364
16.32,0.607753332673684
16.321,0.595918228310565
16.322,0.581502460928718
16.323,0.607489332852118
16.324,0.583325702930437
16.325,0.601733996400053
16.326,0.603731327112882
16.327,0.616998372189618
16.328,0.63309280746398
16.329,0.647754298608955
16.33,0.661952889125508
16.331,0.652928282153562
16.332,0.628692535509183
16.333,0.638671177399026
16.334,0.648553870514099
16.335,0.669276565338402
16.336,0.666591609031414
16.337,0.65164074198972
16.338,0.662667036007281
16.339,0.694907464795177
16.34,0.673158154234835
16.341,0.64883262973229
16.342,0.662937358202362
16.343,0.641821148946563
16.344,0.626539050344377
16.345,0.622134023146827
16.346,0.619257129258912
16.347,0.636180236236662
16.348,0.654140422668544
16.349,0.648054698113764
16.35,0.633604534829572
16.351,0.617526813591433
16.352,0.60083740592179
16.353,0.600602075229013
16.354,0.569880008557436
16.355,0.57055021399712
16.356,0.595482109399828
16.357,0.570912242644494
16.358,0.553273320033674
16.359,0.558585018041664
16.36,0.560624466241476
16.361,0.513816603335482
16.362,0.501763291197852
16.363,0.458621842501937
16.364,0.458683311703812
16.365,0.480215207986775
16.366,0.498707125457715
16.367,0.499896763754535
16.368,0.473264780590534
16.369,0.488602848853544
16.37,0.534154670092977
16.371,0.555811342325845
16.372,0.520824151140818
16.373,0.483759068062642
16.374,0.482264230306523
16.375,0.487565173246386
16.376,0.489067875706494
16.377,0.46404936519105
16.378,0.444108388842535
16.379,0.448367102666391
16.38,0.461634576673566
16.381,0.44349847364576
16.382,0.444371278970818
16.383,0.453934067690832
16.384,0.43833483318244
16.385,0.431648676049254
16.386,0.420658686597744
16.387,0.412050515432349
16.388,0.423898258135188
16.389,0.421570279819507
16.39,0.40839337485914
16.391,0.453485106235282
16.392,0.44944963618801
16.393,0.473967768022052
16.394,0.462554583759179
16.395,0.479795382309556
16.396,0.463261521303751
16.397,0.453577260516226
16.398,0.500789910120446
16.399,0.515550671818603
16.4,0.520190279133784
16.401,0.524679071217118
16.402,0.576296397427131
16.403,0.568481757171266
16.404,0.573792856474071
16.405,0.536742736192596
16.406,0.556355579124494
16.407,0.553191903818528
16.408,0.554422765367158
16.409,0.596425389161841
16.41,0.570298992257291
16.411,0.613484374508772
16.412,0.622489994199281
16.413,0.661052187473225
16.414,0.647874069445085
16.415,0.618139033713522
16.416,0.647482941805636
16.417,0.687421526631287
16.418,0.687688977191603
16.419,0.726015207925035
16.42,0.723291031952196
16.421,0.731084040339096
16.422,0.76130704912641
16.423,0.791754126442005
16.424,0.785560084065191
16.425,0.790329414314144
16.426,0.792766021789038
16.427,0.786303729877482
16.428,0.773609755262023
16.429,0.752948071498589
16.43,0.759389279251197
16.431,0.754163345489803
16.432,0.711907906200171
16.433,0.728364186170905
16.434,0.736934939110277
16.435,0.736870991759037
16.436,0.7306415208678
16.437,0.764413954921804
16.438,0.801028670955649
16.439,0.796123601457405
16.44,0.78194119317983
16.441,0.789782233142169
16.442,0.775974608479851
16.443,0.783722121514391
16.444,0.830229202869698
16.445,0.831641701803506
16.446,0.839711863473476
16.447,0.883582145651191
16.448,0.895214705721201
16.449,0.89534048106465
16.45,0.927035235835723
16.451,0.912147566450351
16.452,0.93080238330284
16.453,0.915260481251709
16.454,0.90959000337184
16.455,0.892080364005516
16.456,0.895182227963699
16.457,0.934633073420381
16.458,0.926675354339536
16.459,0.936719464605467
16.46,0.930460427449215
16.461,0.918800368189283
16.462,0.920611842476174
16.463,0.9057151869517
16.464,0.930986489254655
16.465,0.929132367228756
16.466,0.926194287845618
16.467,0.922938615445614
16.468,0.913874252003244
16.469,0.871097389840992
16.47,0.853936776389206
16.471,0.853874272830544
16.472,0.827725985309635
16.473,0.869184015777726
16.474,0.880465061565431
16.475,0.907547230978592
16.476,0.910434090550082
16.477,0.91383759987248
16.478,0.923321137133282
16.479,0.954008766636262
16.48,0.919611893780894
16.481,0.905741312649839
16.482,0.899647650044135
16.483,0.838081325787356
16.484,0.843072860315577
16.485,0.818052499768362
16.486,0.785460831860608
16.487,0.782835388305422
16.488,0.785067501522311
16.489,0.797366182617422
16.49,0.797450031657486
16.491,0.82078702921737
16.492,0.832163459190194
16.493,0.841183656822676
16.494,0.852529074030176
16.495,0.86989055577756
16.496,0.867029200031683
16.497,0.848674644861899
16.498,0.859291026087714
16.499,0.871346184680118
16.5,0.845347092860614
16.501,0.877499494903304
16.502,0.899563681984588
16.503,0.883602840389823
16.504,0.88500480638176
16.505,0.856343369874804
16.506,0.86547837149047
16.507,0.877641910159273
16.508,0.860043383451398
16.509,0.891075837647258
16.51,0.893407524713648
16.511,0.893820605868263
16.512,0.882704597016047
16.513,0.892704732908339
16.514,0.920928765802521
16.515,0.938226021699214
16.516,0.927613162572455
16.517,0.922031686678097
16.518,0.905834568712948
16.519,0.908011254262425
16.52,0.87422930956733
16.521,0.89086892944203
16.522,0.888619037332161
16.523,0.889213582334549
16.524,0.88260593562637
16.525,0.933188525670704
16.526,0.925867176109846
16.527,0.904715410785087
16.528,0.941224616546969
16.529,0.958726979781778
16.53,0.937512245207392
16.531,0.920097161165074
16.532,0.918900439061903
16.533,0.905966149073383
16.534,0.940762917876682
16.535,0.944663664062045
16.536,0.94844604220825
16.537,0.953758320824222
16.538,0.974027344850223
16.539,0.966895278154793
16.54,0.963961267445137
16.541,0.978970871041035
16.542,0.980065962878123
16.543,1.00201237715443
16.544,0.982983372570409
16.545,0.989847327279577
16.546,0.979182878121165
16.547,0.995632773670374
16.548,0.981188787769401
16.549,0.963335456152326
16.55,0.974062805982469
16.551,0.977798639012643
16.552,0.967414842742459
16.553,0.952312933195717
16.554,0.915319241669339
16.555,0.946940052592184
16.556,0.926374932954009
16.557,0.929291807353833
16.558,0.939630011630952
16.559,0.92642977527271
16.56,0.871202488922064
16.561,0.903432225271495
16.562,0.876500943113438
16.563,0.881961497222281
16.564,0.899302866708601
16.565,0.938570201191787
16.566,0.953632100038418
16.567,0.941453307038064
16.568,0.910456145213764
16.569,0.93738832571499
16.57,0.936473604708359
16.571,0.953078125090303
16.572,0.986179053275908
16.573,0.99496705807299
16.574,0.977717574338332
16.575,0.972577555750929
16.576,0.974903001088114
16.577,0.998524780573563
16.578,1.03995563354643
16.579,1.03070636134511
16.58,1.0556644699125
16.581,1.06800495968398
16.582,1.07858857345467
16.583,1.09121645850797
16.584,1.14340677422074
16.585,1.16540982520609
16.586,1.1551072844581
16.587,1.13902940741673
16.588,1.13557110529049
16.589,1.1675792027795
16.59,1.18336453006148
16.591,1.168081799827
16.592,1.18398780347213
16.593,1.20126150741044
16.594,1.20222825634202
16.595,1.17937485931147
16.596,1.16936051785538
16.597,1.18751349328485
16.598,1.21329189886376
16.599,1.21882652464143
16.6,1.2086765496808
16.601,1.19615894720423
16.602,1.22894617495801
16.603,1.24046180571489
16.604,1.24209693776252
16.605,1.19688162769151
16.606,1.25708041343927
16.607,1.27759163763392
16.608,1.30680434117023
16.609,1.26613943277578
16.61,1.28855107593286
16.611,1.30579775614608
16.612,1.2861255567589
16.613,1.28254365481353
16.614,1.2541566862107
16.615,1.28126606008348
16.616,1.29804265572038
16.617,1.28378449637287
16.618,1.28529850764301
16.619,1.29353092065398
16.62,1.33802419494481
16.621,1.31014432234953
16.622,1.33398589695153
16.623,1.33435363318936
16.624,1.3141870490127
16.625,1.34185384588675
16.626,1.37345568784284
16.627,1.37524797727855
16.628,1.38743522827249
16.629,1.37014227746671
16.63,1.33035618011303
16.631,1.3246424508369
16.632,1.3093565321951
16.633,1.31108104708451
16.634,1.32152819866852
16.635,1.33964119271185
16.636,1.34468582804877
16.637,1.35905971192611
16.638,1.35467858947894
16.639,1.3542403009273
16.64,1.3583536666081
16.641,1.37235517081042
16.642,1.3779095142284
16.643,1.38510044599748
16.644,1.40163330004473
16.645,1.43756824671524
16.646,1.40610165148077
16.647,1.40647925096537
16.648,1.43046008721674
16.649,1.45330016314065
16.65,1.47149836084699
16.651,1.44092139913934
16.652,1.47137378210715
16.653,1.49863483669696
16.654,1.5131741983076
16.655,1.50089490505533
16.656,1.51084230615204
16.657,1.52835865714226
16.658,1.51511517866231
16.659,1.48751082375058
16.66,1.46450994987184
16.661,1.46004481853719
16.662,1.44894654486423
16.663,1.46714365914857
16.664,1.47335834282167
16.665,1.48879072470063
16.666,1.51530610124719
16.667,1.53976776287952
16.668,1.51498362486728
16.669,1.48923520970206
16.67,1.50216206455504
16.671,1.47881421899092
16.672,1.46765768977529
16.673,1.45122121826641
16.674,1.49772761639672
16.675,1.51443849860532
16.676,1.53736673377143
16.677,1.53945086296071
16.678,1.53050658472293
16.679,1.52576158224787
16.68,1.55234421102075
16.681,1.56374620717146
16.682,1.5361189031957
16.683,1.53036515982254
16.684,1.56067322218686
16.685,1.52761702077008
16.686,1.54659196218943
16.687,1.53522887383182
16.688,1.5141852067015
16.689,1.54042196110466
16.69,1.55880789622995
16.691,1.60561894013353
16.692,1.62073700160401
16.693,1.62455612831209
16.694,1.61695929625893
16.695,1.64457208417256
16.696,1.66621486406214
16.697,1.67875660129688
16.698,1.68949787406953
16.699,1.71497269788406
16.7,1.69412874247298
16.701,1.68684964593172
16.702,1.67409174050803
16.703,1.65278939703099
16.704,1.64012734808814
16.705,1.62675343110382
16.706,1.63720025466936
16.707,1.61849562935058
16.708,1.61199409962782
16.709,1.58862907940025
16.71,1.58245528517642
16.711,1.56298440307719
16.712,1.59606505363493
16.713,1.60318005138993
16.714,1.63153950372681
16.715,1.606342555009
16.716,1.60344930230865
16.717,1.61127453794884
16.718,1.63446650808152
16.719,1.62240180076208
16.72,1.59755509067499
16.721,1.58994122721149
16.722,1.57354140160268
16.723,1.57652139622715
16.724,1.57263532510825
16.725,1.61664794889143
16.726,1.62252478358832
16.727,1.63654617126554
16.728,1.63683482495029
16.729,1.64130462225799
16.73,1.61057911634164
16.731,1.59442278631869
16.732,1.61949368354684
16.733,1.60782565177418
16.734,1.59241587406683
16.735,1.58426724222804
16.736,1.57414301409934
16.737,1.58094155465293
16.738,1.61466121491565
16.739,1.61016388330289
16.74,1.6613909530691
16.741,1.68109337959047
16.742,1.69140293013924
16.743,1.7274950098443
16.744,1.7546255777775
16.745,1.73426841019367
16.746,1.71512801169701
16.747,1.69793421670565
16.748,1.74309807269479
16.749,1.72171929213337
16.75,1.70805982313992
16.751,1.71095883453476
16.752,1.69380584922377
16.753,1.71685658544276
16.754,1.71293712458291
16.755,1.71840497068121
16.756,1.69767682422973
16.757,1.64976100988871
16.758,1.63108381500996
16.759,1.63367247519821
16.76,1.66081143446319
16.761,1.6812699004631
16.762,1.68438765138398
16.763,1.62760914777807
16.764,1.60963939652675
16.765,1.5785131091406
16.766,1.56104138031062
16.767,1.55280627253369
16.768,1.51749918944961
16.769,1.52481044528215
16.77,1.52969221744025
16.771,1.51145692961283
16.772,1.49462114074638
16.773,1.45017575145929
16.774,1.44270810440462
16.775,1.48492388053205
16.776,1.49499883532862
16.777,1.52264616029609
16.778,1.52443525920039
16.779,1.52401330078441
16.78,1.52130607058818
16.781,1.54346127785759
16.782,1.55534509122256
16.783,1.5574232694316
16.784,1.53260982387875
16.785,1.51910414040505
16.786,1.48336556670734
16.787,1.44355240023581
16.788,1.43911852218003
16.789,1.42147209793885
16.79,1.39653277949342
16.791,1.37942506033438
16.792,1.3632826893001
16.793,1.36776901705728
16.794,1.36785528052537
16.795,1.32117399878157
16.796,1.32250198218587
16.797,1.29617313620204
16.798,1.30927646763871
16.799,1.31063108150906
16.8,1.31771560665435
16.801,1.28972943654351
16.802,1.31496391441607
16.803,1.29606880955537
16.804,1.30704168127911
16.805,1.33938275769541
16.806,1.35070728599344
16.807,1.32635406256283
16.808,1.36381518721344
16.809,1.37581916897383
16.81,1.37758061852336
16.811,1.36991214015768
16.812,1.38191828917086
16.813,1.35743385401801
16.814,1.33960464636174
16.815,1.32838615399905
16.816,1.30461472720709
16.817,1.31035315445477
16.818,1.30581520018806
16.819,1.2548500621188
16.82,1.2707313935066
16.821,1.22448623925791
16.822,1.208279735836
16.823,1.21315037822206
16.824,1.25195310990525
16.825,1.24998936208648
16.826,1.28129821283629
16.827,1.29615435219188
16.828,1.28045369351725
16.829,1.30079733710565
16.83,1.29904601066352
16.831,1.30023316538145
16.832,1.30267859142183
16.833,1.30000880231908
16.834,1.29468921661235
16.835,1.2888058421275
16.836,1.2656811702486
16.837,1.25211706004611
16.838,1.25933736769898
16.839,1.28538290697338
16.84,1.28257671569593
16.841,1.28068125328949
16.842,1.2646017068176
16.843,1.25356551083225
16.844,1.2920039851109
16.845,1.2667810036061
16.846,1.24269195414054
16.847,1.23755616075075
16.848,1.23727946251105
16.849,1.23836320115127
16.85,1.21386918396801
16.851,1.23503652827665
16.852,1.24882998600881
16.853,1.25152365828206
16.854,1.23998209984443
16.855,1.24796531539126
16.856,1.25384542352879
16.857,1.23746059760956
16.858,1.2423467213829
16.859,1.24798634500206
16.86,1.22650133077766
16.861,1.21368432722627
16.862,1.18784709681995
16.863,1.18722999861542
16.864,1.1950904324514
16.865,1.18808727686018
16.866,1.1716863342459
16.867,1.16854877267915
16.868,1.13534633607209
16.869,1.15072704798907
16.87,1.15875179143855
16.871,1.13978984690039
16.872,1.13651029846954
16.873,1.11425107920014
16.874,1.10282605469196
16.875,1.07649538728409
16.876,1.05978497071136
16.877,1.06006294641443
16.878,1.06110507832666
16.879,1.07601798686377
16.88,1.05315161962562
16.881,1.06762432101952
16.882,1.06932121753372
16.883,1.08438276315749
16.884,1.08208955743426
16.885,1.06500118124879
16.886,1.06023690706985
16.887,1.07504501373888
16.888,1.10862187664812
16.889,1.09378412695702
16.89,1.08686096362938
16.891,1.05367226251172
16.892,1.01631800538073
16.893,1.01747256754418
16.894,1.01960371781755
16.895,1.03628171052016
16.896,1.04357740452377
16.897,1.08175368714855
16.898,1.07804042558331
16.899,1.12723431566355
16.9,1.12872238684964
16.901,1.15640332269613
16.902,1.124064509368
16.903,1.11640924286117
16.904,1.09813599099933
16.905,1.11273621685819
16.906,1.1100586667396
16.907,1.13694525211291
16.908,1.1483700202051
16.909,1.15552274657806
16.91,1.17456237884776
16.911,1.18987955141238
16.912,1.18989174383289
16.913,1.1697355037742
16.914,1.14891000723532
16.915,1.14193221820791
16.916,1.12718953390795
16.917,1.13941357024465
16.918,1.16504355851662
16.919,1.16449883292664
16.92,1.1775080147138
16.921,1.19229101284715
16.922,1.18651995092625
16.923,1.18319442955733
16.924,1.13911471511697
16.925,1.13822285567056
16.926,1.11327576270886
16.927,1.11545167118417
16.928,1.11692894422188
16.929,1.10129958573607
16.93,1.09352612174866
16.931,1.08884317152439
16.932,1.05787428791079
16.933,1.064730387127
16.934,1.08675236649801
16.935,1.1002334532358
16.936,1.07944117712006
16.937,1.08868845576139
16.938,1.07771562344848
16.939,1.03566657821453
16.94,1.03696407416696
16.941,1.00048132551575
16.942,1.0279384375676
16.943,1.02556350624641
16.944,1.021960023761
16.945,1.02495507630556
16.946,1.02474072369177
16.947,0.991030757661115
16.948,0.991476655349554
16.949,0.992641293796257
16.95,0.992587574425991
16.951,1.02418946217414
16.952,1.01709094489745
16.953,1.0017248476655
16.954,0.988677717365063
16.955,1.02008268314403
16.956,0.987225030123166
16.957,0.994687426748973
16.958,0.95198435831367
16.959,0.983625715030141
16.96,0.964372690544216
16.961,0.954074589057261
16.962,0.975706029245341
16.963,0.952384256543488
16.964,0.926603902235476
16.965,0.908834960505832
16.966,0.949958384664232
16.967,0.950260100192736
16.968,0.945838958592439
16.969,0.935171285440317
16.97,0.914994059681293
16.971,0.910761217134373
16.972,0.90363784279056
16.973,0.858158298191067
16.974,0.871291774969104
16.975,0.838781624388514
16.976,0.816649532316301
16.977,0.808273605194689
16.978,0.842241762933405
16.979,0.82650276595293
16.98,0.829574722502737
16.981,0.852990019467336
16.982,0.814282886365627
16.983,0.850688299296884
16.984,0.887379734050996
16.985,0.892434611605808
16.986,0.914829915111113
16.987,0.912092881567533
16.988,0.944836719962888
16.989,0.954200396855714
16.99,0.96868237370049
16.991,0.96420124065976
16.992,0.97865044505528
16.993,0.960217438683727
16.994,0.955607193812028
16.995,0.957371052623956
16.996,0.937005681679687
16.997,0.940307193504328
16.998,0.914709378189483
16.999,0.91732415362717
17,0.895926488388988
17.001,0.878276773075985
17.002,0.934758787270646
17.003,0.932169728181991
17.004,0.927197451476481
17.005,0.931783624864215
17.006,0.959675131411992
17.007,0.928256549210264
17.008,0.908911661146344
17.009,0.912968718409355
17.01,0.933295444504197
17.011,0.917780115780491
17.012,0.898829528004339
17.013,0.908149986784837
17.014,0.923560901589833
17.015,0.959897052274269
17.016,0.949562297557626
17.017,0.968481411011915
17.018,0.962406271678822
17.019,0.964581213383181
17.02,0.973977492755493
17.021,0.96279993112629
17.022,0.940506902637573
17.023,0.941248555570916
17.024,0.92303908240799
17.025,0.898324829030656
17.026,0.884640297590528
17.027,0.869806054078733
17.028,0.890185791885155
17.029,0.896240887205996
17.03,0.909599009933952
17.031,0.921568727113855
17.032,0.896631074876075
17.033,0.910811636377156
17.034,0.908783500603242
17.035,0.903864670693377
17.036,0.894825803019535
17.037,0.904105123523998
17.038,0.880598305567396
17.039,0.884107387146213
17.04,0.855789420185273
17.041,0.846148471274431
17.042,0.871028775214262
17.043,0.910981113672591
17.044,0.91268951658182
17.045,0.93100550961356
17.046,0.916663164612041
17.047,0.895232349065589
17.048,0.943543545672594
17.049,0.912532387498495
17.05,0.886451544960368
17.051,0.863814648739771
17.052,0.856264773617069
17.053,0.871671274721745
17.054,0.864466725596287
17.055,0.881309783518424
17.056,0.864947274495153
17.057,0.86606752438961
17.058,0.860686079681968
17.059,0.834188821561678
17.06,0.824742269393584
17.061,0.818398424434291
17.062,0.877187729614771
17.063,0.89525305991629
17.064,0.923853755742193
17.065,0.896199699732105
17.066,0.879563762795141
17.067,0.85547982319394
17.068,0.881432529991348
17.069,0.872688626565784
17.07,0.850964492472574
17.071,0.833283203313867
17.072,0.830863323074631
17.073,0.829349982996128
17.074,0.84526592833875
17.075,0.832693139597741
17.076,0.855417019757865
17.077,0.83296409002342
17.078,0.800326307093511
17.079,0.80099786733233
17.08,0.813756928063209
17.081,0.839688984611531
17.082,0.827024010772334
17.083,0.796069869908113
17.084,0.808997458762143
17.085,0.792052208716604
17.086,0.798664044788739
17.087,0.764203494098051
17.088,0.750170391527741
17.089,0.748378524909008
17.09,0.775948153208621
17.091,0.77427983706534
17.092,0.78401017806332
17.093,0.779358523296615
17.094,0.758954493375492
17.095,0.736463800504651
17.096,0.717281313894533
17.097,0.714251800006097
17.098,0.678869363243338
17.099,0.675918930705445
17.1,0.691377280874157
17.101,0.694209893060698
17.102,0.700562590616732
17.103,0.717356251127744
17.104,0.72270614449899
17.105,0.73591011465596
17.106,0.773715122450277
17.107,0.757811824802266
17.108,0.776030900725284
17.109,0.732654639817385
17.11,0.727245815488915
17.111,0.722481786872266
17.112,0.738327599151195
17.113,0.739964241960826
17.114,0.710879003908832
17.115,0.737158416228464
17.116,0.761344856925783
17.117,0.758058900466078
17.118,0.774178214577789
17.119,0.809542203163042
17.12,0.802247629960182
17.121,0.779453107433197
17.122,0.792750566151943
17.123,0.750779684961964
17.124,0.774268684280968
17.125,0.730591756828464
17.126,0.741304411660675
17.127,0.727658711811889
17.128,0.73285378022658
17.129,0.735748277236083
17.13,0.736143017031917
17.131,0.719800994105756
17.132,0.703707740310244
17.133,0.688943215861251
17.134,0.70109167226235
17.135,0.696869947169513
17.136,0.714893630021071
17.137,0.697915560480072
17.138,0.71325168504299
17.139,0.688588903225174
17.14,0.685263108364406
17.141,0.6943476057972
17.142,0.722680661280883
17.143,0.70255575854969
17.144,0.715003437055998
17.145,0.736430645032682
17.146,0.755601307636515
17.147,0.760837707887223
17.148,0.783698429776037
17.149,0.777385135370289
17.15,0.766587600985986
17.151,0.769052703211518
17.152,0.77744022453493
17.153,0.763572296359206
17.154,0.77431268636832
17.155,0.76633256395763
17.156,0.773939604691875
17.157,0.755723990818069
17.158,0.724328977234333
17.159,0.747246364812343
17.16,0.706050324483896
17.161,0.686944446444881
17.162,0.674086487408345
17.163,0.660822102267581
17.164,0.659788187203205
17.165,0.628717835665367
17.166,0.656259987379313
17.167,0.652757359809314
17.168,0.631251768587995
17.169,0.610094570111034
17.17,0.576763345092131
17.171,0.588670645486728
17.172,0.60413095727071
17.173,0.587417382708722
17.174,0.602169770163584
17.175,0.582336746174443
17.176,0.625692620640597
17.177,0.622024538374261
17.178,0.573397214001834
17.179,0.575043708113022
17.18,0.575384919403335
17.181,0.579765173525266
17.182,0.58459512041265
17.183,0.577634521269469
17.184,0.561562105721613
17.185,0.587114729199946
17.186,0.527077986034366
17.187,0.567388890090955
17.188,0.536527122423368
17.189,0.556588136073614
17.19,0.588653477629522
17.191,0.558688021584689
17.192,0.54779177902715
17.193,0.541633940826697
17.194,0.575217501179463
17.195,0.552894087329168
17.196,0.564081058866709
17.197,0.567776460184536
17.198,0.568035349586572
17.199,0.558016133237223
17.2,0.5425498728277
17.201,0.583163488376864
17.202,0.588386188670998
17.203,0.635164546229112
17.204,0.643681839466041
17.205,0.664189299143709
17.206,0.651666954058096
17.207,0.63611257179496
17.208,0.628280841218104
17.209,0.617617314938156
17.21,0.610531431831538
17.211,0.570282122681724
17.212,0.557010599260598
17.213,0.506064592333816
17.214,0.473056431152531
17.215,0.455030140888125
17.216,0.487684582632912
17.217,0.489676434359511
17.218,0.453644731322981
17.219,0.443081091869556
17.22,0.453676590959619
17.221,0.432514639388571
17.222,0.458148157235505
17.223,0.43544791933544
17.224,0.458427635763079
17.225,0.425023559659384
17.226,0.438223217110836
17.227,0.41132037784031
17.228,0.44804861813321
17.229,0.466810309352285
17.23,0.471136403227291
17.231,0.436886573749006
17.232,0.451291304410941
17.233,0.426551801904992
17.234,0.411131282893529
17.235,0.445550083720452
17.236,0.471802861337817
17.237,0.460064252679369
17.238,0.454745932527026
17.239,0.450807075779917
17.24,0.400517525231964
17.241,0.405783364971561
17.242,0.382740217493256
17.243,0.383206992098151
17.244,0.341764355624493
17.245,0.325732397642923
17.246,0.331272179534214
17.247,0.375341288428476
17.248,0.334817965636398
17.249,0.369906241938681
17.25,0.37380959356892
17.251,0.388869943279355
17.252,0.394395634651797
17.253,0.376269398317503
17.254,0.346072654596873
17.255,0.345722177201339
17.256,0.291628056074038
17.257,0.272169894617201
17.258,0.254343459274313
17.259,0.259958382351997
17.26,0.244109244743224
17.261,0.241940303458621
17.262,0.231528250355812
17.263,0.20934825595115
17.264,0.214011890423159
17.265,0.196007755333284
17.266,0.19860773933961
17.267,0.200070531934489
17.268,0.191898065507577
17.269,0.181241579524828
17.27,0.147230359265961
17.271,0.151562676413103
17.272,0.164760269481734
17.273,0.189275554022776
17.274,0.207005468445188
17.275,0.206581862841302
17.276,0.22163543711969
17.277,0.214149625455408
17.278,0.241890662904038
17.279,0.208440891226008
17.28,0.20290427353356
17.281,0.215570112937453
17.282,0.225253777040361
17.283,0.258860539478995
17.284,0.29067367161684
17.285,0.294469015522001
17.286,0.279141930502897
17.287,0.310109502183548
17.288,0.350082232968199
17.289,0.359411928086965
17.29,0.352869252280521
17.291,0.378912150481345
17.292,0.323279189509015
17.293,0.318371135345905
17.294,0.320801347177607
17.295,0.300447058182178
17.296,0.330158951444406
17.297,0.309693966333649
17.298,0.324360862593172
17.299,0.305218014493841
17.3,0.347046421974266
17.301,0.328945885410312
17.302,0.325192918465349
17.303,0.352583436102974
17.304,0.320500804444793
17.305,0.312092583230861
17.306,0.341419538530438
17.307,0.356060576206942
17.308,0.327168380405508
17.309,0.350737064103262
17.31,0.314070376160248
17.311,0.332332484958595
17.312,0.300968753451661
17.313,0.30197380280047
17.314,0.307024401563242
17.315,0.332978357602463
17.316,0.341337793710766
17.317,0.343905507583634
17.318,0.348827876288345
17.319,0.377138722872412
17.32,0.378040848243545
17.321,0.370381070010661
17.322,0.36066371289725
17.323,0.334943345532418
17.324,0.333421474101234
17.325,0.326463737115085
17.326,0.331519433297582
17.327,0.317558563065829
17.328,0.307410344866887
17.329,0.299386157626662
17.33,0.276170994556277
17.331,0.282425886429712
17.332,0.285292617066517
17.333,0.281268960543042
17.334,0.250945042449923
17.335,0.27988655978267
17.336,0.278275991457281
17.337,0.288940477378452
17.338,0.293234936319901
17.339,0.334753453663749
17.34,0.346650657316224
17.341,0.357795542707711
17.342,0.336226027937632
17.343,0.354661534549076
17.344,0.333797461352006
17.345,0.31820841064288
17.346,0.320406437519025
17.347,0.294840911997007
17.348,0.285224720383762
17.349,0.287165386680793
17.35,0.277447862582835
17.351,0.281356318751306
17.352,0.310260018170546
17.353,0.320789237281055
17.354,0.302431625600307
17.355,0.306130139640057
17.356,0.285502990196969
17.357,0.276215467053512
17.358,0.284272054575794
17.359,0.300136128655259
17.36,0.342481048760204
17.361,0.37541475832702
17.362,0.367525930514562
17.363,0.355654637646997
17.364,0.400832262667129
17.365,0.39164570464968
17.366,0.406215703243955
17.367,0.426081183248156
17.368,0.413514450137225
17.369,0.404112581393269
17.37,0.408942306347159
17.371,0.434673370819475
17.372,0.436838988213404
17.373,0.43312019316697
17.374,0.465531554305315
17.375,0.442490319304338
17.376,0.480043428852159
17.377,0.493169690404875
17.378,0.506384628704919
17.379,0.510924656534925
17.38,0.49195359982256
17.381,0.470263856580589
17.382,0.449440151996725
17.383,0.417013270188591
17.384,0.443775693170802
17.385,0.434009317483738
17.386,0.416738924839859
17.387,0.39357642415039
17.388,0.421017792710958
17.389,0.375444042930667
17.39,0.421603734914005
17.391,0.450525115758783
17.392,0.447748027731959
17.393,0.440595301933577
17.394,0.441881212353638
17.395,0.4223053694127
17.396,0.42033496537155
17.397,0.423320068540168
17.398,0.424478762670704
17.399,0.449678988816793
17.4,0.445176117043715
17.401,0.455975327229539
17.402,0.464326581458937
17.403,0.488599648166375
17.404,0.479036469135523
17.405,0.470462047341591
17.406,0.436444205798841
17.407,0.451880716343731
17.408,0.464404939291678
17.409,0.481723468239815
17.41,0.454135244955144
17.411,0.469396508042623
17.412,0.504539512786508
17.413,0.48630758302568
17.414,0.488025519333114
17.415,0.454713384765091
17.416,0.458073614424686
17.417,0.46531510210283
17.418,0.468152256308979
17.419,0.435797569269586
17.42,0.44690469775837
17.421,0.455484209482252
17.422,0.439998601356022
17.423,0.441363625716308
17.424,0.490251563001357
17.425,0.516362530393747
17.426,0.537618573467641
17.427,0.526763821827271
17.428,0.499686211835986
17.429,0.479356356755922
17.43,0.452671707659771
17.431,0.472175230522508
17.432,0.468643143225276
17.433,0.462579683355677
17.434,0.431021334182739
17.435,0.46719558690265
17.436,0.462435360408775
17.437,0.489135169230172
17.438,0.509523073368342
17.439,0.495572879875525
17.44,0.506146008469251
17.441,0.5072425088404
17.442,0.483617866652933
17.443,0.503018734056911
17.444,0.533903563891392
17.445,0.535685717840349
17.446,0.510677932809086
17.447,0.502087998418897
17.448,0.505946686022927
17.449,0.495225101224517
17.45,0.513306638651604
17.451,0.520529178472648
17.452,0.499871897086418
17.453,0.489216359796578
17.454,0.500633957283207
17.455,0.538525612423494
17.456,0.531960032119342
17.457,0.5419645076915
17.458,0.548615855543396
17.459,0.547570674798276
17.46,0.571923505646022
17.461,0.55650128607344
17.462,0.558304546323214
17.463,0.5986927514352
17.464,0.614220658528964
17.465,0.647682136107275
17.466,0.649217545737858
17.467,0.631423078231086
17.468,0.652765692215077
17.469,0.68049932736487
17.47,0.668882352301863
17.471,0.675683487079945
17.472,0.678071486326647
17.473,0.710951711479573
17.474,0.71915238386429
17.475,0.703663325343932
17.476,0.681342674400364
17.477,0.674884022909937
17.478,0.69110660728638
17.479,0.69326455983044
17.48,0.712284548327424
17.481,0.731229364379784
17.482,0.743900534415529
17.483,0.747279080473002
17.484,0.766669826336816
17.485,0.737436740377831
17.486,0.752987258009566
17.487,0.752908737736778
17.488,0.747396685325704
17.489,0.762743447547387
17.49,0.796943885483663
17.491,0.761258865603539
17.492,0.707307564838055
17.493,0.707078428508575
17.494,0.717274158811397
17.495,0.751543162560896
17.496,0.770903095837614
17.497,0.771062697777029
17.498,0.748619101620558
17.499,0.726812428648559
17.5,0.750145324659478
17.501,0.749474950194381
17.502,0.709298487799161
17.503,0.725839854125461
17.504,0.779460187478462
17.505,0.804631034562721
17.506,0.80800038307123
17.507,0.81079755488484
17.508,0.842093268362109
17.509,0.851614442712324
17.51,0.838253271472068
17.511,0.839080144079634
17.512,0.833571332140341
17.513,0.850679281185972
17.514,0.869355918869315
17.515,0.825966328012767
17.516,0.841294602573174
17.517,0.834509269383516
17.518,0.852025452540482
17.519,0.825932890928166
17.52,0.795909160783848
17.521,0.803777128182121
17.522,0.779926293947342
17.523,0.76013492832991
17.524,0.792615708148974
17.525,0.780656907689901
17.526,0.775301112742181
17.527,0.775695028722908
17.528,0.809399452360678
17.529,0.78305087225201
17.53,0.810034335979822
17.531,0.797572496905366
17.532,0.820296458176586
17.533,0.815767722029795
17.534,0.787661406951233
17.535,0.783803950942648
17.536,0.790110949852571
17.537,0.807583939853928
17.538,0.811116702115489
17.539,0.791578140458884
17.54,0.798305198605512
17.541,0.801215582490671
17.542,0.850832186832133
17.543,0.861755557266707
17.544,0.865993896253236
17.545,0.846639338741073
17.546,0.866044996481825
17.547,0.890979128933489
17.548,0.921466972551321
17.549,0.909699851565431
17.55,0.935588423919088
17.551,0.951840469240517
17.552,0.926898988383956
17.553,0.912152368416577
17.554,0.909363990971029
17.555,0.900212774629117
17.556,0.908183836960716
17.557,0.877928254655891
17.558,0.84826382151391
17.559,0.818662602872223
17.56,0.797287667768542
17.561,0.753766886587184
17.562,0.758257085971011
17.563,0.766901207540636
17.564,0.770580559094256
17.565,0.796563626080979
17.566,0.779774152831987
17.567,0.753514035422357
17.568,0.780290852476185
17.569,0.785829698097261
17.57,0.777690708850477
17.571,0.799012614315535
17.572,0.817200294045591
17.573,0.772022530886953
17.574,0.824561113696924
17.575,0.840868987320357
17.576,0.816813023950983
17.577,0.830256103902784
17.578,0.804151767410358
17.579,0.803439678262249
17.58,0.781429904030561
17.581,0.796865543862458
17.582,0.807846202667993
17.583,0.784320216288443
17.584,0.796817633286393
17.585,0.788255213825326
17.586,0.757146986816775
17.587,0.786216241032143
17.588,0.772598910304342
17.589,0.806474365157788
17.59,0.806019330738576
17.591,0.786426155736553
17.592,0.790989343399875
17.593,0.805082163123447
17.594,0.796649732003016
17.595,0.813769167727396
17.596,0.79721788547945
17.597,0.779663992725018
17.598,0.758776004270092
17.599,0.726865899108094
17.6,0.725368215633411
17.601,0.71368803160456
17.602,0.73068393906495
17.603,0.720855233295205
17.604,0.726489206573038
17.605,0.752182276042793
17.606,0.777834744703895
17.607,0.737221322766612
17.608,0.72219349824892
17.609,0.737053153094045
17.61,0.753039091283256
17.611,0.721806948000515
17.612,0.696904030286859
17.613,0.706036864390759
17.614,0.726012054530178
17.615,0.720399688221263
17.616,0.749879679260334
17.617,0.792688667555165
17.618,0.810551166600678
17.619,0.790965827672834
17.62,0.807089736642684
17.621,0.805482002450536
17.622,0.801049859787722
17.623,0.847292723619171
17.624,0.849823782217157
17.625,0.852873773240621
17.626,0.872856979969875
17.627,0.891623606272462
17.628,0.924242814005358
17.629,0.906771923228991
17.63,0.906840367907152
17.631,0.928103503780528
17.632,0.912319738862167
17.633,0.951667843269495
17.634,0.936513401962938
17.635,0.978364872735
17.636,0.999323514126314
17.637,0.988825725336811
17.638,0.996933669390354
17.639,0.956691591853956
17.64,0.935092754160912
17.641,0.923375935236236
17.642,0.922874870664319
17.643,0.946608350075006
17.644,0.969341703510726
17.645,0.957559963424862
17.646,0.97345301324364
17.647,0.958555880833888
17.648,0.941459209124045
17.649,0.947901144701004
17.65,0.92815971302571
17.651,0.907925755158361
17.652,0.901193574182833
17.653,0.939850454211131
17.654,0.932066126323028
17.655,0.949335916805514
17.656,0.953304425161741
17.657,0.970116346703519
17.658,0.923390078614707
17.659,0.947771131495376
17.66,0.926853787899039
17.661,0.925062508784212
17.662,0.94068029241403
17.663,0.918331923400968
17.664,0.896676589518056
17.665,0.946865600163853
17.666,0.942876355481726
17.667,0.95261947994854
17.668,0.944251596568902
17.669,0.964494646750374
17.67,1.00798032505168
17.671,1.01799063618418
17.672,1.04195985164759
17.673,1.03800326787316
17.674,1.04976179048278
17.675,1.06077236064386
17.676,1.07237476422652
17.677,1.05140445918992
17.678,1.02710442013949
17.679,1.01884312274844
17.68,1.03870631986793
17.681,1.02098095820505
17.682,1.01754772498423
17.683,1.01546744653659
17.684,1.00823697255688
17.685,1.00638319836563
17.686,1.0167023615162
17.687,0.991108598172021
17.688,0.971555586647798
17.689,0.979580093372431
17.69,0.967738897786431
17.691,0.978719852137418
17.692,1.01316598445544
17.693,1.06642105301049
17.694,1.08754878436593
17.695,1.07483387679484
17.696,1.07524603519487
17.697,1.05525653957046
17.698,1.02570812367556
17.699,1.02456696558725
17.7,0.992019203552695
17.701,0.986699424318028
17.702,1.0268660850014
17.703,1.02579951775245
17.704,1.01671645531839
17.705,1.00766529044459
17.706,1.0461642189776
17.707,1.03627145047686
17.708,1.03844521359508
17.709,1.01553698056673
17.71,1.02218905406621
17.711,1.03704605213104
17.712,1.00537060227495
17.713,0.999259341313339
17.714,1.01867929140139
17.715,0.995870488366463
17.716,1.03315283823567
17.717,1.05531231567499
17.718,1.06848301464531
17.719,1.1072731419356
17.72,1.12094005095507
17.721,1.09227952352182
17.722,1.08029925049127
17.723,1.0825948953965
17.724,1.10662006785157
17.725,1.15459978133672
17.726,1.12370639401681
17.727,1.14612622200977
17.728,1.14164668912955
17.729,1.10810146585309
17.73,1.13503830186354
17.731,1.1404759768254
17.732,1.08755495426519
17.733,1.09342526059466
17.734,1.06476947287049
17.735,1.0538779969437
17.736,1.09103944494067
17.737,1.12219383403698
17.738,1.13664061794607
17.739,1.09719620648873
17.74,1.09724555380169
17.741,1.04663360612954
17.742,1.01855697050535
17.743,1.03580383011912
17.744,1.04765905577766
17.745,1.04107029187184
17.746,1.06539165769879
17.747,1.06877969507713
17.748,1.07704588951843
17.749,1.0550744767512
17.75,1.06898641587631
17.751,1.06471705432684
17.752,1.02902049747091
17.753,1.03677895265768
17.754,1.0557529589371
17.755,1.05239772026662
17.756,1.02029595945144
17.757,1.02501565647671
17.758,1.0222434136766
17.759,1.04897213377158
17.76,1.03940773046162
17.761,1.03958181646242
17.762,1.08093294566702
17.763,1.0631603970059
17.764,1.03720509503479
17.765,1.02661740098277
17.766,0.965510103351672
17.767,0.960244510461212
17.768,0.964048234652867
17.769,0.952484680108564
17.77,0.939920391855898
17.771,0.952724248087818
17.772,0.938240560336555
17.773,0.939614220882916
17.774,0.929451458408992
17.775,0.960168511845502
17.776,0.970550102506488
17.777,0.974638452381417
17.778,0.998454880834321
17.779,0.972954668992351
17.78,0.962981203951445
17.781,0.94121065670975
17.782,0.952499643259234
17.783,0.955798509755578
17.784,0.964526600210341
17.785,0.918809208815957
17.786,0.923827283585843
17.787,0.891062512466377
17.788,0.87597683322115
17.789,0.850720793192098
17.79,0.852893757569285
17.791,0.892679185922038
17.792,0.899841309983185
17.793,0.938726433663156
17.794,0.938990339625247
17.795,0.945479386117155
17.796,0.949667665889347
17.797,0.938479193075856
17.798,0.902325973815355
17.799,0.899419519406339
17.8,0.885268761529794
17.801,0.889487960458217
17.802,0.888523647838726
17.803,0.89072799330838
17.804,0.895096205289361
17.805,0.89411096846391
17.806,0.872988210581033
17.807,0.918244510929406
17.808,0.943911681149176
17.809,0.934201669304423
17.81,0.926340775510556
17.811,0.930004100596893
17.812,0.935055499338049
17.813,0.900724344573074
17.814,0.920420016090803
17.815,0.919483134435454
17.816,0.952883666381756
17.817,0.961840495373149
17.818,1.0155138268289
17.819,1.02400717896362
17.82,1.0352341224693
17.821,1.03492357869859
17.822,1.02373952683397
17.823,1.04292988111527
17.824,1.05043073906277
17.825,1.04144155106596
17.826,1.04514153340442
17.827,1.0296841864064
17.828,1.02950682816325
17.829,1.01901168781667
17.83,1.04788376753221
17.831,1.07250662237914
17.832,1.07100273149704
17.833,1.04060893413734
17.834,1.01890703307752
17.835,1.01998903545708
17.836,1.02418275861456
17.837,1.02535361392043
17.838,1.02660094243145
17.839,1.03040225540057
17.84,1.07227515496569
17.841,1.06441909371169
17.842,1.09050478878917
17.843,1.05151295569296
17.844,1.07079697888254
17.845,1.08019722992586
17.846,1.10337768833109
17.847,1.09286068770897
17.848,1.1127004885872
17.849,1.10753899896604
17.85,1.08055599586627
17.851,1.10064039058766
17.852,1.08440653151919
17.853,1.11307856338223
17.854,1.1070246423582
17.855,1.09149127707359
17.856,1.06742477886635
17.857,1.0906975866217
17.858,1.13028126916255
17.859,1.11827340510604
17.86,1.08715266267873
17.861,1.06356862867851
17.862,1.06922662889761
17.863,1.06329202619238
17.864,1.0448371875967
17.865,1.07191788039171
17.866,1.09758038427639
17.867,1.08815729049539
17.868,1.06305892119961
17.869,1.08560761068069
17.87,1.1093030294477
17.871,1.11243287210178
17.872,1.10230958280167
17.873,1.11838367399388
17.874,1.10580448887912
17.875,1.10235470530078
17.876,1.12468669503452
17.877,1.10846627122336
17.878,1.0906576199503
17.879,1.10508586504865
17.88,1.07532008417611
17.881,1.10403858157006
17.882,1.14263022523455
17.883,1.1252457885025
17.884,1.14512994503567
17.885,1.14528534115932
17.886,1.12865262589315
17.887,1.13943945649997
17.888,1.12215125909558
17.889,1.14115182709524
17.89,1.11724507029616
17.891,1.14458375711752
17.892,1.14911852341061
17.893,1.12903416548432
17.894,1.10708185676806
17.895,1.10971527172091
17.896,1.10556899234187
17.897,1.12337944645752
17.898,1.13735334862819
17.899,1.12853129976026
17.9,1.12871927191687
17.901,1.09835735950626
17.902,1.1280422091825
17.903,1.14222251030004
17.904,1.18163595923158
17.905,1.16490781681664
17.906,1.14558528256773
17.907,1.13668592122751
17.908,1.14960443175729
17.909,1.15344472069013
17.91,1.13475759109777
17.911,1.12109447347228
17.912,1.11330119442333
17.913,1.08075753201617
17.914,1.09195102098042
17.915,1.06354835984513
17.916,1.07657703951293
17.917,1.07649277717034
17.918,1.07713820542729
17.919,1.07095805088629
17.92,1.06580493302262
17.921,1.04702660262674
17.922,1.08258022941233
17.923,1.09506582017815
17.924,1.13411666130319
17.925,1.11350965943631
17.926,1.10218113468431
17.927,1.10363729404307
17.928,1.12109897166074
17.929,1.09707302526337
17.93,1.10133721832711
17.931,1.07952109002751
17.932,1.08269124574971
17.933,1.0654699826728
17.934,1.06499757315667
17.935,1.03893850064202
17.936,1.02004298965437
17.937,1.00621373090739
17.938,1.00579671226777
17.939,1.00587849226789
17.94,0.976903697082819
17.941,0.960058403141437
17.942,0.943894427263618
17.943,0.948810279945065
17.944,0.981072218316983
17.945,1.02827798422349
17.946,1.00754280155725
17.947,1.02607562278522
17.948,1.03473633206228
17.949,1.05917158685106
17.95,1.04311472250603
17.951,1.02873181071448
17.952,1.01904363594503
17.953,0.977779739590385
17.954,0.983114810292277
17.955,0.992680519872628
17.956,1.00255526006536
17.957,0.999444569487581
17.958,0.983519370883233
17.959,1.00854058709184
17.96,0.978040110810598
17.961,0.988257422470283
17.962,0.977511328110675
17.963,0.974608185814525
17.964,0.987193192735625
17.965,0.99046470948662
17.966,0.986763019338106
17.967,1.01659337473987
17.968,0.993565787995608
17.969,0.973755919963907
17.97,0.968874365814261
17.971,0.971074957146598
17.972,0.97112030647868
17.973,0.972591589960141
17.974,0.964629347689459
17.975,0.953931015757743
17.976,0.953005128067362
17.977,0.963138365431492
17.978,1.01163849858781
17.979,1.03858929968471
17.98,1.02519229790332
17.981,1.01071818537985
17.982,1.00829171096692
17.983,1.0277380965945
17.984,1.01047405412085
17.985,1.00168248127018
17.986,0.997279466781819
17.987,0.985062564384666
17.988,0.976297670384442
17.989,0.984879983054699
17.99,1.01399682998012
17.991,1.00075217692107
17.992,1.00524736993262
17.993,0.99856744313779
17.994,1.01645186673374
17.995,1.04248888758115
17.996,1.02639329127982
17.997,1.06631272702533
17.998,1.08056378118341
17.999,1.09370587528163
18,1.06228104325434
18.001,1.08897345991773
18.002,1.10067213234454
18.003,1.13310509340177
18.004,1.1394886128551
18.005,1.13612966087913
18.006,1.12793674717584
18.007,1.1442716449811
18.008,1.14548311668667
18.009,1.1323013093021
18.01,1.15323933870667
18.011,1.13095875287562
18.012,1.14453304165853
18.013,1.15689172613205
18.014,1.14878010630967
18.015,1.15753921194912
18.016,1.10904280101817
18.017,1.09262376813568
18.018,1.10841524079935
18.019,1.09854163861292
18.02,1.11446506586314
18.021,1.09787824738488
18.022,1.12367545399066
18.023,1.1647530109489
18.024,1.16431005802427
18.025,1.17003299403686
18.026,1.15768412450669
18.027,1.16407717932774
18.028,1.17825446997254
18.029,1.19975681843807
18.03,1.20503252516054
18.031,1.22514706652884
18.032,1.23928504430586
18.033,1.23191814655521
18.034,1.2365562485323
18.035,1.24882073143986
18.036,1.23051605272114
18.037,1.25614044170262
18.038,1.28741059655973
18.039,1.28808436629969
18.04,1.3321056471811
18.041,1.30789251621372
18.042,1.31763066931164
18.043,1.29033445204045
18.044,1.27663710615875
18.045,1.28859841265827
18.046,1.28850921616356
18.047,1.2913251385899
18.048,1.27940194116263
18.049,1.306459123125
18.05,1.28213044064987
18.051,1.30882713801397
18.052,1.35325701128379
18.053,1.33618847041132
18.054,1.32874375501442
18.055,1.29363389031132
18.056,1.27237374768456
18.057,1.27861300590389
18.058,1.30328668771623
18.059,1.30972646555219
18.06,1.31563282728574
18.061,1.32438141841584
18.062,1.32656494323431
18.063,1.34219017981702
18.064,1.32886956705125
18.065,1.30404544039987
18.066,1.28472425956873
18.067,1.28470086295161
18.068,1.29024041996447
18.069,1.29418369346849
18.07,1.31182423237735
18.071,1.28370321831303
18.072,1.28344399001806
18.073,1.29884548655831
18.074,1.30378632204607
18.075,1.28125845291642
18.076,1.28092418866684
18.077,1.29604826161666
18.078,1.29959556586392
18.079,1.30251464796007
18.08,1.31648470293792
18.081,1.3234922792336
18.082,1.30798497723453
18.083,1.31095899112795
18.084,1.31863684814695
18.085,1.31502533427086
18.086,1.31146748106753
18.087,1.30880831166081
18.088,1.28497446079143
18.089,1.31461016333786
18.09,1.32038693043082
18.091,1.34612616274997
18.092,1.34116672066754
18.093,1.33559692545133
18.094,1.37901124818734
18.095,1.39612866862329
18.096,1.40857501165284
18.097,1.44265638967933
18.098,1.45480000772518
18.099,1.4004379745221
18.1,1.39394448796518
18.101,1.3871128128031
18.102,1.39874561502172
18.103,1.41197558673469
18.104,1.39634837280887
18.105,1.38973491173866
18.106,1.38163464280011
18.107,1.36978783582704
18.108,1.35006070708519
18.109,1.34397573396611
18.11,1.33225836550277
18.111,1.32488919053645
18.112,1.3114110743692
18.113,1.3032808783037
18.114,1.31596518402601
18.115,1.31793234903378
18.116,1.33258779352543
18.117,1.30879229997079
18.118,1.28018856670725
18.119,1.31560050911786
18.12,1.31681876582792
18.121,1.32580823176431
18.122,1.35146546556641
18.123,1.37326638528891
18.124,1.36832002725102
18.125,1.34271401590723
18.126,1.31655725160725
18.127,1.33143420465127
18.128,1.32359239570551
18.129,1.35348588660248
18.13,1.35556067859667
18.131,1.37834086529349
18.132,1.35422448965666
18.133,1.32864105272402
18.134,1.32966957252153
18.135,1.36061313259599
18.136,1.35106472132563
18.137,1.36144098174814
18.138,1.37171789072978
18.139,1.35282854248182
18.14,1.40548352937784
18.141,1.41960544454278
18.142,1.44193325871341
18.143,1.45285834828216
18.144,1.44420563788098
18.145,1.45302824363923
18.146,1.40685447351746
18.147,1.39588991696591
18.148,1.40873038188946
18.149,1.42519401572629
18.15,1.39514435109785
18.151,1.38236190176902
18.152,1.38824676931341
18.153,1.3481733406987
18.154,1.3409169553775
18.155,1.32472678003833
18.156,1.33780791745768
18.157,1.3227874222241
18.158,1.33476691956493
18.159,1.33571961308206
18.16,1.38244130427407
18.161,1.37337178397274
18.162,1.37450861900431
18.163,1.35842135137211
18.164,1.32988492289101
18.165,1.33684235560394
18.166,1.37563397459391
18.167,1.38113290364231
18.168,1.38358923749416
18.169,1.38161721955223
18.17,1.42699828722774
18.171,1.39210834106679
18.172,1.40943177892511
18.173,1.42847622238591
18.174,1.44922936847444
18.175,1.45725760189182
18.176,1.45302995753275
18.177,1.43923741688905
18.178,1.43220352681235
18.179,1.47766857601784
18.18,1.49459901086238
18.181,1.49561855661133
18.182,1.49169044187074
18.183,1.5563861636124
18.184,1.54861366597957
18.185,1.57658961190353
18.186,1.56960141661944
18.187,1.54354009815005
18.188,1.55469312207264
18.189,1.53866304708513
18.19,1.55447875760633
18.191,1.56299091681417
18.192,1.56909189308365
18.193,1.54946520073486
18.194,1.5621804994328
18.195,1.57192981720045
18.196,1.5574604621253
18.197,1.57125293884273
18.198,1.54985239627997
18.199,1.50215625156838
18.2,1.4892357923695
18.201,1.47013930005451
18.202,1.4586237092656
18.203,1.4384656586828
18.204,1.43890641823914
18.205,1.44949083590729
18.206,1.45884569539777
18.207,1.47347889753141
18.208,1.50666373438203
18.209,1.50674747858075
18.21,1.50226993083377
18.211,1.46548729328239
18.212,1.48086031857156
18.213,1.47516544664537
18.214,1.44513953106909
18.215,1.49102669359312
18.216,1.51592428003205
18.217,1.49731244637705
18.218,1.51232529233033
18.219,1.52788271469127
18.22,1.54314204362769
18.221,1.52544927498369
18.222,1.48709471680836
18.223,1.49152956601328
18.224,1.50123592027096
18.225,1.52597616656478
18.226,1.51425686698148
18.227,1.52897506438643
18.228,1.53105707621096
18.229,1.52822084836802
18.23,1.51258385747191
18.231,1.55053664937475
18.232,1.58820196163707
18.233,1.59014789938294
18.234,1.5648414986819
18.235,1.52853560561344
18.236,1.52497431464978
18.237,1.51986360294771
18.238,1.50682188717484
18.239,1.51217232495573
18.24,1.48893376778324
18.241,1.49951439846647
18.242,1.49846762834263
18.243,1.47902993100445
18.244,1.49109769237605
18.245,1.49168574030885
18.246,1.49473741916678
18.247,1.49072951411216
18.248,1.48042002665789
18.249,1.48987781542666
18.25,1.47775765547123
18.251,1.47019337771805
18.252,1.49051180991881
18.253,1.50016043500818
18.254,1.5349130073113
18.255,1.52015540946454
18.256,1.51972774611329
18.257,1.54401502826166
18.258,1.54902660906644
18.259,1.58513183010045
18.26,1.56059919723841
18.261,1.53265405163541
18.262,1.58158541777666
18.263,1.59243427281541
18.264,1.57472202845285
18.265,1.57933140429958
18.266,1.56763163490721
18.267,1.57634518483646
18.268,1.57454262373612
18.269,1.57241714290212
18.27,1.55635932930956
18.271,1.51357244202441
18.272,1.54219872425788
18.273,1.52167611581233
18.274,1.53696780473711
18.275,1.53536140662203
18.276,1.53950500919897
18.277,1.51962332133167
18.278,1.51390512014384
18.279,1.53537474095199
18.28,1.51354337222126
18.281,1.5321771481148
18.282,1.53900297459988
18.283,1.56454797244825
18.284,1.56143286393706
18.285,1.53104137671371
18.286,1.50058210317703
18.287,1.50375860231528
18.288,1.51868412491375
18.289,1.52446371372308
18.29,1.51226774304783
18.291,1.48991055330563
18.292,1.55321325014259
18.293,1.53847012948048
18.294,1.50881984241226
18.295,1.52540877502439
18.296,1.52731658234419
18.297,1.54159369423881
18.298,1.51792943057998
18.299,1.50715137195939
18.3,1.52106221722117
18.301,1.53429625368003
18.302,1.54357634179089
18.303,1.54932853316452
18.304,1.55947024178881
18.305,1.55681705241926
18.306,1.58309844037047
18.307,1.59107885338095
18.308,1.5781001624324
18.309,1.60559225360597
18.31,1.62277259938254
18.311,1.61846925119346
18.312,1.63139916057311
18.313,1.63608348971102
18.314,1.65576387468695
18.315,1.67738837836229
18.316,1.65367450304502
18.317,1.6456037612133
18.318,1.64077493611573
18.319,1.65833655418716
18.32,1.63747946549092
18.321,1.67360022507728
18.322,1.67921713539033
18.323,1.65997607236386
18.324,1.6732349909668
18.325,1.66278804159399
18.326,1.66310926692994
18.327,1.68220365669003
18.328,1.66989324889949
18.329,1.74192714228542
18.33,1.71133157006357
18.331,1.69432272292467
18.332,1.70325818702676
18.333,1.69706750269746
18.334,1.69619110061992
18.335,1.69683264281893
18.336,1.68031581916213
18.337,1.67388747327718
18.338,1.6782096509212
18.339,1.67066913035797
18.34,1.6696069442785
18.341,1.6525591689089
18.342,1.63170057109207
18.343,1.66640375627755
18.344,1.66961836387154
18.345,1.69272024980819
18.346,1.70203234980225
18.347,1.73978289797252
18.348,1.71237038784254
18.349,1.72319332690756
18.35,1.7119686354775
18.351,1.75053325873255
18.352,1.757638306308
18.353,1.75389539233294
18.354,1.72106547235944
18.355,1.70394303233678
18.356,1.71383130457374
18.357,1.70919299418922
18.358,1.68609475589025
18.359,1.66305767486557
18.36,1.6619021212786
18.361,1.64057853451749
18.362,1.64740120176777
18.363,1.62765532931807
18.364,1.63435671010669
18.365,1.64888384118936
18.366,1.67396744446627
18.367,1.67567932862834
18.368,1.67924948759992
18.369,1.63007939181403
18.37,1.634953307514
18.371,1.65787681687963
18.372,1.69556378052752
18.373,1.66976076447596
18.374,1.68029893195473
18.375,1.70651494328617
18.376,1.7351925671982
18.377,1.71568646452772
18.378,1.71195850466221
18.379,1.71674276067629
18.38,1.7294301983942
18.381,1.71934588048275
18.382,1.6971086636665
18.383,1.6818285351859
18.384,1.68809151954476
18.385,1.69600119567391
18.386,1.66776813460032
18.387,1.6692371982071
18.388,1.69084900092213
18.389,1.6909635408808
18.39,1.66414535362463
18.391,1.64473609448619
18.392,1.66600709610002
18.393,1.62331296772758
18.394,1.62191878113272
18.395,1.62741249734574
18.396,1.62317511781569
18.397,1.65392041175649
18.398,1.66464076917289
18.399,1.67585101560776
18.4,1.69909314800027
18.401,1.68822526432272
18.402,1.74469967069983
18.403,1.73579451823441
18.404,1.76115922114206
18.405,1.76483138695019
18.406,1.77566137168073
18.407,1.75008160300763
18.408,1.7203066344001
18.409,1.70995911886858
18.41,1.68312266998105
18.411,1.68029672018417
18.412,1.69155641219072
18.413,1.70991187520671
18.414,1.73653727330056
18.415,1.77073043803807
18.416,1.77500440870467
18.417,1.7711313907524
18.418,1.75714405515022
18.419,1.76830363232839
18.42,1.7571244951471
18.421,1.72332723352933
18.422,1.6791868971212
18.423,1.63362001490698
18.424,1.62331330890919
18.425,1.6770137030941
18.426,1.69670586548056
18.427,1.68573623069661
18.428,1.66582441489199
18.429,1.62266057540409
18.43,1.61680709950483
18.431,1.63167699710481
18.432,1.62204879817105
18.433,1.62652540657331
18.434,1.63318873401809
18.435,1.66153112248902
18.436,1.67069287666502
18.437,1.67772834817403
18.438,1.70997376742332
18.439,1.71511844794198
18.44,1.72110059484885
18.441,1.72193895975419
18.442,1.72673838190587
18.443,1.74918607317585
18.444,1.73074090748493
18.445,1.72177281338145
18.446,1.7162253366832
18.447,1.68025113991138
18.448,1.66244030941843
18.449,1.60749899167708
18.45,1.58287673082078
18.451,1.55891860209054
18.452,1.53106305998228
18.453,1.51387353820453
18.454,1.49730367876051
18.455,1.51128130769942
18.456,1.50233523377917
18.457,1.49517320129934
18.458,1.49193918849304
18.459,1.49141002245024
18.46,1.48440516023191
18.461,1.45008187520447
18.462,1.46598553302921
18.463,1.46374516894906
18.464,1.44433687144006
18.465,1.43900887300896
18.466,1.4117448372028
18.467,1.41828316000515
18.468,1.39574503099933
18.469,1.39000890520047
18.47,1.40018478929535
18.471,1.43516860286811
18.472,1.42094057527235
18.473,1.3780048654584
18.474,1.37672581423211
18.475,1.39011858687519
18.476,1.37991709252821
18.477,1.35265484500281
18.478,1.33125963155989
18.479,1.29575633453873
18.48,1.31897124195035
18.481,1.36300250217555
18.482,1.36297441583114
18.483,1.37617424328208
18.484,1.35985277217523
18.485,1.3484720078358
18.486,1.36989015238519
18.487,1.36058773383523
18.488,1.40316179400511
18.489,1.40907778114509
18.49,1.40198161375834
18.491,1.37067635340585
18.492,1.37746227967449
18.493,1.33720696271488
18.494,1.33320842827525
18.495,1.30690273790046
18.496,1.30609492798201
18.497,1.28686292974336
18.498,1.27992509102675
18.499,1.29326283385003
18.5,1.23765383077773
18.501,1.26716834431861
18.502,1.24592589252862
18.503,1.25777157006326
18.504,1.29798366118229
18.505,1.29633910320358
18.506,1.29366088637388
18.507,1.266185513283
18.508,1.293804730682
18.509,1.28367643017802
18.51,1.26407223971934
18.511,1.28494683251343
18.512,1.2599130379636
18.513,1.22916677589972
18.514,1.24650750016812
18.515,1.22345360410469
18.516,1.25032756020928
18.517,1.2356383771291
18.518,1.25649746203309
18.519,1.23824389538806
18.52,1.2657641963591
18.521,1.25733565037352
18.522,1.25388326528535
18.523,1.23986166968593
18.524,1.23982383828946
18.525,1.24256449225019
18.526,1.2250791631197
18.527,1.24417398181863
18.528,1.21368482626595
18.529,1.18562093475944
18.53,1.19648539582366
18.531,1.19927562738437
18.532,1.19821375148024
18.533,1.21585264010811
18.534,1.21989247009186
18.535,1.24161597096838
18.536,1.27137138742675
18.537,1.26174964665114
18.538,1.25741588262354
18.539,1.26495594152648
18.54,1.28753042633978
18.541,1.29189768949163
18.542,1.28693747287251
18.543,1.28806248929154
18.544,1.25341155086223
18.545,1.24623028749062
18.546,1.28349029172674
18.547,1.23938201944151
18.548,1.20061837317184
18.549,1.20315153150108
18.55,1.20106543651576
18.551,1.16178545441559
18.552,1.16200218201048
18.553,1.1732620031267
18.554,1.1374944808651
18.555,1.08688700601981
18.556,1.09631118436235
18.557,1.06536044933425
18.558,1.04959383536598
18.559,1.02695929377266
18.56,1.03903263579805
18.561,1.04944933700666
18.562,1.06603308296101
18.563,1.05575076591172
18.564,1.07459581837549
18.565,1.08778889637795
18.566,1.09706212391486
18.567,1.13130731944009
18.568,1.11789861638547
18.569,1.11315424935891
18.57,1.12203770654363
18.571,1.1354608473189
18.572,1.13124773813748
18.573,1.13548867369019
18.574,1.12689467269261
18.575,1.13285034646834
18.576,1.12244434495471
18.577,1.098300252215
18.578,1.11536448794297
18.579,1.12337357526848
18.58,1.11080245795783
18.581,1.11883589220062
18.582,1.09851705698602
18.583,1.08154736413218
18.584,1.09933825064914
18.585,1.08058649052433
18.586,1.05762545066361
18.587,1.0742091591881
18.588,1.11748007348849
18.589,1.1475054555168
18.59,1.17176760845697
18.591,1.20103611833374
18.592,1.17668451074623
18.593,1.16291091079041
18.594,1.15747660617024
18.595,1.15707558458816
18.596,1.14161214202151
18.597,1.13298908698934
18.598,1.14223974152124
18.599,1.14042954802777
18.6,1.19007003942064
18.601,1.18408166137135
18.602,1.16187443765205
18.603,1.16970822534445
18.604,1.14657704264787
18.605,1.15778296553014
18.606,1.16939344357599
18.607,1.11940476767865
18.608,1.12131018548257
18.609,1.15054258770589
18.61,1.13339330494289
18.611,1.1168787558954
18.612,1.08710786014716
18.613,1.07428415404762
18.614,1.04131361409307
18.615,1.01102534326852
18.616,0.996176865172182
18.617,1.00225757157344
18.618,0.994994725121521
18.619,0.98206148612149
18.62,0.964173036455889
18.621,0.975506163613792
18.622,1.02484689484379
18.623,1.03557087837815
18.624,1.02686479759517
18.625,0.992081464930918
18.626,0.976179365903196
18.627,0.96784474191045
18.628,0.970049699587765
18.629,0.99164827801123
18.63,1.00159166979434
18.631,1.0238780548799
18.632,1.01343273649796
18.633,1.02157018213681
18.634,0.966303807425979
18.635,0.942902217661836
18.636,0.955126020018507
18.637,0.949944092290799
18.638,0.937540796764102
18.639,0.9403652630743
18.64,0.952273605814102
18.641,0.941980844623135
18.642,0.924031599306032
18.643,0.928363845317644
18.644,0.909670786579427
18.645,0.929770350514776
18.646,0.927630629399281
18.647,0.927039892680831
18.648,0.935309716232671
18.649,0.915622972579749
18.65,0.933240844920252
18.651,0.936711135742275
18.652,0.930489452484064
18.653,0.929614783571326
18.654,0.9398080428789
18.655,0.906622797673538
18.656,0.929149834917014
18.657,0.93224200717453
18.658,0.90496781299275
18.659,0.899754040762579
18.66,0.84379319660624
18.661,0.843202678274358
18.662,0.817000287615617
18.663,0.82486992792164
18.664,0.851219362929512
18.665,0.823745806274534
18.666,0.855709447078714
18.667,0.861515684254754
18.668,0.842664022306511
18.669,0.820269775512916
18.67,0.825846055957572
18.671,0.827395901325476
18.672,0.817677362694105
18.673,0.80086688049751
18.674,0.79237322945761
18.675,0.784092844281892
18.676,0.789870495730527
18.677,0.735533697808293
18.678,0.72883005713129
18.679,0.720811269598275
18.68,0.726405684726675
18.681,0.730090625910375
18.682,0.736662089015005
18.683,0.716066063976406
18.684,0.715849301575632
18.685,0.693664423537963
18.686,0.703621509448867
18.687,0.676636463514524
18.688,0.683480825787863
18.689,0.687459803420467
18.69,0.686749770267274
18.691,0.677883292579399
18.692,0.684047593788937
18.693,0.688494941777999
18.694,0.690334814102869
18.695,0.679989348549928
18.696,0.647632933133917
18.697,0.637383718944823
18.698,0.603510035331132
18.699,0.632521310382492
18.7,0.633632807232825
18.701,0.622528613740094
18.702,0.620454265001728
18.703,0.619265228422237
18.704,0.608707722705106
18.705,0.567860602682497
18.706,0.561187970447005
18.707,0.55781135414274
18.708,0.558656859785624
18.709,0.57293395215796
18.71,0.557622460462779
18.711,0.572039821802562
18.712,0.534867126954352
18.713,0.52347911794492
18.714,0.509655198150114
18.715,0.564456994122255
18.716,0.521355182541779
18.717,0.47790772873678
18.718,0.436088804580421
18.719,0.445661295103472
18.72,0.42737388847218
18.721,0.399367632872359
18.722,0.362299085080579
18.723,0.383282078945548
18.724,0.393281904920574
18.725,0.37671376888376
18.726,0.362231400831631
18.727,0.386940356066061
18.728,0.360202659663186
18.729,0.392885399714346
18.73,0.377755338922178
18.731,0.344611541913294
18.732,0.336620863784496
18.733,0.315955596705655
18.734,0.303542286910352
18.735,0.311740881409136
18.736,0.321598555112266
18.737,0.299216581750895
18.738,0.334074637144041
18.739,0.32583177427138
18.74,0.339756351643938
18.741,0.333017012117787
18.742,0.298796956301606
18.743,0.310354717953331
18.744,0.292165121294458
18.745,0.285183161501925
18.746,0.299983743276901
18.747,0.291432477288987
18.748,0.264758036876026
18.749,0.256148721356575
18.75,0.274268361054313
18.751,0.27350841053676
18.752,0.291745300269213
18.753,0.295454338351401
18.754,0.278954104305788
18.755,0.272073848015753
18.756,0.247420275975514
18.757,0.224949962795398
18.758,0.203316463197337
18.759,0.190157365101988
18.76,0.190232596297015
18.761,0.190480398665377
18.762,0.209473626773593
18.763,0.20645994059
18.764,0.159545999507773
18.765,0.152552359861007
18.766,0.190703033367463
18.767,0.16054280079117
18.768,0.167771936942963
18.769,0.160438184696924
18.77,0.145979547432637
18.771,0.149957885744525
18.772,0.132483478423401
18.773,0.175721501741333
18.774,0.124973135578334
18.775,0.127648083215013
18.776,0.121072514483256
18.777,0.103207618971211
18.778,0.104756489182421
18.779,0.0921991108195273
18.78,0.0880050827492063
18.781,0.0793927192392902
18.782,0.0931375895888974
18.783,0.106560977440025
18.784,0.0952303032071017
18.785,0.0531479230278243
18.786,0.0870126997746656
18.787,0.105450263858107
18.788,0.11711514758034
18.789,0.103663877992956
18.79,0.124474225967875
18.791,0.117678223443662
18.792,0.111879786229454
18.793,0.132169644195914
18.794,0.132439619212691
18.795,0.145483054004254
18.796,0.128915709234884
18.797,0.117218788916122
18.798,0.112526585478777
18.799,0.100834720014103
18.8,0.0855004414923926
18.801,0.0977475903099077
18.802,0.13920708523815
18.803,0.152171855509189
18.804,0.192140732846806
18.805,0.22076737718975
18.806,0.214533473994815
18.807,0.181035692921826
18.808,0.195891452095638
18.809,0.158250201527411
18.81,0.192396582007187
18.811,0.185261575337966
18.812,0.135835524029572
18.813,0.142204432173085
18.814,0.175311661342917
18.815,0.158619371520518
18.816,0.139540369194205
18.817,0.130570001568982
18.818,0.126988548852988
18.819,0.0920155158769035
18.82,0.112926588272674
18.821,0.14164896525971
18.822,0.119750782065112
18.823,0.136691534078577
18.824,0.162691395094193
18.825,0.175355525582171
18.826,0.175513943633522
18.827,0.167669141200364
18.828,0.182811216641228
18.829,0.146488865294
18.83,0.149274644389947
18.831,0.113594779854328
18.832,0.110022497706294
18.833,0.123412958314956
18.834,0.123036872018368
18.835,0.126177190026541
18.836,0.132335783910833
18.837,0.143636265065447
18.838,0.0972805023614726
18.839,0.115013961441503
18.84,0.0741848852408767
18.841,0.0845730059899568
18.842,0.0818136729071243
18.843,0.0442125452867251
18.844,0.0590124311462061
18.845,0.0725113670653133
18.846,0.0759866331177634
18.847,0.0673662982366349
18.848,0.05218562334127
18.849,0.042729871013897
18.85,0.044404443277545
18.851,0.0251038305834191
18.852,0.00543815657631743
18.853,0.0230286543275397
18.854,0.00940111125728775
18.855,-0.00728029679923228
18.856,-0.00896033675718388
18.857,0.0206803205385172
18.858,0.0232789387596056
18.859,0.0140205808091917
18.86,0.00341063646742383
18.861,-0.0213685648005749
18.862,-0.0298139205728173
18.863,-0.0185977442675601
18.864,-0.0379543707295758
18.865,-0.067290914373789
18.866,-0.101661526746236
18.867,-0.100922428764817
18.868,-0.121392083640766
18.869,-0.171929260909187
18.87,-0.18950353208614
18.871,-0.18882072469135
18.872,-0.180205853736443
18.873,-0.140325725545911
18.874,-0.124575504674463
18.875,-0.095448371112927
18.876,-0.115575518387345
18.877,-0.108397407655469
18.878,-0.0717572702445051
18.879,-0.117660256405355
18.88,-0.104132872917807
18.881,-0.0819327783120324
18.882,-0.0673597256299609
18.883,-0.0880274901837144
18.884,-0.10703904904731
18.885,-0.0977168439887515
18.886,-0.0703873981756894
18.887,-0.0211884730127215
18.888,-0.032106269280436
18.889,-0.0305080137794426
18.89,-0.0252794016649356
18.891,-0.0489637112037163
18.892,-0.0330750803745544
18.893,-0.0542977776741295
18.894,-0.0749671962835112
18.895,-0.0882626267073317
18.896,-0.0801423168207451
18.897,-0.0973572890958626
18.898,-0.0791613021174214
18.899,-0.100497565897671
18.9,-0.0734513242763118
18.901,-0.0817686817857941
18.902,-0.0923742377826424
18.903,-0.0840259661684213
18.904,-0.0565188503060642
18.905,-0.0522524482336112
18.906,-0.0542823963103776
18.907,-0.0419947914257196
18.908,-0.0571263260337149
18.909,-0.0478978976613994
18.91,-0.0611444117484587
18.911,-0.0393969055997026
18.912,-0.0646652335499263
18.913,-0.0621530389477066
18.914,-0.0804791770611648
18.915,-0.0831546535345825
18.916,-0.0996759419570787
18.917,-0.0795051347626053
18.918,-0.0667439482953977
18.919,-0.0930343302902614
18.92,-0.0888717385304523
18.921,-0.0748328131760313
18.922,-0.0445959391336418
18.923,-0.0825361155352142
18.924,-0.106268892213882
18.925,-0.116545770605647
18.926,-0.152634374014894
18.927,-0.109480372753613
18.928,-0.117294367810603
18.929,-0.122617640836648
18.93,-0.13078351329868
18.931,-0.150789765821719
18.932,-0.133456489404459
18.933,-0.125590044833823
18.934,-0.128463204431309
18.935,-0.125536732237332
18.936,-0.129761532790281
18.937,-0.139102692193926
18.938,-0.167913768420503
18.939,-0.169335208119482
18.94,-0.179676964045483
18.941,-0.182967847404509
18.942,-0.173008474817097
18.943,-0.190084911463559
18.944,-0.188892127892613
18.945,-0.199549269679344
18.946,-0.185793534788494
18.947,-0.182203229104234
18.948,-0.180216141168575
18.949,-0.235559803255553
18.95,-0.221794082041069
18.951,-0.189782349204891
18.952,-0.203589583861986
18.953,-0.239365266122954
18.954,-0.256151857819637
18.955,-0.233344225113604
18.956,-0.209899326608522
18.957,-0.206765355993503
18.958,-0.213610647247234
18.959,-0.201217879649338
18.96,-0.20159281776752
18.961,-0.234003770370667
18.962,-0.244002012220759
18.963,-0.262004370405188
18.964,-0.270703935462372
18.965,-0.284630489386476
18.966,-0.271317882178108
18.967,-0.308673746151768
18.968,-0.288000332000526
18.969,-0.285346676945855
18.97,-0.270933008639067
18.971,-0.220247334780253
18.972,-0.250969738246154
18.973,-0.260511914016394
18.974,-0.25136657815063
18.975,-0.290255175873909
18.976,-0.323224337984641
18.977,-0.307666813484916
18.978,-0.301905762511418
18.979,-0.299572239590231
18.98,-0.281008990849442
18.981,-0.294284036965279
18.982,-0.260597467206766
18.983,-0.243770655365358
18.984,-0.200360986824625
18.985,-0.22054204654476
18.986,-0.225752939842407
18.987,-0.246234462972014
18.988,-0.206519684101547
18.989,-0.239197288149853
18.99,-0.23077229005534
18.991,-0.238731754722819
18.992,-0.244391611998023
18.993,-0.232301665816015
18.994,-0.25111711336944
18.995,-0.263165857309608
18.996,-0.2311014776063
18.997,-0.223575063945955
18.998,-0.21782201420481
18.999,-0.203020137125634
19,-0.18871901186729
19.001,-0.183915504494562
19.002,-0.14291140349634
19.003,-0.138390350800898
19.004,-0.155741635358139
19.005,-0.15944661849366
19.006,-0.159895652478891
19.007,-0.201387945204211
19.008,-0.219595079964264
19.009,-0.214553167936949
19.01,-0.1728018107251
19.011,-0.199685664653393
19.012,-0.209010349177898
19.013,-0.213152364879958
19.014,-0.221451182566483
19.015,-0.240166425331319
19.016,-0.222031506105834
19.017,-0.270672049606646
19.018,-0.252190866317137
19.019,-0.258627049666546
19.02,-0.275572966566804
19.021,-0.266106384777282
19.022,-0.256523639648152
19.023,-0.276183845438581
19.024,-0.314553553607912
19.025,-0.286057533595983
19.026,-0.313722541349363
19.027,-0.324616454385391
19.028,-0.310390166362115
19.029,-0.330271812348404
19.03,-0.335100721294882
19.031,-0.30386267689302
19.032,-0.32398538001353
19.033,-0.291484052022592
19.034,-0.281489961695086
19.035,-0.313870873291528
19.036,-0.291441927265831
19.037,-0.269754301200365
19.038,-0.254714727164492
19.039,-0.253504580607228
19.04,-0.22647629805178
19.041,-0.202444174228126
19.042,-0.17526061000065
19.043,-0.19495232293978
19.044,-0.218949517200762
19.045,-0.229625900565756
19.046,-0.20529031063622
19.047,-0.194871830267267
19.048,-0.214702257560757
19.049,-0.226880589293497
19.05,-0.226142367677014
19.051,-0.246015054159517
19.052,-0.202625938480195
19.053,-0.21513404286708
19.054,-0.201549580665581
19.055,-0.183563980564419
19.056,-0.212217000303207
19.057,-0.213584308035807
19.058,-0.220142270245529
19.059,-0.217891609350821
19.06,-0.229521367854049
19.061,-0.227054022430569
19.062,-0.217675482620706
19.063,-0.238471704016253
19.064,-0.230685041000679
19.065,-0.210535970480346
19.066,-0.215219436766533
19.067,-0.219550184430698
19.068,-0.229082193251152
19.069,-0.227241851730647
19.07,-0.232983429963333
19.071,-0.198602204264397
19.072,-0.189727254366871
19.073,-0.177771670872104
19.074,-0.150315259373675
19.075,-0.123888830482863
19.076,-0.132309741326542
19.077,-0.136034926784685
19.078,-0.121658614071289
19.079,-0.145284820711072
19.08,-0.156596069260257
19.081,-0.141913512861261
19.082,-0.111537343398848
19.083,-0.120042231612877
19.084,-0.126773328628751
19.085,-0.139360662101855
19.086,-0.119815350603866
19.087,-0.12195412903129
19.088,-0.149177160145708
19.089,-0.12350847324025
19.09,-0.121429698844321
19.091,-0.139721625311392
19.092,-0.125654694500005
19.093,-0.14507622187751
19.094,-0.156480111969781
19.095,-0.133986837011687
19.096,-0.148687985836444
19.097,-0.158921673310608
19.098,-0.15668569604421
19.099,-0.165446079524508
19.1,-0.165796711249388
19.101,-0.155090407932651
19.102,-0.154817511279311
19.103,-0.170211693387457
19.104,-0.149024467700385
19.105,-0.150008679993974
19.106,-0.178577580600988
19.107,-0.196363025814904
19.108,-0.213800543697803
19.109,-0.204968937419117
19.11,-0.211946228235441
19.111,-0.227160457284525
19.112,-0.20251776698711
19.113,-0.187295367898686
19.114,-0.203355749892557
19.115,-0.215298577065778
19.116,-0.227043290950479
19.117,-0.223874410849164
19.118,-0.224687232620141
19.119,-0.185245009797058
19.12,-0.180792263686239
19.121,-0.1777197289011
19.122,-0.142001149202381
19.123,-0.12408416378996
19.124,-0.0910487872726733
19.125,-0.0563672260155077
19.126,-0.0707079442728281
19.127,-0.0747399991467473
19.128,-0.0855541568453013
19.129,-0.114142621412875
19.13,-0.0734402386519089
19.131,-0.0624070030313998
19.132,-0.0249679644516194
19.133,-0.0146017269969121
19.134,-0.00788876254023169
19.135,0.0209767547981248
19.136,0.0611096926841788
19.137,0.029296688085399
19.138,0.0257739858265013
19.139,0.0431615032953497
19.14,0.00792915139374747
19.141,-0.0197402178663396
19.142,0.0161044464889828
19.143,0.0488524896131584
19.144,0.0370663105564831
19.145,0.056856788002611
19.146,0.0666731824841242
19.147,0.0778490917569127
19.148,0.0870753019178054
19.149,0.0829352974857629
19.15,0.0891549778923548
19.151,0.0458849590791877
19.152,0.0319065089534453
19.153,0.0282357112036823
19.154,0.014052865167413
19.155,-0.0119714808168143
19.156,0.0161378343315451
19.157,0.0321134600290436
19.158,0.0507091881579267
19.159,0.0332183790296101
19.16,0.0255662366276142
19.161,-0.00625427856146768
19.162,-0.0355813780141978
19.163,-0.0307578205236859
19.164,-0.046236036902481
19.165,-0.0486409237740182
19.166,-0.0482100657572905
19.167,-0.0739833554019987
19.168,-0.0722300312205994
19.169,-0.101976635159396
19.17,-0.0818338889547309
19.171,-0.0737407246306922
19.172,-0.0882971844326329
19.173,-0.0684550091070357
19.174,-0.0881077748311354
19.175,-0.107245920117903
19.176,-0.120151080473286
19.177,-0.168104518353538
19.178,-0.16298196231577
19.179,-0.160153099071652
19.18,-0.151186948885783
19.181,-0.179518645281601
19.182,-0.177679011504205
19.183,-0.173729447749167
19.184,-0.167920912085903
19.185,-0.177862284594981
19.186,-0.181346467260018
19.187,-0.151490272988693
19.188,-0.161850200861518
19.189,-0.158237030736079
19.19,-0.151730621664692
19.191,-0.189208029780459
19.192,-0.202639549631451
19.193,-0.170052103703846
19.194,-0.172353465752762
19.195,-0.203633226210279
19.196,-0.19286076848746
19.197,-0.202817694661497
19.198,-0.227816685889263
19.199,-0.228014341639109
19.2,-0.238377842232538
19.201,-0.236357548476838
19.202,-0.219918621424507
19.203,-0.215435016212031
19.204,-0.21012508926291
19.205,-0.222024089143699
19.206,-0.238410428121015
19.207,-0.237337722289344
19.208,-0.223422981351264
19.209,-0.243124660758905
19.21,-0.208839789077757
19.211,-0.215624348399519
19.212,-0.192576627492113
19.213,-0.222730531088797
19.214,-0.222499134594955
19.215,-0.205805694309895
19.216,-0.218951453483755
19.217,-0.195067159408649
19.218,-0.20671847371817
19.219,-0.173183598142133
19.22,-0.208163101317188
19.221,-0.207044296965212
19.222,-0.212142885145117
19.223,-0.224375765085933
19.224,-0.224745968198463
19.225,-0.232442124989317
19.226,-0.245434019323071
19.227,-0.251997224385852
19.228,-0.285413267697259
19.229,-0.319420265183541
19.23,-0.317886934587529
19.231,-0.312665030221116
19.232,-0.304502351758928
19.233,-0.331677009863132
19.234,-0.300037062090711
19.235,-0.29732669466944
19.236,-0.336123783243155
19.237,-0.328771672308105
19.238,-0.304804448554281
19.239,-0.26354549723272
19.24,-0.289119336110814
19.241,-0.316024429900446
19.242,-0.305831222685505
19.243,-0.313531063716645
19.244,-0.292567322777263
19.245,-0.294606703314559
19.246,-0.302113490475388
19.247,-0.281950553200939
19.248,-0.280752221758463
19.249,-0.270038464940176
19.25,-0.272312210038071
19.251,-0.249077268018481
19.252,-0.225448659484446
19.253,-0.210907801798023
19.254,-0.18293608605243
19.255,-0.193328610618827
19.256,-0.198945439422117
19.257,-0.231539168294434
19.258,-0.221585905654613
19.259,-0.197959073628736
19.26,-0.145764388528633
19.261,-0.133561496186159
19.262,-0.175582585440288
19.263,-0.165702632575465
19.264,-0.149585767070904
19.265,-0.156448486600477
19.266,-0.199446555844941
19.267,-0.200910585909621
19.268,-0.178308650666947
19.269,-0.179363474587598
19.27,-0.151028656198908
19.271,-0.107111570779252
19.272,-0.0940292514635137
19.273,-0.106045447061869
19.274,-0.112732304336973
19.275,-0.118155308199393
19.276,-0.104263798114624
19.277,-0.100685490706767
19.278,-0.0857787819603104
19.279,-0.122396082951928
19.28,-0.123751085690522
19.281,-0.142583315767324
19.282,-0.147239609642293
19.283,-0.147024244294276
19.284,-0.151579787043486
19.285,-0.151675067610093
19.286,-0.148328935662359
19.287,-0.157763839867538
19.288,-0.153156616197234
19.289,-0.139193317513775
19.29,-0.178722780277599
19.291,-0.160287322467973
19.292,-0.112345957028381
19.293,-0.126865080085509
19.294,-0.158302669857101
19.295,-0.148985986934994
19.296,-0.142939067290942
19.297,-0.132050857462655
19.298,-0.115278497887307
19.299,-0.131122682631111
19.3,-0.124196344467634
19.301,-0.0890834669913344
19.302,-0.0539236353285355
19.303,-0.0731134373325079
19.304,-0.0531094608070367
19.305,-0.0402515022598735
19.306,-0.0395317223483632
19.307,-0.0669656268336493
19.308,-0.0319224292909859
19.309,-0.0409265185748859
19.31,-0.0760170291148396
19.311,-0.0324478764692404
19.312,-0.0725238070847851
19.313,-0.067850031110449
19.314,-0.091412408501321
19.315,-0.0796601899378611
19.316,-0.0540870798905989
19.317,-0.0413799832660876
19.318,-0.093331692979716
19.319,-0.0968022020351156
19.32,-0.100426961578143
19.321,-0.0807450016717227
19.322,-0.0920700515951958
19.323,-0.0922562945434102
19.324,-0.0673272327051674
19.325,-0.0524260800034382
19.326,-0.0501720750842879
19.327,-0.0577172409929157
19.328,-0.103203251067904
19.329,-0.114686756757933
19.33,-0.0701776075114987
19.331,-0.0556467760193773
19.332,-0.0261267657760274
19.333,-0.0189500711396689
19.334,-0.00744652200501201
19.335,-0.023583116822459
19.336,-0.0221100080493645
19.337,-0.0201825390230741
19.338,-0.00883125288524993
19.339,0.00552263205544113
19.34,-0.00778589745023539
19.341,-0.00872521476377364
19.342,0.0186316485220798
19.343,-0.0182635455301836
19.344,-0.0124973495269194
19.345,-0.0113802064857115
19.346,-0.0171011158407503
19.347,-0.00367750959331122
19.348,0.00464081667205681
19.349,-0.0134408236652356
19.35,0.0316334489713405
19.351,0.0504726149434137
19.352,0.108567345795666
19.353,0.101240403966939
19.354,0.0941499373311196
19.355,0.0980877117687425
19.356,0.129528088998539
19.357,0.109093581718362
19.358,0.139009409423001
19.359,0.126048692871816
19.36,0.119438686053927
19.361,0.0988978141374732
19.362,0.0716782610049501
19.363,0.0789182558919796
19.364,0.0148563530152787
19.365,0.023482925145683
19.366,0.0139435715359426
19.367,0.0466284064477952
19.368,0.0635471291554175
19.369,0.0192703545310018
19.37,0.0397897044564255
19.371,0.0433407142869196
19.372,0.038123176394124
19.373,0.0400259436281868
19.374,0.013829143632691
19.375,0.00764613338259954
19.376,0.0145222976179022
19.377,0.0191674625329106
19.378,0.00937401787827526
19.379,-0.00738755763328133
19.38,0.00150199127768799
19.381,-0.0143139000769058
19.382,-0.0175829660345852
19.383,-0.0339090384273615
19.384,-0.0347033449207494
19.385,-0.0162433071393825
19.386,0.00398793940482008
19.387,0.0343674372912665
19.388,0.0280983148225585
19.389,0.0383736696427946
19.39,0.0546015642466012
19.391,0.0810098965387546
19.392,0.0635114781684429
19.393,0.0619165215865774
19.394,0.0873232498923878
19.395,0.0844432055985557
19.396,0.0595619114033355
19.397,0.0259745929778243
19.398,0.0209782371393301
19.399,0.041300110852147
19.4,0.029798120663351
19.401,0.0327841322120572
19.402,0.0144971130883787
19.403,-0.0130410804700072
19.404,-0.0115668958319574
19.405,-0.0306122670254331
19.406,-0.0414861457091846
19.407,-0.0136351037433046
19.408,-0.0188149079662968
19.409,-0.0214639559759141
19.41,-0.0204702457093267
19.411,0.0229588209763288
19.412,-0.000344397452403571
19.413,0.0329531468621192
19.414,0.00621240603120606
19.415,-0.000467215064043345
19.416,0.0140299542753245
19.417,0.0480121785127024
19.418,0.0910517423955721
19.419,0.0528664209333985
19.42,0.0445874159427051
19.421,0.00198326831319307
19.422,0.0204204535134427
19.423,0.033309904388871
19.424,0.0388817243759058
19.425,0.0119810107458819
19.426,0.00756472881497455
19.427,0.0171529502289269
19.428,-0.00222834416953894
19.429,-0.0265947579104377
19.43,-0.0486121963074249
19.431,-0.0475605402501424
19.432,-0.0338819654490482
19.433,-0.0332632517426698
19.434,-0.042237120964322
19.435,-0.0433393255062439
19.436,-0.0781299987691517
19.437,-0.10497943170744
19.438,-0.10841552182821
19.439,-0.0935088178501524
19.44,-0.0910646892584606
19.441,-0.117558601649268
19.442,-0.104039685109721
19.443,-0.0894513370083284
19.444,-0.054667980366512
19.445,-0.0768888158347086
19.446,-0.0747803311669977
19.447,-0.0574937523694555
19.448,-0.0169143609176527
19.449,-0.0132022117462727
19.45,0.0247765928422696
19.451,0.0227834009374858
19.452,0.010731777794019
19.453,-0.02328988101211
19.454,-0.0252854709543107
19.455,-0.0732416137887123
19.456,-0.105434750011307
19.457,-0.0838051343675903
19.458,-0.08832458506055
19.459,-0.0851712267500391
19.46,-0.0960353223940676
19.461,-0.0474544085600801
19.462,-0.0425316060390451
19.463,0.00984868073808289
19.464,-0.0029885675815827
19.465,-0.0112689072716799
19.466,-0.0093467460836715
19.467,-0.0362667440284784
19.468,-0.0122335597009581
19.469,0.00105866874862533
19.47,0.00742176499377179
19.471,0.0100462998613402
19.472,-0.00649459831819188
19.473,-0.00973337822204776
19.474,0.0330217305312954
19.475,0.0332121864183871
19.476,0.031678669792363
19.477,0.000346616209088053
19.478,-0.00754084266178744
19.479,-0.0248345912489547
19.48,-0.0045720121239995
19.481,-0.00440076881221299
19.482,0.00938931840595454
19.483,-0.0174718728710923
19.484,-0.044133297628023
19.485,-0.0264869139494961
19.486,-0.0645709199826481
19.487,-0.0548644342495303
19.488,-0.0399926584003253
19.489,-0.0479598842880266
19.49,-0.0700812363183032
19.491,-0.0626396061469143
19.492,-0.0544043786633003
19.493,-0.0510441307541521
19.494,-0.0552989934498992
19.495,-0.065572921081257
19.496,-0.0392467339508282
19.497,-0.0336619379596164
19.498,-0.0239363492958048
19.499,-0.00845102571721743
19.5,-0.00620724300311076
19.501,-0.0104692640874867
19.502,-0.0131678516707122
19.503,-0.0363206551119881
19.504,-0.0206334726165869
19.505,-0.051812254724924
19.506,-0.0313411904673472
19.507,-0.0616255794285454
19.508,-0.0494132551680747
19.509,-0.0751281943886283
19.51,-0.0925019904404077
19.511,-0.131828927325845
19.512,-0.0989753674578665
19.513,-0.104491523474502
19.514,-0.13222442696516
19.515,-0.161183406495158
19.516,-0.104449065906926
19.517,-0.0676936014702178
19.518,-0.0675472042268591
19.519,-0.098106985614423
19.52,-0.0842957510639396
19.521,-0.0957926490256562
19.522,-0.0835954046901848
19.523,-0.110187576723886
19.524,-0.115715328966785
19.525,-0.141053728239267
19.526,-0.146570731697124
19.527,-0.134555439892569
19.528,-0.121881216715267
19.529,-0.0992689257135228
19.53,-0.132330221297069
19.531,-0.104703760921532
19.532,-0.100806338307628
19.533,-0.107343606766237
19.534,-0.116268883966062
19.535,-0.11402048630706
19.536,-0.0885926249116254
19.537,-0.0935825628869743
19.538,-0.0726435715373899
19.539,-0.0350493509637238
19.54,-0.0484017508682605
19.541,-0.0232928463723142
19.542,-0.0298111426151778
19.543,-0.0264147860011385
19.544,-0.0421103522513416
19.545,-0.00207574381502966
19.546,0.026037544751461
19.547,0.00182164717656719
19.548,0.0242267920637374
19.549,0.0324284562943846
19.55,0.0181690724182244
19.551,0.0182678558039471
19.552,0.0297632520178802
19.553,0.0305141238800481
19.554,0.0506102337842713
19.555,0.0361252435139002
19.556,0.0302653792165304
19.557,0.0415263259240783
19.558,0.0383025528746271
19.559,0.0287471943574296
19.56,0.0586156844657488
19.561,0.0486019424678558
19.562,0.0226086577829787
19.563,0.036007879579768
19.564,0.0452284471067324
19.565,0.039906578188753
19.566,0.0226092018000773
19.567,0.0292474271792384
19.568,0.014799180586263
19.569,-0.00993585904619663
19.57,0.00313330656828378
19.571,-0.00641157618365853
19.572,-0.00164868004323532
19.573,-0.017124035754122
19.574,0.0093067343953266
19.575,0.0104740004913071
19.576,0.0331749273219529
19.577,0.0440192202657062
19.578,0.0532334820250798
19.579,0.029100796572929
19.58,-0.00501412165163169
19.581,-0.00639668027646125
19.582,0.00318922574436554
19.583,0.00594335971674689
19.584,-0.0285866469094018
19.585,0.0013546777328564
19.586,0.00210420830744757
19.587,-0.0313073654153923
19.588,0.0159784231561287
19.589,0.0710120970864383
19.59,0.0816714235269959
19.591,0.0973408312111192
19.592,0.119558957630846
19.593,0.134049038747776
19.594,0.147469435742067
19.595,0.152611819111587
19.596,0.167841441060066
19.597,0.151896917934042
19.598,0.152009985353364
19.599,0.1476455838839
19.6,0.172746577055275
19.601,0.202364500847977
19.602,0.179683210978085
19.603,0.184327506099909
19.604,0.222926431980997
19.605,0.212825918978799
19.606,0.239983977856193
19.607,0.241270288482262
19.608,0.231136431653491
19.609,0.236987636659052
19.61,0.241374646958903
19.611,0.235578872064594
19.612,0.226921890328525
19.613,0.239666441423355
19.614,0.238205422985906
19.615,0.227081840681813
19.616,0.229249226328842
19.617,0.216682617291078
19.618,0.231799270689469
19.619,0.261020245444918
19.62,0.269917301339884
19.621,0.294245294937361
19.622,0.303949917516891
19.623,0.319407718087802
19.624,0.298128027636389
19.625,0.250773528643615
19.626,0.235101080550603
19.627,0.228463609601711
19.628,0.275373879531321
19.629,0.2640247979178
19.63,0.279303176084313
19.631,0.294214872909623
19.632,0.313781346239161
19.633,0.27769665800798
19.634,0.306011582133441
19.635,0.307838676255608
19.636,0.304654063461112
19.637,0.305979264636475
19.638,0.290413078841934
19.639,0.264579373990121
19.64,0.272408442836238
19.641,0.295757987601597
19.642,0.282224409119186
19.643,0.27021133172353
19.644,0.278853661076269
19.645,0.28604371222753
19.646,0.281693397343063
19.647,0.27283877814048
19.648,0.306145846459415
19.649,0.333134056172833
19.65,0.337432617830269
19.651,0.385392210226042
19.652,0.369202561010211
19.653,0.34105834946433
19.654,0.353358359267342
19.655,0.343179936492279
19.656,0.349359898668127
19.657,0.366994528129015
19.658,0.375534232444145
19.659,0.378062251425649
19.66,0.409278850528134
19.661,0.41384035084776
19.662,0.406647623673814
19.663,0.399965117549333
19.664,0.393071768059173
19.665,0.370794172836143
19.666,0.383435381370339
19.667,0.416569122341073
19.668,0.442996731554447
19.669,0.456924153049554
19.67,0.456892437743139
19.671,0.446698015763416
19.672,0.429010900014708
19.673,0.458561822948842
19.674,0.456449504646087
19.675,0.467023218278949
19.676,0.502837348680555
19.677,0.470580892797174
19.678,0.481270371406304
19.679,0.475816792230682
19.68,0.494142464287979
19.681,0.500815931199589
19.682,0.516918366959869
19.683,0.523344548837397
19.684,0.498186176712343
19.685,0.55568478974595
19.686,0.524999437206141
19.687,0.536342292457218
19.688,0.516222397821413
19.689,0.515661648641837
19.69,0.543605455261824
19.691,0.569888709675047
19.692,0.571819076417422
19.693,0.61119531888951
19.694,0.594345567659566
19.695,0.596329009989035
19.696,0.586066769517588
19.697,0.568571085361827
19.698,0.569645363694741
19.699,0.560861339858005
19.7,0.557438017857835
19.701,0.58504780297113
19.702,0.600480076784003
19.703,0.598742907040822
19.704,0.589844679458291
19.705,0.620250020963956
19.706,0.65649214239717
19.707,0.65344695788436
19.708,0.674741532333159
19.709,0.706495713273416
19.71,0.730044070435699
19.711,0.733898975213012
19.712,0.759136343659593
19.713,0.749144010115902
19.714,0.766772508985517
19.715,0.775238674579031
19.716,0.768082967680418
19.717,0.751496985120021
19.718,0.78054245124573
19.719,0.771893722736009
19.72,0.731245701411842
19.721,0.702090856087662
19.722,0.666303736572416
19.723,0.687862888703956
19.724,0.680718575089514
19.725,0.691744204977884
19.726,0.690648967418974
19.727,0.703011020678046
19.728,0.739323710333089
19.729,0.786803698358561
19.73,0.759576543250612
19.731,0.775661209230217
19.732,0.796860762176893
19.733,0.780177487148055
19.734,0.744086867703778
19.735,0.745931298983172
19.736,0.741995158786984
19.737,0.728028634964217
19.738,0.70673552490347
19.739,0.710982593466139
19.74,0.704590335071729
19.741,0.703143312197911
19.742,0.729131284425552
19.743,0.727730860676279
19.744,0.706800468811859
19.745,0.727358336350638
19.746,0.739665521945415
19.747,0.763471146074664
19.748,0.787455036871634
19.749,0.772028557730709
19.75,0.778000737507147
19.751,0.782019153652397
19.752,0.793814405505217
19.753,0.794621122010682
19.754,0.819372982051878
19.755,0.817545989917337
19.756,0.813773218408562
19.757,0.780159463094022
19.758,0.783857735719537
19.759,0.789417060001462
19.76,0.744254780316198
19.761,0.746722946091453
19.762,0.717985040862074
19.763,0.71453122793482
19.764,0.722659478240679
19.765,0.712654729089219
19.766,0.69158377627368
19.767,0.647610578104758
19.768,0.646947567114903
19.769,0.627469141432241
19.77,0.604899307484396
19.771,0.611892557925664
19.772,0.59306778689103
19.773,0.569297724067583
19.774,0.534540381179775
19.775,0.565928920452676
19.776,0.539585593362637
19.777,0.541484652280608
19.778,0.572621127753752
19.779,0.567231595043074
19.78,0.589583414276549
19.781,0.5739003603545
19.782,0.573481423205303
19.783,0.541181000785939
19.784,0.540688439625189
19.785,0.565179187733482
19.786,0.547155923597139
19.787,0.552948650200655
19.788,0.541329982757123
19.789,0.559320124610603
19.79,0.55470881509745
19.791,0.523467529812748
19.792,0.570519365849724
19.793,0.551979866354857
19.794,0.540982339717341
19.795,0.538875384455992
19.796,0.535846130766405
19.797,0.5255452384998
19.798,0.546165844820544
19.799,0.509590573927406
19.8,0.514296744248212
19.801,0.509313072420827
19.802,0.50921069140515
19.803,0.499402255992537
19.804,0.521336648191976
19.805,0.568278383563811
19.806,0.55705081836926
19.807,0.57322737006752
19.808,0.56091599835941
19.809,0.608134025561221
19.81,0.594761500357311
19.811,0.570893666964289
19.812,0.578903764071107
19.813,0.588115656740688
19.814,0.571538613122875
19.815,0.569475593259426
19.816,0.581627507709624
19.817,0.559573306085885
19.818,0.563622092492003
19.819,0.584988847084249
19.82,0.56449512383059
19.821,0.527889293983597
19.822,0.577239404969215
19.823,0.554042609818189
19.824,0.549608192150678
19.825,0.527176689561636
19.826,0.538041447059783
19.827,0.550977169364262
19.828,0.563963648857224
19.829,0.542692327473677
19.83,0.532183697321617
19.831,0.565424661435667
19.832,0.5657538960769
19.833,0.587261025435235
19.834,0.570759848648389
19.835,0.53100477546249
19.836,0.53226903894357
19.837,0.542896432724749
19.838,0.547866472771899
19.839,0.537798082375768
19.84,0.530903161127876
19.841,0.561878806875735
19.842,0.586462543659533
19.843,0.575126024248921
19.844,0.582523237027203
19.845,0.568701889893828
19.846,0.568581268096338
19.847,0.602584728057926
19.848,0.582195601596103
19.849,0.548712205575847
19.85,0.577018895203471
19.851,0.597889110005846
19.852,0.577642139501
19.853,0.586144857693952
19.854,0.61381238209775
19.855,0.592692022815541
19.856,0.641017332315775
19.857,0.653146072635887
19.858,0.638090621717959
19.859,0.657314012176843
19.86,0.6300844670542
19.861,0.595946730501169
19.862,0.618285267934574
19.863,0.599681050980242
19.864,0.605900923608086
19.865,0.60110360718427
19.866,0.585646919330029
19.867,0.585964845378332
19.868,0.595250085118838
19.869,0.579940752853011
19.87,0.560278279349529
19.871,0.545477552719632
19.872,0.535229106887894
19.873,0.565600142041
19.874,0.550068178382903
19.875,0.561529760259665
19.876,0.556581565633599
19.877,0.56047738496321
19.878,0.557538139338346
19.879,0.569759632624172
19.88,0.565172105057561
19.881,0.582600231423994
19.882,0.582646611004439
19.883,0.574496274115935
19.884,0.565465113901174
19.885,0.551519598165165
19.886,0.547462633415755
19.887,0.559691516112653
19.888,0.563853689402644
19.889,0.505809379380649
19.89,0.534775365634282
19.891,0.488542376538992
19.892,0.473541365571264
19.893,0.467372067076043
19.894,0.463510258113013
19.895,0.478794779485561
19.896,0.481387258283994
19.897,0.474395496292081
19.898,0.481987750082467
19.899,0.479920256000407
19.9,0.498659581260296
19.901,0.492815963285288
19.902,0.48531028838383
19.903,0.483771264916057
19.904,0.472648827045955
19.905,0.412067902670628
19.906,0.41834432304601
19.907,0.457616454245185
19.908,0.449914315300706
19.909,0.437085117036269
19.91,0.42900973093525
19.911,0.448325656256553
19.912,0.461105425643835
19.913,0.450635117158247
19.914,0.453816357990602
19.915,0.426108297984286
19.916,0.426575174521686
19.917,0.419157221795353
19.918,0.404262433007979
19.919,0.412758260181902
19.92,0.426709912159794
19.921,0.43829184955568
19.922,0.471547386249291
19.923,0.475535739497034
19.924,0.47003242119028
19.925,0.457215762320175
19.926,0.472254663570292
19.927,0.467131175927022
19.928,0.438023334248975
19.929,0.38420810511086
19.93,0.396041741384452
19.931,0.408518959489251
19.932,0.436936811854196
19.933,0.459695764045615
19.934,0.462882322790281
19.935,0.456929969764983
19.936,0.486251742239988
19.937,0.476317533365054
19.938,0.501042320725159
19.939,0.478871942798348
19.94,0.487126176040914
19.941,0.498447520058347
19.942,0.515293048549004
19.943,0.556305333682731
19.944,0.553225311501658
19.945,0.552612457271662
19.946,0.531470502038808
19.947,0.531134419680315
19.948,0.546262451329713
19.949,0.574969011009878
19.95,0.574042886429494
19.951,0.613775976889439
19.952,0.609885995701441
19.953,0.630228374403469
19.954,0.646020768100979
19.955,0.636149767762668
19.956,0.611958305977037
19.957,0.632587670028497
19.958,0.636757049394901
19.959,0.631733309783879
19.96,0.639657355727399
19.961,0.655453625720266
19.962,0.683067786645091
19.963,0.691695110480504
19.964,0.713837839404319
19.965,0.717245513056246
19.966,0.718406434976013
19.967,0.697827185217502
19.968,0.692162829520459
19.969,0.72084063746343
19.97,0.69730663672404
19.971,0.722847088880377
19.972,0.752523861473967
19.973,0.769657352977659
19.974,0.750349415776161
19.975,0.755707113383175
19.976,0.723254913997897
19.977,0.731246270210065
19.978,0.725945723585647
19.979,0.69991571561808
19.98,0.678995443913555
19.981,0.703550367636171
19.982,0.714314835610441
19.983,0.692125994066196
19.984,0.70519898648353
19.985,0.699947146242808
19.986,0.694053747664854
19.987,0.679369593886252
19.988,0.662161193116534
19.989,0.629736720175093
19.99,0.659331267952571
19.991,0.669328787143694
19.992,0.66736615147653
19.993,0.64709535384246
19.994,0.61583040606151
19.995,0.627661459688791
19.996,0.646456498666044
19.997,0.663761841022718
19.998,0.673405593598273
19.999,0.648468537674396
20,0.648067266219692
20.001,0.649405055628924
20.002,0.656617235968154
20.003,0.645185944344504
20.004,0.63692657089559
20.005,0.620157702861156
20.006,0.602085327860238
20.007,0.573790260197469
20.008,0.585215366349367
20.009,0.564536998569031
20.01,0.549737329101847
20.011,0.530701049759473
20.012,0.537861438503904
20.013,0.563555113612464
20.014,0.564949354228593
20.015,0.534637898961522
20.016,0.521760033769689
20.017,0.485765427724226
20.018,0.45362050521039
20.019,0.501786539506693
20.02,0.536945753430975
20.021,0.559329422026615
20.022,0.522710692912272
20.023,0.482819109975481
20.024,0.48264749642588
20.025,0.457079037556976
20.026,0.471657273107575
20.027,0.505908687841999
20.028,0.526622581955513
20.029,0.547189615693886
20.03,0.584883218171363
20.031,0.564767005631794
20.032,0.564280634281854
20.033,0.57548828426535
20.034,0.582401800981773
20.035,0.571698399209372
20.036,0.590866727160419
20.037,0.595347122618039
20.038,0.603031648601521
20.039,0.595944766498258
20.04,0.612770817550863
20.041,0.600787919361284
20.042,0.646087251494236
20.043,0.669778147138461
20.044,0.712909514276521
20.045,0.698184050865166
20.046,0.69473396346041
20.047,0.683862631877482
20.048,0.689957657377154
20.049,0.700572413267783
20.05,0.694993614957167
20.051,0.66675755768198
20.052,0.645815940948604
20.053,0.660321926742929
20.054,0.635977246728458
20.055,0.625838963980681
20.056,0.608589903307593
20.057,0.603807587034821
20.058,0.585586779918019
20.059,0.606378264814891
20.06,0.589687004679434
20.061,0.601764863537171
20.062,0.590224662471471
20.063,0.568771931213923
20.064,0.53808940642308
20.065,0.553495847509507
20.066,0.586146008774464
20.067,0.575060708971698
20.068,0.58851571770438
20.069,0.547988236550656
20.07,0.551686741434262
20.071,0.518835982347755
20.072,0.500288589113188
20.073,0.530420854242162
20.074,0.521022576198768
20.075,0.510291363145301
20.076,0.497341132183543
20.077,0.487804036428945
20.078,0.492892454486709
20.079,0.492775608581787
20.08,0.534513963596631
20.081,0.563252999888913
20.082,0.544715914211978
20.083,0.529025125759892
20.084,0.516317049324475
20.085,0.4564971092637
20.086,0.481763102525446
20.087,0.477986715715684
20.088,0.463746743825635
20.089,0.461804086082082
20.09,0.471748375831795
20.091,0.442976870615173
20.092,0.468585757577637
20.093,0.463921843127689
20.094,0.454068382117589
20.095,0.438230097278577
20.096,0.448632410161702
20.097,0.429098803339481
20.098,0.447155883439147
20.099,0.461774486525363
20.1,0.469827124257632
20.101,0.468397138915017
20.102,0.474444611183563
20.103,0.490893946694063
20.104,0.460096911711563
20.105,0.505415847148063
20.106,0.502369247897484
20.107,0.481502430949214
20.108,0.497012449743713
20.109,0.469256675647854
20.11,0.468706503039441
20.111,0.459965276806035
20.112,0.467103825747209
20.113,0.490060339565394
20.114,0.489237767835435
20.115,0.513463846249726
20.116,0.497324575910969
20.117,0.491003274401948
20.118,0.501382174434977
20.119,0.516106434224228
20.12,0.497899308585251
20.121,0.482503879866426
20.122,0.472372882452764
20.123,0.439300554882687
20.124,0.502944648191463
20.125,0.46705066132233
20.126,0.475794095126163
20.127,0.48353197904957
20.128,0.485015673108378
20.129,0.441766945787594
20.13,0.408746649686354
20.131,0.383359546015086
20.132,0.358339486671156
20.133,0.314727369114881
20.134,0.302210914240895
20.135,0.342857754477904
20.136,0.343170938086785
20.137,0.357215192863358
20.138,0.346686315229999
20.139,0.40754349436024
20.14,0.397092808314282
20.141,0.370708109738455
20.142,0.373351795213642
20.143,0.397783865372984
20.144,0.433541169301333
20.145,0.442960803265597
20.146,0.433755327195256
20.147,0.466439494027011
20.148,0.432083486645636
20.149,0.417776759556123
20.15,0.421309589291649
20.151,0.429228054516595
20.152,0.409306189926261
20.153,0.385156992515942
20.154,0.395611796891393
20.155,0.377230850943206
20.156,0.335058767172523
20.157,0.307807593947854
20.158,0.297777623470473
20.159,0.285251563928052
20.16,0.279235141086633
20.161,0.261773543732011
20.162,0.272293556813896
20.163,0.260540722327573
20.164,0.261161336465238
20.165,0.212978185013247
20.166,0.195642693525489
20.167,0.199155753475137
20.168,0.223361569424887
20.169,0.214785985115002
20.17,0.244739463670393
20.171,0.260669116734793
20.172,0.222593288248583
20.173,0.221198787613385
20.174,0.231297974077454
20.175,0.265324008674392
20.176,0.261712683458033
20.177,0.235650949785095
20.178,0.225516122580976
20.179,0.22974912908164
20.18,0.224568104361741
20.181,0.228140386531672
20.182,0.236565504859771
20.183,0.250397878466362
20.184,0.271057244757846
20.185,0.274570141648725
20.186,0.291086372645601
20.187,0.270392920915655
20.188,0.267331853119263
20.189,0.26320959146313
20.19,0.304620052847331
20.191,0.32925425840199
20.192,0.37467316173495
20.193,0.372766920744513
20.194,0.351931212116853
20.195,0.333616594758782
20.196,0.355277685154229
20.197,0.37172552930063
20.198,0.37707558380781
20.199,0.412502070142921
20.2,0.43762787067482
20.201,0.410033142797796
20.202,0.464811956605201
20.203,0.454968642750249
20.204,0.446382653882532
20.205,0.413817753657342
20.206,0.425595599851533
20.207,0.44708374279887
20.208,0.429513600712332
20.209,0.41205408702087
20.21,0.439484994435163
20.211,0.385653347294355
20.212,0.360420757895127
20.213,0.368092329822781
20.214,0.344957591963884
20.215,0.34617353177589
20.216,0.332144732355522
20.217,0.340967527220705
20.218,0.337869907995475
20.219,0.30293237990563
20.22,0.290935778933079
20.221,0.28116197330636
20.222,0.332988243864259
20.223,0.323521945210139
20.224,0.358557187498757
20.225,0.382548461049948
20.226,0.411615157772719
20.227,0.380402599490226
20.228,0.408032680571194
20.229,0.418045274356721
20.23,0.388868751464058
20.231,0.386592789191025
20.232,0.380628978728256
20.233,0.348137586204752
20.234,0.349454338725063
20.235,0.366509278275335
20.236,0.362787355712811
20.237,0.360938733819327
20.238,0.380969351965342
20.239,0.394403877911172
20.24,0.392962720543157
20.241,0.398790238691392
20.242,0.398894283806908
20.243,0.422358626143461
20.244,0.439711532020969
20.245,0.466073304840454
20.246,0.462801996613691
20.247,0.476510856436567
20.248,0.487783836443504
20.249,0.47244432138156
20.25,0.46904374547224
20.251,0.495123130761091
20.252,0.494628346673024
20.253,0.460588297973603
20.254,0.450825309868698
20.255,0.407245501289086
20.256,0.403633481591848
20.257,0.395477472257337
20.258,0.408007979947349
20.259,0.432395081554829
20.26,0.428069694344112
20.261,0.428080425275114
20.262,0.44318059672634
20.263,0.435608227248097
20.264,0.444676782830994
20.265,0.506432577858724
20.266,0.495820560814601
20.267,0.505694370711394
20.268,0.515675371162984
20.269,0.535110204890819
20.27,0.538708800636671
20.271,0.528238756068244
20.272,0.543685008273357
20.273,0.569504660406076
20.274,0.58741510882334
20.275,0.576040939492753
20.276,0.575335798493124
20.277,0.548231826211737
20.278,0.572248449244582
20.279,0.60726036665163
20.28,0.633744165103312
20.281,0.605866214216678
20.282,0.61818287149016
20.283,0.611398491150243
20.284,0.593082157467228
20.285,0.594761893281865
20.286,0.6189060877091
20.287,0.586679752159152
20.288,0.586091754992368
20.289,0.611609163258124
20.29,0.611573643524511
20.291,0.607655266521108
20.292,0.604615706705233
20.293,0.602672519350628
20.294,0.592561700923755
20.295,0.602069302323314
20.296,0.601896297611791
20.297,0.586639445563911
20.298,0.602800121888714
20.299,0.599074839715413
20.3,0.605587736641902
20.301,0.617304765353914
20.302,0.632486579619892
20.303,0.62343723246203
20.304,0.6261760407042
20.305,0.672374596755054
20.306,0.671530507537152
20.307,0.673937260757982
20.308,0.664973805403419
20.309,0.674075870505748
20.31,0.690515181087062
20.311,0.711565228584943
20.312,0.700136332507794
20.313,0.689163641310532
20.314,0.688018040074672
20.315,0.668485595657553
20.316,0.650500641649126
20.317,0.637179990097911
20.318,0.638451099280229
20.319,0.605116155440359
20.32,0.637862182321579
20.321,0.645551614947619
20.322,0.671103399866288
20.323,0.622435065862624
20.324,0.643886069547551
20.325,0.645353742671707
20.326,0.640606133849541
20.327,0.632760366986816
20.328,0.645868544585874
20.329,0.600670548575541
20.33,0.652780644982683
20.331,0.62150036245972
20.332,0.571483001325647
20.333,0.56196612331268
20.334,0.51903636143089
20.335,0.508656673494402
20.336,0.492039167348202
20.337,0.480785912455684
20.338,0.497330947419636
20.339,0.542204216303605
20.34,0.54408099602994
20.341,0.540686018697971
20.342,0.549214017061523
20.343,0.561352372616751
20.344,0.554117916471069
20.345,0.523185944007406
20.346,0.518505794797822
20.347,0.514605112499905
20.348,0.504352922512106
20.349,0.463613346875081
20.35,0.456046322169277
20.351,0.468536054421325
20.352,0.465354897834854
20.353,0.458832819915489
20.354,0.458183809892697
20.355,0.42380986007162
20.356,0.430228615412963
20.357,0.425634811279823
20.358,0.409055019143179
20.359,0.407099441894865
20.36,0.378971981267403
20.361,0.394924565008837
20.362,0.359261597426097
20.363,0.379267772313519
20.364,0.374816678761919
20.365,0.37118493929008
20.366,0.380352122536984
20.367,0.36283634081592
20.368,0.364648571356182
20.369,0.383198255191535
20.37,0.372405570846371
20.371,0.364276843592845
20.372,0.368847059251506
20.373,0.366066509890169
20.374,0.38619986831274
20.375,0.354243931159805
20.376,0.331748671634996
20.377,0.361397752495742
20.378,0.357998154571024
20.379,0.348649885992857
20.38,0.343154947361781
20.381,0.282649334001534
20.382,0.268699523824845
20.383,0.280158808790226
20.384,0.32395876222306
20.385,0.344361004496584
20.386,0.338462904765088
20.387,0.320397048722409
20.388,0.306579691340325
20.389,0.312408350888329
20.39,0.291287038162879
20.391,0.298088712475507
20.392,0.300958307320622
20.393,0.297713948099436
20.394,0.303485098993202
20.395,0.267578554386823
20.396,0.286982099994407
20.397,0.293742495667075
20.398,0.277722282357049
20.399,0.261382618650141
20.4,0.25456890999977
20.401,0.246963956888237
20.402,0.25247979536379
20.403,0.197125103857207
20.404,0.18672228956652
20.405,0.219097782834102
20.406,0.267773239165618
20.407,0.275317978917899
20.408,0.275783374855156
20.409,0.267482581184435
20.41,0.286686777153418
20.411,0.319673920164782
20.412,0.332557578426201
20.413,0.346504065051976
20.414,0.297054090933747
20.415,0.306728020632063
20.416,0.300205632575519
20.417,0.331386360362517
20.418,0.337772115845132
20.419,0.337685770848267
20.42,0.313634972022013
20.421,0.325192854275751
20.422,0.357854889217949
20.423,0.344186167805134
20.424,0.33232152235153
20.425,0.369708087230495
20.426,0.404340115055345
20.427,0.426444236491321
20.428,0.440067812004877
20.429,0.440859516673963
20.43,0.454504500109479
20.431,0.470232661464432
20.432,0.444875655578996
20.433,0.430406455607379
20.434,0.417718405162069
20.435,0.421906603932784
20.436,0.426789442844413
20.437,0.446385847723557
20.438,0.435408004434096
20.439,0.428863283221249
20.44,0.448971557864848
20.441,0.473429567439244
20.442,0.469781176302673
20.443,0.514847552920287
20.444,0.524500965367435
20.445,0.522427126864673
20.446,0.504521813853935
20.447,0.518675593374348
20.448,0.526307486165298
20.449,0.495201242525471
20.45,0.499969345008092
20.451,0.493594636337131
20.452,0.490725530457066
20.453,0.472950327892922
20.454,0.448627235750951
20.455,0.474191908919134
20.456,0.444461163598244
20.457,0.427676094667699
20.458,0.417597444492444
20.459,0.397269418469942
20.46,0.357301435294846
20.461,0.392350453665213
20.462,0.41190105288569
20.463,0.432683183319549
20.464,0.437998790652195
20.465,0.431556409575306
20.466,0.420846396627523
20.467,0.402003738865446
20.468,0.431423102338214
20.469,0.439762342778691
20.47,0.467086764666055
20.471,0.425457448078292
20.472,0.409238116011095
20.473,0.421602985428079
20.474,0.422457510034219
20.475,0.444122049538621
20.476,0.451797057208162
20.477,0.45040784809505
20.478,0.435612204987014
20.479,0.440259797524579
20.48,0.441318861594732
20.481,0.452860963653669
20.482,0.477914569236385
20.483,0.4839813552283
20.484,0.460325915868717
20.485,0.490890859749739
20.486,0.474384871600331
20.487,0.457483122496796
20.488,0.471226144058851
20.489,0.499389412385201
20.49,0.495456757652897
20.491,0.504929157383551
20.492,0.514939015325424
20.493,0.525161607975363
20.494,0.506565391415898
20.495,0.535222245342327
20.496,0.506044154001501
20.497,0.499897164747264
20.498,0.489289624124646
20.499,0.486476623762736
20.5,0.518336675967433
20.501,0.522162474937256
20.502,0.555463085884327
20.503,0.542530026263422
20.504,0.552895916655937
20.505,0.529574859469809
20.506,0.528864897834663
20.507,0.550774566432708
20.508,0.504415882995431
20.509,0.514906854737193
20.51,0.506738233224234
20.511,0.513599266978339
20.512,0.555459305055616
20.513,0.534459299701078
20.514,0.545106267734622
20.515,0.539506949522564
20.516,0.584099592463882
20.517,0.576488851142842
20.518,0.579501460899916
20.519,0.626219859039896
20.52,0.611842247005156
20.521,0.618066927623551
20.522,0.623695664086227
20.523,0.627768275634855
20.524,0.652456184014131
20.525,0.661018403021977
20.526,0.691621893594481
20.527,0.6886813254512
20.528,0.702435094438875
20.529,0.685924074616018
20.53,0.644813235731277
20.531,0.656241103554659
20.532,0.60513202931145
20.533,0.582257871844129
20.534,0.520612038544998
20.535,0.526843036383972
20.536,0.49628241910883
20.537,0.501921060194246
20.538,0.534552712208357
20.539,0.487744534308035
20.54,0.483927807333203
20.541,0.483992861591116
20.542,0.456898805570532
20.543,0.433830381284833
20.544,0.454247597485191
20.545,0.443397956112235
20.546,0.423295110761279
20.547,0.43032781497824
20.548,0.463960210618589
20.549,0.460796972430777
20.55,0.490665671950174
20.551,0.46576897565608
20.552,0.453336994838988
20.553,0.451086474936298
20.554,0.465641058803611
20.555,0.495183594844601
20.556,0.498529334236859
20.557,0.493134607735803
20.558,0.502822126905047
20.559,0.503223661779936
20.56,0.526167279490807
20.561,0.565025420373631
20.562,0.564436611810693
20.563,0.564923249633741
20.564,0.555832145360275
20.565,0.560677665508468
20.566,0.569603992450539
20.567,0.57840136732393
20.568,0.534538417108089
20.569,0.569474808434421
20.57,0.58630635161696
20.571,0.582582028363868
20.572,0.62244287205004
20.573,0.607845095440377
20.574,0.60157912222613
20.575,0.625950706050278
20.576,0.615119747256549
20.577,0.622475410118571
20.578,0.605823019942955
20.579,0.60355008385521
20.58,0.619681269295145
20.581,0.604128567746417
20.582,0.57620995004939
20.583,0.599089438200772
20.584,0.58265487324791
20.585,0.540613561382843
20.586,0.549929757099951
20.587,0.557673418097152
20.588,0.557343485912432
20.589,0.577334578255343
20.59,0.59131922762016
20.591,0.583375970639589
20.592,0.609589620620335
20.593,0.638320430056298
20.594,0.59342074044795
20.595,0.603297343661788
20.596,0.583862717157182
20.597,0.563608461745191
20.598,0.548587066926721
20.599,0.538370160157876
20.6,0.509613154764264
20.601,0.492509338051345
20.602,0.482335851346484
20.603,0.496748704704373
20.604,0.470498977074976
20.605,0.449576437877384
20.606,0.426670298348037
20.607,0.415373798944764
20.608,0.421796432793758
20.609,0.454918746987169
20.61,0.492008780822446
20.611,0.50316220151662
20.612,0.468629464284558
20.613,0.463457513028125
20.614,0.443775598135393
20.615,0.476061073561337
20.616,0.434695600910129
20.617,0.410843324189596
20.618,0.43574030721741
20.619,0.433650157372489
20.62,0.438699865695814
20.621,0.442234809794543
20.622,0.441011041879102
20.623,0.425252267876216
20.624,0.410971466003855
20.625,0.431259847444472
20.626,0.406067078329719
20.627,0.401183198414119
20.628,0.379423035316822
20.629,0.389717381633707
20.63,0.393762072801709
20.631,0.359303117898538
20.632,0.378509138463622
20.633,0.358000098840183
20.634,0.354680932176657
20.635,0.357984851641414
20.636,0.347261957747457
20.637,0.34822193710471
20.638,0.347605468100355
20.639,0.319527226347805
20.64,0.334945191800956
20.641,0.315660512979544
20.642,0.350459324947039
20.643,0.373045577072201
20.644,0.377538610379956
20.645,0.393414476485114
20.646,0.352507991216163
20.647,0.369131718721963
20.648,0.33056591353901
20.649,0.305440486469945
20.65,0.31542011174248
20.651,0.320021980530186
20.652,0.295998470426373
20.653,0.313986260173778
20.654,0.314851814038288
20.655,0.345386834883525
20.656,0.379557845148275
20.657,0.392617679196385
20.658,0.408912505084535
20.659,0.446374005910899
20.66,0.494918155321744
20.661,0.481864816149527
20.662,0.470170113529367
20.663,0.461597870382325
20.664,0.470006407841213
20.665,0.45884166339626
20.666,0.435503148731533
20.667,0.397377124424953
20.668,0.396808834189961
20.669,0.396704710933789
20.67,0.394479108712922
20.671,0.406312099302486
20.672,0.447046594133467
20.673,0.464387069984727
20.674,0.436121234122978
20.675,0.445047173629887
20.676,0.431843518824759
20.677,0.426055880033142
20.678,0.42422126709945
20.679,0.440104492227904
20.68,0.426898029210239
20.681,0.466255046795273
20.682,0.457111923218755
20.683,0.434380454856273
20.684,0.460851287852234
20.685,0.452859141918015
20.686,0.436624938623436
20.687,0.402100270115949
20.688,0.407820775885026
20.689,0.443948211619938
20.69,0.437074812759328
20.691,0.430262596769338
20.692,0.456793405057446
20.693,0.464551918054834
20.694,0.477707325377478
20.695,0.483732050845357
20.696,0.477103782471979
20.697,0.466953735177678
20.698,0.465522138156404
20.699,0.467034941242869
20.7,0.438781744800874
20.701,0.450384225101081
20.702,0.489882724654894
20.703,0.48314887155779
20.704,0.475997736746843
20.705,0.47660844191294
20.706,0.499537570195642
20.707,0.520498898802586
20.708,0.502962244227939
20.709,0.498590284790337
20.71,0.519783523558474
20.711,0.557064973568444
20.712,0.54344992658455
20.713,0.527805005947894
20.714,0.52000039426962
20.715,0.535091449098778
20.716,0.555791742999162
20.717,0.585437677787531
20.718,0.586052755723939
20.719,0.589186684239879
20.72,0.573473038843141
20.721,0.561184396032506
20.722,0.608742216063625
20.723,0.622583429828065
20.724,0.632430066348046
20.725,0.617829687696102
20.726,0.61064624639377
20.727,0.616457741637713
20.728,0.609091338879559
20.729,0.581172621542513
20.73,0.54742470803711
20.731,0.519377600356504
20.732,0.499947752290357
20.733,0.508558074267407
20.734,0.496566568260887
20.735,0.502175376896492
20.736,0.529935945712746
20.737,0.505613761111606
20.738,0.522906595798352
20.739,0.525422456713906
20.74,0.531365007535989
20.741,0.514030213307287
20.742,0.490589872134729
20.743,0.461278622988469
20.744,0.442831324479201
20.745,0.465440909943305
20.746,0.448786485952483
20.747,0.442280411113897
20.748,0.420893583864268
20.749,0.439747637422526
20.75,0.468256207459637
20.751,0.488948010074822
20.752,0.510723003853072
20.753,0.468319806728729
20.754,0.445446895587628
20.755,0.424368638903251
20.756,0.411645459006701
20.757,0.413097272639985
20.758,0.406069610787554
20.759,0.392965843900271
20.76,0.39196869957111
20.761,0.37364599663303
20.762,0.377849704399194
20.763,0.38418170218683
20.764,0.367140860249531
20.765,0.375901154906758
20.766,0.374045170837852
20.767,0.341320917987734
20.768,0.304288594411154
20.769,0.316741599059702
20.77,0.335343179484293
20.771,0.309662805091687
20.772,0.307022068717277
20.773,0.276752058689093
20.774,0.287616819828207
20.775,0.316680248330887
20.776,0.321330078754209
20.777,0.309833300746142
20.778,0.289222617279016
20.779,0.314124551195984
20.78,0.305729168802045
20.781,0.337458485232448
20.782,0.353014853115082
20.783,0.337665623316531
20.784,0.35785968920802
20.785,0.375633684486117
20.786,0.331337200594673
20.787,0.320022573734591
20.788,0.345893000485613
20.789,0.364230180438795
20.79,0.323683523021727
20.791,0.301529715497146
20.792,0.262265275626964
20.793,0.264388091899722
20.794,0.296969417452301
20.795,0.266741091608426
20.796,0.279094169676542
20.797,0.257540537861575
20.798,0.26873767572244
20.799,0.288636306637868
20.8,0.291612251924933
20.801,0.314701122920494
20.802,0.35029579198476
20.803,0.35956417800554
20.804,0.37770167547125
20.805,0.361749730251973
20.806,0.402672390792363
20.807,0.408953787368066
20.808,0.411082066018651
20.809,0.445102162010333
20.81,0.482947838194633
20.811,0.469587182479668
20.812,0.465957872097017
20.813,0.432339773084325
20.814,0.44632930322505
20.815,0.47870662113981
20.816,0.434392695776832
20.817,0.466067196936996
20.818,0.4173158753742
20.819,0.40775970221928
20.82,0.408601515335667
20.821,0.392541549116573
20.822,0.377543483495921
20.823,0.402567341651681
20.824,0.399774787760122
20.825,0.363195006484891
20.826,0.374409355306121
20.827,0.396774965464191
20.828,0.401762822300448
20.829,0.394235109407585
20.83,0.401876768475997
20.831,0.359172841612632
20.832,0.364808120003528
20.833,0.382026573147501
20.834,0.384659999568207
20.835,0.364093916728831
20.836,0.352586105894748
20.837,0.341039578554788
20.838,0.35414282843468
20.839,0.342202340070431
20.84,0.376329268558527
20.841,0.343926130909425
20.842,0.382023557215938
20.843,0.380781185408882
20.844,0.387108778139604
20.845,0.371919390910991
20.846,0.366416176392464
20.847,0.318816353193801
20.848,0.29932673670187
20.849,0.319456687801711
20.85,0.333571649264257
20.851,0.332364935197476
20.852,0.307551966705782
20.853,0.320105923108578
20.854,0.343359368732531
20.855,0.362621365848424
20.856,0.404218308730878
20.857,0.415521003222522
20.858,0.401123872482824
20.859,0.403942731307892
20.86,0.421971872052089
20.861,0.411215471421569
20.862,0.408860405771071
20.863,0.417520272505734
20.864,0.425995010944419
20.865,0.416520620439361
20.866,0.42537562754409
20.867,0.439002738966352
20.868,0.422940666148672
20.869,0.397690457060904
20.87,0.436844283082247
20.871,0.42137486518758
20.872,0.437224526009372
20.873,0.441319515265438
20.874,0.440086850324564
20.875,0.41241050471992
20.876,0.423062548134014
20.877,0.461830388321093
20.878,0.447577754422797
20.879,0.445353057487689
20.88,0.435055489785436
20.881,0.411140998036685
20.882,0.39597380842115
20.883,0.406996531855837
20.884,0.360051917851006
20.885,0.33788948710055
20.886,0.362269420252823
20.887,0.354628801852171
20.888,0.324880114712612
20.889,0.302971585136645
20.89,0.323731483234938
20.891,0.338761638959936
20.892,0.326344770727919
20.893,0.327240388673185
20.894,0.303040241732099
20.895,0.273359648959984
20.896,0.29341866485245
20.897,0.292549726267716
20.898,0.320272840247128
20.899,0.295088107064426
20.9,0.301295129771769
20.901,0.273717666003446
20.902,0.249323329171097
20.903,0.274441542910413
20.904,0.282477190954345
20.905,0.256291650508683
20.906,0.259916198709001
20.907,0.297918206739648
20.908,0.274921922134529
20.909,0.28833184395327
20.91,0.275701671778849
20.911,0.261738860981926
20.912,0.279778537076046
20.913,0.310228763684003
20.914,0.310822081136142
20.915,0.30273036283471
20.916,0.29544364293731
20.917,0.281192906196214
20.918,0.264157987321836
20.919,0.240221558467399
20.92,0.227826993527827
20.921,0.188795043122424
20.922,0.226840316081878
20.923,0.180000536151142
20.924,0.168846915397175
20.925,0.152314618954269
20.926,0.16411207856653
20.927,0.146911587249722
20.928,0.191091235450433
20.929,0.18081158405602
20.93,0.164512496735884
20.931,0.145023488369279
20.932,0.102497494239788
20.933,0.12627472051435
20.934,0.128492115014487
20.935,0.128278503759167
20.936,0.125998127309729
20.937,0.0958492411205499
20.938,0.0646704434073399
20.939,0.0579052921146135
20.94,0.0507733582305504
20.941,0.0524432717205633
20.942,0.0302479226959089
20.943,0.0424138869247872
20.944,0.0606076147677954
20.945,0.044772688042674
20.946,0.0550754715661087
20.947,0.0608472889923175
20.948,0.060939352900633
20.949,0.0699409205071668
20.95,0.0726162810023842
20.951,0.0714108333284324
20.952,0.0929627700034722
20.953,0.0770441526778808
20.954,0.0653942668810252
20.955,0.0527483999892123
20.956,0.0522985990115596
20.957,0.0449565366165207
20.958,-0.012741873669945
20.959,-0.0137784116833325
20.96,-0.0280217319408863
20.961,-0.046282034346996
20.962,-0.0201825914205971
20.963,-0.0246582461812625
20.964,0.0121193748668377
20.965,0.0221931404931384
20.966,0.0545982926448889
20.967,0.0552286907369723
20.968,0.045922384592713
20.969,0.016436068656523
20.97,-0.00393357210397681
20.971,-0.0122195827970375
20.972,0.0073368403474054
20.973,-0.00788554117168799
20.974,-0.0200824529759393
20.975,-0.0392143295713696
20.976,-0.0299636647862682
20.977,-0.0130420450578823
20.978,-0.0149637598091639
20.979,-0.0159906695920146
20.98,0.0178375993988072
20.981,0.0354196920909835
20.982,0.0450374390989682
20.983,0.0416323947479942
20.984,0.047848546569779
20.985,0.0418255519820943
20.986,0.0342059479178095
20.987,0.0795898206438204
20.988,0.0814410129322691
20.989,0.0759543459052462
20.99,0.0916231675448244
20.991,0.106661953198978
20.992,0.109168231934291
20.993,0.0968080398257556
20.994,0.113751293984083
20.995,0.1256964275355
20.996,0.157694462173573
20.997,0.14754026834016
20.998,0.155465444022042
20.999,0.141595988140158
21,0.148217408015519
21.001,0.148227270763493
21.002,0.149966608876133
21.003,0.177611462883592
21.004,0.167857060051335
21.005,0.182223799193617
21.006,0.186142928260254
21.007,0.223957881312523
21.008,0.209999943851903
21.009,0.232356142663127
21.01,0.245275958643424
21.011,0.27136036197096
21.012,0.263405725587362
21.013,0.217405176380907
21.014,0.191184666517979
21.015,0.17138022069556
21.016,0.158374921722391
21.017,0.149290972649752
21.018,0.171580107698161
21.019,0.185268866478113
21.02,0.1642287477055
21.021,0.116137001284235
21.022,0.0982172505370966
21.023,0.126987038990833
21.024,0.110691326625032
21.025,0.105419605594438
21.026,0.112566384334992
21.027,0.0998269235467421
21.028,0.108679601952107
21.029,0.146917284048528
21.03,0.181948841445605
21.031,0.168375755753126
21.032,0.17247276772345
21.033,0.140263136873776
21.034,0.160038288157994
21.035,0.189954514566979
21.036,0.216503546096982
21.037,0.203217683294749
21.038,0.191656444671803
21.039,0.198131596753268
21.04,0.202176169983728
21.041,0.206058725811174
21.042,0.205307976298708
21.043,0.192626518494205
21.044,0.182189153764104
21.045,0.224012373280703
21.046,0.205496169562335
21.047,0.216831372028363
21.048,0.23605049657881
21.049,0.226106413924506
21.05,0.246913816520182
21.051,0.23520660208578
21.052,0.215871086054247
21.053,0.214600487989714
21.054,0.148484498929952
21.055,0.167482099884836
21.056,0.152124437218041
21.057,0.15228786069996
21.058,0.165835659964046
21.059,0.18372505213741
21.06,0.220404572116326
21.061,0.208018086430454
21.062,0.236999554707954
21.063,0.22866153936614
21.064,0.192766227075758
21.065,0.178977784760781
21.066,0.163174809696503
21.067,0.131772303441618
21.068,0.134602297855965
21.069,0.141282127990002
21.07,0.175942827817314
21.071,0.190862166152363
21.072,0.178433946255866
21.073,0.20327867292038
21.074,0.174377391793159
21.075,0.182179396044169
21.076,0.161414587048488
21.077,0.13615863057585
21.078,0.157632536975985
21.079,0.159733490094173
21.08,0.181431932455582
21.081,0.231951662656787
21.082,0.261292105917305
21.083,0.275235553678858
21.084,0.244706137517551
21.085,0.229120541246169
21.086,0.26109539226618
21.087,0.287967112905658
21.088,0.28869544599224
21.089,0.272061151136893
21.09,0.267924452257585
21.091,0.274819143655235
21.092,0.290265981601876
21.093,0.251738996619851
21.094,0.278632040875224
21.095,0.271975728123205
21.096,0.320176700694309
21.097,0.357910804617295
21.098,0.36030555221709
21.099,0.344090350161331
21.1,0.368383347134609
21.101,0.377708530858018
21.102,0.388827916719463
21.103,0.36039083930696
21.104,0.384901894623466
21.105,0.373680954722974
21.106,0.397970367280204
21.107,0.406306943194107
21.108,0.448604056609811
21.109,0.420554447153531
21.11,0.414006335867123
21.111,0.382137405998086
21.112,0.384881982008625
21.113,0.38476763449633
21.114,0.420514375761322
21.115,0.385956305169499
21.116,0.420603025616359
21.117,0.436420163942052
21.118,0.441907698297893
21.119,0.452342775837449
21.12,0.440095150075815
21.121,0.477489638019275
21.122,0.462737687721741
21.123,0.448702803821117
21.124,0.437574120337183
21.125,0.442147973743888
21.126,0.475934403313307
21.127,0.485598466391285
21.128,0.446543175283443
21.129,0.418693048211412
21.13,0.374901498751458
21.131,0.349072078019338
21.132,0.329525011740993
21.133,0.302869415531172
21.134,0.325847065211478
21.135,0.33874862843359
21.136,0.309540223619187
21.137,0.313377185207686
21.138,0.332735550234393
21.139,0.322256163159552
21.14,0.334117477426377
21.141,0.345543198159927
21.142,0.360783719747043
21.143,0.345401003168632
21.144,0.327518966480356
21.145,0.316984665806326
21.146,0.309531292280881
21.147,0.272874164725824
21.148,0.256327986045952
21.149,0.277298157463859
21.15,0.263784113895561
21.151,0.254275564375298
21.152,0.30496946027274
21.153,0.329479957405299
21.154,0.343333672043232
21.155,0.317765797463569
21.156,0.320742590116408
21.157,0.333480008041892
21.158,0.361709834757125
21.159,0.410226203169157
21.16,0.460751340596941
21.161,0.473050442207606
21.162,0.471867343093729
21.163,0.471501828259795
21.164,0.447353476667993
21.165,0.469525149020279
21.166,0.496361126333767
21.167,0.491729964974239
21.168,0.522503702646208
21.169,0.546680731279191
21.17,0.568353433861251
21.171,0.576589127121388
21.172,0.585281740979103
21.173,0.58428276684324
21.174,0.603498468294829
21.175,0.606406200617467
21.176,0.614845101200373
21.177,0.617847144981421
21.178,0.616769841492692
21.179,0.625170492137599
21.18,0.631189378508207
21.181,0.619594078257997
21.182,0.598315640306326
21.183,0.569929809157355
21.184,0.563397094977038
21.185,0.548875797559992
21.186,0.582652600877258
21.187,0.583861006903278
21.188,0.584887642558667
21.189,0.61057660688126
21.19,0.682341880658835
21.191,0.677130192142921
21.192,0.695503195491954
21.193,0.718636398593455
21.194,0.778054905614196
21.195,0.772379275593984
21.196,0.804864635384109
21.197,0.790694374157118
21.198,0.808651514528892
21.199,0.806208565271642
21.2,0.808672691854861
21.201,0.819949283001993
21.202,0.827725482773967
21.203,0.823206345713969
21.204,0.834669861149072
21.205,0.856035952813194
21.206,0.850399763746387
21.207,0.820693435153516
21.208,0.826360992312764
21.209,0.826108171061286
21.21,0.847596864363129
21.211,0.866873811373388
21.212,0.920373982628
21.213,0.929389066305014
21.214,0.951652033063698
21.215,0.959349432527184
21.216,0.950613767915577
21.217,0.931523346139174
21.218,0.946421775859122
21.219,0.939819922502758
21.22,0.945358380272813
21.221,0.954207455139195
21.222,0.990351302867803
21.223,0.967004193480812
21.224,0.975142795965861
21.225,0.961690611235163
21.226,0.996933932501039
21.227,0.993166379420556
21.228,0.982936866072935
21.229,0.967309440790153
21.23,0.972553090525956
21.231,0.977181690378765
21.232,0.939014233685221
21.233,0.955820794722285
21.234,0.959583875767551
21.235,0.912380562901608
21.236,0.922412094731983
21.237,0.967477521988508
21.238,0.920241941326253
21.239,0.907060017335226
21.24,0.920276792985075
21.241,0.931533654126734
21.242,0.949197519494708
21.243,0.910516244727029
21.244,0.933921120580226
21.245,0.912079969617244
21.246,0.896116819261175
21.247,0.915813566391837
21.248,0.932059469278504
21.249,0.929972596870315
21.25,0.936074343946241
21.251,0.925728927955505
21.252,0.910946577508198
21.253,0.874647662408652
21.254,0.85274184800544
21.255,0.853570748250658
21.256,0.839608841684915
21.257,0.875332325242981
21.258,0.883585629786056
21.259,0.864777444097975
21.26,0.841665460930731
21.261,0.842522927116819
21.262,0.863401785353363
21.263,0.888202976745232
21.264,0.914092741335285
21.265,0.919361738335467
21.266,0.891719194143527
21.267,0.920878860065225
21.268,0.907435113207765
21.269,0.94330391978267
21.27,0.978125435659948
21.271,1.00184220153511
21.272,0.989523756646263
21.273,1.03004076906268
21.274,1.05123222865778
21.275,1.06974645650794
21.276,1.05670934909957
21.277,1.07721873224041
21.278,1.09216929031536
21.279,1.07999180262462
21.28,1.07547400426082
21.281,1.05242449395341
21.282,1.05871852476476
21.283,1.09005184346516
21.284,1.07441103942948
21.285,1.04141239752242
21.286,1.04977017975235
21.287,1.0704215406209
21.288,1.06500183497999
21.289,1.07578427282976
21.29,1.04542986315259
21.291,1.04639019085337
21.292,1.02754282591226
21.293,0.990042371075489
21.294,0.992676735769858
21.295,1.00088368243577
21.296,1.02852401676703
21.297,1.05510506528782
21.298,1.0862619808379
21.299,1.08738534101965
21.3,1.0717476484043
21.301,1.04343022224364
21.302,1.05775069018321
21.303,1.04365148782453
21.304,1.02939445197367
21.305,1.02075486061252
21.306,1.02705262687264
21.307,1.03068762552833
21.308,1.05320104091941
21.309,1.08289543451243
21.31,1.10430348956226
21.311,1.08696199655007
21.312,1.06702448685707
21.313,1.08937117401527
21.314,1.05597756579919
21.315,1.08013233480829
21.316,1.06763999839274
21.317,1.065234381412
21.318,1.07642351062903
21.319,1.08139087953409
21.32,1.08470930590674
21.321,1.10059283903522
21.322,1.11937602368849
21.323,1.07311907590021
21.324,1.07834738885363
21.325,1.10241530768986
21.326,1.11577530961781
21.327,1.10596771466297
21.328,1.10280802366241
21.329,1.09555874780796
21.33,1.10748843583187
21.331,1.09867659396538
21.332,1.09087917890377
21.333,1.10828796521243
21.334,1.14192963657147
21.335,1.11719147319896
21.336,1.0938145939604
21.337,1.07467760144186
21.338,1.04984891358192
21.339,1.06980300610949
21.34,1.07656081800445
21.341,1.08493183376012
21.342,1.09830477104303
21.343,1.11074830071685
21.344,1.06844951015748
21.345,1.04927739730625
21.346,1.0408961146198
21.347,1.0266220883129
21.348,1.01698786095065
21.349,1.00958448969602
21.35,1.03655963000542
21.351,1.01794863506343
21.352,0.991482481009997
21.353,0.998915703360247
21.354,0.98304377313293
21.355,1.03347021016876
21.356,1.05059201004546
21.357,1.02736466473721
21.358,1.06002343228513
21.359,1.0564949441844
21.36,1.04759089267482
21.361,1.05513465802659
21.362,1.08659179304336
21.363,1.06097883585837
21.364,1.02411266550088
21.365,1.03720312509161
21.366,1.04119275130135
21.367,1.04342200646293
21.368,1.0110298174689
21.369,0.993018451153263
21.37,0.992817106393081
21.371,0.987367969187514
21.372,0.99107602839347
21.373,0.987204710141335
21.374,0.984313927172558
21.375,0.970763163057248
21.376,0.980471347673843
21.377,0.970382622800756
21.378,0.981283898687667
21.379,0.999231078195589
21.38,1.00802153420602
21.381,1.01416731198537
21.382,1.04087642051945
21.383,1.04578103397544
21.384,1.07296559323501
21.385,1.08246810833378
21.386,1.05938966454017
21.387,1.06087599951579
21.388,1.05721214776137
21.389,1.05314545314225
21.39,1.02178475140906
21.391,1.00469519063693
21.392,1.0028721782326
21.393,1.01876398870828
21.394,1.04970783956764
21.395,1.06283768835513
21.396,1.04658780104441
21.397,1.0438532747579
21.398,1.02173522312335
21.399,1.00228036071291
21.4,0.998986274671362
21.401,0.947410104028525
21.402,0.95868057412699
21.403,1.00060037570465
21.404,0.980771981097427
21.405,1.0077230017218
21.406,1.06434566789353
21.407,1.04646638523492
21.408,1.01889994087174
21.409,0.997076758359616
21.41,1.00013007007747
21.411,0.980880907785678
21.412,0.95211316760903
21.413,0.936228395816981
21.414,0.944629505954189
21.415,0.953904923137548
21.416,0.928931266938309
21.417,0.902629498946123
21.418,0.899597155005227
21.419,0.928251785666371
21.42,0.932388303777091
21.421,0.943180407417668
21.422,0.959041837613584
21.423,0.991860734311275
21.424,0.999955255026726
21.425,1.04920559453224
21.426,1.0708461028128
21.427,1.06660910261878
21.428,1.07902003348612
21.429,1.07458101810753
21.43,1.11153874641392
21.431,1.1110177667645
21.432,1.12472129536287
21.433,1.10308137017166
21.434,1.08470741827774
21.435,1.08885724167895
21.436,1.10552398240393
21.437,1.11680148523198
21.438,1.14999565322631
21.439,1.13833329338272
21.44,1.12958382069032
21.441,1.12268140758454
21.442,1.13468993454707
21.443,1.13142420655885
21.444,1.10790017367829
21.445,1.12553917728648
21.446,1.0898396306753
21.447,1.07251451032833
21.448,1.05542190015515
21.449,1.07976886087176
21.45,1.04625721641192
21.451,1.08949078489022
21.452,1.09213532541459
21.453,1.08533704811691
21.454,1.10377096669504
21.455,1.11678273664392
21.456,1.11351791801282
21.457,1.11152554604935
21.458,1.12022697050856
21.459,1.11924222850858
21.46,1.11840040418847
21.461,1.12593121032442
21.462,1.10115091905488
21.463,1.10027176547098
21.464,1.12022382232829
21.465,1.17430509831609
21.466,1.1930471808946
21.467,1.21715036806055
21.468,1.20641429223707
21.469,1.17437332542079
21.47,1.19257264057012
21.471,1.20392317183198
21.472,1.24683714680987
21.473,1.26506673903005
21.474,1.24920340266185
21.475,1.24293148531724
21.476,1.27192386416443
21.477,1.29068865414031
21.478,1.31469867691721
21.479,1.31928945314222
21.48,1.29599677277403
21.481,1.28367969248508
21.482,1.27701359149297
21.483,1.26457015676642
21.484,1.27765049140468
21.485,1.25085263568897
21.486,1.27411460856244
21.487,1.28769505836881
21.488,1.28924032879218
21.489,1.3287931482947
21.49,1.34807038235135
21.491,1.37997730413724
21.492,1.38455570206734
21.493,1.36650447288088
21.494,1.36841149858196
21.495,1.36560659844243
21.496,1.35301611462873
21.497,1.35536612835303
21.498,1.36153629591145
21.499,1.36614025450053
21.5,1.39089994295919
21.501,1.40678228088645
21.502,1.42819681135497
21.503,1.43017192052017
21.504,1.40628442547598
21.505,1.39036295971767
21.506,1.39062973394129
21.507,1.39902881187497
21.508,1.37786120319852
21.509,1.37811906269016
21.51,1.41787984688178
21.511,1.39922236948543
21.512,1.38596798200443
21.513,1.37786964182475
21.514,1.40014102447106
21.515,1.3885653852185
21.516,1.33820711289997
21.517,1.34720230065741
21.518,1.36779849252347
21.519,1.37016491517783
21.52,1.3938427942857
21.521,1.35331696582525
21.522,1.33599228382661
21.523,1.37640297927204
21.524,1.37146751662343
21.525,1.3946298188152
21.526,1.43205011433696
21.527,1.43852546114316
21.528,1.4409848969872
21.529,1.44997143784228
21.53,1.50184090203881
21.531,1.48794472965936
21.532,1.45943449631343
21.533,1.45619434070444
21.534,1.45316808215909
21.535,1.45998807516177
21.536,1.47592247741608
21.537,1.48159637959589
21.538,1.46636693476728
21.539,1.4803909740377
21.54,1.46835503571491
21.541,1.44935539780837
21.542,1.45871549922502
21.543,1.45316085384641
21.544,1.46606863815913
21.545,1.45841770976595
21.546,1.42152426547188
21.547,1.43249144062858
21.548,1.41683005207128
21.549,1.35308028020878
21.55,1.35989294050624
21.551,1.37432084607048
21.552,1.33593124385119
21.553,1.3699973712085
21.554,1.32601247296882
21.555,1.32529808341097
21.556,1.30169590047243
21.557,1.28788383779247
21.558,1.26976606493639
21.559,1.24323496631365
21.56,1.22713565928612
21.561,1.20694596636424
21.562,1.18972866408122
21.563,1.20904043190569
21.564,1.17634818145183
21.565,1.18085003044939
21.566,1.17557817968039
21.567,1.15039384735836
21.568,1.20605850520607
21.569,1.1981924374863
21.57,1.22142815554195
21.571,1.23450644025107
21.572,1.24304206077805
21.573,1.27673765831503
21.574,1.26932155328542
21.575,1.24683379844218
21.576,1.2265411776227
21.577,1.21226239387263
21.578,1.19905038951798
21.579,1.19151411352514
21.58,1.20099591616538
21.581,1.17768255631638
21.582,1.16087352802897
21.583,1.15945495311771
21.584,1.17896545218618
21.585,1.20420726205864
21.586,1.19034246198167
21.587,1.18186745156929
21.588,1.1859150753878
21.589,1.17254287754663
21.59,1.21728682257941
21.591,1.21885409457973
21.592,1.22808776267912
21.593,1.23688117891326
21.594,1.25846058355052
21.595,1.25324702112947
21.596,1.29002553431296
21.597,1.27479105834061
21.598,1.28328936416918
21.599,1.30457128139884
21.6,1.34376223099158
21.601,1.33380173939621
21.602,1.31415174862926
21.603,1.29869147821499
21.604,1.34482186838101
21.605,1.33889780127526
21.606,1.36510802714922
21.607,1.35885285546533
21.608,1.29781077560914
21.609,1.27870335295294
21.61,1.29030781211043
21.611,1.28333778698203
21.612,1.28015744203187
21.613,1.28199628566713
21.614,1.27895462830816
21.615,1.28036553474995
21.616,1.33789794072636
21.617,1.32948898117249
21.618,1.30917621411367
21.619,1.28603347690302
21.62,1.30513952630713
21.621,1.3113901536548
21.622,1.28085384247861
21.623,1.31948531826442
21.624,1.35495779390243
21.625,1.31671605670114
21.626,1.30443667972037
21.627,1.26482244637083
21.628,1.23145367998711
21.629,1.22693445823808
21.63,1.2040745217968
21.631,1.21181845636287
21.632,1.23623300698299
21.633,1.2698815482787
21.634,1.27158626496899
21.635,1.24655494124137
21.636,1.25456523508954
21.637,1.22586803638334
21.638,1.22018967174923
21.639,1.23688577560992
21.64,1.24995880642353
21.641,1.22251347692488
21.642,1.23761362431555
21.643,1.21161588721779
21.644,1.2072734730178
21.645,1.18179678678233
21.646,1.18152055729319
21.647,1.18244291322534
21.648,1.1500163622347
21.649,1.13116314481218
21.65,1.1360889549904
21.651,1.14348537770532
21.652,1.17272824077942
21.653,1.20620770891946
21.654,1.20763257061421
21.655,1.201502940869
21.656,1.21785286465134
21.657,1.2358938987395
21.658,1.25627451933575
21.659,1.28056999905391
21.66,1.29727392293567
21.661,1.30482143715352
21.662,1.3008756746552
21.663,1.273620439808
21.664,1.23725205819492
21.665,1.24324496223387
21.666,1.25885460701081
21.667,1.27379324199577
21.668,1.27629478071629
21.669,1.2612994095029
21.67,1.23548973458482
21.671,1.25107347397416
21.672,1.27095301074352
21.673,1.28498585088044
21.674,1.2835534566089
21.675,1.26283805590792
21.676,1.27546281022851
21.677,1.25332766139033
21.678,1.24649711729468
21.679,1.23025447230059
21.68,1.2133476235557
21.681,1.22224569127291
21.682,1.24927920125621
21.683,1.23487049698461
21.684,1.24766467430972
21.685,1.26533169587941
21.686,1.26209239854492
21.687,1.29294852930205
21.688,1.29801758916587
21.689,1.26691440863245
21.69,1.25842873418873
21.691,1.22803610027683
21.692,1.23251246201638
21.693,1.21665088747045
21.694,1.23014599460666
21.695,1.25324751000046
21.696,1.23074129933377
21.697,1.2294746314011
21.698,1.23289214000378
21.699,1.20517829822315
21.7,1.20449120337094
21.701,1.1843245585333
21.702,1.1543681868887
21.703,1.15690725500651
21.704,1.17441095305609
21.705,1.16909236441026
21.706,1.17961667433442
21.707,1.18681780575691
21.708,1.17864687060851
21.709,1.21732521031421
21.71,1.2176681447192
21.711,1.199889617531
21.712,1.16441044488035
21.713,1.16015638014551
21.714,1.17579001807271
21.715,1.20707784670587
21.716,1.17387383209345
21.717,1.18034789554068
21.718,1.17914021597813
21.719,1.22342250650804
21.72,1.22243812227536
21.721,1.23621904406168
21.722,1.19820931514853
21.723,1.18535104462161
21.724,1.16527681486395
21.725,1.18441228774793
21.726,1.18371763401575
21.727,1.19741774354098
21.728,1.19246271630265
21.729,1.20094517101193
21.73,1.20351989527312
21.731,1.22422491550632
21.732,1.22635573688402
21.733,1.19606306835891
21.734,1.18047233966444
21.735,1.18024131022276
21.736,1.17168876721074
21.737,1.18168545532207
21.738,1.1982714714186
21.739,1.19930266569758
21.74,1.19127855525172
21.741,1.18730399311663
21.742,1.23301792051857
21.743,1.2341113841663
21.744,1.25850737102913
21.745,1.23856200964096
21.746,1.23759149534022
21.747,1.1863001368984
21.748,1.20887822024766
21.749,1.20862211582701
21.75,1.1894410837187
21.751,1.18837037418149
21.752,1.2145601067158
21.753,1.24982600253481
21.754,1.25594804091098
21.755,1.23721389163953
21.756,1.27274511699241
21.757,1.27642090819075
21.758,1.29218961357375
21.759,1.30298377457796
21.76,1.29940340370497
21.761,1.32582748403653
21.762,1.35710022311858
21.763,1.38750605032971
21.764,1.40837876029596
21.765,1.4638413048995
21.766,1.43754657813647
21.767,1.44018424599899
21.768,1.44776150126328
21.769,1.46272476554137
21.77,1.49217859489954
21.771,1.48029498047115
21.772,1.4897427416887
21.773,1.51951910305535
21.774,1.49873611871203
21.775,1.4889287543249
21.776,1.47932983692641
21.777,1.46958347057846
21.778,1.49787491949554
21.779,1.55447369958287
21.78,1.53248326253478
21.781,1.49804227212153
21.782,1.56266141137437
21.783,1.58109370385969
21.784,1.57607425300765
21.785,1.60871006307664
21.786,1.56740060938281
21.787,1.58431536758975
21.788,1.56224093611311
21.789,1.55193118555649
21.79,1.54530581273339
21.791,1.52049342450511
21.792,1.52469631371361
21.793,1.51233079502498
21.794,1.48419858529608
21.795,1.48073766410555
21.796,1.48028184149043
21.797,1.45992909777431
21.798,1.47233160957808
21.799,1.45295444904178
21.8,1.45723584736144
21.801,1.45455806891252
21.802,1.48312693021566
21.803,1.47663919341951
21.804,1.46168614845283
21.805,1.42438778207967
21.806,1.44060814523814
21.807,1.42041576925949
21.808,1.42086091434812
21.809,1.4081626936466
21.81,1.39413864765378
21.811,1.42038668874683
21.812,1.39931165913025
21.813,1.41701571339854
21.814,1.41579573301429
21.815,1.43410955167582
21.816,1.42073980361314
21.817,1.45473228602703
21.818,1.46714566868547
21.819,1.49199866990521
21.82,1.46241458051467
21.821,1.44699347286376
21.822,1.43426612612329
21.823,1.41863105428791
21.824,1.4105048476071
21.825,1.39524238689827
21.826,1.43665075920528
21.827,1.43048496241154
21.828,1.43438108182315
21.829,1.42930916570606
21.83,1.43777814868862
21.831,1.45040071899311
21.832,1.47214209221995
21.833,1.47666257621445
21.834,1.47753630702647
21.835,1.49857176717655
21.836,1.51468627327538
21.837,1.47225571383032
21.838,1.47546083851102
21.839,1.46093341779605
21.84,1.46611025507975
21.841,1.52583680086738
21.842,1.5302911649383
21.843,1.51639658020066
21.844,1.53169114438578
21.845,1.54884268347782
21.846,1.5438452348545
21.847,1.55111784893163
21.848,1.53763515843043
21.849,1.52248588552
21.85,1.56479723134532
21.851,1.57793069004615
21.852,1.60437972872259
21.853,1.57442626516865
21.854,1.50509120035907
21.855,1.53091515204657
21.856,1.52293965772096
21.857,1.47525691625861
21.858,1.48181927766038
21.859,1.47838281311813
21.86,1.48607368060558
21.861,1.45833772282618
21.862,1.4561855951052
21.863,1.44163165780043
21.864,1.43232676909493
21.865,1.44054393368885
21.866,1.476819907041
21.867,1.49184995708516
21.868,1.4750693427565
21.869,1.49140395674832
21.87,1.49707677675078
21.871,1.52706679951912
21.872,1.5701895575666
21.873,1.59283852276358
21.874,1.58173357301057
21.875,1.57227780240816
21.876,1.57931892039023
21.877,1.59865824509164
21.878,1.57941848553741
21.879,1.54862372403301
21.88,1.5071168439393
21.881,1.55881959182148
21.882,1.55603673883998
21.883,1.53059685602353
21.884,1.50526705412325
21.885,1.51326912115496
21.886,1.53379513374465
21.887,1.51806852721009
21.888,1.55354430637383
21.889,1.513393750899
21.89,1.54356965040908
21.891,1.51507459533829
21.892,1.49604881594315
21.893,1.52573144954103
21.894,1.51889589038877
21.895,1.47695956129399
21.896,1.45920330239229
21.897,1.45071210719387
21.898,1.42303772713555
21.899,1.44857491465752
21.9,1.44045424207887
21.901,1.41376157943199
21.902,1.45193914095508
21.903,1.46573470672049
21.904,1.47576793287183
21.905,1.51836166649451
21.906,1.53541156063649
21.907,1.53151617495755
21.908,1.54176032871183
21.909,1.52528307748565
21.91,1.53177091837191
21.911,1.51698220355148
21.912,1.50000282151436
21.913,1.48093720768101
21.914,1.45627184456548
21.915,1.46062023918535
21.916,1.45605694211083
21.917,1.43117317273505
21.918,1.44329147778075
21.919,1.4219896718537
21.92,1.42545882409342
21.921,1.41135374215362
21.922,1.38455287582668
21.923,1.36929245254192
21.924,1.37173542135684
21.925,1.36962006656614
21.926,1.36260519143354
21.927,1.37893783804466
21.928,1.37690350765566
21.929,1.38183838036129
21.93,1.36173418202034
21.931,1.35786802125118
21.932,1.32792183677757
21.933,1.3029288635813
21.934,1.30825693877602
21.935,1.29398317903948
21.936,1.25960489895607
21.937,1.2627586908847
21.938,1.28023722074411
21.939,1.27083236616827
21.94,1.28350206860713
21.941,1.24241574575651
21.942,1.2819285660807
21.943,1.33675789585185
21.944,1.35631343232413
21.945,1.37304790759875
21.946,1.39041564977192
21.947,1.39708640261408
21.948,1.39142977562695
21.949,1.36953433723634
21.95,1.36981630356621
21.951,1.31697862591551
21.952,1.34140497844593
21.953,1.33368433950392
21.954,1.33158154612395
21.955,1.37465070851135
21.956,1.35268076066296
21.957,1.32804331659997
21.958,1.34023818229131
21.959,1.3809929723718
21.96,1.37176286400601
21.961,1.36381299937366
21.962,1.37690784256605
21.963,1.32420928001131
21.964,1.2959303061545
21.965,1.30615661955243
21.966,1.29911210899027
21.967,1.27733841999719
21.968,1.28447784948818
21.969,1.29187498507568
21.97,1.24380983046293
21.971,1.21131774584916
21.972,1.22025734129573
21.973,1.18754727698073
21.974,1.19876673085443
21.975,1.17406415589502
21.976,1.18743772924851
21.977,1.21116129447161
21.978,1.24505033855042
21.979,1.27833089412862
21.98,1.30766166145611
21.981,1.34373809900476
21.982,1.36622871679444
21.983,1.31188827371139
21.984,1.30658106008644
21.985,1.31885074726578
21.986,1.34020287785551
21.987,1.32615573681584
21.988,1.33421315794781
21.989,1.36485521975343
21.99,1.37970828301417
21.991,1.35776944134007
21.992,1.35050841085651
21.993,1.35642691881217
21.994,1.33626178838395
21.995,1.34191842508477
21.996,1.33840245188152
21.997,1.36230847531612
21.998,1.36378411079973
21.999,1.35476291625169
22,1.34270883273591
22.001,1.3469790444476
22.002,1.33273015580419
22.003,1.33019177432729
22.004,1.28873201431515
22.005,1.28067946028146
22.006,1.29683703071285
22.007,1.30291600192478
22.008,1.31626948266019
22.009,1.32034887145282
22.01,1.33762757484769
22.011,1.32402061952274
22.012,1.33142647536026
22.013,1.32668035340473
22.014,1.32226449654396
22.015,1.35160424271548
22.016,1.32690304592208
22.017,1.36885995723862
22.018,1.36078577997731
22.019,1.34611959409869
22.02,1.34416930713039
22.021,1.30418143068125
22.022,1.32549646782797
22.023,1.32010292158659
22.024,1.35408665292407
22.025,1.33970108672913
22.026,1.31147623140498
22.027,1.32922384809995
22.028,1.33313603185795
22.029,1.3454669121309
22.03,1.36588877479256
22.031,1.36397357600867
22.032,1.39782543900068
22.033,1.41789583015203
22.034,1.3968365418774
22.035,1.38653892032529
22.036,1.3934717532501
22.037,1.36672765161988
22.038,1.37022423035214
22.039,1.35716605198655
22.04,1.37853145995835
22.041,1.37795898057209
22.042,1.36617946092676
22.043,1.3194652909551
22.044,1.31434798046734
22.045,1.29542019443147
22.046,1.32129134443979
22.047,1.32508182597077
22.048,1.33946485912759
22.049,1.37032370413982
22.05,1.3778979960282
22.051,1.34667340446489
22.052,1.3337348303742
22.053,1.3098968263577
22.054,1.29648375696239
22.055,1.32406276347319
22.056,1.33768114324535
22.057,1.35366739487962
22.058,1.31953014418012
22.059,1.31709613102919
22.06,1.3237741904739
22.061,1.34488475882798
22.062,1.29789516068519
22.063,1.30824768131742
22.064,1.2888929415649
22.065,1.28013662661397
22.066,1.29740612034093
22.067,1.3025878012684
22.068,1.32530241129567
22.069,1.30817780477412
22.07,1.31382181839891
22.071,1.28969257013343
22.072,1.31574966906385
22.073,1.33034160741322
22.074,1.32171894317715
22.075,1.35785766705755
22.076,1.34974698209906
22.077,1.36328727042249
22.078,1.36938960400086
22.079,1.36774055468208
22.08,1.32435464190444
22.081,1.30756702980729
22.082,1.3232250351748
22.083,1.32564280792647
22.084,1.33018392805309
22.085,1.30800763510903
22.086,1.30769801994097
22.087,1.2848391732738
22.088,1.26763308331881
22.089,1.23956412460297
22.09,1.22860366416453
22.091,1.21315522027848
22.092,1.19415975043256
22.093,1.18528880134941
22.094,1.19668807700916
22.095,1.22139691089779
22.096,1.18620416094258
22.097,1.19787089150508
22.098,1.18350767805738
22.099,1.14891748831869
22.1,1.16167664874744
22.101,1.19894847192437
22.102,1.15637335720857
22.103,1.16890340148931
22.104,1.15980552637253
22.105,1.18371692391553
22.106,1.19396728902926
22.107,1.20810292174717
22.108,1.23128414803806
22.109,1.24872210527845
22.11,1.26000539957742
22.111,1.23696083367167
22.112,1.22954333951502
22.113,1.19900315757659
22.114,1.19859134587438
22.115,1.16986404787539
22.116,1.16223955195514
22.117,1.15106186755778
22.118,1.12266225089169
22.119,1.13737345095614
22.12,1.15988973816598
22.121,1.14846191668553
22.122,1.14366111725662
22.123,1.13489986436208
22.124,1.10299008327925
22.125,1.04217256978298
22.126,1.03338891731605
22.127,1.02104825840246
22.128,1.04933413162236
22.129,1.06791562874622
22.13,1.0742674786176
22.131,1.07499917849915
22.132,1.0834295385064
22.133,1.08704840196731
22.134,1.05732542679691
22.135,1.04190131481285
22.136,1.02006489453551
22.137,1.01671419688057
22.138,1.0235219689919
22.139,1.03455477305269
22.14,0.99767513448761
22.141,1.02746377333615
22.142,1.02112512664764
22.143,1.02391119452765
22.144,0.988022114076818
22.145,0.98112255132539
22.146,1.01206604058142
22.147,1.02584986106587
22.148,1.03119027753239
22.149,1.02257882205093
22.15,1.02238134273287
22.151,0.988023227780416
22.152,1.00427001917929
22.153,0.998011267136848
22.154,0.992626439893958
22.155,1.0035634224382
22.156,0.982709872321095
22.157,0.987497115836746
22.158,1.01803475183802
22.159,1.03252028967702
22.16,1.02716194147897
22.161,1.05024136882034
22.162,1.03799842859355
22.163,1.03411627199507
22.164,1.04184901715981
22.165,1.02129816823584
22.166,1.04988574340578
22.167,1.03203062295117
22.168,1.00449992830531
22.169,0.991110863848694
22.17,1.02280592247127
22.171,1.00314503571378
22.172,0.986405907500092
22.173,0.994763894557571
22.174,0.984867047823433
22.175,1.01774322660512
22.176,1.02676876995925
22.177,1.02068283069925
22.178,0.988679383099124
22.179,0.96520075023383
22.18,0.964970716020953
22.181,0.967115251624947
22.182,0.934144922522075
22.183,0.920967296382163
22.184,0.926473026090423
22.185,0.945536198290309
22.186,0.966611540944935
22.187,0.990493437597758
22.188,0.961191260807798
22.189,0.9577126270997
22.19,0.965679252809074
22.191,0.970396273291739
22.192,0.985071026750886
22.193,0.949541047247034
22.194,0.9304141557947
22.195,0.918673485065703
22.196,0.917601513220172
22.197,0.90540776233647
22.198,0.88608996827321
22.199,0.865341210304063
22.2,0.842578220022629
22.201,0.827373759259864
22.202,0.804515780639466
22.203,0.840212515326999
22.204,0.845243398614477
22.205,0.85896335974519
22.206,0.871740761283229
22.207,0.867125757201467
22.208,0.873128308827354
22.209,0.886436768742411
22.21,0.879242479388995
22.211,0.876845820749781
22.212,0.885960735347812
22.213,0.860454165995774
22.214,0.859658729810679
22.215,0.847109688239374
22.216,0.874734191683921
22.217,0.874491613846918
22.218,0.907548115055751
22.219,0.961424442490873
22.22,0.949232485602503
22.221,0.935230533855634
22.222,0.97439120620683
22.223,0.958920939973346
22.224,0.986697179765882
22.225,0.958028238161562
22.226,0.968865131669842
22.227,0.972072728605099
22.228,0.932918360906765
22.229,0.941201868109825
22.23,0.948320345086884
22.231,0.927144407219994
22.232,0.93539509809891
22.233,0.933583393370788
22.234,0.940095479570252
22.235,0.925787607868298
22.236,0.909254829781256
22.237,0.897653393248594
22.238,0.876491350373502
22.239,0.852512823155176
22.24,0.883388389904375
22.241,0.91565414720895
22.242,0.897347981363929
22.243,0.929414834201585
22.244,0.91754619697826
22.245,0.92078144982336
22.246,0.891690885940609
22.247,0.898272808209576
22.248,0.904638603797833
22.249,0.878832812839133
22.25,0.876901405160398
22.251,0.860493905193947
22.252,0.871094181139403
22.253,0.883962865303008
22.254,0.852963830144207
22.255,0.841586863829521
22.256,0.836605829671631
22.257,0.851520318118985
22.258,0.838550055162186
22.259,0.795894421256159
22.26,0.787389003635771
22.261,0.779920556967732
22.262,0.73356516493605
22.263,0.731983223922729
22.264,0.755543358892522
22.265,0.730295287707582
22.266,0.733065370810761
22.267,0.705995782441722
22.268,0.693159372202379
22.269,0.679624583998841
22.27,0.684706179836228
22.271,0.655146253383252
22.272,0.653063705738955
22.273,0.628870220641656
22.274,0.613238185145354
22.275,0.585159146894447
22.276,0.580948993607078
22.277,0.565956064787003
22.278,0.609899183057867
22.279,0.641800728055584
22.28,0.628920582576928
22.281,0.590071772916484
22.282,0.595203651262894
22.283,0.595719788385619
22.284,0.617942709299754
22.285,0.603686796986017
22.286,0.595336556015137
22.287,0.586454548504073
22.288,0.592223803832451
22.289,0.576444032306673
22.29,0.582134252413116
22.291,0.591509326748752
22.292,0.588162292367165
22.293,0.590228769565554
22.294,0.581647858472672
22.295,0.544246829074216
22.296,0.548351520954507
22.297,0.563635157317745
22.298,0.563665027805572
22.299,0.542820832771487
22.3,0.559468055008024
22.301,0.554739146581684
22.302,0.556568556488687
22.303,0.579110114307734
22.304,0.594902405637488
22.305,0.57009242150172
22.306,0.558460199982877
22.307,0.561577200372278
22.308,0.538957194081116
22.309,0.558196326499612
22.31,0.561486218997862
22.311,0.512658274016834
22.312,0.512954498640759
22.313,0.489246615569142
22.314,0.517287541099754
22.315,0.539315797685229
22.316,0.524782134014575
22.317,0.526353850532696
22.318,0.519212195973376
22.319,0.528786808048204
22.32,0.56438943260605
22.321,0.547207682126505
22.322,0.604764029449641
22.323,0.586078691477238
22.324,0.634159882033766
22.325,0.676531684463019
22.326,0.652072651757854
22.327,0.634020610022798
22.328,0.663218644398671
22.329,0.6580823414276
22.33,0.699864451350282
22.331,0.682911863101187
22.332,0.709028159292088
22.333,0.675773916538268
22.334,0.663466769623348
22.335,0.679267553205571
22.336,0.649939783925261
22.337,0.648231296878289
22.338,0.673736922609663
22.339,0.65804558455929
22.34,0.665991804195225
22.341,0.668465838044239
22.342,0.647007855297794
22.343,0.610970160378117
22.344,0.593516944309105
22.345,0.626171550816194
22.346,0.631004087055352
22.347,0.618648767763294
22.348,0.599000655158173
22.349,0.599130806131152
22.35,0.587249867837911
22.351,0.628314155213384
22.352,0.625357194138538
22.353,0.613286366168643
22.354,0.625630119150748
22.355,0.625170978723468
22.356,0.629877877893231
22.357,0.621575022767455
22.358,0.622531063409295
22.359,0.589554536958616
22.36,0.592255927475035
22.361,0.59299409838777
22.362,0.579533789829112
22.363,0.555316103873412
22.364,0.536507471483749
22.365,0.512672635317204
22.366,0.519664169155145
22.367,0.507406476962258
22.368,0.491507777872282
22.369,0.489193296926486
22.37,0.459828451473103
22.371,0.487446851045756
22.372,0.492552910126142
22.373,0.476983582179699
22.374,0.5006355234803
22.375,0.524987460436034
22.376,0.488751003978677
22.377,0.507307233463322
22.378,0.503032428519084
22.379,0.498731817395147
22.38,0.516267242277207
22.381,0.553520051561135
22.382,0.51447138330602
22.383,0.483728851949693
22.384,0.507549078416632
22.385,0.479070519463042
22.386,0.512492200741025
22.387,0.532237560054383
22.388,0.506928056755632
22.389,0.516413184921571
22.39,0.500870682188443
22.391,0.50761397127176
22.392,0.475395614681003
22.393,0.467794126286293
22.394,0.455742915558156
22.395,0.43569527029894
22.396,0.426167350955854
22.397,0.46745143074344
22.398,0.454254913634952
22.399,0.467606182656273
22.4,0.458437731078902
22.401,0.482296406786405
22.402,0.463938720407907
22.403,0.497659323914184
22.404,0.489836175415454
22.405,0.491632380702406
22.406,0.473852944346457
22.407,0.482794036727866
22.408,0.488357354902283
22.409,0.469928213761944
22.41,0.469502203761503
22.411,0.469295505641105
22.412,0.484666630097798
22.413,0.485978831785502
22.414,0.46725126664403
22.415,0.446115986192238
22.416,0.455221449008464
22.417,0.482681836578087
22.418,0.473261931870601
22.419,0.511715301381662
22.42,0.484288344578381
22.421,0.443888346510879
22.422,0.426884956698427
22.423,0.428933385272118
22.424,0.402621304833688
22.425,0.399939133718481
22.426,0.383887410747407
22.427,0.378382093293239
22.428,0.36335132690139
22.429,0.369768363169601
22.43,0.371807233169897
22.431,0.34419227665181
22.432,0.342639585551338
22.433,0.370396433458536
22.434,0.377862972698503
22.435,0.362768793590681
22.436,0.426708350699045
22.437,0.456107740816676
22.438,0.442170416701961
22.439,0.427968043572769
22.44,0.41266341251622
22.441,0.380795553121785
22.442,0.389483213124469
22.443,0.402953320443302
22.444,0.386466108891489
22.445,0.407748484852883
22.446,0.445670082631919
22.447,0.447430654222895
22.448,0.437179215691696
22.449,0.440018480342808
22.45,0.41574794052982
22.451,0.401951226489581
22.452,0.37005435608722
22.453,0.360603422226732
22.454,0.354962932069919
22.455,0.367605766578482
22.456,0.329719229534641
22.457,0.322960431843136
22.458,0.317155214697418
22.459,0.304139482471832
22.46,0.288655904588082
22.461,0.305705368732661
22.462,0.328131854154727
22.463,0.330264366160231
22.464,0.31124531841664
22.465,0.313328118396976
22.466,0.319331189056329
22.467,0.310182174710192
22.468,0.326701635464042
22.469,0.324971256495115
22.47,0.336040763099965
22.471,0.319036659150355
22.472,0.32500487028493
22.473,0.337379754772051
22.474,0.334700089845588
22.475,0.336754817481412
22.476,0.372217033478995
22.477,0.370037470557794
22.478,0.367631422558391
22.479,0.392625480895678
22.48,0.368214134326674
22.481,0.350677908688787
22.482,0.330849950403835
22.483,0.306917505975823
22.484,0.309946889719727
22.485,0.31970997617629
22.486,0.361902185594042
22.487,0.362317598553303
22.488,0.347802738123722
22.489,0.312834751455742
22.49,0.317925122431402
22.491,0.347971199719905
22.492,0.312885471135878
22.493,0.317673425247841
22.494,0.319023237595203
22.495,0.328678764652545
22.496,0.337480989097401
22.497,0.328093292241541
22.498,0.329986683020688
22.499,0.307490871514944
22.5,0.302695210831607
22.501,0.331392470111578
22.502,0.337363030680282
22.503,0.356280671595229
22.504,0.343656646418936
22.505,0.327477268741768
22.506,0.327243779807391
22.507,0.303111126396302
22.508,0.322765332219228
22.509,0.336004142312485
22.51,0.344628991641669
22.511,0.319076394361371
22.512,0.352149896817911
22.513,0.3544297827126
22.514,0.344636379924415
22.515,0.340373839847792
22.516,0.33373827073311
22.517,0.334687634742295
22.518,0.315484338163156
22.519,0.306464072450396
22.52,0.299106318661874
22.521,0.280107779232382
22.522,0.288089288353035
22.523,0.286983725613042
22.524,0.332428058063384
22.525,0.330850241157646
22.526,0.331286029630161
22.527,0.322473219062014
22.528,0.333498543933762
22.529,0.324518848664362
22.53,0.295999868092765
22.531,0.299257272018742
22.532,0.289061741657693
22.533,0.281107622627239
22.534,0.286568142817777
22.535,0.307414428040693
22.536,0.324596996976587
22.537,0.293219373143055
22.538,0.28422985726206
22.539,0.28572183992309
22.54,0.304108783305895
22.541,0.344184651768657
22.542,0.35588618308155
22.543,0.378411117349173
22.544,0.369146487094649
22.545,0.379723571778527
22.546,0.369747540985331
22.547,0.399735179096066
22.548,0.391309737013082
22.549,0.410626603919938
22.55,0.415952572078293
22.551,0.380512007383159
22.552,0.378080354191385
22.553,0.39625578507816
22.554,0.404967503593568
22.555,0.375517468029227
22.556,0.404156128283032
22.557,0.416107685057671
22.558,0.400542768282492
22.559,0.445616861798386
22.56,0.44934050801286
22.561,0.413425943876475
22.562,0.378151257256473
22.563,0.405266472366795
22.564,0.363738096603777
22.565,0.373289022118763
22.566,0.377077263124171
22.567,0.421049268074366
22.568,0.455616623867423
22.569,0.445689193976555
22.57,0.443870094243284
22.571,0.448443233300537
22.572,0.477990599157611
22.573,0.472499527319309
22.574,0.485211842980187
22.575,0.471042362774369
22.576,0.496880416209825
22.577,0.486849763115804
22.578,0.513242682686163
22.579,0.470697470890506
22.58,0.423030355359553
22.581,0.408836026155072
22.582,0.418964270645911
22.583,0.415891420681311
22.584,0.412818329275079
22.585,0.445947617211625
22.586,0.458972653525291
22.587,0.463871327637282
22.588,0.46537211775306
22.589,0.459585064542869
22.59,0.483204218565966
22.591,0.493613085500154
22.592,0.483116894228945
22.593,0.47698301229063
22.594,0.486503660540654
22.595,0.467425355256732
22.596,0.457215971709988
22.597,0.474229676564768
22.598,0.452593216634903
22.599,0.452852135051296
22.6,0.480452046371116
22.601,0.454820008633921
22.602,0.426078538732613
22.603,0.413270848030037
22.604,0.454088221305438
22.605,0.443614933529646
22.606,0.416540209323539
22.607,0.431227198441513
22.608,0.431272471648777
22.609,0.424082038618704
22.61,0.399842992140512
22.611,0.354533444304996
22.612,0.322443255711776
22.613,0.320908869859078
22.614,0.32548437389493
22.615,0.289885007350064
22.616,0.288665337262969
22.617,0.280623929321378
22.618,0.293960416494694
22.619,0.288673609106392
22.62,0.27879996847828
22.621,0.266662823784787
22.622,0.255789117107834
22.623,0.254292625707059
22.624,0.263201768952826
22.625,0.253684435904582
22.626,0.224962132649223
22.627,0.205536816311237
22.628,0.196344810892403
22.629,0.213526385647803
22.63,0.186298458590982
22.631,0.182405852911141
22.632,0.175981175165027
22.633,0.176061452175962
22.634,0.176117555764043
22.635,0.188334519765587
22.636,0.180385539112278
22.637,0.156615086990691
22.638,0.137434736236091
22.639,0.141089321701893
22.64,0.124104426065625
22.641,0.11176269068336
22.642,0.127770050961744
22.643,0.147460374254413
22.644,0.152531594929706
22.645,0.153347271516259
22.646,0.15154465914402
22.647,0.163645008222246
22.648,0.18292209029763
22.649,0.199388669789896
22.65,0.213480691505087
22.651,0.184105922828758
22.652,0.188163041213087
22.653,0.203381690866532
22.654,0.185968248404006
22.655,0.191111511642732
22.656,0.189571606485737
22.657,0.191718969445861
22.658,0.192340857083714
22.659,0.20218968059097
22.66,0.175443630443846
22.661,0.164922220648708
22.662,0.14934233934326
22.663,0.139881426355372
22.664,0.123786914685468
22.665,0.0950644347692149
22.666,0.0973544300167093
22.667,0.0747653267065242
22.668,0.0849662368148274
22.669,0.0766154455562259
22.67,0.0561507603125146
22.671,0.055099806246193
22.672,0.0462936911713451
22.673,0.024320821658539
22.674,0.0107401412843786
22.675,0.0168370082849346
22.676,0.0040762030903818
22.677,-0.0085151397094162
22.678,0.0150055857179888
22.679,0.0366914003029913
22.68,0.0482996632544504
22.681,0.0636956524910864
22.682,0.0830446253371835
22.683,0.0681432779145729
22.684,0.0640524007475417
22.685,0.0414048328382916
22.686,0.0677778797287791
22.687,0.0329528334685982
22.688,0.0569489172747663
22.689,0.04272510707416
22.69,0.0253370538464261
22.691,0.0379352958721571
22.692,0.0681407177617381
22.693,0.0594326414823233
22.694,0.0374163543349437
22.695,0.00266769467479796
22.696,-0.00992531336926976
22.697,-0.0303414907770208
22.698,-0.0228335385215669
22.699,-0.0239962683877791
22.7,-0.0329126740826823
22.701,-0.071218500228256
22.702,-0.0743359972414086
22.703,-0.0713298526204224
22.704,-0.0717470556066909
22.705,-0.109716574850225
22.706,-0.186048337788489
22.707,-0.156204791991938
22.708,-0.115061309795882
22.709,-0.103504301648482
22.71,-0.102547302502659
22.711,-0.0988773155453624
22.712,-0.0928736988766614
22.713,-0.124518725612041
22.714,-0.112286315086736
22.715,-0.129654241172423
22.716,-0.142461426264165
22.717,-0.135784475933373
22.718,-0.0826984741306705
22.719,-0.060407651871624
22.72,-0.0423802077491551
22.721,-0.0527440660920772
22.722,-0.00724699608849622
22.723,-0.0152718711220012
22.724,0.00565871204496733
22.725,0.0424605150598963
22.726,0.0253665468272843
22.727,0.0713855591468464
22.728,0.0734721356843222
22.729,0.0725598565666536
22.73,0.0743710211860334
22.731,0.0673380450353562
22.732,0.0298440887999284
22.733,0.0140483184154309
22.734,-0.00540256704817809
22.735,-0.0191827844131217
22.736,0.0020576113240552
22.737,-0.016345536144284
22.738,-0.0173366178399192
22.739,-0.0450341918103488
22.74,-0.0686352203045024
22.741,-0.115249722384966
22.742,-0.12277497476979
22.743,-0.142539567086602
22.744,-0.1813655992316
22.745,-0.185403883923777
22.746,-0.176673882147552
22.747,-0.160027629892811
22.748,-0.144191961541977
22.749,-0.118738284393966
22.75,-0.100573804091777
22.751,-0.0869953046907638
22.752,-0.114223355496009
22.753,-0.156287024354254
22.754,-0.17519227694966
22.755,-0.211361457460754
22.756,-0.241505215454117
22.757,-0.243041155837065
22.758,-0.214195140300485
22.759,-0.222785245487227
22.76,-0.220059219890529
22.761,-0.237644695459484
22.762,-0.243066696132996
22.763,-0.270241461736017
22.764,-0.262291863611557
22.765,-0.263220882466828
22.766,-0.250159934553608
22.767,-0.280743152714095
22.768,-0.257704866882807
22.769,-0.254160660899796
22.77,-0.253323386643344
22.771,-0.263166289024772
22.772,-0.264826218633365
22.773,-0.237142789224937
22.774,-0.227532626300595
22.775,-0.208329075057145
22.776,-0.164312853989181
22.777,-0.142738766466674
22.778,-0.154913006181426
22.779,-0.16610079762128
22.78,-0.159893369864432
22.781,-0.168775350044573
22.782,-0.168492169832028
22.783,-0.167666943278469
22.784,-0.145646759761038
22.785,-0.133117945303582
22.786,-0.142315012443429
22.787,-0.119461677945178
22.788,-0.129382780214695
22.789,-0.126891601188276
22.79,-0.12187021879286
22.791,-0.146252496529827
22.792,-0.173874844655065
22.793,-0.164295795205081
22.794,-0.164736896097833
22.795,-0.218861039109854
22.796,-0.210382703011563
22.797,-0.195520820793652
22.798,-0.192985208977688
22.799,-0.20528652688504
22.8,-0.206284244655693
22.801,-0.194280581613272
22.802,-0.175579152495185
22.803,-0.175141944550161
22.804,-0.188725029672045
22.805,-0.223707164110429
22.806,-0.227190501269836
22.807,-0.202486807504803
22.808,-0.196270077577862
22.809,-0.192347322076175
22.81,-0.179033630106172
22.811,-0.179680715501252
22.812,-0.155754866490834
22.813,-0.160434323831688
22.814,-0.162230890678565
22.815,-0.147478254789377
22.816,-0.122835815851319
22.817,-0.145313264431731
22.818,-0.117692153675919
22.819,-0.114477622778698
22.82,-0.116087471231046
22.821,-0.160481666083102
22.822,-0.161285002536865
22.823,-0.142262898345252
22.824,-0.144600473214908
22.825,-0.194187296175884
22.826,-0.191469766348437
22.827,-0.176716233587676
22.828,-0.153286992917121
22.829,-0.129824688402417
22.83,-0.124369299750792
22.831,-0.089153153225611
22.832,-0.0990232682357763
22.833,-0.0717393454194366
22.834,-0.0604885612523122
22.835,-0.0611781126686988
22.836,-0.0231062681729603
22.837,-0.0350590092169209
22.838,-0.0356323671284838
22.839,-0.0299598531739015
22.84,-0.0110876148175254
22.841,-0.00148553234098018
22.842,-0.0195125560786048
22.843,-0.00891861426440611
22.844,-0.0201717024094694
22.845,-0.0439089124432621
22.846,-0.054158025987158
22.847,-0.0420060586110763
22.848,-0.091963259695367
22.849,-0.119583389440115
22.85,-0.14169483303764
22.851,-0.126848691797776
22.852,-0.114691750604559
22.853,-0.107039941283124
22.854,-0.139459813853831
22.855,-0.13074199576167
22.856,-0.125576573691544
22.857,-0.154855839038778
22.858,-0.15202222156892
22.859,-0.13617247417583
22.86,-0.127928516358067
22.861,-0.160200756105085
22.862,-0.179375101114026
22.863,-0.156754214097859
22.864,-0.147995256059982
22.865,-0.159215441520711
22.866,-0.157543161539139
22.867,-0.20493922058337
22.868,-0.213147516897521
22.869,-0.214708517530852
22.87,-0.219457700628474
22.871,-0.217928112781549
22.872,-0.224888471047005
22.873,-0.194885848767279
22.874,-0.169712632952451
22.875,-0.187485021976011
22.876,-0.206817248832156
22.877,-0.207564009267454
22.878,-0.199700277203223
22.879,-0.200276655718931
22.88,-0.184226102394339
22.881,-0.1599194568947
22.882,-0.170024686933501
22.883,-0.177709586968325
22.884,-0.173013108652361
22.885,-0.176112745863156
22.886,-0.201743709704576
22.887,-0.194512763935439
22.888,-0.187288072700522
22.889,-0.194870214873475
22.89,-0.183751304443744
22.891,-0.185733646893867
22.892,-0.190430431104194
22.893,-0.208968524960479
22.894,-0.221168169244408
22.895,-0.170133864758795
22.896,-0.154642725643422
22.897,-0.160838552924669
22.898,-0.1354590832523
22.899,-0.134433456147813
22.9,-0.187702397644612
22.901,-0.164627750301616
22.902,-0.170338867875197
22.903,-0.175865695931719
22.904,-0.19940836974095
22.905,-0.163776518876511
22.906,-0.154814435464112
22.907,-0.166435145666414
22.908,-0.158866533687289
22.909,-0.138978738305969
22.91,-0.114912411108984
22.911,-0.0975637609192808
22.912,-0.0708932771922622
22.913,-0.0170622470429409
22.914,0.00330993493157252
22.915,0.0133634559612955
22.916,-0.00914857183008612
22.917,-0.00518226646967436
22.918,0.0170776034930099
22.919,0.0297598958373424
22.92,0.0113888681475626
22.921,0.0115386556149848
22.922,0.0271438125227233
22.923,0.0309521939974402
22.924,0.0171880164027283
22.925,0.0338604984693632
22.926,0.0268272339583516
22.927,0.0690198713615922
22.928,0.0628541729026193
22.929,0.0521750982440468
22.93,0.0333736584157122
22.931,0.0365709318145815
22.932,0.0539134536953602
22.933,0.0311690073224107
22.934,0.0585585932589236
22.935,0.0564864396264736
22.936,0.0505988844436886
22.937,0.0341893771776446
22.938,0.0438822048196691
22.939,-0.00986073252949877
22.94,0.00947998456200132
22.941,0.0184599460730343
22.942,0.0101676920582589
22.943,0.0142038578950006
22.944,0.0126577023714151
22.945,-0.0164509510275793
22.946,0.0167599220785231
22.947,-0.00467059624340138
22.948,0.00936361398216621
22.949,0.0227378828821449
22.95,-0.0140035063873212
22.951,-0.00438251382060958
22.952,0.0211723681170715
22.953,0.0214580964769872
22.954,0.0368661540798143
22.955,0.0247409148618267
22.956,0.0217769090557221
22.957,0.024632022434485
22.958,0.0304530696271586
22.959,0.0390783485991332
22.96,0.0598852079312717
22.961,0.0501715261754605
22.962,0.0414464319464193
22.963,0.0591385868940347
22.964,0.0361773407131233
22.965,0.0133630405241627
22.966,-0.000209639980008973
22.967,0.024444942915347
22.968,0.0275356080147131
22.969,0.0534787745057604
22.97,0.0480471750890143
22.971,0.0490446674559884
22.972,0.0469840708965088
22.973,0.05325132029151
22.974,0.0382765692551219
22.975,0.0194410086481796
22.976,-0.0100989272358243
22.977,0.00715826606856182
22.978,-0.0247698421059354
22.979,-0.051524150303832
22.98,-0.0751065769001536
22.981,-0.0403324126691022
22.982,-0.0792820085312138
22.983,-0.0417414553605603
22.984,-0.0689993087181306
22.985,-0.118428188559826
22.986,-0.133408388596568
22.987,-0.156494514491831
22.988,-0.176004414975392
22.989,-0.15084122912191
22.99,-0.138322797535607
22.991,-0.168894400792576
22.992,-0.165084415914151
22.993,-0.175928826792365
22.994,-0.173574803435652
22.995,-0.176069709541444
22.996,-0.160519820167654
22.997,-0.166583139105316
22.998,-0.162610024723113
22.999,-0.140002123958551
23,-0.12195595389423
23.001,-0.0920159165243701
23.002,-0.111990709478049
23.003,-0.0992930944582983
23.004,-0.133386520586614
23.005,-0.136513874393346
23.006,-0.141153924855095
23.007,-0.130093165852315
23.008,-0.150121504673155
23.009,-0.156239624963922
23.01,-0.150561395248639
23.011,-0.158302155598927
23.012,-0.127565338517282
23.013,-0.126877362141392
23.014,-0.14136519330004
23.015,-0.172912060281365
23.016,-0.169715425731631
23.017,-0.16593664295853
23.018,-0.177575654442747
23.019,-0.171398384930507
23.02,-0.144363211562408
23.021,-0.166428921825364
23.022,-0.190669394282469
23.023,-0.197531667545324
23.024,-0.165931985237768
23.025,-0.162959706346886
23.026,-0.160673552418981
23.027,-0.138273085447213
23.028,-0.14676794070767
23.029,-0.167524249182286
23.03,-0.149942957566986
23.031,-0.148385920801116
23.032,-0.156063295379243
23.033,-0.103758165262958
23.034,-0.0797903243445368
23.035,-0.0876365441944705
23.036,-0.0981258230266955
23.037,-0.119190245647802
23.038,-0.140627501586341
23.039,-0.152838433151387
23.04,-0.11332138607886
23.041,-0.0787879078276936
23.042,-0.0617381511947811
23.043,-0.0601174746944091
23.044,-0.0481072229935451
23.045,-0.0331509850261051
23.046,-0.0418897355045532
23.047,-0.0597885150224809
23.048,-0.0531152625067748
23.049,-0.077901162182551
23.05,-0.0786291782588942
23.051,-0.103375659241102
23.052,-0.103540235333226
23.053,-0.0950544686270146
23.054,-0.117780627161906
23.055,-0.0987379996142977
23.056,-0.109501104497461
23.057,-0.0924812926879321
23.058,-0.0603225636535625
23.059,-0.0549706285944359
23.06,-0.0872116430700423
23.061,-0.0869504531210046
23.062,-0.0582953843062286
23.063,-0.0281369692073282
23.064,-0.0255472024200165
23.065,-0.018272867948456
23.066,-0.0159888400443854
23.067,-0.00929121948207647
23.068,0.00731073899297646
23.069,-0.0173554263763059
23.07,-0.0183314454477482
23.071,-0.00420925527359634
23.072,-0.00860196611250784
23.073,0.0225600251519134
23.074,0.0252745003492063
23.075,-0.00405931212261555
23.076,0.00823652286310971
23.077,0.0510193287489666
23.078,0.0555131480511576
23.079,0.0367259000812132
23.08,0.034567441486392
23.081,0.0274219149902493
23.082,0.0396189654903095
23.083,0.0600054345919711
23.084,0.0444960410642583
23.085,0.0423457509715753
23.086,0.0152019651381098
23.087,0.0305634062951085
23.088,0.0624571411535272
23.089,0.0423283903044855
23.09,0.0528357083808664
23.091,0.0456251981755449
23.092,-0.00736774750062851
23.093,-0.0118035829650805
23.094,-0.0051952079960378
23.095,0.0230307452733141
23.096,0.0236718375210648
23.097,0.0350376668736862
23.098,0.0713498815381797
23.099,0.0552813200715344
23.1,0.0425901438047152
23.101,0.0428997816634944
23.102,0.0359898363409446
23.103,0.0665979629104754
23.104,0.0755223161453641
23.105,0.097531283645348
23.106,0.123839099950234
23.107,0.108967416005367
23.108,0.13037414416307
23.109,0.117335847068268
23.11,0.140569060215356
23.111,0.147659042847568
23.112,0.155708681694303
23.113,0.171865755009852
23.114,0.18624501127627
23.115,0.177668644274216
23.116,0.175989190595914
23.117,0.162752064553971
23.118,0.156040632034553
23.119,0.166266075350638
23.12,0.148993279117614
23.121,0.13651686508946
23.122,0.161668684110947
23.123,0.131447745210948
23.124,0.107119057009149
23.125,0.113129551719158
23.126,0.131721690914895
23.127,0.135977925135546
23.128,0.142193174374651
23.129,0.141711826506552
23.13,0.118501307090449
23.131,0.15994295609529
23.132,0.154532928483676
23.133,0.150109697458604
23.134,0.117405902034395
23.135,0.071632805704959
23.136,0.101935517895837
23.137,0.0820001341339771
23.138,0.090241753186337
23.139,0.084669079387947
23.14,0.0745225954557549
23.141,0.0928136737762905
23.142,0.101131847410061
23.143,0.0808110034595668
23.144,0.114726151951219
23.145,0.14879572941973
23.146,0.151798727032286
23.147,0.175019917451662
23.148,0.18765602892829
23.149,0.152915460511741
23.15,0.166661088473927
23.151,0.164155487533203
23.152,0.130205501374703
23.153,0.157097874923354
23.154,0.178225796000806
23.155,0.155736383174228
23.156,0.161802098680127
23.157,0.159070196474354
23.158,0.156588971099508
23.159,0.163468466354647
23.16,0.15465613381782
23.161,0.114674961836464
23.162,0.104638553334594
23.163,0.140604707966489
23.164,0.145749024765725
23.165,0.142688465797278
23.166,0.144123150046093
23.167,0.11883859613114
23.168,0.11819053674689
23.169,0.15242665266102
23.17,0.152914277153701
23.171,0.150889055642293
23.172,0.17853061105738
23.173,0.185009235048124
23.174,0.204203940617869
23.175,0.167111405527977
23.176,0.160703868717909
23.177,0.119663799861536
23.178,0.096435638566618
23.179,0.094533115360059
23.18,0.0798875847429317
23.181,0.0925985269198438
23.182,0.126403814714645
23.183,0.125867440866474
23.184,0.117177807469118
23.185,0.1215017437367
23.186,0.118880179996121
23.187,0.143842142269565
23.188,0.0997286144087793
23.189,0.126885141937164
23.19,0.164671100717431
23.191,0.116856291564315
23.192,0.122988924490492
23.193,0.106910264520779
23.194,0.122324633379919
23.195,0.166294579876593
23.196,0.14742377825796
23.197,0.108832349073085
23.198,0.0743039864527646
23.199,0.052245471060567
23.2,0.0319002679971913
23.201,0.0171692032977248
23.202,0.0343187552601719
23.203,0.0534026448169464
23.204,0.0426473843935415
23.205,0.0754125222360319
23.206,0.0633123084076465
23.207,0.0419767351329478
23.208,0.0535916336694239
23.209,0.0419276191155824
23.21,0.0517200944208333
23.211,0.0441760797296707
23.212,0.0570770529234438
23.213,0.0551685812226809
23.214,0.0473934596596509
23.215,0.0586601503797214
23.216,0.0166570189558807
23.217,-0.0138435500531304
23.218,0.0013698991387705
23.219,0.00491285207070302
23.22,0.0323850400601284
23.221,-0.0240702937495787
23.222,-0.0313518238493402
23.223,-0.0420506808759145
23.224,-0.0457219753567192
23.225,-0.0613005102563915
23.226,-0.0604407189166405
23.227,-0.0874077265112057
23.228,-0.0856652650514529
23.229,-0.103017271947221
23.23,-0.0572144689111677
23.231,-0.0368833612958821
23.232,-0.0480712845071361
23.233,-0.0759652898857221
23.234,-0.0992352703676699
23.235,-0.0966817390435079
23.236,-0.103758210811147
23.237,-0.153311484791438
23.238,-0.172368208144899
23.239,-0.209971747263218
23.24,-0.229519095079892
23.241,-0.224709644056026
23.242,-0.269739452501365
23.243,-0.267083815734444
23.244,-0.294060943914412
23.245,-0.277845244418334
23.246,-0.26284504686334
23.247,-0.277048788805986
23.248,-0.301530143667651
23.249,-0.312379013492695
23.25,-0.259473047592463
23.251,-0.280168219385733
23.252,-0.294138651260597
23.253,-0.323942233366155
23.254,-0.341294441606175
23.255,-0.356488135476583
23.256,-0.339303258192196
23.257,-0.34726620836698
23.258,-0.334870289019632
23.259,-0.304129936403142
23.26,-0.316821881037463
23.261,-0.302853114239102
23.262,-0.288985711919768
23.263,-0.267331290119031
23.264,-0.250696129317123
23.265,-0.283872081229529
23.266,-0.285405215613903
23.267,-0.28158475898411
23.268,-0.254755072060822
23.269,-0.235614783140996
23.27,-0.233293403089363
23.271,-0.210838600787521
23.272,-0.206607273227507
23.273,-0.195661818422647
23.274,-0.189693465770758
23.275,-0.200765692534079
23.276,-0.228167353594136
23.277,-0.227194757332512
23.278,-0.230761754270573
23.279,-0.2382151941233
23.28,-0.232997365939753
23.281,-0.230406179223931
23.282,-0.255257850183127
23.283,-0.242796455904865
23.284,-0.234539093410977
23.285,-0.252569940823056
23.286,-0.262858372639098
23.287,-0.26401490782946
23.288,-0.236488447451827
23.289,-0.221977720120536
23.29,-0.230583335283026
23.291,-0.233854984088393
23.292,-0.230770713699028
23.293,-0.228913310836698
23.294,-0.251592849527108
23.295,-0.249266685325071
23.296,-0.253307426996688
23.297,-0.22732060364881
23.298,-0.23520135350133
23.299,-0.229976349659761
23.3,-0.218846287243323
23.301,-0.205550783393023
23.302,-0.200402579746942
23.303,-0.228880450512212
23.304,-0.205752415847547
23.305,-0.186630241676287
23.306,-0.190178719620959
23.307,-0.179803201476519
23.308,-0.183846473989067
23.309,-0.21576068068417
23.31,-0.221576401828119
23.311,-0.242693610018045
23.312,-0.23926819088352
23.313,-0.256002106850861
23.314,-0.241789755326181
23.315,-0.260419865494246
23.316,-0.274357078832317
23.317,-0.281912966296416
23.318,-0.310873174890175
23.319,-0.302500910346456
23.32,-0.323466687605231
23.321,-0.337552807895497
23.322,-0.325622103940427
23.323,-0.334071074879767
23.324,-0.336048912316459
23.325,-0.299268528944481
23.326,-0.306634809069899
23.327,-0.312823972358014
23.328,-0.331561180601278
23.329,-0.342714056947077
23.33,-0.342209651008046
23.331,-0.325261967327315
23.332,-0.29517937624346
23.333,-0.262897704106598
23.334,-0.265606396670094
23.335,-0.270769520879814
23.336,-0.26967063945793
23.337,-0.290154531582008
23.338,-0.286389234310579
23.339,-0.282500380117941
23.34,-0.316257861096283
23.341,-0.333015860848999
23.342,-0.369861640434164
23.343,-0.390014283251629
23.344,-0.388979575379739
23.345,-0.387250315810787
23.346,-0.369493307226016
23.347,-0.40492539300722
23.348,-0.425075919762044
23.349,-0.369142049666047
23.35,-0.409359136483468
23.351,-0.390582596839728
23.352,-0.378949033843895
23.353,-0.367535649203352
23.354,-0.351136110513123
23.355,-0.340814165249058
23.356,-0.351702418969662
23.357,-0.299303835604959
23.358,-0.318644052400566
23.359,-0.326916585953142
23.36,-0.304347296903535
23.361,-0.297814880105809
23.362,-0.289550312145211
23.363,-0.267560596147435
23.364,-0.246243895752134
23.365,-0.260955683964244
23.366,-0.27315315547546
23.367,-0.257294466453531
23.368,-0.28220020669066
23.369,-0.31060864824212
23.37,-0.355689403587802
23.371,-0.370275001545479
23.372,-0.36003976360094
23.373,-0.321208399620828
23.374,-0.346332304437
23.375,-0.348368216333569
23.376,-0.342158505411069
23.377,-0.343520349905412
23.378,-0.352245149899372
23.379,-0.36554346138426
23.38,-0.426573966856573
23.381,-0.394413899840812
23.382,-0.444022625461399
23.383,-0.434245454191608
23.384,-0.40172685365594
23.385,-0.390851779488222
23.386,-0.363591562591519
23.387,-0.349332061613868
23.388,-0.333095355153611
23.389,-0.346893984488811
23.39,-0.322205279097347
23.391,-0.348394956610534
23.392,-0.36078318446089
23.393,-0.409422150664995
23.394,-0.383891127525862
23.395,-0.377938990295283
23.396,-0.393145026592635
23.397,-0.358615897078664
23.398,-0.355633374162064
23.399,-0.310616468321268
23.4,-0.314176848860654
23.401,-0.311223362350668
23.402,-0.244323653965476
23.403,-0.217544032804052
23.404,-0.212182358952432
23.405,-0.262504467132519
23.406,-0.27456237002283
23.407,-0.22261776887882
23.408,-0.244144431712062
23.409,-0.244701850658121
23.41,-0.215606756097996
23.411,-0.206483393012186
23.412,-0.268085692908844
23.413,-0.245779996438661
23.414,-0.209141411397706
23.415,-0.207186741712547
23.416,-0.19415612825785
23.417,-0.177893704295859
23.418,-0.200135600321273
23.419,-0.196209446447954
23.42,-0.226697913171324
23.421,-0.245515978454746
23.422,-0.23013958294497
23.423,-0.21666232970414
23.424,-0.198592186060904
23.425,-0.221489013777443
23.426,-0.225076230173385
23.427,-0.209886363081979
23.428,-0.219847817136823
23.429,-0.190489041621275
23.43,-0.168303192800089
23.431,-0.158987658824133
23.432,-0.198766341246143
23.433,-0.153210451805948
23.434,-0.143726411475094
23.435,-0.137046228667677
23.436,-0.150210205375118
23.437,-0.127551824996392
23.438,-0.127041830229009
23.439,-0.168074968373329
23.44,-0.218856046841916
23.441,-0.226795905274466
23.442,-0.200665212821041
23.443,-0.19889463111831
23.444,-0.250089314561652
23.445,-0.209188958380592
23.446,-0.190643221880315
23.447,-0.164917542261769
23.448,-0.169173702423951
23.449,-0.198228192130435
23.45,-0.176304820465585
23.451,-0.157616001220748
23.452,-0.152272227737588
23.453,-0.178674381064507
23.454,-0.188819757562986
23.455,-0.22689192710965
23.456,-0.22001469788785
23.457,-0.220540762499764
23.458,-0.224834653968578
23.459,-0.218181359325481
23.46,-0.231274688562215
23.461,-0.230262949218792
23.462,-0.193670899867268
23.463,-0.225967828807659
23.464,-0.227261526541332
23.465,-0.230145335530997
23.466,-0.239684740225778
23.467,-0.268882241155722
23.468,-0.281252025529829
23.469,-0.265702935027248
23.47,-0.257021838881433
23.471,-0.275711898091476
23.472,-0.263820477067517
23.473,-0.260694604461427
23.474,-0.268303274954571
23.475,-0.278825827905933
23.476,-0.249085284923432
23.477,-0.279294391257002
23.478,-0.25043798686345
23.479,-0.237305831774046
23.48,-0.26646976462516
23.481,-0.240683645175751
23.482,-0.22726380485493
23.483,-0.219497427354075
23.484,-0.208392332320518
23.485,-0.210939567415554
23.486,-0.16840586569917
23.487,-0.193637033558482
23.488,-0.210754713938834
23.489,-0.194757633602718
23.49,-0.185737618927277
23.491,-0.194520307863669
23.492,-0.224304048418621
23.493,-0.2059912158378
23.494,-0.209047391919972
23.495,-0.204811679243912
23.496,-0.230782719925139
23.497,-0.200973638627167
23.498,-0.189473580317716
23.499,-0.182135045760391
23.5,-0.151457126950784
23.501,-0.144861593619869
23.502,-0.129502924876824
23.503,-0.135000572097692
23.504,-0.12396144637606
23.505,-0.108510549279557
23.506,-0.11346380290622
23.507,-0.064849071141827
23.508,-0.0748148250585677
23.509,-0.066811604736274
23.51,-0.0288689513266267
23.511,-0.0219425156575165
23.512,-0.0172903954664721
23.513,0.00371546162356663
23.514,0.0193629175031846
23.515,0.0302631289071635
23.516,0.0396573098791032
23.517,0.029374142125357
23.518,-0.00735375936084109
23.519,-0.0059413186724288
23.52,0.0274736906752973
23.521,0.0296997812447833
23.522,0.054408048854809
23.523,0.0877204648385126
23.524,0.0728266092323137
23.525,0.0616048543873464
23.526,0.0722647860198165
23.527,0.0428700772985006
23.528,0.062033489312265
23.529,0.0657613868330106
23.53,0.0459495460518431
23.531,0.0559109030508102
23.532,0.0512397306668502
23.533,0.0341186005843546
23.534,0.0309270372200026
23.535,0.0391309592739826
23.536,0.0100666016692526
23.537,-0.00312889660170559
23.538,0.012520360655556
23.539,0.0351076951387553
23.54,0.0176190324925418
23.541,0.0349647122472565
23.542,0.0619204691698886
23.543,0.0797851022905367
23.544,0.0792784844390381
23.545,0.0894421184858523
23.546,0.0777632583301601
23.547,0.0725008051405924
23.548,0.0909863036506955
23.549,0.0762837134749191
23.55,0.0921624271608145
23.551,0.0871147807555336
23.552,0.0791559962785519
23.553,0.0991204608231169
23.554,0.093107147050065
23.555,0.0576026555731189
23.556,0.0494257293558116
23.557,0.00629137896790564
23.558,0.0237539658489009
23.559,0.0155993511798093
23.56,0.0388421701236776
23.561,0.0294334534249296
23.562,0.0415082844102784
23.563,0.0587388286876083
23.564,0.0555897594998689
23.565,0.0589264853475206
23.566,0.0515910221442319
23.567,0.054590061147832
23.568,0.060568411714704
23.569,0.0327919352383839
23.57,0.0616707744985795
23.571,0.0414186198308603
23.572,0.0366895928383275
23.573,0.0328262438463739
23.574,0.0429867351512061
23.575,0.0192092790052985
23.576,0.04225009782298
23.577,0.0605006224895463
23.578,0.044994280417714
23.579,0.070659334263497
23.58,0.0448091311136288
23.581,0.0390465065637236
23.582,0.0289649387774244
23.583,0.00745093443292859
23.584,-0.00129211437444994
23.585,-0.0155259993771411
23.586,-0.00790573371695057
23.587,-0.00501846148763288
23.588,-0.0245485291944776
23.589,-0.046110411465708
23.59,-0.0500766656871943
23.591,-0.0757288138859285
23.592,-0.0693843185935831
23.593,-0.0638313355912315
23.594,-0.0678876753314338
23.595,-0.081848245350804
23.596,-0.0771980179492157
23.597,-0.0677759306620026
23.598,-0.0830874345464958
23.599,-0.0471346864570751
23.6,-0.0357994545818115
23.601,-0.0288913309400107
23.602,-0.0584258988266769
23.603,-0.0324146599683418
23.604,-0.00865180349790024
23.605,-0.0347644317455343
23.606,-0.0242258294510554
23.607,-0.0204390605931699
23.608,0.00202741834521856
23.609,-0.0100913039061953
23.61,-0.00303331025878931
23.611,0.014796369697687
23.612,0.0473086512025846
23.613,0.0663476889576067
23.614,0.0477705820304283
23.615,0.0662678784565425
23.616,0.0805626879966571
23.617,0.0735729724895959
23.618,0.0654230347366698
23.619,0.0600840574242316
23.62,0.0448620254384252
23.621,0.0215209427608582
23.622,0.0165837406701074
23.623,-0.0058650019057469
23.624,0.0200836307750481
23.625,0.0160493707048727
23.626,0.0257216267389329
23.627,0.0384744245296944
23.628,0.0376522544152338
23.629,0.0668018022748922
23.63,0.0977554705774727
23.631,0.0926451194601901
23.632,0.0570187684846062
23.633,0.0721693576108436
23.634,0.0631274390031344
23.635,0.0668319750648635
23.636,0.0888034637667332
23.637,0.0970068553947099
23.638,0.0685333680708397
23.639,0.0729176355365762
23.64,0.0808794586456415
23.641,0.0679756104016572
23.642,0.110000041977613
23.643,0.104914455996781
23.644,0.0996807548549242
23.645,0.0802106175909764
23.646,0.0783917669282563
23.647,0.0556127069631959
23.648,0.0609035450773378
23.649,0.0589184942027097
23.65,0.0546525250505262
23.651,0.0529150410756867
23.652,0.0740474088543683
23.653,0.0599066295944909
23.654,0.0276916685564112
23.655,0.0138063429889471
23.656,0.0138344938330261
23.657,0.0237379352574806
23.658,0.0492724443583011
23.659,0.0583005674211615
23.66,0.0375670599307981
23.661,0.0474780226447259
23.662,0.0696453993526385
23.663,0.0614842805663223
23.664,0.0530421688880851
23.665,0.0607193557760241
23.666,0.0322424103852893
23.667,0.0622172702043457
23.668,0.0638937017415932
23.669,0.027814172013247
23.67,-0.000816861040651067
23.671,0.0122261036301191
23.672,0.000432255536222555
23.673,-0.03402712150184
23.674,-0.0590388610720727
23.675,-0.0698837971773047
23.676,-0.0829686445506911
23.677,-0.105368029157848
23.678,-0.0656684052351252
23.679,-0.0856918086920302
23.68,-0.0657101699466636
23.681,-0.0203973152386163
23.682,0.000284700650537303
23.683,-0.00511834158320813
23.684,-0.0093011352039648
23.685,0.00768408076257986
23.686,0.00451755125997253
23.687,0.00491988906984182
23.688,0.043383945535699
23.689,0.0654553532584238
23.69,0.0922445870479395
23.691,0.065390514041936
23.692,0.0627972750381485
23.693,0.0510548999389728
23.694,0.0464071988409467
23.695,0.0673270682486411
23.696,0.0577057321627779
23.697,0.0617247798600868
23.698,0.0528187738589219
23.699,0.0332110264587239
23.7,0.0374067035350496
23.701,0.034899496803878
23.702,0.0505791100888727
23.703,0.0464669299904088
23.704,0.0463772216246033
23.705,0.0537987536537501
23.706,0.057295448224651
23.707,0.0306285621284809
23.708,0.0414495057027664
23.709,0.0232421029203882
23.71,0.0577138323965778
23.711,0.0443678637559045
23.712,0.0125401178151067
23.713,-0.0129376701646657
23.714,-0.0236342406333677
23.715,-0.0717909256490493
23.716,-0.0498369105989011
23.717,-0.0387967634914644
23.718,-0.0171862409813763
23.719,-0.0594057677148472
23.72,-0.0172671806106872
23.721,0.00705004445642991
23.722,-0.00476831601987642
23.723,-0.0316938913026956
23.724,0.00655263530242876
23.725,0.00289186953035521
23.726,0.0209742433999145
23.727,0.0444524216238022
23.728,0.0826512125093257
23.729,0.103494330992962
23.73,0.0740651308165631
23.731,0.0662342242183992
23.732,0.0438981261722395
23.733,-0.00574781783428206
23.734,-0.0328421380876984
23.735,-0.0788593433930437
23.736,-0.0669569784190987
23.737,-0.0397439789639324
23.738,-0.0587905830923666
23.739,-0.0081216186439681
23.74,0.036156251350369
23.741,0.0326614890388371
23.742,0.0432365397423471
23.743,0.0472681325395338
23.744,0.0539094248718764
23.745,0.077650224402694
23.746,0.0858252978453722
23.747,0.098328133311561
23.748,0.102511477456482
23.749,0.152502330776079
23.75,0.198486930576592
23.751,0.186181285902952
23.752,0.183986527274473
23.753,0.165577063979656
23.754,0.163331707541583
23.755,0.138853742088437
23.756,0.10599339587317
23.757,0.132341786353431
23.758,0.119230734710899
23.759,0.148183336377125
23.76,0.178378409912752
23.761,0.158682413972369
23.762,0.141198573337768
23.763,0.124066992802851
23.764,0.120342390383063
23.765,0.140305928747423
23.766,0.163111182853515
23.767,0.176121874857916
23.768,0.123447611565499
23.769,0.124340057628958
23.77,0.114335275892046
23.771,0.116120574159733
23.772,0.0865260047904339
23.773,0.10239084553409
23.774,0.11196915812361
23.775,0.165624977021241
23.776,0.190618286623204
23.777,0.193282488879593
23.778,0.200361609567319
23.779,0.183877142113836
23.78,0.165863615728941
23.781,0.148245291644485
23.782,0.153854603741398
23.783,0.129177578109495
23.784,0.122745424559935
23.785,0.132706189195582
23.786,0.101273027491597
23.787,0.118888816582537
23.788,0.155973103624735
23.789,0.133378553979047
23.79,0.136042566552686
23.791,0.131701526795533
23.792,0.128248854229299
23.793,0.151241683150891
23.794,0.141575040377794
23.795,0.19312649482308
23.796,0.194870311665269
23.797,0.203823652637865
23.798,0.204514669892633
23.799,0.233287545484669
23.8,0.194137774236323
23.801,0.182357587923645
23.802,0.199089944239015
23.803,0.21528468867782
23.804,0.244942500402416
23.805,0.285494186134797
23.806,0.33065039922106
23.807,0.301435714626237
23.808,0.305723580192715
23.809,0.331177189256938
23.81,0.367250361884494
23.811,0.361605053056659
23.812,0.336285198865451
23.813,0.314244196986567
23.814,0.312973757043245
23.815,0.30764318327296
23.816,0.35179227471765
23.817,0.34589844787352
23.818,0.34855898963123
23.819,0.363866401289045
23.82,0.375761097605414
23.821,0.401122080424466
23.822,0.389133666581074
23.823,0.412292624057005
23.824,0.403600585241238
23.825,0.394943302262329
23.826,0.378452219262385
23.827,0.354777220340394
23.828,0.356983988629434
23.829,0.337417252983104
23.83,0.337726558429542
23.831,0.370875986272646
23.832,0.393918820463534
23.833,0.36883978106347
23.834,0.377495866595857
23.835,0.333326552208292
23.836,0.331884575820389
23.837,0.348715658320697
23.838,0.365112192649719
23.839,0.391647318975843
23.84,0.381576764331504
23.841,0.383802076440694
23.842,0.405332456609703
23.843,0.390606597468084
23.844,0.393091976835953
23.845,0.365544191718418
23.846,0.372398511636481
23.847,0.354733550614135
23.848,0.359483385052314
23.849,0.345072147229864
23.85,0.336391741202731
23.851,0.35328951786895
23.852,0.320402780078073
23.853,0.322243911704648
23.854,0.337965202221661
23.855,0.350601934666526
23.856,0.364638226579612
23.857,0.374769599719449
23.858,0.393137127980653
23.859,0.43688897074445
23.86,0.418010017760603
23.861,0.423963400830813
23.862,0.415796431774974
23.863,0.401090426522441
23.864,0.388018575062506
23.865,0.371349829363889
23.866,0.376045514643959
23.867,0.404484598272146
23.868,0.394464277752324
23.869,0.407591004209955
23.87,0.412160704234284
23.871,0.456599005531337
23.872,0.459567797668898
23.873,0.484551726004415
23.874,0.514753330102563
23.875,0.492712637389543
23.876,0.488953007966644
23.877,0.502131222046345
23.878,0.516865974799894
23.879,0.550656484720006
23.88,0.527608626684044
23.881,0.548946992311746
23.882,0.524984532087246
23.883,0.529840117647725
23.884,0.519416907365896
23.885,0.521493914120707
23.886,0.506439211694775
23.887,0.538352591223438
23.888,0.534825119194653
23.889,0.524269152349965
23.89,0.539982516889603
23.891,0.495816266008292
23.892,0.500476354573061
23.893,0.464415627376188
23.894,0.481086887335464
23.895,0.510088999376142
23.896,0.507559071296948
23.897,0.485870001715972
23.898,0.478653763069231
23.899,0.502826938401739
23.9,0.509086809300858
23.901,0.499821000679756
23.902,0.544738201243319
23.903,0.547138467651642
23.904,0.509256749403278
23.905,0.472186794657212
23.906,0.464074464252517
23.907,0.450921120965688
23.908,0.443317059853048
23.909,0.459839211467972
23.91,0.506182551572866
23.911,0.528215254409928
23.912,0.526729713921456
23.913,0.507894822631205
23.914,0.513835923336657
23.915,0.52191888044024
23.916,0.530989306853441
23.917,0.520908351374923
23.918,0.512732920221585
23.919,0.493498365728331
23.92,0.461315168254749
23.921,0.457262927755046
23.922,0.470929867916221
23.923,0.477448840667201
23.924,0.463977496703244
23.925,0.476555379600215
23.926,0.462295349498431
23.927,0.438867622710412
23.928,0.433218362886849
23.929,0.433315863133008
23.93,0.40036048274691
23.931,0.420923158704831
23.932,0.381143859070751
23.933,0.408080710470676
23.934,0.409480702640176
23.935,0.428988555478381
23.936,0.41890360777784
23.937,0.385151723917047
23.938,0.362206244175279
23.939,0.368616207341153
23.94,0.382179997471132
23.941,0.373361680356327
23.942,0.381763843558453
23.943,0.396939615879272
23.944,0.365365659152029
23.945,0.387900789788643
23.946,0.40417332686121
23.947,0.398701634724548
23.948,0.429723547241994
23.949,0.42348554918886
23.95,0.462764675451471
23.951,0.444732814468677
23.952,0.43294301709036
23.953,0.477413659479071
23.954,0.48693944766199
23.955,0.498691745279661
23.956,0.505574206043121
23.957,0.54015703790741
23.958,0.503114336254986
23.959,0.455259577168757
23.96,0.451031691780707
23.961,0.489896541301557
23.962,0.466052409914194
23.963,0.446337957443676
23.964,0.473729556156715
23.965,0.436259841405289
23.966,0.438750293035549
23.967,0.451345303443051
23.968,0.440241277120765
23.969,0.442962734657244
23.97,0.446828699787407
23.971,0.439918317826666
23.972,0.411003672056913
23.973,0.441324782414385
23.974,0.449759971399389
23.975,0.448323120273405
23.976,0.454277018245991
23.977,0.490824790974744
23.978,0.479043308102835
23.979,0.435328087705805
23.98,0.445346240003164
23.981,0.491930444721082
23.982,0.487098498633602
23.983,0.513818605777163
23.984,0.499613007235821
23.985,0.512063676597223
23.986,0.494647962461793
23.987,0.500520477987877
23.988,0.483820275961292
23.989,0.486633584820399
23.99,0.509634517854955
23.991,0.530205720135343
23.992,0.541560441518528
23.993,0.524614291777071
23.994,0.548037108419983
23.995,0.515334549800465
23.996,0.511780710006267
23.997,0.4849616234706
23.998,0.495144675562226
23.999,0.515552879248132
24,0.504772068124538
24.001,0.491950066571543
24.002,0.526697602948726
24.003,0.549137352113926
24.004,0.548876623065396
24.005,0.548964559864685
24.006,0.543507534067906
24.007,0.547434054717954
24.008,0.57641464918942
24.009,0.555051194171498
24.01,0.564160734671235
24.011,0.563152456441117
24.012,0.533113721815686
24.013,0.560566132191875
24.014,0.557502625001002
24.015,0.552590385111093
24.016,0.577081680303448
24.017,0.568488282550168
24.018,0.591046336657782
24.019,0.585871007196339
24.02,0.607838136700572
24.021,0.595527158059056
24.022,0.605204947467805
24.023,0.628863705717759
24.024,0.62145006320332
24.025,0.631475873160952
24.026,0.625137816552057
24.027,0.621286360320369
24.028,0.608077879008779
24.029,0.617452026249931
24.03,0.626751389272761
24.031,0.594028521766201
24.032,0.591052977933364
24.033,0.577653450313687
24.034,0.568012155861127
24.035,0.576717956464127
24.036,0.581842767381826
24.037,0.579258990548434
24.038,0.610437569509219
24.039,0.597539898908192
24.04,0.630004835105464
24.041,0.596471719049934
24.042,0.588556901707114
24.043,0.620706352861223
24.044,0.630984276894893
24.045,0.625376139981517
24.046,0.630080530654088
24.047,0.634576133606519
24.048,0.620645964226451
24.049,0.623983217618858
24.05,0.613867159469406
24.051,0.647959532949972
24.052,0.666853285293153
24.053,0.658109687509387
24.054,0.653298994173464
24.055,0.671151427508988
24.056,0.676715190354194
24.057,0.678334679004905
24.058,0.680559737845395
24.059,0.71561489261604
24.06,0.715158995334595
24.061,0.720892679273674
24.062,0.696900652093184
24.063,0.684498533762401
24.064,0.715323768407064
24.065,0.709622434232577
24.066,0.711100511829313
24.067,0.7112048358949
24.068,0.724990063774428
24.069,0.710304581573918
24.07,0.687918708154367
24.071,0.674462496284823
24.072,0.692934570790374
24.073,0.735415957857778
24.074,0.745496743064352
24.075,0.728181182006311
24.076,0.753010195149734
24.077,0.726602378651018
24.078,0.737016573314877
24.079,0.76448502432089
24.08,0.799208842339456
24.081,0.834885085948745
24.082,0.862247886248675
24.083,0.869015102225038
24.084,0.900427570179203
24.085,0.932357183155251
24.086,0.903675077779395
24.087,0.913836909710796
24.088,0.91998955720632
24.089,0.953229145158892
24.09,0.957186805020732
24.091,0.97535362998872
24.092,0.97286234890226
24.093,0.986919124402338
24.094,1.02124368498235
24.095,1.05681871056572
24.096,1.05935761370172
24.097,1.08998056752642
24.098,1.10608404090416
24.099,1.11330206232802
24.1,1.14254294603367
24.101,1.1705673560077
24.102,1.19020867910553
24.103,1.21315252107303
24.104,1.20687522441402
24.105,1.18613258846177
24.106,1.20281824377087
24.107,1.24468721295314
24.108,1.25569382054245
24.109,1.29939209460447
24.11,1.31061760825775
24.111,1.33973040491701
24.112,1.33699512972115
24.113,1.2903539325131
24.114,1.33722139209329
24.115,1.36095928007354
24.116,1.3490368039113
24.117,1.35943453883651
24.118,1.31129027030381
24.119,1.31755666740366
24.12,1.33293641794758
24.121,1.3500932533559
24.122,1.32716097072836
24.123,1.35273979886742
24.124,1.35022017953275
24.125,1.33947758247506
24.126,1.38904519767102
24.127,1.38348092957873
24.128,1.40491768663086
24.129,1.38868828086626
24.13,1.38378968378022
24.131,1.38366297546073
24.132,1.3989979207511
24.133,1.39511683182974
24.134,1.40909951381742
24.135,1.45277179973019
24.136,1.45406572348838
24.137,1.43259930407955
24.138,1.44306643456767
24.139,1.45013784227521
24.14,1.40916443323818
24.141,1.41258613049181
24.142,1.39234182350158
24.143,1.37637901336225
24.144,1.37907329209056
24.145,1.3929841757654
24.146,1.39913814390657
24.147,1.38707297833908
24.148,1.39498719230204
24.149,1.38844368092046
24.15,1.39650402856819
24.151,1.3777111655289
24.152,1.35985890831935
24.153,1.35341579156088
24.154,1.33994272146324
24.155,1.38571890405003
24.156,1.37660662417508
24.157,1.37081493777561
24.158,1.40315385035013
24.159,1.40920539708266
24.16,1.41333882472362
24.161,1.41251356577763
24.162,1.43641876116517
24.163,1.45120103600943
24.164,1.50764162858906
24.165,1.52398747892121
24.166,1.52788348302008
24.167,1.51379370994988
24.168,1.5489272518712
24.169,1.541486266813
24.17,1.5167179905936
24.171,1.51792487835526
24.172,1.50796470369263
24.173,1.53017374644193
24.174,1.50380525438014
24.175,1.49951372427714
24.176,1.51386202041503
24.177,1.50926904377717
24.178,1.49618395265355
24.179,1.4573425746616
24.18,1.45956372197158
24.181,1.4686978516316
24.182,1.44254857696579
24.183,1.42822466877774
24.184,1.42316579078113
24.185,1.44005951368466
24.186,1.37267268023284
24.187,1.34037916906393
24.188,1.34382281422653
24.189,1.36568635869791
24.19,1.38181230738349
24.191,1.38844208582134
24.192,1.37457148531962
24.193,1.37676021782794
24.194,1.36069857252798
24.195,1.39837177948489
24.196,1.39535727356609
24.197,1.38075579478612
24.198,1.39298545132079
24.199,1.36816137295383
24.2,1.39169352429294
24.201,1.38613208844047
24.202,1.37699169327528
24.203,1.36470917547829
24.204,1.40613508066025
24.205,1.39945227286906
24.206,1.40357866678231
24.207,1.41819466270126
24.208,1.42977327097286
24.209,1.38500657475165
24.21,1.39642288454492
24.211,1.408753308136
24.212,1.42521968657923
24.213,1.41304283329741
24.214,1.37189486681623
24.215,1.39011924725338
24.216,1.38277532523214
24.217,1.37620986781245
24.218,1.38626667751245
24.219,1.4067413585783
24.22,1.38416139470292
24.221,1.40302646718563
24.222,1.40854444446955
24.223,1.39888162892488
24.224,1.37672969488696
24.225,1.4021494247181
24.226,1.41550941292134
24.227,1.38664644158384
24.228,1.40985508551772
24.229,1.40188211169275
24.23,1.40734209753507
24.231,1.43827169435497
24.232,1.39682827116152
24.233,1.42454523889354
24.234,1.43431112734958
24.235,1.41162032417757
24.236,1.40179155931152
24.237,1.39511065043971
24.238,1.42699877088115
24.239,1.43372255133686
24.24,1.43905069553044
24.241,1.42205844352678
24.242,1.42038678776421
24.243,1.45492206928393
24.244,1.49605138820349
24.245,1.53005406496187
24.246,1.51671154391156
24.247,1.57563489849347
24.248,1.6019136439975
24.249,1.61859366002126
24.25,1.58078578952799
24.251,1.57825732865511
24.252,1.59772497821247
24.253,1.65368470338536
24.254,1.6220054460837
24.255,1.66100513356826
24.256,1.70529467547323
24.257,1.69252324037313
24.258,1.6476882047023
24.259,1.64427342230139
24.26,1.64563382924294
24.261,1.65755399182703
24.262,1.67301693994916
24.263,1.66206174486762
24.264,1.64937264732671
24.265,1.67161424229201
24.266,1.69742156489824
24.267,1.66517409288272
24.268,1.6333790850906
24.269,1.63114662403485
24.27,1.65923638772476
24.271,1.67053872057241
24.272,1.68660943002605
24.273,1.69309552260243
24.274,1.66840646698744
24.275,1.70372547670416
24.276,1.67530301467244
24.277,1.66979581795129
24.278,1.70652076062201
24.279,1.70416480730237
24.28,1.68650660985621
24.281,1.66417587095896
24.282,1.66222351812007
24.283,1.66515540697388
24.284,1.66423965088678
24.285,1.66580539539597
24.286,1.64344679920247
24.287,1.60976560209705
24.288,1.61300775045058
24.289,1.58448717454749
24.29,1.65314320301561
24.291,1.6543075575431
24.292,1.66075139284057
24.293,1.60062608010811
24.294,1.62627828418457
24.295,1.63065403512092
24.296,1.61010412660577
24.297,1.61902146179861
24.298,1.6062184416727
24.299,1.65362656753312
24.3,1.65205962763611
24.301,1.65414221049191
24.302,1.66171137085776
24.303,1.65382442747031
24.304,1.69059060296622
24.305,1.72347123800534
24.306,1.69841365623907
24.307,1.68903739784041
24.308,1.68434496005069
24.309,1.7097065822641
24.31,1.72869304738787
24.311,1.75994683439498
24.312,1.77401972045919
24.313,1.79859594370279
24.314,1.80121433652685
24.315,1.80921550512364
24.316,1.79910103680586
24.317,1.7631840463045
24.318,1.7536885257945
24.319,1.7668272408404
24.32,1.74200101217761
24.321,1.73349390619399
24.322,1.71967845901854
24.323,1.72855603822416
24.324,1.74185432518738
24.325,1.76951613768664
24.326,1.78473135318307
24.327,1.79779196351445
24.328,1.78557567903703
24.329,1.79136990969872
24.33,1.81405590704472
24.331,1.83131939069437
24.332,1.83963200336294
24.333,1.83940199491921
24.334,1.86635559385505
24.335,1.8355442415272
24.336,1.8829808942883
24.337,1.87778324262145
24.338,1.8976109059162
24.339,1.88652108862133
24.34,1.8646667413483
24.341,1.86557275236623
24.342,1.87758893661365
24.343,1.88920618213715
24.344,1.85429533142406
24.345,1.84903314486956
24.346,1.88121031210146
24.347,1.90764808069504
24.348,1.9258580775733
24.349,1.95922502595748
24.35,2.04135933788
24.351,2.03841021358017
24.352,2.03340957660354
24.353,2.0588411388601
24.354,2.05837232555109
24.355,2.06512266171514
24.356,2.0537250026211
24.357,2.064849391503
24.358,2.0438891779471
24.359,2.05662331004991
24.36,2.07350920617058
24.361,2.10638340780332
24.362,2.10111740579876
24.363,2.12250597823395
24.364,2.11483520840952
24.365,2.12141893752362
24.366,2.11136482294209
24.367,2.10623344427732
24.368,2.118990410281
24.369,2.13257926491958
24.37,2.12393722065011
24.371,2.15189391839483
24.372,2.16235458972488
24.373,2.14149866059754
24.374,2.15237445644129
24.375,2.15843327351889
24.376,2.13269895035466
24.377,2.14129956243998
24.378,2.11798816795656
24.379,2.07227578784433
24.38,2.07957604001997
24.381,2.06419779396921
24.382,2.03268453281506
24.383,2.08646695638791
24.384,2.11905594368779
24.385,2.13569137582538
24.386,2.11690183969032
24.387,2.08243052045751
24.388,2.09726203550218
24.389,2.099130378153
24.39,2.09596947054436
24.391,2.12616237951143
24.392,2.12834723910253
24.393,2.15949719466048
24.394,2.17682298113214
24.395,2.19894634036506
24.396,2.2123680575946
24.397,2.22172618532228
24.398,2.2635432351544
24.399,2.24142734253338
24.4,2.2282717976936
24.401,2.22320559689538
24.402,2.21956059127801
24.403,2.22859484247348
24.404,2.2254056600381
24.405,2.19831136544154
24.406,2.18691526973369
24.407,2.20382347911184
24.408,2.239212434208
24.409,2.26195751178353
24.41,2.26133927666228
24.411,2.24840314621396
24.412,2.22382421566772
24.413,2.22809644392761
24.414,2.19218635252485
24.415,2.20476591625853
24.416,2.18927159582435
24.417,2.17867082089625
24.418,2.15073439282891
24.419,2.15873167431382
24.42,2.13814222389217
24.421,2.13045844166783
24.422,2.0948179255956
24.423,2.13144909484425
24.424,2.14868423764589
24.425,2.15929627817034
24.426,2.19399568922321
24.427,2.18436078174866
24.428,2.21355543666877
24.429,2.17513450288687
24.43,2.18249140204918
24.431,2.20811620452897
24.432,2.1791134336536
24.433,2.16190072295052
24.434,2.16547242323375
24.435,2.17023540388078
24.436,2.17134617900539
24.437,2.17046903345136
24.438,2.14475446202583
24.439,2.10890969013844
24.44,2.12791626748447
24.441,2.13236653977368
24.442,2.10663833258319
24.443,2.14186617272749
24.444,2.1850710672588
24.445,2.15898267032349
24.446,2.15833552545115
24.447,2.14878033441997
24.448,2.14212112065529
24.449,2.09640933351161
24.45,2.0859791801771
24.451,2.08274367357335
24.452,2.08452996879494
24.453,2.11152310157772
24.454,2.11766439359853
24.455,2.12291891693173
24.456,2.14031071274201
24.457,2.1693845044026
24.458,2.14601399491566
24.459,2.15620471864904
24.46,2.11543390592917
24.461,2.12182921321473
24.462,2.12820523718788
24.463,2.1436267579679
24.464,2.15506203512092
24.465,2.16962559955121
24.466,2.17852461467303
24.467,2.15561421098666
24.468,2.1499502450821
24.469,2.13228648096689
24.47,2.10504628308962
24.471,2.09531387588879
24.472,2.0632084449122
24.473,2.07257232102005
24.474,2.07239249963318
24.475,2.0364598143478
24.476,2.05710752811201
24.477,2.0657437062999
24.478,2.07638569709873
24.479,2.10883541700117
24.48,2.13166819055484
24.481,2.11019066023652
24.482,2.13084989226874
24.483,2.12895734678421
24.484,2.12999763222546
24.485,2.16919884537631
24.486,2.19769820013798
24.487,2.18107199362947
24.488,2.16898345650566
24.489,2.19119790834282
24.49,2.20594296811226
24.491,2.19885747821246
24.492,2.17887760189722
24.493,2.20121597284502
24.494,2.21206587614555
24.495,2.2375969480388
24.496,2.2068785738513
24.497,2.2062836881633
24.498,2.1875083538457
24.499,2.1817437462739
24.5,2.17151031327435
24.501,2.16690368549149
24.502,2.14598672049704
24.503,2.15235493464979
24.504,2.14664332847145
24.505,2.1440755660681
24.506,2.12450979845814
24.507,2.09989907361406
24.508,2.09807017848722
24.509,2.10043265078262
24.51,2.08398762458288
24.511,2.1039630222125
24.512,2.10352025349267
24.513,2.10128368256554
24.514,2.0842238657865
24.515,2.07416752012774
24.516,2.08196679685474
24.517,2.08050207054387
24.518,2.06821686712273
24.519,2.06132192372562
24.52,2.05078204475331
24.521,2.07171172696542
24.522,2.06263107056758
24.523,2.03866406983004
24.524,2.05574233446011
24.525,2.08289530437408
24.526,2.07004465521111
24.527,2.05260330883397
24.528,2.03097338515052
24.529,2.01562969279108
24.53,2.0655133284072
24.531,2.03518342376785
24.532,2.05570443694443
24.533,2.04682095653108
24.534,2.04590037260726
24.535,2.03644307912921
24.536,2.00966794032466
24.537,2.00439505298431
24.538,2.01152178176361
24.539,2.06637603940793
24.54,2.08064167566948
24.541,2.06038734834577
24.542,2.0415636780528
24.543,2.02618385378929
24.544,1.97683355772041
24.545,1.96996673851919
24.546,1.96337576883308
24.547,1.94482165251452
24.548,1.97171272678264
24.549,1.98532312576975
24.55,1.96848263658103
24.551,1.96419791225167
24.552,1.97800864782278
24.553,1.96484129526062
24.554,1.97230015710736
24.555,1.96249171755058
24.556,1.97591991490961
24.557,1.98628659688056
24.558,1.96905708212924
24.559,1.94573553353219
24.56,1.92902714546048
24.561,1.90527622250976
24.562,1.88416469305276
24.563,1.85452699411439
24.564,1.82595085333371
24.565,1.77304821009831
24.566,1.79885627439058
24.567,1.79583436696851
24.568,1.79637485670531
24.569,1.83526179089986
24.57,1.83162823686236
24.571,1.83050776124391
24.572,1.85287136027227
24.573,1.85246544749865
24.574,1.86454181016663
24.575,1.87319116208168
24.576,1.88282222143973
24.577,1.86852441434807
24.578,1.87394615684981
24.579,1.88851968819036
24.58,1.90351956786291
24.581,1.90110022885092
24.582,1.89528836340341
24.583,1.92356796724602
24.584,1.90364065993908
24.585,1.91727734532511
24.586,1.90476922863332
24.587,1.89922526328579
24.588,1.90425739729609
24.589,1.91241335197504
24.59,1.92747531443751
24.591,1.89881973052707
24.592,1.91293717706455
24.593,1.91357239524607
24.594,1.88387936148175
24.595,1.8738677631095
24.596,1.86224116156711
24.597,1.84652429729111
24.598,1.84042763500162
24.599,1.87387977742319
24.6,1.89959174708135
24.601,1.90999241777177
24.602,1.87362776730765
24.603,1.9146742608656
24.604,1.88393570154682
24.605,1.87693523284391
24.606,1.88729315562133
24.607,1.90151395624384
24.608,1.88333130643261
24.609,1.89162370193012
24.61,1.88577427314197
24.611,1.8901853459379
24.612,1.87430439997247
24.613,1.88191390883893
24.614,1.86890623558318
24.615,1.8668874389053
24.616,1.86165656069771
24.617,1.868345486599
24.618,1.85956016054976
24.619,1.87113205316632
24.62,1.84842415733538
24.621,1.82967283071714
24.622,1.82887050372155
24.623,1.84673173155299
24.624,1.83013860455743
24.625,1.85010106781581
24.626,1.8257920920017
24.627,1.87879421792871
24.628,1.87411447108797
24.629,1.86551350514651
24.63,1.89584919411263
24.631,1.92302452769752
24.632,1.89515087005799
24.633,1.86782498311194
24.634,1.85992765451277
24.635,1.88097360906397
24.636,1.87454949301287
24.637,1.88092587446388
24.638,1.87666077142065
24.639,1.87255795003378
24.64,1.8287308676862
24.641,1.86616295948387
24.642,1.85110953623201
24.643,1.84791345555825
24.644,1.83733411629097
24.645,1.81159473841433
24.646,1.78859293842563
24.647,1.8082839391972
24.648,1.81832989902161
24.649,1.84626700071456
24.65,1.83743155589405
24.651,1.80620782815262
24.652,1.78480107300805
24.653,1.77797618574175
24.654,1.76100136502375
24.655,1.72937752377908
24.656,1.6915541229404
24.657,1.64940873160987
24.658,1.69074041744262
24.659,1.68922149155055
24.66,1.66944451622881
24.661,1.66015706004821
24.662,1.657992354088
24.663,1.66592906422911
24.664,1.65539551338995
24.665,1.65679711004625
24.666,1.66606443807129
24.667,1.66941935824419
24.668,1.64572653208929
24.669,1.68286163252676
24.67,1.68138565595904
24.671,1.72374394160964
24.672,1.73405901573398
24.673,1.75117458707043
24.674,1.73539592811623
24.675,1.72873699346793
24.676,1.72257980300253
24.677,1.72512416744672
24.678,1.70590679351404
24.679,1.7108129011188
24.68,1.72893929257062
24.681,1.71441499573208
24.682,1.70768113446279
24.683,1.7108507919054
24.684,1.70225703478937
24.685,1.70550811945526
24.686,1.67555238874669
24.687,1.68551219928171
24.688,1.65659982512614
24.689,1.60863909959091
24.69,1.62455951175704
24.691,1.57450829491357
24.692,1.56586157116318
24.693,1.5243061249317
24.694,1.50498669620327
24.695,1.48585116211808
24.696,1.47528266908225
24.697,1.47494625371129
24.698,1.47388968877213
24.699,1.46459107660197
24.7,1.46631865722457
24.701,1.47452163656311
24.702,1.49631189897293
24.703,1.48814513330016
24.704,1.45799746149539
24.705,1.50642449236632
24.706,1.53685748974625
24.707,1.53617252159852
24.708,1.52404572572288
24.709,1.52516140676789
24.71,1.53563387708386
24.711,1.54289511321009
24.712,1.53485850095062
24.713,1.51847599345799
24.714,1.50894039675656
24.715,1.49784769093748
24.716,1.47654916831282
24.717,1.46982215201968
24.718,1.41704994921056
24.719,1.40192820147515
24.72,1.44650057363509
24.721,1.40735898098935
24.722,1.39063555569797
24.723,1.39672259880538
24.724,1.36818965238675
24.725,1.37896646365472
24.726,1.3671310398999
24.727,1.36631259564609
24.728,1.36089617914333
24.729,1.31915191047841
24.73,1.31671860018612
24.731,1.29112871513519
24.732,1.29604758123591
24.733,1.25904855094549
24.734,1.26941583904287
24.735,1.25497949412011
24.736,1.2421441708559
24.737,1.19089752288824
24.738,1.18154938977668
24.739,1.1699286866814
24.74,1.12978636826491
24.741,1.13838334883816
24.742,1.15739316003339
24.743,1.15223933780683
24.744,1.14904052672471
24.745,1.15725638092944
24.746,1.13792581539068
24.747,1.13679449270639
24.748,1.10668327147398
24.749,1.10237519944584
24.75,1.08419891443529
24.751,1.06270027481063
24.752,1.00932411255042
24.753,0.999202014045207
24.754,0.9990811589002
24.755,1.02117630985263
24.756,0.998683787679286
24.757,0.99356285376636
24.758,0.974412360460784
24.759,0.970974678128316
24.76,0.942533925646559
24.761,0.9253806808459
24.762,0.920992941055336
24.763,0.949079949443549
24.764,0.914443961036598
24.765,0.888440372651107
24.766,0.859765507559847
24.767,0.848623050381697
24.768,0.849182743353628
24.769,0.879835432804073
24.77,0.863483630926852
24.771,0.8256179537262
24.772,0.863350238280549
24.773,0.877248875757177
24.774,0.891763581559077
24.775,0.863021736736768
24.776,0.865598019378473
24.777,0.834911475625826
24.778,0.803806739164313
24.779,0.802267699150186
24.78,0.831242584391031
24.781,0.835256820910337
24.782,0.820707588659516
24.783,0.805198389464476
24.784,0.815241581735572
24.785,0.838010501250866
24.786,0.824244178600039
24.787,0.808706484606985
24.788,0.821299722711446
24.789,0.862442308579648
24.79,0.842436403220175
24.791,0.831040799522939
24.792,0.803260828240155
24.793,0.833477787658243
24.794,0.801213305745156
24.795,0.843035689952191
24.796,0.798375115968658
24.797,0.763327957293156
24.798,0.723900381796462
24.799,0.730655807447313
24.8,0.744596323364093
24.801,0.78142915015749
24.802,0.785272571749457
24.803,0.776738988870473
24.804,0.767052603285893
24.805,0.787546891316201
24.806,0.794495469236349
24.807,0.79529544038609
24.808,0.781623985496626
24.809,0.76546784797669
24.81,0.764697175506241
24.811,0.746606490062982
24.812,0.741969215361364
24.813,0.750850676945739
24.814,0.792609617590115
24.815,0.813105544854159
24.816,0.831191334762333
24.817,0.830401555724114
24.818,0.802690445344087
24.819,0.81924983915837
24.82,0.831003043916436
24.821,0.81809934845559
24.822,0.820349315011695
24.823,0.827803050103606
24.824,0.800968804954826
24.825,0.820492671775285
24.826,0.819552762591262
24.827,0.832739462094545
24.828,0.835359164223999
24.829,0.817713747693052
24.83,0.81880308038606
24.831,0.781462681590385
24.832,0.765683643645597
24.833,0.790388961444869
24.834,0.784834579661328
24.835,0.779734883007135
24.836,0.799563623324017
24.837,0.794130520066017
24.838,0.795198406359213
24.839,0.816588177534253
24.84,0.820206160928324
24.841,0.831394109366824
24.842,0.86220528158339
24.843,0.872779718502313
24.844,0.898299597413876
24.845,0.906549050128644
24.846,0.892882309362224
24.847,0.906225799790676
24.848,0.932569331233829
24.849,0.915951924102594
24.85,0.909541976863996
24.851,0.91545723241464
24.852,0.918158628322123
24.853,0.943482671537149
24.854,0.920449270199568
24.855,0.891420733500576
24.856,0.853786449188269
24.857,0.871707070140061
24.858,0.864956572540342
24.859,0.825055101297019
24.86,0.840386314526621
24.861,0.827424729610719
24.862,0.781944115971691
24.863,0.811717202017688
24.864,0.802319360758926
24.865,0.795160446872242
24.866,0.767990260953361
24.867,0.76836856768676
24.868,0.773979711380873
24.869,0.801023994878822
24.87,0.794772546454184
24.871,0.800288479994117
24.872,0.784952893839688
24.873,0.768662920401219
24.874,0.778349086210314
24.875,0.801180220740977
24.876,0.780355509792937
24.877,0.757485347249729
24.878,0.7417475740782
24.879,0.694831130526546
24.88,0.664920165041589
24.881,0.715743530920545
24.882,0.690336835860289
24.883,0.699377335201291
24.884,0.670959246795116
24.885,0.667258489324297
24.886,0.653958974530847
24.887,0.635106406848913
24.888,0.624387464954333
24.889,0.631978012952456
24.89,0.626292670282996
24.891,0.586587335112818
24.892,0.615432075747031
24.893,0.617790692479632
24.894,0.610545196484511
24.895,0.625645398141883
24.896,0.656223556597012
24.897,0.665478975025406
24.898,0.662031067536925
24.899,0.629028376082463
24.9,0.63525292488657
24.901,0.610414881421285
24.902,0.625696054730803
24.903,0.634037904896932
24.904,0.635008354315456
24.905,0.618638039943983
24.906,0.576670551241194
24.907,0.551240200282127
24.908,0.55622282513777
24.909,0.536284297201436
24.91,0.561428358525777
24.911,0.564265330069815
24.912,0.548405677865015
24.913,0.522793526160446
24.914,0.549627688164352
24.915,0.548558269814695
24.916,0.551487578226264
24.917,0.55952635236254
24.918,0.552949024610168
24.919,0.497560499741727
24.92,0.469262932622845
24.921,0.465883722436023
24.922,0.437568910284025
24.923,0.492940619479352
24.924,0.499676561330721
24.925,0.512334793135415
24.926,0.547947998397224
24.927,0.512177017942316
24.928,0.48233025647383
24.929,0.468329013615855
24.93,0.453119511646053
24.931,0.460633275442461
24.932,0.488989489063408
24.933,0.51506908837639
24.934,0.551185020371631
24.935,0.559266262250289
24.936,0.549664285790784
24.937,0.518083641703064
24.938,0.538001580730744
24.939,0.540024847418816
24.94,0.550423041630482
24.941,0.573477661700874
24.942,0.535737536765177
24.943,0.51185965769787
24.944,0.519671879556762
24.945,0.517624590574327
24.946,0.493570144243649
24.947,0.492464750644666
24.948,0.509586608740607
24.949,0.492968233572455
24.95,0.506875308008363
24.951,0.523943809876432
24.952,0.529698004255685
24.953,0.547231609135261
24.954,0.556893440093471
24.955,0.576834540021229
24.956,0.604078032544964
24.957,0.620007581356561
24.958,0.601426350377292
24.959,0.634952102642367
24.96,0.651205324424709
24.961,0.668368805881461
24.962,0.653762581052697
24.963,0.661979508792244
24.964,0.650174670093728
24.965,0.632553853180411
24.966,0.617762427197797
24.967,0.631405622866339
24.968,0.624207936771831
24.969,0.599408902244565
24.97,0.6429360914474
24.971,0.640833216662565
24.972,0.654429482041335
24.973,0.652869969679771
24.974,0.659191604399555
24.975,0.643916443689252
24.976,0.614715984950584
24.977,0.591884643136939
24.978,0.567695971749839
24.979,0.537280540226894
24.98,0.547160182235053
24.981,0.551331352020382
24.982,0.558866991960422
24.983,0.554547138648556
24.984,0.54375656088721
24.985,0.530789453441181
24.986,0.532151451812279
24.987,0.520048294010811
24.988,0.520486371221911
24.989,0.500061360561911
24.99,0.50897278440791
24.991,0.495354820765445
24.992,0.475192182369601
24.993,0.483473381579041
24.994,0.526318985472785
24.995,0.490909004101771
24.996,0.533047074335896
24.997,0.537014477103765
24.998,0.536583840888972
24.999,0.487059353803959
25,0.459865301772715
25.001,0.441416190893466
25.002,0.445376411966379
25.003,0.468919027184629
25.004,0.491866282189426
25.005,0.509262878974887
25.006,0.535792419149919
25.007,0.518425944835772
25.008,0.482214864851842
25.009,0.482517275491305
25.01,0.484882619255254
25.011,0.45686529630809
25.012,0.496537541257539
25.013,0.512441777533342
25.014,0.50371353104147
25.015,0.499897647731475
25.016,0.54088200411751
25.017,0.522759765695584
25.018,0.509068047496083
25.019,0.510523538570168
25.02,0.51152980966759
25.021,0.48149757390943
25.022,0.479516053448844
25.023,0.475458242716686
25.024,0.454641099099327
25.025,0.477554625825047
25.026,0.494590632117095
25.027,0.47987480624066
25.028,0.486056889001239
25.029,0.486914779306488
25.03,0.446617990880362
25.031,0.450419553753923
25.032,0.415884195465849
25.033,0.437244758612876
25.034,0.463315042050051
25.035,0.456421006022268
25.036,0.459669298939606
25.037,0.453915446776269
25.038,0.461406050580065
25.039,0.466234469916948
25.04,0.473024299818237
25.041,0.486243145289662
25.042,0.48611453701032
25.043,0.454782405120619
25.044,0.46308718525581
25.045,0.471218908800481
25.046,0.506756107725808
25.047,0.487664138044516
25.048,0.487234211075401
25.049,0.508038329587364
25.05,0.489183232971647
25.051,0.495786048121001
25.052,0.504023967665461
25.053,0.505667441521976
25.054,0.473707576782416
25.055,0.457740805764242
25.056,0.462620398929138
25.057,0.467832977464742
25.058,0.487400871128573
25.059,0.467519723227943
25.06,0.45714594582847
25.061,0.460164841691605
25.062,0.502788275599016
25.063,0.506071188402306
25.064,0.520015097620191
25.065,0.512919404037091
25.066,0.522483499577212
25.067,0.486933548641898
25.068,0.486351957795776
25.069,0.489939478423817
25.07,0.477602731508792
25.071,0.518361037058944
25.072,0.501976440068898
25.073,0.452917582439323
25.074,0.413629581665443
25.075,0.439690706575508
25.076,0.445447535171989
25.077,0.476978726232274
25.078,0.471206747219427
25.079,0.513724704945923
25.08,0.498300764646492
25.081,0.514637806224413
25.082,0.495011129221901
25.083,0.49891836321929
25.084,0.516215181310989
25.085,0.502587774717612
25.086,0.48764716318417
25.087,0.46067847594904
25.088,0.458560451017386
25.089,0.437639673560687
25.09,0.443870477262664
25.091,0.411124251805359
25.092,0.387481812095014
25.093,0.425410187852971
25.094,0.393969930148048
25.095,0.371867056597098
25.096,0.33942334093265
25.097,0.332172919875756
25.098,0.381671487545834
25.099,0.395073588811564
25.1,0.392177067287089
25.101,0.398798032663217
25.102,0.420884287911264
25.103,0.420011269312099
25.104,0.42567106533644
25.105,0.421627668521365
25.106,0.398121795344032
25.107,0.402619226504156
25.108,0.417272680316976
25.109,0.441871346505173
25.11,0.476122888490513
25.111,0.462924002890088
25.112,0.480257973031392
25.113,0.516786326572401
25.114,0.553503931992416
25.115,0.522171017842449
25.116,0.529112163724279
25.117,0.493877189169852
25.118,0.476901877078597
25.119,0.515198658863441
25.12,0.511887605342009
25.121,0.490326630770932
25.122,0.490101441526472
25.123,0.474615127272114
25.124,0.445273291913764
25.125,0.455677073925742
25.126,0.439925454468762
25.127,0.411613453308586
25.128,0.407097547080389
25.129,0.448284620990345
25.13,0.416118303502378
25.131,0.449800256346049
25.132,0.457634493305767
25.133,0.416295544738686
25.134,0.373032900418589
25.135,0.356574286468775
25.136,0.312422706887713
25.137,0.296404051004102
25.138,0.289524633067569
25.139,0.262393417393268
25.14,0.241303128749798
25.141,0.266013424029447
25.142,0.280082082524071
25.143,0.243423562353286
25.144,0.21126939907426
25.145,0.219369135981696
25.146,0.214100316503342
25.147,0.209105801314853
25.148,0.227087444876929
25.149,0.219533501070121
25.15,0.191352759055304
25.151,0.167984590299567
25.152,0.154340020042831
25.153,0.175381801421359
25.154,0.202845238163899
25.155,0.179646393876786
25.156,0.217330835538789
25.157,0.228404128651197
25.158,0.198628845241934
25.159,0.195087086108721
25.16,0.190105969895389
25.161,0.182894866457185
25.162,0.191861338041607
25.163,0.205663898421526
25.164,0.190878386250376
25.165,0.174307984885851
25.166,0.192266231030826
25.167,0.190177485741713
25.168,0.218551105404258
25.169,0.222603211529424
25.17,0.214995822615106
25.171,0.21371719390605
25.172,0.210074401983402
25.173,0.216688137145729
25.174,0.235589573808165
25.175,0.22443757810532
25.176,0.205195509849047
25.177,0.219020313468069
25.178,0.223884384472441
25.179,0.157439573933984
25.18,0.153066674623851
25.181,0.182659158470601
25.182,0.153767402877596
25.183,0.155975800244984
25.184,0.191425383535794
25.185,0.178784637535146
25.186,0.195829238053009
25.187,0.163777550826604
25.188,0.186974663816035
25.189,0.154044201366266
25.19,0.147872335145063
25.191,0.175780888570398
25.192,0.192472953025533
25.193,0.2185993876388
25.194,0.18681329005228
25.195,0.159649566519253
25.196,0.134987880427462
25.197,0.101313346766244
25.198,0.114899441297055
25.199,0.108622958509016
25.2,0.0941789780114795
25.201,0.084197700299619
25.202,0.116335672837194
25.203,0.100141725395588
25.204,0.0887188795258679
25.205,0.0900970066341701
25.206,0.0685593614225962
25.207,0.0830758802841822
25.208,0.101248951023978
25.209,0.0966195086320195
25.21,0.123076123493562
25.211,0.0901810290356336
25.212,0.0738437013760289
25.213,0.0451319759207083
25.214,0.0317251638601434
25.215,0.0535367904766243
25.216,0.0478926401635849
25.217,0.0719915957999028
25.218,0.0741550176708567
25.219,0.0753878211124585
25.22,0.0698511239606049
25.221,0.0631103680788959
25.222,0.065821507205311
25.223,0.0690935722677104
25.224,0.0672489900706637
25.225,0.0542251555924016
25.226,0.0414541014805799
25.227,0.0553273997924602
25.228,0.0489532764889784
25.229,0.0145454749126322
25.23,0.0175838900697872
25.231,0.0081097062405744
25.232,0.00976184437816709
25.233,0.0370772665562612
25.234,0.0182248198386395
25.235,0.00739799209351225
25.236,0.0176623429195991
25.237,0.0373123435542396
25.238,0.0249864495353674
25.239,-0.0155669455747194
25.24,0.00580619601591743
25.241,0.0170231257214721
25.242,0.00925226829074427
25.243,0.015640586170857
25.244,0.0384837703113011
25.245,0.0795375801855013
25.246,0.0935385990587928
25.247,0.114938698096972
25.248,0.0425798660887518
25.249,0.0412730323438054
25.25,0.0711394245109444
25.251,0.0538724084328395
25.252,0.0761241288238752
25.253,0.0994218422552504
25.254,0.0794825712335805
25.255,0.132020738110759
25.256,0.131576305580823
25.257,0.104404165366368
25.258,0.107302847903866
25.259,0.101596349731019
25.26,0.0944849377149248
25.261,0.13814394004578
25.262,0.129847940179628
25.263,0.114867323579631
25.264,0.122397461413957
25.265,0.141678649075574
25.266,0.15320445909343
25.267,0.16539566152763
25.268,0.12327946282417
25.269,0.135224192694793
25.27,0.146605759679837
25.271,0.156647990387968
25.272,0.122048698351217
25.273,0.147885438733757
25.274,0.13270077002691
25.275,0.134389097203624
25.276,0.118931842911274
25.277,0.112078652236196
25.278,0.127432747318838
25.279,0.14143390993677
25.28,0.130145277074571
25.281,0.135983955523804
25.282,0.17443766370796
25.283,0.150424488003065
25.284,0.151083986810095
25.285,0.175149904212485
25.286,0.193481006374892
25.287,0.206937145771609
25.288,0.199421835503435
25.289,0.205571527664302
25.29,0.241434993525233
25.291,0.226811583310634
25.292,0.210590761276771
25.293,0.199451435486265
25.294,0.198814954951295
25.295,0.242739164808654
25.296,0.24627411969249
25.297,0.256509001731995
25.298,0.258270925988158
25.299,0.265427161936184
25.3,0.278934515202062
25.301,0.277453407791692
25.302,0.311458012032002
25.303,0.315007369597084
25.304,0.301685330709316
25.305,0.308991944641635
25.306,0.253175163577643
25.307,0.2546230347003
25.308,0.233992164714965
25.309,0.272074006949444
25.31,0.309696909078998
25.311,0.292780945827321
25.312,0.314804007662439
25.313,0.291510120304896
25.314,0.27943113786284
25.315,0.280954945003715
25.316,0.270648549391403
25.317,0.267556184864534
25.318,0.266264828546471
25.319,0.2604627972258
25.32,0.247788169353976
25.321,0.234645883819251
25.322,0.281215825550074
25.323,0.315208993646842
25.324,0.30340063442993
25.325,0.314810963643586
25.326,0.350932171071585
25.327,0.348232566094396
25.328,0.356692946081407
25.329,0.355840186509142
25.33,0.348148890450417
25.331,0.309577631662827
25.332,0.323709985931102
25.333,0.320930973936815
25.334,0.31475526445901
25.335,0.261465743655015
25.336,0.248649470497613
25.337,0.260678663897486
25.338,0.255851159431787
25.339,0.230741593709631
25.34,0.197543842706449
25.341,0.237165998569834
25.342,0.242142651878857
25.343,0.241334671481634
25.344,0.262978117530481
25.345,0.286008871199912
25.346,0.281750766629573
25.347,0.236588345384847
25.348,0.225008035270198
25.349,0.238095122673213
25.35,0.239808520415299
25.351,0.249766499154587
25.352,0.249672746551492
25.353,0.248780928303937
25.354,0.259801942969865
25.355,0.2746514735482
25.356,0.27863716918167
25.357,0.292008184291934
25.358,0.272471251190656
25.359,0.248865991339194
25.36,0.269097830711384
25.361,0.265838107863506
25.362,0.292459732374667
25.363,0.277412701158045
25.364,0.290053962685376
25.365,0.277112215367897
25.366,0.270181853134445
25.367,0.252911772056199
25.368,0.228487801013876
25.369,0.28556483734381
25.37,0.256242587450217
25.371,0.233700009361347
25.372,0.24682577899354
25.373,0.25617167957363
25.374,0.266104188257464
25.375,0.278046277322393
25.376,0.295052367719282
25.377,0.335165674627598
25.378,0.320559584465814
25.379,0.274842795705984
25.38,0.292517772673299
25.381,0.265282206301536
25.382,0.305743627854741
25.383,0.301288265087245
25.384,0.293232635943676
25.385,0.292750936350025
25.386,0.283015626484564
25.387,0.324396871628875
25.388,0.314754720941027
25.389,0.302063215567819
25.39,0.294648960585137
25.391,0.295841825154083
25.392,0.26754101167123
25.393,0.228737074621245
25.394,0.214964248120221
25.395,0.186218971332133
25.396,0.157703955109672
25.397,0.133851905247347
25.398,0.0916750530511233
25.399,0.0797818391906964
25.4,0.0538807787868015
25.401,0.0791509150841823
25.402,0.0846588371283633
25.403,0.113485710590507
25.404,0.154068991347391
25.405,0.157718692607838
25.406,0.128935805006201
25.407,0.135159694000612
25.408,0.145453142984475
25.409,0.200084434638382
25.41,0.201583644032089
25.411,0.195424193419514
25.412,0.184984701588739
25.413,0.195762273658114
25.414,0.196581055671904
25.415,0.248238212602676
25.416,0.278207036467175
25.417,0.257543267186872
25.418,0.232092234868424
25.419,0.250449510362829
25.42,0.235778959059432
25.421,0.22171219512269
25.422,0.23283395722101
25.423,0.192906585080638
25.424,0.187383521769314
25.425,0.172734285329473
25.426,0.137965378199859
25.427,0.1397747876067
25.428,0.148699554689833
25.429,0.132495472287575
25.43,0.151891115054252
25.431,0.103220710313398
25.432,0.0992029431894462
25.433,0.100145605063546
25.434,0.0905477220883162
25.435,0.107940698733491
25.436,0.0962743995510455
25.437,0.0869905949457476
25.438,0.0955098353605897
25.439,0.0801190487599097
25.44,0.0459826228367504
25.441,0.0368299464086122
25.442,0.0572260573388798
25.443,0.0464688133058348
25.444,0.0261775637574028
25.445,0.073097738323996
25.446,0.0836611044007027
25.447,0.100917393379535
25.448,0.0968545313118194
25.449,0.0707542664267814
25.45,0.0552211701232269
25.451,0.0250700658543432
25.452,-0.0345518326508037
25.453,-0.0188079625216513
25.454,-0.0316923698047403
25.455,-0.0317751660210097
25.456,-0.0171948759207373
25.457,-0.0123545793994644
25.458,-0.00497540641704139
25.459,-0.0142750559462768
25.46,0.0235916275623765
25.461,0.0418087723387743
25.462,0.0308608675885292
25.463,0.0570957017692179
25.464,0.0634348401317633
25.465,0.0282832395310417
25.466,-0.0033576051562211
25.467,0.0109966974422779
25.468,0.00150971653395351
25.469,-0.0345142889163066
25.47,-0.0517016667135125
25.471,-0.0730295819433271
25.472,-0.0922063527911803
25.473,-0.10447768837424
25.474,-0.119663362910229
25.475,-0.102402054159617
25.476,-0.0746740807599758
25.477,-0.114232630355997
25.478,-0.120047016994206
25.479,-0.0998199130560983
25.48,-0.0746601103840249
25.481,-0.0747008977330198
25.482,-0.0463081728751112
25.483,-0.0675248158863843
25.484,-0.0474690343630551
25.485,-0.0631841879718398
25.486,-0.0765851643865454
25.487,-0.0652026395108601
25.488,-0.00497961000815803
25.489,0.0192493664409015
25.49,0.0592880749823965
25.491,0.0301998348891808
25.492,0.0647346764745198
25.493,0.0527549901571962
25.494,0.0491575233949261
25.495,0.0324117938363791
25.496,0.0156025461510148
25.497,0.00775912490626564
25.498,0.00458334846996757
25.499,0.00710399658895401
25.5,0.0241713161914021
25.501,0.0388534855641337
25.502,0.0364663812214805
25.503,0.0285434965357601
25.504,0.0248399909788312
25.505,0.050470744232866
25.506,0.0343062833364697
25.507,0.0585334075270236
25.508,0.0361528996764763
25.509,0.0474726834047505
25.51,0.0551327465042334
25.511,0.0708984112719524
25.512,0.037060000171785
25.513,0.0399502220152723
25.514,0.0406904541917566
25.515,0.053910139600458
25.516,0.0419039207838219
25.517,0.0543788810417729
25.518,0.0564121677528669
25.519,0.0610172182308763
25.52,0.047097766257427
25.521,0.0447001103800329
25.522,0.0560573246612438
25.523,0.0907224659854853
25.524,0.161823575364639
25.525,0.172382690418789
25.526,0.148963699337577
25.527,0.135009687931032
25.528,0.0763590328791862
25.529,0.0707089991800149
25.53,0.0803624337255357
25.531,0.0884179581183199
25.532,0.086241423532619
25.533,0.119256794303713
25.534,0.0974979368112247
25.535,0.0933596213166208
25.536,0.0855107836404252
25.537,0.086147979474081
25.538,0.112376591405676
25.539,0.0841184827501167
25.54,0.0839330491959445
25.541,0.0832629213793948
25.542,0.0604685640400019
25.543,0.0870037683104834
25.544,0.0714855466215063
25.545,0.0820375375835461
25.546,0.0820131710402252
25.547,0.0257873258041274
25.548,0.0480600822871996
25.549,0.0487369891539844
25.55,0.0335891489651381
25.551,0.0425102898308856
25.552,0.0712874006612259
25.553,0.0653883945555714
25.554,0.066973205333436
25.555,0.062859770533888
25.556,0.10053331121801
25.557,0.106175932164499
25.558,0.0906217048221031
25.559,0.082656837071904
25.56,0.0711516051644709
25.561,0.081142304096336
25.562,0.1142826644182
25.563,0.0869474471950885
25.564,0.0714609800868183
25.565,0.0594802325133618
25.566,0.10153526204724
25.567,0.0971418422710801
25.568,0.0915099188177686
25.569,0.0519746001948342
25.57,0.0335192994095025
25.571,0.0160471083267436
25.572,0.0191512603534795
25.573,0.0249678459375314
25.574,0.0194944310421133
25.575,0.0560409095462701
25.576,0.0691002443458943
25.577,0.0422720833584769
25.578,0.0618896861308458
25.579,0.0331769795549791
25.58,0.00761373924059497
25.581,0.0191573637522501
25.582,-0.00134377518707506
25.583,-6.96887668741158e-05
25.584,-0.00908982902673208
25.585,-0.00269521082664381
25.586,-0.0381578313406067
25.587,-0.0313401579816575
25.588,-0.0323261882710412
25.589,-0.056792901422491
25.59,-0.0918886569571217
25.591,-0.100999094027686
25.592,-0.0916123495307211
25.593,-0.0857584323274843
25.594,-0.0815650953030092
25.595,-0.0956752512762047
25.596,-0.114063302767815
25.597,-0.0892094353122093
25.598,-0.0909491200168238
25.599,-0.0930713481982063
25.6,-0.0888786177780729
25.601,-0.0892358044674219
25.602,-0.060774793144486
25.603,-0.0542270077070289
25.604,-0.0705885976700869
25.605,-0.106133125054717
25.606,-0.0765962196477574
25.607,-0.0844573063229254
25.608,-0.0877472548667664
25.609,-0.076419201005115
25.61,-0.0446605958983367
25.611,-0.0464385521048965
25.612,-0.022543611581988
25.613,-0.0291432574203756
25.614,-0.0246466705045347
25.615,0.0215290766617406
25.616,0.00687623825712254
25.617,0.0290014946137001
25.618,0.0468055448638529
25.619,0.0365730255355658
25.62,0.0352627747507151
25.621,0.0280815578607949
25.622,-0.0225278673034088
25.623,-0.0631170206012771
25.624,-0.0503426329090371
25.625,-0.058278732333938
25.626,-0.0771794170029927
25.627,-0.107072465581654
25.628,-0.12254493793855
25.629,-0.11225590618622
25.63,-0.131897131178546
25.631,-0.119664156584202
25.632,-0.121021624881514
25.633,-0.130016707117371
25.634,-0.184760367253469
25.635,-0.199452670952999
25.636,-0.214768275788837
25.637,-0.17511093820481
25.638,-0.165626438369355
25.639,-0.142374987449143
25.64,-0.118539791827031
25.641,-0.0633052570494312
25.642,-0.0669667381259206
25.643,-0.0640884157138009
25.644,-0.0547009391042311
25.645,-0.0566751904792564
25.646,-0.098361703044604
25.647,-0.133234869107574
25.648,-0.154034457314574
25.649,-0.183525075411237
25.65,-0.193765630763274
25.651,-0.228109089962811
25.652,-0.223785274809335
25.653,-0.219125358562398
25.654,-0.231154366204618
25.655,-0.228565626077353
25.656,-0.231010891459318
25.657,-0.226080694139647
25.658,-0.241957181515426
25.659,-0.249700552812837
25.66,-0.244656817647317
25.661,-0.241832220964483
25.662,-0.222466606418896
25.663,-0.24678166904125
25.664,-0.242578464176814
25.665,-0.280121372363596
25.666,-0.271493429567699
25.667,-0.275267503616012
25.668,-0.294372327502418
25.669,-0.329804609965086
25.67,-0.298960767613998
25.671,-0.252238576487007
25.672,-0.238096017141799
25.673,-0.225878885868765
25.674,-0.218821871982362
25.675,-0.18621847364598
25.676,-0.173447451519082
25.677,-0.144115397744088
25.678,-0.167750202706355
25.679,-0.206570424966542
25.68,-0.190558364255526
25.681,-0.197080819436157
25.682,-0.175824373176976
25.683,-0.184970843141318
25.684,-0.197952770245188
25.685,-0.185054372839988
25.686,-0.192892498418705
25.687,-0.202937914330115
25.688,-0.186906529715907
25.689,-0.186217876530223
25.69,-0.206093277501044
25.691,-0.212756940048324
25.692,-0.214646557095035
25.693,-0.211719709905426
25.694,-0.21442599644401
25.695,-0.210623462604411
25.696,-0.231992297543539
25.697,-0.196502567769221
25.698,-0.162139828912376
25.699,-0.154159640830149
25.7,-0.154755578198305
25.701,-0.122274882339581
25.702,-0.127091150684084
25.703,-0.134004860882318
25.704,-0.122255256892923
25.705,-0.123048773093339
25.706,-0.120431896593958
25.707,-0.159365862103824
25.708,-0.1723980615688
25.709,-0.185208513844388
25.71,-0.182448985851994
25.711,-0.179844447676529
25.712,-0.174136579180469
25.713,-0.19831176472507
25.714,-0.220345096875132
25.715,-0.197282126924362
25.716,-0.197397460388874
25.717,-0.244192855497744
25.718,-0.253104797654027
25.719,-0.276176223562241
25.72,-0.295235008107954
25.721,-0.271657537796661
25.722,-0.275660643834499
25.723,-0.265711797579607
25.724,-0.279789195750739
25.725,-0.292233585124819
25.726,-0.28397941001025
25.727,-0.270519880263827
25.728,-0.278688187657701
25.729,-0.278151278927566
25.73,-0.251145121436793
25.731,-0.240176523078141
25.732,-0.259963874902268
25.733,-0.239444698114225
25.734,-0.216926084721987
25.735,-0.232105260723308
25.736,-0.261345401880469
25.737,-0.233281724406567
25.738,-0.249965946190564
25.739,-0.227596330450468
25.74,-0.222250154740968
25.741,-0.186629351508844
25.742,-0.191388100133353
25.743,-0.201308171188066
25.744,-0.165024508409355
25.745,-0.175635472640833
25.746,-0.12132277556411
25.747,-0.114085279388065
25.748,-0.0954944521384061
25.749,-0.156217874566531
25.75,-0.152921616267596
25.751,-0.168908760472035
25.752,-0.153918457829982
25.753,-0.156676303349028
25.754,-0.158630869981972
25.755,-0.116918418428989
25.756,-0.153379218531843
25.757,-0.177102498350929
25.758,-0.168948350708252
25.759,-0.15985419325543
25.76,-0.163689974553668
25.761,-0.154439651584778
25.762,-0.178050492088042
25.763,-0.171334803049532
25.764,-0.191999980620927
25.765,-0.190772353493975
25.766,-0.169550282220461
25.767,-0.193448785155338
25.768,-0.158976525008837
25.769,-0.211834388739109
25.77,-0.18968191562524
25.771,-0.222571161086433
25.772,-0.235578793548264
25.773,-0.232776877204064
25.774,-0.199594337037707
25.775,-0.202604335525103
25.776,-0.174847334012623
25.777,-0.222186746193647
25.778,-0.216776327607611
25.779,-0.228366393238238
25.78,-0.237852139644476
25.781,-0.259071344894784
25.782,-0.234093574744206
25.783,-0.218725351816285
25.784,-0.212701369193361
25.785,-0.206067562891045
25.786,-0.192997956775097
25.787,-0.165147630517423
25.788,-0.155965391506324
25.789,-0.148942739969391
25.79,-0.112022425207637
25.791,-0.11018597308755
25.792,-0.11941548594002
25.793,-0.120715747133011
25.794,-0.147663338428005
25.795,-0.158664305127967
25.796,-0.142369781320327
25.797,-0.145868921081044
25.798,-0.158131669392957
25.799,-0.167812075955474
25.8,-0.163629033920239
25.801,-0.197904285729609
25.802,-0.201303488901648
25.803,-0.192666355461755
25.804,-0.203754992377758
25.805,-0.201538698315483
25.806,-0.16549773531214
25.807,-0.17382486285586
25.808,-0.175433134081947
25.809,-0.16657193263216
25.81,-0.174644049823016
25.811,-0.190121781868827
25.812,-0.199417717216267
25.813,-0.197371903792143
25.814,-0.190934424065984
25.815,-0.22457443346965
25.816,-0.229868252115836
25.817,-0.223647979423443
25.818,-0.208272409655101
25.819,-0.210616997518972
25.82,-0.197887451778005
25.821,-0.190503990733904
25.822,-0.229353468168226
25.823,-0.231144738579893
25.824,-0.207643488673109
25.825,-0.212470171400221
25.826,-0.22740107876856
25.827,-0.240890594788101
25.828,-0.252409125136179
25.829,-0.218976695251092
25.83,-0.222325757137943
25.831,-0.218094373185733
25.832,-0.198388438949782
25.833,-0.187453920715858
25.834,-0.171797721052573
25.835,-0.170996472486564
25.836,-0.173306392722925
25.837,-0.145909637517724
25.838,-0.134252003427261
25.839,-0.119422514682474
25.84,-0.128315174980821
25.841,-0.147458802723676
25.842,-0.153082249764388
25.843,-0.146180560807997
25.844,-0.149526662439034
25.845,-0.150341897572084
25.846,-0.123066528056264
25.847,-0.142238566601576
25.848,-0.125316997324508
25.849,-0.125331208618643
25.85,-0.121890307307846
25.851,-0.118191848674334
25.852,-0.126417534394323
25.853,-0.125287375156663
25.854,-0.117246304435306
25.855,-0.11830799966797
25.856,-0.0751733601877953
25.857,-0.0873141886719931
25.858,-0.115831698601823
25.859,-0.0943851900207052
25.86,-0.0609135756550653
25.861,-0.0515946568505603
25.862,-0.0434772704692816
25.863,-0.0365603079776031
25.864,-0.0433773308889312
25.865,-0.0260030765191508
25.866,-0.0269253979944428
25.867,-0.050706289928037
25.868,-0.0335489331122133
25.869,-0.0339315176863709
25.87,-0.0232133538698848
25.871,-0.0160027741208688
25.872,-0.000605147986177564
25.873,0.00363910282640837
25.874,-0.0092514660576593
25.875,0.0193766765187556
25.876,-0.0262736894842506
25.877,-0.0257417182950537
25.878,-0.0117363913248564
25.879,-0.0216519650611981
25.88,0.00232289345219443
25.881,0.00565072675588189
25.882,-0.0094431466486585
25.883,0.0346910654450433
25.884,0.0211486900738214
25.885,0.0124766382372179
25.886,0.0375192317168549
25.887,0.044870283348157
25.888,0.0290096574205637
25.889,0.0535751920537957
25.89,0.0349121773919821
25.891,0.047716983238672
25.892,0.0549726847624092
25.893,0.0645984985565886
25.894,0.0499295803061724
25.895,0.0534809690119983
25.896,0.0313444618840972
25.897,0.0576368366567083
25.898,0.0807211201652941
25.899,0.0435022118042568
25.9,0.0282581167396911
25.901,-0.00644918897622538
25.902,-0.016778385954329
25.903,-0.019825043051753
25.904,-0.0170590499780274
25.905,-0.0270888669788458
25.906,-0.0151294536881973
25.907,-0.0151202428653038
25.908,-0.0180734224242724
25.909,-0.0430949086885963
25.91,-0.0744577552826032
25.911,-0.0936708093088261
25.912,-0.0842486678111364
25.913,-0.11158869792914
25.914,-0.0899973004354856
25.915,-0.127114307555365
25.916,-0.110879125517045
25.917,-0.118913972182342
25.918,-0.108115756452678
25.919,-0.0969574978443431
25.92,-0.0836514548094304
25.921,-0.0699892971583798
25.922,-0.0744179488933467
25.923,-0.0983959528589391
25.924,-0.0954569736496657
25.925,-0.0991946408136158
25.926,-0.0614093501986805
25.927,-0.0618845226303974
25.928,-0.0755755624167942
25.929,-0.0479556786824768
25.93,-0.0339115348312474
25.931,-0.0513290521879398
25.932,-0.0293936202124802
25.933,-0.0609999094301843
25.934,-0.0472702551612285
25.935,-0.0183247991008657
25.936,-0.0108141227127189
25.937,0.00087084852041276
25.938,0.018742265449837
25.939,0.0420558881470069
25.94,0.028635202950377
25.941,0.00217369057355928
25.942,0.0185782416233167
25.943,0.0487266736376589
25.944,0.0619312509478885
25.945,0.0462658148896357
25.946,0.0701538864844699
25.947,0.0891923720155313
25.948,0.0740346054035747
25.949,0.0834329760694194
25.95,0.0889369035032042
25.951,0.0752803546603571
25.952,0.0670010280934554
25.953,0.094679218338968
25.954,0.097657017276499
25.955,0.0922446292040346
25.956,0.088022748731355
25.957,0.0753523773989626
25.958,0.0844434112796876
25.959,0.0830147799786704
25.96,0.0723112007509833
25.961,0.0184167467917766
25.962,0.0103020310759684
25.963,-0.00881134836156741
25.964,-0.00276848128615521
25.965,0.0170956967069729
25.966,-0.000632723673389905
25.967,0.0395537604739128
25.968,0.0242018945055015
25.969,0.0178283746993209
25.97,-0.0332983547536994
25.971,-0.00932873576233835
25.972,-0.0134313123738668
25.973,-0.0641320042404815
25.974,-0.057641051781062
25.975,-0.0309960932383823
25.976,-0.0322897136602263
25.977,-0.0312165257121032
25.978,-0.0194388873351531
25.979,-0.0430438181461242
25.98,-0.0163804771843657
25.981,-0.0392696018133299
25.982,-0.0542972961801594
25.983,-0.0255071041947027
25.984,-0.039218118933842
25.985,-0.0417496233564895
25.986,-0.0126624313313654
25.987,0.00144129130751769
25.988,-0.000560180147408837
25.989,0.0164720151873489
25.99,0.0411586501541964
25.991,0.00259446735150245
25.992,-0.0176904572253794
25.993,-0.016239953783554
25.994,-0.0191881530976451
25.995,-0.0223121431616967
25.996,-0.0104993273672887
25.997,-0.0219235985378585
25.998,-0.0410096477121762
25.999,-0.0579699135665698
26,-0.0410981849175884
26.001,-0.0601701021447118
26.002,-0.0732835359501517
26.003,-0.0813482099000462
26.004,-0.059716197903761
26.005,-0.0660635829896643
26.006,-0.0833926561524473
26.007,-0.0981108487233385
26.008,-0.0633224170932749
26.009,-0.0719532721024775
26.01,-0.0541250660989731
26.011,-0.0685652214055168
26.012,-0.0856346653294309
26.013,-0.062813488918652
26.014,-0.0766150562328336
26.015,-0.0487866755032373
26.016,-0.0648222965326981
26.017,-0.0976359913630818
26.018,-0.118928090550353
26.019,-0.111786411679244
26.02,-0.0903097607720702
26.021,-0.0828916745944847
26.022,-0.0808048978900774
26.023,-0.111882032403566
26.024,-0.100596017068105
26.025,-0.105079425359516
26.026,-0.116337082475535
26.027,-0.0677677354660216
26.028,-0.0686899254777214
26.029,-0.0976703916849396
26.03,-0.139653928715523
26.031,-0.125011664759065
26.032,-0.114141898251332
26.033,-0.12132185128822
26.034,-0.109221524330951
26.035,-0.124025425764573
26.036,-0.122979792217192
26.037,-0.11660433399111
26.038,-0.117352401509859
26.039,-0.128982312481836
26.04,-0.134687440698699
26.041,-0.122575366006653
26.042,-0.150515727234124
26.043,-0.162591362375711
26.044,-0.150318640535558
26.045,-0.133018381702066
26.046,-0.124033149639324
26.047,-0.12425363361285
26.048,-0.165082242275586
26.049,-0.151978850680285
26.05,-0.17320357864138
26.051,-0.186441688492246
26.052,-0.174444461776445
26.053,-0.196888654032328
26.054,-0.152651247047649
26.055,-0.141524876141341
26.056,-0.147450384714836
26.057,-0.150978534391375
26.058,-0.153898324266618
26.059,-0.169102870525085
26.06,-0.215064124328474
26.061,-0.188407840547807
26.062,-0.189725269429083
26.063,-0.216679535162954
26.064,-0.18695197805294
26.065,-0.208807003832033
26.066,-0.184774738886082
26.067,-0.199852594254857
26.068,-0.230374063195259
26.069,-0.25068198396055
26.07,-0.265892955680672
26.071,-0.244539460308395
26.072,-0.225683198841705
26.073,-0.220304307366495
26.074,-0.229152570773155
26.075,-0.218379683694155
26.076,-0.211717400475382
26.077,-0.206011141001675
26.078,-0.217677715518711
26.079,-0.220563578814414
26.08,-0.221372302846627
26.081,-0.201493187463751
26.082,-0.186626516372463
26.083,-0.21244887275102
26.084,-0.198070913592197
26.085,-0.215638272098754
26.086,-0.231241341102961
26.087,-0.230263985825262
26.088,-0.210305286373938
26.089,-0.208213964844622
26.09,-0.206722766332442
26.091,-0.1806526860064
26.092,-0.146851760062572
26.093,-0.156234142679432
26.094,-0.13806381486198
26.095,-0.147087426834968
26.096,-0.146455627787545
26.097,-0.123936607924435
26.098,-0.0809372035097946
26.099,-0.126710516672712
26.1,-0.142302191128157
26.101,-0.13616226226289
26.102,-0.11925574815909
26.103,-0.120950408610719
26.104,-0.114179425757877
26.105,-0.0955342760225377
26.106,-0.0953200077455883
26.107,-0.10918137239367
26.108,-0.0856099372090217
26.109,-0.0945741557332863
26.11,-0.0888267946491782
26.111,-0.0700903725342366
26.112,-0.04799137210428
26.113,-0.028113078354856
26.114,-0.0364324881404858
26.115,-0.0119833062608163
26.116,-0.0231296959315535
26.117,-0.0333775977674063
26.118,-0.0134726855600997
26.119,-0.0620016587718692
26.12,0.00337306791792796
26.121,-0.0153338395221459
26.122,-0.0205677441269296
26.123,-0.00128062913899505
26.124,-0.0316435029963524
26.125,-0.0535783246969396
26.126,-0.0600914573791894
26.127,-0.028048731631623
26.128,-0.0506411285115785
26.129,-0.0565793219566053
26.13,-0.0410332176461403
26.131,-0.0582802644635144
26.132,-0.0501564359488144
26.133,-0.0459785081761625
26.134,-0.0334360679671365
26.135,-0.00814584725190345
26.136,0.00707128093104409
26.137,0.00818793942414123
26.138,-0.0146191844303811
26.139,0.00332951513645149
26.14,-0.0334310776887408
26.141,-0.0261745442453974
26.142,-0.00567448125375546
26.143,0.019335351007139
26.144,0.0196857074019517
26.145,0.0263234412681586
26.146,0.00492604663438253
26.147,0.0529128805686904
26.148,0.0516899214827428
26.149,0.0590735846975229
26.15,0.0497742961170707
26.151,0.0331594590705075
26.152,0.0408554175946663
26.153,0.0597660262730755
26.154,0.0520913698822013
26.155,0.0277963095351193
26.156,0.0285615726875688
26.157,0.0241549822694522
26.158,0.0235256628173097
26.159,0.0538922455966311
26.16,0.0253969462178526
26.161,0.0182691935812561
26.162,0.00443553514870372
26.163,0.0509541498071921
26.164,0.0821937839137188
26.165,0.0698307629067586
26.166,0.0311001401443026
26.167,0.0611447280333614
26.168,0.0726787588054505
26.169,0.108357317456339
26.17,0.115877042133095
26.171,0.12081914756843
26.172,0.0984985049527435
26.173,0.113250653029665
26.174,0.119912235498515
26.175,0.0964838221650558
26.176,0.0548257778490671
26.177,0.0593142325299873
26.178,0.0576323811022411
26.179,0.0545218939146002
26.18,0.0225384758322005
26.181,-0.00961980019790123
26.182,-0.0432782471068086
26.183,0.024668738548149
26.184,0.0312610397500584
26.185,0.0251810896058658
26.186,0.0452815752797138
26.187,0.0228403420231754
26.188,0.00584987721311321
26.189,0.00738465184492018
26.19,0.0694912539382604
26.191,0.0740189494605884
26.192,0.121116484671339
26.193,0.155659997398288
26.194,0.141813295330939
26.195,0.15741617031848
26.196,0.132797899317558
26.197,0.0822852032127082
26.198,0.100005467938438
26.199,0.106677291021999
26.2,0.112049848529581
26.201,0.141442570365071
26.202,0.129337729148446
26.203,0.152118309197357
26.204,0.157814329660048
26.205,0.169105450733287
26.206,0.175316533171925
26.207,0.151129885380692
26.208,0.143630161048643
26.209,0.118339574875317
26.21,0.10832278507504
26.211,0.101794803385222
26.212,0.117935867201245
26.213,0.0920002410365277
26.214,0.0769312467752551
26.215,0.098257905952067
26.216,0.100495124925133
26.217,0.0907703129369332
26.218,0.0845976005473088
26.219,0.0896709315720589
26.22,0.0553713801482859
26.221,0.0863925216998202
26.222,0.06875604397087
26.223,0.0437784248611235
26.224,0.0485553765213971
26.225,0.0188377662176872
26.226,-0.0249468838035034
26.227,-0.0676882035503182
26.228,-0.0240199263783772
26.229,-0.00358557843671068
26.23,-0.0174398692357351
26.231,-0.0408468775920025
26.232,-0.0240349315187136
26.233,-0.0391711336137997
26.234,-0.0591068209006121
26.235,-0.0482124852065714
26.236,-0.0373503499057565
26.237,-0.0198729129866075
26.238,-0.0374814923990086
26.239,-0.0450132757731697
26.24,-0.0901489594732366
26.241,-0.0643374793180152
26.242,-0.0442207400788028
26.243,-0.0291662814216266
26.244,-0.0304260321289919
26.245,-0.067424894686159
26.246,-0.0709990429370203
26.247,-0.072086425019554
26.248,-0.0623663458160571
26.249,-0.0597460444840451
26.25,-0.0195063457815995
26.251,-0.00813239538176155
26.252,-0.0151567141010727
26.253,-0.0438472149804763
26.254,-0.046224763224021
26.255,-0.00407662297366559
26.256,0.0108686647081547
26.257,0.0149947290401447
26.258,0.00932899564524098
26.259,0.0415766620492709
26.26,0.0630352311786425
26.261,0.0182977876153471
26.262,0.034900613541556
26.263,0.0283265469140401
26.264,0.0384071061344721
26.265,0.0160180722550041
26.266,0.014235731516862
26.267,-0.0156432862361998
26.268,-0.00636694104842231
26.269,0.00439822937742767
26.27,0.025687766784678
26.271,0.0203351457111977
26.272,0.0551804904514043
26.273,0.0589388336496441
26.274,0.0691047850434569
26.275,0.0478529788610191
26.276,0.0145353551591722
26.277,-0.00266594247858651
26.278,0.029192651751904
26.279,-0.00577559585097349
26.28,-0.00485826894890721
26.281,0.0545051697148688
26.282,0.0360652276927876
26.283,0.0649185006440819
26.284,0.0535405890359366
26.285,0.0307716003696643
26.286,0.061566669437947
26.287,0.0377179005098222
26.288,0.0611199712811038
26.289,0.0314736636271271
26.29,0.0425623000819051
26.291,0.000291670730384712
26.292,0.0229454458522681
26.293,0.0208027760711974
26.294,0.0800632807055848
26.295,0.0730238989654097
26.296,0.0591434856559677
26.297,0.0695781715312801
26.298,0.0625454646393355
26.299,0.0837516139129411
26.3,0.0792901046977778
26.301,0.0390287537604196
26.302,0.0447404146983453
26.303,0.0683508769540761
26.304,0.0326311400051677
26.305,0.00568943276456172
26.306,-0.00711931187679542
26.307,-0.0155945361576443
26.308,0.00159730119009811
26.309,0.0342778272763002
26.31,0.0124924751208737
26.311,-0.00237837331045793
26.312,0.0319622555464814
26.313,0.0424801237213251
26.314,0.0464038340107712
26.315,0.0626996821665952
26.316,0.0596927108709582
26.317,0.0476217318708337
26.318,0.0765573431773881
26.319,0.0864326838964837
26.32,0.0803673289617709
26.321,0.0884542054362302
26.322,0.0944107003721848
26.323,0.131581848871892
26.324,0.133807670560701
26.325,0.13783156561442
26.326,0.137171951020803
26.327,0.128200693214137
26.328,0.13675121573939
26.329,0.128076025550851
26.33,0.123845873812588
26.331,0.154272861503164
26.332,0.138346232632857
26.333,0.135626571074047
26.334,0.139376329074579
26.335,0.144751912552106
26.336,0.122353717304765
26.337,0.118921209990969
26.338,0.0885909251259224
26.339,0.0970818238988103
26.34,0.0678109638561026
26.341,0.065928495970956
26.342,0.0497849731595714
26.343,0.0396954310736444
26.344,0.0284938994856705
26.345,-0.00797762459776667
26.346,-0.0196281395708088
26.347,0.00483240107674085
26.348,-0.00509840193546823
26.349,-0.00325381628922125
26.35,-0.031629810699499
26.351,-0.0519742568617087
26.352,-0.0605883101259681
26.353,-0.0821703455724752
26.354,-0.0766333728224745
26.355,-0.068314078378713
26.356,-0.0482702595185939
26.357,-0.0243417857333625
26.358,-0.00492956272027551
26.359,-0.0257322357788339
26.36,-0.0713000076154641
26.361,-0.06351378953279
26.362,-0.0906920968589226
26.363,-0.0976299652433997
26.364,-0.110882099320902
26.365,-0.147786701826479
26.366,-0.132799860426262
26.367,-0.126969515532547
26.368,-0.159741470589571
26.369,-0.147347205005051
26.37,-0.170749134320568
26.371,-0.167125922094399
26.372,-0.155973157926832
26.373,-0.128140663611004
26.374,-0.14149001853183
26.375,-0.143517114691871
26.376,-0.163756464690278
26.377,-0.169332914048925
26.378,-0.180865870113838
26.379,-0.192134532124005
26.38,-0.215194949914902
26.381,-0.243342010547336
26.382,-0.237181754053453
26.383,-0.220485793112779
26.384,-0.220664643556963
26.385,-0.230784155821857
26.386,-0.20605148334027
26.387,-0.19165117638221
26.388,-0.141558215520294
26.389,-0.116761011928952
26.39,-0.108279928207673
26.391,-0.109457121560763
26.392,-0.100330638917626
26.393,-0.083610735073866
26.394,-0.124273714914149
26.395,-0.148806272132487
26.396,-0.173432945752397
26.397,-0.191679060777426
26.398,-0.19711903175402
26.399,-0.205263824735614
26.4,-0.195892270672384
26.401,-0.187663019205986
26.402,-0.16590635496508
26.403,-0.160900965321819
26.404,-0.183972254831773
26.405,-0.188595690174487
26.406,-0.188712943471218
26.407,-0.220241158550333
26.408,-0.1960497901811
26.409,-0.216518136560719
26.41,-0.236290797859512
26.411,-0.249595566058203
26.412,-0.234950882246644
26.413,-0.243561242456476
26.414,-0.265605291123119
26.415,-0.263134823347663
26.416,-0.281578186949101
26.417,-0.275099671667799
26.418,-0.280588138176897
26.419,-0.304979344540816
26.42,-0.315845246713692
26.421,-0.263638212313545
26.422,-0.238098628583609
26.423,-0.267677657923786
26.424,-0.263935703867637
26.425,-0.288507987366504
26.426,-0.282717749346568
26.427,-0.278910623751893
26.428,-0.289685607637098
26.429,-0.245774621342139
26.43,-0.246710293794728
26.431,-0.279266454415883
26.432,-0.252073709273272
26.433,-0.25480206070156
26.434,-0.247232272390012
26.435,-0.272055056319924
26.436,-0.276771546918959
26.437,-0.25905233085438
26.438,-0.279258926145567
26.439,-0.236133043576401
26.44,-0.242020574043378
26.441,-0.250634718128067
26.442,-0.231430549316574
26.443,-0.225865520055001
26.444,-0.249476315995275
26.445,-0.2319913320057
26.446,-0.214079032362422
26.447,-0.209700373933094
26.448,-0.200771544542949
26.449,-0.178116550085492
26.45,-0.171195952794105
26.451,-0.160341893852052
26.452,-0.151230094023598
26.453,-0.133147379750288
26.454,-0.142731138314555
26.455,-0.17393495939965
26.456,-0.151814586214306
26.457,-0.129656127623646
26.458,-0.113372156191792
26.459,-0.112380820057034
26.46,-0.129058616476476
26.461,-0.113884252115253
26.462,-0.13294526016368
26.463,-0.134019304785121
26.464,-0.157710516808274
26.465,-0.174973466252597
26.466,-0.167881831794145
26.467,-0.206999167381073
26.468,-0.218613350410502
26.469,-0.250592870860257
26.47,-0.246701947406439
26.471,-0.221941449883813
26.472,-0.183540910585054
26.473,-0.166169609513856
26.474,-0.193767651305139
26.475,-0.214331638217641
26.476,-0.238697078694537
26.477,-0.199210897780003
26.478,-0.175389182764086
26.479,-0.167579155413394
26.48,-0.145073486294034
26.481,-0.135373590611716
26.482,-0.145360990268049
26.483,-0.160358426931138
26.484,-0.211179650816836
26.485,-0.18654600052618
26.486,-0.203673485205933
26.487,-0.225707410775704
26.488,-0.208104192055723
26.489,-0.170995033177975
26.49,-0.195851578925856
26.491,-0.202709925553154
26.492,-0.232104180955519
26.493,-0.231460169755939
26.494,-0.255302094017792
26.495,-0.232993189884869
26.496,-0.224330796286118
26.497,-0.239280789263766
26.498,-0.272779460538853
26.499,-0.26796249816518
26.5,-0.260027148327916
26.501,-0.258623295423056
26.502,-0.196388190475395
26.503,-0.152025225582279
26.504,-0.143562466478939
26.505,-0.100679514622598
26.506,-0.0995694187054935
26.507,-0.0617558321487318
26.508,-0.037937718976186
26.509,-0.0506928297028216
26.51,-0.0340490932740514
26.511,-0.0323267257672136
26.512,-0.0189752124580822
26.513,-0.0274048076233721
26.514,-0.0338321087943998
26.515,0.0422060850965597
26.516,0.0262360469710112
26.517,0.0248526204603063
26.518,0.00601911188774333
26.519,0.0370972971645981
26.52,0.0743208623246798
26.521,0.0320057379062581
26.522,0.0785763920414306
26.523,0.074467182563087
26.524,0.0699557430445613
26.525,0.0762267418649815
26.526,0.0174661719397311
26.527,-0.0126419500784152
26.528,-0.0504405393811038
26.529,-0.0825026667873391
26.53,-0.0757015232064202
26.531,-0.0901914890353517
26.532,-0.0770590313719939
26.533,-0.0762662454479663
26.534,-0.0865572447350152
26.535,-0.0966273307967015
26.536,-0.109939315904608
26.537,-0.0989864095747768
26.538,-0.0872730342269382
26.539,-0.0562557476502343
26.54,-0.0501060454065282
26.541,-0.0593013915613284
26.542,-0.0237217699443877
26.543,-0.0280483876894981
26.544,-0.00990934757055957
26.545,0.00983098457039343
26.546,0.0290652566752031
26.547,0.00808618865754814
26.548,0.0236867440490799
26.549,0.0343219784815689
26.55,0.0311090739217572
26.551,0.0363455673750745
26.552,0.0283931302958174
26.553,0.0113995071248474
26.554,0.0452009594273376
26.555,0.0466244772763619
26.556,0.0879654987839956
26.557,0.0976832252638793
26.558,0.0769540140983023
26.559,0.041608734402015
26.56,0.0287929529165316
26.561,0.0591401084384256
26.562,0.083393583555564
26.563,0.0787186644749711
26.564,0.105440429383195
26.565,0.109188713331105
26.566,0.0978811490010841
26.567,0.140907466473649
26.568,0.122744824741221
26.569,0.124765793058337
26.57,0.104873357544645
26.571,0.112139601504342
26.572,0.109132587490317
26.573,0.107721847505511
26.574,0.102712190893932
26.575,0.102988353913929
26.576,0.109652268193355
26.577,0.110590683285252
26.578,0.0992255888386792
26.579,0.112677045642976
26.58,0.131291895755955
26.581,0.126760694965041
26.582,0.116066743749898
26.583,0.0560891667635055
26.584,0.0567826933240601
26.585,0.0747911020658339
26.586,0.0440737850984703
26.587,0.0418527848847373
26.588,0.0257476957971148
26.589,0.00144108534891847
26.59,-0.0132261587174648
26.591,-0.0173416353116654
26.592,-0.010614403590564
26.593,-0.0172167942431061
26.594,-0.0158506738013511
26.595,-0.0220606826291459
26.596,0.021645463608476
26.597,0.00938202389107346
26.598,-0.00144066597253308
26.599,-0.0351750426018257
26.6,-0.0461388223324441
26.601,-0.0252901058300563
26.602,-0.0370213974410191
26.603,-0.0568293808375275
26.604,-0.0385477335765023
26.605,-0.0523762457401282
26.606,-0.0550641272146437
26.607,-0.0241717350729267
26.608,-0.0200062808836022
26.609,0.00667079614809419
26.61,0.00750538101329024
26.611,-0.00573130956323992
26.612,-0.0119896809705602
26.613,0.0243215118320244
26.614,0.0743370713259683
26.615,0.0902914691050147
26.616,0.114516632031952
26.617,0.125862645177996
26.618,0.102914465768058
26.619,0.116032076950575
26.62,0.122806153753496
26.621,0.122791602760368
26.622,0.111223896862676
26.623,0.127140591099649
26.624,0.094215112987294
26.625,0.12588960597934
26.626,0.100883375965551
26.627,0.0970820758807009
26.628,0.11343917869686
26.629,0.0921207029173865
26.63,0.0841390899199615
26.631,0.0505801373149755
26.632,0.0458447152677108
26.633,0.0625988846045167
26.634,0.0776480061154739
26.635,0.0584425844547574
26.636,0.100898198745663
26.637,0.093362038043631
26.638,0.0986403786899102
26.639,0.150823734747131
26.64,0.165964264974885
26.641,0.159436868182261
26.642,0.191653775827049
26.643,0.195295634463971
26.644,0.20121279730906
26.645,0.183425604247079
26.646,0.179625293806987
26.647,0.164264050711407
26.648,0.159942685022038
26.649,0.178659325744081
26.65,0.179890913055372
26.651,0.178163946361736
26.652,0.16836715991151
26.653,0.163335593807427
26.654,0.149212974713075
26.655,0.164687948703104
26.656,0.148768061639491
26.657,0.161597482650071
26.658,0.151772430140444
26.659,0.170913823940809
26.66,0.139853101302535
26.661,0.115719807132401
26.662,0.105002061075945
26.663,0.140997926705426
26.664,0.168595974204131
26.665,0.15808791220754
26.666,0.159670223733106
26.667,0.146442244022845
26.668,0.14610625431826
26.669,0.182007395686723
26.67,0.200584679083652
26.671,0.210847179602452
26.672,0.252914677986427
26.673,0.245676242298425
26.674,0.258850036152432
26.675,0.269927210056838
26.676,0.258041249714024
26.677,0.257635594364948
26.678,0.229821888225088
26.679,0.247581071663647
26.68,0.273364785833903
26.681,0.256756156609553
26.682,0.263074200402044
26.683,0.231114682462524
26.684,0.204615167884322
26.685,0.222311498408967
26.686,0.231344859477617
26.687,0.225128158575486
26.688,0.198581263363904
26.689,0.218735886736971
26.69,0.242244970685597
26.691,0.229532396029131
26.692,0.231455877949768
26.693,0.248898853606347
26.694,0.27013982008842
26.695,0.23835324958244
26.696,0.234406742709507
26.697,0.24093941693786
26.698,0.22669801897487
26.699,0.249930438896587
26.7,0.232763021180043
26.701,0.218628901648025
26.702,0.184452399669165
26.703,0.135582679056559
26.704,0.129886960683228
26.705,0.141763917729287
26.706,0.152614623929541
26.707,0.147377401315349
26.708,0.141918082102574
26.709,0.147982848355941
26.71,0.135194853811193
26.711,0.13192830083675
26.712,0.132091861502949
26.713,0.131838120374851
26.714,0.106974942547424
26.715,0.0877412860129649
26.716,0.105492972639952
26.717,0.124930781750205
26.718,0.112723815529838
26.719,0.141657123721178
26.72,0.139027689511651
26.721,0.137312979400488
26.722,0.169321710023997
26.723,0.172432318501373
26.724,0.183400496738938
26.725,0.198812629288082
26.726,0.156056810141064
26.727,0.155896713960213
26.728,0.140301856726468
26.729,0.119227514122639
26.73,0.103133956698981
26.731,0.0968465747513852
26.732,0.108953913431278
26.733,0.0874911250805263
26.734,0.0929102192196543
26.735,0.100374142653424
26.736,0.0835895657486076
26.737,0.0856181074249832
26.738,0.114379412032298
26.739,0.126385404426766
26.74,0.125223477582512
26.741,0.111214526816523
26.742,0.111516239103216
26.743,0.11197126702727
26.744,0.117004347041483
26.745,0.104945779730624
26.746,0.10942902171005
26.747,0.113304697003459
26.748,0.140851055984374
26.749,0.158006979371123
26.75,0.137237594545931
26.751,0.117145576311984
26.752,0.0766362203245074
26.753,0.0679707727702688
26.754,0.0722409382831181
26.755,0.0717544445643578
26.756,0.0716163901816782
26.757,0.0782005808447325
26.758,0.081698173143325
26.759,0.0705821004358633
26.76,0.0560660750619939
26.761,0.0547707571736532
26.762,0.074070153684378
26.763,0.0678364015212499
26.764,0.0483439975009219
26.765,0.0530298074654238
26.766,0.0642155101010407
26.767,0.0808185012797434
26.768,0.081690678235868
26.769,0.125565958573003
26.77,0.13645658465225
26.771,0.128839930631159
26.772,0.133683980389161
26.773,0.10216680209792
26.774,0.075078847596502
26.775,0.0657452648215071
26.776,0.0739381457394041
26.777,0.0607698829344639
26.778,0.0337203054968748
26.779,0.0345836668253398
26.78,0.0295600032235224
26.781,0.0278705457590417
26.782,0.0148656186482989
26.783,0.0198740889807308
26.784,0.0402401088527278
26.785,0.0378175402091209
26.786,0.051822367403588
26.787,0.0361794077549932
26.788,0.0519452102054288
26.789,0.034594994717648
26.79,0.026727830762313
26.791,0.0242066852377263
26.792,0.0267960852626607
26.793,0.0122042918441664
26.794,-0.020348910223094
26.795,-0.00374112781998013
26.796,0.0108008078758203
26.797,-0.0117426086515798
26.798,-0.0300802606064202
26.799,-0.0185281715629813
26.8,0.0042019520445686
26.801,0.00182341563739255
26.802,-0.00814857676752776
26.803,-0.0225380099233225
26.804,-0.0167274068020526
26.805,-0.0351735652253795
26.806,-0.0621869537420921
26.807,-0.110916774443673
26.808,-0.123102909724783
26.809,-0.148446478058552
26.81,-0.151212442714027
26.811,-0.154621123119681
26.812,-0.177376750588825
26.813,-0.165467315128824
26.814,-0.160801324785556
26.815,-0.162587908461795
26.816,-0.138988470430974
26.817,-0.12893067984965
26.818,-0.113463813921096
26.819,-0.106592878894791
26.82,-0.136703967407166
26.821,-0.16675190409261
26.822,-0.148732861614943
26.823,-0.152742773717075
26.824,-0.199035492199091
26.825,-0.19673315435218
26.826,-0.193075719462439
26.827,-0.211237134333348
26.828,-0.202650462799385
26.829,-0.188139155108757
26.83,-0.21788996069567
26.831,-0.224704097041007
26.832,-0.222159950058619
26.833,-0.2033377468693
26.834,-0.192030198259672
26.835,-0.189601960858648
26.836,-0.200715206319999
26.837,-0.192814836519467
26.838,-0.179490903645553
26.839,-0.181660777914435
26.84,-0.179228670039205
26.841,-0.156309551309929
26.842,-0.161658951615562
26.843,-0.110126864748669
26.844,-0.103485511312584
26.845,-0.104120802272472
26.846,-0.0675996976057154
26.847,-0.0729212254019889
26.848,-0.116176978831362
26.849,-0.128302841235046
26.85,-0.101167530248379
26.851,-0.115511249902365
26.852,-0.141503381812926
26.853,-0.152788651415772
26.854,-0.141587328274226
26.855,-0.131617591872898
26.856,-0.113695489181578
26.857,-0.102473701732933
26.858,-0.0824481263888057
26.859,-0.104031709143688
26.86,-0.0896533399649211
26.861,-0.0467189860030051
26.862,-0.0257313695287875
26.863,-0.0332425968550218
26.864,-0.0608492516997128
26.865,-0.0843207683270762
26.866,-0.0296076854897254
26.867,-0.00120264729826334
26.868,-0.0130249009916306
26.869,0.0117949603553636
26.87,0.0215492866105702
26.871,0.0322315457144365
26.872,0.0284232308180089
26.873,0.0612300852960433
26.874,0.0541846524782818
26.875,0.0708287466472824
26.876,0.018415649086483
26.877,0.0268440845535511
26.878,0.0162120880289888
26.879,0.00684523909883756
26.88,0.0178802886912975
26.881,0.0154395164140603
26.882,0.0416363297722313
26.883,0.0418284428431209
26.884,0.0244273999680072
26.885,0.044353627885517
26.886,0.034042288502813
26.887,-0.00758747403171882
26.888,-0.0137183227955001
26.889,0.00147532463196601
26.89,-0.0151505370101891
26.891,-0.0112966483081001
26.892,0.00794781933835427
26.893,-0.00847075446741337
26.894,-0.000536576049412152
26.895,-0.0145312551561212
26.896,-0.0150176822965928
26.897,0.0073672619194015
26.898,-0.000838857645219557
26.899,0.0201558063866517
26.9,0.0512453572538071
26.901,0.0575021088135338
26.902,0.0445108767798212
26.903,0.04937923514738
26.904,0.0841486369094619
26.905,0.089675747839775
26.906,0.0939979588909325
26.907,0.0888793665363552
26.908,0.131072824327277
26.909,0.131525411375386
26.91,0.125412293852715
26.911,0.153082917797858
26.912,0.166840466707942
26.913,0.162463548725469
26.914,0.172773964002356
26.915,0.184174327811222
26.916,0.223805429962085
26.917,0.268165941508032
26.918,0.284705868657815
26.919,0.280752350161989
26.92,0.286329595064724
26.921,0.334799053089239
26.922,0.30204861181662
26.923,0.318273367708859
26.924,0.287001185792739
26.925,0.266219762952021
26.926,0.286520519335639
26.927,0.262471388369617
26.928,0.260140711609347
26.929,0.268158177886715
26.93,0.254590358264612
26.931,0.261074634332803
26.932,0.283157559133666
26.933,0.276275572612513
26.934,0.271558301308304
26.935,0.28563448502222
26.936,0.322177123402535
26.937,0.307063425370202
26.938,0.323517270117064
26.939,0.308211420666308
26.94,0.297856896593431
26.941,0.271219324982497
26.942,0.266350311122738
26.943,0.292715819830612
26.944,0.333259738472486
26.945,0.323966574069278
26.946,0.338051884960237
26.947,0.334842322795462
26.948,0.293917651262537
26.949,0.290908566928196
26.95,0.276372959081623
26.951,0.262321673041833
26.952,0.279331390826439
26.953,0.252974830529857
26.954,0.273690001518081
26.955,0.250359762250823
26.956,0.251420427103325
26.957,0.227798390551216
26.958,0.202601885159867
26.959,0.200575241558768
26.96,0.197327631638745
26.961,0.191646461661302
26.962,0.232909079429393
26.963,0.213203423673555
26.964,0.177033149264273
26.965,0.161136841272795
26.966,0.13051387282735
26.967,0.139174340335631
26.968,0.148475930910917
26.969,0.139440923773912
26.97,0.121851413610912
26.971,0.137553565398801
26.972,0.160144082731979
26.973,0.146315007951585
26.974,0.119458258303428
26.975,0.158761894933962
26.976,0.162810465740949
26.977,0.169127419614436
26.978,0.167825908443509
26.979,0.15633765048345
26.98,0.156423344797218
26.981,0.149088666138754
26.982,0.129060139742292
26.983,0.145113832828932
26.984,0.149913418377384
26.985,0.163780711867406
26.986,0.206232681146982
26.987,0.197680872741704
26.988,0.240412229712898
26.989,0.221866200807229
26.99,0.217831823213596
26.991,0.218669343808047
26.992,0.242821535721108
26.993,0.236617157116129
26.994,0.269873361385301
26.995,0.288301430191074
26.996,0.284497333866229
26.997,0.294072937053334
26.998,0.311102481918614
26.999,0.332676798404049
27,0.338994937915785
27.001,0.317622935849224
27.002,0.298955952212624
27.003,0.311474861612713
27.004,0.276533406839711
27.005,0.271533169103544
27.006,0.25852330451239
27.007,0.233670432648496
27.008,0.209161237523813
27.009,0.21560561596533
27.01,0.245524602657184
27.011,0.253494907698253
27.012,0.239177315820004
27.013,0.229189280115904
27.014,0.228007833962676
27.015,0.23263079612559
27.016,0.261650127129968
27.017,0.278786398647
27.018,0.30056237946647
27.019,0.299372659932727
27.02,0.323599388196017
27.021,0.340167704487937
27.022,0.330990743675431
27.023,0.33237140582597
27.024,0.31117058702394
27.025,0.29644107344575
27.026,0.274995015709126
27.027,0.255661612322939
27.028,0.272854175133642
27.029,0.283159469612946
27.03,0.279822234153354
27.031,0.307057760690589
27.032,0.329785782821831
27.033,0.334952205056261
27.034,0.334418662607175
27.035,0.31114824166829
27.036,0.305639742867531
27.037,0.322124645666793
27.038,0.306416116251969
27.039,0.282308785891577
27.04,0.233082690695472
27.041,0.213318969442924
27.042,0.206707459969719
27.043,0.178332107594814
27.044,0.156198620036436
27.045,0.198950683876609
27.046,0.189188837604815
27.047,0.181895507398332
27.048,0.171916253408446
27.049,0.196109588895352
27.05,0.209366646212802
27.051,0.20788776157843
27.052,0.162236582834948
27.053,0.150063444031741
27.054,0.12219838594178
27.055,0.148725232274169
27.056,0.143907835498936
27.057,0.103743056507159
27.058,0.0934611773993883
27.059,0.0922904462133456
27.06,0.108599300756403
27.061,0.132704485753149
27.062,0.126695374257932
27.063,0.067959139575058
27.064,0.0746699214429159
27.065,0.0787182233824256
27.066,0.0834458220900476
27.067,0.0844939885986991
27.068,0.0865867391653899
27.069,0.0445603850260211
27.07,0.0220936436916873
27.071,0.0204706302457213
27.072,-0.0299713590935224
27.073,0.0210679259190871
27.074,0.0502883401473187
27.075,0.0675206623547597
27.076,0.0450648578582773
27.077,0.0327825860685927
27.078,0.0219676462665052
27.079,0.0377234178685643
27.08,0.0549499165069047
27.081,0.0426365081039852
27.082,0.0344363975422847
27.083,0.0201818607940947
27.084,0.0672992352951673
27.085,0.0430473713611706
27.086,0.0381916597060519
27.087,0.000327346758845326
27.088,0.00182004830452103
27.089,-9.74616573764901e-05
27.09,-0.0281644716838984
27.091,-0.0223782023450554
27.092,-0.0421914993584606
27.093,-0.0592054797663203
27.094,-0.065761965346088
27.095,-0.0351456740238184
27.096,-0.0180323228245875
27.097,-0.023547857276788
27.098,-0.0557969341232724
27.099,-0.0927184843535702
27.1,-0.11080249416856
27.101,-0.123884592326185
27.102,-0.0922782786092641
27.103,-0.0999651822743679
27.104,-0.123292013683085
27.105,-0.138591567128584
27.106,-0.125578698444961
27.107,-0.157983388488613
27.108,-0.138127881018031
27.109,-0.131446172614035
27.11,-0.12854642889388
27.111,-0.113035772842607
27.112,-0.0706353798922246
27.113,-0.051203074919236
27.114,-0.0806260307906221
27.115,-0.0570351801613268
27.116,-0.0517745004181059
27.117,-0.0185043540422726
27.118,-0.0093360522368833
27.119,0.00678697194233535
27.12,-0.0447073561196532
27.121,-0.0563673291810489
27.122,-0.047212251318685
27.123,-0.0507035842915493
27.124,-0.0282024174947708
27.125,-0.0519924835571659
27.126,-0.0590258009426134
27.127,-0.0920544959557563
27.128,-0.0648357966765784
27.129,-0.0679775504227367
27.13,-0.0572482627868047
27.131,-0.0388543432638759
27.132,-0.0417840925402986
27.133,-0.0152300075395642
27.134,0.00105320709819493
27.135,-0.0223434124280081
27.136,-0.041640262285753
27.137,-0.0178558800279152
27.138,-0.0375931247119271
27.139,-0.0166656569191502
27.14,0.0306249177515853
27.141,0.0560898887908826
27.142,0.0586030751161324
27.143,0.106108589608807
27.144,0.129026730105495
27.145,0.129399851951334
27.146,0.136069660897615
27.147,0.136207072909725
27.148,0.120950377109418
27.149,0.154429522222306
27.15,0.168895584342815
27.151,0.18863034015447
27.152,0.20378971759338
27.153,0.218080168997791
27.154,0.230338420907496
27.155,0.216395921271652
27.156,0.231196986571365
27.157,0.212631312503824
27.158,0.224696478546861
27.159,0.198985124141036
27.16,0.201450226913982
27.161,0.18909945788581
27.162,0.200563567141222
27.163,0.199602532446236
27.164,0.20942666704196
27.165,0.239146033065926
27.166,0.221859808881292
27.167,0.223262897855637
27.168,0.205091609071646
27.169,0.229270772688334
27.17,0.222632304875685
27.171,0.241832000551359
27.172,0.220801923450628
27.173,0.24786537360193
27.174,0.252350743650003
27.175,0.23157475659096
27.176,0.18843050552643
27.177,0.195900943120583
27.178,0.186777707508425
27.179,0.189546451672194
27.18,0.163837772775419
27.181,0.172674261058468
27.182,0.149905490661978
27.183,0.172243544756935
27.184,0.183088913774523
27.185,0.210972712587284
27.186,0.23290030624338
27.187,0.227928510838387
27.188,0.233294328070004
27.189,0.257707174377025
27.19,0.245530892334064
27.191,0.248761670308136
27.192,0.246611201342734
27.193,0.258987233178262
27.194,0.224455802140635
27.195,0.170517765639493
27.196,0.182575768644267
27.197,0.163266803039479
27.198,0.182758158275889
27.199,0.178253359877282
27.2,0.201683125906312
27.201,0.189228219564037
27.202,0.193751736433295
27.203,0.19139941425193
27.204,0.200949497437151
27.205,0.171718529492453
27.206,0.19005206541655
27.207,0.186201207628183
27.208,0.184495699134527
27.209,0.176449599978374
27.21,0.212372239490921
27.211,0.193276064765743
27.212,0.203299611258607
27.213,0.200476225979215
27.214,0.200997204304949
27.215,0.212354293019994
27.216,0.225498983491511
27.217,0.191738777619458
27.218,0.165419124025753
27.219,0.202160825941085
27.22,0.194175708141122
27.221,0.212746494844252
27.222,0.221816182937078
27.223,0.222992963878145
27.224,0.220312825336977
27.225,0.251230375445362
27.226,0.2709818064435
27.227,0.281291307769933
27.228,0.284102090866454
27.229,0.265602950515519
27.23,0.267091124973099
27.231,0.270924173589291
27.232,0.264036327514222
27.233,0.279205491971482
27.234,0.234079881455794
27.235,0.239326167964268
27.236,0.245513390478205
27.237,0.273023425337107
27.238,0.255191077778805
27.239,0.214606962477689
27.24,0.194901759568022
27.241,0.177610022687565
27.242,0.1862913411287
27.243,0.202372907896941
27.244,0.180681543798495
27.245,0.149215534341346
27.246,0.156308907299384
27.247,0.120418279186658
27.248,0.119623815760339
27.249,0.0616877428260047
27.25,0.0796449514035385
27.251,0.0653066738281803
27.252,0.0741824340045144
27.253,0.0773386891006994
27.254,0.0896216498000165
27.255,0.0475920611221997
27.256,0.0696674452646471
27.257,0.0970068443732327
27.258,0.122739329571774
27.259,0.12244336162184
27.26,0.13232789435034
27.261,0.120319117648508
27.262,0.0882825485256118
27.263,0.108686352830639
27.264,0.119335481626746
27.265,0.118214210015744
27.266,0.113234613981658
27.267,0.0706411372343593
27.268,0.0414418684374937
27.269,0.0147652396625488
27.27,0.0201864361415795
27.271,0.0115434615101589
27.272,0.0268973393274782
27.273,-0.012080419963119
27.274,-0.0320273190714336
27.275,-0.0582816038171314
27.276,-0.0487998094726205
27.277,-0.0981010625160158
27.278,-0.0794548173958212
27.279,-0.0685399951358757
27.28,-0.0768823801070912
27.281,-0.0796771464238545
27.282,-0.0888725039599353
27.283,-0.125209614000315
27.284,-0.177310085661615
27.285,-0.166169519983161
27.286,-0.212483642060451
27.287,-0.243064419809031
27.288,-0.251889619945248
27.289,-0.281290521639404
27.29,-0.29016314049261
27.291,-0.311943844178176
27.292,-0.32911015478827
27.293,-0.322946034487854
27.294,-0.325036113512277
27.295,-0.304640026831683
27.296,-0.281605391054623
27.297,-0.265496977895099
27.298,-0.25846872864148
27.299,-0.257755867328155
27.3,-0.254145951369749
27.301,-0.248952226097835
27.302,-0.249884927108041
27.303,-0.250447935486795
27.304,-0.249596827730023
27.305,-0.258319785612773
27.306,-0.287843412822911
27.307,-0.287847951225672
27.308,-0.26243265684247
27.309,-0.276180402940781
27.31,-0.247274331573419
27.311,-0.219648629442317
27.312,-0.255434292108266
27.313,-0.252690019605467
27.314,-0.255988943098175
27.315,-0.235660047858139
27.316,-0.18890549716888
27.317,-0.178155169652629
27.318,-0.182431873170646
27.319,-0.14731369506337
27.32,-0.162598894420725
27.321,-0.155447340583662
27.322,-0.149090850338355
27.323,-0.164747088252109
27.324,-0.162164585828387
27.325,-0.167363796888245
27.326,-0.1524235471263
27.327,-0.172988539922135
27.328,-0.151872352867105
27.329,-0.189850823687072
27.33,-0.21800825149541
27.331,-0.192182415641763
27.332,-0.226154120388258
27.333,-0.23823522389311
27.334,-0.231625891278081
27.335,-0.24885912984025
27.336,-0.264738788083717
27.337,-0.294828347910328
27.338,-0.308909383392701
27.339,-0.273322076512782
27.34,-0.262137087770559
27.341,-0.274415997214831
27.342,-0.296609678541904
27.343,-0.296948439385668
27.344,-0.280400848679408
27.345,-0.305273187274476
27.346,-0.340190871667634
27.347,-0.33139837826421
27.348,-0.320603781947599
27.349,-0.364949993054749
27.35,-0.349744052667806
27.351,-0.38971695965573
27.352,-0.413648552958853
27.353,-0.41805409230288
27.354,-0.421282289204706
27.355,-0.430138416076068
27.356,-0.425580524908381
27.357,-0.431550436883027
27.358,-0.422796881677287
27.359,-0.434105116565088
27.36,-0.419001194907352
27.361,-0.436856395126447
27.362,-0.420167574512348
27.363,-0.425713489288157
27.364,-0.399760075859271
27.365,-0.391145288471532
27.366,-0.380555623103758
27.367,-0.341511614392591
27.368,-0.351387810291002
27.369,-0.363231450597386
27.37,-0.364383904427868
27.371,-0.387724933875936
27.372,-0.381649408943589
27.373,-0.369504571814628
27.374,-0.428462867943685
27.375,-0.386264844767043
27.376,-0.350776926614936
27.377,-0.342345425090402
27.378,-0.363398809353863
27.379,-0.365669060320093
27.38,-0.36762937228592
27.381,-0.366774603521056
27.382,-0.345369281306658
27.383,-0.333392642139603
27.384,-0.361384320173538
27.385,-0.365380662973854
27.386,-0.406416110059568
27.387,-0.378886009764469
27.388,-0.389939023870372
27.389,-0.373862353344023
27.39,-0.383447819184711
27.391,-0.361753604248986
27.392,-0.364178898028747
27.393,-0.362710481531889
27.394,-0.3396779541942
27.395,-0.313685472806202
27.396,-0.316406179466209
27.397,-0.319028832350723
27.398,-0.303898826134083
27.399,-0.325905586184534
27.4,-0.348612129203862
27.401,-0.374109650151655
27.402,-0.365027777439098
27.403,-0.343637347784044
27.404,-0.28848108732991
27.405,-0.29090454689021
27.406,-0.269969212578701
27.407,-0.24627987022473
27.408,-0.239894762786702
27.409,-0.210385694117464
27.41,-0.167949597062264
27.411,-0.182053099883222
27.412,-0.17526346322673
27.413,-0.142507991727413
27.414,-0.15980927015514
27.415,-0.171915226406453
27.416,-0.133582442905802
27.417,-0.0927764316812103
27.418,-0.110186351117654
27.419,-0.121143424739925
27.42,-0.120042145874657
27.421,-0.160282721210043
27.422,-0.151880693832869
27.423,-0.136662862052119
27.424,-0.119913676422323
27.425,-0.114830355220715
27.426,-0.154566544451354
27.427,-0.155485624758653
27.428,-0.169119263704311
27.429,-0.163941148463796
27.43,-0.15715927396571
27.431,-0.181816428022885
27.432,-0.177816333865274
27.433,-0.163280472195454
27.434,-0.162041776959913
27.435,-0.164971852232321
27.436,-0.15666263627494
27.437,-0.136797412868384
27.438,-0.137835326904722
27.439,-0.187300574393373
27.44,-0.198317377046264
27.441,-0.17502506090835
27.442,-0.147576426599491
27.443,-0.125420313136242
27.444,-0.144573906598333
27.445,-0.178759802968353
27.446,-0.19842831140383
27.447,-0.157263857700825
27.448,-0.150470400381523
27.449,-0.184484351181139
27.45,-0.202752411902065
27.451,-0.185475612163481
27.452,-0.153662382798597
27.453,-0.115528544279205
27.454,-0.099638382018952
27.455,-0.080253688268613
27.456,-0.0910709551880515
27.457,-0.0656564384643226
27.458,-0.038893127148446
27.459,-0.0854871563325695
27.46,-0.0741115212602325
27.461,-0.0604969995810333
27.462,-0.0815338164622692
27.463,-0.124359941833716
27.464,-0.128757872040616
27.465,-0.0970287325195744
27.466,-0.0870220725518827
27.467,-0.092829343655274
27.468,-0.106679671722151
27.469,-0.0803860452389667
27.47,-0.0785180408481083
27.471,-0.0307447491438296
27.472,-0.0308592957836814
27.473,-0.0310824678968618
27.474,-0.0754439717306614
27.475,-0.0789357094178319
27.476,-0.0413949395435861
27.477,-0.0297491225013231
27.478,-0.0239233427807155
27.479,0.0107353149101082
27.48,0.0167355091159208
27.481,0.00218179202427877
27.482,-0.0161386666158956
27.483,-0.00499847493317782
27.484,-0.0203062805862932
27.485,-0.00895389678604867
27.486,-0.0445314329245578
27.487,-0.0520106816989851
27.488,-0.0392372417483281
27.489,-0.00950739651972717
27.49,-0.0453140249186855
27.491,-0.0286943084752104
27.492,-0.0100854770207707
27.493,0.039294733590788
27.494,0.0131102245522027
27.495,0.0062016590775438
27.496,-0.00845144070089252
27.497,-0.000700501304730781
27.498,0.00506576032441165
27.499,-0.00140300816993631
27.5,0.0500962500844121
27.501,0.0290500191611331
27.502,0.042459778893706
27.503,0.0516639834596812
27.504,0.0260989695963511
27.505,-0.0247327098949574
27.506,-0.00297835767317511
27.507,-0.0270630389298468
27.508,-0.0170119224812303
27.509,-0.00322063009666673
27.51,-0.0033131396281778
27.511,-0.00856721345334423
27.512,-0.0343354786802239
27.513,-0.0164891478451811
27.514,-0.0312022801143594
27.515,-0.0164120572569172
27.516,-0.00444873191870343
27.517,-0.0280896597195974
27.518,-0.0663440195933725
27.519,-0.0620197476389173
27.52,-0.0660754627828597
27.521,-0.0494167958261914
27.522,-0.037262368426841
27.523,-0.06596598438512
27.524,-0.0527734574048763
27.525,-0.0407143014449389
27.526,-0.0360488842116066
27.527,-0.0254665247190475
27.528,-0.023870567816515
27.529,-0.0344098013267639
27.53,-0.0299099274430049
27.531,-0.039094368615578
27.532,-0.0466286860758285
27.533,-0.0410059036600095
27.534,-0.0178562239406903
27.535,-0.0410005785466144
27.536,-0.0302577508960975
27.537,-0.0396477053032671
27.538,-0.0354686181513503
27.539,-0.0183452037629458
27.54,-0.055902569343586
27.541,-0.0552975164732995
27.542,-0.0330210762644594
27.543,-0.0377868384585853
27.544,-0.037857232713032
27.545,-0.0874542484547708
27.546,-0.0836789775878772
27.547,-0.0562231762531126
27.548,-0.0434002426217657
27.549,0.0134551042728306
27.55,-0.00531202983832459
27.551,-0.00432740000491625
27.552,-0.00426010680055431
27.553,-0.0116871412076362
27.554,-0.0183356642221842
27.555,-0.000925031357998381
27.556,0.00820659729254127
27.557,0.0240539662790109
27.558,0.0610242261606295
27.559,0.0753365348357824
27.56,0.0619717510536007
27.561,0.0861762925126752
27.562,0.068455807880232
27.563,0.0849516767326944
27.564,0.092895623910903
27.565,0.0992533223686541
27.566,0.0878511483559137
27.567,0.117038062568541
27.568,0.12915097995466
27.569,0.128826600483401
27.57,0.118758046988018
27.571,0.129507341762884
27.572,0.115461866062138
27.573,0.156319628501243
27.574,0.150743953969746
27.575,0.154615360196441
27.576,0.184107551620406
27.577,0.186803358736598
27.578,0.182364072291536
27.579,0.166667004284426
27.58,0.155043259305769
27.581,0.124916405178271
27.582,0.116044970643874
27.583,0.0799263419259925
27.584,0.118192613919003
27.585,0.147848738348187
27.586,0.159122664403706
27.587,0.180760126965701
27.588,0.180099659293272
27.589,0.222544387725777
27.59,0.220203193087985
27.591,0.236408214315097
27.592,0.254489684687577
27.593,0.279697563112274
27.594,0.28050095377786
27.595,0.297444363245289
27.596,0.29933008363176
27.597,0.29498620262182
27.598,0.27571498132612
27.599,0.27231190516524
27.6,0.293715398884498
27.601,0.301016679891153
27.602,0.286082679795601
27.603,0.281092969694928
27.604,0.31036638014235
27.605,0.340227953673304
27.606,0.342858717334263
27.607,0.329292042082035
27.608,0.314927925550171
27.609,0.364475153346544
27.61,0.394665548615506
27.611,0.397215342790711
27.612,0.4065076600921
27.613,0.403941856806273
27.614,0.405021323367041
27.615,0.37303798720229
27.616,0.385016720901308
27.617,0.394380615784632
27.618,0.392765126457408
27.619,0.400651319541704
27.62,0.383091905381995
27.621,0.397376360785808
27.622,0.417701077939821
27.623,0.446923978326293
27.624,0.40922028781246
27.625,0.425914285814357
27.626,0.490187857080101
27.627,0.464947023228875
27.628,0.433586878805509
27.629,0.413956071954438
27.63,0.398343159242485
27.631,0.37089716022167
27.632,0.360573704878348
27.633,0.356624796937363
27.634,0.345956167267679
27.635,0.376819117971866
27.636,0.386570702503419
27.637,0.41763731262681
27.638,0.437946888688606
27.639,0.461281419413419
27.64,0.485761037621545
27.641,0.49340527441634
27.642,0.488984819646477
27.643,0.457227424450534
27.644,0.474168923961828
27.645,0.49714648624419
27.646,0.460913791859843
27.647,0.478769399095628
27.648,0.501747312440872
27.649,0.518625882719323
27.65,0.495050818704213
27.651,0.467415075913951
27.652,0.537371381791284
27.653,0.537891636786857
27.654,0.557007637760003
27.655,0.576811183628187
27.656,0.593913364554161
27.657,0.593497123251702
27.658,0.611503066934408
27.659,0.619052027381478
27.66,0.583215685702677
27.661,0.558046021170665
27.662,0.563750395658323
27.663,0.553185716868977
27.664,0.538286214549954
27.665,0.587551617952382
27.666,0.589055596872988
27.667,0.582559948783244
27.668,0.60267499627822
27.669,0.612160215896722
27.67,0.590897208285625
27.671,0.61599424743124
27.672,0.625033693329526
27.673,0.615595369759163
27.674,0.642490631931064
27.675,0.610080255657391
27.676,0.613086888651275
27.677,0.610516808190376
27.678,0.603962650171655
27.679,0.562719331807273
27.68,0.567822670719723
27.681,0.590134168060271
27.682,0.610057450856846
27.683,0.584439316412377
27.684,0.574541168323843
27.685,0.578036513643277
27.686,0.574024741300156
27.687,0.588680379866429
27.688,0.58106162301709
27.689,0.603659459180735
27.69,0.628590497419902
27.691,0.662252458009221
27.692,0.680121593801177
27.693,0.678168594286036
27.694,0.681664163459492
27.695,0.695855865812884
27.696,0.697661568747053
27.697,0.72113755948188
27.698,0.745062106915276
27.699,0.703811082340136
27.7,0.701150408851669
27.701,0.696839942997312
27.702,0.707378509652721
27.703,0.699474970027807
27.704,0.705935582204825
27.705,0.743093228199575
27.706,0.722615025871837
27.707,0.763085341923275
27.708,0.80293376568531
27.709,0.792030472349925
27.71,0.792048966771732
27.711,0.78709030036652
27.712,0.750161231931481
27.713,0.752733732884559
27.714,0.767103835407933
27.715,0.776968086211038
27.716,0.771117858849775
27.717,0.746579181550469
27.718,0.757623933648594
27.719,0.702768703278261
27.72,0.701984008053628
27.721,0.705432971033326
27.722,0.720655865937152
27.723,0.710133182691069
27.724,0.687883312324182
27.725,0.689525582350028
27.726,0.701847993015777
27.727,0.714257632796364
27.728,0.739712955955927
27.729,0.757780591741804
27.73,0.764846303989413
27.731,0.74268251679054
27.732,0.734179207235285
27.733,0.751246405219738
27.734,0.715517534243077
27.735,0.751549192092431
27.736,0.776362748538525
27.737,0.775669379422835
27.738,0.798389669292721
27.739,0.8233186339103
27.74,0.833354005331473
27.741,0.848155754411891
27.742,0.849627764414248
27.743,0.849432123589143
27.744,0.845057246578192
27.745,0.841402779099736
27.746,0.846429396382029
27.747,0.818995746667168
27.748,0.820949482696877
27.749,0.817475938776411
27.75,0.826325477383706
27.751,0.865204237690226
27.752,0.859298599774093
27.753,0.856936265577014
27.754,0.894182060374545
27.755,0.883206273582426
27.756,0.900874847261458
27.757,0.873956680252651
27.758,0.872837250730087
27.759,0.926257030522758
27.76,0.967253631194898
27.761,0.969630458152078
27.762,0.991815487584756
27.763,0.982340375581693
27.764,0.973680120541865
27.765,0.963106707154141
27.766,0.960477002174706
27.767,0.967914169631433
27.768,1.02823416024721
27.769,1.04179123236914
27.77,1.05918993137467
27.771,1.11289591269593
27.772,1.11268375794729
27.773,1.09914295846743
27.774,1.07216463478044
27.775,1.07648303036119
27.776,1.0714684366521
27.777,1.07757660010749
27.778,1.0867749607807
27.779,1.11581075939799
27.78,1.10365628178399
27.781,1.13193423594327
27.782,1.14905978148206
27.783,1.15718849533295
27.784,1.12686239638374
27.785,1.13292952112072
27.786,1.15567642827343
27.787,1.12758875663332
27.788,1.11674776828774
27.789,1.13925818566796
27.79,1.12725083904049
27.791,1.08191847333133
27.792,1.05494578399134
27.793,1.07479817842907
27.794,1.06549248642742
27.795,1.03186348308628
27.796,1.05088081445934
27.797,1.0557336885753
27.798,1.08479271385064
27.799,1.09105815452217
27.8,1.06021836166333
27.801,1.09040839309052
27.802,1.11161866040255
27.803,1.127725953898
27.804,1.12738508887588
27.805,1.14609733468167
27.806,1.15198323190611
27.807,1.13938472379204
27.808,1.13667920762685
27.809,1.12769343998819
27.81,1.12614307382668
27.811,1.11883827132315
27.812,1.10059538159525
27.813,1.07401710007614
27.814,1.08572469421952
27.815,1.06929108244719
27.816,1.10952497867519
27.817,1.11923804614472
27.818,1.0954190189221
27.819,1.10963518514957
27.82,1.12706423596185
27.821,1.11348276122086
27.822,1.11215174232518
27.823,1.08428540284716
27.824,1.08910537379801
27.825,1.09766521488644
27.826,1.04501236692402
27.827,1.078743054403
27.828,1.08602986885715
27.829,1.11540223385104
27.83,1.11040775520502
27.831,1.09822707213635
27.832,1.13138591822419
27.833,1.10778524715356
27.834,1.12130897572282
27.835,1.13687043576412
27.836,1.11952408783759
27.837,1.14962858706538
27.838,1.13185459908731
27.839,1.12302035416264
27.84,1.09622061611187
27.841,1.08259733213386
27.842,1.08092822049878
27.843,1.0874927923397
27.844,1.12688638194586
27.845,1.11449113083867
27.846,1.14552628385112
27.847,1.16457327160473
27.848,1.19610024756712
27.849,1.17749063362684
27.85,1.17607987066818
27.851,1.20256223113407
27.852,1.18921529199482
27.853,1.22218486973396
27.854,1.23487507081212
27.855,1.23586732180221
27.856,1.25944494429828
27.857,1.27023893925687
27.858,1.27992296358303
27.859,1.27465448429517
27.86,1.25268428560847
27.861,1.23123886698861
27.862,1.26105405382658
27.863,1.26626960995841
27.864,1.25440646965762
27.865,1.25482297760418
27.866,1.24263886684609
27.867,1.26572474347499
27.868,1.23700287720445
27.869,1.23090310014107
27.87,1.23891672498268
27.871,1.24674208556468
27.872,1.25379035127474
27.873,1.29424200608239
27.874,1.28963219712691
27.875,1.28572934299065
27.876,1.32015215979613
27.877,1.32962145813207
27.878,1.32658705623389
27.879,1.27953324407154
27.88,1.30083397530705
27.881,1.28121662176761
27.882,1.28563732900404
27.883,1.26282952158018
27.884,1.31360596017314
27.885,1.32717366202587
27.886,1.34000815725195
27.887,1.33317622521227
27.888,1.3326600358119
27.889,1.32414823479102
27.89,1.30338553015845
27.891,1.32872193526027
27.892,1.33985956040771
27.893,1.35109390360722
27.894,1.31316563132028
27.895,1.34486967649738
27.896,1.3539277344604
27.897,1.35133544732399
27.898,1.35087953589385
27.899,1.34274040970139
27.9,1.33574337981218
27.901,1.30998787527576
27.902,1.26204134469106
27.903,1.25321751126845
27.904,1.24253475205386
27.905,1.26004591396484
27.906,1.24331051432587
27.907,1.21180412338907
27.908,1.25332631731866
27.909,1.27261142955366
27.91,1.29207723415484
27.911,1.31559180312042
27.912,1.33008120527301
27.913,1.34651994165017
27.914,1.33123281941103
27.915,1.31098246982442
27.916,1.29906074572532
27.917,1.24949994923568
27.918,1.25112397714811
27.919,1.23215939618456
27.92,1.21359336796586
27.921,1.2253746553703
27.922,1.24275222965921
27.923,1.2690025691848
27.924,1.25702144471879
27.925,1.27824691924022
27.926,1.28904688888969
27.927,1.25806722892405
27.928,1.23431915029797
27.929,1.20440882892904
27.93,1.22577103936987
27.931,1.1842453151006
27.932,1.19328853724679
27.933,1.19651781429947
27.934,1.23581678816307
27.935,1.21478501628793
27.936,1.18975373314261
27.937,1.15489317882578
27.938,1.15145680713101
27.939,1.14560770944664
27.94,1.17927859404976
27.941,1.18748840764713
27.942,1.18848147843747
27.943,1.18759671089856
27.944,1.18700426761244
27.945,1.15507675012062
27.946,1.1877626795221
27.947,1.22710556370911
27.948,1.20428664069323
27.949,1.22105471294718
27.95,1.29027084202292
27.951,1.28472005500736
27.952,1.26428132847609
27.953,1.27896849643884
27.954,1.27342445438224
27.955,1.29362530545769
27.956,1.27378988189881
27.957,1.25035827157057
27.958,1.26945463711461
27.959,1.28129974114091
27.96,1.28519679355488
27.961,1.28790643926067
27.962,1.26981509698982
27.963,1.28406146379634
27.964,1.27981279256265
27.965,1.27850454111393
27.966,1.2992538939202
27.967,1.34223939685838
27.968,1.34542543803556
27.969,1.34248516619099
27.97,1.34357140152825
27.971,1.33546906681582
27.972,1.33004453094316
27.973,1.32986005250663
27.974,1.34666675206227
27.975,1.3718440752671
27.976,1.37236876791652
27.977,1.36011730963059
27.978,1.37404484256815
27.979,1.36872581141411
27.98,1.33857806963621
27.981,1.33656987106551
27.982,1.34658862095985
27.983,1.3324592262977
27.984,1.31634584539179
27.985,1.32400811742079
27.986,1.29650966537955
27.987,1.32425720686004
27.988,1.34691843257176
27.989,1.34948190957256
27.99,1.32167001413549
27.991,1.32532203550362
27.992,1.33208044143445
27.993,1.30943638182129
27.994,1.30202307369854
27.995,1.32808106350507
27.996,1.32246154378014
27.997,1.33685691670611
27.998,1.34181600249887
27.999,1.33418671823749
28,1.35070319343704
28.001,1.3330314854701
28.002,1.33932212291456
28.003,1.30067950346268
28.004,1.31929928402366
28.005,1.2913240372187
28.006,1.28904232224653
28.007,1.29612642749114
28.008,1.2973020210447
28.009,1.31362488542594
28.01,1.31897085206443
28.011,1.29980130951007
28.012,1.30484198533589
28.013,1.28149144782059
28.014,1.27435511831953
28.015,1.2685491822985
28.016,1.23873684306175
28.017,1.24971252669847
28.018,1.28285108555635
28.019,1.29433699856949
28.02,1.28913425202988
28.021,1.27394223166673
28.022,1.30188272056066
28.023,1.30358203689304
28.024,1.29749002199911
28.025,1.29725093557775
28.026,1.25544874290129
28.027,1.26407550298998
28.028,1.30986737925693
28.029,1.28774419579546
28.03,1.28309219772961
28.031,1.27732631265467
28.032,1.25012041247426
28.033,1.2454050544263
28.034,1.27118162288749
28.035,1.23046971500524
28.036,1.23758020154015
28.037,1.26124098582333
28.038,1.25446982453761
28.039,1.28077274869627
28.04,1.2634207728356
28.041,1.27708643407946
28.042,1.26125692044211
28.043,1.26302093246572
28.044,1.27037968242007
28.045,1.30310135486097
28.046,1.33509950054018
28.047,1.30267872333024
28.048,1.28348791181204
28.049,1.28540522593604
28.05,1.29509115362268
28.051,1.30770765495398
28.052,1.31635050542526
28.053,1.32998587793926
28.054,1.35028968427604
28.055,1.39106052367561
28.056,1.41050094852166
28.057,1.38465465841506
28.058,1.383134626676
28.059,1.40814384877005
28.06,1.40153519211757
28.061,1.42262611975519
28.062,1.42810412249688
28.063,1.42750458451375
28.064,1.41356979001747
28.065,1.40173642731159
28.066,1.42144554968488
28.067,1.44433688646899
28.068,1.4437163080468
28.069,1.46897656209207
28.07,1.4639411513628
28.071,1.45487491275882
28.072,1.46648995911249
28.073,1.43861357268824
28.074,1.41605978380379
28.075,1.41997586341741
28.076,1.41713098652597
28.077,1.41863902765393
28.078,1.44231111678286
28.079,1.43600260997967
28.08,1.4575263756792
28.081,1.47680966728114
28.082,1.5043943304815
28.083,1.50806424511018
28.084,1.52215415540011
28.085,1.53175601991429
28.086,1.56993983451366
28.087,1.55598841474504
28.088,1.52516085021337
28.089,1.55502535713326
28.09,1.5633586347333
28.091,1.52594475220586
28.092,1.52083059906946
28.093,1.5704402241324
28.094,1.54846782438783
28.095,1.5547374713645
28.096,1.5870491326314
28.097,1.59042730553484
28.098,1.57968149047435
28.099,1.58805547074135
28.1,1.5879904338867
28.101,1.58974904891916
28.102,1.59880553052078
28.103,1.61009864892649
28.104,1.63829655139961
28.105,1.63148065529844
28.106,1.60667218171062
28.107,1.57549671266974
28.108,1.55779496598198
28.109,1.59563999399491
28.11,1.58233788894363
28.111,1.5485651044995
28.112,1.55617408968386
28.113,1.53346382337399
28.114,1.53105735993976
28.115,1.53617362304298
28.116,1.54199580099509
28.117,1.54916062227459
28.118,1.52396508579168
28.119,1.47783052813814
28.12,1.46985863617046
28.121,1.44701768177026
28.122,1.43090584571926
28.123,1.45891085022451
28.124,1.47804690870481
28.125,1.47251718703333
28.126,1.49420768134982
28.127,1.51606353756181
28.128,1.49071518164948
28.129,1.46701475842022
28.13,1.46082222761717
28.131,1.48087068787482
28.132,1.4801078632822
28.133,1.5116798473194
28.134,1.53287263874095
28.135,1.51815816033521
28.136,1.52051821920435
28.137,1.51503902949292
28.138,1.50491184736776
28.139,1.55694367583176
28.14,1.57280347045434
28.141,1.55851460344396
28.142,1.53898465981905
28.143,1.54703176996003
28.144,1.52971986333387
28.145,1.50695999929955
28.146,1.52113943668405
28.147,1.48146583746156
28.148,1.47996167681905
28.149,1.49182014560207
28.15,1.44420026586749
28.151,1.45642806953091
28.152,1.48340923943824
28.153,1.47509626474939
28.154,1.46470566744298
28.155,1.458523606172
28.156,1.45114953169102
28.157,1.41460304516665
28.158,1.42968622927348
28.159,1.46629455257033
28.16,1.42277624458603
28.161,1.43992351215254
28.162,1.41359075913422
28.163,1.41440551224997
28.164,1.38891384345482
28.165,1.40856065159062
28.166,1.39884552750459
28.167,1.43464229557373
28.168,1.41008758868232
28.169,1.39699838277283
28.17,1.3967961547587
28.171,1.35327514896273
28.172,1.33391853365578
28.173,1.38258961699609
28.174,1.36458200487055
28.175,1.33765324759238
28.176,1.32133340939632
28.177,1.37331889452254
28.178,1.36106528174036
28.179,1.34010139626179
28.18,1.36558237681132
28.181,1.38660406112581
28.182,1.39119948877323
28.183,1.38208525973566
28.184,1.37673551235046
28.185,1.35783680620173
28.186,1.32307043387459
28.187,1.32554271079937
28.188,1.32251647911
28.189,1.30673534795898
28.19,1.30724891653323
28.191,1.29461695362962
28.192,1.28627283557011
28.193,1.28808784580273
28.194,1.28848838566178
28.195,1.26383086600927
28.196,1.28698080605563
28.197,1.29840926468282
28.198,1.30317432893988
28.199,1.31735909030497
28.2,1.27704248741666
28.201,1.28069727310843
28.202,1.25482072237662
28.203,1.21504717745707
28.204,1.22176578975338
28.205,1.22516161722399
28.206,1.21964854670795
28.207,1.21123169031316
28.208,1.2223670044411
28.209,1.26401428524492
28.21,1.2653974128948
28.211,1.25268003917246
28.212,1.24083374807272
28.213,1.26683202803014
28.214,1.26418033289539
28.215,1.26390780401614
28.216,1.26947959849223
28.217,1.26746600028533
28.218,1.24607540239008
28.219,1.25482292806547
28.22,1.30630850894474
28.221,1.29371521359564
28.222,1.30462725899298
28.223,1.30591029408539
28.224,1.26388185562489
28.225,1.27437003590453
28.226,1.28309217579449
28.227,1.22596874033806
28.228,1.18119017253316
28.229,1.18892988559217
28.23,1.16150660155123
28.231,1.1617748216927
28.232,1.17385926525829
28.233,1.15905876073425
28.234,1.11486379324473
28.235,1.11660705067998
28.236,1.08005904286562
28.237,1.0687083947106
28.238,1.07134267027843
28.239,1.08322402071286
28.24,1.11296701670464
28.241,1.10292106999129
28.242,1.09874936329765
28.243,1.0862492779025
28.244,1.05612954299744
28.245,1.02727911635109
28.246,1.01744116132711
28.247,0.975060400329223
28.248,0.941055650090894
28.249,0.92908108613567
28.25,0.941525254573353
28.251,0.938479668537353
28.252,0.93485667579091
28.253,0.934070182909462
28.254,0.941905995606598
28.255,0.921611874572489
28.256,0.931913790099413
28.257,0.927436055452713
28.258,0.951693780377028
28.259,0.923746582919534
28.26,0.953220784187519
28.261,0.963845039101684
28.262,0.923656656327069
28.263,0.904136186364775
28.264,0.860581561308201
28.265,0.875832348077532
28.266,0.90687432937357
28.267,0.901332907141924
28.268,0.898821798082432
28.269,0.886054371168493
28.27,0.864656168474694
28.271,0.898374196732793
28.272,0.891333523936751
28.273,0.874971026354342
28.274,0.867906870938803
28.275,0.875868210605851
28.276,0.885343241432472
28.277,0.863976920392511
28.278,0.851495687983941
28.279,0.842581389008386
28.28,0.824623330488538
28.281,0.85445688918553
28.282,0.874794712701195
28.283,0.894666997620377
28.284,0.919717890572062
28.285,0.908991766096779
28.286,0.890420403858067
28.287,0.842282270512301
28.288,0.831467242751004
28.289,0.842455182016017
28.29,0.888610805578456
28.291,0.876955036972398
28.292,0.864764767788777
28.293,0.852354868489329
28.294,0.826410561930303
28.295,0.792744311891345
28.296,0.786871615297692
28.297,0.781067541205834
28.298,0.803903302335153
28.299,0.784496962763819
28.3,0.787492941991421
28.301,0.778915119898994
28.302,0.778259746833969
28.303,0.79370710462999
28.304,0.71814430215855
28.305,0.741622369484077
28.306,0.758115560749992
28.307,0.740129835802779
28.308,0.794682965075273
28.309,0.786055592058568
28.31,0.783184346607135
28.311,0.807033246523777
28.312,0.796879704407153
28.313,0.817774426097508
28.314,0.799282906518165
28.315,0.818191656083657
28.316,0.823620799546587
28.317,0.842722973205286
28.318,0.80760953839784
28.319,0.822669313672658
28.32,0.867015998130741
28.321,0.831703321939397
28.322,0.823762610610312
28.323,0.829982492255866
28.324,0.856247877504206
28.325,0.871927202807795
28.326,0.869646398870012
28.327,0.896541691014593
28.328,0.898748473186627
28.329,0.877933213370646
28.33,0.90111382520022
28.331,0.901944645457854
28.332,0.889923884294427
28.333,0.930767727532222
28.334,0.94998546787289
28.335,0.961438942265432
28.336,0.952445385085321
28.337,0.942635057734714
28.338,0.931399645875728
28.339,0.912622678452567
28.34,0.883990424291129
28.341,0.889639903719878
28.342,0.882875744676266
28.343,0.850825246632037
28.344,0.867383899759243
28.345,0.918137451482659
28.346,0.91391614509848
28.347,0.898507758505985
28.348,0.899115435615092
28.349,0.920866856407607
28.35,0.902957623201157
28.351,0.867648076627862
28.352,0.843635933449903
28.353,0.866689048947989
28.354,0.822261918742565
28.355,0.85060698622439
28.356,0.818078832957571
28.357,0.797366354278919
28.358,0.831480475032018
28.359,0.853191211123785
28.36,0.836084211038711
28.361,0.82015533741733
28.362,0.81482504871048
28.363,0.81892733381498
28.364,0.819710952345132
28.365,0.835043997448873
28.366,0.861143765525116
28.367,0.855465865180136
28.368,0.859594259803404
28.369,0.838933613592215
28.37,0.850151570747484
28.371,0.874168528371158
28.372,0.869923922864638
28.373,0.910283741811969
28.374,0.913201818208347
28.375,0.918305497114839
28.376,0.886441838979444
28.377,0.872170468253736
28.378,0.876006015993636
28.379,0.876835149014989
28.38,0.857771333835764
28.381,0.863741629036327
28.382,0.872088067650802
28.383,0.827945684307908
28.384,0.828412587757712
28.385,0.807277984116606
28.386,0.819292930270243
28.387,0.836864796792753
28.388,0.824410365927886
28.389,0.789199832684764
28.39,0.7679319940138
28.391,0.73308470738605
28.392,0.743851490116138
28.393,0.724885746766608
28.394,0.680219079619236
28.395,0.694564642333221
28.396,0.694582155476464
28.397,0.676962895270428
28.398,0.685003091924942
28.399,0.682151940853893
28.4,0.664619089371061
28.401,0.666886862728898
28.402,0.649558925443288
28.403,0.643893361049128
28.404,0.647404985018033
28.405,0.648355866098651
28.406,0.625320370810578
28.407,0.589294561827803
28.408,0.577656199351528
28.409,0.543532716161727
28.41,0.505941601108603
28.411,0.488832496702116
28.412,0.514387676162409
28.413,0.4820728355716
28.414,0.477769133645338
28.415,0.448430963807502
28.416,0.446341158543378
28.417,0.438847414035688
28.418,0.444377560032859
28.419,0.438365184571088
28.42,0.414928430481217
28.421,0.444313249719384
28.422,0.432249656401039
28.423,0.430310120561147
28.424,0.420320461450808
28.425,0.414715037843225
28.426,0.4235865557268
28.427,0.422644746832987
28.428,0.429865672792316
28.429,0.407045659878291
28.43,0.438155137729299
28.431,0.442411270245801
28.432,0.43831624123303
28.433,0.439431475158062
28.434,0.433212416007664
28.435,0.442929978728725
28.436,0.449497539944016
28.437,0.477843946285389
28.438,0.469884683643718
28.439,0.484816992351084
28.44,0.485402771504021
28.441,0.494305999239642
28.442,0.49493618712333
28.443,0.504740685177928
28.444,0.505434549234804
28.445,0.532162319101961
28.446,0.554201647529867
28.447,0.535184726513241
28.448,0.523291056909795
28.449,0.527238563178947
28.45,0.545181269659753
28.451,0.534862012338182
28.452,0.538273878521931
28.453,0.550027688694879
28.454,0.525663143474883
28.455,0.560464556192746
28.456,0.525556869244257
28.457,0.506284714883255
28.458,0.569735532931336
28.459,0.559942318139663
28.46,0.575483471369529
28.461,0.592079808575677
28.462,0.619171366298419
28.463,0.593554820180839
28.464,0.576086743971383
28.465,0.5711297614776
28.466,0.550427396579369
28.467,0.518239623913335
28.468,0.51478362098683
28.469,0.466864313343363
28.47,0.499864171749018
28.471,0.495080901537046
28.472,0.467166667846327
28.473,0.460080261748578
28.474,0.483452267631792
28.475,0.512590459014281
28.476,0.508427205191921
28.477,0.531359741917411
28.478,0.548726639469225
28.479,0.553929128514342
28.48,0.566054738443655
28.481,0.553310291393483
28.482,0.546190450637264
28.483,0.562359654881368
28.484,0.523530435249195
28.485,0.52622806413642
28.486,0.522178251217593
28.487,0.501850562621903
28.488,0.48490272568211
28.489,0.46774009958929
28.49,0.461631953884412
28.491,0.442124031502753
28.492,0.420046445481735
28.493,0.422677090590891
28.494,0.440312608469911
28.495,0.441337296473269
28.496,0.417976018435885
28.497,0.41747432123319
28.498,0.410209003829847
28.499,0.433789945305934
28.5,0.452518830203632
28.501,0.513621654051911
28.502,0.517263067492877
28.503,0.508812961560529
28.504,0.508583554120969
28.505,0.515282996291196
28.506,0.478031597336512
28.507,0.518523332073092
28.508,0.488191649234031
28.509,0.464901357064252
28.51,0.437537362918383
28.511,0.443069969952568
28.512,0.446677741089841
28.513,0.452693951480732
28.514,0.429340102701315
28.515,0.46001368449709
28.516,0.461131379168176
28.517,0.468960401642868
28.518,0.470707627148324
28.519,0.465764268029025
28.52,0.468625080978691
28.521,0.502867914590741
28.522,0.501952796628696
28.523,0.503498310225062
28.524,0.524665652865732
28.525,0.525122179524774
28.526,0.552024058920666
28.527,0.534257843900489
28.528,0.541650141703696
28.529,0.543708728224872
28.53,0.535544431896179
28.531,0.540401579255332
28.532,0.532607163262569
28.533,0.554601265391235
28.534,0.53039103891427
28.535,0.545923775278019
28.536,0.553101106925671
28.537,0.538316218874046
28.538,0.516377805128471
28.539,0.506916447635504
28.54,0.50813689573868
28.541,0.511541483867821
28.542,0.486486989491339
28.543,0.475885973800813
28.544,0.422086059797439
28.545,0.413317593192856
28.546,0.42953516696614
28.547,0.397254299821538
28.548,0.381591063428994
28.549,0.37218356617339
28.55,0.386031447460395
28.551,0.358813850532371
28.552,0.371811106728377
28.553,0.339684974752958
28.554,0.341022456757759
28.555,0.324709697890737
28.556,0.325872780819565
28.557,0.354012426039576
28.558,0.340346784956079
28.559,0.348636146334007
28.56,0.329751280775546
28.561,0.300279957629475
28.562,0.282887950111267
28.563,0.268555661186824
28.564,0.282658809071455
28.565,0.293095851429047
28.566,0.269228402344797
28.567,0.315593367226679
28.568,0.330230035367102
28.569,0.325245377110051
28.57,0.310561123635413
28.571,0.290628481642373
28.572,0.280614367527534
28.573,0.292904691255409
28.574,0.291560276970595
28.575,0.332418826138056
28.576,0.321441473775572
28.577,0.310506682133903
28.578,0.313097099466256
28.579,0.288032573541405
28.58,0.29326211825617
28.581,0.293674102769677
28.582,0.297080566017966
28.583,0.308267219277942
28.584,0.306592918615665
28.585,0.324970127903839
28.586,0.315427686937232
28.587,0.315239726126589
28.588,0.33254781558324
28.589,0.315706914825427
28.59,0.278953529688259
28.591,0.291662263397922
28.592,0.307695043601681
28.593,0.263300362510221
28.594,0.290838617359366
28.595,0.268122199973551
28.596,0.264712508913584
28.597,0.293710440811317
28.598,0.298750397092349
28.599,0.242892831515344
28.6,0.222088047284568
28.601,0.219717201024894
28.602,0.246993452324115
28.603,0.249034767819731
28.604,0.221200780211826
28.605,0.193453247291951
28.606,0.200898907198691
28.607,0.196188714897705
28.608,0.173128118251321
28.609,0.168209987599774
28.61,0.134332325696103
28.611,0.160676470463651
28.612,0.176625764765463
28.613,0.166258027179738
28.614,0.164247689087045
28.615,0.1325315009391
28.616,0.130834677009948
28.617,0.126962221735541
28.618,0.155885144255415
28.619,0.192421178626888
28.62,0.194473181880259
28.621,0.170228313330439
28.622,0.193776000330654
28.623,0.185959922398107
28.624,0.154046515517287
28.625,0.117947311968322
28.626,0.119707653970323
28.627,0.11545790757688
28.628,0.115427207408355
28.629,0.119164512151113
28.63,0.114537002063098
28.631,0.110273300770893
28.632,0.139197765510948
28.633,0.128153605485072
28.634,0.0995377270231162
28.635,0.115423294066217
28.636,0.122550676030308
28.637,0.152794759494206
28.638,0.194202427093826
28.639,0.180492390674507
28.64,0.163293241546437
28.641,0.199088250074633
28.642,0.176434138355801
28.643,0.183800020130208
28.644,0.172461338370802
28.645,0.169882033381425
28.646,0.178069200943767
28.647,0.179279191404374
28.648,0.184938444840979
28.649,0.216101095755951
28.65,0.183659164893309
28.651,0.187215736312806
28.652,0.129435768071859
28.653,0.110370287199698
28.654,0.11235313986319
28.655,0.131318796785804
28.656,0.139302861175422
28.657,0.160258188777888
28.658,0.210115585129932
28.659,0.236993298488134
28.66,0.217694082256464
28.661,0.208014140240929
28.662,0.230811359048336
28.663,0.16054276117031
28.664,0.168646149736925
28.665,0.142483803260028
28.666,0.147343172458414
28.667,0.149649388558423
28.668,0.169536449143642
28.669,0.161296635838126
28.67,0.152201030663178
28.671,0.15643977991643
28.672,0.171245126579381
28.673,0.131201270724696
28.674,0.0971551472029659
28.675,0.100770798499623
28.676,0.125444945538773
28.677,0.137818188086515
28.678,0.107070585732592
28.679,0.106407312787675
28.68,0.127121861686782
28.681,0.149223807658515
28.682,0.139425797589368
28.683,0.140036429238531
28.684,0.170746211203617
28.685,0.130128655500869
28.686,0.152673865903606
28.687,0.140938068991577
28.688,0.136228005630799
28.689,0.115400320226176
28.69,0.141483014672662
28.691,0.176674593181466
28.692,0.194175090635178
28.693,0.199926908380798
28.694,0.21944292568256
28.695,0.24021091592087
28.696,0.273175282162302
28.697,0.288184294220964
28.698,0.295120920581694
28.699,0.269284263495704
28.7,0.269116818196555
28.701,0.282580286612067
28.702,0.277941869258028
28.703,0.247452784733045
28.704,0.267148842829586
28.705,0.282875539405666
28.706,0.275703090921665
28.707,0.271215417748799
28.708,0.259878488399424
28.709,0.250494408087082
28.71,0.252662387332475
28.711,0.239783441969892
28.712,0.221808823993522
28.713,0.222677979591278
28.714,0.191575462083648
28.715,0.210086172554123
28.716,0.201129804220063
28.717,0.255770130149149
28.718,0.260787937994152
28.719,0.238914343769968
28.72,0.254731340886416
28.721,0.27990975045915
28.722,0.306523533823428
28.723,0.290222311734255
28.724,0.268972769731955
28.725,0.273836811144372
28.726,0.282541812806558
28.727,0.26265664859244
28.728,0.257909599131253
28.729,0.265136315471736
28.73,0.261554407095864
28.731,0.277990260260746
28.732,0.27027066569612
28.733,0.292083180891104
28.734,0.293291120592455
28.735,0.292206744917011
28.736,0.241653260186143
28.737,0.245785637971049
28.738,0.221829063670644
28.739,0.234214957036681
28.74,0.244226233432575
28.741,0.238815010010359
28.742,0.190763066302078
28.743,0.166803052438352
28.744,0.172166096943673
28.745,0.159723200806345
28.746,0.175896977489394
28.747,0.192190050712421
28.748,0.222970064680975
28.749,0.174571657664182
28.75,0.137456125145788
28.751,0.161127363569572
28.752,0.14538707229298
28.753,0.162158038568347
28.754,0.189178150972011
28.755,0.211723290518413
28.756,0.220252610395383
28.757,0.189174984933108
28.758,0.174164557343005
28.759,0.170609629376801
28.76,0.186571435417462
28.761,0.184339099571944
28.762,0.170151061588129
28.763,0.163564670247322
28.764,0.162282600357407
28.765,0.156748920992126
28.766,0.195937751878213
28.767,0.179618711598475
28.768,0.189653388220867
28.769,0.183721717166118
28.77,0.196897520778078
28.771,0.220095729992102
28.772,0.240462840194682
28.773,0.259575010733914
28.774,0.241111600340874
28.775,0.255717619494248
28.776,0.241728858609301
28.777,0.241611051715203
28.778,0.278158641931651
28.779,0.308972076744584
28.78,0.310379888920555
28.781,0.308820403712754
28.782,0.29372478785307
28.783,0.29096591735934
28.784,0.308540650417218
28.785,0.278456507279288
28.786,0.280734610414025
28.787,0.270860770489014
28.788,0.271100026245902
28.789,0.266765504652511
28.79,0.281036810351023
28.791,0.274325187691465
28.792,0.281462239721244
28.793,0.295390967420439
28.794,0.318366570162019
28.795,0.326796963162224
28.796,0.335553291827099
28.797,0.366967566965662
28.798,0.359867230278287
28.799,0.346562430633986
28.8,0.338734290487777
28.801,0.315470372822053
28.802,0.311618013604783
28.803,0.319624387174826
28.804,0.307840820000627
28.805,0.34176922162502
28.806,0.354239812441621
28.807,0.290979474598034
28.808,0.257969593359545
28.809,0.266501910505915
28.81,0.271944835486038
28.811,0.228767737373694
28.812,0.19924870545745
28.813,0.179575328736848
28.814,0.163155238733765
28.815,0.172687402214899
28.816,0.22613909140075
28.817,0.226771541367278
28.818,0.209814438384604
28.819,0.208207888255686
28.82,0.186534333824809
28.821,0.177927113851061
28.822,0.181431874802629
28.823,0.141745698775315
28.824,0.122494870815069
28.825,0.128747216666355
28.826,0.125018145720996
28.827,0.111651859979403
28.828,0.0663863486137119
28.829,0.0832756775378172
28.83,0.0870687738868217
28.831,0.0745433774715409
28.832,0.0641211301632335
28.833,0.0574027697409485
28.834,0.0610113757282607
28.835,0.0684987790844591
28.836,0.0629573838798985
28.837,0.0713217580570655
28.838,0.051182210412551
28.839,0.0450558288504479
28.84,0.0388791612317863
28.841,0.0338291309495662
28.842,0.0646023911366673
28.843,0.0478504088747988
28.844,0.00676239215871443
28.845,-0.00842125145881906
28.846,-0.0205236896501944
28.847,-0.0583961014997228
28.848,-0.0345040714175636
28.849,-0.0315539120205408
28.85,-0.0126320628652756
28.851,-0.00723291078430264
28.852,0.0100222601219277
28.853,-0.00750613353884949
28.854,-0.0199776653250883
28.855,-0.0117644539056254
28.856,0.00101210740289429
28.857,0.0162597916490418
28.858,0.0137769453927329
28.859,0.0134554443804431
28.86,-0.032981111475192
28.861,-0.0439425753006
28.862,-0.0429932487312271
28.863,-0.0643730225424337
28.864,-0.0503337939938137
28.865,-0.0818889374234485
28.866,-0.0847381345302218
28.867,-0.0428180663265535
28.868,-0.0703759303795061
28.869,-0.0664334537304891
28.87,-0.07123174590749
28.871,-0.0713428261639018
28.872,-0.05112404773996
28.873,-0.0788468542149096
28.874,-0.0847869013175024
28.875,-0.106138565593565
28.876,-0.138928936307534
28.877,-0.143428296098504
28.878,-0.135079407534768
28.879,-0.138265136377425
28.88,-0.109918443472363
28.881,-0.129239938005681
28.882,-0.11399864788302
28.883,-0.115971769338384
28.884,-0.116406406509797
28.885,-0.0671063890528541
28.886,-0.0660572514687651
28.887,-0.0622344734275683
28.888,-0.0600902752297465
28.889,-0.061411222098679
28.89,-0.0889787852727791
28.891,-0.107640101054317
28.892,-0.145329785642323
28.893,-0.148489815857531
28.894,-0.142335763225975
28.895,-0.125792053880631
28.896,-0.112466886751428
28.897,-0.0967568609388536
28.898,-0.0439086335975283
28.899,-0.0392061462093858
28.9,-0.0122959714616321
28.901,-0.0124849703120617
28.902,-0.0227939594947384
28.903,-0.0357082093275771
28.904,-0.0710194657152184
28.905,-0.0835728452586217
28.906,-0.0556385619913272
28.907,-0.0479633294075622
28.908,-0.0995334330147053
28.909,-0.0548802052596432
28.91,-0.0452648458348035
28.911,-0.0456191134176265
28.912,-0.00133039621265185
28.913,0.0351819017309918
28.914,0.0479923458116078
28.915,0.0520475903491204
28.916,0.0383610489759931
28.917,0.0532796457878136
28.918,0.0442163972325219
28.919,0.0661668122979366
28.92,0.0734481342203639
28.921,0.0620879615198486
28.922,0.0496291338959861
28.923,0.0860176626323231
28.924,0.0866213321344606
28.925,0.0752218601451939
28.926,0.0828004029185139
28.927,0.0875147437246695
28.928,0.0697146452415267
28.929,0.0762135308263348
28.93,0.0698956726139352
28.931,0.0684012521682682
28.932,0.0586757281592725
28.933,0.0593285797306655
28.934,0.0653870760611674
28.935,0.0349736967491727
28.936,0.0362788506241786
28.937,0.016070263362493
28.938,0.0534811472193662
28.939,0.0736516709807882
28.94,0.106417275903055
28.941,0.0927312457767464
28.942,0.0693408063881193
28.943,0.0544971658954335
28.944,0.0569747761838141
28.945,0.0802911297562999
28.946,0.0671053971888705
28.947,0.0434395176272617
28.948,0.0509013705952957
28.949,0.0511400149043817
28.95,0.0645086033195943
28.951,0.0623348458149162
28.952,0.0880195374330919
28.953,0.0784804201988947
28.954,0.098010698969417
28.955,0.083622260198288
28.956,0.0917649981034563
28.957,0.106369420871351
28.958,0.0806210193627395
28.959,0.0707685227031259
28.96,0.0530560712004319
28.961,0.0665108617614091
28.962,0.0492443216964672
28.963,0.0635709246675113
28.964,0.069685714571616
28.965,0.0673910629908378
28.966,0.0740007594279081
28.967,0.108038823407413
28.968,0.066252088666549
28.969,0.0639418576534699
28.97,0.0914398292281277
28.971,0.0732640276384495
28.972,0.0644204028936978
28.973,0.0392950211253913
28.974,0.0773647738223444
28.975,0.0755036788460744
28.976,0.0978572554844331
28.977,0.106186115623295
28.978,0.0503691317753367
28.979,0.0704928946007312
28.98,0.0686501061984996
28.981,0.0831404577813835
28.982,0.08232998082787
28.983,0.0716865291911117
28.984,0.0687159171465798
28.985,0.079470944804527
28.986,0.0911141297576105
28.987,0.098666645613829
28.988,0.0964106669316767
28.989,0.0792314886707194
28.99,0.0908359123521315
28.991,0.0721922130491207
28.992,0.0721263910238859
28.993,0.0812725211248115
28.994,0.0708136473716087
28.995,0.0943216566837509
28.996,0.0953320161658631
28.997,0.10199533621774
28.998,0.0697630406434331
28.999,0.0988252192763214
29,0.078700802455171
29.001,0.118172867622798
29.002,0.147254746686078
29.003,0.131056041368727
29.004,0.131442344514029
29.005,0.10645756492411
29.006,0.152293461254562
29.007,0.143297803666219
29.008,0.143450659011336
29.009,0.13191301078156
29.01,0.146217209177512
29.011,0.148010253782449
29.012,0.175972938576716
29.013,0.189100377524107
29.014,0.192228170661204
29.015,0.178111007655844
29.016,0.193516482967171
29.017,0.179307108639245
29.018,0.163684220606034
29.019,0.153961681384093
29.02,0.134900003415496
29.021,0.142113703956982
29.022,0.159622231416646
29.023,0.200455730466494
29.024,0.157623225417711
29.025,0.118281659191225
29.026,0.107660866403459
29.027,0.121013398970749
29.028,0.105249354628395
29.029,0.101735824922627
29.03,0.122319003990433
29.031,0.0930629716374087
29.032,0.0959750936471171
29.033,0.0916453818354225
29.034,0.0756529833181707
29.035,0.0463257813174796
29.036,0.0660682055371486
29.037,0.0361352062874532
29.038,0.0272452204689235
29.039,0.0303222644954473
29.04,0.0295161417683982
29.041,0.0136862011782441
29.042,0.00309354856168532
29.043,0.0298302464507267
29.044,0.019359935967623
29.045,0.0338986925335773
29.046,0.0403584660131586
29.047,0.0728756202729513
29.048,0.0606054129818902
29.049,0.077162977433268
29.05,0.0606646072280825
29.051,0.0610839132700273
29.052,0.084055390781767
29.053,0.058443453857573
29.054,0.0416522057798299
29.055,0.0566609062338212
29.056,0.0499516749058377
29.057,0.0531916994002168
29.058,0.0853310302820092
29.059,0.115670492682308
29.06,0.134886616436661
29.061,0.113682624862172
29.062,0.0700729605198632
29.063,0.0737546670526622
29.064,0.0323093719155901
29.065,0.0113514671713521
29.066,0.0262764782394749
29.067,0.0293812668512354
29.068,0.0255611256561843
29.069,0.0260674345111361
29.07,0.0257511385644043
29.071,0.0455779218943712
29.072,0.00314941771198251
29.073,-0.00216632875641135
29.074,-0.035131148376651
29.075,-0.0474964114122941
29.076,-0.0602421905622159
29.077,-0.0542700673678391
29.078,-0.0914067633560114
29.079,-0.0812481034072353
29.08,-0.117815484893944
29.081,-0.137940503639111
29.082,-0.131592784805307
29.083,-0.129884275883986
29.084,-0.152963962067073
29.085,-0.125799961508779
29.086,-0.106045214085799
29.087,-0.13617368724928
29.088,-0.110105668761284
29.089,-0.132238906155652
29.09,-0.0977090917142114
29.091,-0.0849518813678602
29.092,-0.0720079540511978
29.093,-0.0540706923256077
29.094,-0.0622200471835596
29.095,-0.0762055249014417
29.096,-0.0646096370173258
29.097,-0.0656407008047692
29.098,-0.0671431204626621
29.099,-0.104370473017571
29.1,-0.0954880455033537
29.101,-0.108227395073623
29.102,-0.0890056623189629
29.103,-0.104061692517665
29.104,-0.106462975776935
29.105,-0.124907313742037
29.106,-0.122816207216134
29.107,-0.0916982113793346
29.108,-0.0773239541775381
29.109,-0.0914394519888198
29.11,-0.0690299063484558
29.111,-0.0923704624262142
29.112,-0.0927461036866705
29.113,-0.088892827596401
29.114,-0.0813395589125533
29.115,-0.0676319552179403
29.116,-0.0519248039773602
29.117,-0.0306822530058186
29.118,-0.0473562330679918
29.119,-0.0105952043373576
29.12,-0.00314791858288149
29.121,0.0385696746867756
29.122,0.0947557368939525
29.123,0.110529684492911
29.124,0.107964945573568
29.125,0.114781897380784
29.126,0.0801965323651477
29.127,0.068288521527834
29.128,0.0742493430250753
29.129,0.0714648189619557
29.13,0.0942103668054416
29.131,0.120479551241026
29.132,0.0698135799197901
29.133,0.0653676721461646
29.134,0.0676418217232907
29.135,0.0745506649823975
29.136,0.0817458865886155
29.137,0.0694365277463286
29.138,0.0618974775332721
29.139,0.035346681226728
29.14,0.0318434120306559
29.141,0.00371831183574707
29.142,0.0199898627965984
29.143,0.0386680184371248
29.144,0.0490779881849579
29.145,0.0514314443621264
29.146,0.0270674296730755
29.147,0.017703120968273
29.148,0.0438499920763828
29.149,0.0879466619487201
29.15,0.08222533162389
29.151,0.132535319172224
29.152,0.138977130793834
29.153,0.117812958316645
29.154,0.0920741213785634
29.155,0.0708638276365543
29.156,0.0973222197579682
29.157,0.0951260212174284
29.158,0.10714013127454
29.159,0.0926038890270467
29.16,0.0881484053858298
29.161,0.0833179312459811
29.162,0.1001122777118
29.163,0.0876006330040266
29.164,0.0853078283168755
29.165,0.0650580986422257
29.166,0.0876154239369752
29.167,0.0718351676991296
29.168,0.0437882739744108
29.169,0.0857428204030546
29.17,0.12877994333041
29.171,0.128960973500491
29.172,0.147238260563011
29.173,0.139307326922095
29.174,0.167400532717745
29.175,0.177822925709907
29.176,0.215225937962227
29.177,0.200225490805211
29.178,0.197407648295012
29.179,0.167234954298338
29.18,0.181361812767164
29.181,0.153248284316394
29.182,0.168486689814454
29.183,0.162268868172004
29.184,0.162809967987337
29.185,0.127481899031468
29.186,0.115777086057912
29.187,0.110727174329944
29.188,0.117579065170706
29.189,0.128432820260034
29.19,0.126535114812872
29.191,0.0893517136425495
29.192,0.105663030665013
29.193,0.0848813158617667
29.194,0.0914733566071858
29.195,0.0993696027447987
29.196,0.0709001415307837
29.197,0.0341554062864667
29.198,0.0494630953045654
29.199,0.0623036721727623
29.2,0.0776123907375547
29.201,0.0501921628309393
29.202,0.0724636434041402
29.203,0.0669356708941216
29.204,0.079576405846868
29.205,0.0630324219638084
29.206,0.0577101175845118
29.207,0.103761553351701
29.208,0.0899966330546918
29.209,0.0842719210961672
29.21,0.0870103526941758
29.211,0.0570639289790731
29.212,0.0637603729153159
29.213,0.0965485790544076
29.214,0.0923551962461721
29.215,0.097808134742033
29.216,0.0768830847137189
29.217,0.0568682499811049
29.218,0.0662206174206298
29.219,0.0455357166877753
29.22,0.00873337851557728
29.221,0.0388800891559728
29.222,0.0267531976421977
29.223,-0.00922324183879123
29.224,-0.0688574378553778
29.225,-0.0743637407351682
29.226,-0.127394931680845
29.227,-0.0909316444165909
29.228,-0.0703710798123985
29.229,-0.0635415267013752
29.23,-0.0286168371911491
29.231,-0.0375229624989633
29.232,-0.0617282575711911
29.233,-0.0503514770300057
29.234,-0.0635930727121269
29.235,-0.0386813174844694
29.236,-0.0534141258454073
29.237,-0.0316200427536358
29.238,-0.0236737775877149
29.239,-0.0250865639087044
29.24,-0.00443804640287858
29.241,-0.0210598489052813
29.242,-0.0138901854108333
29.243,-0.0548684622057028
29.244,-0.0664865188219112
29.245,-0.0367846575110111
29.246,-0.0443720023659364
29.247,-0.0332872453466716
29.248,-0.0655684754348276
29.249,-0.0417271543914214
29.25,-0.0453876641637009
29.251,-0.0354785278221753
29.252,-0.033797911373671
29.253,-0.0241962769375678
29.254,-0.0186771426524527
29.255,-0.0239329303574407
29.256,-0.0170451935276811
29.257,-0.0285856476046501
29.258,-0.0103488352149382
29.259,-0.00502439817696198
29.26,-0.022624831126574
29.261,-0.0334224386082286
29.262,-0.029156177159446
29.263,-0.0290377536056689
29.264,-0.0337613449834038
29.265,0.00645089660313766
29.266,0.00862245846719701
29.267,0.0122254032624901
29.268,0.00742220335032785
29.269,-0.0152562088334159
29.27,0.00130354206546134
29.271,-0.0125635320130244
29.272,-0.0536068453199813
29.273,-0.0624811146683831
29.274,-0.0869146492259541
29.275,-0.113366683524813
29.276,-0.0804143328447336
29.277,-0.0762891904113551
29.278,-0.074187552737263
29.279,-0.0435237646176887
29.28,-0.0548726515342728
29.281,-0.0250734601654051
29.282,-0.0288970741057398
29.283,-0.0533342853148052
29.284,-0.0564322655345095
29.285,-0.0628384981663213
29.286,-0.0552183841593081
29.287,-0.0666029971335233
29.288,-0.00200163684680563
29.289,-0.0084726675910907
29.29,-0.012792360897146
29.291,0.000431404227719055
29.292,-0.0474738660243314
29.293,-0.042045401084484
29.294,-0.040798426293471
29.295,-0.0468929582491385
29.296,-0.0525805914180541
29.297,-0.0577569833347968
29.298,-0.0688979052258439
29.299,-0.085696758096423
29.3,-0.118746849890935
29.301,-0.135711462050803
29.302,-0.12991071432777
29.303,-0.126956048539029
29.304,-0.106999454363579
29.305,-0.117920617828426
29.306,-0.0833605214005676
29.307,-0.0522778336866292
29.308,-0.0617704710707515
29.309,-0.0653145937337863
29.31,-0.0373688454696885
29.311,-0.00308759315694281
29.312,-0.0190117276377684
29.313,-0.0285268809686438
29.314,-0.0277014650057428
29.315,-0.0142045127022753
29.316,-0.0243627214055854
29.317,-0.0287587438384372
29.318,-0.0352720106873573
29.319,-0.0428059879267437
29.32,-0.0536642614853907
29.321,-0.0373852651240481
29.322,-0.0631660760678752
29.323,-0.0894843544076639
29.324,-0.0671515873299829
29.325,-0.0655775833352605
29.326,-0.0654383537681032
29.327,-0.0659286752752042
29.328,-0.0713439467723112
29.329,-0.0528905473800093
29.33,-0.0282114269293545
29.331,-0.0269879648937051
29.332,-0.00481734808420485
29.333,-0.022031107526019
29.334,-0.00110635959649677
29.335,-0.0195541223105847
29.336,-0.0414281918342331
29.337,-0.0265929684529746
29.338,-0.0300077731714227
29.339,-0.0235051205115712
29.34,-0.00186776592567945
29.341,-0.00507457790677409
29.342,0.0216458315373531
29.343,0.0360668918706005
29.344,0.0343122289965121
29.345,0.0274912880717091
29.346,0.0191948150743765
29.347,-0.00189472987807686
29.348,-0.029104529852217
29.349,-0.0700247730070417
29.35,-0.0775702065193864
29.351,-0.0837640887689545
29.352,-0.063073518087811
29.353,-0.0580924535281921
29.354,-0.038034751573642
29.355,-0.0559514053494547
29.356,-0.102358827764275
29.357,-0.100311499665123
29.358,-0.0938649046437662
29.359,-0.0871321441092162
29.36,-0.0636476641282385
29.361,-0.101302490074966
29.362,-0.0535329502762348
29.363,-0.0325845726442565
29.364,-0.0355174232916763
29.365,-0.0474374291864562
29.366,-0.0551933470995126
29.367,-0.0644590596161199
29.368,-0.0510453844829077
29.369,-0.0479575361524796
29.37,-0.0574730066412502
29.371,-0.0635031520140838
29.372,-0.0592391173686455
29.373,-0.0561589564847869
29.374,-0.0530380894807171
29.375,-0.0763637728568211
29.376,-0.0846294771595738
29.377,-0.0954053441809688
29.378,-0.101311887900587
29.379,-0.0810443249168695
29.38,-0.076861868159274
29.381,-0.0642639370815631
29.382,-0.066847777835872
29.383,-0.0532639714170672
29.384,-0.0669304592973663
29.385,-0.0627943496635317
29.386,-0.0363759034170183
29.387,-0.0365173911122801
29.388,-0.0285838689829571
29.389,-0.0125532403144586
29.39,-0.00820852349151419
29.391,0.00695863539793296
29.392,0.0264413327685032
29.393,0.0103096631073945
29.394,0.0422885249123638
29.395,0.0297129093255099
29.396,0.00346716627110135
29.397,0.0232237941460925
29.398,0.0506880991825127
29.399,0.0644559474749194
29.4,0.0729324886004737
29.401,0.0292731611410503
29.402,0.00925169614358824
29.403,0.00422380938974795
29.404,-0.00180355792073106
29.405,-0.0058876365405907
29.406,-0.00127957377243208
29.407,0.0376935842598407
29.408,0.0315876893346126
29.409,0.0695624876946822
29.41,0.0628990464276675
29.411,0.055784864887687
29.412,0.0618074767229574
29.413,0.0656599524541995
29.414,0.106057084057368
29.415,0.137020500456046
29.416,0.143722183800869
29.417,0.152082149250665
29.418,0.101196434269348
29.419,0.0967816739915133
29.42,0.0940567882181635
29.421,0.11093395396727
29.422,0.119533776400484
29.423,0.165110318975576
29.424,0.152696931682958
29.425,0.160598314086809
29.426,0.168182874226746
29.427,0.171334048808572
29.428,0.155756242292805
29.429,0.154866677774828
29.43,0.150008048418181
29.431,0.139086203256353
29.432,0.152769004527454
29.433,0.173377456883503
29.434,0.161979207686379
29.435,0.159497144525925
29.436,0.141001266018327
29.437,0.165066066032495
29.438,0.143763507840059
29.439,0.14472282030875
29.44,0.169215703778905
29.441,0.197335531435842
29.442,0.190082661266388
29.443,0.175028878286471
29.444,0.226326093315846
29.445,0.243676327264303
29.446,0.279432941081447
29.447,0.277093667303564
29.448,0.289449381714265
29.449,0.260458405422603
29.45,0.276502254716453
29.451,0.29869933109553
29.452,0.29341611719229
29.453,0.314168651621014
29.454,0.323003885268974
29.455,0.36571695729987
29.456,0.348201441812669
29.457,0.371731671176738
29.458,0.383739895191509
29.459,0.404229187464184
29.46,0.396202063697785
29.461,0.423175166678052
29.462,0.389382738263932
29.463,0.36994060813363
29.464,0.362640887054824
29.465,0.378941887252573
29.466,0.384929318400469
29.467,0.36875125517607
29.468,0.377531009001518
29.469,0.379991398689813
29.47,0.367262326511679
29.471,0.388313716703868
29.472,0.380212627994384
29.473,0.394140122005096
29.474,0.436616855927618
29.475,0.445391726563842
29.476,0.478562344157958
29.477,0.475409314633787
29.478,0.460361380832734
29.479,0.444027586171782
29.48,0.422737604120792
29.481,0.385810692015304
29.482,0.365234032543651
29.483,0.408669716711175
29.484,0.424393075391019
29.485,0.42778879940528
29.486,0.440160968375433
29.487,0.443412235806302
29.488,0.42783491043958
29.489,0.41556071672463
29.49,0.389576404926599
29.491,0.398995036961956
29.492,0.408015925713535
29.493,0.422253918941301
29.494,0.443299147022187
29.495,0.45616129251714
29.496,0.509399669441676
29.497,0.511975309700554
29.498,0.524680843203642
29.499,0.534057731271881
29.5,0.515743083298296
29.501,0.494307315146237
29.502,0.504389925081671
29.503,0.470222231424462
29.504,0.482539685534694
29.505,0.49956953796442
29.506,0.490938681182305
29.507,0.495146346712003
29.508,0.499797628625958
29.509,0.46410728799748
29.51,0.447689878925643
29.511,0.435513560829593
29.512,0.42741808259661
29.513,0.455524797881161
29.514,0.469076043800388
29.515,0.493986654668021
29.516,0.499673194974604
29.517,0.510753128701451
29.518,0.510283401718186
29.519,0.47321983996067
29.52,0.473901288897395
29.521,0.477529972114706
29.522,0.466717288044293
29.523,0.486236324680739
29.524,0.497114459683672
29.525,0.502698553994974
29.526,0.508164575304095
29.527,0.54964284592725
29.528,0.553181420150688
29.529,0.561607080911342
29.53,0.587204108547517
29.531,0.572132275069151
29.532,0.600637765724411
29.533,0.609759388664609
29.534,0.643459200707082
29.535,0.634059225954881
29.536,0.674711131087303
29.537,0.688441567787685
29.538,0.711965959482487
29.539,0.713114906144013
29.54,0.684883256366995
29.541,0.678245511588274
29.542,0.713903323688266
29.543,0.722504587016891
29.544,0.741708890412534
29.545,0.725346694628813
29.546,0.69991055762086
29.547,0.742160545506351
29.548,0.767219053021304
29.549,0.743565563092413
29.55,0.732962319413633
29.551,0.762204676152848
29.552,0.733502304154503
29.553,0.724792940755682
29.554,0.741935808819729
29.555,0.757360109630842
29.556,0.739109522463653
29.557,0.730511240991318
29.558,0.700468947787423
29.559,0.710887662565479
29.56,0.732436436545477
29.561,0.764882778375531
29.562,0.764745564426869
29.563,0.737695033987698
29.564,0.761264352317698
29.565,0.765454725000329
29.566,0.75556149355277
29.567,0.759004444979372
29.568,0.756565382331941
29.569,0.753638914101674
29.57,0.750283615727881
29.571,0.817614013865207
29.572,0.797357825194688
29.573,0.816621636887136
29.574,0.809931113234134
29.575,0.790088290562789
29.576,0.788678504446921
29.577,0.798823951730055
29.578,0.800020905650342
29.579,0.802079025673072
29.58,0.819401201669406
29.581,0.773799374430557
29.582,0.759843577336099
29.583,0.727347300270626
29.584,0.731524680703944
29.585,0.705334722314143
29.586,0.720510687372452
29.587,0.70932010065291
29.588,0.66873565463141
29.589,0.648842501322064
29.59,0.659201751434949
29.591,0.640220985129117
29.592,0.640328129893465
29.593,0.626855490016511
29.594,0.635292841564086
29.595,0.645065449335018
29.596,0.662101804388502
29.597,0.663043888133706
29.598,0.672731406788419
29.599,0.675644686541033
29.6,0.637452577466322
29.601,0.636113825974819
29.602,0.641699657854702
29.603,0.631378177917708
29.604,0.623276511213273
29.605,0.655181241217527
29.606,0.657552260420396
29.607,0.625375980770428
29.608,0.636364191028383
29.609,0.597124394708257
29.61,0.582241180557153
29.611,0.553405431544429
29.612,0.548306442353341
29.613,0.530539335209086
29.614,0.554911232851029
29.615,0.536833842557445
29.616,0.514868389815993
29.617,0.506534116299952
29.618,0.540716353988232
29.619,0.57796674329515
29.62,0.535649989759272
29.621,0.521476540810102
29.622,0.50572530256015
29.623,0.509012100038375
29.624,0.542836383448006
29.625,0.541191238149147
29.626,0.545049746765548
29.627,0.544711407738124
29.628,0.58638368326852
29.629,0.60778853961492
29.63,0.62251801919027
29.631,0.614250512112043
29.632,0.58294307840025
29.633,0.569388590941621
29.634,0.575065991426327
29.635,0.572661662104703
29.636,0.569726433412882
29.637,0.606471630734166
29.638,0.607501929770655
29.639,0.629297961358971
29.64,0.634210903794593
29.641,0.602176343463196
29.642,0.639865268684382
29.643,0.648514558060102
29.644,0.634039763134082
29.645,0.622198130478497
29.646,0.637549320507392
29.647,0.65327678842601
29.648,0.680869828797361
29.649,0.679865644405768
29.65,0.692920680545881
29.651,0.718869890468679
29.652,0.740148820162646
29.653,0.737514308431859
29.654,0.735755466725045
29.655,0.743597030491742
29.656,0.774152961029426
29.657,0.810442112153732
29.658,0.820425330848607
29.659,0.825709728617895
29.66,0.850662318925328
29.661,0.878133567010014
29.662,0.896328733701483
29.663,0.896325348218862
29.664,0.874827234459587
29.665,0.892333314434762
29.666,0.898087822985597
29.667,0.879283493713104
29.668,0.89703815475844
29.669,0.892103158718301
29.67,0.916141877839773
29.671,0.91931873625676
29.672,0.888089491965843
29.673,0.886084739233738
29.674,0.878170007104636
29.675,0.890487738625169
29.676,0.880865967235925
29.677,0.867317753781798
29.678,0.869972273820825
29.679,0.882255467968683
29.68,0.901893786414602
29.681,0.890472652653894
29.682,0.917893410596582
29.683,0.933923756126733
29.684,0.93385312602094
29.685,0.936948524179412
29.686,0.910665036817423
29.687,0.901990479169156
29.688,0.911860404271956
29.689,0.934095369776338
29.69,0.948298368916361
29.691,0.959423264210008
29.692,0.953324707707878
29.693,0.96366181919841
29.694,0.972320813088961
29.695,0.957501211408013
29.696,0.97534034935351
29.697,0.982216263989002
29.698,1.01269065327502
29.699,1.03338292203614
29.7,1.01321026984178
29.701,1.02342407181789
29.702,1.00907358510326
29.703,0.987224106760124
29.704,0.976110523864052
29.705,0.97386769778811
29.706,0.979689136456102
29.707,0.962896245214337
29.708,0.979189164105412
29.709,0.998923381655432
29.71,1.01198840606229
29.711,1.04523593064989
29.712,1.01797894115603
29.713,1.06419047461196
29.714,1.0394558343811
29.715,1.02769234376426
29.716,1.01222774273706
29.717,1.03263835412436
29.718,0.992535454588911
29.719,1.00216231361976
29.72,1.00727932008751
29.721,1.05620957161979
29.722,1.07192581538803
29.723,1.05274523643023
29.724,1.05129576912348
29.725,1.04147109699199
29.726,1.05416816422687
29.727,1.03214943835978
29.728,1.0854328003751
29.729,1.12299890566058
29.73,1.11610785730262
29.731,1.08512645529883
29.732,1.08552599706072
29.733,1.07796204279713
29.734,1.04834756494692
29.735,1.06996055878999
29.736,1.06533752485762
29.737,1.09692606635452
29.738,1.10257512062675
29.739,1.1053660784078
29.74,1.14633032919883
29.741,1.15689334560122
29.742,1.17262470776576
29.743,1.1849956732079
29.744,1.20505014502478
29.745,1.19673737557881
29.746,1.20403609098922
29.747,1.16209973652277
29.748,1.16681404324273
29.749,1.13621608252666
29.75,1.0985658395001
29.751,1.09347660687619
29.752,1.10103009611514
29.753,1.08403571970095
29.754,1.08355909445002
29.755,1.10945703746121
29.756,1.10342012664788
29.757,1.07041992869569
29.758,1.11280188034753
29.759,1.12681515161236
29.76,1.0934491248695
29.761,1.10803984792404
29.762,1.1432821156806
29.763,1.11738793225917
29.764,1.11570402567341
29.765,1.13296149989216
29.766,1.10426926549914
29.767,1.05888099291313
29.768,1.05190951236571
29.769,1.03353088789937
29.77,1.02054957116691
29.771,1.02365508132667
29.772,1.00377691121649
29.773,1.00439348340356
29.774,0.985165536782857
29.775,0.958029521430702
29.776,0.943597067039051
29.777,0.994918309737495
29.778,0.978383846842853
29.779,1.00253933526901
29.78,1.04878899236978
29.781,1.03831289768807
29.782,1.03156005996411
29.783,1.05612394700322
29.784,1.0377302754154
29.785,1.03620639630754
29.786,1.0320312716449
29.787,1.05376257218171
29.788,1.06896787871375
29.789,1.03760566760024
29.79,1.01627663928325
29.791,0.996839471351528
29.792,0.978740539256383
29.793,0.957684568618005
29.794,0.918785845632083
29.795,0.899797981147114
29.796,0.870674885251392
29.797,0.884233655667589
29.798,0.850187990874275
29.799,0.851888162327825
29.8,0.891767981710536
29.801,0.899912221558647
29.802,0.881871634746804
29.803,0.863612579508668
29.804,0.871707812973282
29.805,0.910865563687343
29.806,0.929353011600423
29.807,0.979931218770069
29.808,0.953749099964908
29.809,0.948870384388195
29.81,0.935487875621038
29.811,0.932710204166986
29.812,0.91994694744408
29.813,0.903224111056699
29.814,0.871968745337554
29.815,0.894106748621046
29.816,0.923833565152936
29.817,0.904434999226398
29.818,0.898437560579249
29.819,0.874317503713509
29.82,0.876057538818266
29.821,0.856513347973382
29.822,0.863588559590783
29.823,0.899309964949305
29.824,0.919004523673581
29.825,0.923081614450439
29.826,0.953763744256175
29.827,0.993042389931378
29.828,0.980120227073967
29.829,1.01871370721279
29.83,1.03228701736937
29.831,1.02116269099889
29.832,1.03747805437653
29.833,1.03658455948545
29.834,1.01649670344194
29.835,1.02785773891966
29.836,1.05932309931334
29.837,1.0457794414412
29.838,1.05948083975822
29.839,1.08745234296957
29.84,1.05603776183372
29.841,1.06572086815871
29.842,1.06613106677327
29.843,1.09048440264721
29.844,1.1037739518214
29.845,1.09645616979257
29.846,1.11634243694444
29.847,1.11228608498863
29.848,1.142069409051
29.849,1.1275023886086
29.85,1.13653238881519
29.851,1.18492304185285
29.852,1.16169736365216
29.853,1.16184271245135
29.854,1.15576216780364
29.855,1.12715190276972
29.856,1.1347039588839
29.857,1.1207375759764
29.858,1.07546605142107
29.859,1.08995118349752
29.86,1.09939318859676
29.861,1.15261437017622
29.862,1.15161592690655
29.863,1.1584014128312
29.864,1.11257100539894
29.865,1.08301477475765
29.866,1.05427083779589
29.867,1.07424217868491
29.868,1.05692342115258
29.869,1.07745413326265
29.87,1.09158481310005
29.871,1.06123859845245
29.872,1.08538693558176
29.873,1.08539498800852
29.874,1.05831538583582
29.875,1.07859939612976
29.876,1.08037310398556
29.877,1.08573846001734
29.878,1.08106902484671
29.879,1.06582385079517
29.88,1.09486057199723
29.881,1.12302584032296
29.882,1.14424099381008
29.883,1.16786474741599
29.884,1.19864186013306
29.885,1.21373563354154
29.886,1.23423168035236
29.887,1.21686964027193
29.888,1.22141378577457
29.889,1.22479505283388
29.89,1.20791613455915
29.891,1.2492523797406
29.892,1.24150008320341
29.893,1.20354956961515
29.894,1.18178506653023
29.895,1.18825370551936
29.896,1.18894559252352
29.897,1.20096163319796
29.898,1.19148047770925
29.899,1.20046615246847
29.9,1.14697078457555
29.901,1.14484052359671
29.902,1.1518144975472
29.903,1.1421416381911
29.904,1.14086355219061
29.905,1.12274795835615
29.906,1.12054706911398
29.907,1.14585287412569
29.908,1.15358007314112
29.909,1.17385831331466
29.91,1.12884571616634
29.911,1.11679089908187
29.912,1.0882590336326
29.913,1.09083339444659
29.914,1.09114718765889
29.915,1.11483162479403
29.916,1.1216594286358
29.917,1.12684898838838
29.918,1.12916908721381
29.919,1.10816692850728
29.92,1.10382888130263
29.921,1.10055237322362
29.922,1.13500418913923
29.923,1.12497510883767
29.924,1.12058611491513
29.925,1.12596916542005
29.926,1.17535123270333
29.927,1.15771779763857
29.928,1.13702285351571
29.929,1.16195814568681
29.93,1.14512533812774
29.931,1.14663838562935
29.932,1.12464181785372
29.933,1.09852122030113
29.934,1.08902528442446
29.935,1.08917239137403
29.936,1.10961347457946
29.937,1.09519934059325
29.938,1.08694878155522
29.939,1.07961786057385
29.94,1.07891058491789
29.941,1.08148453583838
29.942,1.0372136955996
29.943,1.05103711531828
29.944,1.01086064162732
29.945,1.01222571470562
29.946,1.00321982565974
29.947,0.995407889820931
29.948,1.00927412457037
29.949,0.989970730073087
29.95,1.00106655981908
29.951,1.02673893552473
29.952,1.01876745917324
29.953,1.03697531204901
29.954,1.08637201205659
29.955,1.0948202234957
29.956,1.10228369192668
29.957,1.10275594046363
29.958,1.08611901561264
29.959,1.06205073007587
29.96,1.09507036682766
29.961,1.09568662137419
29.962,1.08121338036891
29.963,1.10552801047768
29.964,1.10451307061655
29.965,1.11340896970735
29.966,1.12234128768942
29.967,1.09474667030868
29.968,1.09735541328038
29.969,1.10100996192449
29.97,1.12047392762239
29.971,1.12355880347329
29.972,1.15439763831361
29.973,1.10937142974873
29.974,1.13762481453489
29.975,1.16173881684534
29.976,1.18004567723301
29.977,1.18802684325402
29.978,1.14746925551364
29.979,1.17790657620172
29.98,1.15804762198029
29.981,1.1669481055605
29.982,1.1844609847375
29.983,1.15643401212097
29.984,1.15098110878887
29.985,1.11283631210695
29.986,1.10572347270854
29.987,1.11908088189606
29.988,1.1403048624811
29.989,1.1168673227269
29.99,1.1418779087603
29.991,1.13864721753253
29.992,1.12876438761842
29.993,1.1254766485644
29.994,1.10140792830058
29.995,1.1207303720228
29.996,1.11661049940692
29.997,1.1320043721907
29.998,1.14400308086126
29.999,1.11050678760004
30,1.10972403014149
