0.0197213880313125,-0.00337813564442997,0.0138633333333333
0.0190819382951483,-0.00280381231532935,0.0147041036836203
0.0194938932123404,-0.00170735811150491,0.013905838417425
0.0192226089393054,-0.00191101510260589,0.012774635478956
0.020436047993836,-0.000208079962386208,0.0136101212715696
0.020789060565748,-0.0002126432384274,0.0131650964199314
0.0204628880461335,-0.00137951554491802,0.0138517592102953
0.0217761309972918,-0.00269647703650376,0.0129640858160516
0.0214958852245228,-0.00236952424359604,0.0120266050890999
0.0209006636109113,-0.002602060695844,0.0127268035122272
0.0213646416901648,-0.0023845197949421,0.0138832236596525
0.0213528892279058,-0.00241933723863307,0.0151174245809263
0.0213411816860468,-0.00235242000595015,0.0140665298899305
0.0200203081875629,-0.00111361296907306,0.0151966494828708
0.0202923583711957,-0.00129759338497029,0.0151013317733317
0.0209416952039324,-0.00195599011309709,0.01483282799034
0.0229483250036071,-0.00165526032498673,0.0129292396795584
0.0227818873154519,-0.00215988313012319,0.0139487077969059
0.0215116063588858,-0.00262529395598583,0.0144604420328862
0.0222819263865087,-0.00185989980627515,0.0146909575610798
0.0222997752916498,-0.00121887344203167,0.0146534875790794
0.0214647032925682,-0.00151275355192933,0.0139798285900954
0.0222552495074552,-0.000246597562964743,0.0143092643726687
0.0235085024590622,0.00152822325352478,0.0149677743648261
0.0234318180060344,0.00265212894299878,0.0142788259200341
0.0231663577799818,0.00180757869311871,0.0141518083100208
0.0235563530883618,0.00265577364177495,0.0144623360885483
0.0229542313910052,0.00162313853010822,0.0139455092302846
0.0237181957518826,0.00256535509004879,0.0142870553790249
0.023209976927977,0.00110436579901875,0.0136826119299487
0.022724020161764,0.00036834350611912,0.0157213928707609
0.0237716231451165,0.000782762228504792,0.0158735971056239
0.0231175244931701,-0.000559470438851599,0.0158257121435394
0.0224518919990672,-0.000420360586261883,0.0167027778462149
0.0230466716960027,-0.000385765764859467,0.0166784232419195
0.0235317614202265,0.000364466765501922,0.015937265611833
0.0234871505174049,0.00132524737114974,0.0163301593676859
0.0250925650883034,0.00249453117811985,0.0153393810202473
0.0248293022327195,0.00323337607116737,0.0148170979346319
0.0246172961175955,0.00412795957813081,0.0162382199409652
0.0232461908591582,0.0034194467737353,0.0161634329244503
0.0237146056494671,0.00436554907186035,0.0153139644254828
0.0243737654404607,0.00423552264674605,0.0155761181335994
0.0246539120812753,0.00619836052309199,0.01583810044261
0.0241878361429003,0.00677240297188098,0.0166911851891779
0.025344215679517,0.00638780667909809,0.0162113564421009
0.025359819333424,0.0065119074984647,0.0173698016842398
0.0256661856195295,0.00746784680851525,0.0181114183796815
0.0257466565806603,0.00695035704149388,0.0180711352924372
0.0250680818862175,0.00826625494338853,0.0187363375118722
0.0248791713273148,0.00798191474080495,0.0179169036593087
0.025377535322352,0.00813914805216741,0.0176951238688502
0.0257730025518481,0.00815159653186389,0.0178041752897362
0.0276622999941686,0.0089330788486038,0.0168961611841774
0.027923729643403,0.00976908255006726,0.017603956352256
0.0277706860633723,0.0106887005210289,0.0195364071727237
0.0271061397440033,0.0126184759217777,0.019102088639913
0.0264290054342458,0.0109838324358271,0.0185673243412519
0.0261868540600758,0.0116901838875371,0.0174046090507255
0.0262734706695576,0.0112170934652068,0.0167528562376883
0.0254851050668434,0.0105580347624192,0.0164648757289956
0.0254790491633186,0.0113091626848833,0.0174354490383378
0.0245906909759221,0.0122352121816618,0.0179175449380575
0.0234769787590567,0.0132403131779275,0.0174618221555282
0.0246737178993307,0.0127112396704198,0.01736813862274
0.0245259472393945,0.0117344893002654,0.0171568537276894
0.0253676304851898,0.0117132786390917,0.0169284412281909
0.0260869229528161,0.0124367754824389,0.0188387848433749
0.0268149296277165,0.0127369265868781,0.0178093177264473
0.0264939269434529,0.0122157985909331,0.018588525856582
0.0273259223737383,0.0123308635536343,0.0195276708838151
0.0265469302560761,0.0120510874249321,0.0185336052775778
0.0265870768686209,0.0106639779562635,0.018850080005129
0.0251476571745016,0.00914629840879147,0.0183504970328814
0.0237013644312661,0.00766534574943486,0.0176872716452436
0.0239469827944534,0.00799991552243223,0.0187351739977671
0.0239103534071904,0.00715632167592213,0.0182100953384402
0.0240116232160712,0.00737611351615913,0.0196327098279433
0.024785588351969,0.00979300997349914,0.0198853584963955
0.0255478550993171,0.0109817174455813,0.0189705579271765
0.025222381945469,0.0112822101987967,0.018163682132328
0.0241620204665385,0.0119065250153538,0.018678926185459
0.0248227630625096,0.0117564144877899,0.0185386656426877
0.0257171937619008,0.0124971568037784,0.0188837606555172
0.025146040408752,0.0109569256004546,0.0198736817337606
0.0241790641254239,0.0126689478317188,0.0190547766937978
0.0240041978552,0.0132994112125387,0.0187317335892662
0.024167310989321,0.0125474870024562,0.01839964837612
0.023550944738163,0.012742218984752,0.0179120737020566
0.0239872945412183,0.013219977867624,0.0168215916689698
0.0232955801423434,0.0121743278594461,0.0179181249142721
0.0231103423895329,0.0115132819241196,0.0177393205225958
0.0216112985019274,0.0109862944842072,0.0175091507857938
0.0222177660351822,0.0104469878785003,0.0182905423573493
0.0213034639439662,0.00909878228236713,0.019447537460366
0.0216998292542854,0.00949871230204192,0.0190911155588734
0.0223546067497877,0.00874363754958891,0.0179375541309914
0.0215426770506137,0.0079951264393848,0.0176945433942755
0.0214628521137848,0.00712763841424283,0.0186992026186719
0.0231363630610196,0.00723201608397773,0.0185349075998428
0.0247774637670011,0.00629425853031723,0.0179768320600253
0.0254090894110571,0.00495646053015674,0.0185702635039143
0.0243232364947762,0.00502226802905593,0.019393807578715
0.0241244501641946,0.0048310427650833,0.0195119430126969
0.0245606670902857,0.00502335437104233,0.0211181306810768
0.0240357440746002,0.00547365097760315,0.0205993531719188
0.0236537475845684,0.00370937542489674,0.0196655654480118
0.0237322226549215,0.00283601163849133,0.0199832315762426
0.0236354931775458,0.00234246287075987,0.0203581619696673
0.0219321774117947,0.00110741371035796,0.0188946581087323
0.0201060486359199,2.87267872613094e-05,0.0201475293003779
0.0195355516049603,-0.00026978854841047,0.0190175368255289
0.0193998349498738,0.000404076527980094,0.0182329231258902
0.0197049403185894,0.000198979994978129,0.0199003673191955
0.0206830210814791,0.000854594524216096,0.0202994860012273
0.0218830433307738,0.00113239275740709,0.0200007578986017
0.021811912704052,0.00255361746812896,0.0184948575112938
0.0235591872515592,0.00320042068200073,0.0174906942708736
0.0227507498769827,0.00271763898802978,0.0172441137968892
0.0234280805969409,0.00301443914991665,0.0168105882576689
0.0241530904918144,0.00367575865531843,0.0160100969666299
0.024995189046742,0.00380578127842687,0.0170934038494799
0.0256353584677822,0.00509637009626934,0.0177252945783348
0.0257777763582705,0.00517989221719302,0.0183078602805179
0.0267978136709934,0.00660053072449895,0.0200028860175317
0.0263125144666811,0.00653093664577738,0.0202807389743767
0.0258692077602748,0.00841528851474894,0.0193026351776555
0.0252693351948464,0.00757980942976399,0.0189101674070267
0.0255520630064737,0.00792778392303842,0.0184109010412669
0.0264184503777566,0.00887111090351777,0.0188000076268947
0.0252782210149972,0.0084026135381704,0.0187080993300197
0.0247650295709394,0.00786169046705465,0.0177191999633735
0.0246326167968351,0.00722999478883604,0.0167768675475311
0.0237852324602122,0.0062518610354023,0.0169597435927029
0.0247216532873225,0.00661425446272691,0.0169606744394353
0.0246772854665342,0.00466541087498793,0.0161940842635243
0.0239168854738391,0.00317650892886279,0.017094721130873
0.0227386514053887,0.00383012535999743,0.0166538559275582
0.0224004156133814,0.00307752703280389,0.0171352819746868
0.0211268334014487,0.00275682034925625,0.0169766140779069
0.0215893375613793,0.00330551035703097,0.0162287972300774
0.0209020107154718,0.0023050018817612,0.0147047129842641
0.0199143977704697,0.00191226582780288,0.0142883604923911
0.0200804987571447,0.00182500348436565,0.0150951919916441
0.0205291018721741,0.00173934891355373,0.014320083716558
0.0212467857423659,0.00205264498004716,0.0151017887035984
0.0201526747258166,0.00178605993901576,0.0169495548366899
0.0196644743885002,0.00121705519197107,0.0171016033145459
0.0199304373734569,0.00144701080135134,0.0170153793113188
0.0201915553294589,0.0005628694365691,0.0162380286549831
0.0189712303255403,-0.000136384476096982,0.0157435880319963
0.0182043515316542,-0.000699703249171683,0.0154649390820922
0.0175882694668985,-0.00136046195284382,0.0135133817067814
0.0186191055756035,-0.00159030229206397,0.0132406098782083
0.0200292279270677,-0.000708976224221553,0.014063536102577
0.0202066763462243,-5.47439518803676e-05,0.0139471086567987
0.0206231868115273,0.00113219079318157,0.0140562258773202
0.019087021244392,0.00103158652436954,0.0147626346465546
0.0161832474428747,-0.000211817657815673,0.0147375521101156
0.0147015317402027,-0.00090264581289153,0.0141169019013072
0.0134040414487386,-0.00090886383457803,0.0148269892444075
0.0124656332067344,-0.00137790553471037,0.0132292930797708
0.0115014562718246,-0.00232800668791289,0.0135648424925449
0.0116787391204279,-0.0023584266794169,0.0130467986248517
0.010951046622601,-0.00168914319270367,0.0129886782671652
0.0102048421014932,-0.00313697491723542,0.0127687194780189
0.0116980037114305,-0.0024584963364213,0.0134707572336086
0.01351577123923,-0.0020824076026361,0.0132905965372072
0.014343574033996,-0.00145733574972616,0.0147971295135628
0.0173841606380236,-6.47036312315796e-05,0.0147649476676344
0.0178797981291579,-0.000632435968325445,0.0144068179338948
0.0174436070999005,0.000378706440552805,0.0134880196360859
0.0170991200236847,0.000718941752425394,0.0142166481631278
0.017193149660049,0.000569459948059918,0.0147757242961162
0.0149456181905735,-0.000596696792071492,0.0163236728122655
0.0183700197661326,0.00044093829034531,0.0150967225432623
0.0194235750050137,0.0011807671989564,0.0156947167538587
0.0208667913154189,0.00134706100082906,0.0155803548616407
0.0212928628544621,0.00157913193560748,0.0152582999336881
0.0213268431828367,0.0017089929397309,0.0163222789826048
0.020850252679837,0.000778751826794118,0.0154551787074687
0.0231370460605997,0.00182633340093248,0.0164931975507366
0.0213752668675002,0.000754967835598434,0.0166103698360105
0.020926483743074,0.000142915409919638,0.0151226260922574
0.0222403004700965,0.000952356123957021,0.0159730748171599
0.0227760897211604,0.00148690562282272,0.0152437008120164
0.0227817579684016,0.00279491081593193,0.0158082953291576
0.02242739622301,0.00149754248711022,0.0171635487779919
0.0201356589394891,0.000308785596486854,0.0165145864886878
0.0208257190654196,-0.000312774779322545,0.0176055347349957
0.0207263663282956,0.000273685188289463,0.0175688489111027
0.0214856908509468,0.000882246383344072,0.0187090380706649
0.0215035963530419,-0.000133277060491742,0.0177741441230071
0.0225433809089087,0.000261339565500283,0.0178454480626096
0.0196755581023886,-0.00142470500383467,0.0166533832844803
0.0190296822075779,-0.00155498769826202,0.0172695622798769
0.0191097405493661,-0.00183963486912239,0.017307448399104
0.016674791201776,-0.00325543882561375,0.0175048517921867
0.0168604136200668,-0.00354764910974102,0.0167271514702766
0.0176079343078863,-0.0034756146992446,0.0169244210472845
0.0135356026244462,-0.00486981952993744,0.0166631706593072
0.0143689649192415,-0.0040482772498186,0.0178146179152045
0.0148247730038798,-0.00344026023362667,0.0181795773907363
0.0144586415376321,-0.00322271468572992,0.0189737581980168
0.0161645286701004,-0.00290892127034003,0.017624893377352
0.0184164998727364,-0.00199186969732104,0.017289580064353
0.0202904843041917,-0.00110922635261771,0.0182287682567664
0.0180989470691675,-0.0021052367930985,0.0170889457117271
0.0168746578423347,-0.00341783846492718,0.0165357548919654
0.0154477187566039,-0.00396720327407823,0.0161739252593128
0.0166767506105735,-0.00317212767441359,0.0165339753001455
0.0166101079360441,-0.00312888313834506,0.0162350492105019
0.0181579121937659,-0.00235528466543292,0.0173614865632619
0.0184878476097007,-0.00214645363891541,0.0190480067790634
0.0199777676044534,-0.000923452596199776,0.0183553691520201
0.0196560123920169,-0.00137606549843549,0.0174833798260273
0.018549134667927,-0.001504262461037,0.0170447865907467
0.0186225342956448,-0.0014416074317259,0.0188752458657299
0.0203991804786266,-0.000729832595706793,0.0193896617119857
0.0227328624236704,-0.000171284502089697,0.0196621362836977
0.0229653666812202,-0.000609528994738271,0.0198488036696839
0.020910210572364,-0.00169712128956096,0.0199244416647724
0.0210784787190684,-0.00144937943128654,0.0215834868999827
0.0213714600466953,-0.00201596593800057,0.0212319653406571
0.0203741784128766,-0.00279965650838112,0.0213193542269518
0.0226843128332004,-0.00188520554569027,0.0215749995855383
0.0233661684668015,-0.000970433339087256,0.0205672556249569
0.0221851890554136,-0.00195211966180859,0.0212739328871655
0.0226460660697538,-0.00176675946560252,0.0219848173124794
0.0208156780412751,-0.00286703838958124,0.0222133486691506
0.0197653676897584,-0.0026427223879015,0.0228373535811584
0.0204785793517438,-0.00165249982103193,0.0225961395354289
0.0221860797643682,-0.00152364526770865,0.020844307599369
0.0226087620036959,-0.000877710363527899,0.0187061143746526
0.0210343266318238,-0.00137864662537365,0.0176886009421768
0.0207166847077893,-0.00122333451056205,0.0158701299293863
0.0193912408405901,-0.00158466933168809,0.0154417794784236
0.018965583780728,-0.00172337845475317,0.0144398188035605
0.0203209044303213,-0.000859706950175461,0.0136056999334163
0.0193326987944864,-0.00128390349809224,0.0147975001487385
0.0219612459249465,-0.00036463309661395,0.0155938834949083
0.0237043101935725,0.000701688805301384,0.0155042942919899
0.0261149136406886,0.00199644621202373,0.0141065421707037
0.0243230225689803,0.00122205154460604,0.013815452613202
0.0249943658836212,0.00194644896636078,0.0120610813017304
0.0267288226693139,0.00340225489915632,0.0126049236162461
0.0253834666996154,0.00246836995886772,0.0127369281169009
0.0259823672744916,0.00232160008777264,0.0122190785294197
0.0267772753567245,0.00277223609345837,0.0117470979617773
0.0260347126505701,0.00222815885596149,0.0122450618786034
0.0243697884361961,0.00163024092837009,0.0146143580294079
0.0231414051739462,0.00124508508814226,0.0141637994279465
0.0229521566231878,0.00152043320516,0.0153216388877483
0.0203984637596385,0.000338947447032788,0.0160453891709312
0.0223824840743452,0.00121796265610686,0.016078391392156
0.0219160704842852,0.000836041123767923,0.0166413513861697
0.0206458769104817,-0.000102324501795911,0.0166668943660483
0.0223707977358946,0.000605700247925993,0.0177113994959511
0.0221817880895198,0.000317515511496838,0.0183525583875507
0.0232569846788827,0.000782827580347947,0.0165739010487953
0.0216324234309947,0.000172661078678072,0.0163985930435329
0.020669453108926,-0.000161565442942292,0.0172151735097951
0.0226843382427989,0.00115445899992439,0.017739031821301
0.0221333597500403,0.00106006430462301,0.0186420884327246
0.024459981571724,0.00197345922859055,0.0184571638433482
0.0250338976756555,0.0019170923349431,0.0182811327411699
0.0238440307588838,0.00143759660814615,0.0183710449984998
0.0261274144576846,0.0025991553600242,0.0172537257046642
0.0276751813897873,0.00308109326730859,0.0162529609039606
0.024509134906968,0.0013908044768934,0.0175926958170904
0.0244262894247507,0.00148461441827156,0.0168563725899932
0.0269524707904426,0.00261201851386223,0.0150634866650517
0.0276193639238349,0.00337187465532893,0.0153048209785401
0.0281614884349617,0.00372416117461544,0.015127880378048
0.0295364765780345,0.00465077214914396,0.0141360082084782
0.029073539329943,0.00466592679622252,0.015340627718593
0.0307203832936776,0.00572932605112881,0.0151330725010728
0.0316921561990044,0.00598082673143971,0.0137645480699614
0.0326729386330415,0.00674405243424296,0.0129821998772583
0.0341877089536116,0.00774685197405897,0.0137091594957689
0.0355187748744043,0.00835368096942116,0.0139616083467792
0.0354543099648367,0.00855828379588832,0.0139216069696176
0.035128651705882,0.00848972066531456,0.0131767862441806
0.0350181911876869,0.00853728309159221,0.0129727639897558
0.0357590729498648,0.00881525566922126,0.0124867596146837
0.0365444192038264,0.00916847759856753,0.0132203127042171
0.0343108511505498,0.00804779374745477,0.013146232684329
0.0336168444926062,0.00794122059356907,0.0127358340332391
0.032586408888945,0.00683549585551066,0.0119108787051218
0.0308991741620545,0.00596366673438033,0.0129618173410934
0.0311062904944075,0.00593639309968104,0.0135392166022508
0.0332961913717372,0.00721542335359193,0.0127633487140306
0.0356700579436267,0.00865731122417338,0.0125614665258488
0.0354770194219474,0.00862919195708149,0.013385517266955
0.038453338669001,0.0105278201561533,0.0132046122823755
0.0392946091507702,0.0107570367886127,0.0138331047664739
0.0413374525220404,0.0121817281207417,0.0144085579182562
0.0430082441381369,0.0134312182248391,0.01544819397692
0.0418691475796103,0.0128621146202668,0.0146626082113408
0.0419391036201691,0.0131517072148074,0.0148206539469727
0.0419062377283547,0.0130215435097886,0.0155083209082007
0.0417253206060454,0.0124824369812253,0.0156375191046645
0.0411755636511673,0.0120069850672954,0.0157968081398564
0.0410390367154864,0.011915391582025,0.0154284125394443
0.0424262355188692,0.0125867153952718,0.0164277447842012
0.0402861977237905,0.0113241653197671,0.0173752420294908
0.0394279609125431,0.0103856672253063,0.0180282251381086
0.0415278517255955,0.0116788931541831,0.0160343083308905
0.0421369220792731,0.0123521903314719,0.0162728521855646
0.0430861684845784,0.0131600512776846,0.0168535087284781
0.0426625460448824,0.0129809472270245,0.0160729543509922
0.0430811948515835,0.0132188732979915,0.015905559514778
0.0447902609176566,0.0144860665049557,0.0175246203978962
0.0456218351603727,0.0150735477114665,0.018178896168734
0.0452092713733634,0.0146839558475877,0.0178199175106713
0.04450510279223,0.0140638802130716,0.0197532341060686
0.0437347329148792,0.0136767428146349,0.0191711863494281
0.0429594386751178,0.01317693652452,0.0188921144106581
0.0433043800603577,0.0134489034782624,0.0200390429616987
0.0433915669033538,0.0137589264183137,0.020481452322514
0.0446491923647672,0.014764706155788,0.0186641081867564
0.0466166128473065,0.0158964336969993,0.0188300563974092
0.0453150676023611,0.015037820662107,0.0174974835290665
0.0453028601728062,0.0148667241540125,0.0179054999732226
0.0446605694552913,0.0146377271466072,0.0176184174759254
0.044620607627181,0.014603075353311,0.0169660306036358
0.0449762441994922,0.0147560049914507,0.0164667474867306
0.0449258160303186,0.0147807232669324,0.0159206110201626
0.0451974730904194,0.014926232541011,0.0169206687984218
0.0464922897347377,0.0158937366325272,0.0155669579175976
0.0456758197074146,0.0155230205047804,0.0165281321419426
0.0445568774234555,0.0145969234090949,0.0162801742186294
0.0434435557658327,0.0139060364287473,0.0172228931760288
0.042592397139085,0.0133466882370855,0.0166384908253906
0.043643907408092,0.0142207850654595,0.0179603860541771
0.0444878923585608,0.0147627030484758,0.017280333453733
0.0436773008604899,0.0142455435104961,0.0187368618309854
0.0434710694142155,0.0140509151336688,0.0200761054810801
0.0436189383799619,0.0141692994929144,0.0205240931515133
0.0442769174982173,0.0147781325203531,0.0204187130337958
0.0457388206167864,0.0159987536793079,0.0199089054001697
0.0453545397333121,0.0155855889728047,0.0211352217667977
0.0472099712951603,0.0170517215352801,0.0210062572115424
0.0467355064597742,0.0167201722349867,0.022582006754051
0.0474071453091863,0.017121821532737,0.0219589721534243
0.0477882276648828,0.0174999254559686,0.0225278737324002
0.0477756663339523,0.0175727060126737,0.0219589676422818
0.0467441004436733,0.0169049874104841,0.0217408139299923
0.0471920835357212,0.0172851182819265,0.0224329235624093
0.0474546225830106,0.0177019366709005,0.0228902193876441
0.0466165871435718,0.016878921271365,0.0229479927526352
0.0480752220461839,0.0180210996518028,0.0241032227299455
0.0469436422434388,0.0171880279332594,0.0236909302173833
0.0461968124835188,0.0166666499783314,0.0238072997564128
0.0450575486960741,0.0158280945773806,0.0227884941202274
0.0438217573029096,0.0149085825893417,0.0242495437173035
0.043489245940797,0.0146841024761707,0.0244480005243567
0.044399961663004,0.0154165289197701,0.0239761534243713
0.044754991521638,0.0157314086075191,0.0241858783417146
0.0447783230432764,0.0157170489889891,0.0254711153440916
0.0458713385039803,0.0165902642142235,0.0252539750443403
0.0443317906109735,0.0154375503705486,0.0259098289517576
0.044845418053483,0.015843513255143,0.0255326989873711
0.0458003259665378,0.0165852005039133,0.0261363556714586
0.0463500606537549,0.0170063326752859,0.025629716032699
0.0441586547833636,0.0152930954505485,0.0253293949828226
0.0459926317439776,0.0167337238377384,0.0249165956146514
0.0455283813965937,0.0162658165144347,0.0252612318800742
0.0436769234509913,0.0148812048345392,0.0244795420613335
0.0434790691223345,0.0147127999144507,0.0244760758765998
0.0423025422525619,0.0137785149875329,0.0243111959189976
0.0432727869946517,0.0145140260334948,0.0243686446136487
0.0433876763621085,0.014586862907381,0.0242225957267225
0.0445396451878902,0.0154069485729117,0.0245014515473249
0.0443390429941451,0.0152419130295286,0.0241223115376623
0.044611019189513,0.0153978256414634,0.0236074341799735
0.041931724604398,0.013384665196226,0.0230290634879635
0.0426729253732963,0.0139705312309608,0.0233895619542932
0.042794732543637,0.0140524528764518,0.0236161685887263
0.0417139257395403,0.0132386481337121,0.0236705541741285
0.0413493479212183,0.0129857045109635,0.0236886156325712
0.0414110097998857,0.0131160851973291,0.0241044597700113
0.0428038826635448,0.0142379905551436,0.0227701544859365
0.0429445102526932,0.0143208356120567,0.0226216985491868
0.043417945140009,0.0147000063875468,0.0223856958404732
0.0433287899517184,0.0146639438232512,0.0220327745185002
0.0436744864001806,0.014850784631696,0.0218555529295337
0.0435792944110468,0.0148159376265194,0.0215611748172789
0.0447897483751375,0.0157869259161782,0.0208528674336474
0.0461440401808552,0.0168275749506493,0.0202150782050269
0.0461540386405841,0.0168150110653204,0.0210694922982775
0.0463844623724395,0.0170775681628866,0.0211079942601223
0.044957355416903,0.0160524044918199,0.0205458865726765
0.0443337895436774,0.0156168355685718,0.0213275398803051
0.0460234148050501,0.016997888481171,0.0202059034929269
0.046054228237401,0.0170817251283687,0.0196748066116617
0.0455580255532584,0.0166234672227799,0.0201885532201464
0.0451243669112037,0.0162642123591651,0.0202249134592277
0.0451400553600732,0.0163152344637979,0.0207811643830266
0.04479215152579,0.0160776072427005,0.0212199457158488
0.0445530140318591,0.0158854607052942,0.021787337210323
0.0441364199169701,0.0155246347990384,0.0214751020129267
0.0432530702250359,0.0148525620003968,0.0219230725720273
0.0442409903284314,0.0155920683513242,0.0228257661940419
0.0430357596806639,0.014633562388223,0.023439033130333
0.0418927453850927,0.0137900767576475,0.0231810580446168
0.0410649864076121,0.0131358306912692,0.0235373236401108
0.0404736464592946,0.0126660822712051,0.0235875707328689
0.0413003468230505,0.0133650409451976,0.0228369508960688
0.040924576688082,0.0131288412470684,0.0228604216970389
0.0410882068410411,0.0133214460258154,0.0223446044645442
0.0402063984793455,0.0126178302727959,0.0224450853406359
0.0385624059861073,0.0113096480710001,0.0226005079381966
0.0401657328271045,0.0125630917727178,0.0226663013952291
0.0403958326259098,0.0128403907484039,0.0222951561364706
0.0404479091033322,0.0128322592118013,0.0229891809981758
0.0417090440248392,0.013902224608091,0.0220452287284039
0.0392835894562849,0.012052188533639,0.0222176029686339
0.0392374554736677,0.0120060070718397,0.0232723782284292
0.0384098392441186,0.0112789038456715,0.0227352065739107
0.0391790332980575,0.0119693486449534,0.0225350626993397
0.0391866234029703,0.0120231777771369,0.0227864246076047
0.0385925341604749,0.011669124556695,0.022110135669953
0.0377242024074903,0.0109725243621544,0.0228520203877709
0.0388147759826902,0.0117739387547589,0.0215179845307075
0.0383695977253882,0.0115144320821197,0.0224117225786696
0.0374607189119596,0.0108436925339015,0.0229030506438914
0.036993583204687,0.0104258846897342,0.0217640401896436
0.0386624595345055,0.0116894173767147,0.0217240613738839
0.0384936999267466,0.0116198531108131,0.0218926951281017
0.0377915780486392,0.0111150590647354,0.0225513971468686
0.0382897636588252,0.0115108978721343,0.023251232071676
0.0383065367363898,0.0115948750540132,0.0235224400518504
0.0373224378152695,0.0108834918201035,0.0225778510728658
0.0353172562138996,0.0094208131998586,0.0202221234034451
0.0360904590210016,0.010068117873798,0.0211366059786228
0.0355837967600512,0.00971099747742036,0.0197782597227239
0.0358202052565663,0.00980700010528575,0.0199048184733317
0.0361215824495471,0.0100489192622691,0.019646203157404
0.037846012418828,0.0113571781864149,0.0200089921822154
0.0364736151366076,0.0104484723734475,0.020539367440217
0.0368925357452615,0.0108437615507513,0.0213198552374414
0.0376473570789056,0.0114125413302325,0.0224148549419563
0.0378131399352377,0.0115320664761267,0.0237756591885753
0.0368278697998468,0.0109567067946252,0.0239827672705589
0.0360983585636055,0.0104865287168833,0.0239801006907265
0.0367056425693438,0.0109800369676042,0.0237961463975194
0.0361266042559022,0.0106227498337136,0.023625100326586
0.0362199523498501,0.0107299908519095,0.0247944339984854
0.0355057110724402,0.0102066230464086,0.0245357171510438
0.0365641122541432,0.0110331347918503,0.025494034162293
0.0375007155362045,0.0117609016801374,0.0251713297269309
0.0364625716123539,0.0110458716337812,0.0258999578430153
0.0364752761624961,0.0110874626441868,0.0261307230820343
0.0369402840105319,0.0114743512303856,0.0269667951367374
0.0370504991948445,0.0116724197657544,0.0278412398482671
0.0369000931065828,0.0115918486374361,0.0272187077301132
0.0381587704064064,0.0126538621122012,0.0272531458235487
0.0391501364587356,0.0133923639630005,0.0272674258806775
0.0375760926458368,0.0121376593509464,0.0276359157832247
0.0392715449802586,0.0134591099674571,0.0266544469233227
0.0386652393903252,0.0130816460360819,0.0262847705117774
0.0396486000016168,0.0138692330975193,0.0257816104754118
0.0400184255566795,0.0142671424756344,0.0272260817695413
0.0404062827624049,0.0146074998452591,0.0266661789181844
0.0393806171779891,0.0138631623427445,0.0269993991825992
0.039342460330414,0.0139693598165188,0.0262221187278165
0.0388622316080682,0.0136047284231413,0.0258566411276456
0.0382741861683514,0.0132026766885067,0.02507937831774
0.0390668582188394,0.0138135949898636,0.0258980635578246
0.0395441374625993,0.0142426325455359,0.0261438367641014
0.0415910422980957,0.0158171883991082,0.026234401628972
0.0408003453962079,0.0153725272881802,0.0261064636501292
0.0425445635838018,0.0166633822824552,0.0272693035727739
0.0434102418169971,0.0173491901452747,0.0273163806336
0.0429123194370441,0.0168397033533369,0.0282580645547014
0.043480837618553,0.0171681700185645,0.0290401232780191
0.044739530837198,0.0181812774574097,0.0289585202582437
0.0456177494937201,0.0188909374226013,0.0283285095207024
0.0467642728241004,0.0198848937614406,0.0283079072445192
0.0456006597043078,0.0189148901463094,0.0273258479990723
0.0458594849086223,0.0191698222934055,0.0283015393843463
0.046722351812792,0.0195651847771864,0.0293239158051215
0.0467672228071162,0.0196213429831469,0.029451710755384
0.0460792463733769,0.01925091101599,0.029579409014826
0.0478496297253011,0.0205805056207058,0.0302083303962901
0.047955575872011,0.0207004827134308,0.0313941712269159
0.0493031249578344,0.0218675677623327,0.030374251854636
0.0490012468020666,0.0218116426665582,0.0309613520080398
0.0513248460497826,0.0235142038647988,0.0315269324744373
0.0508316967904627,0.0233385776923508,0.0311263655521476
0.0497313549171789,0.0225824744374705,0.0314254356228946
0.0507525269819843,0.0234449366463959,0.0323665251270135
0.0483245499569697,0.0218801390883225,0.0328949647463138
0.047348483805272,0.0211869796416178,0.0327044381483728
0.048605760974839,0.0221649994166758,0.0326189965821432
0.0486656269598361,0.0221509362362186,0.0320472054525654
0.0482175225684705,0.021758901353385,0.0317989971431568
0.0476618590954321,0.0212092962997748,0.0320634788889328
0.0474473874039913,0.0211256406012389,0.0324504959730203
0.0474194010436439,0.0213224783794314,0.0329962757206708
0.0468247544275494,0.0208002225574849,0.0331074127307895
0.0465226254619238,0.0205091296513982,0.03243283983628
0.0456186385256873,0.0196835831911714,0.0326236820863966
0.0454794794716548,0.0196581360480397,0.0328825885470542
0.0463865013102715,0.0204435467707005,0.0315966796329439
0.0465045216007495,0.0206300621693821,0.0320326135010368
0.0469064943576251,0.0211683703350784,0.0334758177576303
0.0475916976879028,0.0217916109843615,0.0335381915321463
0.0508615552912465,0.0244556072844203,0.0342077153892445
0.0493646939335857,0.0235357039764412,0.0350214565493552
0.0485910714716869,0.0229970620624412,0.0353063739921408
0.0479754409343103,0.0228354360082233,0.0352195579115854
0.0466608315811415,0.0217806270721912,0.0357627335876615
0.046803376312148,0.0221823629519685,0.0352552618300287
0.0466760001785345,0.0222677823174164,0.0351507228740414
0.0463468732815884,0.0217464175607067,0.0357479811189301
0.0459398839038956,0.0215751888749461,0.0358218907775247
0.0446938825652294,0.0207612964433374,0.03634993036437
0.0441873833914739,0.0205576185330297,0.0345605861863975
0.0441582482158109,0.020731454648557,0.0345483811186525
0.0443632200029844,0.0208510992176191,0.0350402173377058
0.0435652926065865,0.0201336266245689,0.0337272945917179
0.0429996304629003,0.0195636238091248,0.0339569760425228
0.04386285721533,0.0201714451234501,0.0344659521860491
0.0434438215033891,0.0199254348104595,0.0349909571231819
0.043785055589008,0.0202578352151882,0.0348987775525373
0.0424250871828715,0.0192705169303988,0.0350783288798367
0.0430607485760048,0.0197562579426637,0.0351585270960414
0.0423989822895667,0.0193571615712667,0.0349627552442971
0.0418372309856143,0.0187876685982692,0.0344116676787986
0.0421075859364776,0.0188559803692326,0.0344899109594851
0.0419072397427203,0.0186238569557046,0.0344926182571825
0.0417982534952595,0.0187444989899346,0.0352844955335907
0.0429848579447242,0.0199541721932098,0.0360191767808033
0.042620640875577,0.0196983726912245,0.036499074288908
0.0424105515722339,0.0197173167811311,0.0350229150306321
0.0424094641756704,0.0198010992220465,0.03599229447124
0.0413516184905699,0.0191627878425628,0.035454689107364
0.0425631697264752,0.0202720993655375,0.0357659884809406
0.0406225506500679,0.0190182149982037,0.0348009783189674
0.0393247492522456,0.0182313742982145,0.0362699868574768
0.0389408510731688,0.017845113760192,0.0369843501431915
0.0384824478921952,0.0178346198943654,0.0374883171945836
0.0371641387396686,0.0171889845123414,0.0371850664474172
0.035080759603562,0.0159879441442613,0.0368262984026451
0.0329675462146674,0.0143213307032536,0.0367375634440643
0.0326862100991948,0.0142390392678216,0.036787078989591
0.0320534463583357,0.0138046082081831,0.0377080122649915
0.0337584300632373,0.0150788995395129,0.0377579951101046
0.0322564640255543,0.0137415243292527,0.0376657459609128
0.0340794127094707,0.0148742906389442,0.0365251808036244
0.0352951911728781,0.015351164412336,0.0363983510038191
0.0343763526312442,0.0147716433498007,0.0371808141573241
0.034802583980857,0.0151403808093991,0.0391249990849954
0.0342320099884678,0.0146752108741251,0.0379175406622015
0.0345365943798574,0.0147680108074852,0.0389755785800145
0.0345549238290712,0.0148284566599933,0.0376033350018709
0.035770676896081,0.0155879720792905,0.0372433436460298
0.0361746257077964,0.0157783622761519,0.0360179371139963
0.0365168633769859,0.0160007272779831,0.0363974677656815
0.0367924576841204,0.0162733972233285,0.0366770043137196
0.0351958204311098,0.0151089519184929,0.0368995555490525
0.0348963455962684,0.0148095865299473,0.0380954371412691
0.0332077114971095,0.0134990242814077,0.0382991363852487
0.0324448325907942,0.0130977360919432,0.0385908911949598
0.0303366166515399,0.0117116310204786,0.0396310305107342
0.0296646395125718,0.0108185385181462,0.0383608613286026
0.0295081838192355,0.0106388405510298,0.0379183170755773
0.0284157742994019,0.0100366558968458,0.0370742813616166
0.0276786097605695,0.00963754673678632,0.0366358290730896
0.0279730002913248,0.00997008136473225,0.0377492067865506
0.0284003218122708,0.0101127151568507,0.0378270842884882
0.0286494108533092,0.0102159415668783,0.0389957727505984
0.0281147102490956,0.00994304976563114,0.0398847082832537
0.0280202555607685,0.00987804130810455,0.0399667703274459
0.0265262148488884,0.00882412307766636,0.040439170343981
0.0264186584974609,0.00874623936005827,0.0408748065014964
0.0285311044624978,0.010404811690297,0.0411024595172362
0.0283577602171508,0.0103113808717858,0.0414313395961148
0.0281524260969385,0.0102553413656419,0.0413833964077161
0.0271335880872943,0.00945965099384106,0.0413561265084013
0.0277118227818274,0.00966249714747485,0.0421328906474274
0.0269608806790314,0.00941436295010231,0.041626577792793
0.0269256025879013,0.00935937347557384,0.0417892757419617
0.027636131622113,0.00971836518001823,0.0419268992359387
0.0270347735564097,0.00952591863204774,0.0428864199113608
0.0264687812194998,0.00920402356357018,0.0415528015200252
0.0267718385626684,0.0093749674944309,0.0413325302947319
0.0269267379261767,0.0094023517099306,0.0401122678002784
0.0274818937751279,0.00946009664585956,0.0407693339300287
0.0275578451075559,0.010001309272322,0.0408607800238039
0.0271719030378319,0.00964630045639963,0.041999601919249
0.0280274669177795,0.0104043896932166,0.0423128073565071
0.0307120665465458,0.0121181108028993,0.0421895268035684
0.0296946568072882,0.0109487089110366,0.0429928220909205
0.0297154467586266,0.0114160188674765,0.0428532512317818
0.0289488364453815,0.0112881284593304,0.0440107983244609
0.0281656138888845,0.0108798889302508,0.0444694084450695
0.0279493517371377,0.0112548198424221,0.0434030026095409
0.0284661918506044,0.0120892559589356,0.0423329572666384
0.0272626708355556,0.0110049202572181,0.0430363365394657
0.0272307309899299,0.0112688305853421,0.0428235850159479
0.0284074627455276,0.0130480663276359,0.0426551597236264
0.0287754932305243,0.0139019060186354,0.0428799732507208
0.0284115784575601,0.0142020110441649,0.0434567297345778
0.0288129685908836,0.0145304437180103,0.0442525203277034
0.0288195775254535,0.0143987940454331,0.0452253790632792
0.0287099260755209,0.014943127627325,0.0459790218931904
0.0283623751651738,0.0149437585972663,0.046323128897165
0.0270925696932548,0.0135080666390587,0.0462482547313561
0.0268619782111568,0.0138335274611162,0.0465091490967966
0.0258300679936763,0.0130583739511116,0.046870466272262
0.0239481841290765,0.0117809579873125,0.0469073888942293
0.0226679367953896,0.0109253005778964,0.0469170236241864
0.0225179478877162,0.0110696028729171,0.0451564571647437
0.0229311105741739,0.0114118089398869,0.0457975723646069
0.0230667213044464,0.0118329670705518,0.0458109193609452
0.0236831785985387,0.0122756838737335,0.0457866755511874
0.0236449706901748,0.0122914456147464,0.0459225088862003
0.023573508625047,0.0120758588647743,0.0462896455394011
0.0228110155009827,0.0113154004723732,0.046613932880607
0.0219329687159667,0.0108419809684633,0.0458733825444782
0.0221112230456938,0.0107502974850071,0.0455341532955114
0.0228209777086315,0.0113920532607338,0.0458920571872489
0.021390301874891,0.0106639600269164,0.0471166473874739
0.0208538225748931,0.0104199396938894,0.047312586352848
0.0202048856136534,0.0101012817958042,0.0463961247663611
0.0189166691286917,0.0091428717255389,0.0458152406810854
0.0196532064752487,0.00983038754653719,0.0450750081526285
0.0188405095880089,0.00900576991393349,0.0451742770472672
0.0190337539546238,0.00912462475268137,0.0450735215149908
0.0193277798967073,0.00977488637640565,0.0457377472497914
0.0185296352958573,0.00897278328321822,0.0449829422219837
0.0189273143524489,0.00984420489709168,0.0450545155127271
0.0191396867729393,0.00998195656672025,0.0453291987611772
0.0192519818161972,0.00990086706024183,0.0450721373032738
0.0197702926243722,0.00976136981258536,0.0454799696704037
0.0196578758438685,0.00920449582035776,0.0455633644798422
0.0195104611343433,0.00929809548266781,0.0453818285454015
0.0195394503307726,0.00908416146236613,0.0456910371108146
0.0198378971153663,0.00969118146774705,0.0456933876482751
0.018601489772158,0.00871901909936056,0.0464438137260774
0.0180046983371305,0.00827320468184644,0.0461646531973963
0.0169722172790913,0.00741775535031117,0.0449029509339447
0.0160367907197044,0.00679183011987361,0.0453264801794094
0.0164991661140887,0.00718100606049309,0.0441674015128244
0.0156737236761731,0.0061289829782314,0.0437599946335048
0.0142787976816673,0.00464967163688556,0.0434623595836727
0.0157419554386848,0.00575776558728813,0.0427243449216764
0.0146286517938749,0.00487384580427285,0.0416082072150816
0.0148675444324138,0.0050291515388833,0.0421788289715805
0.0164060436304988,0.0062575707544366,0.0429680763120314
0.0179652072373081,0.00701386107248762,0.04320294588648
0.0167278105094058,0.00593914148754623,0.0432672034974385
0.0168889966682192,0.00640180694321393,0.0435195935304488
0.0170098444638162,0.00673501407553636,0.0431245021061677
0.0168674160528547,0.00647384770826677,0.043709119363692
0.0183436247601715,0.00751886135475335,0.0441199012993461
0.0171945763003397,0.00632737430910217,0.0456132293048363
0.0162658998289428,0.00542569443199661,0.0465764504202037
0.0172005344335636,0.00601726616880147,0.0469012977148445
0.0172163046796428,0.00567422367514829,0.0460015012304415
0.0185435794880481,0.00590377925818521,0.0456133727109747
0.0184205486769391,0.00615018905417,0.0456331010083695
0.0181589115869508,0.00588085388245967,0.0457498126814296
0.017174011311139,0.00477207211533238,0.0454843997070843
0.01866517520821,0.00563740913198114,0.0454374905023189
0.0172701953154044,0.00452706080767685,0.0456091335186016
0.0189363615212797,0.00552555126519794,0.0449715343448028
0.0190936181404447,0.0056837759584745,0.0462927458999246
0.0198426108662272,0.00595073694583827,0.0463956560001761
0.0200081846687555,0.00608358682618932,0.0461477507562541
0.0211925908676426,0.00710836595487842,0.0457995810247784
0.0218605642310058,0.00772222227322886,0.0460026594320498
0.020954659422352,0.00702529323273786,0.0455406089129276
0.0208317174104955,0.00685845628965636,0.045391588007395
0.0200053188582511,0.00591998647695245,0.0464561486858851
0.0208258625432376,0.00662404498745738,0.0468353049394596
0.0191536291434839,0.00505249719425096,0.0465911402256228
0.0192047801308192,0.00515080180239691,0.0454916218915026
0.0187619541600495,0.00470971588835082,0.0446310572369257
0.0197156907734312,0.00539565928984534,0.0443893758150352
0.0210422813129106,0.0060908766294598,0.0454046428858045
0.020934796573475,0.00639562539463331,0.0453476486003908
0.0206176695142679,0.0058857472403058,0.0462408484811554
0.0209337321758443,0.0062752761698308,0.0457986583109075
0.0209881906994068,0.00606570381047041,0.0455022897570237
0.0204618464510701,0.00577589423382034,0.0457790111781348
0.0198641586772541,0.00569670918965482,0.0466667118619296
0.0192596635311586,0.00534587370126984,0.0466053733754819
0.0202264716195496,0.00599960976924996,0.045981857438416
0.0206266262871752,0.00629690478863851,0.0459977988255379
0.0199524472332783,0.00566435105497188,0.0459068809411454
0.020234487010562,0.00597888033343601,0.0456538998895176
0.0209378380194481,0.00692584921549225,0.0457785731636895
0.0212955690666179,0.00718251573726385,0.0459637327749493
0.0207162462099979,0.00649354176188867,0.0457538586393981
0.0215811835138748,0.00725893566765855,0.0458045473146026
0.0196809154661415,0.0054947594079759,0.0451671605559641
0.0198438109467166,0.00579418105397202,0.0445182063255707
0.0211914193196362,0.00684876011554647,0.04377915472994
0.0204803795316593,0.00603424856681083,0.0440412333316771
0.0207971594217877,0.00611575472729762,0.044326880010889
0.0215163021590614,0.0063980740287121,0.0449645351524866
0.0206940143295451,0.0055261455144204,0.0456679829664627
0.0194942041626355,0.00417663875683264,0.0456070718930427
0.0185020630280088,0.00310386595651868,0.0456458279310988
0.0182794622389767,0.00313162300693364,0.0451701148592856
0.0175158516272179,0.0025944684526016,0.0454512529856816
0.0149810459734045,0.000539923109108568,0.04599321085835
0.0132922613137937,-0.000517318272956376,0.0460454531185326
0.0127613292644162,-0.00103476161342776,0.047051967780316
0.0111396838491033,-0.00230962230688859,0.0464280035406045
0.0121502064395608,-0.00178761617799729,0.046724441889933
0.0111277090936513,-0.00232157260780722,0.0471199743860005
0.0125611492836706,-0.00147706624764355,0.0464708195072492
0.0127519765895036,-0.00143107282265298,0.0466027460542771
0.0121483548150794,-0.00188303936912697,0.0469574526853877
0.012417822300832,-0.00183302582435501,0.0472790942304662
0.0103693590090674,-0.00332060243855668,0.0471751665293054
0.0104937252430574,-0.00322810904970339,0.047292043394252
0.0105267662020036,-0.00314131317900774,0.0475137674413802
0.0110221285860668,-0.00308228524265535,0.0472163190333736
0.0121155932851277,-0.00249258559448412,0.0477002804356339
0.0129486094357322,-0.00210154482068262,0.0480331163188223
0.0133751441125857,-0.00177014134804626,0.0475307829464991
0.0139900763836049,-0.00148618932758479,0.0486901412630301
0.0131378223640718,-0.00223975367890173,0.0487520564892662
0.0133013415972468,-0.00219837395266057,0.0484889251490707
0.0135734462916628,-0.00208820701096488,0.0496043243941989
0.0121611196114708,-0.00333884868997469,0.0494051052649427
0.0116674235764842,-0.00344580957770641,0.0485912891965371
0.0106285299230752,-0.00424327129637233,0.047839247035048
0.0123735490516237,-0.00311745346656249,0.0465015122694574
0.0115010586279249,-0.00392119491186936,0.0457811104841077
0.0119225863185177,-0.00363339368845636,0.0453452862731923
0.0137258121715744,-0.0026641213506997,0.0444416613532051
0.0142589659612384,-0.00240714151166291,0.0461567815078643
0.0129144544848032,-0.00312281166237293,0.0460516647784617
0.0138429533280925,-0.00254089960688914,0.0454686640557485
0.0148451458107761,-0.00189608314410454,0.0455965161283933
0.0156048061870389,-0.00129412481169558,0.046272578249622
0.0135226937362899,-0.00287000239916432,0.0464476750759642
0.0136964390017408,-0.00269162036613431,0.047919493854908
0.0137353234348962,-0.0026030799581598,0.0484134519199073
0.0127909022147562,-0.00326955728722976,0.0491227010537478
0.0122128749905942,-0.00371281155197284,0.0499211739719496
0.0127752796964326,-0.00343570592527368,0.0494146899489262
0.0146428626345361,-0.0022988215043081,0.0486234865737136
0.0137097451799612,-0.00310879023323382,0.0493227816963294
0.0139663312944314,-0.00292526539064788,0.0494673088120054
0.015945375990807,-0.00144028628596012,0.0504488099307919
0.0142853543065446,-0.00279220478938133,0.050147129100423
0.0146900806538181,-0.00266330338531494,0.0500232331273358
0.0131848599031284,-0.00397105582475571,0.0491938978055442
0.0137020958091761,-0.00367378385851136,0.04927032357321
0.0147541670154702,-0.00306808174078047,0.0494699974613456
0.0154356346323167,-0.00265638251568431,0.0493221753637135
0.0160896683570995,-0.00220971082326083,0.0498660435298517
0.0148869624363493,-0.00316622761513087,0.0500636673495419
0.0128827366646761,-0.00463217882564895,0.0499916473209661
0.0141892209868223,-0.00384333895700363,0.0500256678176767
0.0160237338874458,-0.00263839256404097,0.049629340337355
0.0183315070766657,-0.00099699505529558,0.0496159029288693
0.0193118153395895,-0.000272573582867241,0.0488968735303856
0.0196967687675917,2.68518242568038e-05,0.0491979147252477
0.0211636139763454,0.00115281027726861,0.0483799128666777
0.0206470406097282,0.0006422977888773,0.0475161269005809
0.0206208239666503,0.000571629125635937,0.0467251747553138
0.0193230625721988,-0.000465038725842126,0.046908401071445
0.0197833885425114,-3.9029880261591e-05,0.0468084852199864
0.0195395341209826,-0.000235505946892199,0.0473266816201375
0.0206747620051314,0.000758531164434217,0.0470184230100158
0.0204200910382763,0.000566102749143396,0.0468135114913615
0.020503450164204,0.000604220035459897,0.0463732309043021
0.01927711815122,-0.000386981340642477,0.0463994426276335
0.018784325700965,-0.000759912154893835,0.0460206822093321
0.0191894587248792,-0.000494939204946504,0.0453845498186557
0.0190777722147044,-0.00058145943214013,0.0469432077692132
0.0193800798720648,-0.000324627573525728,0.0477455951998578
0.0182476832582789,-0.00120351486169905,0.0476002604804137
0.0182942663361689,-0.0012254489217652,0.0488966226740111
0.0191772222664393,-0.000536443292950136,0.04847755967306
0.0199593885539429,7.64139136902758e-05,0.0491729082773399
0.0195762751836132,-0.00017012095887431,0.0499655104037763
0.0205148167479615,0.000601695188016128,0.0502598331041753
0.0194822136709588,-0.000242281104856062,0.0501790492204452
0.0185337899639443,-0.000983377669958136,0.0498489809504848
0.0183356699828522,-0.00109133300534373,0.0497399441856195
0.0197718844428529,7.59611563139381e-05,0.0497531222100459
0.0197892514815109,2.22050678317476e-05,0.0500611634743747
0.0199645803746489,0.000169519592979407,0.0499347472438517
0.0207053836352351,0.00081262928242455,0.0497456201486596
0.0219398150447643,0.0019176260784537,0.0503456354031041
0.0210263928321843,0.00108071561223916,0.0492324905765989
0.0207817527413941,0.000936987006023191,0.0491857312550515
0.020399935450617,0.000620201311633921,0.0491795092758542
0.0195482345872857,-0.000118322267364073,0.0492250402959462
0.0214888301955428,0.00150214441655525,0.0493002021228652
0.0194720612249352,-0.000213633448065782,0.0499587418488084
0.0185278167061949,-0.000964618994704754,0.0499131243506526
0.0204713746474203,0.000663543018839641,0.0494526439983847
0.0198649765932281,0.000134288055423678,0.0492121324455522
0.0207761212251157,0.000918718768322998,0.0495373593648209
0.021858976955533,0.00191136767954609,0.0504649099686667
0.0209598607183837,0.00111117853282256,0.0504971044896972
0.0213923395769195,0.00147327842068027,0.0504924625546497
0.0223773403347644,0.00236989434013515,0.0500356610112922
0.0220174286015499,0.00202448145865941,0.0499289567745111
0.0224680159759583,0.00244469090482743,0.0490663064150906
0.0227533214332742,0.00272513672308102,0.0491633219423844
0.0232788950686015,0.00329188650324732,0.0478844000878029
0.0229437561218088,0.00295126906508948,0.0483287762519558
0.0230577310674101,0.0030574558865674,0.0478201497421632
0.0228520091142947,0.00285200859637331,0.0475948953656664
0.022440523774493,0.0024995746393867,0.0484293900956999
0.023555896433269,0.00353474209593958,0.0479568946249008
0.0245875276994027,0.00453241078018988,0.0477018320262773
0.0244820629623654,0.00445791721584032,0.0477166120107728
0.0245960105765539,0.00456928799373233,0.0478477992797654
0.0253453933452158,0.00531586347935562,0.0470560342017834
0.026606648206239,0.00657792250114639,0.0477097573162044
0.026801089590431,0.00677291293288109,0.0478323771808986
0.0257025810682133,0.00566551157968974,0.0479114168374988
0.0253706938784065,0.00536644763890729,0.0482894605556157
0.0246377718849604,0.00471765787109253,0.048505614600471
0.0252622871137055,0.00531926025501145,0.0473027431967838
0.0256641610022016,0.00573399677253889,0.0477665464671455
0.0261882795161381,0.00627144143566719,0.0471509394646896
0.026017053627058,0.00613502110068283,0.0480573379918461
0.0264094937839003,0.00653698865538971,0.0470011874832243
0.0254737258140724,0.0056594176819334,0.0472601157502439
0.0260373040805955,0.00622868131063257,0.0465804621703244
0.0254207546241494,0.00567080070211397,0.0458881250946127
0.0248808891668703,0.00519467493917964,0.045509026609889
0.0257947408153138,0.00610848765698656,0.0454907943169632
0.0259814373189486,0.00633933718793304,0.0462090999910888
0.0262720529689915,0.00663016855715212,0.0465545964509187
0.0274288616299002,0.00780394807546782,0.0456328046873607
0.0269265405086527,0.00739354729736421,0.046286199693695
0.0289973416571803,0.00941784321638192,0.0462640802780456
0.0288023332023131,0.00929196529786273,0.0473613306685755
0.0292177554045999,0.00977455007028308,0.0483215938395066
0.0303600627530623,0.0109353595907962,0.0481495021820809
0.0289181456653201,0.00978243061298458,0.0466614890723355
0.0288705231258072,0.00984652573836534,0.0470642946253028
0.0273953133508139,0.00876111188554521,0.0480946772052485
0.0283159115727939,0.00946922671214346,0.047921693946859
0.0291157390578885,0.0102109837841329,0.0471278130856088
0.0289666427505407,0.0101969979416597,0.0467357157007505
0.0286725355137488,0.010176563717638,0.0461961821473864
0.0309588333256414,0.0121975470652772,0.0465675332784463
0.0316282856929936,0.0128115116947425,0.0471161777862767
0.030514504089855,0.0118131742277333,0.0462114009489549
0.0336545684191236,0.0147698832320432,0.0459767320206297
0.0327833514537143,0.0139633364532344,0.0471899845288953
0.0327008999126974,0.0139498272184178,0.04747457076833
0.0326886147602905,0.0139561452754348,0.0476679740850628
0.0340315228220852,0.0153019482971821,0.0484254162582601
0.0336312070119242,0.0149666070556031,0.0482624423806148
0.0345560554404441,0.0159398613775918,0.0490629974508725
0.0317626184941922,0.013279619856071,0.0495191336870829
0.0323239333957377,0.0138806474511367,0.0500542717064589
0.0307590066843482,0.0125192443192286,0.0499634953522469
0.0314654476107929,0.0132747890437155,0.0504102406484085
0.032261618068504,0.0140366207041244,0.0505625922228212
0.032465213886378,0.0143792105648662,0.050529443213005
0.032754994335055,0.0146062464805539,0.0509161987450799
0.0320898504813524,0.01421719980969,0.051181615494924
0.0329842505146052,0.0150738559836004,0.0507887625186688
0.0334627971354623,0.0156135085206114,0.0518643160766583
0.0340644164820809,0.0161790582060634,0.0518218936527539
0.0336202193110102,0.0157125677508129,0.0523651431109939
0.0336921926823363,0.0158299625872648,0.0518136636824481
0.0343471117367414,0.0164690762741348,0.0514283189620095
0.0336559183578951,0.0158587081113446,0.050815735016428
0.0334163966713666,0.0156385887678598,0.0522089512160791
0.0342324430278961,0.0164122245623359,0.0529174221833792
0.034644779243345,0.0167823430180296,0.0531353953180976
0.0344217707074873,0.0165259708935929,0.0533426272573095
0.0367309732178498,0.0188991306044813,0.0517853016719991
0.035884535128305,0.0179964290759007,0.0524488346933931
0.0368022458852679,0.0190146907807977,0.0523367685570149
0.0385413873404181,0.0209279045587608,0.051659685443471
0.0384542401998034,0.0208569755246308,0.0518851819693903
0.0373845938586535,0.0197515333460067,0.0516198208207363
0.0369011084277171,0.0193605612217407,0.0508328709565743
0.0369296480517392,0.0193491120025989,0.0505872152390251
0.036222830141013,0.0186369620677759,0.0501599348006401
0.0354976610919632,0.0179358056532674,0.0508542462135641
0.036424201025109,0.0188575317819894,0.0509553403515699
0.0355630054963535,0.0179575712054441,0.0509026237525364
0.0352977395085693,0.0176964045338878,0.0508354109451801
0.0363069846549633,0.0187256890571827,0.0503889867309128
0.0367472104485004,0.0191648472975383,0.0507634632427864
0.0356840287453478,0.0180575249130244,0.0508170689900458
0.035975869273456,0.0184386059674562,0.0521272991606094
0.0358499319978215,0.0182304076056399,0.0523928469239121
0.0347169252973243,0.0171574488843797,0.0529455175672379
0.0349187051901447,0.017275043882398,0.0522997094764655
0.0340294309914589,0.0164372069520366,0.0519550187804739
0.0342331388624205,0.0165383738476259,0.0516324646781668
0.034961690326216,0.0173076939528236,0.0503431854899276
0.0354258643760041,0.0176597844968737,0.0499904618274373
0.0346355498252134,0.0167522467751779,0.0491196804555802
0.0336011098667326,0.0156834553285768,0.0483345338145278
0.0353231093018024,0.0173776154343351,0.0483616183694862
0.0354321140735444,0.0174735939035212,0.0487518684609574
0.0347161266309567,0.016702359787258,0.0495685631461687
0.0346314408808934,0.0165449855017747,0.0495525296084529
0.0356935323050759,0.0176835349278665,0.0502689692589507
0.0351368182024746,0.0170388187643281,0.0498656944908639
0.034514635500514,0.016329357172906,0.0499251689446926
0.0343553901193162,0.0161303922477182,0.049925217027267
0.0337628948928128,0.0154602456313817,0.0499083433065134
0.0343720501762031,0.0160905009116103,0.050796033307919
0.0329224928895269,0.0144753765073672,0.0509537760380538
0.0319351988920611,0.0133855288019564,0.0516478864380479
0.0322756701035271,0.0137086710099989,0.0518012800060999
0.0329489702985213,0.014430943604836,0.0519215968935648
0.0326168552098834,0.0140311866493377,0.051732721325409
0.0321999971077778,0.0135285753933015,0.0517999082993001
0.0320329363159174,0.013332932874164,0.0525659364594132
0.0315239616329556,0.0127342136331246,0.0524150320702261
0.0312251142474747,0.0123911481354891,0.0522819952029322
0.0319271626236147,0.0131664843309493,0.0529900249980779
0.0317848497508655,0.0130720622967057,0.0532993264458405
0.0319774515971608,0.0133862410936163,0.0538015172006724
0.0305890256375607,0.0116275309579805,0.0533897629555301
0.0298792151210156,0.010916553109922,0.0532578739660742
0.0294817043874591,0.0104780226793963,0.053802284459951
0.0291356377092223,0.0100338907403785,0.0535678525466426
0.0300227228921256,0.0111821663248692,0.0539564031565927
0.0292875829743268,0.0102385639025861,0.0537300345562704
0.0285842457955011,0.00933602967802129,0.0534848761911474
0.028794622578136,0.00964682513146502,0.053468829110384
0.0294175060461273,0.0106687917270565,0.0540041702356474
0.0286056968515561,0.00955958029445343,0.0531707735537356
0.0286755648012758,0.00965851359135305,0.0533715021532019
0.0295314294898532,0.0109364379223598,0.0538981710931344
0.0290186207576781,0.0103179227833438,0.0547092759305644
0.0297468792854733,0.011189231927551,0.0542826612837199
0.029370113545085,0.0106628258977081,0.0545179171571194
0.0285308141833762,0.00971916307422452,0.0544326057027487
0.0279114068352576,0.0091525409848364,0.0540596509479151
0.0277260173171186,0.00913114079466871,0.0547003952349875
0.0263690988427508,0.0074157058741587,0.0541910978667332
0.0259620656142592,0.0067144411884146,0.0549802266554315
0.0262580040161857,0.00714665313235725,0.0541982336486944
0.0269171605284987,0.00832405809915929,0.0538907253570942
0.0276880951284406,0.0094668971440544,0.0538028335309274
0.0275348264765342,0.00935824604610417,0.0540229495525512
0.0277470966064397,0.0100063264827277,0.0536425949101595
0.0271401565672952,0.00955545544901306,0.0540058642023942
0.0274386845549165,0.0103614121687354,0.0540412907296946
0.0270748919447339,0.00966400841141674,0.0536371992294878
0.0269752528055049,0.00993221609860793,0.0542793977944986
0.0271050238763414,0.0103952312529904,0.0546421128041394
0.0261491454239268,0.00855385684844413,0.0548079474591119
0.0262603144509631,0.00916553392451772,0.0545848812894476
0.0255880390220337,0.00841665777063513,0.0549979700168161
0.0256553586249252,0.00864709420788752,0.0553316111700067
0.0259536178383536,0.00973471220160742,0.0553119248708982
0.0263770152817423,0.0107752342922096,0.0552510251387433
0.0274416616426267,0.0125950626972964,0.0548225611267176
0.0276988064548882,0.0129487679077557,0.0546102442808599
0.0283676857804317,0.0141652147718363,0.0550849813819628
0.0281966292323024,0.014660144762498,0.0549420869049042
0.0272240096747328,0.0131453709954946,0.0553094632672589
0.0271090178793938,0.0133234441408557,0.054781631309651
0.0267614342111349,0.0128394592125018,0.054466889087915
0.0258912947202458,0.0118635845879138,0.0550038554773312
0.0252744243245097,0.011541909704873,0.055307073810205
0.0245880663528346,0.0108675594750629,0.0552603353137244
0.023753411877031,0.00915306919007459,0.0551916613290374
0.0236132477280366,0.00946480534481856,0.05624851709328
0.0235978460485335,0.00915703133988522,0.0556571652841741
0.0232243529456826,0.00910654809911223,0.0557535235006596
0.0232537786335346,0.00909996672672156,0.0561900598742733
0.0228746693632076,0.00841603112377251,0.056650383039144
0.0221541724016351,0.00853969122661187,0.0562680557240423
0.0213059734110964,0.00729677685987658,0.0564941826975901
0.02000329758654,0.00623472708104439,0.056381710023364
0.0198309557562829,0.00714359729633217,0.0553424702589098
0.0189259818788562,0.00647362025095649,0.0558665603931073
0.0195610756842946,0.00839128801241497,0.0558663577171465
0.0193608636789689,0.00863897535876956,0.0555013205250213
0.0187953324217138,0.00798706433092976,0.0559810971082348
0.0180266006662534,0.0077940193196229,0.0562014307749416
0.0180194039178108,0.00835281625096424,0.0572863746858976
0.0180803931961816,0.00935069442029966,0.0569514572713212
0.0182148930370111,0.0093181948049595,0.0570495448756819
0.0186087759257811,0.00999773996597622,0.0567769783380158
0.0182550790811915,0.0101208022075484,0.0574065230965774
0.0179451590642982,0.00987532308780704,0.0573419739211807
0.0179812497195077,0.0098211369853871,0.0576016524380266
0.0176605945004949,0.0091425686073142,0.0578645653183196
0.0170047390901114,0.00830356482311992,0.0578294199184398
0.0160675318786001,0.00709467939691048,0.0574844765255315
0.0160941020533787,0.00684742227799793,0.0573683743973291
0.0154599409993294,0.00676255223366229,0.0578504378724979
0.0153696303189604,0.006771892362328,0.0576944500991353
0.0152064714355677,0.00652005486522043,0.0569017281248274
0.0149427908684527,0.00637371340273035,0.0565048565438835
0.0151068718033559,0.0065972921164293,0.0566568021310939
0.0144492236582284,0.006310556504468,0.0566384487506569
0.013768188994446,0.00499568930923944,0.0565701678686109
0.0134465332259746,0.00476716637013464,0.0573098297805757
0.0135063515493149,0.00495105411287822,0.0572427369293074
0.0141255668509092,0.00640109081373736,0.0576435224034698
0.0138430812908042,0.00733107255380723,0.0577691003455124
0.0151539724919957,0.00893962910839057,0.0580319800983914
0.0153477368997679,0.0107462314511246,0.0575203825299954
0.0151945375908594,0.010598299865085,0.0578826855078646
0.01483444623234,0.0105281276715552,0.057710408598091
0.0137910503938648,0.0103354659549515,0.0567588935791687
0.0125349286458184,0.00912570672199652,0.0577028618324535
0.0119861688354728,0.00874182961660423,0.0570734910534176
0.0119907671545278,0.0103420874296473,0.0572663888746044
0.0117401623964152,0.00956407416340433,0.0576069420600571
0.0115296555400836,0.0092928454085562,0.0570861177431244
0.0111489900689955,0.0094811090625154,0.0574031987140443
0.0110300298873089,0.0107962071418243,0.0573847004249353
0.0108942101235158,0.0111301739647788,0.0568194125316804
0.0109054269478504,0.0116804250715304,0.0561582544835576
0.0106685307641115,0.0120901959385274,0.0559198499526652
0.0101532488817263,0.0124301086175286,0.0562829140461539
0.00978111884733267,0.0128538179076312,0.0562454754764175
0.00997497248802102,0.0140264430369053,0.056477369094229
0.00977952472881245,0.0152284157539146,0.0567111767314964
0.00910321257566129,0.0158044320843719,0.0567404929307698
0.00810167527107453,0.0153839185274651,0.0567746260686362
0.00748790096426438,0.0152549432915894,0.0563617791699539
0.00773413951993327,0.015723140789528,0.0562734880463833
0.00722365180802201,0.0149214209550653,0.0564840336463929
0.00763450633034081,0.0153518821643355,0.0564314573864539
0.00717327506689469,0.015112722090388,0.0563177035087523
0.00686539883423158,0.0150809990067096,0.0571245582754975
0.00664083044594863,0.0150795171978097,0.0572428502699552
0.00672931416884051,0.0155790356626838,0.0579582469413156
0.0074327147508761,0.0153825655767897,0.0583435314337628
0.00802104225643093,0.0155971287520727,0.0584946484413099
0.00728002515256389,0.0163731915981675,0.0587438081854946
0.00727290870857291,0.0176089220512095,0.0590534073364487
0.00713561859078124,0.0177375011559657,0.0601281561726719
0.00733528088457908,0.0179902430173741,0.0602690234155987
0.00705979755557398,0.0173668990977741,0.0598381931095607
0.00711345579315085,0.0188772548132643,0.0600325286702625
0.00740997695496141,0.0194038677379016,0.0604285084784103
0.00771411800459434,0.0188996203528786,0.0605951417122592
0.00746159805173698,0.0186558110710704,0.0604858239274322
0.00784203267571016,0.019302090533175,0.059976755468645
0.00728087694351143,0.0192566905426639,0.0595516595641444
0.00715499548958516,0.0192548007077512,0.0596616363345584
0.00732583974151141,0.0194186381305015,0.0593374584169707
0.00753966002431336,0.0212452068139429,0.0597896067887494
0.00721996807295278,0.0211961721986929,0.0600131785421512
0.00758462742585809,0.0219809398111253,0.0600732950579525
0.00757656535989574,0.0215084917654976,0.0606647802269025
0.00774628836595581,0.0220176204830578,0.0604986590835176
0.00704737665834197,0.0221073552694515,0.0608921417239904
0.00651986462620244,0.0220822022418866,0.061022102236966
0.00663832979045666,0.0221331613172816,0.0617495855933377
0.00728236651253898,0.0247233637967985,0.0615206351576156
0.00738307002314782,0.0248691437618308,0.0611162590496714
0.00718644850571443,0.025738720641944,0.0615618721944803
0.00717675426928867,0.0259307871933375,0.0616041498293913
0.00727181098888333,0.0270314126398776,0.0616687263806086
0.00769985302195552,0.0276280823674459,0.0614427936961336
0.00852465691174659,0.0291756513495991,0.061532599786303
0.00840608690344621,0.0293079194463832,0.0615799042815106
0.00914622167039628,0.0301840669942885,0.0611757383458083
0.00847808344162021,0.0304417147815916,0.061262545973261
0.00831244638821514,0.0310541885172448,0.061568462593271
0.0081094484550219,0.0322619950068017,0.0615175137453518
0.00749427211222413,0.0315845667038238,0.0616398487077302
0.00722450773009002,0.0317862259916979,0.0617203502079002
0.00732877236809029,0.0326652174555697,0.0616507074570207
0.0076679581085001,0.0337695404543263,0.061727620145123
0.00798792350243837,0.0340076559985683,0.0608886967881077
0.00814155653053562,0.0332887262706783,0.0612438751933921
0.00717334158125246,0.0334572952426376,0.0612718149729524
0.00707170828507771,0.0336585748549034,0.0616524405110053
0.00690191640944491,0.0335335891855139,0.0616170007080014
0.00709905407137266,0.0345753417245096,0.0611422718518965
0.00719603228400872,0.0351958607949731,0.0610838389560691
0.00714065383478296,0.035667794445957,0.0612973170767273
0.00697705676151033,0.0373517503390119,0.0610997828831022
0.00736814052805468,0.0389519073203862,0.0611159533950021
0.00755474519512034,0.0404978535719254,0.0617490846440696
0.00821625976476292,0.0421607849397708,0.0614154781682278
0.0078918866976913,0.0423842899173583,0.0609079386248787
0.00775459757677807,0.0437716611085237,0.0609429579650672
0.0074529285773469,0.0441892315568191,0.0610966773567343
0.00803133695168898,0.0445655623374985,0.0612525681558969
0.00788324514276197,0.0446356641446421,0.0611860083768256
0.00831900448443119,0.045549704268861,0.0612349081520402
0.00769498010551425,0.0461301928329191,0.0614173491809131
0.00693321076577646,0.0453083734663251,0.0616555565252072
0.00741855939516392,0.0462853475465349,0.0616249165274238
0.00615968595537074,0.0464862943064749,0.0622648237717505
0.00609505490062274,0.0474570644671698,0.0622433737223769
0.00567248111592534,0.0476413819203404,0.0624900282244718
0.00582553994993786,0.0478728658977847,0.0626509457590446
0.00516696301052811,0.0488224377979011,0.0626192950924539
0.0049018141073444,0.0486151040902957,0.0626917479382727
0.00441133449297472,0.0489654180792269,0.0624110240468548
0.00485967174327284,0.0490880671388261,0.0624268487074659
0.00551737752590472,0.0487661099109173,0.061932384587961
0.00640380947939007,0.0493425908976681,0.0617477069282052
0.00695268051758973,0.0498416016927074,0.0619000240903811
0.0068214031185664,0.0502695200557056,0.0617603949706141
0.00720327105291905,0.0515987874061903,0.0618653758537
0.00789689398132215,0.0522668674117392,0.060970310693133
0.00833523765515976,0.0532451601265054,0.0605210608755523
0.00757578670746908,0.0526512950030978,0.0603474946748159
0.00842267423102722,0.0535064991544812,0.0608095258435697
0.00885770084916402,0.0550394914290234,0.060835921078261
0.00878822667350743,0.0557709103780777,0.0609226694498954
0.00810210220176233,0.0549693921624463,0.0612708457225606
0.00797420454920718,0.0554536962906937,0.0617465497146244
0.00789215305395435,0.0554902141324038,0.0617920733867643
0.00832520245433646,0.0562324924305988,0.0621756681343453
0.00801634291349765,0.0555312155835781,0.0617044780281138
0.00752824114676219,0.0556699249057455,0.0620185661762375
0.00782508494829864,0.0555786305945072,0.062635319748848
0.00738167602981174,0.055602460225718,0.0625789169467147
0.00695591320617188,0.0553361796036683,0.0625826866777661
0.00693145204772261,0.0548177996434655,0.0624165098840991
0.00713061892594211,0.0556838069974528,0.0625786273696882
0.00761901338105921,0.0570371845181348,0.0622082973809441
0.00736903907707976,0.0576325159963847,0.0626143696138597
0.00696742800628864,0.0578395635869311,0.0630042466532858
0.00738225046131643,0.0581923756960906,0.0635049364764554
0.007619263721864,0.0587582234723717,0.0636574022152203
0.00865786643204824,0.0593770408675412,0.0634985696471116
0.00910388579823999,0.0611233968740611,0.0634938317881696
0.00916068650718447,0.060947416792292,0.063176067697393
0.00927470930502163,0.061626236957822,0.0636169536944291
0.00889081380153941,0.0626643511731308,0.0634393228834709
0.00786429225286872,0.0630354343769449,0.0636979007246184
0.00759857714168179,0.0644636980811848,0.0638673451628826
0.00781846032204067,0.0649013572325086,0.0638583635964278
0.0091268462027057,0.0655828642147509,0.0641597016073424
0.0088753832821977,0.066404565083263,0.0640339920038167
0.00911002215156498,0.0661551920618697,0.0637595717094773
0.0102692898782385,0.0675877509875122,0.0640615213230064
0.0116582335436902,0.0695164517184631,0.0639233996375147
0.0114090336985282,0.0693128598970046,0.0638583210560268
0.0113731845343694,0.0699530728885028,0.0637867770598301
0.0120116973052261,0.0707972485644027,0.0635692691669371
0.0126554649195463,0.0721533894728985,0.0632524919088608
0.012043124900841,0.0718337504625312,0.0630504468481768
0.0122061390119086,0.0726409486234068,0.0628534282273163
0.0134448235864216,0.0726786442316708,0.0626671347243228
0.0128278340010695,0.0716643067555923,0.062152892852581
0.0119426166637042,0.0708040711210925,0.062247203623916
0.0124696158154779,0.0711057643849054,0.0621392786157329
0.0133955121050176,0.0707465106603439,0.0618305221299598
0.0125784887883587,0.0702686436220492,0.0614961146780597
0.0133475670868141,0.070699441044196,0.0610791712415046
0.012773793085765,0.0697511302573757,0.0611322090986154
0.0129468590523214,0.0703285085781559,0.0607935298795666
0.0130565207259517,0.0706510160448772,0.0607258999468082
0.0122756406358453,0.0700503852251933,0.0601170155464868
0.0127163113529388,0.0717079059007428,0.0603721430162885
0.0130585373780524,0.0721421591082619,0.0610710553186956
0.0128307975851953,0.0718516039473127,0.0613650460874255
0.0137414773456643,0.073133399129827,0.0611679062225207
0.0135030374052374,0.0724937174444221,0.0620412844387212
0.014301533315166,0.0728674221556252,0.0626180966438815
0.0129512200603232,0.0718373340573829,0.0627939837428691
0.0136567591924568,0.0725012673284366,0.0632762209027593
0.0133478138870046,0.072175366987442,0.0635817047648314
0.0135907711326792,0.0714035880104943,0.06388018245924
0.0138730318478497,0.0704318925060514,0.064226737952044
0.01377058873426,0.0703667127860461,0.0645182125579702
0.0152751006183692,0.0727239195823049,0.0645627972184823
0.0163961919545795,0.0742156941913582,0.0648088046955316
0.0170774258206849,0.0738638793353722,0.0647040941715744
0.0177263729587928,0.073723754614245,0.0645508853530409
0.018716312635553,0.07423777620502,0.0642893584619706
0.0192285086504866,0.0749088886404337,0.0641646545123626
0.0205841095992495,0.0761702360971248,0.0639041842086961
0.0217134034230018,0.0767930303475076,0.0634992155455449
0.0238429219659403,0.076727357487428,0.0636011250509106
0.0248961131108446,0.0776160019378131,0.0634657895924977
0.0252344359723458,0.0777617804882238,0.0635575911428997
0.0246173977076789,0.0761377959609986,0.0630546258793728
0.0243621708597873,0.0758709059672185,0.0629827654177339
0.0251539702850332,0.0761924580231619,0.0633861480164464
0.0243715500447441,0.076052146430029,0.0632241411342136
0.0255521069882692,0.0752638423088665,0.0632447279963235
0.0259834616247367,0.0752245567480127,0.0627860741523655
0.0243108161677552,0.0745646604282991,0.062227182607776
0.0241951921608727,0.0746459801192658,0.0625046736737684
0.0250283108979632,0.0750362594325641,0.0619377111175545
0.0264558450435359,0.0745479140098813,0.062414271277627
0.027570278648581,0.0757428220590807,0.0625877009063393
0.0273994314342691,0.0753384009088619,0.061976676988651
0.0276597074147031,0.0750612798292337,0.0622481597321693
0.0274679612599659,0.0753807180001141,0.0617697287340619
0.0280703563686522,0.0773961649493477,0.0622201398335289
0.0292567695369464,0.0786294992119905,0.062173035321442
0.0283359399266384,0.0789015820769606,0.0630027113629459
0.0289970539441538,0.079306634131131,0.0630473551574151
0.0315151765650606,0.0779049791204284,0.0623548882952778
0.0311559626816643,0.0768634924865733,0.0624596269426587
0.0302530892076945,0.0762436026325575,0.0622190923212061
0.0317261830888288,0.0772253606518822,0.0625486758267881
0.0321098396123729,0.0773203659579247,0.0626675123575056
0.0331332454328346,0.0769850081603858,0.0624611021400012
0.032798539101784,0.0773862394790154,0.062520607672078
0.0325590700986856,0.0777287115158858,0.0625708299973888
0.0340114386328279,0.0783814316698341,0.06259487794589
0.0349180112923323,0.0780941077730578,0.0623168663591444
0.0340050212352429,0.0769392019463199,0.0628836001497781
0.0361601508080973,0.0767277094710856,0.0625708223619197
0.0354608257501879,0.0758391489777225,0.0626895216510262
0.0349969920434847,0.0749728299580239,0.0630334541308698
0.0349791722749585,0.074196584966133,0.0632770150377904
0.0336070948923444,0.0728321488655599,0.0636384640630343
0.031358972097897,0.0716851199352716,0.0632248298568118
0.0313895865724351,0.0722470168852862,0.0633977438962334
0.0304547490710027,0.0719894640783293,0.0631122913446936
0.0315236369460758,0.0718266368788771,0.0633684697253421
0.0299114342616597,0.0699399405740619,0.0628943098116046
0.0308455997547562,0.0687510805947362,0.0627154021184618
0.0317445877845285,0.0677246309030333,0.0630060545463762
0.033392816044656,0.0685678985100218,0.0627519059347134
0.0334347332779984,0.0679918153198966,0.0628745167596935
0.0333132341354411,0.067349809985963,0.0624846398673329
0.0331885002396252,0.0677677515953661,0.0624930508872859
0.032152838855299,0.067244723590989,0.0619987288918426
0.0308505739689498,0.0645737975848336,0.0618689914701133
0.0319972613519505,0.0640365534837116,0.0613714644243186
0.0315309270824617,0.0632604352021702,0.0611587910800051
0.0297575258377595,0.0618320494382627,0.060761397655199
0.0296359040446998,0.0615199045233391,0.0609004466656127
0.030955474449725,0.0620336846912807,0.0604173477669083
0.0324028707836258,0.0622730752204965,0.0608404040350213
0.0325978981094451,0.0630059236444182,0.0605112916659288
0.0330658854177564,0.0615472461845294,0.0604498529075757
0.0327772869181958,0.0618463598586158,0.061186708881786
0.0326762853341283,0.0599070180110773,0.0612085236728691
0.0343866027402332,0.061563309061475,0.0613959044886785
0.0336185976649403,0.0612773814868488,0.0617118995187601
0.033190979783538,0.0596964342313236,0.0611749052878712
0.0337695700392806,0.0588490327204846,0.0609493009243559
0.0333281173172611,0.057667557226092,0.060358374304799
0.033269213362456,0.0580434080224368,0.0603895096622594
0.0334465947347288,0.0573248376513576,0.0602309773675792
0.0331001012079889,0.0578395849786636,0.0605604253678559
0.0330887992351142,0.0579589397977163,0.0606820421828853
0.0341834621039512,0.0586231403359285,0.0603004560826325
0.0340451391180745,0.0595808744926647,0.0600646228622001
0.0340980756432394,0.0587430537930004,0.059790412656921
0.0333027714052902,0.0571197336602829,0.0602499114506928
0.0336442561588007,0.0582649479240718,0.0600007570618785
0.0341020805974082,0.0593692744700233,0.0608487421225036
0.0327718133741751,0.0571107488059627,0.0604253690042389
0.0328679988547154,0.055291125918502,0.0608169810894841
0.0338205841807743,0.0541498186539563,0.0605874674002114
0.0348646809479203,0.0544969278214825,0.060697119354298
0.036587023582056,0.0557801543268744,0.0604696831626765
0.034620503708899,0.0562371115456771,0.0610102926334531
0.0343491243744553,0.0573154759861368,0.0615194795029921
0.0350626720923293,0.057012863402092,0.0617372692548786
0.0352504508098365,0.0562203482078726,0.0613919932214413
0.035481419321112,0.0546387724368028,0.0615947782175809
0.0363877390953673,0.0558026921288706,0.061247674226416
0.0361340903629253,0.0549291622709878,0.0621510829336418
0.034830912348254,0.0542481626192775,0.0620495601313903
0.0348718124372508,0.0530592186788429,0.0617918483099065
0.03490519484963,0.0529163621794425,0.0618500997476597
0.0347005376757606,0.0516021670798324,0.0620071395355013
0.0353922406302349,0.0503515500565708,0.0623190989611342
0.0360820731587003,0.050786736578188,0.062526501671783
0.0354407659248202,0.0508327447048189,0.0618702349787187
0.0365760287393641,0.0516388618198182,0.0620444314629044
0.0368208871735274,0.0514127545309072,0.0617315892436655
0.0365510733428213,0.0512522580664508,0.0618318896210924
0.0366015477726956,0.0530068866302427,0.0620425723489725
0.0371126752049962,0.0514584050088583,0.0621715412860268
0.0372124479640835,0.0508505419676127,0.0616281809170447
0.0361832610020255,0.0491507529215141,0.061846320497288
0.0369345750145656,0.0494002325004061,0.0617151486690516
0.0364847390417431,0.0485150239195259,0.0623591886847943
0.0380853232716833,0.0498223679477492,0.0628331224524434
0.0390178030616538,0.0498243649443723,0.0627548284422861
0.0394176341914642,0.0490880928743115,0.0624532417182754
0.0399886456234369,0.0504064422690972,0.0623259248011732
0.0411394246375935,0.051110388383197,0.0623659405051723
0.0419267873015979,0.0513057622735988,0.062102361703079
0.0419068196240701,0.0525056823942029,0.0617977922331313
0.0426926924358232,0.0543674643046806,0.0617223613887134
0.0435698734547283,0.0547584570372983,0.0617949580244348
0.0441827138387832,0.0551454402344217,0.0613288678591985
0.0438945519957669,0.0544791004007513,0.0611762556975952
0.0433295823892642,0.0549247439398133,0.0612038533317314
0.0408658787595101,0.0531575068581703,0.0612667636410515
0.0401918852033846,0.0521625128521526,0.0614525136187413
0.0392664383939392,0.0515593711882412,0.0615100616763568
0.0385404098271277,0.0511191436232538,0.0619203985377548
0.0392595685549776,0.051529900522532,0.0617523086233807
0.0397409557754286,0.0509900390033102,0.0615289942642408
0.0402378747406591,0.0524125113550641,0.0615339011939564
0.0405860795397639,0.0529835495430415,0.0617741203162902
0.0400134842660106,0.0515257756699842,0.0621687793597292
0.0385550507818242,0.0495960398390511,0.0622055328412873
0.0393424504558584,0.0501561269946334,0.0627092172579006
0.038711466111697,0.0492594410547236,0.0625567585407465
0.0392623822201117,0.0496518664173264,0.062303397056055
0.0398810066686424,0.0507591528144826,0.0621878290126335
0.0393531676901492,0.0515936959867448,0.0621615722946548
0.0386785165353781,0.0502172023413301,0.0617987091908322
0.0397332368969483,0.0506176528831852,0.061856070909205
0.0390085496749898,0.050046851738527,0.0618587973540272
0.0394957141636755,0.0503769026468045,0.0615718993571727
0.039305052258976,0.0508123673130865,0.0617197866661821
0.0384815862086634,0.0505900297596709,0.0619402139872959
0.0398757007595945,0.0509100000679996,0.0616130713834794
0.0389418925875124,0.0520096922563512,0.0620000757681461
0.0392186155296138,0.0531932772894044,0.0620443776045415
0.038748793578074,0.052153002364503,0.0621090403284666
0.0384273725531528,0.0515889014843322,0.0620913008272215
0.0367405725565468,0.0496434819449504,0.0620053166762559
0.0370988266000465,0.0501656733318416,0.0618683462424006
0.0376142699984957,0.0515264608796323,0.062010520765947
0.037088351709337,0.051025385005402,0.0616526286500411
0.0367167138498734,0.0498452904899035,0.0620623996676664
0.0377548282310154,0.049780186350152,0.0615892210326359
0.0379862101509982,0.0498211793293479,0.0616436493831938
0.0383423443622701,0.0500165995062955,0.0613695927433843
0.038698448062264,0.0491737354314296,0.0616568603429354
0.0397764247255109,0.0494678369140505,0.0617319277318163
0.0399354607315036,0.0478114168694791,0.0621988019106179
0.0401285513827821,0.0476186269936279,0.0621241390053535
0.040247640075036,0.0483427217185479,0.0622162418596792
0.0403222338304346,0.0475360709832983,0.0622794257757809
0.0400323196940904,0.0470009361714979,0.0622286740102584
0.039008008480094,0.0461922882287901,0.0627236676960479
0.0399811654428613,0.0466448950074566,0.0623724646620408
0.0398807907651795,0.0451927633075981,0.0628604607441112
0.0398787307273761,0.0454446775476193,0.0624188920250503
0.0392231048334387,0.0435993398202472,0.0619248458349015
0.0382161675031197,0.0426819802136543,0.0622838334823723
0.0389515355959646,0.0428319598891174,0.0623496159476464
0.0396626877548391,0.0423251053315176,0.062478915874547
0.039262338927431,0.0416398004752431,0.062432292743756
0.0399185944074197,0.0429256709325807,0.062189565769336
0.0403551763932921,0.0431838086344809,0.0618329998225458
0.0400004841112291,0.0428084252400472,0.0618229967782595
0.0412983535463417,0.0433466577837142,0.0620457326035584
0.0406380320851062,0.0423813407730051,0.0627430207594643
0.041446526527452,0.0421459136150966,0.0628775763246908
0.0386914880696926,0.0406950157575193,0.062845100166891
0.0385458652622857,0.0386581059770656,0.0626164480495335
0.0378883665229627,0.0369774639174933,0.062871565039892
0.0374714664160383,0.0361344144515847,0.0628967601561452
0.0377386414171743,0.0352058716688725,0.0634772474545334
0.0388926971205521,0.0328675316937865,0.0632992035982647
0.0376083469622164,0.0316978823372371,0.0630804393728032
0.0366621472218868,0.0302325501298654,0.0627415594743197
0.0352197628755368,0.0295799744412485,0.0621543720667804
0.0350572710612789,0.0275332289658249,0.0622253321478486
0.0345638771944259,0.0267548800402353,0.0625864629215331
0.0352382807070065,0.0259906847594238,0.0629371303136954
0.0343711687168563,0.0255406598524234,0.0630841133715753
0.0337621764552074,0.0238782552070691,0.0633810617376928
0.0339854652090857,0.0248868932138315,0.063309276351511
0.0332127073262674,0.0249614428784253,0.0632342982055795
0.0339267979947282,0.024977249411523,0.0635187628895776
0.0334861672381475,0.0235419994097176,0.0636102848633724
0.0324704358397156,0.0239223214353783,0.0636124902743105
0.0326698791035231,0.022981983653295,0.0636681505355169
0.0320145762114211,0.0225529061236045,0.0637643269618203
0.0312505753012981,0.0214702413285308,0.0633260076836181
0.032611612563461,0.0221609605668577,0.0637543362152305
0.0312065734556363,0.0206423127891451,0.0639956211934189
0.0306692013615741,0.0202143755349718,0.064023697150534
0.0298772004996772,0.0207607036853547,0.0642576825162487
0.0283766786342657,0.0206441332657215,0.0640681617371797
0.0286274563679008,0.020333060079864,0.0642229135928793
0.0294947384254132,0.0214130017474161,0.0642883626253537
0.0286772915602331,0.0208026729037812,0.0640194447043818
0.0293291407815644,0.0211940293906634,0.0641606421283049
0.0289927731183222,0.0199637393782841,0.0640869550679464
0.0298495706685744,0.0197337292600165,0.0640037460376111
0.0297723434953636,0.0189125609161352,0.0636071001300563
0.0287257990646049,0.0184478783282702,0.0635503500506833
0.0294117535089823,0.0183572091782506,0.0634980360971665
0.0290292774887475,0.0173895173535485,0.0632260681819418
0.0284747886154636,0.0167394744111545,0.0634030652195492
0.0290596101883852,0.017447282268604,0.0627638866554063
0.028229533855322,0.0171120301945338,0.0625855112515586
0.0258160555312294,0.0150204377348736,0.062856550771247
0.0250858300169105,0.0150425553469839,0.0625345499641503
0.025299976573773,0.0149221865905783,0.0623736636827226
0.0252455826240611,0.0140074990130613,0.062542172738668
0.0248286059388362,0.0134558391456287,0.0628866553472903
0.0256298903627883,0.0123296711264188,0.0626155069734108
0.0237900268752663,0.0107544398623226,0.0622310374899657
0.0232187639287681,0.0108504476257583,0.0625160199491353
0.0230631954528002,0.0102440903471874,0.0623290278770763
0.0226539521988241,0.0090548983086214,0.0620612051453707
0.0229110256812668,0.00873707338102604,0.0618220737860743
0.0231376189529613,0.00908974289079058,0.0618143591447656
0.0231765897535572,0.00947367648082671,0.0620349984308909
0.025030314596043,0.0111696171005622,0.0617528547638425
0.0263863175589346,0.0112522095197921,0.0616104947219157
0.0272839408297477,0.0113956269948949,0.0616301159010109
0.0288295443918642,0.0123476943042225,0.061821567654019
0.0288423222843133,0.0116063613072958,0.0618238331817366
0.0296270902024767,0.0119367512727036,0.0614168167702311
0.0295904619935855,0.01242671017316,0.0613375580146698
0.0286743937593259,0.012240256692326,0.0612985956906379
0.0296066327106061,0.0125802272648137,0.0612017004196347
0.0288905097866935,0.0117500788047499,0.0619263384498214
0.0300437044081883,0.0116436010424258,0.0616890716693383
0.0294829098393475,0.0113107557931121,0.0621331208024099
0.0307456396128031,0.0114563214593698,0.0620465258595763
0.0308356922638752,0.0116235672256981,0.0618288419305385
0.0297196803810961,0.0110109297031086,0.0621234676737386
0.0275395093655488,0.00993967619794649,0.0623486118509554
0.0270989368062321,0.00957933965116325,0.0619155940738521
0.0276831238921922,0.00995438999012301,0.0616942673740151
0.029414588459222,0.0102904208955092,0.0612476161793971
0.0281230213186543,0.00970300045576318,0.0616476897623787
0.0276550438727303,0.00967709849306941,0.0618383774998335
0.0268252221344843,0.0088018825200653,0.0622174927609166
0.027114830662545,0.00867959701908762,0.0625304924784662
0.0264703284247914,0.0081465028103794,0.0622868351204063
0.0241721408368005,0.00726972349043671,0.062475879493093
0.0223514779749176,0.00662716629737386,0.0619515443003129
0.0216410433562377,0.00518073960498759,0.0613035053381871
0.0229935557138321,0.0055205724815954,0.0616860219516994
0.0216142184368755,0.0043855101012903,0.0617285146375046
0.024771263894294,0.00517790344199571,0.0615507804907113
0.0256333039344593,0.00481811972930598,0.0606827942196301
0.0244498556949009,0.00417224134085235,0.0609012662804017
0.0232471521341201,0.00309563620169491,0.0609809366648916
0.0218734815269037,0.00209425996554029,0.0606380163288416
0.0222308290346576,0.00273315054607522,0.0604190538077901
0.0216691323506634,0.0026162559886926,0.0604103706243549
0.0199401302495132,0.00201786028129573,0.0611482773466468
0.0196715464841961,0.00228685169931302,0.0608872313606757
0.0197700221141443,0.00162903820142075,0.0603563028210342
0.0204954494878752,0.00145999928533088,0.0600450121720056
0.0232330966706325,0.00225834771280655,0.0601171709495191
0.0215867498562547,0.00143793350652526,0.0602581375603828
0.0236527345253116,0.00264248797520378,0.0604044529478302
0.0221021236338102,0.00131651228196682,0.0605963834428766
0.0210105836156253,0.000773566265671682,0.0605262531963393
0.0214008065916686,0.000694213853543323,0.0602660111035578
0.019846760802771,-4.99336011111902e-05,0.0598555226764928
0.0187176135742035,-0.000785610617073543,0.0595546485696767
0.0181443447178071,-0.0014345789178641,0.0596001152150556
0.0190388742412962,-0.00124262053440877,0.0599644361875735
0.0179248530275729,-0.00160355700724205,0.0598395989925262
0.0174113349659595,-0.0019270249946216,0.0596440372943764
0.0182028029208723,-0.00160358270332415,0.0591715400864622
0.0170933109256137,-0.00244283982542789,0.0587208490671162
0.0169004223388807,-0.0026023120984835,0.057839130249972
0.0167590614836478,-0.00261673209897919,0.0586005972483768
0.0165264473699099,-0.00244883220563738,0.0579709990663393
0.0159911988864685,-0.00262390019407615,0.057188241830312
0.0152062356339643,-0.00253640506563335,0.0574385236604999
0.0141564053202823,-0.0032565935148315,0.0582587797272961
0.0117880233227754,-0.00440080229770894,0.0585543275852926
0.0123132890596255,-0.00380314856652405,0.0575875634687279
0.0122522145611046,-0.00391955317522475,0.0570643751465938
0.00861188715238844,-0.00547046159095236,0.0576710183295903
0.00596434758864156,-0.0063623169597231,0.0568615832719813
0.00718357131578016,-0.00581406744338307,0.0568509122331035
0.0094528186400926,-0.00527418668104244,0.0562941601850503
0.00792324982896403,-0.00568316886261072,0.056588408684416
0.00697019994154287,-0.00618754474293142,0.0566419478793304
0.00304857735596694,-0.00764729833961232,0.0565335216809035
0.000987489092432233,-0.00841247354687575,0.0563970853586426
0.00134075148443065,-0.00822697234950212,0.0563467758108302
-0.00211302078341928,-0.00919127962312071,0.0566046773184367
-0.00210924139497905,-0.0092396636122311,0.0560414019015278
-0.00198104094026042,-0.00926506808690496,0.0559613672967601
-0.00403037834895677,-0.00984108975728849,0.05501419238778
-0.00480851490141544,-0.0100166912701059,0.0540630280823235
-0.00424489320446728,-0.00986869319760087,0.0541303417806949
-0.00438914663240143,-0.00990604084621076,0.0550019497288206
-0.00564623871455797,-0.0102406612978105,0.0553102206914839
-0.00373739012988839,-0.00967480061240244,0.0552030066985843
-0.00496164745381103,-0.00993761852874639,0.0556857744940014
-0.00394735400739573,-0.00962358349702012,0.0555419915549642
-0.000679795770278057,-0.0086890300483309,0.0542660703131245
-0.00345431632737398,-0.00955132855984105,0.0540581306182595
-0.000534617968720348,-0.00853617490417564,0.0541235251662869
0.000334651183519157,-0.00812147648509934,0.0544424090860102
0.00315279567953352,-0.0071221978705039,0.054438714238749
0.00107222516417403,-0.0078019229088758,0.0544582337799936
0.00110222292626684,-0.00776842188935905,0.0542866111880363
0.00171556927687197,-0.00760956917886621,0.0550891477432797
0.00123372335062996,-0.00776179330444218,0.0561720118160953
0.00117129914146293,-0.0077105062833924,0.0566524604584289
-0.00177481766145058,-0.00867821042604214,0.056428084625135
-0.00125086793460813,-0.00847951150948131,0.05657709520357
-0.000584297697932008,-0.00818792853237925,0.056008082016326
0.00469608353173104,-0.00643522554132844,0.056182667789451
0.00559965544000321,-0.00611241245250628,0.0569489375713078
0.00433175112591814,-0.00648751852962406,0.0567795092613546
0.00533961894789945,-0.00610662096377953,0.0575568781239528
0.00265005117208732,-0.00701713313264544,0.0581348602870158
0.0045220622219691,-0.00637118364588704,0.0581371709438981
0.00345571318015766,-0.00672765135584151,0.0572833233578663
0.0069011504548697,-0.00549341348495614,0.0569076465231624
0.00308381073775689,-0.0067726261242183,0.0564397997768626
0.00291696814198596,-0.00680729599076244,0.0566201451744615
0.00318505689347947,-0.00668778067450974,0.0559229464945484
0.00213302450861823,-0.0070179811594248,0.0557499789972672
0.0017252762521862,-0.00712930105139282,0.0556454975236849
0.00414411756354301,-0.00628357906741863,0.0552893687460712
0.00725160106152319,-0.00515604213166166,0.0555914274755604
0.0030064514723819,-0.00660175176273271,0.0557889265671315
0.00201457926601206,-0.00694418702262667,0.0555327605149557
-0.00302303761482185,-0.00855503541818517,0.0555182800150122
-0.00287160565016542,-0.00854123175365506,0.0547187473934019
-0.000848526204717943,-0.00789020684436608,0.0546232908049479
-0.00165715289058448,-0.00812645711977596,0.0554700512327455
-0.00443184435962369,-0.00899908661912631,0.0558025296566374
-0.00419064013151388,-0.00894609420883787,0.056035815499985
-0.00395358643917348,-0.00882972499661235,0.0557111622686509
-0.00625162412974622,-0.00953876949761653,0.0553077059326272
-0.0112787959775734,-0.011005369223771,0.0544708454207467
-0.00966185102405512,-0.0105579433415146,0.0541293708684755
-0.00804636165676871,-0.0100653227901504,0.0534340131196974
-0.00615578317466963,-0.00945732239034608,0.0535265889126408
-0.0107965521742792,-0.0108145761929286,0.052864447861447
-0.00990087061211297,-0.0105889933767048,0.0529490715041575
-0.0103877520836331,-0.0106689012694217,0.0529761578149163
-0.016740079760438,-0.012303481701792,0.0538860223375321
-0.0129546232191633,-0.011351013476844,0.0538346907989447
-0.0134640214423366,-0.0115095661072992,0.0537825407819674
-0.0128584190491959,-0.0114933305356278,0.0542127217204637
-0.0177048713994201,-0.0130182935944905,0.0546355345135667
-0.0215287374539876,-0.0139058435616296,0.0546490955223916
-0.0184548826428351,-0.0130557071766401,0.0548789230934752
-0.021387570187743,-0.0138636332787369,0.0548745500404871
-0.0256256644195522,-0.0149972312821386,0.0551339958734046
-0.0237539872425829,-0.0144430499339999,0.0556440867691654
-0.0227677066374311,-0.0141561738434565,0.0552364235759025
-0.0249112410041091,-0.014735332557625,0.05481002444377
-0.0280899215478488,-0.0155170271916055,0.0540420823386406
-0.0274614281540916,-0.0154300065412885,0.0542296973096885
-0.0223299917875036,-0.0139942989124552,0.0536101441483751
-0.0218922102801456,-0.013871879022502,0.0537008116780204
-0.0187721064123539,-0.0130116075604228,0.0531213988901335
-0.0189014719823818,-0.0129437391232791,0.0534563980863856
-0.0174725232483262,-0.012665091178867,0.0533578232151662
-0.0196488412853803,-0.0133505421720303,0.0543152601229827
-0.0172259721490359,-0.0127682483252948,0.0544704766620864
-0.0161746838802822,-0.012145323612892,0.0547774107918826
-0.0185499855720643,-0.0127091909887678,0.0548593279764683
-0.0144175790855179,-0.0116361517057246,0.0549550090561301
-0.015975598044299,-0.0119279497411249,0.0551632411008646
-0.0188633351424003,-0.0126931243545819,0.0550034917216373
-0.0208594785984541,-0.0131468141318508,0.0547753131382734
-0.0225816108352149,-0.0139115980129283,0.0541738788510681
-0.0153966656389378,-0.0121545927569166,0.0538049365832001
-0.013283312496324,-0.0116392038505801,0.0541132763575992
-0.0135939229674987,-0.0115832903496704,0.0549452907837106
-0.0146029497660906,-0.0117946512811566,0.0548737212921836
-0.0189640729120866,-0.0130700156054527,0.0548367602550313
-0.0149537683616258,-0.0119368117753423,0.0539160242233488
-0.0177825865042102,-0.0126962937938013,0.0534221211800272
-0.0168087736046846,-0.0126696121575733,0.0530071027348097
-0.0182845413084196,-0.0130509908882445,0.0530212732210652
-0.0251624525945517,-0.0148056376252718,0.0529262281224875
-0.0265622086540622,-0.015008506655116,0.0533924778297921
-0.0290973292147023,-0.0155852797489824,0.0535320530085809
-0.0275207443677929,-0.0152591306622113,0.0535840923871757
-0.0334664512048524,-0.0163851196415068,0.0538141246105454
-0.0353480261744978,-0.0167252824649976,0.0536845091015276
-0.0354307903869228,-0.0166995293165347,0.0547330038463561
-0.0321723464005695,-0.0160725646734052,0.0550717922129194
-0.0332270626795135,-0.0164462322912958,0.0544363078103631
-0.0285699354986437,-0.0151516942076962,0.054641033822671
-0.0280727272155344,-0.0152639363804048,0.0543544715650122
-0.0278953790904835,-0.01514234949331,0.0549695290097352
-0.0315914739081781,-0.0161450880661659,0.0548991679786425
-0.0339527429803322,-0.0168835113553454,0.0544347716325579
-0.0319517362179938,-0.01630557917015,0.0545797637175214
-0.0319702818234299,-0.0163127766055276,0.0542171575409325
-0.030677190028557,-0.0162845193508177,0.055552748240366
-0.0296368426657562,-0.0160736215119492,0.0561629189476001
-0.0314037820393233,-0.0165147016650572,0.0557981498128348
-0.0302231894104088,-0.0164306988387392,0.0560284297866133
-0.0362787508042741,-0.0179560205467398,0.0557196139783062
-0.0359146404417324,-0.0178945689309376,0.0562437388489897
-0.0349367756461454,-0.0177119082888202,0.0562411022932589
-0.0392599190088448,-0.0185316410666169,0.056507470016646
-0.0386095129216789,-0.018363565166379,0.0564715468196811
-0.0381480419692379,-0.0183719989231027,0.0570322023500063
-0.0402121098443004,-0.0188547024693116,0.0570136650113175
-0.03522260493434,-0.0177554963852842,0.0574203785200895
-0.0388155969047201,-0.0183631033156905,0.0580568332005865
-0.0400130929619382,-0.0188038150957515,0.057687218763291
-0.0364973864372319,-0.0182667281123796,0.0576141118712046
-0.0368487559853821,-0.0182117928501418,0.0583120955675194
-0.0353218588211038,-0.0179450494978691,0.0587141903603923
-0.0367473806392091,-0.0185071101100199,0.0582245760441859
-0.0355177813215264,-0.0183016002327195,0.0588565928029145
-0.0375644221133951,-0.0188160004461575,0.0578375263431139
-0.0325692113993681,-0.0175926888165173,0.0576732887176207
-0.0340477834073401,-0.0181543946011701,0.0581470930979676
-0.0336138733792434,-0.0180377411507742,0.0583736132185106
-0.0308796450403873,-0.0174086536561329,0.0585756384271762
-0.0293014694644413,-0.0171182320086326,0.0584447328843743
-0.0324319874249515,-0.0178580946610952,0.0584219644609526
-0.0292873113575332,-0.0170133965026237,0.0589381147539756
-0.0319920078276655,-0.017782185503713,0.0591047306783544
-0.0348346367098029,-0.0183795685295984,0.0584946201025449
-0.0349751626257788,-0.0183203424479226,0.0591636746970758
-0.0356675406116569,-0.0182851059085712,0.0589037544598195
-0.0347212601332968,-0.0177762029838077,0.0594668340821867
-0.0384558889322694,-0.0189401421348028,0.0598579964508217
-0.04479878005432,-0.0203513081630027,0.0598301404271546
-0.0463666522651524,-0.0205389341406021,0.0597001744050788
-0.0441479618958823,-0.0199699517178507,0.0596023287011743
-0.0393273610715102,-0.0188225939290935,0.0600518125265662
-0.0431978790631734,-0.0199077943942678,0.0589523853685227
-0.0428566675279706,-0.0200452223775434,0.0585531482768425
-0.0411201732924959,-0.0197255698675422,0.0586440820762897
-0.0470333309278526,-0.0209318599459754,0.05883727617768
-0.0530980551220145,-0.0218470797760829,0.0588827249149413
-0.0527984119336222,-0.0219893201527914,0.059121230147709
-0.0525563533345894,-0.0218689694337624,0.0584422402901972
-0.052498479218492,-0.0220019506079942,0.0588825002336527
-0.0525718358643836,-0.0219242463685298,0.0597210945216508
-0.0534241860137266,-0.0223107442329621,0.0593473014259343
-0.0510169019048832,-0.0219558978222841,0.0591195512359214
-0.050972247400028,-0.0218965698725416,0.0589017223058567
-0.0547835585458166,-0.0228364994761876,0.0592442644710266
-0.0511467191012263,-0.0220968696291643,0.0589334004025108
-0.0530175247038882,-0.0222241404901236,0.0590915793549631
-0.048647279957042,-0.0215963032398412,0.0582370467222879
-0.0469857225265596,-0.0212005035558386,0.0585388042875136
-0.0504652467988094,-0.0220073859561953,0.0589134538518506
-0.0462321397469786,-0.0209467664359708,0.0593248662946596
-0.0424033452938572,-0.0198757247863253,0.0594385289043807
-0.0436713352955941,-0.0198457643051412,0.0594517685866546
-0.0554558102320059,-0.0222883964550842,0.0596972244082183
-0.0518711958546136,-0.0212682398110958,0.0593991946236092
-0.0523664714990516,-0.0211124675428165,0.0588149083043232
-0.0532591034601852,-0.0215693917563642,0.0590225386753096
-0.0545530873005641,-0.021963813984036,0.0585992321451637
-0.0552160700561526,-0.0219938572351062,0.0583852429255135
-0.0569761480887004,-0.0221929305544092,0.0587878875197346
-0.0516152040817646,-0.0212963596054583,0.0582335945331616
-0.0516370152285328,-0.0212729959915411,0.0581849420435756
-0.0562196934091523,-0.0221862186267303,0.0579288579656535
-0.056057311581387,-0.0224116367008089,0.0579055673383466
-0.0586495369074487,-0.0227553719500727,0.0577750078850296
-0.0654549146955031,-0.0239095353598613,0.0582318336967143
-0.0651465740198475,-0.0238265310526915,0.0578919279618897
-0.0642978846557975,-0.0236443051231841,0.0574531491584107
-0.0669446292591067,-0.0240423139819369,0.0568458127587688
-0.0712290447428263,-0.0244300934619313,0.0577256810063601
-0.0751168947859169,-0.0247799246037538,0.0582792727110869
-0.0711189335521139,-0.024066745243568,0.0585259996335637
-0.0676910793323822,-0.0234528400100822,0.0585674932377425
-0.0729649659643173,-0.0242828264701778,0.0578760295810921
-0.0785193184849183,-0.025132417689572,0.0574722749662826
-0.081228653543138,-0.0254333850618763,0.0566668018492403
-0.0846892049816809,-0.0260333519694773,0.0567192388762571
-0.091967544398479,-0.0270047999649857,0.0571268384605527
-0.0885442443612178,-0.0263700986765015,0.057501198128299
-0.0911057830236548,-0.0268751338444541,0.0571569077210006
-0.0913901125295189,-0.0269912193519589,0.0573177912941506
-0.0976257496517184,-0.0279828075353669,0.0576415976105133
-0.101001359324088,-0.0279796020300334,0.0576841993922893
-0.0996041873973136,-0.0275136514680781,0.0584030695400909
-0.0959090785823315,-0.0268235861024705,0.0586634243332314
-0.0982908612575792,-0.0272005471698453,0.0584276965445596
-0.0959161291238078,-0.0267876556452396,0.0587427271416228
-0.0963544414578983,-0.0267883211576234,0.0589489848351577
-0.0965040246933195,-0.0266146869690542,0.0584530462125001
-0.0950568856767573,-0.0264340712755159,0.0589079958536359
-0.102721715009681,-0.0275353934078624,0.0586650828914411
-0.0938849203710697,-0.0261611674884366,0.0585782894787263
-0.0998225398259104,-0.0269412808353875,0.0578385972581956
-0.0987110497286817,-0.026767820513309,0.0579181825174672
-0.0948269647912842,-0.0261645010389715,0.0585623125912095
-0.0916098765408131,-0.0257071146171868,0.0586329501758512
-0.0856500583851807,-0.0247482998681011,0.0583768976129779
-0.092286083192138,-0.0258564035291458,0.0584000554250456
-0.089935961702179,-0.0256703074985625,0.0576045070154747
-0.0901731210931196,-0.0257809170463938,0.0582434319080126
-0.0829708313015579,-0.0248297454150467,0.0577255931400923
-0.085957547286816,-0.025151607508109,0.0574635339569156
-0.0881347219055404,-0.0256445443106838,0.0573221846845817
-0.0875726806440725,-0.0256931100765873,0.057173836646281
-0.0819845848333172,-0.0247382171241047,0.0567909934715973
-0.0778090070998823,-0.0239151654880734,0.0555019235470198
-0.0748170936167855,-0.0233269533966798,0.055414930964337
-0.0699120919228266,-0.0224812884244509,0.0557757167180229
-0.0647377679544392,-0.0217928840625372,0.0562503958435314
-0.0583912552025902,-0.0206454589856297,0.056106695354534
-0.0597271900595254,-0.021012684612152,0.0551696153836654
-0.0631652298120344,-0.0215894033116432,0.0555537463108272
-0.0587856242377607,-0.0209228862673729,0.056353970496461
-0.0583448928778867,-0.0210164994437647,0.0568208889345973
-0.0547521363547757,-0.0204682175119556,0.056930040384978
-0.0666334931111902,-0.0228802540079371,0.0574002155758962
-0.0583355450777959,-0.0213952053220187,0.0578622122356492
-0.0552997173385126,-0.0209933755118908,0.057174454646635
-0.0584482773380539,-0.02170796768222,0.0577355352871986
-0.05569383153367,-0.0212438204478761,0.0581607525197888
-0.0541558845114883,-0.0210350590840134,0.058724668156478
-0.0583506628691471,-0.0218010542455787,0.0584481605340833
-0.060132994641362,-0.0221399121897855,0.0580251787512448
-0.0572618134812974,-0.0215930625683964,0.0577765339904705
-0.0568380171211296,-0.021569460996306,0.0581055640941498
-0.0580557970445449,-0.0218330422052229,0.0582402559162339
-0.0503956963944843,-0.020361997395412,0.0586251390922538
-0.0532144248168058,-0.0209345323898921,0.058574703202657
-0.052378153615361,-0.02080436285595,0.058241284991999
-0.0455994451328324,-0.019609020293327,0.0586712227564646
-0.0412825432452401,-0.0186903067618551,0.0592586675962897
-0.0397789818866486,-0.0184734746302028,0.0589137285878384
-0.040866508223325,-0.0187700414129569,0.0578943274621483
-0.037773995933861,-0.0180799834529067,0.0566141287054625
-0.0345463380003294,-0.0173924182986998,0.0565303450830865
-0.0364125561809622,-0.0178477739615041,0.0564779365363905
-0.0374127669392258,-0.0180849025451533,0.0562734647079066
-0.0349249688451308,-0.0175389452165887,0.0563517464740682
-0.0352049507960787,-0.0176410187032989,0.0558606732070377
-0.0351843010234452,-0.0176763570529027,0.0556263426461364
-0.0332575003729297,-0.0172482216433012,0.0548411143392248
-0.0310576088887579,-0.0167402758849627,0.0541815179027328
-0.0265300957675571,-0.0157084316927082,0.0538851457635902
-0.024564128312056,-0.0152879865051662,0.0543295061438965
-0.027145218988317,-0.0159918693291327,0.0542064239524154
-0.0294911955213257,-0.0165826346539988,0.0541982721342553
-0.029140305677231,-0.0165440280721219,0.054792627821068
-0.02762738122174,-0.0162350401728667,0.0552627204444406
-0.0316376123894583,-0.0172383052412376,0.0545286566229063
-0.0327675340523086,-0.0175436040583761,0.0558126653304882
-0.0346374071529436,-0.0179836481383258,0.0556834162567837
-0.0329051401825464,-0.0176390114622103,0.0559321715222322
-0.0313234214269337,-0.0172965742696634,0.0557547165235583
-0.0312424414605362,-0.0173192350580892,0.0550111493694189
-0.0335374913736885,-0.0178904423716265,0.055792179655822
-0.0334405151671217,-0.0178765909597294,0.056136038128339
-0.0289825750606245,-0.0168316083758056,0.0557591612314662
-0.0285706190127257,-0.0167543386938674,0.0561351211382911
-0.0346238739850663,-0.0182459475117426,0.056336270540839
-0.0354603287407437,-0.0184753960596938,0.0568828753120991
-0.0340376391346318,-0.0181602035524787,0.0565536722913079
-0.0346132675479658,-0.018312788284364,0.0564231111501355
-0.0398233384887042,-0.0195506491999493,0.0564745958490447
-0.0341220513514738,-0.0182301042644474,0.0564423371045035
-0.0310855787943255,-0.0175070488510983,0.0559925371177861
-0.0345573474981334,-0.0183628139018565,0.0565648089871394
-0.030381968557325,-0.0173504636781841,0.0565283576837694
-0.0293485346980416,-0.0170971982458854,0.0562414554848816
-0.0311941075568816,-0.0175785380236422,0.0563313825410594
-0.0305997590794595,-0.0174377910957906,0.0570026150502041
-0.0254003718481219,-0.0161088763473326,0.0567558032915221
-0.0273078690027572,-0.016624292937835,0.0571985357136099
-0.0239789693702246,-0.0157237647556198,0.057564761661038
-0.0232206135897781,-0.0155767969023654,0.0573168263402341
-0.023687119076536,-0.0157292239331195,0.057110059133027
-0.0226317749626144,-0.0154812657669354,0.0572245671682909
-0.0267940273991261,-0.0165695052425831,0.0569082139360228
-0.0258122270067801,-0.0163384960810688,0.0567690397372041
-0.0291397695046286,-0.0172051169536464,0.0553930870432066
-0.032901792043396,-0.0181360422811233,0.0550505051015477
-0.0369407334346068,-0.0191725457022885,0.0542153618841727
-0.0363110287149501,-0.0190550387460743,0.0544717108717114
-0.0372071762074481,-0.0192791062222286,0.0552334740373528
-0.0409488982191575,-0.020167775775845,0.0547757089339655
-0.04207300360965,-0.0204596453820578,0.0547520846786632
-0.048081530599849,-0.0218082045300657,0.0548116192848293
-0.0532036813007712,-0.0228853171163767,0.0538409740537385
-0.0519722671069313,-0.0226390623670789,0.0545578042742101
-0.0469867115175777,-0.021582218339955,0.0536218599320085
-0.0475911730286925,-0.0217794662741216,0.0530947605395843
-0.0500829816283052,-0.0223214995226318,0.0523550463527476
-0.0463413816181021,-0.0215481339913934,0.052086785785328
-0.0440819202955514,-0.0210937108469612,0.0517180664755856
-0.0493950353358447,-0.0222809604106296,0.0512760757100608
-0.0467423682334735,-0.0217488009595849,0.0511582897772388
-0.0449884227790425,-0.0213943495444847,0.0507373866300418
-0.0444418690412395,-0.0212825363645826,0.0511304150443129
-0.0479002458552474,-0.0220492186383175,0.0511660943617314
-0.0490610594713908,-0.0223495491717535,0.0512960129425013
-0.0499164410845619,-0.0225224677873447,0.0517896577919016
-0.0481472475324794,-0.0221672069299542,0.0520825520449138
-0.0490374156506665,-0.0223628551558827,0.0523031555404919
-0.0475005986416209,-0.0220907637877984,0.0525265247575488
-0.0477763719076021,-0.0222183562330514,0.0525111161823292
-0.042200702048074,-0.0210313414195954,0.0523824917664661
-0.0447947962424124,-0.0216848774927153,0.0530247095215271
-0.0429211216279311,-0.0213679997831858,0.0525567826574843
-0.0420642116760241,-0.0211766797617728,0.0524273188357529
-0.0432597369647784,-0.0214597344395816,0.0518742602073617
-0.0526044507712657,-0.0235366802548827,0.0526785671799513
-0.0554054491820777,-0.0241435574918108,0.0526746632231927
-0.0559220814625293,-0.0243325104522064,0.0520469896974314
-0.0545751322835641,-0.0241204610423975,0.0517922420636532
-0.0558400744801596,-0.0243755436044849,0.0518384683003529
-0.0518305933687241,-0.0236194565502975,0.0524077205580726
-0.0505412497097428,-0.023361131053442,0.0529045826017753
-0.0532943931812182,-0.0239451519544954,0.0519562159507915
-0.0480844307813274,-0.0229171470007846,0.0525286547567045
-0.0484722100549965,-0.0230800971944189,0.0523468434673262
-0.0434449040148135,-0.0220168551365625,0.0535779259072751
-0.0413615894692584,-0.0216237814952619,0.0541037870823433
-0.0377764064128352,-0.0207944209789112,0.0540924348316114
-0.0411830289577457,-0.0216910023308961,0.0541152463796707
-0.0397941591833454,-0.0215685308002967,0.0544084680046548
-0.0467407674275459,-0.0231141161739531,0.0545897828938886
-0.0414120318720575,-0.02204762036038,0.0544627406960701
-0.0370964729209672,-0.0211890824664971,0.0551372656649543
-0.0394429439173737,-0.0217552306892093,0.0547288660321497
-0.0401475826469353,-0.0219884484602063,0.0548947645418343
-0.0388297904032866,-0.0216746097131777,0.056016343730979
-0.0433822713570102,-0.022751740759665,0.0550098257009886
-0.045977702306585,-0.0233603545991423,0.053886101052687
-0.0450125500332045,-0.0232186543120197,0.0540543076237351
-0.0442895823651576,-0.0231073386330639,0.0538522823601817
-0.0437000022672057,-0.0230609940551549,0.0543447277831206
-0.0426539632133709,-0.0229430538726498,0.0550140331481326
-0.0399214939293178,-0.0223787979186055,0.0546923339572337
-0.0410697768778815,-0.0225774845002938,0.0545303076639417
-0.042147249546796,-0.0228449954239797,0.0550890946608737
-0.0367273606906605,-0.0217497013712707,0.0551900057481789
-0.0334495017592154,-0.0211074197989152,0.0551604196982279
-0.0316122617335684,-0.0207870874539368,0.0558297703820179
-0.0362040644259748,-0.0218807939092862,0.0563374439605119
-0.0347809852956972,-0.0216372713826678,0.0560289124222975
-0.0412174313328168,-0.0230710387303494,0.0561501635614901
-0.0446559128794487,-0.023830949827724,0.0568799371742849
-0.0459965241365665,-0.0241722105140143,0.056944217184047
-0.0531039685128703,-0.0256331445060753,0.0570745877585171
-0.0472871624366927,-0.0245217096014967,0.0566328039429311
-0.0454898903275495,-0.0242116288444658,0.0571078863119668
-0.0424722286029408,-0.0235943396911968,0.0576295562901366
-0.0465106815935976,-0.0244434082425901,0.0572399994951124
-0.0497495955260986,-0.0250862663878719,0.0569498272689093
-0.0483927366570427,-0.0248754156766201,0.0559889535220118
-0.0503701459082677,-0.0252696509917179,0.0558307614054134
-0.0473090100287201,-0.0247071758965722,0.0559759040285202
-0.0517842721260781,-0.02560989584244,0.0562521769523079
-0.0531410045991725,-0.0258984859420104,0.0560392255930586
-0.0590775136597752,-0.0270654902982229,0.0558965995081412
-0.0643479750889175,-0.028008471984722,0.0559449629343364
-0.0660652707646792,-0.0283288048640588,0.0559523172052606
-0.0629160871559784,-0.0277844923215955,0.056272593268558
-0.0605293900215952,-0.0273729149887929,0.0567328936281874
-0.0566531476937034,-0.0266776400774816,0.0558525309388551
-0.0605481743064595,-0.0274073599954601,0.0559190229077026
-0.0575450947476813,-0.0268653026654297,0.0564423034914425
-0.0623892134308888,-0.0277239622940371,0.0559560731473642
-0.0653932195552585,-0.0282556847876221,0.0559764725703277
-0.0659584814227061,-0.0283556900748382,0.0564170895663262
-0.064719451603795,-0.0281304771498379,0.0566118756903851
-0.0587668074551376,-0.02705811332043,0.0565128327429394
-0.0564619492829651,-0.0266139624918661,0.0567695418728474
-0.0595670132150032,-0.0271713297476737,0.0574334730021168
-0.0577415026011224,-0.0268197847408742,0.058117976922793
-0.0600579167268218,-0.0272242023815209,0.0580530030582366
-0.0626458678520025,-0.0276799407591632,0.0584292788881686
-0.0652733384610357,-0.0281366342975213,0.0591149449698567
-0.0663942965619681,-0.0283206669681521,0.0590115509872566
-0.0702351004028247,-0.0289774495578233,0.0587086328798182
-0.070966203527862,-0.029090104682287,0.058332843400032
-0.0664101335339861,-0.0282827926796634,0.0581772921047764
-0.0677832114971745,-0.0285110565494079,0.0584079102211056
-0.070345847089158,-0.0289402991322665,0.0583972213235636
-0.0656142633868931,-0.028102345506498,0.0581144864810623
-0.0723910947257059,-0.0292697929638692,0.0579864497719177
-0.0665930662858783,-0.0282259800025014,0.0576384687164702
-0.0700071385090822,-0.0287987555332063,0.0568287004562234
-0.0733901725131519,-0.0293588719058807,0.057179109913655
-0.0814002683085975,-0.0306692542289647,0.0563044084416929
-0.0900800054756133,-0.0320490578062806,0.0573182655279805
-0.0842789700359014,-0.0311203077204652,0.0579024231108312
-0.0808766353193876,-0.0305219052588113,0.0581710346200777
-0.0743640012782109,-0.0293608527324027,0.0583893939500501
-0.0765195092844597,-0.0297207659065934,0.0581397919574158
-0.0841854614217048,-0.0309077138541981,0.058079655494391
-0.0928859295140073,-0.0322451191137354,0.0580490485645348
-0.0949802466954931,-0.0325249180662768,0.0578453259528201
-0.0995097632673895,-0.0331657649580897,0.0583298969088882
-0.0990342018744511,-0.0330643843629667,0.0578915044967569
-0.0961169108214274,-0.0325504691557914,0.0577191574771527
-0.0932142674308939,-0.0321198765633861,0.0578158576514602
-0.101076900689206,-0.0332489229793209,0.0582309778220268
-0.0974777840295953,-0.0326465849136662,0.0583845605218042
-0.0912691826334323,-0.031687289533148,0.0579198203838861
-0.0959144454573994,-0.0323857501853067,0.057902629997361
-0.0904290293504967,-0.0315147821985735,0.0582169972212606
-0.0805025371019827,-0.0299040888395466,0.058468984618852
-0.0817135903263707,-0.0300259283009044,0.0586347709859266
-0.0848728068364411,-0.0304291896979697,0.0586077315386106
-0.0844523972641771,-0.0302971556549148,0.0586688444917992
-0.0852915170410141,-0.0303679658851912,0.0580136436588669
-0.0901584248083351,-0.031027644709365,0.0577069898844622
-0.0898469319001367,-0.0308900184005428,0.0584805403400327
-0.089498559004045,-0.0309048749927641,0.0579682332265514
-0.0919578615525182,-0.0312537517661087,0.0579190758232218
-0.0871307938055238,-0.030414213075505,0.0581573557304521
-0.0933233389757946,-0.0312641218508385,0.0581937762584059
-0.0848448584703045,-0.0298900318177739,0.0582321155141189
-0.0871340361214288,-0.0302664042450584,0.0592509000836274
-0.0935808884266665,-0.0311010650711278,0.0591819391713232
-0.0906626706957285,-0.030465026153749,0.0587811780214883
-0.0934484950485812,-0.0308052722409229,0.0590017593004282
-0.0935880008644999,-0.0307142830064186,0.0589884432908636
-0.0913669447863405,-0.0303843212820133,0.0585180384245177
-0.0892761084932011,-0.0300148239835273,0.0588204835243266
-0.0921198237578946,-0.0303662334095925,0.0591140564795368
-0.0909425350435731,-0.0301720503333761,0.059544591119197
-0.0944206330379323,-0.0306796407777554,0.0594590700491421
-0.0909659466264048,-0.0300764517328611,0.0592448870624449
-0.101390926337359,-0.0316327833057563,0.0590530151214725
-0.094221204492668,-0.0306661705705376,0.0596409985828703
-0.0972879155877292,-0.0310707149391147,0.0597291756780495
-0.103061491338156,-0.0318673888704886,0.0603363127872198
-0.09384046524587,-0.0303016849947932,0.0598227082439071
-0.0997495672479201,-0.0312198481449806,0.0595516687584273
-0.0986478850790832,-0.031193057957634,0.059882583356788
-0.109321358865326,-0.0326793871968023,0.0595733652025382
-0.114378903319003,-0.0331575767101734,0.0593216828840411
-0.109229717631329,-0.0323417182911689,0.0587189772194025
-0.0998371354645669,-0.0307140795844108,0.0588898676039858
-0.109523895061188,-0.0319594850925395,0.0586954893406829
-0.112690521560902,-0.0322843811495193,0.0581408119523
-0.108788603489936,-0.0317123100102895,0.058350734375875
-0.114892781355427,-0.0323048498437315,0.0585822543677089
-0.112823186932073,-0.0317780598177915,0.0582965908240658
-0.110275036232632,-0.0313816007462825,0.0583771825126089
-0.105567078617867,-0.0304778818124994,0.0588350617440034
-0.105781977803421,-0.0302510789562157,0.0595596291322953
-0.102386733102433,-0.029653618123033,0.0597760221019797
-0.101269224240772,-0.0290969861839166,0.059947245876245
-0.103091641562437,-0.0294219774721534,0.0600677022846937
-0.111921664017989,-0.0305080275308525,0.0603853085333618
-0.112793881210433,-0.0304923606745543,0.0608118785264302
-0.11697065568848,-0.0309605378259914,0.0613662629980932
-0.120567781815265,-0.0311918595826536,0.061283497945413
-0.121262951585516,-0.0313750144833107,0.0610177366453839
-0.118828827418048,-0.030919332108842,0.0605793119334075
-0.124190307872587,-0.0315319921890379,0.0607890573203659
-0.128003156517305,-0.0319127393640692,0.0614510012950833
-0.126504525527501,-0.0315260390786279,0.0615961604925761
-0.129785773608127,-0.0318384633503548,0.0623105616646252
-0.131658885533975,-0.0320302447136858,0.0626139636976984
-0.130951473899376,-0.031537387090263,0.0624512988381851
-0.127448603745244,-0.0308568106585759,0.062504521836318
-0.129049421008932,-0.0309665767594644,0.0623270170108001
-0.138129377412022,-0.031675183249875,0.0626241058323168
-0.141326131575869,-0.0317241377151478,0.0628501765290782
-0.144521564898807,-0.0319284318792399,0.0627494732705509
-0.152508014778386,-0.0326562301226151,0.0626566570689581
-0.159089471322418,-0.0330030124473591,0.062975408858256
-0.152083575300321,-0.0314599570176464,0.0629003593522811
-0.158832876889996,-0.0316259810022052,0.063280093835066
-0.15547439878548,-0.0311842117323067,0.0630687893504757
-0.1611324277757,-0.0314429696871495,0.0628666230529273
-0.158967501949719,-0.0307596073056833,0.0628256830172322
-0.170762362605205,-0.0316793777890131,0.0625776967059284
-0.164224420145851,-0.0305547259122737,0.0620294107871635
-0.166533028951413,-0.0303664633217104,0.0625505789724235
-0.15999301848186,-0.0290467173815934,0.0617381476672268
-0.174043167651014,-0.0299826922734822,0.0614497813185762
-0.178227627974948,-0.0299667906204026,0.0618643532464871
-0.183152684220147,-0.0300591184955019,0.0614159071008717
-0.186753255990207,-0.0297352926687621,0.0611863410327177
-0.189557701491319,-0.0297318665803719,0.0617883501136929
-0.183723439164263,-0.0287466978432778,0.0613818990094472
-0.182041838697752,-0.0280678313601019,0.061394415518322
-0.174756837843889,-0.0268611796125709,0.0615434917056385
-0.176773960354688,-0.0261973777569846,0.0613999232395338
-0.179477416490195,-0.0260987361672369,0.0612821862768987
-0.175740360941067,-0.0251571126239828,0.0608105500104191
-0.183473207779571,-0.026169166184504,0.0613359191224708
-0.181374349070889,-0.0257826258208599,0.0618841062651623
-0.180935469604718,-0.0250553792567994,0.0619485725401219
-0.176247854556142,-0.0241664108957528,0.0616521926764221
-0.184095117218958,-0.0243694266689529,0.0618054058512012
-0.184646561203902,-0.0243518327650668,0.0615995290740877
-0.193224184520999,-0.0248121678049469,0.0616978553358351
-0.202917434892064,-0.025216244109192,0.0615835710106434
-0.196105800523788,-0.0239539783220611,0.0614627645559877
-0.180201600207572,-0.0218685547078545,0.0613609621336857
-0.184418007351883,-0.022717324847437,0.0609677811336672
-0.192415583123414,-0.0230880879567951,0.0605372205579337
-0.195540544071907,-0.0226523281964827,0.0603558259742806
-0.197549545672724,-0.0225283903745776,0.0601425389777512
-0.202350292658803,-0.0226275809055511,0.0605937796976531
