-0.1625,0,0,0,-0.1625,0,-0.0407106929903435,-0.0814213859806869,-2
-0.1625,0,0,0,-0.1625,0,-0.040832706121224,-0.081665412242448,-2
-0.1625,0,0,0,-0.1625,0,-0.0407168613553275,-0.0814337227106551,-2
-0.1625,0,0,0,-0.1625,0,-0.0405527004615273,-0.0811054009230546,-2
-0.1625,0,0,0,-0.1625,0,-0.0406739466940189,-0.0813478933880379,-2
-0.1625,0,0,0,-0.1625,0,-0.0406093644029695,-0.0812187288059389,-2
-0.1625,0,0,0,-0.1625,0,-0.0407090133462069,-0.0814180266924138,-2
-0.1625,0,0,0,-0.1625,0,-0.0405801936155943,-0.0811603872311886,-2
-0.1625,0,0,0,-0.1625,0,-0.0404441458130088,-0.0808882916260177,-2
-0.1625,0,0,0,-0.1625,0,-0.0405457590559285,-0.0810915181118571,-2
-0.1625,0,0,0,-0.1625,0,-0.0407135794872181,-0.0814271589744363,-2
-0.1625,0,0,0,-0.1625,0,-0.0408926875141471,-0.0817853750282942,-2
-0.1625,0,0,0,-0.1625,0,-0.0407401810045748,-0.0814803620091496,-2
-0.1625,0,0,0,-0.1625,0,-0.0409041846825792,-0.0818083693651584,-2
-0.1625,0,0,0,-0.1625,0,-0.0408903521156181,-0.0817807042312362,-2
-0.1625,0,0,0,-0.1625,0,-0.0408513866749304,-0.0817027733498608,-2
-0.1625,0,0,0,-0.1625,0,-0.0405751367219834,-0.0811502734439667,-2
-0.1625,0,0,0,-0.1625,0,-0.0407230825870915,-0.0814461651741829,-2
-0.1625,0,0,0,-0.1625,0,-0.0407973457866553,-0.0815946915733106,-2
-0.1625,0,0,0,-0.1625,0,-0.0408307983475144,-0.0816615966950288,-2
-0.1625,0,0,0,-0.1625,0,-0.0408253606797656,-0.0816507213595312,-2
-0.1625,0,0,0,-0.1625,0,-0.0407275988564999,-0.0814551977129999,-2
-0.1625,0,0,0,-0.1625,0,-0.0407754067879311,-0.0815508135758621,-2
-0.1625,0,0,0,-0.1625,0,-0.0408709701790899,-0.0817419403581798,-2
-0.1625,0,0,0,-0.1625,0,-0.0407709895402203,-0.0815419790804405,-2
-0.1625,0,0,0,-0.1625,0,-0.0407525566634313,-0.0815051133268625,-2
-0.1625,0,0,0,-0.1625,0,-0.0407976206532242,-0.0815952413064484,-2
-0.1625,0,0,0,-0.1625,0,-0.040722618409058,-0.081445236818116,-2
-0.1625,0,0,0,-0.1625,0,-0.0407721838045715,-0.081544367609143,-2
-0.1625,0,0,0,-0.1625,0,-0.0406844665847185,-0.081368933169437,-2
-0.1625,0,0,0,-0.1625,0,-0.0409803357785871,-0.0819606715571743,-2
-0.1625,0,0,0,-0.1625,0,-0.0410024237544804,-0.0820048475089608,-2
-0.1625,0,0,0,-0.1625,0,-0.0409954746581617,-0.0819909493163234,-2
-0.1625,0,0,0,-0.1625,0,-0.0411227549937906,-0.0822455099875813,-2
-0.1625,0,0,0,-0.1625,0,-0.0411192206380413,-0.0822384412760825,-2
-0.1625,0,0,0,-0.1625,0,-0.0410116633688155,-0.082023326737631,-2
-0.1625,0,0,0,-0.1625,0,-0.0410686803619084,-0.0821373607238168,-2
-0.1625,0,0,0,-0.1625,0,-0.0409248979745557,-0.0818497959491114,-2
-0.1625,0,0,0,-0.1625,0,-0.0408491039191872,-0.0816982078383743,-2
-0.1625,0,0,0,-0.1625,0,-0.0410553380535102,-0.0821106761070205,-2
-0.1625,0,0,0,-0.1625,0,-0.0410444849138496,-0.0820889698276992,-2
-0.1625,0,0,0,-0.1625,0,-0.0409212095020703,-0.0818424190041407,-2
-0.1625,0,0,0,-0.1625,0,-0.0409592534158315,-0.081918506831663,-2
-0.1625,0,0,0,-0.1625,0,-0.0409972724560448,-0.0819945449120896,-2
-0.1625,0,0,0,-0.1625,0,-0.0411210726599883,-0.0822421453199766,-2
-0.1625,0,0,0,-0.1625,0,-0.0410514396053767,-0.0821028792107534,-2
-0.1625,0,0,0,-0.1625,0,-0.0412195539197061,-0.0824391078394123,-2
-0.1625,0,0,0,-0.1625,0,-0.0413271778087898,-0.0826543556175796,-2
-0.1625,0,0,0,-0.1625,0,-0.0413213319014091,-0.0826426638028182,-2
-0.1625,0,0,0,-0.1625,0,-0.0414178664728699,-0.0828357329457399,-2
-0.1625,0,0,0,-0.1625,0,-0.0412989497081831,-0.0825978994163662,-2
-0.1625,0,0,0,-0.1625,0,-0.0412667648831704,-0.0825335297663407,-2
-0.1625,0,0,0,-0.1625,0,-0.0412825904951044,-0.0825651809902088,-2
-0.1625,0,0,0,-0.1625,0,-0.0411508189074585,-0.082301637814917,-2
-0.1625,0,0,0,-0.1625,0,-0.0412535345948634,-0.0825070691897268,-2
-0.1625,0,0,0,-0.1625,0,-0.0415339730936728,-0.0830679461873455,-2
-0.1625,0,0,0,-0.1625,0,-0.0414709445104579,-0.0829418890209158,-2
-0.1625,0,0,0,-0.1625,0,-0.0413933391734708,-0.0827866783469416,-2
-0.1625,0,0,0,-0.1625,0,-0.0412246051869888,-0.0824492103739776,-2
-0.1625,0,0,0,-0.1625,0,-0.0411300224019849,-0.0822600448039697,-2
-0.1625,0,0,0,-0.1625,0,-0.0410882304864087,-0.0821764609728173,-2
-0.1625,0,0,0,-0.1625,0,-0.0412290807057123,-0.0824581614114246,-2
-0.1625,0,0,0,-0.1625,0,-0.0412990427709652,-0.0825980855419304,-2
-0.1625,0,0,0,-0.1625,0,-0.0412329079893438,-0.0824658159786876,-2
-0.1625,0,0,0,-0.1625,0,-0.0412193125751578,-0.0824386251503156,-2
-0.1625,0,0,0,-0.1625,0,-0.0411886507760778,-0.0823773015521557,-2
-0.1625,0,0,0,-0.1625,0,-0.0411555034080878,-0.0823110068161756,-2
-0.1625,0,0,0,-0.1625,0,-0.0414327336951296,-0.0828654673902591,-2
-0.1625,0,0,0,-0.1625,0,-0.0412833367688083,-0.0825666735376167,-2
-0.1625,0,0,0,-0.1625,0,-0.0413964159509332,-0.0827928319018664,-2
-0.1625,0,0,0,-0.1625,0,-0.0415327052778398,-0.0830654105556795,-2
-0.1625,0,0,0,-0.1625,0,-0.0413884458413881,-0.0827768916827762,-2
-0.1625,0,0,0,-0.1625,0,-0.0414343728562262,-0.0828687457124525,-2
-0.1625,0,0,0,-0.1625,0,-0.0413618730558256,-0.0827237461116513,-2
-0.1625,0,0,0,-0.1625,0,-0.0412656253634593,-0.0825312507269186,-2
-0.1625,0,0,0,-0.1625,0,-0.041417697622959,-0.082835395245918,-2
-0.1625,0,0,0,-0.1625,0,-0.0413414978721457,-0.0826829957442915,-2
-0.1625,0,0,0,-0.1625,0,-0.0415479485965808,-0.0830958971931617,-2
-0.1625,0,0,0,-0.1625,0,-0.0415846131329077,-0.0831692262658154,-2
-0.1625,0,0,0,-0.1625,0,-0.0414518566893157,-0.0829037133786314,-2
-0.1625,0,0,0,-0.1625,0,-0.0413347623579949,-0.0826695247159898,-2
-0.1625,0,0,0,-0.1625,0,-0.0414095349044681,-0.0828190698089362,-2
-0.1625,0,0,0,-0.1625,0,-0.0413891802048088,-0.0827783604096176,-2
-0.1625,0,0,0,-0.1625,0,-0.0414392606137483,-0.0828785212274966,-2
-0.1625,0,0,0,-0.1625,0,-0.0415829185936472,-0.0831658371872944,-2
-0.1625,0,0,0,-0.1625,0,-0.0414640785705831,-0.0829281571411662,-2
-0.1625,0,0,0,-0.1625,0,-0.0414171983486773,-0.0828343966973546,-2
-0.1625,0,0,0,-0.1625,0,-0.0413690059301872,-0.0827380118603744,-2
-0.1625,0,0,0,-0.1625,0,-0.0412982487816981,-0.0825964975633961,-2
-0.1625,0,0,0,-0.1625,0,-0.0411399973317266,-0.0822799946634533,-2
-0.1625,0,0,0,-0.1625,0,-0.0412991269374843,-0.0825982538749687,-2
-0.1625,0,0,0,-0.1625,0,-0.0412731787298243,-0.0825463574596487,-2
-0.1625,0,0,0,-0.1625,0,-0.0412397763504331,-0.0824795527008663,-2
-0.1625,0,0,0,-0.1625,0,-0.0413531723949732,-0.0827063447899465,-2
-0.1625,0,0,0,-0.1625,0,-0.041521076264186,-0.0830421525283719,-2
-0.1625,0,0,0,-0.1625,0,-0.0414693520899205,-0.0829387041798409,-2
-0.1625,0,0,0,-0.1625,0,-0.041301946517839,-0.0826038930356781,-2
-0.1625,0,0,0,-0.1625,0,-0.0412666806443289,-0.0825333612886578,-2
-0.1625,0,0,0,-0.1625,0,-0.0414124774334221,-0.0828249548668442,-2
-0.1625,0,0,0,-0.1625,0,-0.041388634835228,-0.082777269670456,-2
-0.1625,0,0,0,-0.1625,0,-0.0413076465560175,-0.0826152931120349,-2
-0.1625,0,0,0,-0.1625,0,-0.0413937657066359,-0.0827875314132717,-2
-0.1625,0,0,0,-0.1625,0,-0.0415132789494022,-0.0830265578988043,-2
-0.1625,0,0,0,-0.1625,0,-0.0415304228391256,-0.0830608456782512,-2
-0.1625,0,0,0,-0.1625,0,-0.0417635138206687,-0.0835270276413374,-2
-0.1625,0,0,0,-0.1625,0,-0.0416882284967974,-0.0833764569935948,-2
-0.1625,0,0,0,-0.1625,0,-0.0415527166251753,-0.0831054332503507,-2
-0.1625,0,0,0,-0.1625,0,-0.0415988165368419,-0.0831976330736839,-2
-0.1625,0,0,0,-0.1625,0,-0.0416532266752922,-0.0833064533505845,-2
-0.1625,0,0,0,-0.1625,0,-0.0414408420591275,-0.0828816841182549,-2
-0.1625,0,0,0,-0.1625,0,-0.0416226595276318,-0.0832453190552637,-2
-0.1625,0,0,0,-0.1625,0,-0.0414586742970862,-0.0829173485941723,-2
-0.1625,0,0,0,-0.1625,0,-0.0413448106552582,-0.0826896213105163,-2
-0.1625,0,0,0,-0.1625,0,-0.0415867912228701,-0.0831735824457402,-2
-0.1625,0,0,0,-0.1625,0,-0.0416447115812308,-0.0832894231624615,-2
-0.1625,0,0,0,-0.1625,0,-0.0416013599679503,-0.0832027199359005,-2
-0.1625,0,0,0,-0.1625,0,-0.041382822740767,-0.0827656454815339,-2
-0.1625,0,0,0,-0.1625,0,-0.0412370979291855,-0.0824741958583711,-2
-0.1625,0,0,0,-0.1625,0,-0.0412013140131203,-0.0824026280262405,-2
-0.1625,0,0,0,-0.1625,0,-0.0411384005096423,-0.0822768010192846,-2
-0.1625,0,0,0,-0.1625,0,-0.0410222327015971,-0.0820444654031941,-2
-0.1625,0,0,0,-0.1625,0,-0.0411794428891778,-0.0823588857783557,-2
-0.1625,0,0,0,-0.1625,0,-0.041271143275824,-0.082542286551648,-2
-0.1625,0,0,0,-0.1625,0,-0.0413556855830578,-0.0827113711661155,-2
-0.1625,0,0,0,-0.1625,0,-0.0416016688019302,-0.0832033376038605,-2
-0.1625,0,0,0,-0.1625,0,-0.041641991000706,-0.0832839820014121,-2
-0.1625,0,0,0,-0.1625,0,-0.0415000479522584,-0.0830000959045169,-2
-0.1625,0,0,0,-0.1625,0,-0.0414430927784137,-0.0828861855568273,-2
-0.1625,0,0,0,-0.1625,0,-0.0413706389241491,-0.0827412778482981,-2
-0.1625,0,0,0,-0.1625,0,-0.0414271063206771,-0.0828542126413542,-2
-0.1625,0,0,0,-0.1625,0,-0.0414137685298621,-0.0828275370597241,-2
-0.1625,0,0,0,-0.1625,0,-0.0412702588214035,-0.082540517642807,-2
-0.1625,0,0,0,-0.1625,0,-0.0411335069386237,-0.0822670138772475,-2
-0.1625,0,0,0,-0.1625,0,-0.0411600460272427,-0.0823200920544854,-2
-0.1625,0,0,0,-0.1625,0,-0.0411601811123158,-0.0823203622246315,-2
-0.1625,0,0,0,-0.1625,0,-0.0410489330557766,-0.0820978661115532,-2
-0.1625,0,0,0,-0.1625,0,-0.0411796340538959,-0.0823592681077919,-2
-0.1625,0,0,0,-0.1625,0,-0.0411156554136711,-0.0822313108273422,-2
-0.1625,0,0,0,-0.1625,0,-0.0411855202694876,-0.0823710405389752,-2
-0.1625,0,0,0,-0.1625,0,-0.0411624942828437,-0.0823249885656873,-2
-0.1625,0,0,0,-0.1625,0,-0.0410539706236807,-0.0821079412473613,-2
-0.1625,0,0,0,-0.1625,0,-0.0408327945433231,-0.0816655890866461,-2
-0.1625,0,0,0,-0.1625,0,-0.0407723732034578,-0.0815447464069156,-2
-0.1625,0,0,0,-0.1625,0,-0.0408894611065734,-0.0817789222131468,-2
-0.1625,0,0,0,-0.1625,0,-0.0407769768980349,-0.0815539537960698,-2
-0.1625,0,0,0,-0.1625,0,-0.0408904184256306,-0.0817808368512612,-2
-0.1625,0,0,0,-0.1625,0,-0.0411585674284547,-0.0823171348569094,-2
-0.1625,0,0,0,-0.1625,0,-0.0411806328007915,-0.082361265601583,-2
-0.1625,0,0,0,-0.1625,0,-0.0411681199183056,-0.0823362398366112,-2
-0.1625,0,0,0,-0.1625,0,-0.0410553102939662,-0.0821106205879324,-2
-0.1625,0,0,0,-0.1625,0,-0.0409835567545787,-0.0819671135091575,-2
-0.1625,0,0,0,-0.1625,0,-0.0409431190407812,-0.0818862380815623,-2
-0.1625,0,0,0,-0.1625,0,-0.0406599077865149,-0.0813198155730298,-2
-0.1625,0,0,0,-0.1625,0,-0.0406203229643231,-0.0812406459286463,-2
-0.1625,0,0,0,-0.1625,0,-0.0407397465442396,-0.0814794930884793,-2
-0.1625,0,0,0,-0.1625,0,-0.0407228505188565,-0.081445701037713,-2
-0.1625,0,0,0,-0.1625,0,-0.0407386856796757,-0.0814773713593514,-2
-0.1625,0,0,0,-0.1625,0,-0.0408412001719938,-0.0816824003439876,-2
-0.1625,0,0,0,-0.1625,0,-0.0408375601782662,-0.0816751203565325,-2
-0.1625,0,0,0,-0.1625,0,-0.0407474910230772,-0.0814949820461543,-2
-0.1625,0,0,0,-0.1625,0,-0.040850539352387,-0.081701078704774,-2
-0.1625,0,0,0,-0.1625,0,-0.0406186806632972,-0.0812373613265943,-2
-0.1625,0,0,0,-0.1625,0,-0.0406673758086525,-0.081334751617305,-2
-0.1625,0,0,0,-0.1625,0,-0.0405921969512997,-0.0811843939025993,-2
-0.1625,0,0,0,-0.1625,0,-0.040583762487826,-0.081167524975652,-2
-0.1625,0,0,0,-0.1625,0,-0.0405518419276882,-0.0811036838553764,-2
-0.1625,0,0,0,-0.1625,0,-0.040653722095711,-0.0813074441914221,-2
-0.1625,0,0,0,-0.1625,0,-0.040627577060242,-0.081255154120484,-2
-0.1625,0,0,0,-0.1625,0,-0.0408462060891524,-0.0816924121783048,-2
-0.1625,0,0,0,-0.1625,0,-0.040841535839092,-0.081683071678184,-2
-0.1625,0,0,0,-0.1625,0,-0.0407895638231187,-0.0815791276462374,-2
-0.1625,0,0,0,-0.1625,0,-0.0406562272265973,-0.0813124544531946,-2
-0.1625,0,0,0,-0.1625,0,-0.0407619662643773,-0.0815239325287545,-2
-0.1625,0,0,0,-0.1625,0,-0.0408430997503086,-0.0816861995006172,-2
-0.1625,0,0,0,-0.1625,0,-0.0410677390288378,-0.0821354780576757,-2
-0.1625,0,0,0,-0.1625,0,-0.040889683221203,-0.081779366442406,-2
-0.1625,0,0,0,-0.1625,0,-0.0409764645234437,-0.0819529290468874,-2
-0.1625,0,0,0,-0.1625,0,-0.0409598682525141,-0.0819197365050282,-2
-0.1625,0,0,0,-0.1625,0,-0.0409131314354254,-0.0818262628708507,-2
-0.1625,0,0,0,-0.1625,0,-0.0410675367553862,-0.0821350735107723,-2
-0.1625,0,0,0,-0.1625,0,-0.0409417026089744,-0.0818834052179487,-2
-0.1625,0,0,0,-0.1625,0,-0.0410923405672906,-0.0821846811345813,-2
-0.1625,0,0,0,-0.1625,0,-0.0411093446842577,-0.0822186893685154,-2
-0.1625,0,0,0,-0.1625,0,-0.0408934423607977,-0.0817868847215953,-2
-0.1625,0,0,0,-0.1625,0,-0.0410168600235915,-0.0820337200471829,-2
-0.1625,0,0,0,-0.1625,0,-0.0409110128015527,-0.0818220256031054,-2
-0.1625,0,0,0,-0.1625,0,-0.0409929471189211,-0.0819858942378422,-2
-0.1625,0,0,0,-0.1625,0,-0.041189622366059,-0.082379244732118,-2
-0.1625,0,0,0,-0.1625,0,-0.0410954445436437,-0.0821908890872874,-2
-0.1625,0,0,0,-0.1625,0,-0.0412537636507759,-0.0825075273015518,-2
-0.1625,0,0,0,-0.1625,0,-0.0412484397805531,-0.0824968795611062,-2
-0.1625,0,0,0,-0.1625,0,-0.0414139047605048,-0.0828278095210096,-2
-0.1625,0,0,0,-0.1625,0,-0.0412782323529846,-0.0825564647059693,-2
-0.1625,0,0,0,-0.1625,0,-0.0412885800262964,-0.0825771600525929,-2
-0.1625,0,0,0,-0.1625,0,-0.0411155868234054,-0.0822311736468108,-2
-0.1625,0,0,0,-0.1625,0,-0.041205007113245,-0.0824100142264899,-2
-0.1625,0,0,0,-0.1625,0,-0.0412105051710942,-0.0824210103421884,-2
-0.1625,0,0,0,-0.1625,0,-0.0412391524777318,-0.0824783049554636,-2
-0.1625,0,0,0,-0.1625,0,-0.0411262921097007,-0.0822525842194013,-2
-0.1625,0,0,0,-0.1625,0,-0.0411549199968639,-0.0823098399937278,-2
-0.1625,0,0,0,-0.1625,0,-0.041117007173499,-0.082234014346998,-2
-0.1625,0,0,0,-0.1625,0,-0.0412841059355901,-0.0825682118711802,-2
-0.1625,0,0,0,-0.1625,0,-0.0413370690880597,-0.0826741381761193,-2
-0.1625,0,0,0,-0.1625,0,-0.0414523211146665,-0.082904642229333,-2
-0.1625,0,0,0,-0.1625,0,-0.0412565729893339,-0.0825131459786678,-2
-0.1625,0,0,0,-0.1625,0,-0.0412079121069289,-0.0824158242138578,-2
-0.1625,0,0,0,-0.1625,0,-0.041344207697994,-0.082688415395988,-2
-0.1625,0,0,0,-0.1625,0,-0.0411787959213763,-0.0823575918427526,-2
-0.1625,0,0,0,-0.1625,0,-0.0410985165158639,-0.0821970330317278,-2
-0.1625,0,0,0,-0.1625,0,-0.0410460075681944,-0.0820920151363888,-2
-0.1625,0,0,0,-0.1625,0,-0.041098258260361,-0.082196516520722,-2
-0.1625,0,0,0,-0.1625,0,-0.0410548779150778,-0.0821097558301557,-2
-0.1625,0,0,0,-0.1625,0,-0.0412183472240326,-0.0824366944480651,-2
-0.1625,0,0,0,-0.1625,0,-0.0414630961162277,-0.0829261922324554,-2
-0.1625,0,0,0,-0.1625,0,-0.0413625801008706,-0.0827251602017412,-2
-0.1625,0,0,0,-0.1625,0,-0.0412360364522721,-0.0824720729045441,-2
-0.1625,0,0,0,-0.1625,0,-0.0411723875215012,-0.0823447750430024,-2
-0.1625,0,0,0,-0.1625,0,-0.0414380249420094,-0.0828760498840188,-2
-0.1625,0,0,0,-0.1625,0,-0.0415126772985712,-0.0830253545971425,-2
-0.1625,0,0,0,-0.1625,0,-0.0415522189826572,-0.0831044379653145,-2
-0.1625,0,0,0,-0.1625,0,-0.0415793082730796,-0.0831586165461593,-2
-0.1625,0,0,0,-0.1625,0,-0.041590284907295,-0.0831805698145901,-2
-0.1625,0,0,0,-0.1625,0,-0.0418310466127374,-0.0836620932254748,-2
-0.1625,0,0,0,-0.1625,0,-0.0417800335792608,-0.0835600671585216,-2
-0.1625,0,0,0,-0.1625,0,-0.0417927155103224,-0.0835854310206448,-2
-0.1625,0,0,0,-0.1625,0,-0.0418298149282378,-0.0836596298564757,-2
-0.1625,0,0,0,-0.1625,0,-0.0416835704802569,-0.0833671409605137,-2
-0.1625,0,0,0,-0.1625,0,-0.041786123936447,-0.0835722478728941,-2
-0.1625,0,0,0,-0.1625,0,-0.0418892879388374,-0.0837785758776748,-2
-0.1625,0,0,0,-0.1625,0,-0.0419224525554563,-0.0838449051109127,-2
-0.1625,0,0,0,-0.1625,0,-0.042013008547319,-0.0840260170946379,-2
-0.1625,0,0,0,-0.1625,0,-0.0419780034107537,-0.0839560068215074,-2
-0.1625,0,0,0,-0.1625,0,-0.0417237764399498,-0.0834475528798996,-2
-0.1625,0,0,0,-0.1625,0,-0.0414134804718699,-0.0828269609437397,-2
-0.1625,0,0,0,-0.1625,0,-0.0412658182718803,-0.0825316365437606,-2
-0.1625,0,0,0,-0.1625,0,-0.0410019205956476,-0.0820038411912953,-2
-0.1625,0,0,0,-0.1625,0,-0.0409397581042869,-0.0818795162085739,-2
-0.1625,0,0,0,-0.1625,0,-0.0407943529304276,-0.0815887058608553,-2
-0.1625,0,0,0,-0.1625,0,-0.0406733050665988,-0.0813466101331977,-2
-0.1625,0,0,0,-0.1625,0,-0.0408462598759661,-0.0816925197519323,-2
-0.1625,0,0,0,-0.1625,0,-0.040961831536425,-0.0819236630728501,-2
-0.1625,0,0,0,-0.1625,0,-0.040948830294008,-0.081897660588016,-2
-0.1625,0,0,0,-0.1625,0,-0.0407459876123472,-0.0814919752246945,-2
-0.1625,0,0,0,-0.1625,0,-0.0407037445096197,-0.0814074890192395,-2
-0.1625,0,0,0,-0.1625,0,-0.0404491490230323,-0.0808982980460645,-2
-0.1625,0,0,0,-0.1625,0,-0.0405280717674853,-0.0810561435349706,-2
-0.1625,0,0,0,-0.1625,0,-0.0405472283450332,-0.0810944566900663,-2
-0.1625,0,0,0,-0.1625,0,-0.0404720776817489,-0.0809441553634978,-2
-0.1625,0,0,0,-0.1625,0,-0.0404035835599555,-0.0808071671199111,-2
-0.1625,0,0,0,-0.1625,0,-0.040475848401998,-0.080951696803996,-2
-0.1625,0,0,0,-0.1625,0,-0.0408196821744951,-0.0816393643489902,-2
-0.1625,0,0,0,-0.1625,0,-0.0407542968221326,-0.0815085936442652,-2
-0.1625,0,0,0,-0.1625,0,-0.0409223232249419,-0.0818446464498838,-2
-0.1625,0,0,0,-0.1625,0,-0.0410273543288535,-0.0820547086577071,-2
-0.1625,0,0,0,-0.1625,0,-0.0410321436323016,-0.0820642872646032,-2
-0.1625,0,0,0,-0.1625,0,-0.0411138407466285,-0.0822276814932571,-2
-0.1625,0,0,0,-0.1625,0,-0.0411175475602025,-0.0822350951204049,-2
-0.1625,0,0,0,-0.1625,0,-0.041269126812583,-0.082538253625166,-2
-0.1625,0,0,0,-0.1625,0,-0.0413621722009334,-0.0827243444018669,-2
-0.1625,0,0,0,-0.1625,0,-0.0411040523105363,-0.0822081046210727,-2
-0.1625,0,0,0,-0.1625,0,-0.0410786115007086,-0.0821572230014171,-2
-0.1625,0,0,0,-0.1625,0,-0.0411971141801507,-0.0823942283603015,-2
-0.1625,0,0,0,-0.1625,0,-0.0412731368333078,-0.0825462736666157,-2
-0.1625,0,0,0,-0.1625,0,-0.0414041889862347,-0.0828083779724693,-2
-0.1625,0,0,0,-0.1625,0,-0.0413773526115707,-0.0827547052231415,-2
-0.1625,0,0,0,-0.1625,0,-0.0413518068654561,-0.0827036137309122,-2
-0.1625,0,0,0,-0.1625,0,-0.041364854989736,-0.0827297099794719,-2
-0.1625,0,0,0,-0.1625,0,-0.0412027088993231,-0.0824054177986462,-2
-0.1625,0,0,0,-0.1625,0,-0.0410574772714865,-0.0821149545429731,-2
-0.1625,0,0,0,-0.1625,0,-0.0412519004587994,-0.0825038009175988,-2
-0.1625,0,0,0,-0.1625,0,-0.0411450447612269,-0.0822900895224538,-2
-0.1625,0,0,0,-0.1625,0,-0.0408848600093037,-0.0817697200186075,-2
-0.1625,0,0,0,-0.1625,0,-0.0409198825992031,-0.0818397651984061,-2
-0.1625,0,0,0,-0.1625,0,-0.0408942048661116,-0.0817884097322231,-2
-0.1625,0,0,0,-0.1625,0,-0.0407502637425917,-0.0815005274851834,-2
-0.1625,0,0,0,-0.1625,0,-0.0409250788962169,-0.0818501577924337,-2
-0.1625,0,0,0,-0.1625,0,-0.0408949583503251,-0.0817899167006502,-2
-0.1625,0,0,0,-0.1625,0,-0.0406963572097528,-0.0813927144195056,-2
-0.1625,0,0,0,-0.1625,0,-0.04058282233974,-0.08116564467948,-2
-0.1625,0,0,0,-0.1625,0,-0.0406883191844467,-0.0813766383688933,-2
-0.1625,0,0,0,-0.1625,0,-0.0407249547231386,-0.0814499094462772,-2
-0.1625,0,0,0,-0.1625,0,-0.0407191496977052,-0.0814382993954105,-2
-0.1625,0,0,0,-0.1625,0,-0.0406110608377398,-0.0812221216754796,-2
-0.1625,0,0,0,-0.1625,0,-0.0405814529977117,-0.0811629059954233,-2
-0.1625,0,0,0,-0.1625,0,-0.0405109237320163,-0.0810218474640326,-2
-0.1625,0,0,0,-0.1625,0,-0.0406173774254541,-0.0812347548509082,-2
-0.1625,0,0,0,-0.1625,0,-0.0406066268855961,-0.0812132537711921,-2
-0.1625,0,0,0,-0.1625,0,-0.0405470695709125,-0.081094139141825,-2
-0.1625,0,0,0,-0.1625,0,-0.0404273515261625,-0.0808547030523249,-2
-0.1625,0,0,0,-0.1625,0,-0.0405798644130577,-0.0811597288261155,-2
-0.1625,0,0,0,-0.1625,0,-0.040663656963066,-0.0813273139261321,-2
-0.1625,0,0,0,-0.1625,0,-0.0405510625189838,-0.0811021250379676,-2
-0.1625,0,0,0,-0.1625,0,-0.0405217652467373,-0.0810435304934747,-2
-0.1625,0,0,0,-0.1625,0,-0.0406413520172419,-0.0812827040344838,-2
-0.1625,0,0,0,-0.1625,0,-0.0406150989701965,-0.081230197940393,-2
-0.1625,0,0,0,-0.1625,0,-0.0407063062013906,-0.0814126124027812,-2
-0.1625,0,0,0,-0.1625,0,-0.0407898163307619,-0.0815796326615238,-2
-0.1625,0,0,0,-0.1625,0,-0.0409406889804106,-0.0818813779608212,-2
-0.1625,0,0,0,-0.1625,0,-0.0408266842717517,-0.0816533685435034,-2
-0.1625,0,0,0,-0.1625,0,-0.040849619969972,-0.081699239939944,-2
-0.1625,0,0,0,-0.1625,0,-0.0409494146391274,-0.0818988292782548,-2
-0.1625,0,0,0,-0.1625,0,-0.0409681639640165,-0.081936327928033,-2
-0.1625,0,0,0,-0.1625,0,-0.040991280090664,-0.081982560181328,-2
-0.1625,0,0,0,-0.1625,0,-0.0409378182855545,-0.081875636571109,-2
-0.1625,0,0,0,-0.1625,0,-0.041082842019956,-0.082165684039912,-2
-0.1625,0,0,0,-0.1625,0,-0.0412203434260879,-0.0824406868521758,-2
-0.1625,0,0,0,-0.1625,0,-0.0413151047523732,-0.0826302095047464,-2
-0.1625,0,0,0,-0.1625,0,-0.041025746270261,-0.082051492540522,-2
-0.1625,0,0,0,-0.1625,0,-0.0410603639069928,-0.0821207278139855,-2
-0.1625,0,0,0,-0.1625,0,-0.0411446291558125,-0.0822892583116249,-2
-0.1625,0,0,0,-0.1625,0,-0.0410313546054111,-0.0820627092108222,-2
-0.1625,0,0,0,-0.1625,0,-0.0410070621597358,-0.0820141243194716,-2
-0.1625,0,0,0,-0.1625,0,-0.0412420213104338,-0.0824840426208675,-2
-0.1625,0,0,0,-0.1625,0,-0.0413369702286871,-0.0826739404573742,-2
-0.1625,0,0,0,-0.1625,0,-0.0412848750162731,-0.0825697500325463,-2
-0.1625,0,0,0,-0.1625,0,-0.041565439156894,-0.0831308783137879,-2
-0.1625,0,0,0,-0.1625,0,-0.0414809720142486,-0.0829619440284972,-2
-0.1625,0,0,0,-0.1625,0,-0.0414404729160363,-0.0828809458320726,-2
-0.1625,0,0,0,-0.1625,0,-0.041606915920789,-0.083213831841578,-2
-0.1625,0,0,0,-0.1625,0,-0.0416711186501378,-0.0833422373002755,-2
-0.1625,0,0,0,-0.1625,0,-0.0414073845070207,-0.0828147690140414,-2
-0.1625,0,0,0,-0.1625,0,-0.0414314670174694,-0.0828629340349389,-2
-0.1625,0,0,0,-0.1625,0,-0.041238083190676,-0.082476166381352,-2
-0.1625,0,0,0,-0.1625,0,-0.041297294797966,-0.0825945895959319,-2
-0.1625,0,0,0,-0.1625,0,-0.0412556332023777,-0.0825112664047555,-2
-0.1625,0,0,0,-0.1625,0,-0.0411609584022896,-0.0823219168045793,-2
-0.1625,0,0,0,-0.1625,0,-0.0410885021170881,-0.0821770042341762,-2
-0.1625,0,0,0,-0.1625,0,-0.0410092464438222,-0.0820184928876444,-2
-0.1625,0,0,0,-0.1625,0,-0.0411543754681095,-0.082308750936219,-2
-0.1625,0,0,0,-0.1625,0,-0.0409579240794276,-0.0819158481588553,-2
-0.1625,0,0,0,-0.1625,0,-0.0410974102975061,-0.0821948205950121,-2
-0.1625,0,0,0,-0.1625,0,-0.0410614264851134,-0.0821228529702267,-2
-0.1625,0,0,0,-0.1625,0,-0.0411982344630511,-0.0823964689261021,-2
-0.1625,0,0,0,-0.1625,0,-0.041113425620219,-0.0822268512404381,-2
-0.1625,0,0,0,-0.1625,0,-0.041305259901132,-0.0826105198022641,-2
-0.1625,0,0,0,-0.1625,0,-0.0412065702328828,-0.0824131404657656,-2
-0.1625,0,0,0,-0.1625,0,-0.041417942562395,-0.0828358851247899,-2
-0.1625,0,0,0,-0.1625,0,-0.041612294457302,-0.083224588914604,-2
-0.1625,0,0,0,-0.1625,0,-0.0416773067145097,-0.0833546134290193,-2
-0.1625,0,0,0,-0.1625,0,-0.0416620138844391,-0.0833240277688783,-2
-0.1625,0,0,0,-0.1625,0,-0.0415880302746409,-0.0831760605492819,-2
-0.1625,0,0,0,-0.1625,0,-0.0417659940899578,-0.0835319881799155,-2
-0.1625,0,0,0,-0.1625,0,-0.0417472786712302,-0.0834945573424605,-2
-0.1625,0,0,0,-0.1625,0,-0.0419759524524826,-0.0839519049049653,-2
-0.1625,0,0,0,-0.1625,0,-0.0418855372728281,-0.0837710745456563,-2
-0.1625,0,0,0,-0.1625,0,-0.0419680966337643,-0.0839361932675285,-2
-0.1625,0,0,0,-0.1625,0,-0.0418855366181683,-0.0837710732363365,-2
-0.1625,0,0,0,-0.1625,0,-0.0418538780119382,-0.0837077560238764,-2
-0.1625,0,0,0,-0.1625,0,-0.0419543174043775,-0.0839086348087549,-2
-0.1625,0,0,0,-0.1625,0,-0.0420206804669622,-0.0840413609339244,-2
-0.1625,0,0,0,-0.1625,0,-0.042029064574634,-0.084058129149268,-2
-0.1625,0,0,0,-0.1625,0,-0.0421967122876755,-0.084393424575351,-2
-0.1625,0,0,0,-0.1625,0,-0.042136880134604,-0.084273760269208,-2
-0.1625,0,0,0,-0.1625,0,-0.0421537677565227,-0.0843075355130455,-2
-0.1625,0,0,0,-0.1625,0,-0.0420059180311045,-0.084011836062209,-2
-0.1625,0,0,0,-0.1625,0,-0.0422179464829287,-0.0844358929658573,-2
-0.1625,0,0,0,-0.1625,0,-0.0422467466616753,-0.0844934933233505,-2
-0.1625,0,0,0,-0.1625,0,-0.0421782719087936,-0.0843565438175873,-2
-0.1625,0,0,0,-0.1625,0,-0.0422087073229112,-0.0844174146458223,-2
-0.1625,0,0,0,-0.1625,0,-0.0423952217385658,-0.0847904434771316,-2
-0.1625,0,0,0,-0.1625,0,-0.0423637101994113,-0.0847274203988226,-2
-0.1625,0,0,0,-0.1625,0,-0.0424588881378542,-0.0849177762757084,-2
-0.1625,0,0,0,-0.1625,0,-0.0424041587962594,-0.0848083175925187,-2
-0.1625,0,0,0,-0.1625,0,-0.0424917618402741,-0.0849835236805482,-2
-0.1625,0,0,0,-0.1625,0,-0.0424182379719168,-0.0848364759438336,-2
-0.1625,0,0,0,-0.1625,0,-0.0423746551891126,-0.0847493103782252,-2
-0.1625,0,0,0,-0.1625,0,-0.0423147494808311,-0.0846294989616621,-2
-0.1625,0,0,0,-0.1625,0,-0.0423647633160536,-0.0847295266321071,-2
-0.1625,0,0,0,-0.1625,0,-0.0422513239896912,-0.0845026479793824,-2
-0.1625,0,0,0,-0.1625,0,-0.0422508209747461,-0.0845016419494923,-2
-0.1625,0,0,0,-0.1625,0,-0.0422268934898632,-0.0844537869797264,-2
-0.1625,0,0,0,-0.1625,0,-0.0422352304811677,-0.0844704609623353,-2
-0.1625,0,0,0,-0.1625,0,-0.0422140357733031,-0.0844280715466063,-2
-0.1625,0,0,0,-0.1625,0,-0.0422545035083087,-0.0845090070166174,-2
-0.1625,0,0,0,-0.1625,0,-0.042199482467658,-0.0843989649353161,-2
-0.1625,0,0,0,-0.1625,0,-0.042124763136262,-0.0842495262725239,-2
-0.1625,0,0,0,-0.1625,0,-0.0420408296115871,-0.0840816592231742,-2
-0.1625,0,0,0,-0.1625,0,-0.0420931453795486,-0.0841862907590972,-2
-0.1625,0,0,0,-0.1625,0,-0.0421260306792455,-0.0842520613584911,-2
-0.1625,0,0,0,-0.1625,0,-0.042133923150177,-0.0842678463003541,-2
-0.1625,0,0,0,-0.1625,0,-0.042136544240576,-0.0842730884811519,-2
-0.1625,0,0,0,-0.1625,0,-0.0421968918077209,-0.0843937836154418,-2
-0.1625,0,0,0,-0.1625,0,-0.0420032565716486,-0.0840065131432972,-2
-0.1625,0,0,0,-0.1625,0,-0.0419817125511744,-0.0839634251023489,-2
-0.1625,0,0,0,-0.1625,0,-0.0419474636871694,-0.0838949273743388,-2
-0.1625,0,0,0,-0.1625,0,-0.0418962475192423,-0.0837924950384846,-2
-0.1625,0,0,0,-0.1625,0,-0.0418705290089237,-0.0837410580178474,-2
-0.1625,0,0,0,-0.1625,0,-0.0418278086690275,-0.083655617338055,-2
-0.1625,0,0,0,-0.1625,0,-0.041725018648574,-0.0834500372971481,-2
-0.1625,0,0,0,-0.1625,0,-0.04163246226787,-0.0832649245357399,-2
-0.1625,0,0,0,-0.1625,0,-0.0417564553874541,-0.0835129107749082,-2
-0.1625,0,0,0,-0.1625,0,-0.0417620428167779,-0.0835240856335557,-2
-0.1625,0,0,0,-0.1625,0,-0.0416804693897251,-0.0833609387794502,-2
-0.1625,0,0,0,-0.1625,0,-0.0417939034175715,-0.083587806835143,-2
-0.1625,0,0,0,-0.1625,0,-0.0416311308277831,-0.0832622616555661,-2
-0.1625,0,0,0,-0.1625,0,-0.0415540577087536,-0.0831081154175073,-2
-0.1625,0,0,0,-0.1625,0,-0.0416286129451022,-0.0832572258902044,-2
-0.1625,0,0,0,-0.1625,0,-0.0416338895662489,-0.0832677791324978,-2
-0.1625,0,0,0,-0.1625,0,-0.041714613056016,-0.0834292261120321,-2
-0.1625,0,0,0,-0.1625,0,-0.0417782892836224,-0.0835565785672449,-2
-0.1625,0,0,0,-0.1625,0,-0.04186062950013,-0.08372125900026,-2
-0.1625,0,0,0,-0.1625,0,-0.041815317728619,-0.083630635457238,-2
-0.1625,0,0,0,-0.1625,0,-0.0418803275026191,-0.0837606550052383,-2
-0.1625,0,0,0,-0.1625,0,-0.0420113269782908,-0.0840226539565816,-2
-0.1625,0,0,0,-0.1625,0,-0.0421003246682508,-0.0842006493365016,-2
-0.1625,0,0,0,-0.1625,0,-0.0420628871588445,-0.084125774317689,-2
-0.1625,0,0,0,-0.1625,0,-0.0421145886498835,-0.0842291772997671,-2
-0.1625,0,0,0,-0.1625,0,-0.0421218805401161,-0.0842437610802321,-2
-0.1625,0,0,0,-0.1625,0,-0.0420129501094012,-0.0840259002188025,-2
-0.1625,0,0,0,-0.1625,0,-0.0420163562070469,-0.0840327124140938,-2
-0.1625,0,0,0,-0.1625,0,-0.0419415004804179,-0.0838830009608358,-2
-0.1625,0,0,0,-0.1625,0,-0.0419560823294108,-0.0839121646588216,-2
-0.1625,0,0,0,-0.1625,0,-0.0419786373561568,-0.0839572747123136,-2
-0.1625,0,0,0,-0.1625,0,-0.0419881853447142,-0.0839763706894285,-2
-0.1625,0,0,0,-0.1625,0,-0.0419343245074272,-0.0838686490148544,-2
-0.1625,0,0,0,-0.1625,0,-0.0420350418391655,-0.084070083678331,-2
-0.1625,0,0,0,-0.1625,0,-0.0418980548821476,-0.0837961097642953,-2
-0.1625,0,0,0,-0.1625,0,-0.0419230699421178,-0.0838461398842357,-2
-0.1625,0,0,0,-0.1625,0,-0.0420761396023158,-0.0841522792046316,-2
-0.1625,0,0,0,-0.1625,0,-0.0419981849083073,-0.0839963698166145,-2
-0.1625,0,0,0,-0.1625,0,-0.0419691399012437,-0.0839382798024873,-2
-0.1625,0,0,0,-0.1625,0,-0.0420056177021093,-0.0840112354042186,-2
-0.1625,0,0,0,-0.1625,0,-0.0419074742190112,-0.0838149484380225,-2
-0.1625,0,0,0,-0.1625,0,-0.0420151370036735,-0.0840302740073471,-2
-0.1625,0,0,0,-0.1625,0,-0.0418215408670214,-0.0836430817340428,-2
-0.1625,0,0,0,-0.1625,0,-0.0419512407040598,-0.0839024814081196,-2
-0.1625,0,0,0,-0.1625,0,-0.042022542547074,-0.084045085094148,-2
-0.1625,0,0,0,-0.1625,0,-0.0418572486215913,-0.0837144972431825,-2
-0.1625,0,0,0,-0.1625,0,-0.041851446870283,-0.083702893740566,-2
-0.1625,0,0,0,-0.1625,0,-0.0418759191085312,-0.0837518382170624,-2
-0.1625,0,0,0,-0.1625,0,-0.0419715103667144,-0.0839430207334289,-2
-0.1625,0,0,0,-0.1625,0,-0.0420730708585255,-0.084146141717051,-2
-0.1625,0,0,0,-0.1625,0,-0.0421124287340376,-0.0842248574680752,-2
-0.1625,0,0,0,-0.1625,0,-0.0419753493773716,-0.0839506987547432,-2
-0.1625,0,0,0,-0.1625,0,-0.0416334846715696,-0.0832669693431392,-2
-0.1625,0,0,0,-0.1625,0,-0.041766194967663,-0.0835323899353259,-2
-0.1625,0,0,0,-0.1625,0,-0.0415690708903861,-0.0831381417807722,-2
-0.1625,0,0,0,-0.1625,0,-0.0415874371772047,-0.0831748743544095,-2
-0.1625,0,0,0,-0.1625,0,-0.0415499067571807,-0.0830998135143615,-2
-0.1625,0,0,0,-0.1625,0,-0.0416025549324538,-0.0832051098649077,-2
-0.1625,0,0,0,-0.1625,0,-0.0416795233290538,-0.0833590466581075,-2
-0.1625,0,0,0,-0.1625,0,-0.041792788217285,-0.08358557643457,-2
-0.1625,0,0,0,-0.1625,0,-0.041951695274623,-0.083903390549246,-2
-0.1625,0,0,0,-0.1625,0,-0.042149176057085,-0.08429835211417,-2
-0.1625,0,0,0,-0.1625,0,-0.0421792317143817,-0.0843584634287634,-2
-0.1625,0,0,0,-0.1625,0,-0.0421788447386112,-0.0843576894772225,-2
-0.1625,0,0,0,-0.1625,0,-0.0421521491739479,-0.0843042983478958,-2
-0.1625,0,0,0,-0.1625,0,-0.0421273268587553,-0.0842546537175106,-2
-0.1625,0,0,0,-0.1625,0,-0.0422970213089744,-0.0845940426179488,-2
-0.1625,0,0,0,-0.1625,0,-0.0422594761546322,-0.0845189523092644,-2
-0.1625,0,0,0,-0.1625,0,-0.0423985477321191,-0.0847970954642382,-2
-0.1625,0,0,0,-0.1625,0,-0.0423517166580997,-0.0847034333161994,-2
-0.1625,0,0,0,-0.1625,0,-0.0424574556362412,-0.0849149112724825,-2
-0.1625,0,0,0,-0.1625,0,-0.042490944435295,-0.08498188887059,-2
-0.1625,0,0,0,-0.1625,0,-0.042612275746516,-0.0852245514930319,-2
-0.1625,0,0,0,-0.1625,0,-0.0427391757222338,-0.0854783514444676,-2
-0.1625,0,0,0,-0.1625,0,-0.0426488334631571,-0.0852976669263141,-2
-0.1625,0,0,0,-0.1625,0,-0.0426538311412985,-0.0853076622825971,-2
-0.1625,0,0,0,-0.1625,0,-0.0426559034723207,-0.0853118069446414,-2
-0.1625,0,0,0,-0.1625,0,-0.0427093789626164,-0.0854187579252327,-2
-0.1625,0,0,0,-0.1625,0,-0.0425669475740481,-0.0851338951480962,-2
-0.1625,0,0,0,-0.1625,0,-0.0425132998968079,-0.0850265997936158,-2
-0.1625,0,0,0,-0.1625,0,-0.0424402809905751,-0.0848805619811502,-2
-0.1625,0,0,0,-0.1625,0,-0.0426499035884743,-0.0852998071769487,-2
-0.1625,0,0,0,-0.1625,0,-0.0425686501286447,-0.0851373002572894,-2
-0.1625,0,0,0,-0.1625,0,-0.0426170072665007,-0.0852340145330015,-2
-0.1625,0,0,0,-0.1625,0,-0.0425042078298556,-0.0850084156597112,-2
-0.1625,0,0,0,-0.1625,0,-0.0424511694868071,-0.0849023389736142,-2
-0.1625,0,0,0,-0.1625,0,-0.0423383726107978,-0.0846767452215956,-2
-0.1625,0,0,0,-0.1625,0,-0.042457180736363,-0.0849143614727261,-2
-0.1625,0,0,0,-0.1625,0,-0.0424928475012224,-0.0849856950024447,-2
-0.1625,0,0,0,-0.1625,0,-0.0425059903323258,-0.0850119806646517,-2
-0.1625,0,0,0,-0.1625,0,-0.0424874238910238,-0.0849748477820475,-2
-0.1625,0,0,0,-0.1625,0,-0.0426561759641985,-0.085312351928397,-2
-0.1625,0,0,0,-0.1625,0,-0.0426630078173699,-0.0853260156347398,-2
-0.1625,0,0,0,-0.1625,0,-0.0427996655901782,-0.0855993311803563,-2
-0.1625,0,0,0,-0.1625,0,-0.0429131584522086,-0.0858263169044173,-2
-0.1625,0,0,0,-0.1625,0,-0.0429013161697962,-0.0858026323395924,-2
-0.1625,0,0,0,-0.1625,0,-0.0428098886086916,-0.0856197772173832,-2
-0.1625,0,0,0,-0.1625,0,-0.0428068987931974,-0.0856137975863948,-2
-0.1625,0,0,0,-0.1625,0,-0.0426643817275013,-0.0853287634550026,-2
-0.1625,0,0,0,-0.1625,0,-0.042805974685257,-0.0856119493705141,-2
-0.1625,0,0,0,-0.1625,0,-0.0429543426052184,-0.0859086852104367,-2
-0.1625,0,0,0,-0.1625,0,-0.0429728882901214,-0.0859457765802428,-2
-0.1625,0,0,0,-0.1625,0,-0.0429914199431908,-0.0859828398863815,-2
-0.1625,0,0,0,-0.1625,0,-0.0430826894162448,-0.0861653788324896,-2
-0.1625,0,0,0,-0.1625,0,-0.0432547793958941,-0.0865095587917882,-2
-0.1625,0,0,0,-0.1625,0,-0.0431067680443816,-0.0862135360887633,-2
-0.1625,0,0,0,-0.1625,0,-0.0431919683940762,-0.0863839367881523,-2
-0.1625,0,0,0,-0.1625,0,-0.0432740457930312,-0.0865480915860623,-2
-0.1625,0,0,0,-0.1625,0,-0.0432159152651182,-0.0864318305302364,-2
-0.1625,0,0,0,-0.1625,0,-0.0432593165050311,-0.0865186330100623,-2
-0.1625,0,0,0,-0.1625,0,-0.0433958880156668,-0.0867917760313336,-2
-0.1625,0,0,0,-0.1625,0,-0.0434725755111406,-0.0869451510222812,-2
-0.1625,0,0,0,-0.1625,0,-0.0434449261694115,-0.086889852338823,-2
-0.1625,0,0,0,-0.1625,0,-0.043432526834683,-0.086865053669366,-2
-0.1625,0,0,0,-0.1625,0,-0.0433495481403157,-0.0866990962806315,-2
-0.1625,0,0,0,-0.1625,0,-0.0433135279917328,-0.0866270559834655,-2
-0.1625,0,0,0,-0.1625,0,-0.0433519097518077,-0.0867038195036155,-2
-0.1625,0,0,0,-0.1625,0,-0.0434080739185361,-0.0868161478370722,-2
-0.1625,0,0,0,-0.1625,0,-0.0434872778245246,-0.0869745556490491,-2
-0.1625,0,0,0,-0.1625,0,-0.0435034060985017,-0.0870068121970034,-2
-0.1625,0,0,0,-0.1625,0,-0.0434055116486818,-0.0868110232973636,-2
-0.1625,0,0,0,-0.1625,0,-0.0434332067980565,-0.086866413596113,-2
-0.1625,0,0,0,-0.1625,0,-0.0434707794691899,-0.0869415589383797,-2
-0.1625,0,0,0,-0.1625,0,-0.0432841675452748,-0.0865683350905496,-2
-0.1625,0,0,0,-0.1625,0,-0.0433474305469788,-0.0866948610939576,-2
-0.1625,0,0,0,-0.1625,0,-0.0435568692715806,-0.0871137385431612,-2
-0.1625,0,0,0,-0.1625,0,-0.0435659209936245,-0.0871318419872489,-2
-0.1625,0,0,0,-0.1625,0,-0.0436630827239065,-0.0873261654478131,-2
-0.1625,0,0,0,-0.1625,0,-0.0437811733614244,-0.0875623467228487,-2
-0.1625,0,0,0,-0.1625,0,-0.0438225207629174,-0.0876450415258348,-2
-0.1625,0,0,0,-0.1625,0,-0.043809921957791,-0.0876198439155819,-2
-0.1625,0,0,0,-0.1625,0,-0.0438887479592473,-0.0877774959184947,-2
-0.1625,0,0,0,-0.1625,0,-0.043815103333267,-0.087630206666534,-2
-0.1625,0,0,0,-0.1625,0,-0.0437999325731247,-0.0875998651462494,-2
-0.1625,0,0,0,-0.1625,0,-0.0438866070715513,-0.0877732141431026,-2
-0.1625,0,0,0,-0.1625,0,-0.0438973328884695,-0.087794665776939,-2
-0.1625,0,0,0,-0.1625,0,-0.0439739623309776,-0.0879479246619553,-2
-0.1625,0,0,0,-0.1625,0,-0.0437142915596395,-0.0874285831192789,-2
-0.1625,0,0,0,-0.1625,0,-0.0437125203524035,-0.0874250407048071,-2
-0.1625,0,0,0,-0.1625,0,-0.0437838959390267,-0.0875677918780535,-2
-0.1625,0,0,0,-0.1625,0,-0.0435933637505551,-0.0871867275011102,-2
-0.1625,0,0,0,-0.1625,0,-0.0436266952695702,-0.0872533905391403,-2
-0.1625,0,0,0,-0.1625,0,-0.0437005582129934,-0.0874011164259867,-2
-0.1625,0,0,0,-0.1625,0,-0.0437767472651946,-0.0875534945303893,-2
-0.1625,0,0,0,-0.1625,0,-0.0437633701069567,-0.0875267402139134,-2
-0.1625,0,0,0,-0.1625,0,-0.0437894267103919,-0.0875788534207839,-2
-0.1625,0,0,0,-0.1625,0,-0.0438010651268119,-0.0876021302536237,-2
-0.1625,0,0,0,-0.1625,0,-0.0437726545904967,-0.0875453091809933,-2
-0.1625,0,0,0,-0.1625,0,-0.0436926804105879,-0.0873853608211758,-2
-0.1625,0,0,0,-0.1625,0,-0.0437040351255153,-0.0874080702510306,-2
-0.1625,0,0,0,-0.1625,0,-0.0437044280102884,-0.0874088560205767,-2
-0.1625,0,0,0,-0.1625,0,-0.043819345747022,-0.087638691494044,-2
-0.1625,0,0,0,-0.1625,0,-0.0439259631594236,-0.0878519263188473,-2
-0.1625,0,0,0,-0.1625,0,-0.0439956061926796,-0.0879912123853591,-2
-0.1625,0,0,0,-0.1625,0,-0.0437813850171599,-0.0875627700343198,-2
-0.1625,0,0,0,-0.1625,0,-0.0439220619814694,-0.0878441239629388,-2
-0.1625,0,0,0,-0.1625,0,-0.0438440443472816,-0.0876880886945631,-2
-0.1625,0,0,0,-0.1625,0,-0.0438892203114414,-0.0877784406228828,-2
-0.1625,0,0,0,-0.1625,0,-0.0437491774196414,-0.0874983548392828,-2
-0.1625,0,0,0,-0.1625,0,-0.0439623608781359,-0.0879247217562717,-2
-0.1625,0,0,0,-0.1625,0,-0.0440660297349722,-0.0881320594699444,-2
-0.1625,0,0,0,-0.1625,0,-0.0441391657557417,-0.0882783315114835,-2
-0.1625,0,0,0,-0.1625,0,-0.0440951578133934,-0.0881903156267868,-2
-0.1625,0,0,0,-0.1625,0,-0.0440430931653149,-0.0880861863306298,-2
-0.1625,0,0,0,-0.1625,0,-0.0440302158913823,-0.0880604317827647,-2
-0.1625,0,0,0,-0.1625,0,-0.0440374016190129,-0.0880748032380257,-2
-0.1625,0,0,0,-0.1625,0,-0.0441710480448476,-0.0883420960896952,-2
-0.1625,0,0,0,-0.1625,0,-0.0441783015872929,-0.0883566031745858,-2
-0.1625,0,0,0,-0.1625,0,-0.0441649143317717,-0.0883298286635434,-2
-0.1625,0,0,0,-0.1625,0,-0.0439993947867895,-0.087998789573579,-2
-0.1625,0,0,0,-0.1625,0,-0.043980989165138,-0.087961978330276,-2
-0.1625,0,0,0,-0.1625,0,-0.0440945407183359,-0.0881890814366717,-2
-0.1625,0,0,0,-0.1625,0,-0.0443766820782862,-0.0887533641565725,-2
-0.1625,0,0,0,-0.1625,0,-0.0442014549398377,-0.0884029098796754,-2
-0.1625,0,0,0,-0.1625,0,-0.0443549980790536,-0.0887099961581072,-2
-0.1625,0,0,0,-0.1625,0,-0.0441558572134856,-0.0883117144269713,-2
-0.1625,0,0,0,-0.1625,0,-0.0441036150377225,-0.0882072300754451,-2
-0.1625,0,0,0,-0.1625,0,-0.0439257832581839,-0.0878515665163678,-2
-0.1625,0,0,0,-0.1625,0,-0.0439808609890547,-0.0879617219781093,-2
-0.1625,0,0,0,-0.1625,0,-0.044021427511661,-0.088042855023322,-2
-0.1625,0,0,0,-0.1625,0,-0.0440537242892472,-0.0881074485784945,-2
-0.1625,0,0,0,-0.1625,0,-0.0442272713906394,-0.0884545427812787,-2
-0.1625,0,0,0,-0.1625,0,-0.0442568323551851,-0.0885136647103702,-2
-0.1625,0,0,0,-0.1625,0,-0.0442991719997386,-0.0885983439994773,-2
-0.1625,0,0,0,-0.1625,0,-0.0444501176823811,-0.0889002353647621,-2
-0.1625,0,0,0,-0.1625,0,-0.0442657899184358,-0.0885315798368717,-2
-0.1625,0,0,0,-0.1625,0,-0.0442015676134433,-0.0884031352268866,-2
-0.1625,0,0,0,-0.1625,0,-0.0440790806108983,-0.0881581612217967,-2
-0.1625,0,0,0,-0.1625,0,-0.0440154521344105,-0.088030904268821,-2
-0.1625,0,0,0,-0.1625,0,-0.0441770262201589,-0.0883540524403178,-2
-0.1625,0,0,0,-0.1625,0,-0.0441883278530404,-0.0883766557060807,-2
-0.1625,0,0,0,-0.1625,0,-0.0443579286700023,-0.0887158573400045,-2
-0.1625,0,0,0,-0.1625,0,-0.0444869315629483,-0.0889738631258965,-2
-0.1625,0,0,0,-0.1625,0,-0.0444988404592776,-0.0889976809185552,-2
-0.1625,0,0,0,-0.1625,0,-0.0445673954517625,-0.089134790903525,-2
-0.1625,0,0,0,-0.1625,0,-0.0446306152495171,-0.0892612304990343,-2
-0.1625,0,0,0,-0.1625,0,-0.0446636524007384,-0.0893273048014768,-2
-0.1625,0,0,0,-0.1625,0,-0.044711379688094,-0.089422759376188,-2
-0.1625,0,0,0,-0.1625,0,-0.0447044221419354,-0.0894088442838708,-2
-0.1625,0,0,0,-0.1625,0,-0.0447004647167086,-0.0894009294334171,-2
-0.1625,0,0,0,-0.1625,0,-0.0448131892252809,-0.0896263784505618,-2
-0.1625,0,0,0,-0.1625,0,-0.0447397127800448,-0.0894794255600896,-2
-0.1625,0,0,0,-0.1625,0,-0.0447633236104685,-0.089526647220937,-2
-0.1625,0,0,0,-0.1625,0,-0.0447832956199205,-0.089566591239841,-2
-0.1625,0,0,0,-0.1625,0,-0.0449225418739218,-0.0898450837478436,-2
-0.1625,0,0,0,-0.1625,0,-0.0447290063201631,-0.0894580126403261,-2
-0.1625,0,0,0,-0.1625,0,-0.0446970404190918,-0.0893940808381836,-2
-0.1625,0,0,0,-0.1625,0,-0.0445199551455762,-0.0890399102911524,-2
-0.1625,0,0,0,-0.1625,0,-0.0446153090024993,-0.0892306180049985,-2
-0.1625,0,0,0,-0.1625,0,-0.0446285797181049,-0.0892571594362098,-2
-0.1625,0,0,0,-0.1625,0,-0.0447938462798136,-0.0895876925596272,-2
-0.1625,0,0,0,-0.1625,0,-0.0448392988531538,-0.0896785977063076,-2
-0.1625,0,0,0,-0.1625,0,-0.0448214083004772,-0.0896428166009543,-2
-0.1625,0,0,0,-0.1625,0,-0.0449379830262604,-0.0898759660525209,-2
-0.1625,0,0,0,-0.1625,0,-0.044917728413931,-0.0898354568278619,-2
-0.1625,0,0,0,-0.1625,0,-0.0450857123882365,-0.0901714247764729,-2
-0.1625,0,0,0,-0.1625,0,-0.0451522661822063,-0.0903045323644126,-2
-0.1625,0,0,0,-0.1625,0,-0.0449975086854205,-0.089995017370841,-2
-0.1625,0,0,0,-0.1625,0,-0.0448422230209973,-0.0896844460419946,-2
-0.1625,0,0,0,-0.1625,0,-0.0449442978708595,-0.089888595741719,-2
-0.1625,0,0,0,-0.1625,0,-0.0449134232337185,-0.089826846467437,-2
-0.1625,0,0,0,-0.1625,0,-0.044888981247594,-0.089777962495188,-2
-0.1625,0,0,0,-0.1625,0,-0.0449216063304073,-0.0898432126608146,-2
-0.1625,0,0,0,-0.1625,0,-0.0450053056001627,-0.0900106112003255,-2
-0.1625,0,0,0,-0.1625,0,-0.0451207912399208,-0.0902415824798417,-2
-0.1625,0,0,0,-0.1625,0,-0.0452619731217409,-0.0905239462434819,-2
-0.1625,0,0,0,-0.1625,0,-0.0453713422511492,-0.0907426845022983,-2
-0.1625,0,0,0,-0.1625,0,-0.0454212792796119,-0.0908425585592237,-2
-0.1625,0,0,0,-0.1625,0,-0.0454104134927899,-0.0908208269855799,-2
-0.1625,0,0,0,-0.1625,0,-0.0454482746499366,-0.0908965492998733,-2
-0.1625,0,0,0,-0.1625,0,-0.0455007092294914,-0.0910014184589828,-2
-0.1625,0,0,0,-0.1625,0,-0.0455060674640022,-0.0910121349280044,-2
-0.1625,0,0,0,-0.1625,0,-0.0455074656621747,-0.0910149313243494,-2
-0.1625,0,0,0,-0.1625,0,-0.045251971131752,-0.0905039422635041,-2
-0.1625,0,0,0,-0.1625,0,-0.0453450101795297,-0.0906900203590594,-2
-0.1625,0,0,0,-0.1625,0,-0.0453469471041733,-0.0906938942083467,-2
-0.1625,0,0,0,-0.1625,0,-0.0453434288269981,-0.0906868576539962,-2
-0.1625,0,0,0,-0.1625,0,-0.0453631410474364,-0.0907262820948729,-2
-0.1625,0,0,0,-0.1625,0,-0.0454164201533216,-0.0908328403066432,-2
-0.1625,0,0,0,-0.1625,0,-0.0454634809396492,-0.0909269618792984,-2
-0.1625,0,0,0,-0.1625,0,-0.0453560118013109,-0.0907120236026218,-2
-0.1625,0,0,0,-0.1625,0,-0.0453067826357742,-0.0906135652715483,-2
-0.1625,0,0,0,-0.1625,0,-0.0453587218774117,-0.0907174437548234,-2
-0.1625,0,0,0,-0.1625,0,-0.0455364351903563,-0.0910728703807125,-2
-0.1625,0,0,0,-0.1625,0,-0.0455648699783083,-0.0911297399566166,-2
-0.1625,0,0,0,-0.1625,0,-0.0454318724868282,-0.0908637449736564,-2
-0.1625,0,0,0,-0.1625,0,-0.0453475742169154,-0.0906951484338309,-2
-0.1625,0,0,0,-0.1625,0,-0.0452401511990297,-0.0904803023980595,-2
-0.1625,0,0,0,-0.1625,0,-0.0452545571644991,-0.0905091143289982,-2
-0.1625,0,0,0,-0.1625,0,-0.0452399354572251,-0.0904798709144502,-2
-0.1625,0,0,0,-0.1625,0,-0.0453363283206114,-0.0906726566412227,-2
-0.1625,0,0,0,-0.1625,0,-0.0452267905323012,-0.0904535810646024,-2
-0.1625,0,0,0,-0.1625,0,-0.0452371772940228,-0.0904743545880457,-2
-0.1625,0,0,0,-0.1625,0,-0.0452770395026894,-0.0905540790053789,-2
-0.1625,0,0,0,-0.1625,0,-0.0452397345795356,-0.0904794691590711,-2
-0.1625,0,0,0,-0.1625,0,-0.0452989194734498,-0.0905978389468995,-2
-0.1625,0,0,0,-0.1625,0,-0.0453110217815239,-0.0906220435630478,-2
-0.1625,0,0,0,-0.1625,0,-0.0452846771706312,-0.0905693543412624,-2
-0.1625,0,0,0,-0.1625,0,-0.0453295497153734,-0.0906590994307467,-2
-0.1625,0,0,0,-0.1625,0,-0.0453298908268727,-0.0906597816537454,-2
-0.1625,0,0,0,-0.1625,0,-0.0454387931391579,-0.0908775862783157,-2
-0.1625,0,0,0,-0.1625,0,-0.0453982811847211,-0.0907965623694422,-2
-0.1625,0,0,0,-0.1625,0,-0.045215182145429,-0.090430364290858,-2
-0.1625,0,0,0,-0.1625,0,-0.0452766449803648,-0.0905532899607297,-2
-0.1625,0,0,0,-0.1625,0,-0.0451084387430747,-0.0902168774861494,-2
-0.1625,0,0,0,-0.1625,0,-0.0450493155962236,-0.0900986311924473,-2
-0.1625,0,0,0,-0.1625,0,-0.0450061226074635,-0.090012245214927,-2
-0.1625,0,0,0,-0.1625,0,-0.0448990214477768,-0.0897980428955536,-2
-0.1625,0,0,0,-0.1625,0,-0.0447370468300599,-0.0894740936601198,-2
-0.1625,0,0,0,-0.1625,0,-0.0448198558242582,-0.0896397116485163,-2
-0.1625,0,0,0,-0.1625,0,-0.0449343919030039,-0.0898687838060078,-2
-0.1625,0,0,0,-0.1625,0,-0.0449684763258398,-0.0899369526516796,-2
-0.1625,0,0,0,-0.1625,0,-0.0449778014314329,-0.0899556028628657,-2
-0.1625,0,0,0,-0.1625,0,-0.045014428434419,-0.090028856868838,-2
-0.1625,0,0,0,-0.1625,0,-0.0449570925142785,-0.0899141850285569,-2
-0.1625,0,0,0,-0.1625,0,-0.0450419325445352,-0.0900838650890704,-2
-0.1625,0,0,0,-0.1625,0,-0.0451015454817198,-0.0902030909634396,-2
-0.1625,0,0,0,-0.1625,0,-0.0453182581968141,-0.0906365163936281,-2
-0.1625,0,0,0,-0.1625,0,-0.0454580414610266,-0.0909160829220532,-2
-0.1625,0,0,0,-0.1625,0,-0.0455051835081548,-0.0910103670163095,-2
-0.1625,0,0,0,-0.1625,0,-0.0453746044669459,-0.0907492089338918,-2
-0.1625,0,0,0,-0.1625,0,-0.0453182790080046,-0.0906365580160092,-2
-0.1625,0,0,0,-0.1625,0,-0.0453211419911382,-0.0906422839822763,-2
-0.1625,0,0,0,-0.1625,0,-0.0453380792637662,-0.0906761585275324,-2
-0.1625,0,0,0,-0.1625,0,-0.0452995623632057,-0.0905991247264114,-2
-0.1625,0,0,0,-0.1625,0,-0.0452927548694132,-0.0905855097388263,-2
-0.1625,0,0,0,-0.1625,0,-0.0453176638136966,-0.0906353276273931,-2
-0.1625,0,0,0,-0.1625,0,-0.0452251350138697,-0.0904502700277395,-2
-0.1625,0,0,0,-0.1625,0,-0.0454168700796233,-0.0908337401592467,-2
-0.1625,0,0,0,-0.1625,0,-0.0454318044591797,-0.0908636089183594,-2
-0.1625,0,0,0,-0.1625,0,-0.0453958282916539,-0.0907916565833078,-2
-0.1625,0,0,0,-0.1625,0,-0.0453453016775783,-0.0906906033551566,-2
-0.1625,0,0,0,-0.1625,0,-0.0453747725459039,-0.0907495450918079,-2
-0.1625,0,0,0,-0.1625,0,-0.0453077194791018,-0.0906154389582035,-2
-0.1625,0,0,0,-0.1625,0,-0.0452860934699966,-0.0905721869399932,-2
-0.1625,0,0,0,-0.1625,0,-0.045440583196413,-0.090881166392826,-2
-0.1625,0,0,0,-0.1625,0,-0.0454956065943905,-0.0909912131887811,-2
-0.1625,0,0,0,-0.1625,0,-0.0454601732549827,-0.0909203465099654,-2
-0.1625,0,0,0,-0.1625,0,-0.0453006104512269,-0.0906012209024537,-2
-0.1625,0,0,0,-0.1625,0,-0.0451757247582499,-0.0903514495164999,-2
-0.1625,0,0,0,-0.1625,0,-0.0451406517957573,-0.0902813035915146,-2
-0.1625,0,0,0,-0.1625,0,-0.0452879880022995,-0.0905759760045991,-2
-0.1625,0,0,0,-0.1625,0,-0.0452797169551542,-0.0905594339103084,-2
-0.1625,0,0,0,-0.1625,0,-0.0454093386930247,-0.0908186773860495,-2
-0.1625,0,0,0,-0.1625,0,-0.0453451677727513,-0.0906903355455026,-2
-0.1625,0,0,0,-0.1625,0,-0.0453021585786931,-0.0906043171573861,-2
-0.1625,0,0,0,-0.1625,0,-0.0453423165682796,-0.0906846331365592,-2
-0.1625,0,0,0,-0.1625,0,-0.0454711402591693,-0.0909422805183386,-2
-0.1625,0,0,0,-0.1625,0,-0.0454622387787919,-0.0909244775575838,-2
-0.1625,0,0,0,-0.1625,0,-0.0453717537472856,-0.0907435074945711,-2
-0.1625,0,0,0,-0.1625,0,-0.0453740671715787,-0.0907481343431574,-2
-0.1625,0,0,0,-0.1625,0,-0.0453608731100565,-0.0907217462201129,-2
-0.1625,0,0,0,-0.1625,0,-0.0453241603380706,-0.0906483206761412,-2
-0.1625,0,0,0,-0.1625,0,-0.0453422530033432,-0.0906845060066864,-2
-0.1625,0,0,0,-0.1625,0,-0.0453691234845331,-0.0907382469690662,-2
-0.1625,0,0,0,-0.1625,0,-0.0453386664157738,-0.0906773328315477,-2
-0.1625,0,0,0,-0.1625,0,-0.0453460223887334,-0.0906920447774667,-2
-0.1625,0,0,0,-0.1625,0,-0.0452535244147304,-0.0905070488294609,-2
-0.1625,0,0,0,-0.1625,0,-0.0451593477618294,-0.0903186955236588,-2
-0.1625,0,0,0,-0.1625,0,-0.0450520961216706,-0.0901041922433412,-2
-0.1625,0,0,0,-0.1625,0,-0.0450901291359459,-0.0901802582718919,-2
-0.1625,0,0,0,-0.1625,0,-0.0451315823646955,-0.0902631647293909,-2
-0.1625,0,0,0,-0.1625,0,-0.045224119286605,-0.0904482385732101,-2
-0.1625,0,0,0,-0.1625,0,-0.0453262040832026,-0.0906524081664052,-2
-0.1625,0,0,0,-0.1625,0,-0.0453173646292771,-0.0906347292585542,-2
-0.1625,0,0,0,-0.1625,0,-0.0453229889303031,-0.0906459778606062,-2
-0.1625,0,0,0,-0.1625,0,-0.0452539531451176,-0.0905079062902353,-2
-0.1625,0,0,0,-0.1625,0,-0.0452947520897994,-0.0905895041795989,-2
-0.1625,0,0,0,-0.1625,0,-0.0453734013628465,-0.0907468027256931,-2
-0.1625,0,0,0,-0.1625,0,-0.0453809827930516,-0.0907619655861032,-2
-0.1625,0,0,0,-0.1625,0,-0.0455270488444049,-0.0910540976888097,-2
-0.1625,0,0,0,-0.1625,0,-0.0454364987549319,-0.0908729975098639,-2
-0.1625,0,0,0,-0.1625,0,-0.0454795180777497,-0.0909590361554995,-2
-0.1625,0,0,0,-0.1625,0,-0.04553691800651,-0.0910738360130199,-2
-0.1625,0,0,0,-0.1625,0,-0.0454427122353909,-0.0908854244707818,-2
-0.1625,0,0,0,-0.1625,0,-0.0454618575002586,-0.0909237150005172,-2
-0.1625,0,0,0,-0.1625,0,-0.0455133327533894,-0.0910266655067788,-2
-0.1625,0,0,0,-0.1625,0,-0.0455600095800911,-0.0911200191601822,-2
-0.1625,0,0,0,-0.1625,0,-0.04554492752564,-0.0910898550512801,-2
-0.1625,0,0,0,-0.1625,0,-0.0455618887710203,-0.0911237775420406,-2
-0.1625,0,0,0,-0.1625,0,-0.0455940655065252,-0.0911881310130505,-2
-0.1625,0,0,0,-0.1625,0,-0.0455508996033462,-0.0911017992066924,-2
-0.1625,0,0,0,-0.1625,0,-0.0456211323915207,-0.0912422647830414,-2
-0.1625,0,0,0,-0.1625,0,-0.0456694337477274,-0.0913388674954547,-2
-0.1625,0,0,0,-0.1625,0,-0.045596534807509,-0.091193069615018,-2
-0.1625,0,0,0,-0.1625,0,-0.0457647816277781,-0.0915295632555562,-2
-0.1625,0,0,0,-0.1625,0,-0.0457737668050024,-0.0915475336100048,-2
-0.1625,0,0,0,-0.1625,0,-0.0457355810166488,-0.0914711620332976,-2
-0.1625,0,0,0,-0.1625,0,-0.0458974484683655,-0.0917948969367309,-2
-0.1625,0,0,0,-0.1625,0,-0.0458685376609333,-0.0917370753218665,-2
-0.1625,0,0,0,-0.1625,0,-0.0457504361526758,-0.0915008723053516,-2
-0.1625,0,0,0,-0.1625,0,-0.0456412993132926,-0.0912825986265851,-2
-0.1625,0,0,0,-0.1625,0,-0.0454471663886696,-0.0908943327773393,-2
-0.1625,0,0,0,-0.1625,0,-0.0453426212209048,-0.0906852424418096,-2
-0.1625,0,0,0,-0.1625,0,-0.0452793741327205,-0.0905587482654411,-2
-0.1625,0,0,0,-0.1625,0,-0.0451482395064915,-0.0902964790129831,-2
-0.1625,0,0,0,-0.1625,0,-0.0453971388401025,-0.090794277680205,-2
-0.1625,0,0,0,-0.1625,0,-0.0453818842331126,-0.0907637684662253,-2
-0.1625,0,0,0,-0.1625,0,-0.0452972787954214,-0.0905945575908428,-2
-0.1625,0,0,0,-0.1625,0,-0.0453158327699611,-0.0906316655399222,-2
-0.1625,0,0,0,-0.1625,0,-0.0454139433373148,-0.0908278866746297,-2
-0.1625,0,0,0,-0.1625,0,-0.0454393535007227,-0.0908787070014453,-2
-0.1625,0,0,0,-0.1625,0,-0.045652944783106,-0.091305889566212,-2
-0.1625,0,0,0,-0.1625,0,-0.0457246282933698,-0.0914492565867396,-2
-0.1625,0,0,0,-0.1625,0,-0.0458275549812158,-0.0916551099624316,-2
-0.1625,0,0,0,-0.1625,0,-0.0459434298817042,-0.0918868597634085,-2
-0.1625,0,0,0,-0.1625,0,-0.0458699285964021,-0.0917398571928041,-2
-0.1625,0,0,0,-0.1625,0,-0.0457551086566409,-0.0915102173132818,-2
-0.1625,0,0,0,-0.1625,0,-0.0458565908120127,-0.0917131816240254,-2
-0.1625,0,0,0,-0.1625,0,-0.0458775646794603,-0.0917551293589205,-2
-0.1625,0,0,0,-0.1625,0,-0.0460200007494585,-0.0920400014989169,-2
-0.1625,0,0,0,-0.1625,0,-0.0459762206344397,-0.0919524412688794,-2
-0.1625,0,0,0,-0.1625,0,-0.0459582407715976,-0.0919164815431951,-2
-0.1625,0,0,0,-0.1625,0,-0.0458378870993646,-0.0916757741987293,-2
-0.1625,0,0,0,-0.1625,0,-0.0458489780556402,-0.0916979561112805,-2
-0.1625,0,0,0,-0.1625,0,-0.0458779548579718,-0.0917559097159436,-2
-0.1625,0,0,0,-0.1625,0,-0.0458565028206358,-0.0917130056412715,-2
-0.1625,0,0,0,-0.1625,0,-0.0459354293166928,-0.0918708586333855,-2
-0.1625,0,0,0,-0.1625,0,-0.0459641086117806,-0.0919282172235611,-2
-0.1625,0,0,0,-0.1625,0,-0.0459536570191791,-0.0919073140383581,-2
-0.1625,0,0,0,-0.1625,0,-0.0459585940954167,-0.0919171881908335,-2
-0.1625,0,0,0,-0.1625,0,-0.0459010787980332,-0.0918021575960664,-2
-0.1625,0,0,0,-0.1625,0,-0.0458991287527209,-0.0917982575054419,-2
-0.1625,0,0,0,-0.1625,0,-0.0457947827466157,-0.0915895654932314,-2
-0.1625,0,0,0,-0.1625,0,-0.0458384700373207,-0.0916769400746414,-2
-0.1625,0,0,0,-0.1625,0,-0.0457197610845179,-0.0914395221690358,-2
-0.1625,0,0,0,-0.1625,0,-0.0455944079127533,-0.0911888158255065,-2
-0.1625,0,0,0,-0.1625,0,-0.0454796244316424,-0.0909592488632849,-2
-0.1625,0,0,0,-0.1625,0,-0.045506214351807,-0.091012428703614,-2
-0.1625,0,0,0,-0.1625,0,-0.0454917144995502,-0.0909834289991004,-2
-0.1625,0,0,0,-0.1625,0,-0.0455669154925109,-0.0911338309850217,-2
-0.1625,0,0,0,-0.1625,0,-0.0455221808058881,-0.0910443616117761,-2
-0.1625,0,0,0,-0.1625,0,-0.0454924439152663,-0.0909848878305326,-2
-0.1625,0,0,0,-0.1625,0,-0.0454285501149263,-0.0908571002298526,-2
-0.1625,0,0,0,-0.1625,0,-0.0454323539769777,-0.0908647079539555,-2
-0.1625,0,0,0,-0.1625,0,-0.0453773880228681,-0.0907547760457363,-2
-0.1625,0,0,0,-0.1625,0,-0.045285072083546,-0.090570144167092,-2
-0.1625,0,0,0,-0.1625,0,-0.0455112655220449,-0.0910225310440899,-2
-0.1625,0,0,0,-0.1625,0,-0.0456277084990823,-0.0912554169981645,-2
-0.1625,0,0,0,-0.1625,0,-0.0456066174316594,-0.0912132348633189,-2
-0.1625,0,0,0,-0.1625,0,-0.0457947463421782,-0.0915894926843564,-2
-0.1625,0,0,0,-0.1625,0,-0.0457339316515023,-0.0914678633030045,-2
-0.1625,0,0,0,-0.1625,0,-0.0458348410856095,-0.091669682171219,-2
-0.1625,0,0,0,-0.1625,0,-0.0459498640130427,-0.0918997280260854,-2
-0.1625,0,0,0,-0.1625,0,-0.045992576311535,-0.0919851526230699,-2
-0.1625,0,0,0,-0.1625,0,-0.0459808529026692,-0.0919617058053385,-2
-0.1625,0,0,0,-0.1625,0,-0.045932953184264,-0.0918659063685281,-2
-0.1625,0,0,0,-0.1625,0,-0.0459171296992211,-0.0918342593984422,-2
-0.1625,0,0,0,-0.1625,0,-0.0459190421025528,-0.0918380842051056,-2
-0.1625,0,0,0,-0.1625,0,-0.0459637452478152,-0.0919274904956303,-2
-0.1625,0,0,0,-0.1625,0,-0.0459453996436024,-0.0918907992872047,-2
-0.1625,0,0,0,-0.1625,0,-0.0459179533986071,-0.0918359067972142,-2
-0.1625,0,0,0,-0.1625,0,-0.0460050279960235,-0.0920100559920469,-2
-0.1625,0,0,0,-0.1625,0,-0.045843487706979,-0.091686975413958,-2
-0.1625,0,0,0,-0.1625,0,-0.0458367019643349,-0.0916734039286698,-2
-0.1625,0,0,0,-0.1625,0,-0.045835799026735,-0.09167159805347,-2
-0.1625,0,0,0,-0.1625,0,-0.0458424065174865,-0.0916848130349729,-2
-0.1625,0,0,0,-0.1625,0,-0.0458533140498726,-0.0917066280997453,-2
-0.1625,0,0,0,-0.1625,0,-0.0459488817560175,-0.091897763512035,-2
-0.1625,0,0,0,-0.1625,0,-0.0459422617155141,-0.0918845234310283,-2
-0.1625,0,0,0,-0.1625,0,-0.0458754365123299,-0.0917508730246599,-2
-0.1625,0,0,0,-0.1625,0,-0.0458405333219831,-0.0916810666439662,-2
-0.1625,0,0,0,-0.1625,0,-0.04588773046048,-0.09177546092096,-2
-0.1625,0,0,0,-0.1625,0,-0.0460223371972503,-0.0920446743945007,-2
-0.1625,0,0,0,-0.1625,0,-0.0460270092867297,-0.0920540185734594,-2
-0.1625,0,0,0,-0.1625,0,-0.0460263356461472,-0.0920526712922944,-2
-0.1625,0,0,0,-0.1625,0,-0.0459600443140646,-0.0919200886281292,-2
-0.1625,0,0,0,-0.1625,0,-0.0459445593269888,-0.0918891186539777,-2
-0.1625,0,0,0,-0.1625,0,-0.0458193709551912,-0.0916387419103825,-2
-0.1625,0,0,0,-0.1625,0,-0.0458334499105506,-0.0916668998211011,-2
-0.1625,0,0,0,-0.1625,0,-0.0456478519531823,-0.0912957039063647,-2
-0.1625,0,0,0,-0.1625,0,-0.0457123401062892,-0.0914246802125783,-2
-0.1625,0,0,0,-0.1625,0,-0.045638527901937,-0.091277055803874,-2
-0.1625,0,0,0,-0.1625,0,-0.0456058388427765,-0.091211677685553,-2
-0.1625,0,0,0,-0.1625,0,-0.0457269412516328,-0.0914538825032655,-2
-0.1625,0,0,0,-0.1625,0,-0.045658372406764,-0.091316744813528,-2
-0.1625,0,0,0,-0.1625,0,-0.0456213575593471,-0.0912427151186941,-2
-0.1625,0,0,0,-0.1625,0,-0.0456235024401484,-0.0912470048802968,-2
-0.1625,0,0,0,-0.1625,0,-0.0456425404205148,-0.0912850808410297,-2
-0.1625,0,0,0,-0.1625,0,-0.0455276389660886,-0.0910552779321772,-2
-0.1625,0,0,0,-0.1625,0,-0.0456225076824893,-0.0912450153649785,-2
-0.1625,0,0,0,-0.1625,0,-0.0456403023556653,-0.0912806047113307,-2
-0.1625,0,0,0,-0.1625,0,-0.0456517726411746,-0.0913035452823492,-2
-0.1625,0,0,0,-0.1625,0,-0.0457066345872951,-0.0914132691745902,-2
-0.1625,0,0,0,-0.1625,0,-0.0457380030005084,-0.0914760060010168,-2
-0.1625,0,0,0,-0.1625,0,-0.0455634415332059,-0.0911268830664118,-2
-0.1625,0,0,0,-0.1625,0,-0.0456307489603888,-0.0912614979207775,-2
-0.1625,0,0,0,-0.1625,0,-0.0455414116785305,-0.0910828233570611,-2
-0.1625,0,0,0,-0.1625,0,-0.0456729488124056,-0.0913458976248112,-2
-0.1625,0,0,0,-0.1625,0,-0.0455196795752185,-0.091039359150437,-2
-0.1625,0,0,0,-0.1625,0,-0.0455572554109051,-0.0911145108218101,-2
-0.1625,0,0,0,-0.1625,0,-0.0454586236487695,-0.090917247297539,-2
-0.1625,0,0,0,-0.1625,0,-0.0453581512496139,-0.0907163024992277,-2
-0.1625,0,0,0,-0.1625,0,-0.0453031362350889,-0.0906062724701778,-2
-0.1625,0,0,0,-0.1625,0,-0.0453004903530805,-0.090600980706161,-2
-0.1625,0,0,0,-0.1625,0,-0.0454047313318441,-0.0908094626636882,-2
-0.1625,0,0,0,-0.1625,0,-0.045454869999029,-0.090909739998058,-2
-0.1625,0,0,0,-0.1625,0,-0.0453210989888439,-0.0906421979776877,-2
-0.1625,0,0,0,-0.1625,0,-0.0454159200899892,-0.0908318401799784,-2
-0.1625,0,0,0,-0.1625,0,-0.0454127101062455,-0.090825420212491,-2
-0.1625,0,0,0,-0.1625,0,-0.0455719437845772,-0.0911438875691544,-2
-0.1625,0,0,0,-0.1625,0,-0.0457112977900016,-0.0914225955800032,-2
-0.1625,0,0,0,-0.1625,0,-0.0456863237386286,-0.0913726474772573,-2
-0.1625,0,0,0,-0.1625,0,-0.0454703823246036,-0.0909407646492071,-2
-0.1625,0,0,0,-0.1625,0,-0.045528837724032,-0.091057675448064,-2
-0.1625,0,0,0,-0.1625,0,-0.0456783675029318,-0.0913567350058637,-2
-0.1625,0,0,0,-0.1625,0,-0.0456532640618568,-0.0913065281237137,-2
-0.1625,0,0,0,-0.1625,0,-0.0455380555636097,-0.0910761111272194,-2
-0.1625,0,0,0,-0.1625,0,-0.0454811541403848,-0.0909623082807696,-2
-0.1625,0,0,0,-0.1625,0,-0.0454028566861054,-0.0908057133722109,-2
-0.1625,0,0,0,-0.1625,0,-0.0454567473997125,-0.090913494799425,-2
-0.1625,0,0,0,-0.1625,0,-0.0455363670415302,-0.0910727340830604,-2
-0.1625,0,0,0,-0.1625,0,-0.045405065248321,-0.090810130496642,-2
-0.1625,0,0,0,-0.1625,0,-0.0453710099433789,-0.0907420198867577,-2
-0.1625,0,0,0,-0.1625,0,-0.0455470779232162,-0.0910941558464324,-2
-0.1625,0,0,0,-0.1625,0,-0.0455883772602671,-0.0911767545205343,-2
-0.1625,0,0,0,-0.1625,0,-0.0456164440732669,-0.0912328881465338,-2
-0.1625,0,0,0,-0.1625,0,-0.0457263645658024,-0.0914527291316047,-2
-0.1625,0,0,0,-0.1625,0,-0.0457027136924617,-0.0914054273849233,-2
-0.1625,0,0,0,-0.1625,0,-0.0458188907561879,-0.0916377815123759,-2
-0.1625,0,0,0,-0.1625,0,-0.0458850855384719,-0.0917701710769439,-2
-0.1625,0,0,0,-0.1625,0,-0.0459627451100482,-0.0919254902200963,-2
-0.1625,0,0,0,-0.1625,0,-0.0459495715874762,-0.0918991431749524,-2
-0.1625,0,0,0,-0.1625,0,-0.0460144035505351,-0.0920288071010702,-2
-0.1625,0,0,0,-0.1625,0,-0.046036512908438,-0.0920730258168761,-2
-0.1625,0,0,0,-0.1625,0,-0.0460317023029357,-0.0920634046058715,-2
-0.1625,0,0,0,-0.1625,0,-0.0460878285130688,-0.0921756570261375,-2
-0.1625,0,0,0,-0.1625,0,-0.046126345961532,-0.0922526919230641,-2
-0.1625,0,0,0,-0.1625,0,-0.0460693348864004,-0.0921386697728008,-2
-0.1625,0,0,0,-0.1625,0,-0.0462254199065194,-0.0924508398130388,-2
-0.1625,0,0,0,-0.1625,0,-0.0462192635372346,-0.0924385270744692,-2
-0.1625,0,0,0,-0.1625,0,-0.0462981002460058,-0.0925962004920115,-2
-0.1625,0,0,0,-0.1625,0,-0.046218069198681,-0.092436138397362,-2
-0.1625,0,0,0,-0.1625,0,-0.0461621477264348,-0.0923242954528696,-2
-0.1625,0,0,0,-0.1625,0,-0.0460732491525233,-0.0921464983050467,-2
-0.1625,0,0,0,-0.1625,0,-0.0462754335783358,-0.0925508671566716,-2
-0.1625,0,0,0,-0.1625,0,-0.0463782473381559,-0.0927564946763117,-2
-0.1625,0,0,0,-0.1625,0,-0.0464098797388533,-0.0928197594777067,-2
-0.1625,0,0,0,-0.1625,0,-0.0464399533703903,-0.0928799067407805,-2
-0.1625,0,0,0,-0.1625,0,-0.046213953285588,-0.092427906571176,-2
-0.1625,0,0,0,-0.1625,0,-0.0463102456219617,-0.0926204912439235,-2
-0.1625,0,0,0,-0.1625,0,-0.0462939825125877,-0.0925879650251753,-2
-0.1625,0,0,0,-0.1625,0,-0.0461957237781763,-0.0923914475563525,-2
-0.1625,0,0,0,-0.1625,0,-0.0462284479782158,-0.0924568959564316,-2
-0.1625,0,0,0,-0.1625,0,-0.0461899385986328,-0.0923798771972656,-2
-0.1625,0,0,0,-0.1625,0,-0.0460757359311153,-0.0921514718622305,-2
-0.1625,0,0,0,-0.1625,0,-0.0460400862162952,-0.0920801724325905,-2
-0.1625,0,0,0,-0.1625,0,-0.045978079005844,-0.0919561580116881,-2
-0.1625,0,0,0,-0.1625,0,-0.0460788379220784,-0.0921576758441569,-2
-0.1625,0,0,0,-0.1625,0,-0.0460935087680325,-0.0921870175360649,-2
-0.1625,0,0,0,-0.1625,0,-0.0460858585014701,-0.0921717170029401,-2
-0.1625,0,0,0,-0.1625,0,-0.046076104535886,-0.092152209071772,-2
-0.1625,0,0,0,-0.1625,0,-0.0460113191684369,-0.0920226383368738,-2
-0.1625,0,0,0,-0.1625,0,-0.0460656634393063,-0.0921313268786125,-2
-0.1625,0,0,0,-0.1625,0,-0.0460734427396278,-0.0921468854792555,-2
-0.1625,0,0,0,-0.1625,0,-0.046263584179832,-0.0925271683596641,-2
-0.1625,0,0,0,-0.1625,0,-0.0463021206410522,-0.0926042412821044,-2
-0.1625,0,0,0,-0.1625,0,-0.0463823245582276,-0.0927646491164552,-2
-0.1625,0,0,0,-0.1625,0,-0.0462886044751202,-0.0925772089502404,-2
-0.1625,0,0,0,-0.1625,0,-0.0462385827408987,-0.0924771654817975,-2
-0.1625,0,0,0,-0.1625,0,-0.0461917734833085,-0.092383546966617,-2
-0.1625,0,0,0,-0.1625,0,-0.0460046724630566,-0.0920093449261133,-2
-0.1625,0,0,0,-0.1625,0,-0.0459534849796001,-0.0919069699592001,-2
-0.1625,0,0,0,-0.1625,0,-0.0458271166300782,-0.0916542332601563,-2
-0.1625,0,0,0,-0.1625,0,-0.0457131756474514,-0.0914263512949028,-2
-0.1625,0,0,0,-0.1625,0,-0.0457171061753867,-0.0914342123507734,-2
-0.1625,0,0,0,-0.1625,0,-0.045773739518214,-0.091547479036428,-2
-0.1625,0,0,0,-0.1625,0,-0.0458922587731831,-0.0917845175463662,-2
-0.1625,0,0,0,-0.1625,0,-0.0458899319759368,-0.0917798639518736,-2
-0.1625,0,0,0,-0.1625,0,-0.0459939021561583,-0.0919878043123165,-2
-0.1625,0,0,0,-0.1625,0,-0.0459353786639317,-0.0918707573278633,-2
-0.1625,0,0,0,-0.1625,0,-0.0459440096347034,-0.0918880192694067,-2
-0.1625,0,0,0,-0.1625,0,-0.0459440166124773,-0.0918880332249546,-2
-0.1625,0,0,0,-0.1625,0,-0.0459415678873313,-0.0918831357746626,-2
-0.1625,0,0,0,-0.1625,0,-0.0460703900279859,-0.0921407800559717,-2
-0.1625,0,0,0,-0.1625,0,-0.0460932817538547,-0.0921865635077093,-2
-0.1625,0,0,0,-0.1625,0,-0.0461940114989642,-0.0923880229979283,-2
-0.1625,0,0,0,-0.1625,0,-0.0462162720716504,-0.0924325441433007,-2
-0.1625,0,0,0,-0.1625,0,-0.0462337325352982,-0.0924674650705964,-2
-0.1625,0,0,0,-0.1625,0,-0.0462063227920673,-0.0924126455841346,-2
-0.1625,0,0,0,-0.1625,0,-0.0462160730086824,-0.0924321460173648,-2
-0.1625,0,0,0,-0.1625,0,-0.0463272395051296,-0.0926544790102591,-2
-0.1625,0,0,0,-0.1625,0,-0.046305340163672,-0.092610680327344,-2
-0.1625,0,0,0,-0.1625,0,-0.0462860337684173,-0.0925720675368346,-2
-0.1625,0,0,0,-0.1625,0,-0.0463887835050522,-0.0927775670101044,-2
-0.1625,0,0,0,-0.1625,0,-0.0464336695289403,-0.0928673390578807,-2
-0.1625,0,0,0,-0.1625,0,-0.0465065477724171,-0.0930130955448343,-2
-0.1625,0,0,0,-0.1625,0,-0.0464467937330579,-0.0928935874661157,-2
-0.1625,0,0,0,-0.1625,0,-0.046427653918569,-0.0928553078371381,-2
-0.1625,0,0,0,-0.1625,0,-0.0465066591175743,-0.0930133182351486,-2
-0.1625,0,0,0,-0.1625,0,-0.0464726382084029,-0.0929452764168059,-2
-0.1625,0,0,0,-0.1625,0,-0.0465290249213851,-0.0930580498427702,-2
-0.1625,0,0,0,-0.1625,0,-0.0464961741653506,-0.0929923483307011,-2
-0.1625,0,0,0,-0.1625,0,-0.0464605966266326,-0.0929211932532653,-2
-0.1625,0,0,0,-0.1625,0,-0.0464582678640106,-0.0929165357280213,-2
-0.1625,0,0,0,-0.1625,0,-0.0465359569104431,-0.0930719138208862,-2
-0.1625,0,0,0,-0.1625,0,-0.0464150138510324,-0.0928300277020648,-2
-0.1625,0,0,0,-0.1625,0,-0.0464441437137468,-0.0928882874274935,-2
-0.1625,0,0,0,-0.1625,0,-0.0465205742470984,-0.0930411484941968,-2
-0.1625,0,0,0,-0.1625,0,-0.046638282299783,-0.0932765645995659,-2
-0.1625,0,0,0,-0.1625,0,-0.0465763717094259,-0.0931527434188518,-2
-0.1625,0,0,0,-0.1625,0,-0.0466105121922126,-0.0932210243844251,-2
-0.1625,0,0,0,-0.1625,0,-0.0465981317394002,-0.0931962634788005,-2
-0.1625,0,0,0,-0.1625,0,-0.0465440083068856,-0.0930880166137712,-2
-0.1625,0,0,0,-0.1625,0,-0.0466369935275619,-0.0932739870551239,-2
-0.1625,0,0,0,-0.1625,0,-0.0465630839678008,-0.0931261679356016,-2
-0.1625,0,0,0,-0.1625,0,-0.0466776028422404,-0.0933552056844808,-2
-0.1625,0,0,0,-0.1625,0,-0.0465641195170421,-0.0931282390340842,-2
-0.1625,0,0,0,-0.1625,0,-0.046519493717123,-0.0930389874342459,-2
-0.1625,0,0,0,-0.1625,0,-0.0465067387991055,-0.093013477598211,-2
-0.1625,0,0,0,-0.1625,0,-0.046538682176921,-0.093077364353842,-2
-0.1625,0,0,0,-0.1625,0,-0.046483484867992,-0.0929669697359839,-2
-0.1625,0,0,0,-0.1625,0,-0.0465362027399807,-0.0930724054799613,-2
-0.1625,0,0,0,-0.1625,0,-0.0465413438602767,-0.0930826877205533,-2
-0.1625,0,0,0,-0.1625,0,-0.0464827018433625,-0.092965403686725,-2
-0.1625,0,0,0,-0.1625,0,-0.0465758981097832,-0.0931517962195664,-2
-0.1625,0,0,0,-0.1625,0,-0.0466285355439274,-0.0932570710878548,-2
-0.1625,0,0,0,-0.1625,0,-0.0466526015751032,-0.0933052031502064,-2
-0.1625,0,0,0,-0.1625,0,-0.0466202300699175,-0.0932404601398351,-2
-0.1625,0,0,0,-0.1625,0,-0.0466801777701909,-0.0933603555403817,-2
-0.1625,0,0,0,-0.1625,0,-0.0467285959876952,-0.0934571919753903,-2
-0.1625,0,0,0,-0.1625,0,-0.0467257390993797,-0.0934514781987595,-2
-0.1625,0,0,0,-0.1625,0,-0.0467169012913059,-0.0934338025826118,-2
-0.1625,0,0,0,-0.1625,0,-0.0466547223198911,-0.0933094446397823,-2
-0.1625,0,0,0,-0.1625,0,-0.0466239107634501,-0.0932478215269003,-2
-0.1625,0,0,0,-0.1625,0,-0.046692804915142,-0.0933856098302841,-2
-0.1625,0,0,0,-0.1625,0,-0.0466720679772546,-0.0933441359545093,-2
-0.1625,0,0,0,-0.1625,0,-0.0467253818698855,-0.093450763739771,-2
-0.1625,0,0,0,-0.1625,0,-0.0466487825586651,-0.0932975651173301,-2
-0.1625,0,0,0,-0.1625,0,-0.0466031069661787,-0.0932062139323575,-2
-0.1625,0,0,0,-0.1625,0,-0.0466810318719844,-0.0933620637439687,-2
-0.1625,0,0,0,-0.1625,0,-0.0467250351103499,-0.0934500702206997,-2
-0.1625,0,0,0,-0.1625,0,-0.0467182523898527,-0.0934365047797055,-2
-0.1625,0,0,0,-0.1625,0,-0.0467082863772801,-0.0934165727545601,-2
-0.1625,0,0,0,-0.1625,0,-0.0468616579616138,-0.0937233159232277,-2
-0.1625,0,0,0,-0.1625,0,-0.046775840608925,-0.09355168121785,-2
-0.1625,0,0,0,-0.1625,0,-0.0467898241749195,-0.093579648349839,-2
-0.1625,0,0,0,-0.1625,0,-0.04685317461261,-0.09370634922522,-2
-0.1625,0,0,0,-0.1625,0,-0.0469199770046586,-0.0938399540093172,-2
-0.1625,0,0,0,-0.1625,0,-0.0468644934202044,-0.0937289868404089,-2
-0.1625,0,0,0,-0.1625,0,-0.046897309111207,-0.0937946182224139,-2
-0.1625,0,0,0,-0.1625,0,-0.0468809870048004,-0.0937619740096009,-2
-0.1625,0,0,0,-0.1625,0,-0.0467301718656208,-0.0934603437312417,-2
-0.1625,0,0,0,-0.1625,0,-0.0468062281610352,-0.0936124563220703,-2
-0.1625,0,0,0,-0.1625,0,-0.0468061987485701,-0.0936123974971403,-2
-0.1625,0,0,0,-0.1625,0,-0.0467532243178188,-0.0935064486356376,-2
-0.1625,0,0,0,-0.1625,0,-0.0468228498023772,-0.0936456996047544,-2
-0.1625,0,0,0,-0.1625,0,-0.0468548247649863,-0.0937096495299727,-2
-0.1625,0,0,0,-0.1625,0,-0.0470122725191327,-0.0940245450382653,-2
-0.1625,0,0,0,-0.1625,0,-0.0469636690897599,-0.0939273381795198,-2
-0.1625,0,0,0,-0.1625,0,-0.0469779036256287,-0.0939558072512575,-2
-0.1625,0,0,0,-0.1625,0,-0.0469383485953847,-0.0938766971907694,-2
-0.1625,0,0,0,-0.1625,0,-0.0470297085333217,-0.0940594170666435,-2
-0.1625,0,0,0,-0.1625,0,-0.0470203411157109,-0.0940406822314219,-2
-0.1625,0,0,0,-0.1625,0,-0.0470580258281321,-0.0941160516562642,-2
-0.1625,0,0,0,-0.1625,0,-0.0470961799134449,-0.0941923598268899,-2
-0.1625,0,0,0,-0.1625,0,-0.04709107959054,-0.09418215918108,-2
-0.1625,0,0,0,-0.1625,0,-0.0470410211847804,-0.0940820423695608,-2
-0.1625,0,0,0,-0.1625,0,-0.0470241723696919,-0.0940483447393838,-2
-0.1625,0,0,0,-0.1625,0,-0.0470941297294732,-0.0941882594589465,-2
-0.1625,0,0,0,-0.1625,0,-0.0470714926840534,-0.0941429853681069,-2
-0.1625,0,0,0,-0.1625,0,-0.0469564523642204,-0.0939129047284409,-2
-0.1625,0,0,0,-0.1625,0,-0.0468988581066067,-0.0937977162132133,-2
-0.1625,0,0,0,-0.1625,0,-0.0469209085473872,-0.0938418170947743,-2
-0.1625,0,0,0,-0.1625,0,-0.0469182450930817,-0.0938364901861635,-2
-0.1625,0,0,0,-0.1625,0,-0.0469083361278157,-0.0938166722556314,-2
-0.1625,0,0,0,-0.1625,0,-0.0470156763374712,-0.0940313526749423,-2
-0.1625,0,0,0,-0.1625,0,-0.0470059397799913,-0.0940118795599826,-2
-0.1625,0,0,0,-0.1625,0,-0.0470641020242918,-0.0941282040485835,-2
-0.1625,0,0,0,-0.1625,0,-0.0470823259755442,-0.0941646519510885,-2
-0.1625,0,0,0,-0.1625,0,-0.0471204752533856,-0.0942409505067712,-2
-0.1625,0,0,0,-0.1625,0,-0.047046231887109,-0.0940924637742179,-2
-0.1625,0,0,0,-0.1625,0,-0.047098809526939,-0.094197619053878,-2
-0.1625,0,0,0,-0.1625,0,-0.0470738085916269,-0.0941476171832537,-2
-0.1625,0,0,0,-0.1625,0,-0.0469357241236161,-0.0938714482472323,-2
-0.1625,0,0,0,-0.1625,0,-0.0470727134001716,-0.0941454268003432,-2
-0.1625,0,0,0,-0.1625,0,-0.0469813787102546,-0.0939627574205092,-2
-0.1625,0,0,0,-0.1625,0,-0.0470093721654175,-0.0940187443308349,-2
-0.1625,0,0,0,-0.1625,0,-0.0470587934614637,-0.0941175869229274,-2
-0.1625,0,0,0,-0.1625,0,-0.0469832111035392,-0.0939664222070784,-2
-0.1625,0,0,0,-0.1625,0,-0.0470292260968027,-0.0940584521936054,-2
-0.1625,0,0,0,-0.1625,0,-0.0470265416132581,-0.0940530832265162,-2
-0.1625,0,0,0,-0.1625,0,-0.0469445066727047,-0.0938890133454093,-2
-0.1625,0,0,0,-0.1625,0,-0.0468485589939708,-0.0936971179879415,-2
-0.1625,0,0,0,-0.1625,0,-0.0468139615759953,-0.0936279231519905,-2
-0.1625,0,0,0,-0.1625,0,-0.0468666496694107,-0.0937332993388214,-2
-0.1625,0,0,0,-0.1625,0,-0.0468612165602297,-0.0937224331204595,-2
-0.1625,0,0,0,-0.1625,0,-0.0468948691103354,-0.0937897382206708,-2
-0.1625,0,0,0,-0.1625,0,-0.0469287994241685,-0.093857598848337,-2
-0.1625,0,0,0,-0.1625,0,-0.0469330538097538,-0.0938661076195077,-2
-0.1625,0,0,0,-0.1625,0,-0.0469380072325481,-0.0938760144650962,-2
-0.1625,0,0,0,-0.1625,0,-0.0468780946266084,-0.0937561892532168,-2
-0.1625,0,0,0,-0.1625,0,-0.0468652817622963,-0.0937305635245927,-2
-0.1625,0,0,0,-0.1625,0,-0.0468958362744072,-0.0937916725488144,-2
-0.1625,0,0,0,-0.1625,0,-0.046888206373944,-0.0937764127478879,-2
-0.1625,0,0,0,-0.1625,0,-0.0468716983384698,-0.0937433966769396,-2
-0.1625,0,0,0,-0.1625,0,-0.0469887896181788,-0.0939775792363575,-2
-0.1625,0,0,0,-0.1625,0,-0.0470059562280586,-0.0940119124561171,-2
-0.1625,0,0,0,-0.1625,0,-0.0471097750504807,-0.0942195501009613,-2
-0.1625,0,0,0,-0.1625,0,-0.0471656877824022,-0.0943313755648044,-2
-0.1625,0,0,0,-0.1625,0,-0.0471876179791721,-0.0943752359583443,-2
-0.1625,0,0,0,-0.1625,0,-0.0472237762005783,-0.0944475524011565,-2
-0.1625,0,0,0,-0.1625,0,-0.0472687054273439,-0.0945374108546878,-2
-0.1625,0,0,0,-0.1625,0,-0.0474246736657256,-0.0948493473314511,-2
-0.1625,0,0,0,-0.1625,0,-0.0474451164100994,-0.0948902328201988,-2
-0.1625,0,0,0,-0.1625,0,-0.0473825940405844,-0.0947651880811688,-2
-0.1625,0,0,0,-0.1625,0,-0.0474107961414251,-0.0948215922828501,-2
-0.1625,0,0,0,-0.1625,0,-0.0474682609844004,-0.0949365219688009,-2
-0.1625,0,0,0,-0.1625,0,-0.0474924429058534,-0.0949848858117069,-2
-0.1625,0,0,0,-0.1625,0,-0.047476578639014,-0.0949531572780279,-2
-0.1625,0,0,0,-0.1625,0,-0.0474027022987411,-0.0948054045974822,-2
-0.1625,0,0,0,-0.1625,0,-0.0473410121092441,-0.0946820242184883,-2
-0.1625,0,0,0,-0.1625,0,-0.0473569720084934,-0.0947139440169868,-2
-0.1625,0,0,0,-0.1625,0,-0.0473099271017912,-0.0946198542035824,-2
-0.1625,0,0,0,-0.1625,0,-0.0473755431626388,-0.0947510863252775,-2
-0.1625,0,0,0,-0.1625,0,-0.0474079880384597,-0.0948159760769195,-2
-0.1625,0,0,0,-0.1625,0,-0.0474167121856755,-0.094833424371351,-2
-0.1625,0,0,0,-0.1625,0,-0.0475025488916302,-0.0950050977832603,-2
-0.1625,0,0,0,-0.1625,0,-0.0474784412850728,-0.0949568825701455,-2
-0.1625,0,0,0,-0.1625,0,-0.0475355437374783,-0.0950710874749565,-2
-0.1625,0,0,0,-0.1625,0,-0.0475544036902271,-0.0951088073804541,-2
-0.1625,0,0,0,-0.1625,0,-0.0476599765401071,-0.0953199530802141,-2
-0.1625,0,0,0,-0.1625,0,-0.0476267511064683,-0.0952535022129365,-2
-0.1625,0,0,0,-0.1625,0,-0.0475680677870973,-0.0951361355741945,-2
-0.1625,0,0,0,-0.1625,0,-0.0476327354516279,-0.0952654709032558,-2
-0.1625,0,0,0,-0.1625,0,-0.0476388708090414,-0.0952777416180829,-2
-0.1625,0,0,0,-0.1625,0,-0.0476482421994488,-0.0952964843988976,-2
-0.1625,0,0,0,-0.1625,0,-0.0476154547038008,-0.0952309094076015,-2
-0.1625,0,0,0,-0.1625,0,-0.0476284874210344,-0.0952569748420688,-2
-0.1625,0,0,0,-0.1625,0,-0.0476353522796287,-0.0952707045592574,-2
-0.1625,0,0,0,-0.1625,0,-0.0475766994605878,-0.0951533989211757,-2
-0.1625,0,0,0,-0.1625,0,-0.0475892970389946,-0.0951785940779892,-2
-0.1625,0,0,0,-0.1625,0,-0.0476336918545148,-0.0952673837090295,-2
-0.1625,0,0,0,-0.1625,0,-0.0476262981251245,-0.095252596250249,-2
-0.1625,0,0,0,-0.1625,0,-0.0476440514530943,-0.0952881029061886,-2
-0.1625,0,0,0,-0.1625,0,-0.0476557338822772,-0.0953114677645545,-2
-0.1625,0,0,0,-0.1625,0,-0.0476456272817352,-0.0952912545634704,-2
-0.1625,0,0,0,-0.1625,0,-0.0476567889002159,-0.0953135778004318,-2
-0.1625,0,0,0,-0.1625,0,-0.04753504380618,-0.0950700876123601,-2
-0.1625,0,0,0,-0.1625,0,-0.0475865875234806,-0.0951731750469613,-2
-0.1625,0,0,0,-0.1625,0,-0.0475906421621571,-0.0951812843243141,-2
-0.1625,0,0,0,-0.1625,0,-0.0476458787836377,-0.0952917575672753,-2
-0.1625,0,0,0,-0.1625,0,-0.0476407357367631,-0.0952814714735262,-2
-0.1625,0,0,0,-0.1625,0,-0.0475718427815906,-0.0951436855631811,-2
-0.1625,0,0,0,-0.1625,0,-0.047563362962382,-0.0951267259247641,-2
-0.1625,0,0,0,-0.1625,0,-0.0475943430437647,-0.0951886860875294,-2
-0.1625,0,0,0,-0.1625,0,-0.0475656767552687,-0.0951313535105375,-2
-0.1625,0,0,0,-0.1625,0,-0.0475680234302962,-0.0951360468605924,-2
-0.1625,0,0,0,-0.1625,0,-0.0476599038420289,-0.0953198076840578,-2
-0.1625,0,0,0,-0.1625,0,-0.0476114906569236,-0.0952229813138473,-2
-0.1625,0,0,0,-0.1625,0,-0.0475378361938368,-0.0950756723876736,-2
-0.1625,0,0,0,-0.1625,0,-0.0475429182228788,-0.0950858364457575,-2
-0.1625,0,0,0,-0.1625,0,-0.0475652260792963,-0.0951304521585927,-2
-0.1625,0,0,0,-0.1625,0,-0.0475878490517582,-0.0951756981035164,-2
-0.1625,0,0,0,-0.1625,0,-0.0475781898540565,-0.0951563797081129,-2
-0.1625,0,0,0,-0.1625,0,-0.0475852862207055,-0.095170572441411,-2
-0.1625,0,0,0,-0.1625,0,-0.047611762179481,-0.095223524358962,-2
-0.1625,0,0,0,-0.1625,0,-0.0476463309816112,-0.0952926619632225,-2
-0.1625,0,0,0,-0.1625,0,-0.0476418844855396,-0.0952837689710791,-2
-0.1625,0,0,0,-0.1625,0,-0.0477347482340373,-0.0954694964680747,-2
-0.1625,0,0,0,-0.1625,0,-0.0477316353891556,-0.0954632707783112,-2
-0.1625,0,0,0,-0.1625,0,-0.0477674300482276,-0.0955348600964552,-2
-0.1625,0,0,0,-0.1625,0,-0.0477907825037467,-0.0955815650074933,-2
-0.1625,0,0,0,-0.1625,0,-0.0477861893387714,-0.0955723786775428,-2
-0.1625,0,0,0,-0.1625,0,-0.047796703742088,-0.095593407484176,-2
-0.1625,0,0,0,-0.1625,0,-0.0477559649114511,-0.0955119298229022,-2
-0.1625,0,0,0,-0.1625,0,-0.0477582613963183,-0.0955165227926367,-2
-0.1625,0,0,0,-0.1625,0,-0.0476865044471011,-0.0953730088942023,-2
-0.1625,0,0,0,-0.1625,0,-0.0476597039070217,-0.0953194078140433,-2
-0.1625,0,0,0,-0.1625,0,-0.0476818082709988,-0.0953636165419976,-2
-0.1625,0,0,0,-0.1625,0,-0.0476615452038497,-0.0953230904076993,-2
-0.1625,0,0,0,-0.1625,0,-0.0476767800967351,-0.0953535601934703,-2
-0.1625,0,0,0,-0.1625,0,-0.0475468876682669,-0.0950937753365338,-2
-0.1625,0,0,0,-0.1625,0,-0.0474816922474581,-0.0949633844949162,-2
-0.1625,0,0,0,-0.1625,0,-0.047456504209417,-0.0949130084188339,-2
-0.1625,0,0,0,-0.1625,0,-0.0475235544680813,-0.0950471089361626,-2
-0.1625,0,0,0,-0.1625,0,-0.0475273849614187,-0.0950547699228373,-2
-0.1625,0,0,0,-0.1625,0,-0.0475399739405832,-0.0950799478811663,-2
-0.1625,0,0,0,-0.1625,0,-0.0475905015039204,-0.0951810030078408,-2
-0.1625,0,0,0,-0.1625,0,-0.0476595359714468,-0.0953190719428936,-2
-0.1625,0,0,0,-0.1625,0,-0.0476661423958588,-0.0953322847917175,-2
-0.1625,0,0,0,-0.1625,0,-0.0477218099109248,-0.0954436198218496,-2
-0.1625,0,0,0,-0.1625,0,-0.0476534305013969,-0.0953068610027937,-2
-0.1625,0,0,0,-0.1625,0,-0.0476990111743023,-0.0953980223486046,-2
-0.1625,0,0,0,-0.1625,0,-0.0477885148471546,-0.0955770296943091,-2
-0.1625,0,0,0,-0.1625,0,-0.0477803296364411,-0.0955606592728822,-2
-0.1625,0,0,0,-0.1625,0,-0.0477808767022219,-0.0955617534044438,-2
-0.1625,0,0,0,-0.1625,0,-0.04775676101966,-0.09551352203932,-2
-0.1625,0,0,0,-0.1625,0,-0.0477802876128379,-0.0955605752256757,-2
-0.1625,0,0,0,-0.1625,0,-0.0477265450880566,-0.0954530901761132,-2
-0.1625,0,0,0,-0.1625,0,-0.0477854745501681,-0.0955709491003362,-2
-0.1625,0,0,0,-0.1625,0,-0.047842053755444,-0.0956841075108881,-2
-0.1625,0,0,0,-0.1625,0,-0.0479147141827582,-0.0958294283655164,-2
-0.1625,0,0,0,-0.1625,0,-0.047936840108265,-0.0958736802165299,-2
-0.1625,0,0,0,-0.1625,0,-0.0479137902244125,-0.0958275804488249,-2
-0.1625,0,0,0,-0.1625,0,-0.0479131026632931,-0.0958262053265861,-2
-0.1625,0,0,0,-0.1625,0,-0.0478669885352392,-0.0957339770704784,-2
-0.1625,0,0,0,-0.1625,0,-0.0479309701930621,-0.0958619403861243,-2
-0.1625,0,0,0,-0.1625,0,-0.0479051922961864,-0.0958103845923728,-2
-0.1625,0,0,0,-0.1625,0,-0.0479427172778464,-0.0958854345556927,-2
-0.1625,0,0,0,-0.1625,0,-0.0479673071630818,-0.0959346143261636,-2
-0.1625,0,0,0,-0.1625,0,-0.0479660037524144,-0.0959320075048289,-2
-0.1625,0,0,0,-0.1625,0,-0.0480097341172548,-0.0960194682345096,-2
-0.1625,0,0,0,-0.1625,0,-0.0479914910592037,-0.0959829821184074,-2
-0.1625,0,0,0,-0.1625,0,-0.0479516670106058,-0.0959033340212116,-2
-0.1625,0,0,0,-0.1625,0,-0.0479954861316087,-0.0959909722632173,-2
-0.1625,0,0,0,-0.1625,0,-0.0479754418242855,-0.095950883648571,-2
-0.1625,0,0,0,-0.1625,0,-0.0479659975789242,-0.0959319951578485,-2
-0.1625,0,0,0,-0.1625,0,-0.047955615068446,-0.095911230136892,-2
-0.1625,0,0,0,-0.1625,0,-0.0479240501839397,-0.0958481003678794,-2
-0.1625,0,0,0,-0.1625,0,-0.0478780792656783,-0.0957561585313567,-2
-0.1625,0,0,0,-0.1625,0,-0.0478487583572702,-0.0956975167145405,-2
-0.1625,0,0,0,-0.1625,0,-0.0478201668890236,-0.0956403337780471,-2
-0.1625,0,0,0,-0.1625,0,-0.0477931318567402,-0.0955862637134803,-2
-0.1625,0,0,0,-0.1625,0,-0.0477185047474711,-0.0954370094949421,-2
-0.1625,0,0,0,-0.1625,0,-0.0477321911869161,-0.0954643823738321,-2
-0.1625,0,0,0,-0.1625,0,-0.0477165290407138,-0.0954330580814276,-2
-0.1625,0,0,0,-0.1625,0,-0.0476717221020581,-0.0953434442041162,-2
-0.1625,0,0,0,-0.1625,0,-0.047623192678795,-0.09524638535759,-2
-0.1625,0,0,0,-0.1625,0,-0.0475626855806596,-0.0951253711613192,-2
-0.1625,0,0,0,-0.1625,0,-0.0475703824683996,-0.0951407649367992,-2
-0.1625,0,0,0,-0.1625,0,-0.0475212331235562,-0.0950424662471125,-2
-0.1625,0,0,0,-0.1625,0,-0.0475114186244671,-0.0950228372489341,-2
-0.1625,0,0,0,-0.1625,0,-0.0474230569309295,-0.094846113861859,-2
-0.1625,0,0,0,-0.1625,0,-0.0474600811924933,-0.0949201623849867,-2
-0.1625,0,0,0,-0.1625,0,-0.0475615077927517,-0.0951230155855033,-2
-0.1625,0,0,0,-0.1625,0,-0.0476041719211078,-0.0952083438422157,-2
-0.1625,0,0,0,-0.1625,0,-0.0475755628578479,-0.0951511257156959,-2
-0.1625,0,0,0,-0.1625,0,-0.0477023080630816,-0.0954046161261632,-2
-0.1625,0,0,0,-0.1625,0,-0.0477860154191482,-0.0955720308382964,-2
-0.1625,0,0,0,-0.1625,0,-0.0478115402674277,-0.0956230805348553,-2
-0.1625,0,0,0,-0.1625,0,-0.0478815228324468,-0.0957630456648937,-2
-0.1625,0,0,0,-0.1625,0,-0.0479258548458583,-0.0958517096917166,-2
-0.1625,0,0,0,-0.1625,0,-0.0479691701197382,-0.0959383402394764,-2
-0.1625,0,0,0,-0.1625,0,-0.0480194624744656,-0.0960389249489311,-2
-0.1625,0,0,0,-0.1625,0,-0.0480617614556667,-0.0961235229113333,-2
-0.1625,0,0,0,-0.1625,0,-0.0480682316101107,-0.0961364632202214,-2
-0.1625,0,0,0,-0.1625,0,-0.0481039323724943,-0.0962078647449887,-2
-0.1625,0,0,0,-0.1625,0,-0.0480887367142985,-0.096177473428597,-2
-0.1625,0,0,0,-0.1625,0,-0.0480665029525806,-0.0961330059051611,-2
-0.1625,0,0,0,-0.1625,0,-0.04802855000291,-0.0960571000058201,-2
-0.1625,0,0,0,-0.1625,0,-0.0480104528859985,-0.0960209057719971,-2
-0.1625,0,0,0,-0.1625,0,-0.0479726532689677,-0.0959453065379354,-2
-0.1625,0,0,0,-0.1625,0,-0.0479138839576061,-0.0958277679152123,-2
-0.1625,0,0,0,-0.1625,0,-0.0479286731301928,-0.0958573462603856,-2
-0.1625,0,0,0,-0.1625,0,-0.047909033161925,-0.0958180663238501,-2
-0.1625,0,0,0,-0.1625,0,-0.0479223554616237,-0.0958447109232473,-2
-0.1625,0,0,0,-0.1625,0,-0.0478493648209498,-0.0956987296418995,-2
-0.1625,0,0,0,-0.1625,0,-0.0478389363848042,-0.0956778727696083,-2
-0.1625,0,0,0,-0.1625,0,-0.0478974755254801,-0.0957949510509603,-2
-0.1625,0,0,0,-0.1625,0,-0.0478739649831321,-0.0957479299662641,-2
-0.1625,0,0,0,-0.1625,0,-0.0478769525617261,-0.0957539051234522,-2
-0.1625,0,0,0,-0.1625,0,-0.0478103924225958,-0.0956207848451917,-2
-0.1625,0,0,0,-0.1625,0,-0.047729285724251,-0.095458571448502,-2
-0.1625,0,0,0,-0.1625,0,-0.0477695554051949,-0.0955391108103897,-2
-0.1625,0,0,0,-0.1625,0,-0.0476872774364819,-0.0953745548729638,-2
-0.1625,0,0,0,-0.1625,0,-0.0477564361516572,-0.0955128723033145,-2
-0.1625,0,0,0,-0.1625,0,-0.0477816043702789,-0.0955632087405578,-2
-0.1625,0,0,0,-0.1625,0,-0.0476929321886129,-0.0953858643772258,-2
-0.1625,0,0,0,-0.1625,0,-0.0477323299379572,-0.0954646598759144,-2
-0.1625,0,0,0,-0.1625,0,-0.0476628997255699,-0.0953257994511397,-2
-0.1625,0,0,0,-0.1625,0,-0.0477282636723486,-0.0954565273446972,-2
-0.1625,0,0,0,-0.1625,0,-0.0477214278354327,-0.0954428556708653,-2
-0.1625,0,0,0,-0.1625,0,-0.0478418309531281,-0.0956836619062563,-2
-0.1625,0,0,0,-0.1625,0,-0.0478483096891298,-0.0956966193782597,-2
-0.1625,0,0,0,-0.1625,0,-0.0477478184552851,-0.0954956369105703,-2
-0.1625,0,0,0,-0.1625,0,-0.0477630181947702,-0.0955260363895404,-2
-0.1625,0,0,0,-0.1625,0,-0.0477281116566905,-0.095456223313381,-2
-0.1625,0,0,0,-0.1625,0,-0.0477759410257791,-0.0955518820515582,-2
-0.1625,0,0,0,-0.1625,0,-0.0477931866591091,-0.0955863733182183,-2
-0.1625,0,0,0,-0.1625,0,-0.0477632322763519,-0.0955264645527038,-2
-0.1625,0,0,0,-0.1625,0,-0.0477718677572188,-0.0955437355144377,-2
-0.1625,0,0,0,-0.1625,0,-0.0477791560531836,-0.0955583121063672,-2
-0.1625,0,0,0,-0.1625,0,-0.047782645906848,-0.095565291813696,-2
-0.1625,0,0,0,-0.1625,0,-0.0477423006875996,-0.0954846013751992,-2
-0.1625,0,0,0,-0.1625,0,-0.0478245454577053,-0.0956490909154105,-2
-0.1625,0,0,0,-0.1625,0,-0.0477791549451194,-0.0955583098902388,-2
-0.1625,0,0,0,-0.1625,0,-0.0477963806618591,-0.0955927613237183,-2
-0.1625,0,0,0,-0.1625,0,-0.0478462923632683,-0.0956925847265366,-2
-0.1625,0,0,0,-0.1625,0,-0.0478816380778304,-0.0957632761556607,-2
-0.1625,0,0,0,-0.1625,0,-0.0479340917915093,-0.0958681835830187,-2
-0.1625,0,0,0,-0.1625,0,-0.0478740649309959,-0.0957481298619919,-2
-0.1625,0,0,0,-0.1625,0,-0.04789915832697,-0.09579831665394,-2
-0.1625,0,0,0,-0.1625,0,-0.0478577332701524,-0.0957154665403048,-2
-0.1625,0,0,0,-0.1625,0,-0.0478949100405703,-0.0957898200811407,-2
-0.1625,0,0,0,-0.1625,0,-0.047826099650678,-0.095652199301356,-2
-0.1625,0,0,0,-0.1625,0,-0.0478001364518431,-0.0956002729036863,-2
-0.1625,0,0,0,-0.1625,0,-0.0478423161180454,-0.0956846322360908,-2
-0.1625,0,0,0,-0.1625,0,-0.0478054339090007,-0.0956108678180013,-2
-0.1625,0,0,0,-0.1625,0,-0.0478232272703276,-0.0956464545406553,-2
-0.1625,0,0,0,-0.1625,0,-0.0477666480863939,-0.0955332961727879,-2
-0.1625,0,0,0,-0.1625,0,-0.0477678686989881,-0.0955357373979762,-2
-0.1625,0,0,0,-0.1625,0,-0.0476961323749056,-0.0953922647498112,-2
-0.1625,0,0,0,-0.1625,0,-0.0476773047973011,-0.0953546095946022,-2
-0.1625,0,0,0,-0.1625,0,-0.0476051033542621,-0.0952102067085242,-2
-0.1625,0,0,0,-0.1625,0,-0.0475742400625372,-0.0951484801250744,-2
-0.1625,0,0,0,-0.1625,0,-0.0475165700746084,-0.0950331401492169,-2
-0.1625,0,0,0,-0.1625,0,-0.0475367489559173,-0.0950734979118345,-2
-0.1625,0,0,0,-0.1625,0,-0.0474666413348103,-0.0949332826696207,-2
-0.1625,0,0,0,-0.1625,0,-0.0475280355309704,-0.0950560710619408,-2
-0.1625,0,0,0,-0.1625,0,-0.0474802745335104,-0.0949605490670209,-2
-0.1625,0,0,0,-0.1625,0,-0.04747135850161,-0.09494271700322,-2
-0.1625,0,0,0,-0.1625,0,-0.0475782915117842,-0.0951565830235685,-2
-0.1625,0,0,0,-0.1625,0,-0.0475814572882161,-0.0951629145764322,-2
-0.1625,0,0,0,-0.1625,0,-0.0476086501120307,-0.0952173002240613,-2
-0.1625,0,0,0,-0.1625,0,-0.0476545075128653,-0.0953090150257305,-2
-0.1625,0,0,0,-0.1625,0,-0.0475765785666873,-0.0951531571333746,-2
-0.1625,0,0,0,-0.1625,0,-0.0475438387171869,-0.0950876774343737,-2
-0.1625,0,0,0,-0.1625,0,-0.0474580830682773,-0.0949161661365546,-2
-0.1625,0,0,0,-0.1625,0,-0.0474626014512621,-0.0949252029025241,-2
-0.1625,0,0,0,-0.1625,0,-0.0474395951432815,-0.0948791902865631,-2
-0.1625,0,0,0,-0.1625,0,-0.0474874048477536,-0.0949748096955072,-2
-0.1625,0,0,0,-0.1625,0,-0.0475050539577209,-0.0950101079154418,-2
-0.1625,0,0,0,-0.1625,0,-0.0474496779388396,-0.0948993558776791,-2
-0.1625,0,0,0,-0.1625,0,-0.0474154536710823,-0.0948309073421646,-2
-0.1625,0,0,0,-0.1625,0,-0.0473756601107432,-0.0947513202214863,-2
-0.1625,0,0,0,-0.1625,0,-0.0474423428695307,-0.0948846857390615,-2
-0.1625,0,0,0,-0.1625,0,-0.0474061854252994,-0.0948123708505988,-2
-0.1625,0,0,0,-0.1625,0,-0.0475292455595578,-0.0950584911191156,-2
-0.1625,0,0,0,-0.1625,0,-0.0474678053819011,-0.0949356107638022,-2
-0.1625,0,0,0,-0.1625,0,-0.0475246363781358,-0.0950492727562716,-2
-0.1625,0,0,0,-0.1625,0,-0.0474913292047816,-0.0949826584095631,-2
-0.1625,0,0,0,-0.1625,0,-0.0475072419664777,-0.0950144839329553,-2
-0.1625,0,0,0,-0.1625,0,-0.0474742362809111,-0.0949484725618222,-2
-0.1625,0,0,0,-0.1625,0,-0.0475526898730134,-0.0951053797460268,-2
-0.1625,0,0,0,-0.1625,0,-0.0476265833971303,-0.0952531667942606,-2
-0.1625,0,0,0,-0.1625,0,-0.0476581891851939,-0.0953163783703879,-2
-0.1625,0,0,0,-0.1625,0,-0.0476080825064281,-0.0952161650128562,-2
-0.1625,0,0,0,-0.1625,0,-0.0476375107947426,-0.0952750215894853,-2
-0.1625,0,0,0,-0.1625,0,-0.0475871388415824,-0.0951742776831649,-2
-0.1625,0,0,0,-0.1625,0,-0.0477182420908772,-0.0954364841817545,-2
-0.1625,0,0,0,-0.1625,0,-0.0477035090368938,-0.0954070180737875,-2
-0.1625,0,0,0,-0.1625,0,-0.0476661097325612,-0.0953322194651225,-2
-0.1625,0,0,0,-0.1625,0,-0.047674563218458,-0.095349126436916,-2
-0.1625,0,0,0,-0.1625,0,-0.0476973529328917,-0.0953947058657834,-2
-0.1625,0,0,0,-0.1625,0,-0.047742624684228,-0.0954852493684561,-2
-0.1625,0,0,0,-0.1625,0,-0.0477727230982251,-0.0955454461964501,-2
-0.1625,0,0,0,-0.1625,0,-0.0476774852560651,-0.0953549705121303,-2
-0.1625,0,0,0,-0.1625,0,-0.0477027647612435,-0.0954055295224869,-2
-0.1625,0,0,0,-0.1625,0,-0.0476573648983345,-0.095314729796669,-2
-0.1625,0,0,0,-0.1625,0,-0.0476719205532457,-0.0953438411064914,-2
-0.1625,0,0,0,-0.1625,0,-0.0477024949654408,-0.0954049899308817,-2
-0.1625,0,0,0,-0.1625,0,-0.0477212110200578,-0.0954424220401157,-2
-0.1625,0,0,0,-0.1625,0,-0.0476423582158488,-0.0952847164316977,-2
-0.1625,0,0,0,-0.1625,0,-0.0476740147712273,-0.0953480295424547,-2
-0.1625,0,0,0,-0.1625,0,-0.0476549790316333,-0.0953099580632666,-2
-0.1625,0,0,0,-0.1625,0,-0.0477484425305617,-0.0954968850611235,-2
-0.1625,0,0,0,-0.1625,0,-0.0478172201019891,-0.0956344402039782,-2
-0.1625,0,0,0,-0.1625,0,-0.0478058580251684,-0.0956117160503369,-2
-0.1625,0,0,0,-0.1625,0,-0.0477620915669245,-0.0955241831338491,-2
-0.1625,0,0,0,-0.1625,0,-0.0477436152544994,-0.0954872305089988,-2
-0.1625,0,0,0,-0.1625,0,-0.0477494223590526,-0.0954988447181051,-2
-0.1625,0,0,0,-0.1625,0,-0.0477111716347422,-0.0954223432694844,-2
-0.1625,0,0,0,-0.1625,0,-0.0476669723185006,-0.0953339446370011,-2
-0.1625,0,0,0,-0.1625,0,-0.0476560257461229,-0.0953120514922459,-2
-0.1625,0,0,0,-0.1625,0,-0.0476665610163221,-0.0953331220326443,-2
-0.1625,0,0,0,-0.1625,0,-0.0475989217134927,-0.0951978434269853,-2
-0.1625,0,0,0,-0.1625,0,-0.04757677453901,-0.09515354907802,-2
-0.1625,0,0,0,-0.1625,0,-0.0475807795253237,-0.0951615590506474,-2
-0.1625,0,0,0,-0.1625,0,-0.0475899091096414,-0.0951798182192829,-2
-0.1625,0,0,0,-0.1625,0,-0.0476168652651852,-0.0952337305303704,-2
-0.1625,0,0,0,-0.1625,0,-0.0476252166761066,-0.0952504333522131,-2
-0.1625,0,0,0,-0.1625,0,-0.0476847650238305,-0.095369530047661,-2
-0.1625,0,0,0,-0.1625,0,-0.0476603717079682,-0.0953207434159364,-2
-0.1625,0,0,0,-0.1625,0,-0.0476279641853671,-0.0952559283707342,-2
-0.1625,0,0,0,-0.1625,0,-0.0476286762821453,-0.0952573525642905,-2
-0.1625,0,0,0,-0.1625,0,-0.0476635370347911,-0.0953270740695822,-2
-0.1625,0,0,0,-0.1625,0,-0.0477208102075474,-0.0954416204150947,-2
-0.1625,0,0,0,-0.1625,0,-0.0477261438962938,-0.0954522877925876,-2
-0.1625,0,0,0,-0.1625,0,-0.0477992389009235,-0.0955984778018469,-2
-0.1625,0,0,0,-0.1625,0,-0.0477771139943974,-0.0955542279887948,-2
-0.1625,0,0,0,-0.1625,0,-0.047740346013722,-0.0954806920274441,-2
-0.1625,0,0,0,-0.1625,0,-0.0477235747053585,-0.095447149410717,-2
-0.1625,0,0,0,-0.1625,0,-0.0477197643136551,-0.0954395286273101,-2
-0.1625,0,0,0,-0.1625,0,-0.0476671053879885,-0.095334210775977,-2
-0.1625,0,0,0,-0.1625,0,-0.0476754297572398,-0.0953508595144796,-2
-0.1625,0,0,0,-0.1625,0,-0.0476758254206559,-0.0953516508413118,-2
-0.1625,0,0,0,-0.1625,0,-0.0476341905998899,-0.0952683811997798,-2
-0.1625,0,0,0,-0.1625,0,-0.0476556521007427,-0.0953113042014855,-2
-0.1625,0,0,0,-0.1625,0,-0.0476876406545393,-0.0953752813090785,-2
-0.1625,0,0,0,-0.1625,0,-0.0476401655106758,-0.0952803310213515,-2
-0.1625,0,0,0,-0.1625,0,-0.047696327834456,-0.0953926556689121,-2
-0.1625,0,0,0,-0.1625,0,-0.0477027569452834,-0.0954055138905668,-2
-0.1625,0,0,0,-0.1625,0,-0.0477121408411292,-0.0954242816822585,-2
-0.1625,0,0,0,-0.1625,0,-0.0477095664733647,-0.0954191329467294,-2
-0.1625,0,0,0,-0.1625,0,-0.0476970883983923,-0.0953941767967847,-2
-0.1625,0,0,0,-0.1625,0,-0.0476772111614429,-0.0953544223228857,-2
-0.1625,0,0,0,-0.1625,0,-0.0476978436192162,-0.0953956872384323,-2
-0.1625,0,0,0,-0.1625,0,-0.0476459060864948,-0.0952918121729897,-2
-0.1625,0,0,0,-0.1625,0,-0.0477053723186086,-0.0954107446372173,-2
-0.1625,0,0,0,-0.1625,0,-0.0476367043325098,-0.0952734086650195,-2
-0.1625,0,0,0,-0.1625,0,-0.047644603009548,-0.095289206019096,-2
-0.1625,0,0,0,-0.1625,0,-0.047604831734728,-0.095209663469456,-2
-0.1625,0,0,0,-0.1625,0,-0.0476465201924737,-0.0952930403849474,-2
-0.1625,0,0,0,-0.1625,0,-0.0476574140199514,-0.0953148280399028,-2
-0.1625,0,0,0,-0.1625,0,-0.0477251670993308,-0.0954503341986617,-2
-0.1625,0,0,0,-0.1625,0,-0.0477143319707742,-0.0954286639415484,-2
-0.1625,0,0,0,-0.1625,0,-0.0477276979958909,-0.0954553959917818,-2
-0.1625,0,0,0,-0.1625,0,-0.0477368672861998,-0.0954737345723995,-2
-0.1625,0,0,0,-0.1625,0,-0.047729502157533,-0.0954590043150659,-2
-0.1625,0,0,0,-0.1625,0,-0.047801335957748,-0.095602671915496,-2
-0.1625,0,0,0,-0.1625,0,-0.0477503691488693,-0.0955007382977387,-2
-0.1625,0,0,0,-0.1625,0,-0.0478211874523579,-0.0956423749047159,-2
-0.1625,0,0,0,-0.1625,0,-0.0477571067174782,-0.0955142134349563,-2
-0.1625,0,0,0,-0.1625,0,-0.0476854104184363,-0.0953708208368727,-2
-0.1625,0,0,0,-0.1625,0,-0.0477375069353989,-0.0954750138707978,-2
-0.1625,0,0,0,-0.1625,0,-0.0477470533288254,-0.0954941066576507,-2
-0.1625,0,0,0,-0.1625,0,-0.0477658174169005,-0.095531634833801,-2
-0.1625,0,0,0,-0.1625,0,-0.0477590514383461,-0.0955181028766921,-2
-0.1625,0,0,0,-0.1625,0,-0.0477238267446018,-0.0954476534892035,-2
-0.1625,0,0,0,-0.1625,0,-0.0476720816663906,-0.0953441633327811,-2
-0.1625,0,0,0,-0.1625,0,-0.0476706300182071,-0.0953412600364142,-2
-0.1625,0,0,0,-0.1625,0,-0.0477029535836072,-0.0954059071672144,-2
-0.1625,0,0,0,-0.1625,0,-0.0478041444866867,-0.0956082889733734,-2
-0.1625,0,0,0,-0.1625,0,-0.0478236712763565,-0.0956473425527131,-2
-0.1625,0,0,0,-0.1625,0,-0.0478189583155691,-0.0956379166311382,-2
-0.1625,0,0,0,-0.1625,0,-0.0477857761740822,-0.0955715523481644,-2
-0.1625,0,0,0,-0.1625,0,-0.0478227989148625,-0.095645597829725,-2
-0.1625,0,0,0,-0.1625,0,-0.0478264552462447,-0.0956529104924893,-2
-0.1625,0,0,0,-0.1625,0,-0.0479106959341906,-0.0958213918683812,-2
-0.1625,0,0,0,-0.1625,0,-0.0478848580959153,-0.0957697161918306,-2
-0.1625,0,0,0,-0.1625,0,-0.0478531108916233,-0.0957062217832466,-2
-0.1625,0,0,0,-0.1625,0,-0.0478039324240521,-0.0956078648481041,-2
-0.1625,0,0,0,-0.1625,0,-0.0477187194119816,-0.0954374388239632,-2
-0.1625,0,0,0,-0.1625,0,-0.047729017184323,-0.0954580343686461,-2
-0.1625,0,0,0,-0.1625,0,-0.0477814247131322,-0.0955628494262644,-2
-0.1625,0,0,0,-0.1625,0,-0.0478323137893238,-0.0956646275786477,-2
-0.1625,0,0,0,-0.1625,0,-0.0478536440646745,-0.0957072881293491,-2
-0.1625,0,0,0,-0.1625,0,-0.0478967374014549,-0.0957934748029098,-2
-0.1625,0,0,0,-0.1625,0,-0.0478863198603076,-0.0957726397206153,-2
-0.1625,0,0,0,-0.1625,0,-0.0478754389838238,-0.0957508779676476,-2
-0.1625,0,0,0,-0.1625,0,-0.0479167206806721,-0.0958334413613442,-2
-0.1625,0,0,0,-0.1625,0,-0.0479300024080347,-0.0958600048160694,-2
-0.1625,0,0,0,-0.1625,0,-0.0479303224586803,-0.0958606449173606,-2
-0.1625,0,0,0,-0.1625,0,-0.0479383999113796,-0.0958767998227592,-2
-0.1625,0,0,0,-0.1625,0,-0.0479523570958666,-0.0959047141917333,-2
-0.1625,0,0,0,-0.1625,0,-0.0478887479219222,-0.0957774958438444,-2
-0.1625,0,0,0,-0.1625,0,-0.0479509072323327,-0.0959018144646655,-2
-0.1625,0,0,0,-0.1625,0,-0.0479859226626618,-0.0959718453253236,-2
-0.1625,0,0,0,-0.1625,0,-0.0479899970635121,-0.0959799941270241,-2
-0.1625,0,0,0,-0.1625,0,-0.0480239531694111,-0.0960479063388221,-2
-0.1625,0,0,0,-0.1625,0,-0.0479964497927598,-0.0959928995855197,-2
-0.1625,0,0,0,-0.1625,0,-0.048018907481018,-0.0960378149620361,-2
-0.1625,0,0,0,-0.1625,0,-0.0480284054864634,-0.0960568109729267,-2
-0.1625,0,0,0,-0.1625,0,-0.0479893799458072,-0.0959787598916143,-2
-0.1625,0,0,0,-0.1625,0,-0.0480098706062583,-0.0960197412125166,-2
-0.1625,0,0,0,-0.1625,0,-0.0479991770929385,-0.0959983541858769,-2
-0.1625,0,0,0,-0.1625,0,-0.0479871017452466,-0.0959742034904931,-2
-0.1625,0,0,0,-0.1625,0,-0.0479295402374993,-0.0958590804749986,-2
-0.1625,0,0,0,-0.1625,0,-0.0479213046296908,-0.0958426092593815,-2
-0.1625,0,0,0,-0.1625,0,-0.0479137127953032,-0.0958274255906065,-2
-0.1625,0,0,0,-0.1625,0,-0.0478742446375307,-0.0957484892750613,-2
-0.1625,0,0,0,-0.1625,0,-0.0478999305608124,-0.0957998611216249,-2
-0.1625,0,0,0,-0.1625,0,-0.0478071725588489,-0.0956143451176978,-2
-0.1625,0,0,0,-0.1625,0,-0.0477812866061769,-0.0955625732123538,-2
-0.1625,0,0,0,-0.1625,0,-0.0478206200345956,-0.0956412400691911,-2
-0.1625,0,0,0,-0.1625,0,-0.0477738910715601,-0.0955477821431201,-2
-0.1625,0,0,0,-0.1625,0,-0.0477505431515174,-0.0955010863030348,-2
-0.1625,0,0,0,-0.1625,0,-0.0477749972934726,-0.0955499945869452,-2
-0.1625,0,0,0,-0.1625,0,-0.0478249888299219,-0.0956499776598439,-2
-0.1625,0,0,0,-0.1625,0,-0.0477856396045135,-0.0955712792090269,-2
-0.1625,0,0,0,-0.1625,0,-0.0477298451472194,-0.0954596902944389,-2
-0.1625,0,0,0,-0.1625,0,-0.0477712019839317,-0.0955424039678634,-2
-0.1625,0,0,0,-0.1625,0,-0.0477440655748588,-0.0954881311497176,-2
-0.1625,0,0,0,-0.1625,0,-0.0477051989687692,-0.0954103979375385,-2
-0.1625,0,0,0,-0.1625,0,-0.047670496072991,-0.0953409921459819,-2
-0.1625,0,0,0,-0.1625,0,-0.047669376519311,-0.0953387530386219,-2
-0.1625,0,0,0,-0.1625,0,-0.0477013958336055,-0.0954027916672111,-2
-0.1625,0,0,0,-0.1625,0,-0.0476604509642212,-0.0953209019284425,-2
-0.1625,0,0,0,-0.1625,0,-0.0476397915839019,-0.0952795831678039,-2
-0.1625,0,0,0,-0.1625,0,-0.0476426390219594,-0.0952852780439187,-2
-0.1625,0,0,0,-0.1625,0,-0.0476704226227835,-0.0953408452455669,-2
-0.1625,0,0,0,-0.1625,0,-0.0476707513976146,-0.0953415027952291,-2
-0.1625,0,0,0,-0.1625,0,-0.0476116849157023,-0.0952233698314047,-2
-0.1625,0,0,0,-0.1625,0,-0.0476001828344118,-0.0952003656688235,-2
-0.1625,0,0,0,-0.1625,0,-0.047594528597033,-0.095189057194066,-2
-0.1625,0,0,0,-0.1625,0,-0.0475804670933435,-0.0951609341866869,-2
-0.1625,0,0,0,-0.1625,0,-0.047685627027668,-0.095371254055336,-2
-0.1625,0,0,0,-0.1625,0,-0.0476511947207595,-0.0953023894415189,-2
-0.1625,0,0,0,-0.1625,0,-0.0477156354149066,-0.0954312708298132,-2
-0.1625,0,0,0,-0.1625,0,-0.0477030687014278,-0.0954061374028556,-2
-0.1625,0,0,0,-0.1625,0,-0.0476714782704436,-0.0953429565408873,-2
-0.1625,0,0,0,-0.1625,0,-0.047714234546701,-0.0954284690934019,-2
-0.1625,0,0,0,-0.1625,0,-0.0477469076136715,-0.0954938152273429,-2
-0.1625,0,0,0,-0.1625,0,-0.0476840677969566,-0.0953681355939133,-2
-0.1625,0,0,0,-0.1625,0,-0.0476519487247446,-0.0953038974494893,-2
-0.1625,0,0,0,-0.1625,0,-0.0475871304177619,-0.0951742608355239,-2
-0.1625,0,0,0,-0.1625,0,-0.047645189351959,-0.095290378703918,-2
-0.1625,0,0,0,-0.1625,0,-0.0476728620783574,-0.0953457241567148,-2
-0.1625,0,0,0,-0.1625,0,-0.0477278795274784,-0.0954557590549568,-2
-0.1625,0,0,0,-0.1625,0,-0.0477733022466429,-0.0955466044932859,-2
-0.1625,0,0,0,-0.1625,0,-0.0477379425350299,-0.0954758850700597,-2
-0.1625,0,0,0,-0.1625,0,-0.0477653767752822,-0.0955307535505645,-2
-0.1625,0,0,0,-0.1625,0,-0.0476892849168097,-0.0953785698336194,-2
-0.1625,0,0,0,-0.1625,0,-0.0475952410882249,-0.0951904821764498,-2
-0.1625,0,0,0,-0.1625,0,-0.0476507521437855,-0.095301504287571,-2
-0.1625,0,0,0,-0.1625,0,-0.0476569187095223,-0.0953138374190446,-2
-0.1625,0,0,0,-0.1625,0,-0.0476311258164841,-0.0952622516329682,-2
-0.1625,0,0,0,-0.1625,0,-0.0475051630937742,-0.0950103261875484,-2
-0.1625,0,0,0,-0.1625,0,-0.0475368678989396,-0.0950737357978791,-2
-0.1625,0,0,0,-0.1625,0,-0.0475484297160835,-0.095096859432167,-2
-0.1625,0,0,0,-0.1625,0,-0.0474986648976289,-0.0949973297952577,-2
-0.1625,0,0,0,-0.1625,0,-0.047466888916554,-0.0949337778331081,-2
-0.1625,0,0,0,-0.1625,0,-0.0474656288074213,-0.0949312576148426,-2
-0.1625,0,0,0,-0.1625,0,-0.047572714302829,-0.0951454286056581,-2
-0.1625,0,0,0,-0.1625,0,-0.047534831142414,-0.095069662284828,-2
-0.1625,0,0,0,-0.1625,0,-0.0474577824532287,-0.0949155649064574,-2
-0.1625,0,0,0,-0.1625,0,-0.0474126077551808,-0.0948252155103617,-2
-0.1625,0,0,0,-0.1625,0,-0.0474230794831169,-0.0948461589662338,-2
-0.1625,0,0,0,-0.1625,0,-0.0474435366478293,-0.0948870732956586,-2
-0.1625,0,0,0,-0.1625,0,-0.0474647700304199,-0.0949295400608397,-2
-0.1625,0,0,0,-0.1625,0,-0.0474926231065947,-0.0949852462131894,-2
-0.1625,0,0,0,-0.1625,0,-0.047482445760371,-0.0949648915207421,-2
-0.1625,0,0,0,-0.1625,0,-0.0474446792614497,-0.0948893585228995,-2
-0.1625,0,0,0,-0.1625,0,-0.0473851089184193,-0.0947702178368386,-2
-0.1625,0,0,0,-0.1625,0,-0.0473414458756384,-0.0946828917512767,-2
-0.1625,0,0,0,-0.1625,0,-0.0473480440242903,-0.0946960880485805,-2
-0.1625,0,0,0,-0.1625,0,-0.0474009145167942,-0.0948018290335883,-2
-0.1625,0,0,0,-0.1625,0,-0.0473827980632193,-0.0947655961264387,-2
-0.1625,0,0,0,-0.1625,0,-0.0473544180245281,-0.0947088360490562,-2
-0.1625,0,0,0,-0.1625,0,-0.0472858489275681,-0.0945716978551363,-2
-0.1625,0,0,0,-0.1625,0,-0.0472204443586375,-0.0944408887172751,-2
-0.1625,0,0,0,-0.1625,0,-0.0470924887600614,-0.0941849775201228,-2
-0.1625,0,0,0,-0.1625,0,-0.0472029933378047,-0.0944059866756094,-2
-0.1625,0,0,0,-0.1625,0,-0.0471116256470187,-0.0942232512940373,-2
-0.1625,0,0,0,-0.1625,0,-0.0469980314163771,-0.0939960628327542,-2
-0.1625,0,0,0,-0.1625,0,-0.0470343524756216,-0.0940687049512431,-2
-0.1625,0,0,0,-0.1625,0,-0.0471533885605636,-0.0943067771211273,-2
-0.1625,0,0,0,-0.1625,0,-0.0471962786547099,-0.0943925573094198,-2
-0.1625,0,0,0,-0.1625,0,-0.047055981227898,-0.094111962455796,-2
-0.1625,0,0,0,-0.1625,0,-0.046980055804027,-0.093960111608054,-2
-0.1625,0,0,0,-0.1625,0,-0.0470680922506732,-0.0941361845013464,-2
-0.1625,0,0,0,-0.1625,0,-0.046950626517504,-0.093901253035008,-2
-0.1625,0,0,0,-0.1625,0,-0.0469490779295183,-0.0938981558590365,-2
-0.1625,0,0,0,-0.1625,0,-0.0468682817162789,-0.0937365634325578,-2
-0.1625,0,0,0,-0.1625,0,-0.0469109832466698,-0.0938219664933395,-2
-0.1625,0,0,0,-0.1625,0,-0.0469187528888724,-0.0938375057777448,-2
-0.1625,0,0,0,-0.1625,0,-0.0469030180096215,-0.0938060360192429,-2
-0.1625,0,0,0,-0.1625,0,-0.0468832182832881,-0.0937664365665762,-2
-0.1625,0,0,0,-0.1625,0,-0.0468759173295382,-0.0937518346590763,-2
-0.1625,0,0,0,-0.1625,0,-0.0469133441612421,-0.0938266883224843,-2
-0.1625,0,0,0,-0.1625,0,-0.0468316012725429,-0.0936632025450859,-2
-0.1625,0,0,0,-0.1625,0,-0.0468199865995194,-0.0936399731990388,-2
-0.1625,0,0,0,-0.1625,0,-0.0466825319710388,-0.0933650639420777,-2
-0.1625,0,0,0,-0.1625,0,-0.0465444983987905,-0.0930889967975811,-2
-0.1625,0,0,0,-0.1625,0,-0.0465542670057433,-0.0931085340114865,-2
-0.1625,0,0,0,-0.1625,0,-0.0466807553085418,-0.0933615106170837,-2
-0.1625,0,0,0,-0.1625,0,-0.0467254917877734,-0.0934509835755468,-2
-0.1625,0,0,0,-0.1625,0,-0.0467099328245637,-0.0934198656491275,-2
-0.1625,0,0,0,-0.1625,0,-0.0467799923957499,-0.0935599847914997,-2
-0.1625,0,0,0,-0.1625,0,-0.046759126523692,-0.093518253047384,-2
-0.1625,0,0,0,-0.1625,0,-0.0465739640171637,-0.0931479280343273,-2
-0.1625,0,0,0,-0.1625,0,-0.0465437876756738,-0.0930875753513476,-2
-0.1625,0,0,0,-0.1625,0,-0.0465532777743013,-0.0931065555486027,-2
-0.1625,0,0,0,-0.1625,0,-0.0465995544126481,-0.0931991088252962,-2
-0.1625,0,0,0,-0.1625,0,-0.0465990182140508,-0.0931980364281016,-2
-0.1625,0,0,0,-0.1625,0,-0.0466018509023584,-0.0932037018047168,-2
-0.1625,0,0,0,-0.1625,0,-0.0465769449220661,-0.0931538898441323,-2
-0.1625,0,0,0,-0.1625,0,-0.0466934095401606,-0.0933868190803212,-2
-0.1625,0,0,0,-0.1625,0,-0.046850555466866,-0.0937011109337321,-2
-0.1625,0,0,0,-0.1625,0,-0.0469202784810737,-0.0938405569621473,-2
-0.1625,0,0,0,-0.1625,0,-0.0468877169166646,-0.0937754338333291,-2
-0.1625,0,0,0,-0.1625,0,-0.0469093414270948,-0.0938186828541896,-2
-0.1625,0,0,0,-0.1625,0,-0.0468267658694954,-0.0936535317389908,-2
-0.1625,0,0,0,-0.1625,0,-0.0468521018685336,-0.0937042037370671,-2
-0.1625,0,0,0,-0.1625,0,-0.0469633034292827,-0.0939266068585654,-2
-0.1625,0,0,0,-0.1625,0,-0.0469387158845981,-0.0938774317691961,-2
-0.1625,0,0,0,-0.1625,0,-0.0470515281510419,-0.0941030563020838,-2
-0.1625,0,0,0,-0.1625,0,-0.0471354052921475,-0.094270810584295,-2
-0.1625,0,0,0,-0.1625,0,-0.0471357406161518,-0.0942714812323037,-2
-0.1625,0,0,0,-0.1625,0,-0.0470118297084575,-0.0940236594169151,-2
-0.1625,0,0,0,-0.1625,0,-0.0469573112459715,-0.0939146224919429,-2
-0.1625,0,0,0,-0.1625,0,-0.0468894170269748,-0.0937788340539495,-2
-0.1625,0,0,0,-0.1625,0,-0.0469155888663997,-0.0938311777327994,-2
-0.1625,0,0,0,-0.1625,0,-0.0468144109481335,-0.093628821896267,-2
-0.1625,0,0,0,-0.1625,0,-0.0467893097943206,-0.0935786195886413,-2
-0.1625,0,0,0,-0.1625,0,-0.0467741473760616,-0.0935482947521233,-2
-0.1625,0,0,0,-0.1625,0,-0.0467224657401209,-0.0934449314802418,-2
-0.1625,0,0,0,-0.1625,0,-0.0467663006961017,-0.0935326013922034,-2
-0.1625,0,0,0,-0.1625,0,-0.0467949618905651,-0.0935899237811302,-2
-0.1625,0,0,0,-0.1625,0,-0.046757786909263,-0.093515573818526,-2
-0.1625,0,0,0,-0.1625,0,-0.0467556854898514,-0.0935113709797027,-2
-0.1625,0,0,0,-0.1625,0,-0.0466396568045267,-0.0932793136090533,-2
-0.1625,0,0,0,-0.1625,0,-0.0466258040833687,-0.0932516081667373,-2
-0.1625,0,0,0,-0.1625,0,-0.046748686498128,-0.093497372996256,-2
-0.1625,0,0,0,-0.1625,0,-0.046796935979613,-0.0935938719592259,-2
-0.1625,0,0,0,-0.1625,0,-0.0468307905703787,-0.0936615811407574,-2
-0.1625,0,0,0,-0.1625,0,-0.0467836766858417,-0.0935673533716834,-2
-0.1625,0,0,0,-0.1625,0,-0.04672512684436,-0.09345025368872,-2
-0.1625,0,0,0,-0.1625,0,-0.0466036811117292,-0.0932073622234584,-2
-0.1625,0,0,0,-0.1625,0,-0.0465541261063411,-0.0931082522126822,-2
-0.1625,0,0,0,-0.1625,0,-0.0464532153451784,-0.0929064306903569,-2
-0.1625,0,0,0,-0.1625,0,-0.0464666500034498,-0.0929333000068995,-2
-0.1625,0,0,0,-0.1625,0,-0.0463705596706816,-0.0927411193413632,-2
-0.1625,0,0,0,-0.1625,0,-0.046382840307826,-0.092765680615652,-2
-0.1625,0,0,0,-0.1625,0,-0.0463867710905642,-0.0927735421811283,-2
-0.1625,0,0,0,-0.1625,0,-0.0465188112119167,-0.0930376224238333,-2
-0.1625,0,0,0,-0.1625,0,-0.0465113619462119,-0.0930227238924238,-2
-0.1625,0,0,0,-0.1625,0,-0.0465037939023998,-0.0930075878047997,-2
-0.1625,0,0,0,-0.1625,0,-0.0465662220352819,-0.0931324440705639,-2
-0.1625,0,0,0,-0.1625,0,-0.0466275808981929,-0.0932551617963858,-2
-0.1625,0,0,0,-0.1625,0,-0.0466295488804654,-0.0932590977609308,-2
-0.1625,0,0,0,-0.1625,0,-0.0466629016045488,-0.0933258032090975,-2
-0.1625,0,0,0,-0.1625,0,-0.0466622669843027,-0.0933245339686053,-2
-0.1625,0,0,0,-0.1625,0,-0.0466999179294833,-0.0933998358589667,-2
-0.1625,0,0,0,-0.1625,0,-0.0467739426464636,-0.0935478852929273,-2
-0.1625,0,0,0,-0.1625,0,-0.0467147823031692,-0.0934295646063384,-2
-0.1625,0,0,0,-0.1625,0,-0.046652902988445,-0.0933058059768899,-2
-0.1625,0,0,0,-0.1625,0,-0.0465414587390731,-0.0930829174781463,-2
-0.1625,0,0,0,-0.1625,0,-0.0465686855436456,-0.0931373710872912,-2
-0.1625,0,0,0,-0.1625,0,-0.0464787755926905,-0.0929575511853811,-2
-0.1625,0,0,0,-0.1625,0,-0.0464919333225718,-0.0929838666451436,-2
-0.1625,0,0,0,-0.1625,0,-0.0464078485682769,-0.0928156971365538,-2
-0.1625,0,0,0,-0.1625,0,-0.0464564638658587,-0.0929129277317175,-2
-0.1625,0,0,0,-0.1625,0,-0.0464421586175118,-0.0928843172350235,-2
-0.1625,0,0,0,-0.1625,0,-0.0465811024738257,-0.0931622049476514,-2
-0.1625,0,0,0,-0.1625,0,-0.0466036275972366,-0.0932072551944732,-2
-0.1625,0,0,0,-0.1625,0,-0.0466481700744276,-0.0932963401488553,-2
-0.1625,0,0,0,-0.1625,0,-0.0466600579486382,-0.0933201158972765,-2
-0.1625,0,0,0,-0.1625,0,-0.0466739432481039,-0.0933478864962077,-2
-0.1625,0,0,0,-0.1625,0,-0.0467041620155938,-0.0934083240311875,-2
-0.1625,0,0,0,-0.1625,0,-0.0466809790835255,-0.0933619581670509,-2
-0.1625,0,0,0,-0.1625,0,-0.0466478656615945,-0.0932957313231889,-2
-0.1625,0,0,0,-0.1625,0,-0.0465605851332364,-0.0931211702664729,-2
-0.1625,0,0,0,-0.1625,0,-0.0465070439953961,-0.0930140879907923,-2
-0.1625,0,0,0,-0.1625,0,-0.0465517904606308,-0.0931035809212616,-2
-0.1625,0,0,0,-0.1625,0,-0.0466725329261958,-0.0933450658523916,-2
-0.1625,0,0,0,-0.1625,0,-0.0466621467158189,-0.0933242934316378,-2
-0.1625,0,0,0,-0.1625,0,-0.0466567829064719,-0.0933135658129439,-2
-0.1625,0,0,0,-0.1625,0,-0.0465231651047717,-0.0930463302095434,-2
-0.1625,0,0,0,-0.1625,0,-0.046451489579289,-0.0929029791585779,-2
-0.1625,0,0,0,-0.1625,0,-0.0463912618371274,-0.0927825236742548,-2
-0.1625,0,0,0,-0.1625,0,-0.0463933182671544,-0.0927866365343088,-2
-0.1625,0,0,0,-0.1625,0,-0.0463795252616704,-0.0927590505233408,-2
-0.1625,0,0,0,-0.1625,0,-0.0464471877173468,-0.0928943754346937,-2
-0.1625,0,0,0,-0.1625,0,-0.0464674429565467,-0.0929348859130934,-2
-0.1625,0,0,0,-0.1625,0,-0.046474994944446,-0.092949989888892,-2
-0.1625,0,0,0,-0.1625,0,-0.0465083773678,-0.0930167547355999,-2
-0.1625,0,0,0,-0.1625,0,-0.0464895674822461,-0.0929791349644923,-2
-0.1625,0,0,0,-0.1625,0,-0.0466417257100959,-0.0932834514201919,-2
-0.1625,0,0,0,-0.1625,0,-0.0466908908944964,-0.0933817817889928,-2
-0.1625,0,0,0,-0.1625,0,-0.0465986689916246,-0.0931973379832492,-2
-0.1625,0,0,0,-0.1625,0,-0.0466283789614468,-0.0932567579228935,-2
-0.1625,0,0,0,-0.1625,0,-0.0465867928633675,-0.093173585726735,-2
-0.1625,0,0,0,-0.1625,0,-0.0466760503930561,-0.0933521007861122,-2
-0.1625,0,0,0,-0.1625,0,-0.0466658395552302,-0.0933316791104604,-2
-0.1625,0,0,0,-0.1625,0,-0.0465984460605192,-0.0931968921210383,-2
-0.1625,0,0,0,-0.1625,0,-0.0466194874046071,-0.0932389748092142,-2
-0.1625,0,0,0,-0.1625,0,-0.046566865764385,-0.0931337315287699,-2
-0.1625,0,0,0,-0.1625,0,-0.0467606875407561,-0.0935213750815122,-2
-0.1625,0,0,0,-0.1625,0,-0.0468492359039754,-0.0936984718079508,-2
-0.1625,0,0,0,-0.1625,0,-0.0467963003738796,-0.0935926007477591,-2
-0.1625,0,0,0,-0.1625,0,-0.0468297187509313,-0.0936594375018625,-2
-0.1625,0,0,0,-0.1625,0,-0.0467849032033515,-0.093569806406703,-2
-0.1625,0,0,0,-0.1625,0,-0.0468609645397469,-0.0937219290794938,-2
-0.1625,0,0,0,-0.1625,0,-0.0468605819210932,-0.0937211638421865,-2
-0.1625,0,0,0,-0.1625,0,-0.0468992373754452,-0.0937984747508904,-2
-0.1625,0,0,0,-0.1625,0,-0.0468940241781299,-0.0937880483562597,-2
-0.1625,0,0,0,-0.1625,0,-0.0469753868672127,-0.0939507737344254,-2
-0.1625,0,0,0,-0.1625,0,-0.0469726967167681,-0.0939453934335362,-2
-0.1625,0,0,0,-0.1625,0,-0.0470317192412419,-0.0940634384824839,-2
-0.1625,0,0,0,-0.1625,0,-0.0471240819514689,-0.0942481639029379,-2
-0.1625,0,0,0,-0.1625,0,-0.0470704432679715,-0.094140886535943,-2
-0.1625,0,0,0,-0.1625,0,-0.0470598339490423,-0.0941196678980846,-2
-0.1625,0,0,0,-0.1625,0,-0.0471611257893907,-0.0943222515787814,-2
-0.1625,0,0,0,-0.1625,0,-0.0472194780428597,-0.0944389560857195,-2
-0.1625,0,0,0,-0.1625,0,-0.0471484249001985,-0.094296849800397,-2
-0.1625,0,0,0,-0.1625,0,-0.0472401435763805,-0.0944802871527611,-2
-0.1625,0,0,0,-0.1625,0,-0.0470922560000725,-0.094184512000145,-2
-0.1625,0,0,0,-0.1625,0,-0.047068421730836,-0.094136843461672,-2
-0.1625,0,0,0,-0.1625,0,-0.0471371805254953,-0.0942743610509907,-2
-0.1625,0,0,0,-0.1625,0,-0.0471700532702412,-0.0943401065404824,-2
-0.1625,0,0,0,-0.1625,0,-0.0471993712977117,-0.0943987425954234,-2
-0.1625,0,0,0,-0.1625,0,-0.0471803742016302,-0.0943607484032603,-2
-0.1625,0,0,0,-0.1625,0,-0.0471770700334635,-0.094354140066927,-2
-0.1625,0,0,0,-0.1625,0,-0.0472519740940493,-0.0945039481880987,-2
-0.1625,0,0,0,-0.1625,0,-0.0472761535035409,-0.0945523070070819,-2
-0.1625,0,0,0,-0.1625,0,-0.0471876138666325,-0.0943752277332649,-2
-0.1625,0,0,0,-0.1625,0,-0.0472847074972307,-0.0945694149944614,-2
-0.1625,0,0,0,-0.1625,0,-0.047246987706189,-0.0944939754123781,-2
-0.1625,0,0,0,-0.1625,0,-0.0473287021810591,-0.0946574043621183,-2
-0.1625,0,0,0,-0.1625,0,-0.0473854679141318,-0.0947709358282636,-2
-0.1625,0,0,0,-0.1625,0,-0.0473814254301642,-0.0947628508603283,-2
-0.1625,0,0,0,-0.1625,0,-0.0473625646779312,-0.0947251293558624,-2
-0.1625,0,0,0,-0.1625,0,-0.0473483652468113,-0.0946967304936226,-2
-0.1625,0,0,0,-0.1625,0,-0.0474135946269833,-0.0948271892539666,-2
-0.1625,0,0,0,-0.1625,0,-0.047254045054758,-0.094508090109516,-2
-0.1625,0,0,0,-0.1625,0,-0.0471961075127135,-0.094392215025427,-2
-0.1625,0,0,0,-0.1625,0,-0.0472093038838386,-0.0944186077676773,-2
-0.1625,0,0,0,-0.1625,0,-0.0472373403353741,-0.0944746806707483,-2
-0.1625,0,0,0,-0.1625,0,-0.0472439358851886,-0.0944878717703771,-2
-0.1625,0,0,0,-0.1625,0,-0.0472785479170846,-0.0945570958341692,-2
-0.1625,0,0,0,-0.1625,0,-0.0471800124747693,-0.0943600249495385,-2
-0.1625,0,0,0,-0.1625,0,-0.0472439032792963,-0.0944878065585926,-2
-0.1625,0,0,0,-0.1625,0,-0.0473656006186259,-0.0947312012372519,-2
-0.1625,0,0,0,-0.1625,0,-0.0473113555255463,-0.0946227110510926,-2
-0.1625,0,0,0,-0.1625,0,-0.0472783042723324,-0.0945566085446647,-2
-0.1625,0,0,0,-0.1625,0,-0.0472466927987065,-0.0944933855974129,-2
-0.1625,0,0,0,-0.1625,0,-0.0472964027367611,-0.0945928054735223,-2
-0.1625,0,0,0,-0.1625,0,-0.0472512899443501,-0.0945025798887001,-2
-0.1625,0,0,0,-0.1625,0,-0.0472742449750805,-0.0945484899501611,-2
-0.1625,0,0,0,-0.1625,0,-0.0471502346529793,-0.0943004693059585,-2
-0.1625,0,0,0,-0.1625,0,-0.0471940259038095,-0.0943880518076191,-2
-0.1625,0,0,0,-0.1625,0,-0.0472483952881631,-0.0944967905763261,-2
-0.1625,0,0,0,-0.1625,0,-0.0473080997249492,-0.0946161994498983,-2
-0.1625,0,0,0,-0.1625,0,-0.0473245945155556,-0.0946491890311113,-2
-0.1625,0,0,0,-0.1625,0,-0.0473265158667136,-0.0946530317334272,-2
-0.1625,0,0,0,-0.1625,0,-0.0473621365725004,-0.0947242731450008,-2
-0.1625,0,0,0,-0.1625,0,-0.047318886299577,-0.094637772599154,-2
-0.1625,0,0,0,-0.1625,0,-0.047234094295289,-0.094468188590578,-2
-0.1625,0,0,0,-0.1625,0,-0.0472642257474998,-0.0945284514949997,-2
-0.1625,0,0,0,-0.1625,0,-0.0472027952331535,-0.094405590466307,-2
-0.1625,0,0,0,-0.1625,0,-0.0471717409807583,-0.0943434819615166,-2
-0.1625,0,0,0,-0.1625,0,-0.0472301730217505,-0.0944603460435011,-2
-0.1625,0,0,0,-0.1625,0,-0.0471497336690857,-0.0942994673381714,-2
-0.1625,0,0,0,-0.1625,0,-0.0471426731886852,-0.0942853463773704,-2
-0.1625,0,0,0,-0.1625,0,-0.0471055101035392,-0.0942110202070784,-2
-0.1625,0,0,0,-0.1625,0,-0.0471021301528108,-0.0942042603056216,-2
-0.1625,0,0,0,-0.1625,0,-0.0470831832814567,-0.0941663665629133,-2
-0.1625,0,0,0,-0.1625,0,-0.0471494781353744,-0.0942989562707489,-2
-0.1625,0,0,0,-0.1625,0,-0.0471001507977774,-0.0942003015955548,-2
-0.1625,0,0,0,-0.1625,0,-0.0470364749372309,-0.0940729498744618,-2
-0.1625,0,0,0,-0.1625,0,-0.0469483378905419,-0.0938966757810837,-2
-0.1625,0,0,0,-0.1625,0,-0.0470760249332811,-0.0941520498665622,-2
-0.1625,0,0,0,-0.1625,0,-0.047156362515476,-0.094312725030952,-2
-0.1625,0,0,0,-0.1625,0,-0.0471921676842401,-0.0943843353684803,-2
-0.1625,0,0,0,-0.1625,0,-0.0471981892626125,-0.0943963785252249,-2
-0.1625,0,0,0,-0.1625,0,-0.0470978436145895,-0.0941956872291791,-2
-0.1625,0,0,0,-0.1625,0,-0.0470392504866997,-0.0940785009733993,-2
-0.1625,0,0,0,-0.1625,0,-0.0469223597128791,-0.0938447194257582,-2
-0.1625,0,0,0,-0.1625,0,-0.0469299694077716,-0.0938599388155433,-2
-0.1625,0,0,0,-0.1625,0,-0.0469891205200921,-0.0939782410401841,-2
-0.1625,0,0,0,-0.1625,0,-0.0470434478344669,-0.0940868956689339,-2
-0.1625,0,0,0,-0.1625,0,-0.0469934841903966,-0.0939869683807933,-2
-0.1625,0,0,0,-0.1625,0,-0.0470168317174123,-0.0940336634348246,-2
-0.1625,0,0,0,-0.1625,0,-0.0470638226971071,-0.0941276453942141,-2
-0.1625,0,0,0,-0.1625,0,-0.0470700050949209,-0.0941400101898419,-2
-0.1625,0,0,0,-0.1625,0,-0.0471743279904654,-0.0943486559809307,-2
-0.1625,0,0,0,-0.1625,0,-0.0472121108445348,-0.0944242216890696,-2
-0.1625,0,0,0,-0.1625,0,-0.0471779018771021,-0.0943558037542041,-2
-0.1625,0,0,0,-0.1625,0,-0.0472236193188003,-0.0944472386376006,-2
-0.1625,0,0,0,-0.1625,0,-0.0472535515671815,-0.0945071031343631,-2
-0.1625,0,0,0,-0.1625,0,-0.0471815806371239,-0.0943631612742478,-2
-0.1625,0,0,0,-0.1625,0,-0.0472476032199719,-0.0944952064399438,-2
-0.1625,0,0,0,-0.1625,0,-0.0472123515355628,-0.0944247030711256,-2
-0.1625,0,0,0,-0.1625,0,-0.0471997560200079,-0.0943995120400158,-2
-0.1625,0,0,0,-0.1625,0,-0.047092411411954,-0.0941848228239079,-2
-0.1625,0,0,0,-0.1625,0,-0.0471039608756718,-0.0942079217513436,-2
-0.1625,0,0,0,-0.1625,0,-0.0471974374438747,-0.0943948748877494,-2
-0.1625,0,0,0,-0.1625,0,-0.0472076884153285,-0.094415376830657,-2
-0.1625,0,0,0,-0.1625,0,-0.0471705299036666,-0.0943410598073331,-2
-0.1625,0,0,0,-0.1625,0,-0.0471738905801625,-0.0943477811603251,-2
-0.1625,0,0,0,-0.1625,0,-0.0470584400862368,-0.0941168801724735,-2
-0.1625,0,0,0,-0.1625,0,-0.0471511612752148,-0.0943023225504295,-2
-0.1625,0,0,0,-0.1625,0,-0.0470760121820721,-0.0941520243641443,-2
-0.1625,0,0,0,-0.1625,0,-0.0470379819858307,-0.0940759639716614,-2
-0.1625,0,0,0,-0.1625,0,-0.0470174692890411,-0.0940349385780822,-2
-0.1625,0,0,0,-0.1625,0,-0.0469959409268589,-0.0939918818537177,-2
-0.1625,0,0,0,-0.1625,0,-0.0469403824805323,-0.0938807649610646,-2
-0.1625,0,0,0,-0.1625,0,-0.0467533118287569,-0.0935066236575137,-2
-0.1625,0,0,0,-0.1625,0,-0.0467406874095288,-0.0934813748190577,-2
-0.1625,0,0,0,-0.1625,0,-0.0467930448688152,-0.0935860897376304,-2
-0.1625,0,0,0,-0.1625,0,-0.0468619306070517,-0.0937238612141035,-2
-0.1625,0,0,0,-0.1625,0,-0.0468410767001964,-0.0936821534003927,-2
-0.1625,0,0,0,-0.1625,0,-0.04670508705559,-0.0934101741111799,-2
-0.1625,0,0,0,-0.1625,0,-0.0467608323813797,-0.0935216647627593,-2
-0.1625,0,0,0,-0.1625,0,-0.0468769614269177,-0.0937539228538354,-2
-0.1625,0,0,0,-0.1625,0,-0.0469447209292401,-0.0938894418584801,-2
-0.1625,0,0,0,-0.1625,0,-0.0469605610575183,-0.0939211221150367,-2
-0.1625,0,0,0,-0.1625,0,-0.047028793181887,-0.094057586363774,-2
-0.1625,0,0,0,-0.1625,0,-0.0470958384325831,-0.0941916768651662,-2
-0.1625,0,0,0,-0.1625,0,-0.0469960306114654,-0.0939920612229309,-2
-0.1625,0,0,0,-0.1625,0,-0.0470774549928179,-0.0941549099856358,-2
-0.1625,0,0,0,-0.1625,0,-0.0471391627895248,-0.0942783255790496,-2
-0.1625,0,0,0,-0.1625,0,-0.0472209985873279,-0.0944419971746558,-2
-0.1625,0,0,0,-0.1625,0,-0.0471808716243478,-0.0943617432486957,-2
-0.1625,0,0,0,-0.1625,0,-0.0471194882375384,-0.0942389764750768,-2
-0.1625,0,0,0,-0.1625,0,-0.0470834047508541,-0.0941668095017083,-2
-0.1625,0,0,0,-0.1625,0,-0.0471311538099047,-0.0942623076198095,-2
-0.1625,0,0,0,-0.1625,0,-0.0471507003732569,-0.0943014007465138,-2
-0.1625,0,0,0,-0.1625,0,-0.0472065548658819,-0.0944131097317638,-2
-0.1625,0,0,0,-0.1625,0,-0.0471992355773314,-0.0943984711546628,-2
-0.1625,0,0,0,-0.1625,0,-0.04715084971339,-0.09430169942678,-2
-0.1625,0,0,0,-0.1625,0,-0.0472132425567013,-0.0944264851134025,-2
-0.1625,0,0,0,-0.1625,0,-0.0472984929275097,-0.0945969858550193,-2
-0.1625,0,0,0,-0.1625,0,-0.0472484351580253,-0.0944968703160506,-2
-0.1625,0,0,0,-0.1625,0,-0.0471004990147893,-0.0942009980295787,-2
-0.1625,0,0,0,-0.1625,0,-0.0469147157525712,-0.0938294315051424,-2
-0.1625,0,0,0,-0.1625,0,-0.0469025570197149,-0.0938051140394299,-2
-0.1625,0,0,0,-0.1625,0,-0.0468949514579048,-0.0937899029158095,-2
-0.1625,0,0,0,-0.1625,0,-0.0468652783754017,-0.0937305567508034,-2
-0.1625,0,0,0,-0.1625,0,-0.0468766386753659,-0.0937532773507317,-2
-0.1625,0,0,0,-0.1625,0,-0.0468053738088281,-0.0936107476176562,-2
-0.1625,0,0,0,-0.1625,0,-0.0467713676079829,-0.0935427352159657,-2
-0.1625,0,0,0,-0.1625,0,-0.0466574147739544,-0.0933148295479088,-2
-0.1625,0,0,0,-0.1625,0,-0.046561693717299,-0.0931233874345979,-2
-0.1625,0,0,0,-0.1625,0,-0.0465186840029457,-0.0930373680058914,-2
-0.1625,0,0,0,-0.1625,0,-0.0465831698654906,-0.0931663397309812,-2
-0.1625,0,0,0,-0.1625,0,-0.0465653080991556,-0.0931306161983111,-2
-0.1625,0,0,0,-0.1625,0,-0.0465641251020913,-0.0931282502041826,-2
-0.1625,0,0,0,-0.1625,0,-0.0466503783794338,-0.0933007567588677,-2
-0.1625,0,0,0,-0.1625,0,-0.0467185985215475,-0.093437197043095,-2
-0.1625,0,0,0,-0.1625,0,-0.0466120707103551,-0.0932241414207102,-2
-0.1625,0,0,0,-0.1625,0,-0.0467984068750836,-0.0935968137501673,-2
-0.1625,0,0,0,-0.1625,0,-0.0467796501668568,-0.0935593003337136,-2
-0.1625,0,0,0,-0.1625,0,-0.0468157496900501,-0.0936314993801002,-2
-0.1625,0,0,0,-0.1625,0,-0.0467899973071655,-0.093579994614331,-2
-0.1625,0,0,0,-0.1625,0,-0.0466820903662684,-0.0933641807325367,-2
-0.1625,0,0,0,-0.1625,0,-0.0467954339808761,-0.0935908679617522,-2
-0.1625,0,0,0,-0.1625,0,-0.0468453349422948,-0.0936906698845895,-2
-0.1625,0,0,0,-0.1625,0,-0.0467906423260193,-0.0935812846520387,-2
-0.1625,0,0,0,-0.1625,0,-0.0468452018681126,-0.0936904037362252,-2
-0.1625,0,0,0,-0.1625,0,-0.0468743927980392,-0.0937487855960785,-2
-0.1625,0,0,0,-0.1625,0,-0.0469537164319815,-0.093907432863963,-2
-0.1625,0,0,0,-0.1625,0,-0.0469059422790891,-0.0938118845581781,-2
-0.1625,0,0,0,-0.1625,0,-0.0468869951627923,-0.0937739903255845,-2
-0.1625,0,0,0,-0.1625,0,-0.0468944666552208,-0.0937889333104417,-2
-0.1625,0,0,0,-0.1625,0,-0.0468897852455846,-0.0937795704911691,-2
-0.1625,0,0,0,-0.1625,0,-0.0468245099838788,-0.0936490199677576,-2
-0.1625,0,0,0,-0.1625,0,-0.0469075584435097,-0.0938151168870194,-2
-0.1625,0,0,0,-0.1625,0,-0.0469022686070552,-0.0938045372141103,-2
-0.1625,0,0,0,-0.1625,0,-0.0468606331764874,-0.0937212663529748,-2
-0.1625,0,0,0,-0.1625,0,-0.0468736834483855,-0.093747366896771,-2
-0.1625,0,0,0,-0.1625,0,-0.0469710931393452,-0.0939421862786904,-2
-0.1625,0,0,0,-0.1625,0,-0.0469352756590967,-0.0938705513181934,-2
-0.1625,0,0,0,-0.1625,0,-0.0469995252713039,-0.0939990505426078,-2
-0.1625,0,0,0,-0.1625,0,-0.047052672214985,-0.0941053444299699,-2
-0.1625,0,0,0,-0.1625,0,-0.0470166916826829,-0.0940333833653657,-2
-0.1625,0,0,0,-0.1625,0,-0.0469866854933517,-0.0939733709867034,-2
-0.1625,0,0,0,-0.1625,0,-0.0470033029726536,-0.0940066059453071,-2
-0.1625,0,0,0,-0.1625,0,-0.0469573935892886,-0.0939147871785772,-2
-0.1625,0,0,0,-0.1625,0,-0.0469371965405584,-0.0938743930811168,-2
-0.1625,0,0,0,-0.1625,0,-0.0467375174057259,-0.0934750348114517,-2
-0.1625,0,0,0,-0.1625,0,-0.0466878016952817,-0.0933756033905633,-2
-0.1625,0,0,0,-0.1625,0,-0.0465666051775277,-0.0931332103550554,-2
-0.1625,0,0,0,-0.1625,0,-0.0466038067065267,-0.0932076134130533,-2
-0.1625,0,0,0,-0.1625,0,-0.0467143542642487,-0.0934287085284975,-2
-0.1625,0,0,0,-0.1625,0,-0.0466479230997184,-0.0932958461994368,-2
-0.1625,0,0,0,-0.1625,0,-0.046644494732682,-0.0932889894653639,-2
-0.1625,0,0,0,-0.1625,0,-0.0466531344327993,-0.0933062688655987,-2
-0.1625,0,0,0,-0.1625,0,-0.0465122737761655,-0.0930245475523311,-2
-0.1625,0,0,0,-0.1625,0,-0.0466163006361514,-0.0932326012723027,-2
-0.1625,0,0,0,-0.1625,0,-0.0464804757947033,-0.0929609515894066,-2
-0.1625,0,0,0,-0.1625,0,-0.0464039827938108,-0.0928079655876216,-2
-0.1625,0,0,0,-0.1625,0,-0.0462966349979925,-0.092593269995985,-2
-0.1625,0,0,0,-0.1625,0,-0.0462577048529041,-0.0925154097058083,-2
-0.1625,0,0,0,-0.1625,0,-0.0462041960708896,-0.0924083921417792,-2
-0.1625,0,0,0,-0.1625,0,-0.0461400540883571,-0.0922801081767142,-2
-0.1625,0,0,0,-0.1625,0,-0.0461229609184655,-0.0922459218369309,-2
-0.1625,0,0,0,-0.1625,0,-0.0460618791845896,-0.0921237583691791,-2
-0.1625,0,0,0,-0.1625,0,-0.0461189157193982,-0.0922378314387964,-2
-0.1625,0,0,0,-0.1625,0,-0.0461240935247578,-0.0922481870495157,-2
-0.1625,0,0,0,-0.1625,0,-0.0461429473922781,-0.0922858947845562,-2
-0.1625,0,0,0,-0.1625,0,-0.0462145854484938,-0.0924291708969877,-2
-0.1625,0,0,0,-0.1625,0,-0.0462570904497879,-0.0925141808995757,-2
-0.1625,0,0,0,-0.1625,0,-0.0462891045701354,-0.0925782091402707,-2
-0.1625,0,0,0,-0.1625,0,-0.0463215200537524,-0.0926430401075049,-2
-0.1625,0,0,0,-0.1625,0,-0.0463192839514632,-0.0926385679029265,-2
-0.1625,0,0,0,-0.1625,0,-0.0463006178939818,-0.0926012357879636,-2
-0.1625,0,0,0,-0.1625,0,-0.0463938169452749,-0.0927876338905497,-2
-0.1625,0,0,0,-0.1625,0,-0.0463259110995401,-0.0926518221990801,-2
-0.1625,0,0,0,-0.1625,0,-0.0463071232269422,-0.0926142464538845,-2
-0.1625,0,0,0,-0.1625,0,-0.0462268630051261,-0.0924537260102521,-2
-0.1625,0,0,0,-0.1625,0,-0.046343584547318,-0.0926871690946359,-2
-0.1625,0,0,0,-0.1625,0,-0.0463430180026167,-0.0926860360052334,-2
-0.1625,0,0,0,-0.1625,0,-0.0462519296191802,-0.0925038592383604,-2
-0.1625,0,0,0,-0.1625,0,-0.046214960479663,-0.092429920959326,-2
-0.1625,0,0,0,-0.1625,0,-0.0462216688606931,-0.0924433377213862,-2
-0.1625,0,0,0,-0.1625,0,-0.0463042791123528,-0.0926085582247056,-2
-0.1625,0,0,0,-0.1625,0,-0.046376384049863,-0.092752768099726,-2
-0.1625,0,0,0,-0.1625,0,-0.0462387564750208,-0.0924775129500416,-2
-0.1625,0,0,0,-0.1625,0,-0.046321829160592,-0.0926436583211839,-2
-0.1625,0,0,0,-0.1625,0,-0.0462954445900146,-0.0925908891800293,-2
-0.1625,0,0,0,-0.1625,0,-0.0464741000609395,-0.0929482001218791,-2
-0.1625,0,0,0,-0.1625,0,-0.0465504133709375,-0.0931008267418751,-2
-0.1625,0,0,0,-0.1625,0,-0.0465487659250519,-0.0930975318501038,-2
-0.1625,0,0,0,-0.1625,0,-0.0465520763514936,-0.0931041527029871,-2
-0.1625,0,0,0,-0.1625,0,-0.0465946288612175,-0.093189257722435,-2
-0.1625,0,0,0,-0.1625,0,-0.0466209413938884,-0.0932418827877769,-2
-0.1625,0,0,0,-0.1625,0,-0.0466025049489014,-0.0932050098978029,-2
-0.1625,0,0,0,-0.1625,0,-0.046700392443724,-0.0934007848874479,-2
-0.1625,0,0,0,-0.1625,0,-0.0466411252278523,-0.0932822504557046,-2
-0.1625,0,0,0,-0.1625,0,-0.0466652005256647,-0.0933304010513295,-2
-0.1625,0,0,0,-0.1625,0,-0.046827964814809,-0.0936559296296179,-2
-0.1625,0,0,0,-0.1625,0,-0.0466818982746593,-0.0933637965493186,-2
-0.1625,0,0,0,-0.1625,0,-0.0465188226351103,-0.0930376452702206,-2
-0.1625,0,0,0,-0.1625,0,-0.0465432328802637,-0.0930864657605275,-2
-0.1625,0,0,0,-0.1625,0,-0.0465139148448279,-0.0930278296896558,-2
-0.1625,0,0,0,-0.1625,0,-0.0465853788395085,-0.0931707576790171,-2
-0.1625,0,0,0,-0.1625,0,-0.0466825088620794,-0.0933650177241588,-2
-0.1625,0,0,0,-0.1625,0,-0.0466358236697793,-0.0932716473395587,-2
-0.1625,0,0,0,-0.1625,0,-0.046612310310486,-0.0932246206209719,-2
-0.1625,0,0,0,-0.1625,0,-0.0466934018368079,-0.0933868036736158,-2
-0.1625,0,0,0,-0.1625,0,-0.0467080461183272,-0.0934160922366543,-2
-0.1625,0,0,0,-0.1625,0,-0.0467037525718389,-0.0934075051436778,-2
-0.1625,0,0,0,-0.1625,0,-0.0468008891710998,-0.0936017783421996,-2
-0.1625,0,0,0,-0.1625,0,-0.0468745630854525,-0.0937491261709051,-2
-0.1625,0,0,0,-0.1625,0,-0.0468297887913304,-0.0936595775826608,-2
-0.1625,0,0,0,-0.1625,0,-0.0468473848341864,-0.0936947696683728,-2
-0.1625,0,0,0,-0.1625,0,-0.0469532900475431,-0.0939065800950862,-2
-0.1625,0,0,0,-0.1625,0,-0.0469626184036649,-0.0939252368073297,-2
-0.1625,0,0,0,-0.1625,0,-0.0469815378648,-0.0939630757295999,-2
-0.1625,0,0,0,-0.1625,0,-0.0469174259149749,-0.0938348518299498,-2
-0.1625,0,0,0,-0.1625,0,-0.04698637017217,-0.0939727403443399,-2
-0.1625,0,0,0,-0.1625,0,-0.047062075252994,-0.0941241505059879,-2
-0.1625,0,0,0,-0.1625,0,-0.0470055425217904,-0.0940110850435808,-2
-0.1625,0,0,0,-0.1625,0,-0.0469634325427676,-0.0939268650855351,-2
-0.1625,0,0,0,-0.1625,0,-0.0468239899301684,-0.0936479798603369,-2
-0.1625,0,0,0,-0.1625,0,-0.0468010329890487,-0.0936020659780973,-2
-0.1625,0,0,0,-0.1625,0,-0.0468220961793282,-0.0936441923586564,-2
-0.1625,0,0,0,-0.1625,0,-0.0468621890826963,-0.0937243781653927,-2
-0.1625,0,0,0,-0.1625,0,-0.0468312854452662,-0.0936625708905324,-2
-0.1625,0,0,0,-0.1625,0,-0.046810587456618,-0.093621174913236,-2
-0.1625,0,0,0,-0.1625,0,-0.0468176059879544,-0.0936352119759087,-2
-0.1625,0,0,0,-0.1625,0,-0.0468186732444537,-0.0936373464889074,-2
-0.1625,0,0,0,-0.1625,0,-0.0468651519115662,-0.0937303038231323,-2
-0.1625,0,0,0,-0.1625,0,-0.0469319509941036,-0.0938639019882071,-2
-0.1625,0,0,0,-0.1625,0,-0.0468041921976627,-0.0936083843953254,-2
-0.1625,0,0,0,-0.1625,0,-0.0468138415547014,-0.0936276831094028,-2
-0.1625,0,0,0,-0.1625,0,-0.0468897803676357,-0.0937795607352713,-2
-0.1625,0,0,0,-0.1625,0,-0.0468192183091736,-0.0936384366183472,-2
-0.1625,0,0,0,-0.1625,0,-0.0468221786864789,-0.0936443573729577,-2
-0.1625,0,0,0,-0.1625,0,-0.0468861213066992,-0.0937722426133985,-2
-0.1625,0,0,0,-0.1625,0,-0.0469143887935824,-0.0938287775871648,-2
-0.1625,0,0,0,-0.1625,0,-0.0469000156177142,-0.0938000312354284,-2
-0.1625,0,0,0,-0.1625,0,-0.0469372694108041,-0.0938745388216081,-2
-0.1625,0,0,0,-0.1625,0,-0.0470336195208473,-0.0940672390416945,-2
-0.1625,0,0,0,-0.1625,0,-0.0471329551675351,-0.0942659103350702,-2
-0.1625,0,0,0,-0.1625,0,-0.0471235261187619,-0.0942470522375237,-2
-0.1625,0,0,0,-0.1625,0,-0.0471781315078185,-0.0943562630156369,-2
-0.1625,0,0,0,-0.1625,0,-0.0472776358080555,-0.094555271616111,-2
-0.1625,0,0,0,-0.1625,0,-0.0472626312071833,-0.0945252624143666,-2
-0.1625,0,0,0,-0.1625,0,-0.047218671537725,-0.0944373430754499,-2
-0.1625,0,0,0,-0.1625,0,-0.0471641367281125,-0.0943282734562251,-2
-0.1625,0,0,0,-0.1625,0,-0.0471415630246747,-0.0942831260493495,-2
-0.1625,0,0,0,-0.1625,0,-0.0471750304731897,-0.0943500609463793,-2
-0.1625,0,0,0,-0.1625,0,-0.0471734792935432,-0.0943469585870863,-2
-0.1625,0,0,0,-0.1625,0,-0.0471324486323991,-0.0942648972647982,-2
-0.1625,0,0,0,-0.1625,0,-0.0471138678632925,-0.094227735726585,-2
-0.1625,0,0,0,-0.1625,0,-0.0470633686300027,-0.0941267372600054,-2
-0.1625,0,0,0,-0.1625,0,-0.0469458545422537,-0.0938917090845074,-2
-0.1625,0,0,0,-0.1625,0,-0.0469967061867923,-0.0939934123735845,-2
-0.1625,0,0,0,-0.1625,0,-0.0468697689498363,-0.0937395378996727,-2
-0.1625,0,0,0,-0.1625,0,-0.0470169005385289,-0.0940338010770579,-2
-0.1625,0,0,0,-0.1625,0,-0.0471016738605031,-0.0942033477210062,-2
-0.1625,0,0,0,-0.1625,0,-0.0471406549344938,-0.0942813098689876,-2
-0.1625,0,0,0,-0.1625,0,-0.0471723433800935,-0.094344686760187,-2
-0.1625,0,0,0,-0.1625,0,-0.0471361209793096,-0.0942722419586192,-2
-0.1625,0,0,0,-0.1625,0,-0.04712739393734,-0.09425478787468,-2
-0.1625,0,0,0,-0.1625,0,-0.0471229522401071,-0.0942459044802141,-2
-0.1625,0,0,0,-0.1625,0,-0.0470933878844207,-0.0941867757688413,-2
-0.1625,0,0,0,-0.1625,0,-0.0471637091314335,-0.0943274182628671,-2
-0.1625,0,0,0,-0.1625,0,-0.0471000893442465,-0.0942001786884931,-2
-0.1625,0,0,0,-0.1625,0,-0.0470750782345509,-0.0941501564691019,-2
-0.1625,0,0,0,-0.1625,0,-0.0470891114256832,-0.0941782228513665,-2
-0.1625,0,0,0,-0.1625,0,-0.0471493539302925,-0.094298707860585,-2
-0.1625,0,0,0,-0.1625,0,-0.0471716419498956,-0.0943432838997913,-2
-0.1625,0,0,0,-0.1625,0,-0.0471041985638939,-0.0942083971277878,-2
-0.1625,0,0,0,-0.1625,0,-0.0471017038840086,-0.0942034077680172,-2
-0.1625,0,0,0,-0.1625,0,-0.0471473250565691,-0.0942946501131383,-2
-0.1625,0,0,0,-0.1625,0,-0.0471838936288458,-0.0943677872576917,-2
-0.1625,0,0,0,-0.1625,0,-0.047207952652451,-0.094415905304902,-2
-0.1625,0,0,0,-0.1625,0,-0.0472040286705656,-0.0944080573411312,-2
-0.1625,0,0,0,-0.1625,0,-0.0472128974214122,-0.0944257948428244,-2
-0.1625,0,0,0,-0.1625,0,-0.0471178142575562,-0.0942356285151124,-2
-0.1625,0,0,0,-0.1625,0,-0.0470733124657189,-0.0941466249314378,-2
-0.1625,0,0,0,-0.1625,0,-0.0471855706024931,-0.0943711412049862,-2
-0.1625,0,0,0,-0.1625,0,-0.04711122426658,-0.09422244853316,-2
-0.1625,0,0,0,-0.1625,0,-0.0471040905127741,-0.0942081810255483,-2
-0.1625,0,0,0,-0.1625,0,-0.0471386698452841,-0.0942773396905682,-2
-0.1625,0,0,0,-0.1625,0,-0.0471439552155906,-0.0942879104311811,-2
-0.1625,0,0,0,-0.1625,0,-0.0471495190328964,-0.0942990380657928,-2
-0.1625,0,0,0,-0.1625,0,-0.047297365701105,-0.0945947314022101,-2
-0.1625,0,0,0,-0.1625,0,-0.0472873580494131,-0.0945747160988261,-2
-0.1625,0,0,0,-0.1625,0,-0.0472291993350745,-0.0944583986701491,-2
-0.1625,0,0,0,-0.1625,0,-0.0472612102313293,-0.0945224204626585,-2
-0.1625,0,0,0,-0.1625,0,-0.0472592778035061,-0.0945185556070121,-2
-0.1625,0,0,0,-0.1625,0,-0.0471910123484924,-0.0943820246969849,-2
-0.1625,0,0,0,-0.1625,0,-0.0472349033747811,-0.0944698067495622,-2
-0.1625,0,0,0,-0.1625,0,-0.0472775068697721,-0.0945550137395442,-2
-0.1625,0,0,0,-0.1625,0,-0.0473399863319933,-0.0946799726639866,-2
-0.1625,0,0,0,-0.1625,0,-0.0473275754596188,-0.0946551509192377,-2
-0.1625,0,0,0,-0.1625,0,-0.0472964930876259,-0.0945929861752517,-2
-0.1625,0,0,0,-0.1625,0,-0.0472686485088557,-0.0945372970177115,-2
-0.1625,0,0,0,-0.1625,0,-0.0473539770447712,-0.0947079540895424,-2
-0.1625,0,0,0,-0.1625,0,-0.0473667733612102,-0.0947335467224203,-2
-0.1625,0,0,0,-0.1625,0,-0.0474548814867385,-0.0949097629734771,-2
-0.1625,0,0,0,-0.1625,0,-0.0473803468669786,-0.0947606937339573,-2
-0.1625,0,0,0,-0.1625,0,-0.0473410134435243,-0.0946820268870487,-2
-0.1625,0,0,0,-0.1625,0,-0.0473890359816482,-0.0947780719632964,-2
-0.1625,0,0,0,-0.1625,0,-0.0473441620453679,-0.0946883240907359,-2
-0.1625,0,0,0,-0.1625,0,-0.0473076377463645,-0.094615275492729,-2
-0.1625,0,0,0,-0.1625,0,-0.0472201727149003,-0.0944403454298006,-2
-0.1625,0,0,0,-0.1625,0,-0.0472449724367902,-0.0944899448735805,-2
-0.1625,0,0,0,-0.1625,0,-0.0472167641389208,-0.0944335282778415,-2
-0.1625,0,0,0,-0.1625,0,-0.0471362690016194,-0.0942725380032389,-2
-0.1625,0,0,0,-0.1625,0,-0.0471667330779676,-0.0943334661559352,-2
-0.1625,0,0,0,-0.1625,0,-0.0472003314072325,-0.094400662814465,-2
-0.1625,0,0,0,-0.1625,0,-0.0471588757311059,-0.0943177514622118,-2
-0.1625,0,0,0,-0.1625,0,-0.0471705712484832,-0.0943411424969664,-2
-0.1625,0,0,0,-0.1625,0,-0.0472370189753429,-0.0944740379506858,-2
-0.1625,0,0,0,-0.1625,0,-0.0473421686580705,-0.094684337316141,-2
-0.1625,0,0,0,-0.1625,0,-0.0473735717442078,-0.0947471434884156,-2
-0.1625,0,0,0,-0.1625,0,-0.0473984198478215,-0.094796839695643,-2
-0.1625,0,0,0,-0.1625,0,-0.0474159005588438,-0.0948318011176875,-2
-0.1625,0,0,0,-0.1625,0,-0.0474619917807499,-0.0949239835614999,-2
-0.1625,0,0,0,-0.1625,0,-0.0475238958909225,-0.0950477917818449,-2
-0.1625,0,0,0,-0.1625,0,-0.0476043485199621,-0.0952086970399242,-2
-0.1625,0,0,0,-0.1625,0,-0.0475923376025914,-0.0951846752051829,-2
-0.1625,0,0,0,-0.1625,0,-0.047553770152785,-0.09510754030557,-2
-0.1625,0,0,0,-0.1625,0,-0.0474901456782238,-0.0949802913564476,-2
-0.1625,0,0,0,-0.1625,0,-0.047520584062905,-0.0950411681258099,-2
-0.1625,0,0,0,-0.1625,0,-0.0476166457958088,-0.0952332915916177,-2
-0.1625,0,0,0,-0.1625,0,-0.0476377113913739,-0.0952754227827477,-2
-0.1625,0,0,0,-0.1625,0,-0.0477413857462993,-0.0954827714925986,-2
-0.1625,0,0,0,-0.1625,0,-0.0477854156433552,-0.0955708312867104,-2
-0.1625,0,0,0,-0.1625,0,-0.0477618096149234,-0.0955236192298469,-2
-0.1625,0,0,0,-0.1625,0,-0.047769533370447,-0.0955390667408939,-2
-0.1625,0,0,0,-0.1625,0,-0.0477437737566589,-0.0954875475133178,-2
-0.1625,0,0,0,-0.1625,0,-0.0477868874764166,-0.0955737749528332,-2
-0.1625,0,0,0,-0.1625,0,-0.0478196950004959,-0.0956393900009918,-2
-0.1625,0,0,0,-0.1625,0,-0.0478050808792218,-0.0956101617584436,-2
-0.1625,0,0,0,-0.1625,0,-0.0477916113326935,-0.095583222665387,-2
-0.1625,0,0,0,-0.1625,0,-0.0478378687961884,-0.0956757375923769,-2
-0.1625,0,0,0,-0.1625,0,-0.0478269775638895,-0.095653955127779,-2
-0.1625,0,0,0,-0.1625,0,-0.0478820848748598,-0.0957641697497196,-2
-0.1625,0,0,0,-0.1625,0,-0.0478514202329333,-0.0957028404658666,-2
-0.1625,0,0,0,-0.1625,0,-0.0478220817305539,-0.0956441634611079,-2
-0.1625,0,0,0,-0.1625,0,-0.047816140486394,-0.0956322809727879,-2
-0.1625,0,0,0,-0.1625,0,-0.0477801525543179,-0.0955603051086358,-2
-0.1625,0,0,0,-0.1625,0,-0.0477005849511747,-0.0954011699023494,-2
-0.1625,0,0,0,-0.1625,0,-0.0477762172114907,-0.0955524344229814,-2
-0.1625,0,0,0,-0.1625,0,-0.0476583166609556,-0.0953166333219113,-2
-0.1625,0,0,0,-0.1625,0,-0.047616468752038,-0.095232937504076,-2
-0.1625,0,0,0,-0.1625,0,-0.0476766316953225,-0.095353263390645,-2
-0.1625,0,0,0,-0.1625,0,-0.0476115529039032,-0.0952231058078064,-2
-0.1625,0,0,0,-0.1625,0,-0.0475782381292922,-0.0951564762585844,-2
-0.1625,0,0,0,-0.1625,0,-0.0476656020720897,-0.0953312041441794,-2
-0.1625,0,0,0,-0.1625,0,-0.0476066176279285,-0.0952132352558571,-2
-0.1625,0,0,0,-0.1625,0,-0.0476084340317004,-0.0952168680634008,-2
-0.1625,0,0,0,-0.1625,0,-0.0476300680633334,-0.0952601361266668,-2
-0.1625,0,0,0,-0.1625,0,-0.0476092333157247,-0.0952184666314493,-2
-0.1625,0,0,0,-0.1625,0,-0.0475921472524179,-0.0951842945048357,-2
-0.1625,0,0,0,-0.1625,0,-0.0475237030958294,-0.0950474061916588,-2
-0.1625,0,0,0,-0.1625,0,-0.0475999449973278,-0.0951998899946556,-2
-0.1625,0,0,0,-0.1625,0,-0.0476794982660241,-0.0953589965320482,-2
-0.1625,0,0,0,-0.1625,0,-0.0476888536530704,-0.0953777073061409,-2
-0.1625,0,0,0,-0.1625,0,-0.0476458428177245,-0.0952916856354489,-2
-0.1625,0,0,0,-0.1625,0,-0.0476680772116235,-0.0953361544232471,-2
-0.1625,0,0,0,-0.1625,0,-0.0476382002420769,-0.0952764004841539,-2
-0.1625,0,0,0,-0.1625,0,-0.0476524694120584,-0.0953049388241167,-2
-0.1625,0,0,0,-0.1625,0,-0.0476358843977052,-0.0952717687954104,-2
-0.1625,0,0,0,-0.1625,0,-0.0476183528877535,-0.0952367057755071,-2
-0.1625,0,0,0,-0.1625,0,-0.0476035792551295,-0.0952071585102591,-2
-0.1625,0,0,0,-0.1625,0,-0.0475465205769797,-0.0950930411539593,-2
-0.1625,0,0,0,-0.1625,0,-0.0474840373508989,-0.0949680747017978,-2
-0.1625,0,0,0,-0.1625,0,-0.0474577132529229,-0.0949154265058458,-2
-0.1625,0,0,0,-0.1625,0,-0.047426760907596,-0.0948535218151921,-2
-0.1625,0,0,0,-0.1625,0,-0.0474922452494228,-0.0949844904988457,-2
