0.0322490309931942,0,0,0,0.0180277563773199,0,0,0,0.357166030019653
0.0322490309931942,0,0,0,0.0180277563773199,0,0,0,0.356155883538618
0.0322490309931942,0,0,0,0.0180277563773199,0,0,0,0.357116455894415
0.0322490309931942,0,0,0,0.0180277563773199,0,0,0,0.358381910794514
0.0322490309931942,0,0,0,0.0180277563773199,0,0,0,0.357458069292789
0.0322490309931942,0,0,0,0.0180277563773199,0,0,0,0.357957735523275
0.0322490309931942,0,0,0,0.0180277563773199,0,0,0,0.357179501562916
0.0322490309931942,0,0,0,0.0180277563773199,0,0,0,0.358177759920901
0.0322490309931942,0,0,0,0.0180277563773199,0,0,0,0.359157564913031
0.0322490309931942,0,0,0,0.0180277563773199,0,0,0,0.358432960962253
0.0322490309931942,0,0,0,0.0180277563773199,0,0,0,0.35714285147237
0.0322490309931942,0,0,0,0.0180277563773199,0,0,0,0.355636383901498
0.0322490309931942,0,0,0,0.0180277563773199,0,0,0,0.356927605319348
0.0322490309931942,0,0,0,0.0180277563773199,0,0,0,0.355535073752473
0.0322490309931942,0,0,0,0.0180277563773199,0,0,0,0.355656894623858
0.0322490309931942,0,0,0,0.0180277563773199,0,0,0,0.355995715911867
0.0322490309931942,0,0,0,0.0180277563773199,0,0,0,0.358215544292245
0.0322490309931942,0,0,0,0.0180277563773199,0,0,0,0.357066296165333
0.0322490309931942,0,0,0,0.0180277563773199,0,0,0,0.356455048806634
0.0322490309931942,0,0,0,0.0180277563773199,0,0,0,0.356172158248634
0.0322490309931942,0,0,0,0.0180277563773199,0,0,0,0.356218461602464
0.0322490309931942,0,0,0,0.0180277563773199,0,0,0,0.357029781826502
0.0322490309931942,0,0,0,0.0180277563773199,0,0,0,0.356638026473237
0.0322490309931942,0,0,0,0.0180277563773199,0,0,0,0.355826229008266
0.0322490309931942,0,0,0,0.0180277563773199,0,0,0,0.356674623773116
0.0322490309931942,0,0,0,0.0180277563773199,0,0,0,0.356826460593979
0.0322490309931942,0,0,0,0.0180277563773199,0,0,0,0.3564527435428
0.0322490309931942,0,0,0,0.0180277563773199,0,0,0,0.357070044252629
0.0322490309931942,0,0,0,0.0180277563773199,0,0,0,0.356664737241059
0.0322490309931942,0,0,0,0.0180277563773199,0,0,0,0.357375037259972
0.0322490309931942,0,0,0,0.0180277563773199,0,0,0,0.354849922529834
0.0322490309931942,0,0,0,0.0180277563773199,0,0,0,0.354646585745843
0.0322490309931942,0,0,0,0.0180277563773199,0,0,0,0.354710781324487
0.0322490309931942,0,0,0,0.0180277563773199,0,0,0,0.353502262651787
0.0322490309931942,0,0,0,0.0180277563773199,0,0,0,0.35353675802982
0.0322490309931942,0,0,0,0.0180277563773199,0,0,0,0.354560911943026
0.0322490309931942,0,0,0,0.0180277563773199,0,0,0,0.354024166101853
0.0322490309931942,0,0,0,0.0180277563773199,0,0,0,0.355351143280564
0.0322490309931942,0,0,0,0.0180277563773199,0,0,0,0.356015367080129
0.0322490309931942,0,0,0,0.0180277563773199,0,0,0,0.354151012603096
0.0322490309931942,0,0,0,0.0180277563773199,0,0,0,0.35425363289067
0.0322490309931942,0,0,0,0.0180277563773199,0,0,0,0.355384029101738
0.0322490309931942,0,0,0,0.0180277563773199,0,0,0,0.355042067437055
0.0322490309931942,0,0,0,0.0180277563773199,0,0,0,0.354694193023268
0.0322490309931942,0,0,0,0.0180277563773199,0,0,0,0.353518688958236
0.0322490309931942,0,0,0,0.0180277563773199,0,0,0,0.354187931757348
0.0322490309931942,0,0,0,0.0180277563773199,0,0,0,0.352536569758144
0.0322490309931942,0,0,0,0.0180277563773199,0,0,0,0.351415180465525
0.0322490309931942,0,0,0,0.0180277563773199,0,0,0,0.351477389615045
0.0322490309931942,0,0,0,0.0180277563773199,0,0,0,0.35043091049816
0.0322490309931942,0,0,0,0.0180277563773199,0,0,0,0.351714188271137
0.0322490309931942,0,0,0,0.0180277563773199,0,0,0,0.352050864324056
0.0322490309931942,0,0,0,0.0180277563773199,0,0,0,0.351885881502659
0.0322490309931942,0,0,0,0.0180277563773199,0,0,0,0.353226450666541
0.0322490309931942,0,0,0,0.0180277563773199,0,0,0,0.352187954018546
0.0322490309931942,0,0,0,0.0180277563773199,0,0,0,0.349117741137256
0.0322490309931942,0,0,0,0.0180277563773199,0,0,0,0.349838019119021
0.0322490309931942,0,0,0,0.0180277563773199,0,0,0,0.350700680549006
0.0322490309931942,0,0,0,0.0180277563773199,0,0,0,0.352485064714912
0.0322490309931942,0,0,0,0.0180277563773199,0,0,0,0.353431163834931
0.0322490309931942,0,0,0,0.0180277563773199,0,0,0,0.353836924797562
0.0322490309931942,0,0,0,0.0180277563773199,0,0,0,0.352439337813302
0.0322490309931942,0,0,0,0.0180277563773199,0,0,0,0.351713208218165
0.0322490309931942,0,0,0,0.0180277563773199,0,0,0,0.352400165073166
0.0322490309931942,0,0,0,0.0180277563773199,0,0,0,0.352539027849076
0.0322490309931942,0,0,0,0.0180277563773199,0,0,0,0.352849265888897
0.0322490309931942,0,0,0,0.0180277563773199,0,0,0,0.353180081064666
0.0322490309931942,0,0,0,0.0180277563773199,0,0,0,0.350266097277604
0.0322490309931942,0,0,0,0.0180277563773199,0,0,0,0.351878074618023
0.0322490309931942,0,0,0,0.0180277563773199,0,0,0,0.35066698522631
0.0322490309931942,0,0,0,0.0180277563773199,0,0,0,0.349132403865547
0.0322490309931942,0,0,0,0.0180277563773199,0,0,0,0.350754184003244
0.0322490309931942,0,0,0,0.0180277563773199,0,0,0,0.350247866299483
0.0322490309931942,0,0,0,0.0180277563773199,0,0,0,0.351042890673946
0.0322490309931942,0,0,0,0.0180277563773199,0,0,0,0.352062701781592
0.0322490309931942,0,0,0,0.0180277563773199,0,0,0,0.350432776708365
0.0322490309931942,0,0,0,0.0180277563773199,0,0,0,0.351262161591995
0.0322490309931942,0,0,0,0.0180277563773199,0,0,0,0.348955633967538
0.0322490309931942,0,0,0,0.0180277563773199,0,0,0,0.34852619536762
0.0322490309931942,0,0,0,0.0180277563773199,0,0,0,0.350052669310323
0.0322490309931942,0,0,0,0.0180277563773199,0,0,0,0.351334246658657
0.0322490309931942,0,0,0,0.0180277563773199,0,0,0,0.350522844947485
0.0322490309931942,0,0,0,0.0180277563773199,0,0,0,0.350746161232012
0.0322490309931942,0,0,0,0.0180277563773199,0,0,0,0.350193433459977
0.0322490309931942,0,0,0,0.0180277563773199,0,0,0,0.348546175654947
0.0322490309931942,0,0,0,0.0180277563773199,0,0,0,0.349915415333218
0.0322490309931942,0,0,0,0.0180277563773199,0,0,0,0.350438294191083
0.0322490309931942,0,0,0,0.0180277563773199,0,0,0,0.350965698498283
0.0322490309931942,0,0,0,0.0180277563773199,0,0,0,0.351721568579603
0.0322490309931942,0,0,0,0.0180277563773199,0,0,0,0.353333206683163
0.0322490309931942,0,0,0,0.0180277563773199,0,0,0,0.35171232182002
0.0322490309931942,0,0,0,0.0180277563773199,0,0,0,0.351984131112798
0.0322490309931942,0,0,0,0.0180277563773199,0,0,0,0.352329707087188
0.0322490309931942,0,0,0,0.0180277563773199,0,0,0,0.351136747068081
0.0322490309931942,0,0,0,0.0180277563773199,0,0,0,0.349266562864473
0.0322490309931942,0,0,0,0.0180277563773199,0,0,0,0.349855988279271
0.0322490309931942,0,0,0,0.0180277563773199,0,0,0,0.35168260958891
0.0322490309931942,0,0,0,0.0180277563773199,0,0,0,0.352051739599986
0.0322490309931942,0,0,0,0.0180277563773199,0,0,0,0.350490410676396
0.0322490309931942,0,0,0,0.0180277563773199,0,0,0,0.350752119510762
0.0322490309931942,0,0,0,0.0180277563773199,0,0,0,0.351622437574599
0.0322490309931942,0,0,0,0.0180277563773199,0,0,0,0.350696011860969
0.0322490309931942,0,0,0,0.0180277563773199,0,0,0,0.349356179509289
0.0322490309931942,0,0,0,0.0180277563773199,0,0,0,0.349158782976186
0.0322490309931942,0,0,0,0.0180277563773199,0,0,0,0.346343860966875
0.0322490309931942,0,0,0,0.0180277563773199,0,0,0,0.347279905552121
0.0322490309931942,0,0,0,0.0180277563773199,0,0,0,0.348900128119254
0.0322490309931942,0,0,0,0.0180277563773199,0,0,0,0.348358216504852
0.0322490309931942,0,0,0,0.0180277563773199,0,0,0,0.347706328055497
0.0322490309931942,0,0,0,0.0180277563773199,0,0,0,0.350175798966686
0.0322490309931942,0,0,0,0.0180277563773199,0,0,0,0.348074195001649
0.0322490309931942,0,0,0,0.0180277563773199,0,0,0,0.349976187941441
0.0322490309931942,0,0,0,0.0180277563773199,0,0,0,0.351226634471099
0.0322490309931942,0,0,0,0.0180277563773199,0,0,0,0.348500494619687
0.0322490309931942,0,0,0,0.0180277563773199,0,0,0,0.347809228422583
0.0322490309931942,0,0,0,0.0180277563773199,0,0,0,0.348328040556282
0.0322490309931942,0,0,0,0.0180277563773199,0,0,0,0.350815536575052
0.0322490309931942,0,0,0,0.0180277563773199,0,0,0,0.352357207604752
0.0322490309931942,0,0,0,0.0180277563773199,0,0,0,0.352721631763819
0.0322490309931942,0,0,0,0.0180277563773199,0,0,0,0.353348916803585
0.0322490309931942,0,0,0,0.0180277563773199,0,0,0,0.354462462310054
0.0322490309931942,0,0,0,0.0180277563773199,0,0,0,0.352941637779521
0.0322490309931942,0,0,0,0.0180277563773199,0,0,0,0.352005328506077
0.0322490309931942,0,0,0,0.0180277563773199,0,0,0,0.351109670746626
0.0322490309931942,0,0,0,0.0180277563773199,0,0,0,0.348324374487951
0.0322490309931942,0,0,0,0.0180277563773199,0,0,0,0.347842036178679
0.0322490309931942,0,0,0,0.0180277563773199,0,0,0,0.349507627369251
0.0322490309931942,0,0,0,0.0180277563773199,0,0,0,0.350150682410416
0.0322490309931942,0,0,0,0.0180277563773199,0,0,0,0.35094799474964
0.0322490309931942,0,0,0,0.0180277563773199,0,0,0,0.350328595364687
0.0322490309931942,0,0,0,0.0180277563773199,0,0,0,0.350476167402403
0.0322490309931942,0,0,0,0.0180277563773199,0,0,0,0.352014533667394
0.0322490309931942,0,0,0,0.0180277563773199,0,0,0,0.353396993184876
0.0322490309931942,0,0,0,0.0180277563773199,0,0,0,0.35313502552342
0.0322490309931942,0,0,0,0.0180277563773199,0,0,0,0.353133684332319
0.0322490309931942,0,0,0,0.0180277563773199,0,0,0,0.354211635014026
0.0322490309931942,0,0,0,0.0180277563773199,0,0,0,0.352939723773145
0.0322490309931942,0,0,0,0.0180277563773199,0,0,0,0.353571500287647
0.0322490309931942,0,0,0,0.0180277563773199,0,0,0,0.352880711689903
0.0322490309931942,0,0,0,0.0180277563773199,0,0,0,0.353110705823015
0.0322490309931942,0,0,0,0.0180277563773199,0,0,0,0.354163969860408
0.0322490309931942,0,0,0,0.0180277563773199,0,0,0,0.356155128862194
0.0322490309931942,0,0,0,0.0180277563773199,0,0,0,0.356663168783262
0.0322490309931942,0,0,0,0.0180277563773199,0,0,0,0.355664713874451
0.0322490309931942,0,0,0,0.0180277563773199,0,0,0,0.356624998287916
0.0322490309931942,0,0,0,0.0180277563773199,0,0,0,0.355656312571406
0.0322490309931942,0,0,0,0.0180277563773199,0,0,0,0.353149700634836
0.0322490309931942,0,0,0,0.0180277563773199,0,0,0,0.352929721411347
0.0322490309931942,0,0,0,0.0180277563773199,0,0,0,0.353054725701401
0.0322490309931942,0,0,0,0.0180277563773199,0,0,0,0.354151275721734
0.0322490309931942,0,0,0,0.0180277563773199,0,0,0,0.354820400216358
0.0322490309931942,0,0,0,0.0180277563773199,0,0,0,0.355187842006098
0.0322490309931942,0,0,0,0.0180277563773199,0,0,0,0.357568159626578
0.0322490309931942,0,0,0,0.0180277563773199,0,0,0,0.357874168996487
0.0322490309931942,0,0,0,0.0180277563773199,0,0,0,0.356931144483188
0.0322490309931942,0,0,0,0.0180277563773199,0,0,0,0.357068170153539
0.0322490309931942,0,0,0,0.0180277563773199,0,0,0,0.356939783095
0.0322490309931942,0,0,0,0.0180277563773199,0,0,0,0.356083237294461
0.0322490309931942,0,0,0,0.0180277563773199,0,0,0,0.356114405868932
0.0322490309931942,0,0,0,0.0180277563773199,0,0,0,0.356867938815747
0.0322490309931942,0,0,0,0.0180277563773199,0,0,0,0.356003012672253
0.0322490309931942,0,0,0,0.0180277563773199,0,0,0,0.357886724357888
0.0322490309931942,0,0,0,0.0180277563773199,0,0,0,0.357509698858516
0.0322490309931942,0,0,0,0.0180277563773199,0,0,0,0.358087649469526
0.0322490309931942,0,0,0,0.0180277563773199,0,0,0,0.358151030208619
0.0322490309931942,0,0,0,0.0180277563773199,0,0,0,0.358388235605025
0.0322490309931942,0,0,0,0.0180277563773199,0,0,0,0.357616406670512
0.0322490309931942,0,0,0,0.0180277563773199,0,0,0,0.357818577835037
0.0322490309931942,0,0,0,0.0180277563773199,0,0,0,0.356040281538619
0.0322490309931942,0,0,0,0.0180277563773199,0,0,0,0.356080360234167
0.0322490309931942,0,0,0,0.0180277563773199,0,0,0,0.35652018350147
0.0322490309931942,0,0,0,0.0180277563773199,0,0,0,0.35759688634303
0.0322490309931942,0,0,0,0.0180277563773199,0,0,0,0.35674912863735
0.0322490309931942,0,0,0,0.0180277563773199,0,0,0,0.356066949433794
0.0322490309931942,0,0,0,0.0180277563773199,0,0,0,0.354033140413262
0.0322490309931942,0,0,0,0.0180277563773199,0,0,0,0.355662764971097
0.0322490309931942,0,0,0,0.0180277563773199,0,0,0,0.354885346716116
0.0322490309931942,0,0,0,0.0180277563773199,0,0,0,0.355036490525824
0.0322490309931942,0,0,0,0.0180277563773199,0,0,0,0.355455850742876
0.0322490309931942,0,0,0,0.0180277563773199,0,0,0,0.354035068316338
0.0322490309931942,0,0,0,0.0180277563773199,0,0,0,0.355200586805455
0.0322490309931942,0,0,0,0.0180277563773199,0,0,0,0.353797352123931
0.0322490309931942,0,0,0,0.0180277563773199,0,0,0,0.353632862939323
0.0322490309931942,0,0,0,0.0180277563773199,0,0,0,0.355629749508596
0.0322490309931942,0,0,0,0.0180277563773199,0,0,0,0.354512566434387
0.0322490309931942,0,0,0,0.0180277563773199,0,0,0,0.355474641711536
0.0322490309931942,0,0,0,0.0180277563773199,0,0,0,0.354734079694801
0.0322490309931942,0,0,0,0.0180277563773199,0,0,0,0.352839497695054
0.0322490309931942,0,0,0,0.0180277563773199,0,0,0,0.353767418407296
0.0322490309931942,0,0,0,0.0180277563773199,0,0,0,0.352185587061962
0.0322490309931942,0,0,0,0.0180277563773199,0,0,0,0.352240542486947
0.0322490309931942,0,0,0,0.0180277563773199,0,0,0,0.350474664087785
0.0322490309931942,0,0,0,0.0180277563773199,0,0,0,0.351931424220928
0.0322490309931942,0,0,0,0.0180277563773199,0,0,0,0.351823155628896
0.0322490309931942,0,0,0,0.0180277563773199,0,0,0,0.353572168147804
0.0322490309931942,0,0,0,0.0180277563773199,0,0,0,0.352684277921737
0.0322490309931942,0,0,0,0.0180277563773199,0,0,0,0.352628558444582
0.0322490309931942,0,0,0,0.0180277563773199,0,0,0,0.352336115442827
0.0322490309931942,0,0,0,0.0180277563773199,0,0,0,0.353467686562783
0.0322490309931942,0,0,0,0.0180277563773199,0,0,0,0.353185861126632
0.0322490309931942,0,0,0,0.0180277563773199,0,0,0,0.353558334141196
0.0322490309931942,0,0,0,0.0180277563773199,0,0,0,0.351870025704651
0.0322490309931942,0,0,0,0.0180277563773199,0,0,0,0.351309581864999
0.0322490309931942,0,0,0,0.0180277563773199,0,0,0,0.350047465822321
0.0322490309931942,0,0,0,0.0180277563773199,0,0,0,0.352156538114008
0.0322490309931942,0,0,0,0.0180277563773199,0,0,0,0.352654853885897
0.0322490309931942,0,0,0,0.0180277563773199,0,0,0,0.351233104317584
0.0322490309931942,0,0,0,0.0180277563773199,0,0,0,0.352948114270614
0.0322490309931942,0,0,0,0.0180277563773199,0,0,0,0.353737752633103
0.0322490309931942,0,0,0,0.0180277563773199,0,0,0,0.354239266011714
0.0322490309931942,0,0,0,0.0180277563773199,0,0,0,0.353740248143406
0.0322490309931942,0,0,0,0.0180277563773199,0,0,0,0.354155373596548
0.0322490309931942,0,0,0,0.0180277563773199,0,0,0,0.352548857412336
0.0322490309931942,0,0,0,0.0180277563773199,0,0,0,0.349926472942068
0.0322490309931942,0,0,0,0.0180277563773199,0,0,0,0.351035248988083
0.0322490309931942,0,0,0,0.0180277563773199,0,0,0,0.352368097632432
0.0322490309931942,0,0,0,0.0180277563773199,0,0,0,0.353012168112673
0.0322490309931942,0,0,0,0.0180277563773199,0,0,0,0.350207204578348
0.0322490309931942,0,0,0,0.0180277563773199,0,0,0,0.349363083187357
0.0322490309931942,0,0,0,0.0180277563773199,0,0,0,0.348905926054821
0.0322490309931942,0,0,0,0.0180277563773199,0,0,0,0.348588701939411
0.0322490309931942,0,0,0,0.0180277563773199,0,0,0,0.348459225826704
0.0322490309931942,0,0,0,0.0180277563773199,0,0,0,0.345482164706779
0.0322490309931942,0,0,0,0.0180277563773199,0,0,0,0.346135006560341
0.0322490309931942,0,0,0,0.0180277563773199,0,0,0,0.345973824723354
0.0322490309931942,0,0,0,0.0180277563773199,0,0,0,0.345498068185416
0.0322490309931942,0,0,0,0.0180277563773199,0,0,0,0.347336973579064
0.0322490309931942,0,0,0,0.0180277563773199,0,0,0,0.346057692760477
0.0322490309931942,0,0,0,0.0180277563773199,0,0,0,0.34472215995703
0.0322490309931942,0,0,0,0.0180277563773199,0,0,0,0.344282366031744
0.0322490309931942,0,0,0,0.0180277563773199,0,0,0,0.343055377126795
0.0322490309931942,0,0,0,0.0180277563773199,0,0,0,0.343534230719729
0.0322490309931942,0,0,0,0.0180277563773199,0,0,0,0.34684114311082
0.0322490309931942,0,0,0,0.0180277563773199,0,0,0,0.350479345872772
0.0322490309931942,0,0,0,0.0180277563773199,0,0,0,0.352060698224874
0.0322490309931942,0,0,0,0.0180277563773199,0,0,0,0.354651240818449
0.0322490309931942,0,0,0,0.0180277563773199,0,0,0,0.355218069261018
0.0322490309931942,0,0,0,0.0180277563773199,0,0,0,0.356480128928589
0.0322490309931942,0,0,0,0.0180277563773199,0,0,0,0.357463118675184
0.0322490309931942,0,0,0,0.0180277563773199,0,0,0,0.356039819421614
0.0322490309931942,0,0,0,0.0180277563773199,0,0,0,0.355018671705799
0.0322490309931942,0,0,0,0.0180277563773199,0,0,0,0.355136366891022
0.0322490309931942,0,0,0,0.0180277563773199,0,0,0,0.356880228330063
0.0322490309931942,0,0,0,0.0180277563773199,0,0,0,0.357221683840867
0.0322490309931942,0,0,0,0.0180277563773199,0,0,0,0.359122879900912
0.0322490309931942,0,0,0,0.0180277563773199,0,0,0,0.358562142943439
0.0322490309931942,0,0,0,0.0180277563773199,0,0,0,0.358422171743993
0.0322490309931942,0,0,0,0.0180277563773199,0,0,0,0.358962612161893
0.0322490309931942,0,0,0,0.0180277563773199,0,0,0,0.359434978845445
0.0322490309931942,0,0,0,0.0180277563773199,0,0,0,0.358936048790044
0.0322490309931942,0,0,0,0.0180277563773199,0,0,0,0.356266683139164
0.0322490309931942,0,0,0,0.0180277563773199,0,0,0,0.356812187160529
0.0322490309931942,0,0,0,0.0180277563773199,0,0,0,0.355374105397589
0.0322490309931942,0,0,0,0.0180277563773199,0,0,0,0.354414584807023
0.0322490309931942,0,0,0,0.0180277563773199,0,0,0,0.354369712645639
0.0322490309931942,0,0,0,0.0180277563773199,0,0,0,0.353589162807055
0.0322490309931942,0,0,0,0.0180277563773199,0,0,0,0.353553068575374
0.0322490309931942,0,0,0,0.0180277563773199,0,0,0,0.352026310337989
0.0322490309931942,0,0,0,0.0180277563773199,0,0,0,0.35103965780561
0.0322490309931942,0,0,0,0.0180277563773199,0,0,0,0.35368419169377
0.0322490309931942,0,0,0,0.0180277563773199,0,0,0,0.353929255246174
0.0322490309931942,0,0,0,0.0180277563773199,0,0,0,0.352764039216248
0.0322490309931942,0,0,0,0.0180277563773199,0,0,0,0.351984567608609
0.0322490309931942,0,0,0,0.0180277563773199,0,0,0,0.350581673079651
0.0322490309931942,0,0,0,0.0180277563773199,0,0,0,0.350875086632162
0.0322490309931942,0,0,0,0.0180277563773199,0,0,0,0.351151447247943
0.0322490309931942,0,0,0,0.0180277563773199,0,0,0,0.351010647279005
0.0322490309931942,0,0,0,0.0180277563773199,0,0,0,0.352707530133083
0.0322490309931942,0,0,0,0.0180277563773199,0,0,0,0.354130726129438
0.0322490309931942,0,0,0,0.0180277563773199,0,0,0,0.352204833796973
0.0322490309931942,0,0,0,0.0180277563773199,0,0,0,0.353283476016857
0.0322490309931942,0,0,0,0.0180277563773199,0,0,0,0.355705038505343
0.0322490309931942,0,0,0,0.0180277563773199,0,0,0,0.355395845470622
0.0322490309931942,0,0,0,0.0180277563773199,0,0,0,0.355623045360333
0.0322490309931942,0,0,0,0.0180277563773199,0,0,0,0.356845248660016
0.0322490309931942,0,0,0,0.0180277563773199,0,0,0,0.355349528730966
0.0322490309931942,0,0,0,0.0180277563773199,0,0,0,0.355616418115997
0.0322490309931942,0,0,0,0.0180277563773199,0,0,0,0.357280631753563
0.0322490309931942,0,0,0,0.0180277563773199,0,0,0,0.358158076725544
0.0322490309931942,0,0,0,0.0180277563773199,0,0,0,0.357344514035014
0.0322490309931942,0,0,0,0.0180277563773199,0,0,0,0.357051170148576
0.0322490309931942,0,0,0,0.0180277563773199,0,0,0,0.357098024518252
0.0322490309931942,0,0,0,0.0180277563773199,0,0,0,0.357944831589434
0.0322490309931942,0,0,0,0.0180277563773199,0,0,0,0.358168333563028
0.0322490309931942,0,0,0,0.0180277563773199,0,0,0,0.358686155800703
0.0322490309931942,0,0,0,0.0180277563773199,0,0,0,0.357896679634521
0.0322490309931942,0,0,0,0.0180277563773199,0,0,0,0.357978533322346
0.0322490309931942,0,0,0,0.0180277563773199,0,0,0,0.358423338076174
0.0322490309931942,0,0,0,0.0180277563773199,0,0,0,0.359273241958665
0.0322490309931942,0,0,0,0.0180277563773199,0,0,0,0.358180222890401
0.0322490309931942,0,0,0,0.0180277563773199,0,0,0,0.357538839494751
0.0322490309931942,0,0,0,0.0180277563773199,0,0,0,0.35839397486768
0.0322490309931942,0,0,0,0.0180277563773199,0,0,0,0.358607891846976
0.0322490309931942,0,0,0,0.0180277563773199,0,0,0,0.357712414039847
0.0322490309931942,0,0,0,0.0180277563773199,0,0,0,0.357914067574184
0.0322490309931942,0,0,0,0.0180277563773199,0,0,0,0.357201189400212
0.0322490309931942,0,0,0,0.0180277563773199,0,0,0,0.356518074008627
0.0322490309931942,0,0,0,0.0180277563773199,0,0,0,0.35520970203371
0.0322490309931942,0,0,0,0.0180277563773199,0,0,0,0.356207202266539
0.0322490309931942,0,0,0,0.0180277563773199,0,0,0,0.356010926561048
0.0322490309931942,0,0,0,0.0180277563773199,0,0,0,0.355131092431487
0.0322490309931942,0,0,0,0.0180277563773199,0,0,0,0.354961086910764
0.0322490309931942,0,0,0,0.0180277563773199,0,0,0,0.3547494311639
0.0322490309931942,0,0,0,0.0180277563773199,0,0,0,0.355235493621787
0.0322490309931942,0,0,0,0.0180277563773199,0,0,0,0.35388869630505
0.0322490309931942,0,0,0,0.0180277563773199,0,0,0,0.352528526882339
0.0322490309931942,0,0,0,0.0180277563773199,0,0,0,0.351543491312844
0.0322490309931942,0,0,0,0.0180277563773199,0,0,0,0.354429629156242
0.0322490309931942,0,0,0,0.0180277563773199,0,0,0,0.354103320777618
0.0322490309931942,0,0,0,0.0180277563773199,0,0,0,0.353287574986026
0.0322490309931942,0,0,0,0.0180277563773199,0,0,0,0.354377111967267
0.0322490309931942,0,0,0,0.0180277563773199,0,0,0,0.35460362184979
0.0322490309931942,0,0,0,0.0180277563773199,0,0,0,0.352306633106194
0.0322490309931942,0,0,0,0.0180277563773199,0,0,0,0.35131063940041
0.0322490309931942,0,0,0,0.0180277563773199,0,0,0,0.351861975113423
0.0322490309931942,0,0,0,0.0180277563773199,0,0,0,0.348751524159908
0.0322490309931942,0,0,0,0.0180277563773199,0,0,0,0.349724608444985
0.0322490309931942,0,0,0,0.0180277563773199,0,0,0,0.35017991622332
0.0322490309931942,0,0,0,0.0180277563773199,0,0,0,0.348262022116551
0.0322490309931942,0,0,0,0.0180277563773199,0,0,0,0.347489045375751
0.0322490309931942,0,0,0,0.0180277563773199,0,0,0,0.350546523732764
0.0322490309931942,0,0,0,0.0180277563773199,0,0,0,0.350280177308744
0.0322490309931942,0,0,0,0.0180277563773199,0,0,0,0.352347095117634
0.0322490309931942,0,0,0,0.0180277563773199,0,0,0,0.351731609973572
0.0322490309931942,0,0,0,0.0180277563773199,0,0,0,0.35216625946086
0.0322490309931942,0,0,0,0.0180277563773199,0,0,0,0.353125965485446
0.0322490309931942,0,0,0,0.0180277563773199,0,0,0,0.35383431171889
0.0322490309931942,0,0,0,0.0180277563773199,0,0,0,0.354583357866206
0.0322490309931942,0,0,0,0.0180277563773199,0,0,0,0.353191254642236
0.0322490309931942,0,0,0,0.0180277563773199,0,0,0,0.355054119774839
0.0322490309931942,0,0,0,0.0180277563773199,0,0,0,0.353748439954564
0.0322490309931942,0,0,0,0.0180277563773199,0,0,0,0.3540932238206
0.0322490309931942,0,0,0,0.0180277563773199,0,0,0,0.352752734720436
0.0322490309931942,0,0,0,0.0180277563773199,0,0,0,0.353593201327366
0.0322490309931942,0,0,0,0.0180277563773199,0,0,0,0.351647649383415
0.0322490309931942,0,0,0,0.0180277563773199,0,0,0,0.352668449971311
0.0322490309931942,0,0,0,0.0180277563773199,0,0,0,0.350430069479105
0.0322490309931942,0,0,0,0.0180277563773199,0,0,0,0.348197979595961
0.0322490309931942,0,0,0,0.0180277563773199,0,0,0,0.347413559526069
0.0322490309931942,0,0,0,0.0180277563773199,0,0,0,0.347599795849535
0.0322490309931942,0,0,0,0.0180277563773199,0,0,0,0.348485864715265
0.0322490309931942,0,0,0,0.0180277563773199,0,0,0,0.346312583310774
0.0322490309931942,0,0,0,0.0180277563773199,0,0,0,0.34654790155505
0.0322490309931942,0,0,0,0.0180277563773199,0,0,0,0.343562108594841
0.0322490309931942,0,0,0,0.0180277563773199,0,0,0,0.344771575963401
0.0322490309931942,0,0,0,0.0180277563773199,0,0,0,0.34366870745857
0.0322490309931942,0,0,0,0.0180277563773199,0,0,0,0.344771584583025
0.0322490309931942,0,0,0,0.0180277563773199,0,0,0,0.345186099985467
0.0322490309931942,0,0,0,0.0180277563773199,0,0,0,0.343854986217484
0.0322490309931942,0,0,0,0.0180277563773199,0,0,0,0.342949659607498
0.0322490309931942,0,0,0,0.0180277563773199,0,0,0,0.342833811331501
0.0322490309931942,0,0,0,0.0180277563773199,0,0,0,0.340447313037205
0.0322490309931942,0,0,0,0.0180277563773199,0,0,0,0.341314412377189
0.0322490309931942,0,0,0,0.0180277563773199,0,0,0,0.341071411412013
0.0322490309931942,0,0,0,0.0180277563773199,0,0,0,0.343152836802064
0.0322490309931942,0,0,0,0.0180277563773199,0,0,0,0.340135446871406
0.0322490309931942,0,0,0,0.0180277563773199,0,0,0,0.339708980517391
0.0322490309931942,0,0,0,0.0180277563773199,0,0,0,0.340716385491604
0.0322490309931942,0,0,0,0.0180277563773199,0,0,0,0.340271409316926
0.0322490309931942,0,0,0,0.0180277563773199,0,0,0,0.337446294730247
0.0322490309931942,0,0,0,0.0180277563773199,0,0,0,0.337935549575845
0.0322490309931942,0,0,0,0.0180277563773199,0,0,0,0.336442797878114
0.0322490309931942,0,0,0,0.0180277563773199,0,0,0,0.337306643584057
0.0322490309931942,0,0,0,0.0180277563773199,0,0,0,0.335916746679566
0.0322490309931942,0,0,0,0.0180277563773199,0,0,0,0.337085839239547
0.0322490309931942,0,0,0,0.0180277563773199,0,0,0,0.337766170341937
0.0322490309931942,0,0,0,0.0180277563773199,0,0,0,0.338686036356109
0.0322490309931942,0,0,0,0.0180277563773199,0,0,0,0.337919277713431
0.0322490309931942,0,0,0,0.0180277563773199,0,0,0,0.339640830801238
0.0322490309931942,0,0,0,0.0180277563773199,0,0,0,0.339648324924209
0.0322490309931942,0,0,0,0.0180277563773199,0,0,0,0.34000339104629
0.0322490309931942,0,0,0,0.0180277563773199,0,0,0,0.339879990767541
0.0322490309931942,0,0,0,0.0180277563773199,0,0,0,0.340193046697204
0.0322490309931942,0,0,0,0.0180277563773199,0,0,0,0.339593432644914
0.0322490309931942,0,0,0,0.0180277563773199,0,0,0,0.3404067506906
0.0322490309931942,0,0,0,0.0180277563773199,0,0,0,0.34148792786346
0.0322490309931942,0,0,0,0.0180277563773199,0,0,0,0.342670687948873
0.0322490309931942,0,0,0,0.0180277563773199,0,0,0,0.341937399359768
0.0322490309931942,0,0,0,0.0180277563773199,0,0,0,0.341469809454656
0.0322490309931942,0,0,0,0.0180277563773199,0,0,0,0.341356821062686
0.0322490309931942,0,0,0,0.0180277563773199,0,0,0,0.341319231828068
0.0322490309931942,0,0,0,0.0180277563773199,0,0,0,0.340444685535272
0.0322490309931942,0,0,0,0.0180277563773199,0,0,0,0.343189357751564
0.0322490309931942,0,0,0,0.0180277563773199,0,0,0,0.343483763773231
0.0322490309931942,0,0,0,0.0180277563773199,0,0,0,0.343947309897123
0.0322490309931942,0,0,0,0.0180277563773199,0,0,0,0.344630292841243
0.0322490309931942,0,0,0,0.0180277563773199,0,0,0,0.344968661645756
0.0322490309931942,0,0,0,0.0180277563773199,0,0,0,0.34552395799466
0.0322490309931942,0,0,0,0.0180277563773199,0,0,0,0.346825706843041
0.0322490309931942,0,0,0,0.0180277563773199,0,0,0,0.347956680821439
0.0322490309931942,0,0,0,0.0180277563773199,0,0,0,0.346432718088402
0.0322490309931942,0,0,0,0.0180277563773199,0,0,0,0.346362397905391
0.0322490309931942,0,0,0,0.0180277563773199,0,0,0,0.347374912280111
0.0322490309931942,0,0,0,0.0180277563773199,0,0,0,0.345958689171053
0.0322490309931942,0,0,0,0.0180277563773199,0,0,0,0.347972667395543
0.0322490309931942,0,0,0,0.0180277563773199,0,0,0,0.348884497903167
0.0322490309931942,0,0,0,0.0180277563773199,0,0,0,0.348002877717488
0.0322490309931942,0,0,0,0.0180277563773199,0,0,0,0.347939534402654
0.0322490309931942,0,0,0,0.0180277563773199,0,0,0,0.346954794663371
0.0322490309931942,0,0,0,0.0180277563773199,0,0,0,0.346157118152763
0.0322490309931942,0,0,0,0.0180277563773199,0,0,0,0.34509808960909
0.0322490309931942,0,0,0,0.0180277563773199,0,0,0,0.345684730844978
0.0322490309931942,0,0,0,0.0180277563773199,0,0,0,0.344840107881003
0.0322490309931942,0,0,0,0.0180277563773199,0,0,0,0.343078511805944
0.0322490309931942,0,0,0,0.0180277563773199,0,0,0,0.34183575750759
0.0322490309931942,0,0,0,0.0180277563773199,0,0,0,0.342363096392261
0.0322490309931942,0,0,0,0.0180277563773199,0,0,0,0.341633085647678
0.0322490309931942,0,0,0,0.0180277563773199,0,0,0,0.34152910350509
0.0322490309931942,0,0,0,0.0180277563773199,0,0,0,0.343056181326688
0.0322490309931942,0,0,0,0.0180277563773199,0,0,0,0.34300928111108
0.0322490309931942,0,0,0,0.0180277563773199,0,0,0,0.344027459475295
0.0322490309931942,0,0,0,0.0180277563773199,0,0,0,0.343831176095014
0.0322490309931942,0,0,0,0.0180277563773199,0,0,0,0.34352560976061
0.0322490309931942,0,0,0,0.0180277563773199,0,0,0,0.343395539815462
0.0322490309931942,0,0,0,0.0180277563773199,0,0,0,0.344123689563571
0.0322490309931942,0,0,0,0.0180277563773199,0,0,0,0.342751017568623
0.0322490309931942,0,0,0,0.0180277563773199,0,0,0,0.344606398725711
0.0322490309931942,0,0,0,0.0180277563773199,0,0,0,0.344274130429775
0.0322490309931942,0,0,0,0.0180277563773199,0,0,0,0.34217718462972
0.0322490309931942,0,0,0,0.0180277563773199,0,0,0,0.343258859746666
0.0322490309931942,0,0,0,0.0180277563773199,0,0,0,0.343654567563765
0.0322490309931942,0,0,0,0.0180277563773199,0,0,0,0.343156959628377
0.0322490309931942,0,0,0,0.0180277563773199,0,0,0,0.344481625566621
0.0322490309931942,0,0,0,0.0180277563773199,0,0,0,0.34302607518852
0.0322490309931942,0,0,0,0.0180277563773199,0,0,0,0.345604721590172
0.0322490309931942,0,0,0,0.0180277563773199,0,0,0,0.343896458349073
0.0322490309931942,0,0,0,0.0180277563773199,0,0,0,0.342923958727636
0.0322490309931942,0,0,0,0.0180277563773199,0,0,0,0.345142188050144
0.0322490309931942,0,0,0,0.0180277563773199,0,0,0,0.345217740065665
0.0322490309931942,0,0,0,0.0180277563773199,0,0,0,0.344897999898772
0.0322490309931942,0,0,0,0.0180277563773199,0,0,0,0.343622420594262
0.0322490309931942,0,0,0,0.0180277563773199,0,0,0,0.342220308497034
0.0322490309931942,0,0,0,0.0180277563773199,0,0,0,0.341663837351199
0.0322490309931942,0,0,0,0.0180277563773199,0,0,0,0.343570302210884
0.0322490309931942,0,0,0,0.0180277563773199,0,0,0,0.347944399416068
0.0322490309931942,0,0,0,0.0180277563773199,0,0,0,0.346310048893281
0.0322490309931942,0,0,0,0.0180277563773199,0,0,0,0.348708971211736
0.0322490309931942,0,0,0,0.0180277563773199,0,0,0,0.348492868477455
0.0322490309931942,0,0,0,0.0180277563773199,0,0,0,0.34893285081556
0.0322490309931942,0,0,0,0.0180277563773199,0,0,0,0.348313853139514
0.0322490309931942,0,0,0,0.0180277563773199,0,0,0,0.347386477698839
0.0322490309931942,0,0,0,0.0180277563773199,0,0,0,0.345972898523815
0.0322490309931942,0,0,0,0.0180277563773199,0,0,0,0.343890333785736
0.0322490309931942,0,0,0,0.0180277563773199,0,0,0,0.341137617740692
0.0322490309931942,0,0,0,0.0180277563773199,0,0,0,0.340702420823098
0.0322490309931942,0,0,0,0.0180277563773199,0,0,0,0.340708051650107
0.0322490309931942,0,0,0,0.0180277563773199,0,0,0,0.341094760780883
0.0322490309931942,0,0,0,0.0180277563773199,0,0,0,0.34145127378602
0.0322490309931942,0,0,0,0.0180277563773199,0,0,0,0.338954885809566
0.0322490309931942,0,0,0,0.0180277563773199,0,0,0,0.339519205421214
0.0322490309931942,0,0,0,0.0180277563773199,0,0,0,0.337394368650824
0.0322490309931942,0,0,0,0.0180277563773199,0,0,0,0.33812047871532
0.0322490309931942,0,0,0,0.0180277563773199,0,0,0,0.336465598308704
0.0322490309931942,0,0,0,0.0180277563773199,0,0,0,0.335929892491922
0.0322490309931942,0,0,0,0.0180277563773199,0,0,0,0.333941749613507
0.0322490309931942,0,0,0,0.0180277563773199,0,0,0,0.331781998072034
0.0322490309931942,0,0,0,0.0180277563773199,0,0,0,0.333328054352485
0.0322490309931942,0,0,0,0.0180277563773199,0,0,0,0.333243626518115
0.0322490309931942,0,0,0,0.0180277563773199,0,0,0,0.333208580184524
0.0322490309931942,0,0,0,0.0180277563773199,0,0,0,0.332296581532234
0.0322490309931942,0,0,0,0.0180277563773199,0,0,0,0.33469321342042
0.0322490309931942,0,0,0,0.0180277563773199,0,0,0,0.335569156073125
0.0322490309931942,0,0,0,0.0180277563773199,0,0,0,0.336738162631083
0.0322490309931942,0,0,0,0.0180277563773199,0,0,0,0.333309987065616
0.0322490309931942,0,0,0,0.0180277563773199,0,0,0,0.334665176542817
0.0322490309931942,0,0,0,0.0180277563773199,0,0,0,0.333862706283127
0.0322490309931942,0,0,0,0.0180277563773199,0,0,0,0.335716171811937
0.0322490309931942,0,0,0,0.0180277563773199,0,0,0,0.336565530946379
0.0322490309931942,0,0,0,0.0180277563773199,0,0,0,0.338325400804024
0.0322490309931942,0,0,0,0.0180277563773199,0,0,0,0.336469972585935
0.0322490309931942,0,0,0,0.0180277563773199,0,0,0,0.335899281498032
0.0322490309931942,0,0,0,0.0180277563773199,0,0,0,0.335687382051258
0.0322490309931942,0,0,0,0.0180277563773199,0,0,0,0.335986472947748
0.0322490309931942,0,0,0,0.0180277563773199,0,0,0,0.333203970283984
0.0322490309931942,0,0,0,0.0180277563773199,0,0,0,0.33308826728923
0.0322490309931942,0,0,0,0.0180277563773199,0,0,0,0.330723127346733
0.0322490309931942,0,0,0,0.0180277563773199,0,0,0,0.32868445435289
0.0322490309931942,0,0,0,0.0180277563773199,0,0,0,0.328900374683459
0.0322490309931942,0,0,0,0.0180277563773199,0,0,0,0.330542281385298
0.0322490309931942,0,0,0,0.0180277563773199,0,0,0,0.330595228272285
0.0322490309931942,0,0,0,0.0180277563773199,0,0,0,0.333064970039302
0.0322490309931942,0,0,0,0.0180277563773199,0,0,0,0.330611583867871
0.0322490309931942,0,0,0,0.0180277563773199,0,0,0,0.327927693537703
0.0322490309931942,0,0,0,0.0180277563773199,0,0,0,0.32758393632895
0.0322490309931942,0,0,0,0.0180277563773199,0,0,0,0.327238582999228
0.0322490309931942,0,0,0,0.0180277563773199,0,0,0,0.325510424676984
0.0322490309931942,0,0,0,0.0180277563773199,0,0,0,0.322126549235834
0.0322490309931942,0,0,0,0.0180277563773199,0,0,0,0.325046885943348
0.0322490309931942,0,0,0,0.0180277563773199,0,0,0,0.323380849445914
0.0322490309931942,0,0,0,0.0180277563773199,0,0,0,0.321737329503279
0.0322490309931942,0,0,0,0.0180277563773199,0,0,0,0.32290527149422
0.0322490309931942,0,0,0,0.0180277563773199,0,0,0,0.322035080714311
0.0322490309931942,0,0,0,0.0180277563773199,0,0,0,0.319226525948903
0.0322490309931942,0,0,0,0.0180277563773199,0,0,0,0.317601908312114
0.0322490309931942,0,0,0,0.0180277563773199,0,0,0,0.318191648374546
0.0322490309931942,0,0,0,0.0180277563773199,0,0,0,0.318454651705007
0.0322490309931942,0,0,0,0.0180277563773199,0,0,0,0.320191555188086
0.0322490309931942,0,0,0,0.0180277563773199,0,0,0,0.3209330876585
0.0322490309931942,0,0,0,0.0180277563773199,0,0,0,0.320142675973545
0.0322490309931942,0,0,0,0.0180277563773199,0,0,0,0.318970676812906
0.0322490309931942,0,0,0,0.0180277563773199,0,0,0,0.317286474641289
0.0322490309931942,0,0,0,0.0180277563773199,0,0,0,0.316938968890744
0.0322490309931942,0,0,0,0.0180277563773199,0,0,0,0.31902454503997
0.0322490309931942,0,0,0,0.0180277563773199,0,0,0,0.318440252397691
0.0322490309931942,0,0,0,0.0180277563773199,0,0,0,0.317640353933009
0.0322490309931942,0,0,0,0.0180277563773199,0,0,0,0.321532002168566
0.0322490309931942,0,0,0,0.0180277563773199,0,0,0,0.320235356421069
0.0322490309931942,0,0,0,0.0180277563773199,0,0,0,0.315775904870956
0.0322490309931942,0,0,0,0.0180277563773199,0,0,0,0.315577287832831
0.0322490309931942,0,0,0,0.0180277563773199,0,0,0,0.313413942843625
0.0322490309931942,0,0,0,0.0180277563773199,0,0,0,0.310706068122562
0.0322490309931942,0,0,0,0.0180277563773199,0,0,0,0.309737198281294
0.0322490309931942,0,0,0,0.0180277563773199,0,0,0,0.310033571647826
0.0322490309931942,0,0,0,0.0180277563773199,0,0,0,0.30816252193197
0.0322490309931942,0,0,0,0.0180277563773199,0,0,0,0.309911807990946
0.0322490309931942,0,0,0,0.0180277563773199,0,0,0,0.310267841995112
0.0322490309931942,0,0,0,0.0180277563773199,0,0,0,0.308213868459795
0.0322490309931942,0,0,0,0.0180277563773199,0,0,0,0.307956324122474
0.0322490309931942,0,0,0,0.0180277563773199,0,0,0,0.306094446549585
0.0322490309931942,0,0,0,0.0180277563773199,0,0,0,0.312250396007613
0.0322490309931942,0,0,0,0.0180277563773199,0,0,0,0.312290912765235
0.0322490309931942,0,0,0,0.0180277563773199,0,0,0,0.310642605579344
0.0322490309931942,0,0,0,0.0180277563773199,0,0,0,0.314972096095888
0.0322490309931942,0,0,0,0.0180277563773199,0,0,0,0.314230881160269
0.0322490309931942,0,0,0,0.0180277563773199,0,0,0,0.312564037487684
0.0322490309931942,0,0,0,0.0180277563773199,0,0,0,0.310809139057143
0.0322490309931942,0,0,0,0.0180277563773199,0,0,0,0.311119901474478
0.0322490309931942,0,0,0,0.0180277563773199,0,0,0,0.310513540160931
0.0322490309931942,0,0,0,0.0180277563773199,0,0,0,0.310241313345662
0.0322490309931942,0,0,0,0.0180277563773199,0,0,0,0.310904335294885
0.0322490309931942,0,0,0,0.0180277563773199,0,0,0,0.312743420650621
0.0322490309931942,0,0,0,0.0180277563773199,0,0,0,0.312484742977217
0.0322490309931942,0,0,0,0.0180277563773199,0,0,0,0.312475778111299
0.0322490309931942,0,0,0,0.0180277563773199,0,0,0,0.30981198263065
0.0322490309931942,0,0,0,0.0180277563773199,0,0,0,0.307265195644301
0.0322490309931942,0,0,0,0.0180277563773199,0,0,0,0.305561549634303
0.0322490309931942,0,0,0,0.0180277563773199,0,0,0,0.310701136167937
0.0322490309931942,0,0,0,0.0180277563773199,0,0,0,0.307359684236888
0.0322490309931942,0,0,0,0.0180277563773199,0,0,0,0.309228530285189
0.0322490309931942,0,0,0,0.0180277563773199,0,0,0,0.308151189147097
0.0322490309931942,0,0,0,0.0180277563773199,0,0,0,0.311448375456698
0.0322490309931942,0,0,0,0.0180277563773199,0,0,0,0.306378809538269
0.0322490309931942,0,0,0,0.0180277563773199,0,0,0,0.303805972074131
0.0322490309931942,0,0,0,0.0180277563773199,0,0,0,0.301947206562475
0.0322490309931942,0,0,0,0.0180277563773199,0,0,0,0.303070055156177
0.0322490309931942,0,0,0,0.0180277563773199,0,0,0,0.304381414859898
0.0322490309931942,0,0,0,0.0180277563773199,0,0,0,0.304702931228326
0.0322490309931942,0,0,0,0.0180277563773199,0,0,0,0.304523657399127
0.0322490309931942,0,0,0,0.0180277563773199,0,0,0,0.301125401891024
0.0322490309931942,0,0,0,0.0180277563773199,0,0,0,0.300937447804843
0.0322490309931942,0,0,0,0.0180277563773199,0,0,0,0.301284053294516
0.0322490309931942,0,0,0,0.0180277563773199,0,0,0,0.305467949793771
0.0322490309931942,0,0,0,0.0180277563773199,0,0,0,0.305921778661502
0.0322490309931942,0,0,0,0.0180277563773199,0,0,0,0.303085705851149
0.0322490309931942,0,0,0,0.0180277563773199,0,0,0,0.295652442457874
0.0322490309931942,0,0,0,0.0180277563773199,0,0,0,0.300335040641684
0.0322490309931942,0,0,0,0.0180277563773199,0,0,0,0.296243922408421
0.0322490309931942,0,0,0,0.0180277563773199,0,0,0,0.301517842316911
0.0322490309931942,0,0,0,0.0180277563773199,0,0,0,0.302855302009467
0.0322490309931942,0,0,0,0.0180277563773199,0,0,0,0.307269555138318
0.0322490309931942,0,0,0,0.0180277563773199,0,0,0,0.305924931217968
0.0322490309931942,0,0,0,0.0180277563773199,0,0,0,0.304921717774374
0.0322490309931942,0,0,0,0.0180277563773199,0,0,0,0.30411513829766
0.0322490309931942,0,0,0,0.0180277563773199,0,0,0,0.299658911771036
0.0322490309931942,0,0,0,0.0180277563773199,0,0,0,0.298878935185565
0.0322490309931942,0,0,0,0.0180277563773199,0,0,0,0.297750947667168
0.0322490309931942,0,0,0,0.0180277563773199,0,0,0,0.293623527587711
0.0322490309931942,0,0,0,0.0180277563773199,0,0,0,0.298641361631581
0.0322490309931942,0,0,0,0.0180277563773199,0,0,0,0.300332099912768
0.0322490309931942,0,0,0,0.0180277563773199,0,0,0,0.303476956586367
0.0322490309931942,0,0,0,0.0180277563773199,0,0,0,0.305070179101718
0.0322490309931942,0,0,0,0.0180277563773199,0,0,0,0.300970521717527
0.0322490309931942,0,0,0,0.0180277563773199,0,0,0,0.300677042955197
0.0322490309931942,0,0,0,0.0180277563773199,0,0,0,0.296164185142032
0.0322490309931942,0,0,0,0.0180277563773199,0,0,0,0.292591241646304
0.0322490309931942,0,0,0,0.0180277563773199,0,0,0,0.292255113592781
0.0322490309931942,0,0,0,0.0180277563773199,0,0,0,0.290299049929634
0.0322490309931942,0,0,0,0.0180277563773199,0,0,0,0.288462890398904
0.0322490309931942,0,0,0,0.0180277563773199,0,0,0,0.287490813735591
0.0322490309931942,0,0,0,0.0180277563773199,0,0,0,0.28607106863763
0.0322490309931942,0,0,0,0.0180277563773199,0,0,0,0.286279179100032
0.0322490309931942,0,0,0,0.0180277563773199,0,0,0,0.286397376628988
0.0322490309931942,0,0,0,0.0180277563773199,0,0,0,0.282980421768169
0.0322490309931942,0,0,0,0.0180277563773199,0,0,0,0.285219518916833
0.0322490309931942,0,0,0,0.0180277563773199,0,0,0,0.284504879259042
0.0322490309931942,0,0,0,0.0180277563773199,0,0,0,0.283896789251158
0.0322490309931942,0,0,0,0.0180277563773199,0,0,0,0.279563915677482
0.0322490309931942,0,0,0,0.0180277563773199,0,0,0,0.285542070295176
0.0322490309931942,0,0,0,0.0180277563773199,0,0,0,0.28649954889386
0.0322490309931942,0,0,0,0.0180277563773199,0,0,0,0.29165649742616
0.0322490309931942,0,0,0,0.0180277563773199,0,0,0,0.288910324599845
0.0322490309931942,0,0,0,0.0180277563773199,0,0,0,0.288522500004285
0.0322490309931942,0,0,0,0.0180277563773199,0,0,0,0.283574216902863
0.0322490309931942,0,0,0,0.0180277563773199,0,0,0,0.282173923922227
0.0322490309931942,0,0,0,0.0180277563773199,0,0,0,0.282727162076909
0.0322490309931942,0,0,0,0.0180277563773199,0,0,0,0.279073199704105
0.0322490309931942,0,0,0,0.0180277563773199,0,0,0,0.279716461974098
0.0322490309931942,0,0,0,0.0180277563773199,0,0,0,0.274271439013694
0.0322490309931942,0,0,0,0.0180277563773199,0,0,0,0.272043166996895
0.0322490309931942,0,0,0,0.0180277563773199,0,0,0,0.277161891802641
0.0322490309931942,0,0,0,0.0180277563773199,0,0,0,0.282083241624104
0.0322490309931942,0,0,0,0.0180277563773199,0,0,0,0.278871915852401
0.0322490309931942,0,0,0,0.0180277563773199,0,0,0,0.279852729707591
0.0322490309931942,0,0,0,0.0180277563773199,0,0,0,0.280623330822458
0.0322490309931942,0,0,0,0.0180277563773199,0,0,0,0.279593580315889
0.0322490309931942,0,0,0,0.0180277563773199,0,0,0,0.276909213563957
0.0322490309931942,0,0,0,0.0180277563773199,0,0,0,0.273102117664289
0.0322490309931942,0,0,0,0.0180277563773199,0,0,0,0.268278374064729
0.0322490309931942,0,0,0,0.0180277563773199,0,0,0,0.264407298888852
0.0322490309931942,0,0,0,0.0180277563773199,0,0,0,0.262599248301728
0.0322490309931942,0,0,0,0.0180277563773199,0,0,0,0.262994869460302
0.0322490309931942,0,0,0,0.0180277563773199,0,0,0,0.261610979972347
0.0322490309931942,0,0,0,0.0180277563773199,0,0,0,0.259669241682483
0.0322490309931942,0,0,0,0.0180277563773199,0,0,0,0.259469149123936
0.0322490309931942,0,0,0,0.0180277563773199,0,0,0,0.259416884879839
0.0322490309931942,0,0,0,0.0180277563773199,0,0,0,0.268626440662853
0.0322490309931942,0,0,0,0.0180277563773199,0,0,0,0.265350342563546
0.0322490309931942,0,0,0,0.0180277563773199,0,0,0,0.265281215604276
0.0322490309931942,0,0,0,0.0180277563773199,0,0,0,0.265406751218658
0.0322490309931942,0,0,0,0.0180277563773199,0,0,0,0.264701773060248
0.0322490309931942,0,0,0,0.0180277563773199,0,0,0,0.262776320867066
0.0322490309931942,0,0,0,0.0180277563773199,0,0,0,0.261050897672085
0.0322490309931942,0,0,0,0.0180277563773199,0,0,0,0.264957197583256
0.0322490309931942,0,0,0,0.0180277563773199,0,0,0,0.266706880007171
0.0322490309931942,0,0,0,0.0180277563773199,0,0,0,0.264860163004937
0.0322490309931942,0,0,0,0.0180277563773199,0,0,0,0.258329207605851
0.0322490309931942,0,0,0,0.0180277563773199,0,0,0,0.257252616141143
0.0322490309931942,0,0,0,0.0180277563773199,0,0,0,0.262212359611939
0.0322490309931942,0,0,0,0.0180277563773199,0,0,0,0.26525882638163
0.0322490309931942,0,0,0,0.0180277563773199,0,0,0,0.269036507809902
0.0322490309931942,0,0,0,0.0180277563773199,0,0,0,0.268536541519093
0.0322490309931942,0,0,0,0.0180277563773199,0,0,0,0.269043979825721
0.0322490309931942,0,0,0,0.0180277563773199,0,0,0,0.26565972150245
0.0322490309931942,0,0,0,0.0180277563773199,0,0,0,0.269498387017332
0.0322490309931942,0,0,0,0.0180277563773199,0,0,0,0.269139466245172
0.0322490309931942,0,0,0,0.0180277563773199,0,0,0,0.267752209184955
0.0322490309931942,0,0,0,0.0180277563773199,0,0,0,0.269050936628696
0.0322490309931942,0,0,0,0.0180277563773199,0,0,0,0.266984089594695
0.0322490309931942,0,0,0,0.0180277563773199,0,0,0,0.266557175577107
0.0322490309931942,0,0,0,0.0180277563773199,0,0,0,0.267484620996436
0.0322490309931942,0,0,0,0.0180277563773199,0,0,0,0.265900746831366
0.0322490309931942,0,0,0,0.0180277563773199,0,0,0,0.265888629110135
0.0322490309931942,0,0,0,0.0180277563773199,0,0,0,0.261958963066081
0.0322490309931942,0,0,0,0.0180277563773199,0,0,0,0.26343514797433
0.0322490309931942,0,0,0,0.0180277563773199,0,0,0,0.26989828316617
0.0322490309931942,0,0,0,0.0180277563773199,0,0,0,0.267766015710922
0.0322490309931942,0,0,0,0.0180277563773199,0,0,0,0.273515178082464
0.0322490309931942,0,0,0,0.0180277563773199,0,0,0,0.275472719926315
0.0322490309931942,0,0,0,0.0180277563773199,0,0,0,0.276882704977973
0.0322490309931942,0,0,0,0.0180277563773199,0,0,0,0.280307409576954
0.0322490309931942,0,0,0,0.0180277563773199,0,0,0,0.285299923069983
0.0322490309931942,0,0,0,0.0180277563773199,0,0,0,0.282775042977484
0.0322490309931942,0,0,0,0.0180277563773199,0,0,0,0.279187510241122
0.0322490309931942,0,0,0,0.0180277563773199,0,0,0,0.278097999516771
0.0322490309931942,0,0,0,0.0180277563773199,0,0,0,0.277798139624207
0.0322490309931942,0,0,0,0.0180277563773199,0,0,0,0.276612875155277
0.0322490309931942,0,0,0,0.0180277563773199,0,0,0,0.278463018866397
0.0322490309931942,0,0,0,0.0180277563773199,0,0,0,0.275714924998356
0.0322490309931942,0,0,0,0.0180277563773199,0,0,0,0.27374506865588
0.0322490309931942,0,0,0,0.0180277563773199,0,0,0,0.266301206728145
0.0322490309931942,0,0,0,0.0180277563773199,0,0,0,0.261251528839474
0.0322490309931942,0,0,0,0.0180277563773199,0,0,0,0.259502180170493
0.0322490309931942,0,0,0,0.0180277563773199,0,0,0,0.264289973078253
0.0322490309931942,0,0,0,0.0180277563773199,0,0,0,0.266300469829147
0.0322490309931942,0,0,0,0.0180277563773199,0,0,0,0.266199053537258
0.0322490309931942,0,0,0,0.0180277563773199,0,0,0,0.265597388017572
0.0322490309931942,0,0,0,0.0180277563773199,0,0,0,0.266961448212882
0.0322490309931942,0,0,0,0.0180277563773199,0,0,0,0.267200986223636
0.0322490309931942,0,0,0,0.0180277563773199,0,0,0,0.266322251274287
0.0322490309931942,0,0,0,0.0180277563773199,0,0,0,0.269555497613311
0.0322490309931942,0,0,0,0.0180277563773199,0,0,0,0.262759935387196
0.0322490309931942,0,0,0,0.0180277563773199,0,0,0,0.262214847906698
0.0322490309931942,0,0,0,0.0180277563773199,0,0,0,0.26352397677914
0.0322490309931942,0,0,0,0.0180277563773199,0,0,0,0.265339941720006
0.0322490309931942,0,0,0,0.0180277563773199,0,0,0,0.264283925142447
0.0322490309931942,0,0,0,0.0180277563773199,0,0,0,0.266673811103615
0.0322490309931942,0,0,0,0.0180277563773199,0,0,0,0.267434936906794
0.0322490309931942,0,0,0,0.0180277563773199,0,0,0,0.26189333861628
0.0322490309931942,0,0,0,0.0180277563773199,0,0,0,0.259859499865154
0.0322490309931942,0,0,0,0.0180277563773199,0,0,0,0.261172936782554
0.0322490309931942,0,0,0,0.0180277563773199,0,0,0,0.266924527654823
0.0322490309931942,0,0,0,0.0180277563773199,0,0,0,0.2712478483431
0.0322490309931942,0,0,0,0.0180277563773199,0,0,0,0.272435006516931
0.0322490309931942,0,0,0,0.0180277563773199,0,0,0,0.267368445157072
0.0322490309931942,0,0,0,0.0180277563773199,0,0,0,0.267658469557377
0.0322490309931942,0,0,0,0.0180277563773199,0,0,0,0.263033935615955
0.0322490309931942,0,0,0,0.0180277563773199,0,0,0,0.265344719640236
0.0322490309931942,0,0,0,0.0180277563773199,0,0,0,0.266869972344902
0.0322490309931942,0,0,0,0.0180277563773199,0,0,0,0.265446411540822
0.0322490309931942,0,0,0,0.0180277563773199,0,0,0,0.260767853565585
0.0322490309931942,0,0,0,0.0180277563773199,0,0,0,0.26109674166732
0.0322490309931942,0,0,0,0.0180277563773199,0,0,0,0.264392505432225
0.0322490309931942,0,0,0,0.0180277563773199,0,0,0,0.264309304470149
0.0322490309931942,0,0,0,0.0180277563773199,0,0,0,0.264783084431386
0.0322490309931942,0,0,0,0.0180277563773199,0,0,0,0.266092044375007
0.0322490309931942,0,0,0,0.0180277563773199,0,0,0,0.265448677725536
0.0322490309931942,0,0,0,0.0180277563773199,0,0,0,0.264487034493423
0.0322490309931942,0,0,0,0.0180277563773199,0,0,0,0.265576478479388
0.0322490309931942,0,0,0,0.0180277563773199,0,0,0,0.26531422255971
0.0322490309931942,0,0,0,0.0180277563773199,0,0,0,0.268572451216959
0.0322490309931942,0,0,0,0.0180277563773199,0,0,0,0.271803628562885
0.0322490309931942,0,0,0,0.0180277563773199,0,0,0,0.27538137494626
0.0322490309931942,0,0,0,0.0180277563773199,0,0,0,0.274124837130962
0.0322490309931942,0,0,0,0.0180277563773199,0,0,0,0.272740104473729
0.0322490309931942,0,0,0,0.0180277563773199,0,0,0,0.269590524108243
0.0322490309931942,0,0,0,0.0180277563773199,0,0,0,0.266019535535606
0.0322490309931942,0,0,0,0.0180277563773199,0,0,0,0.266332842761869
0.0322490309931942,0,0,0,0.0180277563773199,0,0,0,0.26613358508063
0.0322490309931942,0,0,0,0.0180277563773199,0,0,0,0.268557545120783
0.0322490309931942,0,0,0,0.0180277563773199,0,0,0,0.267130757110222
0.0322490309931942,0,0,0,0.0180277563773199,0,0,0,0.264333255534588
0.0322490309931942,0,0,0,0.0180277563773199,0,0,0,0.264060259688208
0.0322490309931942,0,0,0,0.0180277563773199,0,0,0,0.258682630211881
0.0322490309931942,0,0,0,0.0180277563773199,0,0,0,0.26204302690654
0.0322490309931942,0,0,0,0.0180277563773199,0,0,0,0.260457538258276
0.0322490309931942,0,0,0,0.0180277563773199,0,0,0,0.258311001990262
0.0322490309931942,0,0,0,0.0180277563773199,0,0,0,0.261815242801242
0.0322490309931942,0,0,0,0.0180277563773199,0,0,0,0.261110810077542
0.0322490309931942,0,0,0,0.0180277563773199,0,0,0,0.259197342679898
0.0322490309931942,0,0,0,0.0180277563773199,0,0,0,0.257437275458963
0.0322490309931942,0,0,0,0.0180277563773199,0,0,0,0.258008610750305
0.0322490309931942,0,0,0,0.0180277563773199,0,0,0,0.257365911264913
0.0322490309931942,0,0,0,0.0180277563773199,0,0,0,0.256137834845082
0.0322490309931942,0,0,0,0.0180277563773199,0,0,0,0.257782679483114
0.0322490309931942,0,0,0,0.0180277563773199,0,0,0,0.255095728549479
0.0322490309931942,0,0,0,0.0180277563773199,0,0,0,0.253215176153421
0.0322490309931942,0,0,0,0.0180277563773199,0,0,0,0.256043108690933
0.0322490309931942,0,0,0,0.0180277563773199,0,0,0,0.249422207605736
0.0322490309931942,0,0,0,0.0180277563773199,0,0,0,0.249059115423137
0.0322490309931942,0,0,0,0.0180277563773199,0,0,0,0.250595405923508
0.0322490309931942,0,0,0,0.0180277563773199,0,0,0,0.243958323029131
0.0322490309931942,0,0,0,0.0180277563773199,0,0,0,0.245168106706666
0.0322490309931942,0,0,0,0.0180277563773199,0,0,0,0.249999863519739
0.0322490309931942,0,0,0,0.0180277563773199,0,0,0,0.254313834910574
0.0322490309931942,0,0,0,0.0180277563773199,0,0,0,0.261651703669092
0.0322490309931942,0,0,0,0.0180277563773199,0,0,0,0.265435549651118
0.0322490309931942,0,0,0,0.0180277563773199,0,0,0,0.267670475991284
0.0322490309931942,0,0,0,0.0180277563773199,0,0,0,0.272179160514438
0.0322490309931942,0,0,0,0.0180277563773199,0,0,0,0.263476524492015
0.0322490309931942,0,0,0,0.0180277563773199,0,0,0,0.264027760789087
0.0322490309931942,0,0,0,0.0180277563773199,0,0,0,0.267041852530456
0.0322490309931942,0,0,0,0.0180277563773199,0,0,0,0.2663870583229
0.0322490309931942,0,0,0,0.0180277563773199,0,0,0,0.262866483974872
0.0322490309931942,0,0,0,0.0180277563773199,0,0,0,0.26193842355497
0.0322490309931942,0,0,0,0.0180277563773199,0,0,0,0.253860191038328
0.0322490309931942,0,0,0,0.0180277563773199,0,0,0,0.251032793732807
0.0322490309931942,0,0,0,0.0180277563773199,0,0,0,0.246864619921237
0.0322490309931942,0,0,0,0.0180277563773199,0,0,0,0.24201162164492
0.0322490309931942,0,0,0,0.0180277563773199,0,0,0,0.245110150444403
0.0322490309931942,0,0,0,0.0180277563773199,0,0,0,0.24981198917548
0.0322490309931942,0,0,0,0.0180277563773199,0,0,0,0.245664872347311
0.0322490309931942,0,0,0,0.0180277563773199,0,0,0,0.24479153192107
0.0322490309931942,0,0,0,0.0180277563773199,0,0,0,0.238706641362025
0.0322490309931942,0,0,0,0.0180277563773199,0,0,0,0.240606102630209
0.0322490309931942,0,0,0,0.0180277563773199,0,0,0,0.241378577669974
0.0322490309931942,0,0,0,0.0180277563773199,0,0,0,0.246438929340036
0.0322490309931942,0,0,0,0.0180277563773199,0,0,0,0.245980466263215
0.0322490309931942,0,0,0,0.0180277563773199,0,0,0,0.24477523132165
0.0322490309931942,0,0,0,0.0180277563773199,0,0,0,0.245668524347475
0.0322490309931942,0,0,0,0.0180277563773199,0,0,0,0.242352355907058
0.0322490309931942,0,0,0,0.0180277563773199,0,0,0,0.241126957594471
0.0322490309931942,0,0,0,0.0180277563773199,0,0,0,0.241574810933213
0.0322490309931942,0,0,0,0.0180277563773199,0,0,0,0.241363439889303
0.0322490309931942,0,0,0,0.0180277563773199,0,0,0,0.243805641164644
0.0322490309931942,0,0,0,0.0180277563773199,0,0,0,0.243887676256763
0.0322490309931942,0,0,0,0.0180277563773199,0,0,0,0.248205975153576
0.0322490309931942,0,0,0,0.0180277563773199,0,0,0,0.246414871576273
0.0322490309931942,0,0,0,0.0180277563773199,0,0,0,0.251226698946815
0.0322490309931942,0,0,0,0.0180277563773199,0,0,0,0.256124703737008
0.0322490309931942,0,0,0,0.0180277563773199,0,0,0,0.260453594054478
0.0322490309931942,0,0,0,0.0180277563773199,0,0,0,0.259463659499644
0.0322490309931942,0,0,0,0.0180277563773199,0,0,0,0.260004432030769
0.0322490309931942,0,0,0,0.0180277563773199,0,0,0,0.257174822908693
0.0322490309931942,0,0,0,0.0180277563773199,0,0,0,0.258865544758026
0.0322490309931942,0,0,0,0.0180277563773199,0,0,0,0.259977282832132
0.0322490309931942,0,0,0,0.0180277563773199,0,0,0,0.262333827399788
0.0322490309931942,0,0,0,0.0180277563773199,0,0,0,0.262194746417013
0.0322490309931942,0,0,0,0.0180277563773199,0,0,0,0.264189775735102
0.0322490309931942,0,0,0,0.0180277563773199,0,0,0,0.267470769367556
0.0322490309931942,0,0,0,0.0180277563773199,0,0,0,0.259274739732639
0.0322490309931942,0,0,0,0.0180277563773199,0,0,0,0.254841279041824
0.0322490309931942,0,0,0,0.0180277563773199,0,0,0,0.255655607017011
0.0322490309931942,0,0,0,0.0180277563773199,0,0,0,0.248207457715506
0.0322490309931942,0,0,0,0.0180277563773199,0,0,0,0.250661364349755
0.0322490309931942,0,0,0,0.0180277563773199,0,0,0,0.246564567770357
0.0322490309931942,0,0,0,0.0180277563773199,0,0,0,0.241736977800329
0.0322490309931942,0,0,0,0.0180277563773199,0,0,0,0.239899580290476
0.0322490309931942,0,0,0,0.0180277563773199,0,0,0,0.240406372447357
0.0322490309931942,0,0,0,0.0180277563773199,0,0,0,0.242457638112886
0.0322490309931942,0,0,0,0.0180277563773199,0,0,0,0.243128509035195
0.0322490309931942,0,0,0,0.0180277563773199,0,0,0,0.243047604892335
0.0322490309931942,0,0,0,0.0180277563773199,0,0,0,0.241142552613783
0.0322490309931942,0,0,0,0.0180277563773199,0,0,0,0.241927600459544
0.0322490309931942,0,0,0,0.0180277563773199,0,0,0,0.243093668395727
0.0322490309931942,0,0,0,0.0180277563773199,0,0,0,0.23935923464338
0.0322490309931942,0,0,0,0.0180277563773199,0,0,0,0.246207614589976
0.0322490309931942,0,0,0,0.0180277563773199,0,0,0,0.246487826394142
0.0322490309931942,0,0,0,0.0180277563773199,0,0,0,0.246525068410737
0.0322490309931942,0,0,0,0.0180277563773199,0,0,0,0.24625230063739
0.0322490309931942,0,0,0,0.0180277563773199,0,0,0,0.245800804418277
0.0322490309931942,0,0,0,0.0180277563773199,0,0,0,0.241778941845349
0.0322490309931942,0,0,0,0.0180277563773199,0,0,0,0.242061425799366
0.0322490309931942,0,0,0,0.0180277563773199,0,0,0,0.244880406281115
0.0322490309931942,0,0,0,0.0180277563773199,0,0,0,0.246329685458688
0.0322490309931942,0,0,0,0.0180277563773199,0,0,0,0.244366188635317
0.0322490309931942,0,0,0,0.0180277563773199,0,0,0,0.23860452466155
0.0322490309931942,0,0,0,0.0180277563773199,0,0,0,0.238400097479073
0.0322490309931942,0,0,0,0.0180277563773199,0,0,0,0.238429591469583
0.0322490309931942,0,0,0,0.0180277563773199,0,0,0,0.241301289155746
0.0322490309931942,0,0,0,0.0180277563773199,0,0,0,0.241963450949938
0.0322490309931942,0,0,0,0.0180277563773199,0,0,0,0.247200850679658
0.0322490309931942,0,0,0,0.0180277563773199,0,0,0,0.246621910220924
0.0322490309931942,0,0,0,0.0180277563773199,0,0,0,0.254058773082667
0.0322490309931942,0,0,0,0.0180277563773199,0,0,0,0.251521798087134
0.0322490309931942,0,0,0,0.0180277563773199,0,0,0,0.254421562947101
0.0322490309931942,0,0,0,0.0180277563773199,0,0,0,0.255685571331805
0.0322490309931942,0,0,0,0.0180277563773199,0,0,0,0.250940547903461
0.0322490309931942,0,0,0,0.0180277563773199,0,0,0,0.25364822307956
0.0322490309931942,0,0,0,0.0180277563773199,0,0,0,0.255087024314131
0.0322490309931942,0,0,0,0.0180277563773199,0,0,0,0.255004081300152
0.0322490309931942,0,0,0,0.0180277563773199,0,0,0,0.254265562858661
0.0322490309931942,0,0,0,0.0180277563773199,0,0,0,0.258660438972316
0.0322490309931942,0,0,0,0.0180277563773199,0,0,0,0.255042555347534
0.0322490309931942,0,0,0,0.0180277563773199,0,0,0,0.254352598040713
0.0322490309931942,0,0,0,0.0180277563773199,0,0,0,0.253905922404414
0.0322490309931942,0,0,0,0.0180277563773199,0,0,0,0.251748233977445
0.0322490309931942,0,0,0,0.0180277563773199,0,0,0,0.250498490814317
0.0322490309931942,0,0,0,0.0180277563773199,0,0,0,0.257306913850186
0.0322490309931942,0,0,0,0.0180277563773199,0,0,0,0.254723466707318
0.0322490309931942,0,0,0,0.0180277563773199,0,0,0,0.258141435188636
0.0322490309931942,0,0,0,0.0180277563773199,0,0,0,0.253077263473938
0.0322490309931942,0,0,0,0.0180277563773199,0,0,0,0.25895942652921
0.0322490309931942,0,0,0,0.0180277563773199,0,0,0,0.257541796824399
0.0322490309931942,0,0,0,0.0180277563773199,0,0,0,0.261230070346625
0.0322490309931942,0,0,0,0.0180277563773199,0,0,0,0.264880600634264
0.0322490309931942,0,0,0,0.0180277563773199,0,0,0,0.266835507839466
0.0322490309931942,0,0,0,0.0180277563773199,0,0,0,0.2669287588584
0.0322490309931942,0,0,0,0.0180277563773199,0,0,0,0.263201264574736
0.0322490309931942,0,0,0,0.0180277563773199,0,0,0,0.261368360388354
0.0322490309931942,0,0,0,0.0180277563773199,0,0,0,0.26620057743042
0.0322490309931942,0,0,0,0.0180277563773199,0,0,0,0.262794529758127
0.0322490309931942,0,0,0,0.0180277563773199,0,0,0,0.262911353148033
0.0322490309931942,0,0,0,0.0180277563773199,0,0,0,0.256983392561443
0.0322490309931942,0,0,0,0.0180277563773199,0,0,0,0.251563193646499
0.0322490309931942,0,0,0,0.0180277563773199,0,0,0,0.252551176045305
0.0322490309931942,0,0,0,0.0180277563773199,0,0,0,0.260795890419889
0.0322490309931942,0,0,0,0.0180277563773199,0,0,0,0.258615348492726
0.0322490309931942,0,0,0,0.0180277563773199,0,0,0,0.252864378806153
0.0322490309931942,0,0,0,0.0180277563773199,0,0,0,0.253847731546375
0.0322490309931942,0,0,0,0.0180277563773199,0,0,0,0.258268097809952
0.0322490309931942,0,0,0,0.0180277563773199,0,0,0,0.26039685034864
0.0322490309931942,0,0,0,0.0180277563773199,0,0,0,0.26326928416262
0.0322490309931942,0,0,0,0.0180277563773199,0,0,0,0.261299212903823
0.0322490309931942,0,0,0,0.0180277563773199,0,0,0,0.258331777096223
0.0322490309931942,0,0,0,0.0180277563773199,0,0,0,0.263189144919355
0.0322490309931942,0,0,0,0.0180277563773199,0,0,0,0.264419244221047
0.0322490309931942,0,0,0,0.0180277563773199,0,0,0,0.257927303979652
0.0322490309931942,0,0,0,0.0180277563773199,0,0,0,0.25635578254492
0.0322490309931942,0,0,0,0.0180277563773199,0,0,0,0.255276831561555
0.0322490309931942,0,0,0,0.0180277563773199,0,0,0,0.250963553409176
0.0322490309931942,0,0,0,0.0180277563773199,0,0,0,0.251903618467597
0.0322490309931942,0,0,0,0.0180277563773199,0,0,0,0.247220552882246
0.0322490309931942,0,0,0,0.0180277563773199,0,0,0,0.2444769831697
0.0322490309931942,0,0,0,0.0180277563773199,0,0,0,0.24118546774508
0.0322490309931942,0,0,0,0.0180277563773199,0,0,0,0.241749472179183
0.0322490309931942,0,0,0,0.0180277563773199,0,0,0,0.238950962472261
0.0322490309931942,0,0,0,0.0180277563773199,0,0,0,0.237983321610138
0.0322490309931942,0,0,0,0.0180277563773199,0,0,0,0.238194446599505
0.0322490309931942,0,0,0,0.0180277563773199,0,0,0,0.235710743272085
0.0322490309931942,0,0,0,0.0180277563773199,0,0,0,0.233979914508117
0.0322490309931942,0,0,0,0.0180277563773199,0,0,0,0.236534101955725
0.0322490309931942,0,0,0,0.0180277563773199,0,0,0,0.229425619472517
0.0322490309931942,0,0,0,0.0180277563773199,0,0,0,0.229713024185859
0.0322490309931942,0,0,0,0.0180277563773199,0,0,0,0.225986917635263
0.0322490309931942,0,0,0,0.0180277563773199,0,0,0,0.229768711985331
0.0322490309931942,0,0,0,0.0180277563773199,0,0,0,0.232351401105282
0.0322490309931942,0,0,0,0.0180277563773199,0,0,0,0.236360245336517
0.0322490309931942,0,0,0,0.0180277563773199,0,0,0,0.227068482447137
0.0322490309931942,0,0,0,0.0180277563773199,0,0,0,0.222093958083766
0.0322490309931942,0,0,0,0.0180277563773199,0,0,0,0.22052715539139
0.0322490309931942,0,0,0,0.0180277563773199,0,0,0,0.219021133345542
0.0322490309931942,0,0,0,0.0180277563773199,0,0,0,0.229960451503155
0.0322490309931942,0,0,0,0.0180277563773199,0,0,0,0.225403916364572
0.0322490309931942,0,0,0,0.0180277563773199,0,0,0,0.226184024731229
0.0322490309931942,0,0,0,0.0180277563773199,0,0,0,0.230806499756359
0.0322490309931942,0,0,0,0.0180277563773199,0,0,0,0.229284038025832
0.0322490309931942,0,0,0,0.0180277563773199,0,0,0,0.231073919528764
0.0322490309931942,0,0,0,0.0180277563773199,0,0,0,0.236249677762111
0.0322490309931942,0,0,0,0.0180277563773199,0,0,0,0.237826287369899
0.0322490309931942,0,0,0,0.0180277563773199,0,0,0,0.240526010146926
0.0322490309931942,0,0,0,0.0180277563773199,0,0,0,0.236111631638171
0.0322490309931942,0,0,0,0.0180277563773199,0,0,0,0.23545685809295
0.0322490309931942,0,0,0,0.0180277563773199,0,0,0,0.235798685718485
0.0322490309931942,0,0,0,0.0180277563773199,0,0,0,0.236233281216625
0.0322490309931942,0,0,0,0.0180277563773199,0,0,0,0.239085411140643
0.0322490309931942,0,0,0,0.0180277563773199,0,0,0,0.236696973620876
0.0322490309931942,0,0,0,0.0180277563773199,0,0,0,0.236351641227983
0.0322490309931942,0,0,0,0.0180277563773199,0,0,0,0.227630564292107
0.0322490309931942,0,0,0,0.0180277563773199,0,0,0,0.225794200699572
0.0322490309931942,0,0,0,0.0180277563773199,0,0,0,0.221892988666727
0.0322490309931942,0,0,0,0.0180277563773199,0,0,0,0.226441040877427
0.0322490309931942,0,0,0,0.0180277563773199,0,0,0,0.228809121406799
0.0322490309931942,0,0,0,0.0180277563773199,0,0,0,0.230989157908048
0.0322490309931942,0,0,0,0.0180277563773199,0,0,0,0.239374692846039
0.0322490309931942,0,0,0,0.0180277563773199,0,0,0,0.241582170537727
0.0322490309931942,0,0,0,0.0180277563773199,0,0,0,0.246882650446693
0.0322490309931942,0,0,0,0.0180277563773199,0,0,0,0.251488605231532
0.0322490309931942,0,0,0,0.0180277563773199,0,0,0,0.251332348482758
0.0322490309931942,0,0,0,0.0180277563773199,0,0,0,0.249060219586144
0.0322490309931942,0,0,0,0.0180277563773199,0,0,0,0.244176288287913
0.0322490309931942,0,0,0,0.0180277563773199,0,0,0,0.24427389876005
0.0322490309931942,0,0,0,0.0180277563773199,0,0,0,0.239842146468492
0.0322490309931942,0,0,0,0.0180277563773199,0,0,0,0.242354510421506
0.0322490309931942,0,0,0,0.0180277563773199,0,0,0,0.241986897390438
0.0322490309931942,0,0,0,0.0180277563773199,0,0,0,0.241986599787554
0.0322490309931942,0,0,0,0.0180277563773199,0,0,0,0.242090998150095
0.0322490309931942,0,0,0,0.0180277563773199,0,0,0,0.23648725830107
0.0322490309931942,0,0,0,0.0180277563773199,0,0,0,0.235467013734937
0.0322490309931942,0,0,0,0.0180277563773199,0,0,0,0.230885703602039
0.0322490309931942,0,0,0,0.0180277563773199,0,0,0,0.229852463604857
0.0322490309931942,0,0,0,0.0180277563773199,0,0,0,0.22903660540184
0.0322490309931942,0,0,0,0.0180277563773199,0,0,0,0.230315218041189
0.0322490309931942,0,0,0,0.0180277563773199,0,0,0,0.229861737439828
0.0322490309931942,0,0,0,0.0180277563773199,0,0,0,0.224584066793887
0.0322490309931942,0,0,0,0.0180277563773199,0,0,0,0.225639681185842
0.0322490309931942,0,0,0,0.0180277563773199,0,0,0,0.226563727594137
0.0322490309931942,0,0,0,0.0180277563773199,0,0,0,0.221574030189519
0.0322490309931942,0,0,0,0.0180277563773199,0,0,0,0.219337154504031
0.0322490309931942,0,0,0,0.0180277563773199,0,0,0,0.215627539383322
0.0322490309931942,0,0,0,0.0180277563773199,0,0,0,0.218676312571578
0.0322490309931942,0,0,0,0.0180277563773199,0,0,0,0.219639020102864
0.0322490309931942,0,0,0,0.0180277563773199,0,0,0,0.215621796069064
0.0322490309931942,0,0,0,0.0180277563773199,0,0,0,0.217365794318168
0.0322490309931942,0,0,0,0.0180277563773199,0,0,0,0.214463353712074
0.0322490309931942,0,0,0,0.0180277563773199,0,0,0,0.216161594486146
0.0322490309931942,0,0,0,0.0180277563773199,0,0,0,0.217977920665976
0.0322490309931942,0,0,0,0.0180277563773199,0,0,0,0.218095994324219
0.0322490309931942,0,0,0,0.0180277563773199,0,0,0,0.21410236161264
0.0322490309931942,0,0,0,0.0180277563773199,0,0,0,0.220271193133044
0.0322490309931942,0,0,0,0.0180277563773199,0,0,0,0.218809999932947
0.0322490309931942,0,0,0,0.0180277563773199,0,0,0,0.214902182208068
0.0322490309931942,0,0,0,0.0180277563773199,0,0,0,0.208662855218495
0.0322490309931942,0,0,0,0.0180277563773199,0,0,0,0.211979041067841
0.0322490309931942,0,0,0,0.0180277563773199,0,0,0,0.210160021409443
0.0322490309931942,0,0,0,0.0180277563773199,0,0,0,0.210822381225538
0.0322490309931942,0,0,0,0.0180277563773199,0,0,0,0.213681907317912
0.0322490309931942,0,0,0,0.0180277563773199,0,0,0,0.208732690701332
0.0322490309931942,0,0,0,0.0180277563773199,0,0,0,0.21268070127136
0.0322490309931942,0,0,0,0.0180277563773199,0,0,0,0.206515310911454
0.0322490309931942,0,0,0,0.0180277563773199,0,0,0,0.212626144709862
0.0322490309931942,0,0,0,0.0180277563773199,0,0,0,0.214958193488689
0.0322490309931942,0,0,0,0.0180277563773199,0,0,0,0.215617685857707
0.0322490309931942,0,0,0,0.0180277563773199,0,0,0,0.213960185507978
0.0322490309931942,0,0,0,0.0180277563773199,0,0,0,0.216812116064738
0.0322490309931942,0,0,0,0.0180277563773199,0,0,0,0.214089542682285
0.0322490309931942,0,0,0,0.0180277563773199,0,0,0,0.213821187494112
0.0322490309931942,0,0,0,0.0180277563773199,0,0,0,0.216852159541519
0.0322490309931942,0,0,0,0.0180277563773199,0,0,0,0.212004109831227
0.0322490309931942,0,0,0,0.0180277563773199,0,0,0,0.209190149343425
0.0322490309931942,0,0,0,0.0180277563773199,0,0,0,0.207884583826964
0.0322490309931942,0,0,0,0.0180277563773199,0,0,0,0.209637914919608
0.0322490309931942,0,0,0,0.0180277563773199,0,0,0,0.206373525807491
0.0322490309931942,0,0,0,0.0180277563773199,0,0,0,0.20368042982395
0.0322490309931942,0,0,0,0.0180277563773199,0,0,0,0.203840776945186
0.0322490309931942,0,0,0,0.0180277563773199,0,0,0,0.204335655153162
0.0322490309931942,0,0,0,0.0180277563773199,0,0,0,0.207768951189904
0.0322490309931942,0,0,0,0.0180277563773199,0,0,0,0.209439656991883
0.0322490309931942,0,0,0,0.0180277563773199,0,0,0,0.205676148636145
0.0322490309931942,0,0,0,0.0180277563773199,0,0,0,0.206819597546635
0.0322490309931942,0,0,0,0.0180277563773199,0,0,0,0.203860814101105
0.0322490309931942,0,0,0,0.0180277563773199,0,0,0,0.208092574266688
0.0322490309931942,0,0,0,0.0180277563773199,0,0,0,0.210556579393464
0.0322490309931942,0,0,0,0.0180277563773199,0,0,0,0.206326464158622
0.0322490309931942,0,0,0,0.0180277563773199,0,0,0,0.203880261256232
0.0322490309931942,0,0,0,0.0180277563773199,0,0,0,0.204260112512883
0.0322490309931942,0,0,0,0.0180277563773199,0,0,0,0.204816378557864
0.0322490309931942,0,0,0,0.0180277563773199,0,0,0,0.196001181316703
0.0322490309931942,0,0,0,0.0180277563773199,0,0,0,0.201001820661499
0.0322490309931942,0,0,0,0.0180277563773199,0,0,0,0.20019908054528
0.0322490309931942,0,0,0,0.0180277563773199,0,0,0,0.196503558423508
0.0322490309931942,0,0,0,0.0180277563773199,0,0,0,0.192497678892192
0.0322490309931942,0,0,0,0.0180277563773199,0,0,0,0.195832863647589
0.0322490309931942,0,0,0,0.0180277563773199,0,0,0,0.193869938291816
0.0322490309931942,0,0,0,0.0180277563773199,0,0,0,0.194849728197327
0.0322490309931942,0,0,0,0.0180277563773199,0,0,0,0.203591902841405
0.0322490309931942,0,0,0,0.0180277563773199,0,0,0,0.199251489903168
0.0322490309931942,0,0,0,0.0180277563773199,0,0,0,0.199253194694409
0.0322490309931942,0,0,0,0.0180277563773199,0,0,0,0.202290474152143
0.0322490309931942,0,0,0,0.0180277563773199,0,0,0,0.198284735494402
0.0322490309931942,0,0,0,0.0180277563773199,0,0,0,0.196405979284788
0.0322490309931942,0,0,0,0.0180277563773199,0,0,0,0.186765820196689
0.0322490309931942,0,0,0,0.0180277563773199,0,0,0,0.189813800271528
0.0322490309931942,0,0,0,0.0180277563773199,0,0,0,0.188928071544861
0.0322490309931942,0,0,0,0.0180277563773199,0,0,0,0.191375482383371
0.0322490309931942,0,0,0,0.0180277563773199,0,0,0,0.185655774249543
0.0322490309931942,0,0,0,0.0180277563773199,0,0,0,0.186253252691093
0.0322490309931942,0,0,0,0.0180277563773199,0,0,0,0.183833681423173
0.0322490309931942,0,0,0,0.0180277563773199,0,0,0,0.18133972468544
0.0322490309931942,0,0,0,0.0180277563773199,0,0,0,0.18167575262053
0.0322490309931942,0,0,0,0.0180277563773199,0,0,0,0.184930749446656
0.0322490309931942,0,0,0,0.0180277563773199,0,0,0,0.18600919843806
0.0322490309931942,0,0,0,0.0180277563773199,0,0,0,0.181474897636398
0.0322490309931942,0,0,0,0.0180277563773199,0,0,0,0.182958591397302
0.0322490309931942,0,0,0,0.0180277563773199,0,0,0,0.19026069858376
0.0322490309931942,0,0,0,0.0180277563773199,0,0,0,0.193776595444309
0.0322490309931942,0,0,0,0.0180277563773199,0,0,0,0.192440994857321
0.0322490309931942,0,0,0,0.0180277563773199,0,0,0,0.192603003680912
0.0322490309931942,0,0,0,0.0180277563773199,0,0,0,0.193204080062635
0.0322490309931942,0,0,0,0.0180277563773199,0,0,0,0.186549820822686
0.0322490309931942,0,0,0,0.0180277563773199,0,0,0,0.187166784976919
0.0322490309931942,0,0,0,0.0180277563773199,0,0,0,0.183439535217885
0.0322490309931942,0,0,0,0.0180277563773199,0,0,0,0.182250554708173
0.0322490309931942,0,0,0,0.0180277563773199,0,0,0,0.179727604749884
0.0322490309931942,0,0,0,0.0180277563773199,0,0,0,0.184595506828913
0.0322490309931942,0,0,0,0.0180277563773199,0,0,0,0.181166152703154
0.0322490309931942,0,0,0,0.0180277563773199,0,0,0,0.182807536815567
0.0322490309931942,0,0,0,0.0180277563773199,0,0,0,0.191536349874878
0.0322490309931942,0,0,0,0.0180277563773199,0,0,0,0.182878991203683
0.0322490309931942,0,0,0,0.0180277563773199,0,0,0,0.188710974515519
0.0322490309931942,0,0,0,0.0180277563773199,0,0,0,0.186949604148312
0.0322490309931942,0,0,0,0.0180277563773199,0,0,0,0.183783949593021
0.0322490309931942,0,0,0,0.0180277563773199,0,0,0,0.188596363071713
0.0322490309931942,0,0,0,0.0180277563773199,0,0,0,0.185686608712668
0.0322490309931942,0,0,0,0.0180277563773199,0,0,0,0.185858058871673
0.0322490309931942,0,0,0,0.0180277563773199,0,0,0,0.190997288252935
0.0322490309931942,0,0,0,0.0180277563773199,0,0,0,0.196776134056275
0.0322490309931942,0,0,0,0.0180277563773199,0,0,0,0.198802527075175
0.0322490309931942,0,0,0,0.0180277563773199,0,0,0,0.195704728935023
0.0322490309931942,0,0,0,0.0180277563773199,0,0,0,0.196027365401581
0.0322490309931942,0,0,0,0.0180277563773199,0,0,0,0.194016846534418
0.0322490309931942,0,0,0,0.0180277563773199,0,0,0,0.191959908171479
0.0322490309931942,0,0,0,0.0180277563773199,0,0,0,0.191699836182849
0.0322490309931942,0,0,0,0.0180277563773199,0,0,0,0.191396416832524
0.0322490309931942,0,0,0,0.0180277563773199,0,0,0,0.195022636627787
0.0322490309931942,0,0,0,0.0180277563773199,0,0,0,0.195786030211913
0.0322490309931942,0,0,0,0.0180277563773199,0,0,0,0.193958633796818
0.0322490309931942,0,0,0,0.0180277563773199,0,0,0,0.19441721078793
0.0322490309931942,0,0,0,0.0180277563773199,0,0,0,0.19540425143364
0.0322490309931942,0,0,0,0.0180277563773199,0,0,0,0.188246855453715
0.0322490309931942,0,0,0,0.0180277563773199,0,0,0,0.187165745056295
0.0322490309931942,0,0,0,0.0180277563773199,0,0,0,0.180439966964134
0.0322490309931942,0,0,0,0.0180277563773199,0,0,0,0.176675701579077
0.0322490309931942,0,0,0,0.0180277563773199,0,0,0,0.175170249886104
0.0322490309931942,0,0,0,0.0180277563773199,0,0,0,0.172650755368484
0.0322490309931942,0,0,0,0.0180277563773199,0,0,0,0.169452606329903
0.0322490309931942,0,0,0,0.0180277563773199,0,0,0,0.157706938311467
0.0322490309931942,0,0,0,0.0180277563773199,0,0,0,0.156085482442263
0.0322490309931942,0,0,0,0.0180277563773199,0,0,0,0.160981529048586
0.0322490309931942,0,0,0,0.0180277563773199,0,0,0,0.158796090559424
0.0322490309931942,0,0,0,0.0180277563773199,0,0,0,0.154224492949642
0.0322490309931942,0,0,0,0.0180277563773199,0,0,0,0.152250442887599
0.0322490309931942,0,0,0,0.0180277563773199,0,0,0,0.153548970846188
0.0322490309931942,0,0,0,0.0180277563773199,0,0,0,0.159427091289291
0.0322490309931942,0,0,0,0.0180277563773199,0,0,0,0.16413813885877
0.0322490309931942,0,0,0,0.0180277563773199,0,0,0,0.162935594115651
0.0322490309931942,0,0,0,0.0180277563773199,0,0,0,0.166449133947166
0.0322490309931942,0,0,0,0.0180277563773199,0,0,0,0.16152219951058
0.0322490309931942,0,0,0,0.0180277563773199,0,0,0,0.159015362060934
0.0322490309931942,0,0,0,0.0180277563773199,0,0,0,0.158332908644219
0.0322490309931942,0,0,0,0.0180277563773199,0,0,0,0.151416203010054
0.0322490309931942,0,0,0,0.0180277563773199,0,0,0,0.153397199473206
0.0322490309931942,0,0,0,0.0180277563773199,0,0,0,0.148653104983708
0.0322490309931942,0,0,0,0.0180277563773199,0,0,0,0.147045654443685
0.0322490309931942,0,0,0,0.0180277563773199,0,0,0,0.137633548616844
0.0322490309931942,0,0,0,0.0180277563773199,0,0,0,0.140675786215822
0.0322490309931942,0,0,0,0.0180277563773199,0,0,0,0.145867815938051
0.0322490309931942,0,0,0,0.0180277563773199,0,0,0,0.140133543773957
0.0322490309931942,0,0,0,0.0180277563773199,0,0,0,0.139575051664939
0.0322490309931942,0,0,0,0.0180277563773199,0,0,0,0.13871690211053
0.0322490309931942,0,0,0,0.0180277563773199,0,0,0,0.141692718294782
0.0322490309931942,0,0,0,0.0180277563773199,0,0,0,0.140518711350102
0.0322490309931942,0,0,0,0.0180277563773199,0,0,0,0.139895657522787
0.0322490309931942,0,0,0,0.0180277563773199,0,0,0,0.145117898512518
0.0322490309931942,0,0,0,0.0180277563773199,0,0,0,0.144015093512992
0.0322490309931942,0,0,0,0.0180277563773199,0,0,0,0.140046655620058
0.0322490309931942,0,0,0,0.0180277563773199,0,0,0,0.140716731098497
0.0322490309931942,0,0,0,0.0180277563773199,0,0,0,0.139101419374417
0.0322490309931942,0,0,0,0.0180277563773199,0,0,0,0.138026390374297
0.0322490309931942,0,0,0,0.0180277563773199,0,0,0,0.138956976920192
0.0322490309931942,0,0,0,0.0180277563773199,0,0,0,0.137928824652121
0.0322490309931942,0,0,0,0.0180277563773199,0,0,0,0.148695431795028
0.0322490309931942,0,0,0,0.0180277563773199,0,0,0,0.144253131238874
0.0322490309931942,0,0,0,0.0180277563773199,0,0,0,0.143896747812249
0.0322490309931942,0,0,0,0.0180277563773199,0,0,0,0.138933907684344
0.0322490309931942,0,0,0,0.0180277563773199,0,0,0,0.139404770527546
0.0322490309931942,0,0,0,0.0180277563773199,0,0,0,0.145540410597871
0.0322490309931942,0,0,0,0.0180277563773199,0,0,0,0.146274645393533
0.0322490309931942,0,0,0,0.0180277563773199,0,0,0,0.143570543319958
0.0322490309931942,0,0,0,0.0180277563773199,0,0,0,0.146074738686969
0.0322490309931942,0,0,0,0.0180277563773199,0,0,0,0.145871657808949
0.0322490309931942,0,0,0,0.0180277563773199,0,0,0,0.137640290983125
0.0322490309931942,0,0,0,0.0180277563773199,0,0,0,0.142047543359156
0.0322490309931942,0,0,0,0.0180277563773199,0,0,0,0.148458828324131
0.0322490309931942,0,0,0,0.0180277563773199,0,0,0,0.148027056876014
0.0322490309931942,0,0,0,0.0180277563773199,0,0,0,0.146113701658492
0.0322490309931942,0,0,0,0.0180277563773199,0,0,0,0.144142360749883
0.0322490309931942,0,0,0,0.0180277563773199,0,0,0,0.1449879467427
0.0322490309931942,0,0,0,0.0180277563773199,0,0,0,0.14436728868296
0.0322490309931942,0,0,0,0.0180277563773199,0,0,0,0.142023272462745
0.0322490309931942,0,0,0,0.0180277563773199,0,0,0,0.138892418152838
0.0322490309931942,0,0,0,0.0180277563773199,0,0,0,0.139299760311979
0.0322490309931942,0,0,0,0.0180277563773199,0,0,0,0.130484040991682
0.0322490309931942,0,0,0,0.0180277563773199,0,0,0,0.13079069601095
0.0322490309931942,0,0,0,0.0180277563773199,0,0,0,0.127213303189858
0.0322490309931942,0,0,0,0.0180277563773199,0,0,0,0.124816277777583
0.0322490309931942,0,0,0,0.0180277563773199,0,0,0,0.125291858462785
0.0322490309931942,0,0,0,0.0180277563773199,0,0,0,0.124200143102397
0.0322490309931942,0,0,0,0.0180277563773199,0,0,0,0.128371553141733
0.0322490309931942,0,0,0,0.0180277563773199,0,0,0,0.128140509391013
0.0322490309931942,0,0,0,0.0180277563773199,0,0,0,0.135147051432135
0.0322490309931942,0,0,0,0.0180277563773199,0,0,0,0.137658831923665
0.0322490309931942,0,0,0,0.0180277563773199,0,0,0,0.135591090642566
0.0322490309931942,0,0,0,0.0180277563773199,0,0,0,0.137487969384763
0.0322490309931942,0,0,0,0.0180277563773199,0,0,0,0.136064659069672
0.0322490309931942,0,0,0,0.0180277563773199,0,0,0,0.147688759737558
0.0322490309931942,0,0,0,0.0180277563773199,0,0,0,0.153131868166833
0.0322490309931942,0,0,0,0.0180277563773199,0,0,0,0.155173225549788
0.0322490309931942,0,0,0,0.0180277563773199,0,0,0,0.149664225296964
0.0322490309931942,0,0,0,0.0180277563773199,0,0,0,0.149342072203787
0.0322490309931942,0,0,0,0.0180277563773199,0,0,0,0.14827738784554
0.0322490309931942,0,0,0,0.0180277563773199,0,0,0,0.143909128503367
0.0322490309931942,0,0,0,0.0180277563773199,0,0,0,0.137674403152931
0.0322490309931942,0,0,0,0.0180277563773199,0,0,0,0.137060290858714
0.0322490309931942,0,0,0,0.0180277563773199,0,0,0,0.13175326217884
0.0322490309931942,0,0,0,0.0180277563773199,0,0,0,0.138239122796963
0.0322490309931942,0,0,0,0.0180277563773199,0,0,0,0.133956174985115
0.0322490309931942,0,0,0,0.0180277563773199,0,0,0,0.125051329189739
0.0322490309931942,0,0,0,0.0180277563773199,0,0,0,0.125895623222647
0.0322490309931942,0,0,0,0.0180277563773199,0,0,0,0.125839394384708
0.0322490309931942,0,0,0,0.0180277563773199,0,0,0,0.128291512384795
0.0322490309931942,0,0,0,0.0180277563773199,0,0,0,0.125899941338765
0.0322490309931942,0,0,0,0.0180277563773199,0,0,0,0.13129038594754
0.0322490309931942,0,0,0,0.0180277563773199,0,0,0,0.125365684575574
0.0322490309931942,0,0,0,0.0180277563773199,0,0,0,0.119361972348361
0.0322490309931942,0,0,0,0.0180277563773199,0,0,0,0.11111716621195
0.0322490309931942,0,0,0,0.0180277563773199,0,0,0,0.108468371563434
0.0322490309931942,0,0,0,0.0180277563773199,0,0,0,0.111226269003598
0.0322490309931942,0,0,0,0.0180277563773199,0,0,0,0.111307381062543
0.0322490309931942,0,0,0,0.0180277563773199,0,0,0,0.116605606392513
0.0322490309931942,0,0,0,0.0180277563773199,0,0,0,0.109177971278822
0.0322490309931942,0,0,0,0.0180277563773199,0,0,0,0.112235924266409
0.0322490309931942,0,0,0,0.0180277563773199,0,0,0,0.107752756956066
0.0322490309931942,0,0,0,0.0180277563773199,0,0,0,0.104700525255081
0.0322490309931942,0,0,0,0.0180277563773199,0,0,0,0.104864747636783
0.0322490309931942,0,0,0,0.0180277563773199,0,0,0,0.0991933164232195
0.0322490309931942,0,0,0,0.0180277563773199,0,0,0,0.101601030383493
0.0322490309931942,0,0,0,0.0180277563773199,0,0,0,0.106652912740599
0.0322490309931942,0,0,0,0.0180277563773199,0,0,0,0.101079067599544
0.0322490309931942,0,0,0,0.0180277563773199,0,0,0,0.103669198399577
0.0322490309931942,0,0,0,0.0180277563773199,0,0,0,0.104865524794833
0.0322490309931942,0,0,0,0.0180277563773199,0,0,0,0.106163767373428
0.0322490309931942,0,0,0,0.0180277563773199,0,0,0,0.110008062708051
0.0322490309931942,0,0,0,0.0180277563773199,0,0,0,0.115355976667523
0.0322490309931942,0,0,0,0.0180277563773199,0,0,0,0.118627854657708
0.0322490309931942,0,0,0,0.0180277563773199,0,0,0,0.121723991618503
0.0322490309931942,0,0,0,0.0180277563773199,0,0,0,0.124572228432507
0.0322490309931942,0,0,0,0.0180277563773199,0,0,0,0.13207524610994
0.0322490309931942,0,0,0,0.0180277563773199,0,0,0,0.130736003317431
0.0322490309931942,0,0,0,0.0180277563773199,0,0,0,0.13226728592824
0.0322490309931942,0,0,0,0.0180277563773199,0,0,0,0.136539112811787
0.0322490309931942,0,0,0,0.0180277563773199,0,0,0,0.140997055708341
0.0322490309931942,0,0,0,0.0180277563773199,0,0,0,0.146333108170578
0.0322490309931942,0,0,0,0.0180277563773199,0,0,0,0.145667167388634
0.0322490309931942,0,0,0,0.0180277563773199,0,0,0,0.149859050700318
0.0322490309931942,0,0,0,0.0180277563773199,0,0,0,0.150679413334538
0.0322490309931942,0,0,0,0.0180277563773199,0,0,0,0.157834301046501
0.0322490309931942,0,0,0,0.0180277563773199,0,0,0,0.154885324553224
0.0322490309931942,0,0,0,0.0180277563773199,0,0,0,0.146434693297586
0.0322490309931942,0,0,0,0.0180277563773199,0,0,0,0.142699919039842
0.0322490309931942,0,0,0,0.0180277563773199,0,0,0,0.145216909428347
0.0322490309931942,0,0,0,0.0180277563773199,0,0,0,0.133640203865244
0.0322490309931942,0,0,0,0.0180277563773199,0,0,0,0.125309826088215
0.0322490309931942,0,0,0,0.0180277563773199,0,0,0,0.122640945464156
0.0322490309931942,0,0,0,0.0180277563773199,0,0,0,0.114964904998393
0.0322490309931942,0,0,0,0.0180277563773199,0,0,0,0.109792248857867
0.0322490309931942,0,0,0,0.0180277563773199,0,0,0,0.104465314830137
0.0322490309931942,0,0,0,0.0180277563773199,0,0,0,0.0978831818777752
0.0322490309931942,0,0,0,0.0180277563773199,0,0,0,0.0919529269956683
0.0322490309931942,0,0,0,0.0180277563773199,0,0,0,0.0910092841038055
0.0322490309931942,0,0,0,0.0180277563773199,0,0,0,0.085603144518333
0.0322490309931942,0,0,0,0.0180277563773199,0,0,0,0.0879473663983986
0.0322490309931942,0,0,0,0.0180277563773199,0,0,0,0.0912624201820802
0.0322490309931942,0,0,0,0.0180277563773199,0,0,0,0.0966420456622307
0.0322490309931942,0,0,0,0.0180277563773199,0,0,0,0.0990971577423281
0.0322490309931942,0,0,0,0.0180277563773199,0,0,0,0.104023990271305
0.0322490309931942,0,0,0,0.0180277563773199,0,0,0,0.111215206183085
0.0322490309931942,0,0,0,0.0180277563773199,0,0,0,0.109454283155509
0.0322490309931942,0,0,0,0.0180277563773199,0,0,0,0.111786134539833
0.0322490309931942,0,0,0,0.0180277563773199,0,0,0,0.110210306127392
0.0322490309931942,0,0,0,0.0180277563773199,0,0,0,0.118561199343222
0.0322490309931942,0,0,0,0.0180277563773199,0,0,0,0.119701592066999
0.0322490309931942,0,0,0,0.0180277563773199,0,0,0,0.113133640100757
0.0322490309931942,0,0,0,0.0180277563773199,0,0,0,0.115821296265257
0.0322490309931942,0,0,0,0.0180277563773199,0,0,0,0.115483612488807
0.0322490309931942,0,0,0,0.0180277563773199,0,0,0,0.122762372530606
0.0322490309931942,0,0,0,0.0180277563773199,0,0,0,0.131021622926478
0.0322490309931942,0,0,0,0.0180277563773199,0,0,0,0.126997269267512
0.0322490309931942,0,0,0,0.0180277563773199,0,0,0,0.135073800490267
0.0322490309931942,0,0,0,0.0180277563773199,0,0,0,0.128324181508462
0.0322490309931942,0,0,0,0.0180277563773199,0,0,0,0.125764558565169
0.0322490309931942,0,0,0,0.0180277563773199,0,0,0,0.134536532646958
0.0322490309931942,0,0,0,0.0180277563773199,0,0,0,0.130722345572911
0.0322490309931942,0,0,0,0.0180277563773199,0,0,0,0.137362118857222
0.0322490309931942,0,0,0,0.0180277563773199,0,0,0,0.13112192534514
0.0322490309931942,0,0,0,0.0180277563773199,0,0,0,0.131790529632805
0.0322490309931942,0,0,0,0.0180277563773199,0,0,0,0.119386281292505
0.0322490309931942,0,0,0,0.0180277563773199,0,0,0,0.118677140018524
0.0322490309931942,0,0,0,0.0180277563773199,0,0,0,0.129187346531447
0.0322490309931942,0,0,0,0.0180277563773199,0,0,0,0.127660422210059
0.0322490309931942,0,0,0,0.0180277563773199,0,0,0,0.131136836377466
0.0322490309931942,0,0,0,0.0180277563773199,0,0,0,0.126345668318287
0.0322490309931942,0,0,0,0.0180277563773199,0,0,0,0.124566529136
0.0322490309931942,0,0,0,0.0180277563773199,0,0,0,0.127638767296709
0.0322490309931942,0,0,0,0.0180277563773199,0,0,0,0.12676175220766
0.0322490309931942,0,0,0,0.0180277563773199,0,0,0,0.126016151093697
0.0322490309931942,0,0,0,0.0180277563773199,0,0,0,0.125657355461219
0.0322490309931942,0,0,0,0.0180277563773199,0,0,0,0.129736572903054
0.0322490309931942,0,0,0,0.0180277563773199,0,0,0,0.12125559079654
0.0322490309931942,0,0,0,0.0180277563773199,0,0,0,0.126016264830879
0.0322490309931942,0,0,0,0.0180277563773199,0,0,0,0.124233850412433
0.0322490309931942,0,0,0,0.0180277563773199,0,0,0,0.118898457278803
0.0322490309931942,0,0,0,0.0180277563773199,0,0,0,0.114951791506486
0.0322490309931942,0,0,0,0.0180277563773199,0,0,0,0.108801241189014
0.0322490309931942,0,0,0,0.0180277563773199,0,0,0,0.115810016927075
0.0322490309931942,0,0,0,0.0180277563773199,0,0,0,0.112938547003941
0.0322490309931942,0,0,0,0.0180277563773199,0,0,0,0.11763712751512
0.0322490309931942,0,0,0,0.0180277563773199,0,0,0,0.113430351640932
0.0322490309931942,0,0,0,0.0180277563773199,0,0,0,0.121088839836668
0.0322490309931942,0,0,0,0.0180277563773199,0,0,0,0.123841364038526
0.0322490309931942,0,0,0,0.0180277563773199,0,0,0,0.11933334005342
0.0322490309931942,0,0,0,0.0180277563773199,0,0,0,0.123285369692271
0.0322490309931942,0,0,0,0.0180277563773199,0,0,0,0.121396818740788
0.0322490309931942,0,0,0,0.0180277563773199,0,0,0,0.127292681458223
0.0322490309931942,0,0,0,0.0180277563773199,0,0,0,0.127168750317466
0.0322490309931942,0,0,0,0.0180277563773199,0,0,0,0.134231374153763
0.0322490309931942,0,0,0,0.0180277563773199,0,0,0,0.136015330633958
0.0322490309931942,0,0,0,0.0180277563773199,0,0,0,0.142617088617637
0.0322490309931942,0,0,0,0.0180277563773199,0,0,0,0.145332038939465
0.0322490309931942,0,0,0,0.0180277563773199,0,0,0,0.150249492454839
0.0322490309931942,0,0,0,0.0180277563773199,0,0,0,0.148551005419684
0.0322490309931942,0,0,0,0.0180277563773199,0,0,0,0.154355615374715
0.0322490309931942,0,0,0,0.0180277563773199,0,0,0,0.149287274872958
0.0322490309931942,0,0,0,0.0180277563773199,0,0,0,0.153247645205269
0.0322490309931942,0,0,0,0.0180277563773199,0,0,0,0.153973347813532
0.0322490309931942,0,0,0,0.0180277563773199,0,0,0,0.144979077869189
0.0322490309931942,0,0,0,0.0180277563773199,0,0,0,0.144702564686906
0.0322490309931942,0,0,0,0.0180277563773199,0,0,0,0.142301161955359
0.0322490309931942,0,0,0,0.0180277563773199,0,0,0,0.138139701269864
0.0322490309931942,0,0,0,0.0180277563773199,0,0,0,0.145128433547437
0.0322490309931942,0,0,0,0.0180277563773199,0,0,0,0.147948689883698
0.0322490309931942,0,0,0,0.0180277563773199,0,0,0,0.155046228176588
0.0322490309931942,0,0,0,0.0180277563773199,0,0,0,0.15468208369391
0.0322490309931942,0,0,0,0.0180277563773199,0,0,0,0.156525442959661
0.0322490309931942,0,0,0,0.0180277563773199,0,0,0,0.152664271233527
0.0322490309931942,0,0,0,0.0180277563773199,0,0,0,0.151208551440615
0.0322490309931942,0,0,0,0.0180277563773199,0,0,0,0.155720850306337
0.0322490309931942,0,0,0,0.0180277563773199,0,0,0,0.158431580645979
0.0322490309931942,0,0,0,0.0180277563773199,0,0,0,0.161513250115235
0.0322490309931942,0,0,0,0.0180277563773199,0,0,0,0.156306680723645
0.0322490309931942,0,0,0,0.0180277563773199,0,0,0,0.159155923211724
0.0322490309931942,0,0,0,0.0180277563773199,0,0,0,0.149185290148208
0.0322490309931942,0,0,0,0.0180277563773199,0,0,0,0.154261391003647
0.0322490309931942,0,0,0,0.0180277563773199,0,0,0,0.14957331870415
0.0322490309931942,0,0,0,0.0180277563773199,0,0,0,0.15234204000926
0.0322490309931942,0,0,0,0.0180277563773199,0,0,0,0.151026899577647
0.0322490309931942,0,0,0,0.0180277563773199,0,0,0,0.153739571612187
0.0322490309931942,0,0,0,0.0180277563773199,0,0,0,0.147192591922101
0.0322490309931942,0,0,0,0.0180277563773199,0,0,0,0.140690947056878
0.0322490309931942,0,0,0,0.0180277563773199,0,0,0,0.137799204939115
0.0322490309931942,0,0,0,0.0180277563773199,0,0,0,0.1423517768849
0.0322490309931942,0,0,0,0.0180277563773199,0,0,0,0.139699077388307
0.0322490309931942,0,0,0,0.0180277563773199,0,0,0,0.144204734280736
0.0322490309931942,0,0,0,0.0180277563773199,0,0,0,0.132100794996096
0.0322490309931942,0,0,0,0.0180277563773199,0,0,0,0.133524888909756
0.0322490309931942,0,0,0,0.0180277563773199,0,0,0,0.137063335019612
0.0322490309931942,0,0,0,0.0180277563773199,0,0,0,0.13627284457833
0.0322490309931942,0,0,0,0.0180277563773199,0,0,0,0.134114774473507
0.0322490309931942,0,0,0,0.0180277563773199,0,0,0,0.129704396507998
0.0322490309931942,0,0,0,0.0180277563773199,0,0,0,0.126674508066891
0.0322490309931942,0,0,0,0.0180277563773199,0,0,0,0.135998360444813
0.0322490309931942,0,0,0,0.0180277563773199,0,0,0,0.133596366218105
0.0322490309931942,0,0,0,0.0180277563773199,0,0,0,0.137875523632276
0.0322490309931942,0,0,0,0.0180277563773199,0,0,0,0.136520533656607
0.0322490309931942,0,0,0,0.0180277563773199,0,0,0,0.133622265446327
0.0322490309931942,0,0,0,0.0180277563773199,0,0,0,0.13181167230913
0.0322490309931942,0,0,0,0.0180277563773199,0,0,0,0.139256428357952
0.0322490309931942,0,0,0,0.0180277563773199,0,0,0,0.136324291898895
0.0322490309931942,0,0,0,0.0180277563773199,0,0,0,0.138096147940625
0.0322490309931942,0,0,0,0.0180277563773199,0,0,0,0.129125059266433
0.0322490309931942,0,0,0,0.0180277563773199,0,0,0,0.122038088397111
0.0322490309931942,0,0,0,0.0180277563773199,0,0,0,0.123240734129226
0.0322490309931942,0,0,0,0.0180277563773199,0,0,0,0.12775410482522
0.0322490309931942,0,0,0,0.0180277563773199,0,0,0,0.129605965386198
0.0322490309931942,0,0,0,0.0180277563773199,0,0,0,0.129027195894868
0.0322490309931942,0,0,0,0.0180277563773199,0,0,0,0.132786420466596
0.0322490309931942,0,0,0,0.0180277563773199,0,0,0,0.13698291713442
0.0322490309931942,0,0,0,0.0180277563773199,0,0,0,0.137999407503674
0.0322490309931942,0,0,0,0.0180277563773199,0,0,0,0.137021269210599
0.0322490309931942,0,0,0,0.0180277563773199,0,0,0,0.143165751304571
0.0322490309931942,0,0,0,0.0180277563773199,0,0,0,0.145111355510197
0.0322490309931942,0,0,0,0.0180277563773199,0,0,0,0.144761816283751
0.0322490309931942,0,0,0,0.0180277563773199,0,0,0,0.143961257016876
0.0322490309931942,0,0,0,0.0180277563773199,0,0,0,0.141566205117909
0.0322490309931942,0,0,0,0.0180277563773199,0,0,0,0.140814426499762
0.0322490309931942,0,0,0,0.0180277563773199,0,0,0,0.135311716717739
0.0322490309931942,0,0,0,0.0180277563773199,0,0,0,0.137596892129931
0.0322490309931942,0,0,0,0.0180277563773199,0,0,0,0.140566067307385
0.0322490309931942,0,0,0,0.0180277563773199,0,0,0,0.140501613687906
0.0322490309931942,0,0,0,0.0180277563773199,0,0,0,0.137302859066329
0.0322490309931942,0,0,0,0.0180277563773199,0,0,0,0.131850747138469
0.0322490309931942,0,0,0,0.0180277563773199,0,0,0,0.131329676201836
0.0322490309931942,0,0,0,0.0180277563773199,0,0,0,0.123935287389735
0.0322490309931942,0,0,0,0.0180277563773199,0,0,0,0.126225560642745
0.0322490309931942,0,0,0,0.0180277563773199,0,0,0,0.129930499851266
0.0322490309931942,0,0,0,0.0180277563773199,0,0,0,0.131580967522652
0.0322490309931942,0,0,0,0.0180277563773199,0,0,0,0.131952647677209
0.0322490309931942,0,0,0,0.0180277563773199,0,0,0,0.136970506327976
0.0322490309931942,0,0,0,0.0180277563773199,0,0,0,0.136191512524075
0.0322490309931942,0,0,0,0.0180277563773199,0,0,0,0.136154357369624
0.0322490309931942,0,0,0,0.0180277563773199,0,0,0,0.140001320064631
0.0322490309931942,0,0,0,0.0180277563773199,0,0,0,0.138033949989712
0.0322490309931942,0,0,0,0.0180277563773199,0,0,0,0.13503936488881
0.0322490309931942,0,0,0,0.0180277563773199,0,0,0,0.139456862054764
0.0322490309931942,0,0,0,0.0180277563773199,0,0,0,0.134212709814151
0.0322490309931942,0,0,0,0.0180277563773199,0,0,0,0.133597116597946
0.0322490309931942,0,0,0,0.0180277563773199,0,0,0,0.132692677332401
0.0322490309931942,0,0,0,0.0180277563773199,0,0,0,0.132941506614141
0.0322490309931942,0,0,0,0.0180277563773199,0,0,0,0.134140055351301
0.0322490309931942,0,0,0,0.0180277563773199,0,0,0,0.136024135101998
0.0322490309931942,0,0,0,0.0180277563773199,0,0,0,0.134067866259649
0.0322490309931942,0,0,0,0.0180277563773199,0,0,0,0.138931403035949
0.0322490309931942,0,0,0,0.0180277563773199,0,0,0,0.133345752680986
0.0322490309931942,0,0,0,0.0180277563773199,0,0,0,0.139772561367126
0.0322490309931942,0,0,0,0.0180277563773199,0,0,0,0.13905088297091
0.0322490309931942,0,0,0,0.0180277563773199,0,0,0,0.142641249043424
0.0322490309931942,0,0,0,0.0180277563773199,0,0,0,0.13887505360174
0.0322490309931942,0,0,0,0.0180277563773199,0,0,0,0.137870976963056
0.0322490309931942,0,0,0,0.0180277563773199,0,0,0,0.131425281281209
0.0322490309931942,0,0,0,0.0180277563773199,0,0,0,0.132480466177617
0.0322490309931942,0,0,0,0.0180277563773199,0,0,0,0.131177402013725
0.0322490309931942,0,0,0,0.0180277563773199,0,0,0,0.130274813699745
0.0322490309931942,0,0,0,0.0180277563773199,0,0,0,0.131000371224982
0.0322490309931942,0,0,0,0.0180277563773199,0,0,0,0.12371571709369
0.0322490309931942,0,0,0,0.0180277563773199,0,0,0,0.128932551719135
0.0322490309931942,0,0,0,0.0180277563773199,0,0,0,0.121614997366587
0.0322490309931942,0,0,0,0.0180277563773199,0,0,0,0.128256738163289
0.0322490309931942,0,0,0,0.0180277563773199,0,0,0,0.135250646516177
0.0322490309931942,0,0,0,0.0180277563773199,0,0,0,0.130211581418616
0.0322490309931942,0,0,0,0.0180277563773199,0,0,0,0.129263664920825
0.0322490309931942,0,0,0,0.0180277563773199,0,0,0,0.127376942448669
0.0322490309931942,0,0,0,0.0180277563773199,0,0,0,0.128060915255483
0.0322490309931942,0,0,0,0.0180277563773199,0,0,0,0.131556340082781
0.0322490309931942,0,0,0,0.0180277563773199,0,0,0,0.136505447956061
0.0322490309931942,0,0,0,0.0180277563773199,0,0,0,0.136641302006358
0.0322490309931942,0,0,0,0.0180277563773199,0,0,0,0.133578236640425
0.0322490309931942,0,0,0,0.0180277563773199,0,0,0,0.123420961399012
0.0322490309931942,0,0,0,0.0180277563773199,0,0,0,0.121349269463454
0.0322490309931942,0,0,0,0.0180277563773199,0,0,0,0.121852923164512
0.0322490309931942,0,0,0,0.0180277563773199,0,0,0,0.125334537710622
0.0322490309931942,0,0,0,0.0180277563773199,0,0,0,0.12144267213946
0.0322490309931942,0,0,0,0.0180277563773199,0,0,0,0.121050651337132
0.0322490309931942,0,0,0,0.0180277563773199,0,0,0,0.111590792636361
0.0322490309931942,0,0,0,0.0180277563773199,0,0,0,0.11458471995906
0.0322490309931942,0,0,0,0.0180277563773199,0,0,0,0.118148543746236
0.0322490309931942,0,0,0,0.0180277563773199,0,0,0,0.123443245158435
0.0322490309931942,0,0,0,0.0180277563773199,0,0,0,0.132054361241347
0.0322490309931942,0,0,0,0.0180277563773199,0,0,0,0.131047985509243
0.0322490309931942,0,0,0,0.0180277563773199,0,0,0,0.125783039804579
0.0322490309931942,0,0,0,0.0180277563773199,0,0,0,0.120419525699286
0.0322490309931942,0,0,0,0.0180277563773199,0,0,0,0.118089680061385
0.0322490309931942,0,0,0,0.0180277563773199,0,0,0,0.113219096107576
0.0322490309931942,0,0,0,0.0180277563773199,0,0,0,0.114417652347763
0.0322490309931942,0,0,0,0.0180277563773199,0,0,0,0.115654828030518
0.0322490309931942,0,0,0,0.0180277563773199,0,0,0,0.110879827573197
0.0322490309931942,0,0,0,0.0180277563773199,0,0,0,0.10929447891523
0.0322490309931942,0,0,0,0.0180277563773199,0,0,0,0.109255964442935
0.0322490309931942,0,0,0,0.0180277563773199,0,0,0,0.108278952502026
0.0322490309931942,0,0,0,0.0180277563773199,0,0,0,0.106567591445596
0.0322490309931942,0,0,0,0.0180277563773199,0,0,0,0.114139545552642
0.0322490309931942,0,0,0,0.0180277563773199,0,0,0,0.106746764569208
0.0322490309931942,0,0,0,0.0180277563773199,0,0,0,0.102323738083528
0.0322490309931942,0,0,0,0.0180277563773199,0,0,0,0.101795478429223
0.0322490309931942,0,0,0,0.0180277563773199,0,0,0,0.0972719921794711
0.0322490309931942,0,0,0,0.0180277563773199,0,0,0,0.100952725975532
0.0322490309931942,0,0,0,0.0180277563773199,0,0,0,0.0979584321157708
0.0322490309931942,0,0,0,0.0180277563773199,0,0,0,0.0966619173297543
0.0322490309931942,0,0,0,0.0180277563773199,0,0,0,0.101875680736923
0.0322490309931942,0,0,0,0.0180277563773199,0,0,0,0.0991750643248636
0.0322490309931942,0,0,0,0.0180277563773199,0,0,0,0.100594229640192
0.0322490309931942,0,0,0,0.0180277563773199,0,0,0,0.102171170727965
0.0322490309931942,0,0,0,0.0180277563773199,0,0,0,0.109350069614441
0.0322490309931942,0,0,0,0.0180277563773199,0,0,0,0.110335504650143
0.0322490309931942,0,0,0,0.0180277563773199,0,0,0,0.111235406626763
0.0322490309931942,0,0,0,0.0180277563773199,0,0,0,0.115789733573002
0.0322490309931942,0,0,0,0.0180277563773199,0,0,0,0.112848894351257
0.0322490309931942,0,0,0,0.0180277563773199,0,0,0,0.123102271670967
0.0322490309931942,0,0,0,0.0180277563773199,0,0,0,0.125797244702594
0.0322490309931942,0,0,0,0.0180277563773199,0,0,0,0.121675610076887
0.0322490309931942,0,0,0,0.0180277563773199,0,0,0,0.126555265227366
0.0322490309931942,0,0,0,0.0180277563773199,0,0,0,0.128915149215178
0.0322490309931942,0,0,0,0.0180277563773199,0,0,0,0.126442208961769
0.0322490309931942,0,0,0,0.0180277563773199,0,0,0,0.121208047217447
0.0322490309931942,0,0,0,0.0180277563773199,0,0,0,0.125348641505266
0.0322490309931942,0,0,0,0.0180277563773199,0,0,0,0.130966684775205
0.0322490309931942,0,0,0,0.0180277563773199,0,0,0,0.126829613359471
0.0322490309931942,0,0,0,0.0180277563773199,0,0,0,0.12956118959894
0.0322490309931942,0,0,0,0.0180277563773199,0,0,0,0.13336243028102
0.0322490309931942,0,0,0,0.0180277563773199,0,0,0,0.136653829499977
0.0322490309931942,0,0,0,0.0180277563773199,0,0,0,0.136758485802495
0.0322490309931942,0,0,0,0.0180277563773199,0,0,0,0.133727717484874
0.0322490309931942,0,0,0,0.0180277563773199,0,0,0,0.13758953880585
0.0322490309931942,0,0,0,0.0180277563773199,0,0,0,0.139491008803282
0.0322490309931942,0,0,0,0.0180277563773199,0,0,0,0.139230735666275
0.0322490309931942,0,0,0,0.0180277563773199,0,0,0,0.136660698510288
0.0322490309931942,0,0,0,0.0180277563773199,0,0,0,0.13662994860146
0.0322490309931942,0,0,0,0.0180277563773199,0,0,0,0.142030179425674
0.0322490309931942,0,0,0,0.0180277563773199,0,0,0,0.143054019996796
0.0322490309931942,0,0,0,0.0180277563773199,0,0,0,0.143554165122454
0.0322490309931942,0,0,0,0.0180277563773199,0,0,0,0.144789120121963
0.0322490309931942,0,0,0,0.0180277563773199,0,0,0,0.135230142791016
0.0322490309931942,0,0,0,0.0180277563773199,0,0,0,0.138445247049476
0.0322490309931942,0,0,0,0.0180277563773199,0,0,0,0.132354041547388
0.0322490309931942,0,0,0,0.0180277563773199,0,0,0,0.133567182331744
0.0322490309931942,0,0,0,0.0180277563773199,0,0,0,0.136561936494719
0.0322490309931942,0,0,0,0.0180277563773199,0,0,0,0.132489910027262
0.0322490309931942,0,0,0,0.0180277563773199,0,0,0,0.129278193602403
0.0322490309931942,0,0,0,0.0180277563773199,0,0,0,0.135377655644469
0.0322490309931942,0,0,0,0.0180277563773199,0,0,0,0.138375772911444
0.0322490309931942,0,0,0,0.0180277563773199,0,0,0,0.144205473902938
0.0322490309931942,0,0,0,0.0180277563773199,0,0,0,0.138997135733722
0.0322490309931942,0,0,0,0.0180277563773199,0,0,0,0.136432347260377
0.0322490309931942,0,0,0,0.0180277563773199,0,0,0,0.131159601896666
0.0322490309931942,0,0,0,0.0180277563773199,0,0,0,0.126615396557243
0.0322490309931942,0,0,0,0.0180277563773199,0,0,0,0.130168500236551
0.0322490309931942,0,0,0,0.0180277563773199,0,0,0,0.127421614258606
0.0322490309931942,0,0,0,0.0180277563773199,0,0,0,0.13488334996405
0.0322490309931942,0,0,0,0.0180277563773199,0,0,0,0.143491255241772
0.0322490309931942,0,0,0,0.0180277563773199,0,0,0,0.138486007259099
0.0322490309931942,0,0,0,0.0180277563773199,0,0,0,0.137916814612123
0.0322490309931942,0,0,0,0.0180277563773199,0,0,0,0.140279634882835
0.0322490309931942,0,0,0,0.0180277563773199,0,0,0,0.151199497037107
0.0322490309931942,0,0,0,0.0180277563773199,0,0,0,0.148540924652573
0.0322490309931942,0,0,0,0.0180277563773199,0,0,0,0.14755708806258
0.0322490309931942,0,0,0,0.0180277563773199,0,0,0,0.151737479234458
0.0322490309931942,0,0,0,0.0180277563773199,0,0,0,0.154335580610805
0.0322490309931942,0,0,0,0.0180277563773199,0,0,0,0.154437517994093
0.0322490309931942,0,0,0,0.0180277563773199,0,0,0,0.145464699014779
0.0322490309931942,0,0,0,0.0180277563773199,0,0,0,0.148713432649104
0.0322490309931942,0,0,0,0.0180277563773199,0,0,0,0.155070418283443
0.0322490309931942,0,0,0,0.0180277563773199,0,0,0,0.158654431804612
0.0322490309931942,0,0,0,0.0180277563773199,0,0,0,0.157832525304901
0.0322490309931942,0,0,0,0.0180277563773199,0,0,0,0.156211520272843
0.0322490309931942,0,0,0,0.0180277563773199,0,0,0,0.154506942418567
0.0322490309931942,0,0,0,0.0180277563773199,0,0,0,0.152235615880941
0.0322490309931942,0,0,0,0.0180277563773199,0,0,0,0.153070289585249
0.0322490309931942,0,0,0,0.0180277563773199,0,0,0,0.156120371839517
0.0322490309931942,0,0,0,0.0180277563773199,0,0,0,0.160788138514783
0.0322490309931942,0,0,0,0.0180277563773199,0,0,0,0.164105601201185
0.0322490309931942,0,0,0,0.0180277563773199,0,0,0,0.163609661462569
0.0322490309931942,0,0,0,0.0180277563773199,0,0,0,0.159566052512827
0.0322490309931942,0,0,0,0.0180277563773199,0,0,0,0.160965850744011
0.0322490309931942,0,0,0,0.0180277563773199,0,0,0,0.163128776707681
0.0322490309931942,0,0,0,0.0180277563773199,0,0,0,0.168211767267391
0.0322490309931942,0,0,0,0.0180277563773199,0,0,0,0.172884903558529
0.0322490309931942,0,0,0,0.0180277563773199,0,0,0,0.181582993948047
0.0322490309931942,0,0,0,0.0180277563773199,0,0,0,0.174104662193002
0.0322490309931942,0,0,0,0.0180277563773199,0,0,0,0.180317030118755
0.0322490309931942,0,0,0,0.0180277563773199,0,0,0,0.187665881886042
0.0322490309931942,0,0,0,0.0180277563773199,0,0,0,0.185358607365288
0.0322490309931942,0,0,0,0.0180277563773199,0,0,0,0.177512734399324
0.0322490309931942,0,0,0,0.0180277563773199,0,0,0,0.174571059927929
0.0322490309931942,0,0,0,0.0180277563773199,0,0,0,0.183966054872605
0.0322490309931942,0,0,0,0.0180277563773199,0,0,0,0.188793659870234
0.0322490309931942,0,0,0,0.0180277563773199,0,0,0,0.183180082645944
0.0322490309931942,0,0,0,0.0180277563773199,0,0,0,0.190620418023462
0.0322490309931942,0,0,0,0.0180277563773199,0,0,0,0.190715879467999
0.0322490309931942,0,0,0,0.0180277563773199,0,0,0,0.195607666529536
0.0322490309931942,0,0,0,0.0180277563773199,0,0,0,0.193043760350597
0.0322490309931942,0,0,0,0.0180277563773199,0,0,0,0.192572130762449
0.0322490309931942,0,0,0,0.0180277563773199,0,0,0,0.193525608444923
0.0322490309931942,0,0,0,0.0180277563773199,0,0,0,0.194716194048756
0.0322490309931942,0,0,0,0.0180277563773199,0,0,0,0.195152655644381
0.0322490309931942,0,0,0,0.0180277563773199,0,0,0,0.192900618204305
0.0322490309931942,0,0,0,0.0180277563773199,0,0,0,0.197773030316766
0.0322490309931942,0,0,0,0.0180277563773199,0,0,0,0.198451743357539
0.0322490309931942,0,0,0,0.0180277563773199,0,0,0,0.206243769386964
0.0322490309931942,0,0,0,0.0180277563773199,0,0,0,0.213656273416978
0.0322490309931942,0,0,0,0.0180277563773199,0,0,0,0.213144355530443
0.0322490309931942,0,0,0,0.0180277563773199,0,0,0,0.206341704737995
0.0322490309931942,0,0,0,0.0180277563773199,0,0,0,0.203854649064262
0.0322490309931942,0,0,0,0.0180277563773199,0,0,0,0.204724631826302
0.0322490309931942,0,0,0,0.0180277563773199,0,0,0,0.200763963159303
0.0322490309931942,0,0,0,0.0180277563773199,0,0,0,0.201955313266529
0.0322490309931942,0,0,0,0.0180277563773199,0,0,0,0.212106439592164
0.0322490309931942,0,0,0,0.0180277563773199,0,0,0,0.213693445746727
0.0322490309931942,0,0,0,0.0180277563773199,0,0,0,0.213196280550489
0.0322490309931942,0,0,0,0.0180277563773199,0,0,0,0.210746426116028
0.0322490309931942,0,0,0,0.0180277563773199,0,0,0,0.210775058045984
0.0322490309931942,0,0,0,0.0180277563773199,0,0,0,0.210623732139187
0.0322490309931942,0,0,0,0.0180277563773199,0,0,0,0.211948693567341
0.0322490309931942,0,0,0,0.0180277563773199,0,0,0,0.205642669115401
0.0322490309931942,0,0,0,0.0180277563773199,0,0,0,0.196658297534853
0.0322490309931942,0,0,0,0.0180277563773199,0,0,0,0.192479336692326
0.0322490309931942,0,0,0,0.0180277563773199,0,0,0,0.194446576980649
0.0322490309931942,0,0,0,0.0180277563773199,0,0,0,0.193143217025912
0.0322490309931942,0,0,0,0.0180277563773199,0,0,0,0.198055991575383
0.0322490309931942,0,0,0,0.0180277563773199,0,0,0,0.196566956875104
0.0322490309931942,0,0,0,0.0180277563773199,0,0,0,0.18983647862914
0.0322490309931942,0,0,0,0.0180277563773199,0,0,0,0.191352954444204
0.0322490309931942,0,0,0,0.0180277563773199,0,0,0,0.184253919231225
0.0322490309931942,0,0,0,0.0180277563773199,0,0,0,0.178727373157018
0.0322490309931942,0,0,0,0.0180277563773199,0,0,0,0.178704823584963
0.0322490309931942,0,0,0,0.0180277563773199,0,0,0,0.18679389520452
0.0322490309931942,0,0,0,0.0180277563773199,0,0,0,0.190207587517369
0.0322490309931942,0,0,0,0.0180277563773199,0,0,0,0.194344548078312
0.0322490309931942,0,0,0,0.0180277563773199,0,0,0,0.192764385056006
0.0322490309931942,0,0,0,0.0180277563773199,0,0,0,0.198776394459628
0.0322490309931942,0,0,0,0.0180277563773199,0,0,0,0.200228690720039
0.0322490309931942,0,0,0,0.0180277563773199,0,0,0,0.201098710820285
0.0322490309931942,0,0,0,0.0180277563773199,0,0,0,0.204024274151784
0.0322490309931942,0,0,0,0.0180277563773199,0,0,0,0.201546840883747
0.0322490309931942,0,0,0,0.0180277563773199,0,0,0,0.199902985240215
0.0322490309931942,0,0,0,0.0180277563773199,0,0,0,0.202031454533671
0.0322490309931942,0,0,0,0.0180277563773199,0,0,0,0.202150812164024
0.0322490309931942,0,0,0,0.0180277563773199,0,0,0,0.2085883358298
0.0322490309931942,0,0,0,0.0180277563773199,0,0,0,0.209337565626612
0.0322490309931942,0,0,0,0.0180277563773199,0,0,0,0.202547613712013
0.0322490309931942,0,0,0,0.0180277563773199,0,0,0,0.199789048375872
0.0322490309931942,0,0,0,0.0180277563773199,0,0,0,0.197820511501923
0.0322490309931942,0,0,0,0.0180277563773199,0,0,0,0.200552549955404
0.0322490309931942,0,0,0,0.0180277563773199,0,0,0,0.203875116842234
0.0322490309931942,0,0,0,0.0180277563773199,0,0,0,0.210525873250313
0.0322490309931942,0,0,0,0.0180277563773199,0,0,0,0.213151752549268
0.0322490309931942,0,0,0,0.0180277563773199,0,0,0,0.21835182754228
0.0322490309931942,0,0,0,0.0180277563773199,0,0,0,0.217670534787435
0.0322490309931942,0,0,0,0.0180277563773199,0,0,0,0.22247210589749
0.0322490309931942,0,0,0,0.0180277563773199,0,0,0,0.221867546384688
0.0322490309931942,0,0,0,0.0180277563773199,0,0,0,0.221673486074465
0.0322490309931942,0,0,0,0.0180277563773199,0,0,0,0.214993560909398
0.0322490309931942,0,0,0,0.0180277563773199,0,0,0,0.215379003922838
0.0322490309931942,0,0,0,0.0180277563773199,0,0,0,0.215769512546175
0.0322490309931942,0,0,0,0.0180277563773199,0,0,0,0.212515311079273
0.0322490309931942,0,0,0,0.0180277563773199,0,0,0,0.20924168892895
0.0322490309931942,0,0,0,0.0180277563773199,0,0,0,0.209135420459732
0.0322490309931942,0,0,0,0.0180277563773199,0,0,0,0.20732208598301
0.0322490309931942,0,0,0,0.0180277563773199,0,0,0,0.207356808590786
0.0322490309931942,0,0,0,0.0180277563773199,0,0,0,0.205281777818382
0.0322490309931942,0,0,0,0.0180277563773199,0,0,0,0.201110421316503
0.0322490309931942,0,0,0,0.0180277563773199,0,0,0,0.204454050215782
0.0322490309931942,0,0,0,0.0180277563773199,0,0,0,0.207868155203084
0.0322490309931942,0,0,0,0.0180277563773199,0,0,0,0.213815185214804
0.0322490309931942,0,0,0,0.0180277563773199,0,0,0,0.21238533665091
0.0322490309931942,0,0,0,0.0180277563773199,0,0,0,0.217052773916959
0.0322490309931942,0,0,0,0.0180277563773199,0,0,0,0.216379338401306
0.0322490309931942,0,0,0,0.0180277563773199,0,0,0,0.220628290869492
0.0322490309931942,0,0,0,0.0180277563773199,0,0,0,0.218187392949798
0.0322490309931942,0,0,0,0.0180277563773199,0,0,0,0.218910060037234
0.0322490309931942,0,0,0,0.0180277563773199,0,0,0,0.211728384650039
0.0322490309931942,0,0,0,0.0180277563773199,0,0,0,0.210528735567111
0.0322490309931942,0,0,0,0.0180277563773199,0,0,0,0.208125902620153
0.0322490309931942,0,0,0,0.0180277563773199,0,0,0,0.207477606869854
0.0322490309931942,0,0,0,0.0180277563773199,0,0,0,0.206716575829209
0.0322490309931942,0,0,0,0.0180277563773199,0,0,0,0.205045941853941
0.0322490309931942,0,0,0,0.0180277563773199,0,0,0,0.206329373299505
0.0322490309931942,0,0,0,0.0180277563773199,0,0,0,0.208142464315805
0.0322490309931942,0,0,0,0.0180277563773199,0,0,0,0.212812261959284
0.0322490309931942,0,0,0,0.0180277563773199,0,0,0,0.215601941808667
0.0322490309931942,0,0,0,0.0180277563773199,0,0,0,0.213274313945014
0.0322490309931942,0,0,0,0.0180277563773199,0,0,0,0.206794061699406
0.0322490309931942,0,0,0,0.0180277563773199,0,0,0,0.207363387992592
0.0322490309931942,0,0,0,0.0180277563773199,0,0,0,0.207656507423437
0.0322490309931942,0,0,0,0.0180277563773199,0,0,0,0.21476778923235
0.0322490309931942,0,0,0,0.0180277563773199,0,0,0,0.218439104539751
0.0322490309931942,0,0,0,0.0180277563773199,0,0,0,0.221451450939418
0.0322490309931942,0,0,0,0.0180277563773199,0,0,0,0.221349657586923
0.0322490309931942,0,0,0,0.0180277563773199,0,0,0,0.222030999266152
0.0322490309931942,0,0,0,0.0180277563773199,0,0,0,0.218656426087111
0.0322490309931942,0,0,0,0.0180277563773199,0,0,0,0.217630219303128
0.0322490309931942,0,0,0,0.0180277563773199,0,0,0,0.217245678034367
0.0322490309931942,0,0,0,0.0180277563773199,0,0,0,0.215533136907887
0.0322490309931942,0,0,0,0.0180277563773199,0,0,0,0.216500664685292
0.0322490309931942,0,0,0,0.0180277563773199,0,0,0,0.20847609462952
0.0322490309931942,0,0,0,0.0180277563773199,0,0,0,0.205782079897751
0.0322490309931942,0,0,0,0.0180277563773199,0,0,0,0.210793702687237
0.0322490309931942,0,0,0,0.0180277563773199,0,0,0,0.209198604242535
0.0322490309931942,0,0,0,0.0180277563773199,0,0,0,0.211426289661389
0.0322490309931942,0,0,0,0.0180277563773199,0,0,0,0.206600725426533
0.0322490309931942,0,0,0,0.0180277563773199,0,0,0,0.207161227045306
0.0322490309931942,0,0,0,0.0180277563773199,0,0,0,0.210805603466017
0.0322490309931942,0,0,0,0.0180277563773199,0,0,0,0.209677884168835
0.0322490309931942,0,0,0,0.0180277563773199,0,0,0,0.212481359603106
0.0322490309931942,0,0,0,0.0180277563773199,0,0,0,0.201866535665545
0.0322490309931942,0,0,0,0.0180277563773199,0,0,0,0.196736192379268
0.0322490309931942,0,0,0,0.0180277563773199,0,0,0,0.199825743229612
0.0322490309931942,0,0,0,0.0180277563773199,0,0,0,0.19788326104734
0.0322490309931942,0,0,0,0.0180277563773199,0,0,0,0.200482098643719
0.0322490309931942,0,0,0,0.0180277563773199,0,0,0,0.19604231314166
0.0322490309931942,0,0,0,0.0180277563773199,0,0,0,0.196065003808709
0.0322490309931942,0,0,0,0.0180277563773199,0,0,0,0.193753731068253
0.0322490309931942,0,0,0,0.0180277563773199,0,0,0,0.194067682335597
0.0322490309931942,0,0,0,0.0180277563773199,0,0,0,0.189085087160705
0.0322490309931942,0,0,0,0.0180277563773199,0,0,0,0.189252723606957
0.0322490309931942,0,0,0,0.0180277563773199,0,0,0,0.185527187365147
0.0322490309931942,0,0,0,0.0180277563773199,0,0,0,0.179486648235771
0.0322490309931942,0,0,0,0.0180277563773199,0,0,0,0.183026984551512
0.0322490309931942,0,0,0,0.0180277563773199,0,0,0,0.183716511865708
0.0322490309931942,0,0,0,0.0180277563773199,0,0,0,0.176986775350781
0.0322490309931942,0,0,0,0.0180277563773199,0,0,0,0.172952735864576
0.0322490309931942,0,0,0,0.0180277563773199,0,0,0,0.177849081154719
0.0322490309931942,0,0,0,0.0180277563773199,0,0,0,0.171494541727399
0.0322490309931942,0,0,0,0.0180277563773199,0,0,0,0.18159831972962
0.0322490309931942,0,0,0,0.0180277563773199,0,0,0,0.18315863721963
0.0322490309931942,0,0,0,0.0180277563773199,0,0,0,0.178607951281632
0.0322490309931942,0,0,0,0.0180277563773199,0,0,0,0.176377356051748
0.0322490309931942,0,0,0,0.0180277563773199,0,0,0,0.174356447597429
0.0322490309931942,0,0,0,0.0180277563773199,0,0,0,0.175669374893741
0.0322490309931942,0,0,0,0.0180277563773199,0,0,0,0.175896433701849
0.0322490309931942,0,0,0,0.0180277563773199,0,0,0,0.170652548210536
0.0322490309931942,0,0,0,0.0180277563773199,0,0,0,0.168914942135115
0.0322490309931942,0,0,0,0.0180277563773199,0,0,0,0.175170533780946
0.0322490309931942,0,0,0,0.0180277563773199,0,0,0,0.16829474508579
0.0322490309931942,0,0,0,0.0180277563773199,0,0,0,0.171008083579263
0.0322490309931942,0,0,0,0.0180277563773199,0,0,0,0.165058179623379
0.0322490309931942,0,0,0,0.0180277563773199,0,0,0,0.160760508708252
0.0322490309931942,0,0,0,0.0180277563773199,0,0,0,0.161071295479182
0.0322490309931942,0,0,0,0.0180277563773199,0,0,0,0.162511564552892
0.0322490309931942,0,0,0,0.0180277563773199,0,0,0,0.163585469205699
0.0322490309931942,0,0,0,0.0180277563773199,0,0,0,0.158577197924411
0.0322490309931942,0,0,0,0.0180277563773199,0,0,0,0.170504607310679
0.0322490309931942,0,0,0,0.0180277563773199,0,0,0,0.174582926254076
0.0322490309931942,0,0,0,0.0180277563773199,0,0,0,0.173664856710318
0.0322490309931942,0,0,0,0.0180277563773199,0,0,0,0.171693276784723
0.0322490309931942,0,0,0,0.0180277563773199,0,0,0,0.171225215815528
0.0322490309931942,0,0,0,0.0180277563773199,0,0,0,0.168741630038299
0.0322490309931942,0,0,0,0.0180277563773199,0,0,0,0.17569425098511
0.0322490309931942,0,0,0,0.0180277563773199,0,0,0,0.171227533768229
0.0322490309931942,0,0,0,0.0180277563773199,0,0,0,0.162280804186493
0.0322490309931942,0,0,0,0.0180277563773199,0,0,0,0.166343823862241
0.0322490309931942,0,0,0,0.0180277563773199,0,0,0,0.168759275843526
0.0322490309931942,0,0,0,0.0180277563773199,0,0,0,0.17102908119804
0.0322490309931942,0,0,0,0.0180277563773199,0,0,0,0.167442071033373
0.0322490309931942,0,0,0,0.0180277563773199,0,0,0,0.17070138500684
0.0322490309931942,0,0,0,0.0180277563773199,0,0,0,0.169052923114084
0.0322490309931942,0,0,0,0.0180277563773199,0,0,0,0.177726545584262
0.0322490309931942,0,0,0,0.0180277563773199,0,0,0,0.174727173361727
0.0322490309931942,0,0,0,0.0180277563773199,0,0,0,0.17090781723113
0.0322490309931942,0,0,0,0.0180277563773199,0,0,0,0.16658373422083
0.0322490309931942,0,0,0,0.0180277563773199,0,0,0,0.165363755955852
0.0322490309931942,0,0,0,0.0180277563773199,0,0,0,0.165220911784494
0.0322490309931942,0,0,0,0.0180277563773199,0,0,0,0.162544071783557
0.0322490309931942,0,0,0,0.0180277563773199,0,0,0,0.165787224101651
0.0322490309931942,0,0,0,0.0180277563773199,0,0,0,0.171923035594289
0.0322490309931942,0,0,0,0.0180277563773199,0,0,0,0.169774942741798
0.0322490309931942,0,0,0,0.0180277563773199,0,0,0,0.174118445585899
0.0322490309931942,0,0,0,0.0180277563773199,0,0,0,0.176261838153347
0.0322490309931942,0,0,0,0.0180277563773199,0,0,0,0.172200063189142
0.0322490309931942,0,0,0,0.0180277563773199,0,0,0,0.177760477513291
0.0322490309931942,0,0,0,0.0180277563773199,0,0,0,0.178237787561745
0.0322490309931942,0,0,0,0.0180277563773199,0,0,0,0.180722870100017
0.0322490309931942,0,0,0,0.0180277563773199,0,0,0,0.180946653658087
0.0322490309931942,0,0,0,0.0180277563773199,0,0,0,0.182194366679863
0.0322490309931942,0,0,0,0.0180277563773199,0,0,0,0.177777781690738
0.0322490309931942,0,0,0,0.0180277563773199,0,0,0,0.181077534882145
0.0322490309931942,0,0,0,0.0180277563773199,0,0,0,0.185222576611966
0.0322490309931942,0,0,0,0.0180277563773199,0,0,0,0.190761475374834
0.0322490309931942,0,0,0,0.0180277563773199,0,0,0,0.182662820256045
0.0322490309931942,0,0,0,0.0180277563773199,0,0,0,0.177310813266806
0.0322490309931942,0,0,0,0.0180277563773199,0,0,0,0.174855810141089
0.0322490309931942,0,0,0,0.0180277563773199,0,0,0,0.174438514694269
0.0322490309931942,0,0,0,0.0180277563773199,0,0,0,0.181229934975406
0.0322490309931942,0,0,0,0.0180277563773199,0,0,0,0.185044485568562
0.0322490309931942,0,0,0,0.0180277563773199,0,0,0,0.192352645884328
0.0322490309931942,0,0,0,0.0180277563773199,0,0,0,0.191888435222855
0.0322490309931942,0,0,0,0.0180277563773199,0,0,0,0.188226095848559
0.0322490309931942,0,0,0,0.0180277563773199,0,0,0,0.184774727026281
0.0322490309931942,0,0,0,0.0180277563773199,0,0,0,0.187952042623974
0.0322490309931942,0,0,0,0.0180277563773199,0,0,0,0.186476425770496
0.0322490309931942,0,0,0,0.0180277563773199,0,0,0,0.183457679262993
0.0322490309931942,0,0,0,0.0180277563773199,0,0,0,0.18305553132165
0.0322490309931942,0,0,0,0.0180277563773199,0,0,0,0.176084574515181
0.0322490309931942,0,0,0,0.0180277563773199,0,0,0,0.173468765771566
0.0322490309931942,0,0,0,0.0180277563773199,0,0,0,0.175839306266372
0.0322490309931942,0,0,0,0.0180277563773199,0,0,0,0.172661789554837
0.0322490309931942,0,0,0,0.0180277563773199,0,0,0,0.170539874928017
0.0322490309931942,0,0,0,0.0180277563773199,0,0,0,0.175586374721142
0.0322490309931942,0,0,0,0.0180277563773199,0,0,0,0.170964247925038
0.0322490309931942,0,0,0,0.0180277563773199,0,0,0,0.173451938050699
0.0322490309931942,0,0,0,0.0180277563773199,0,0,0,0.174329726053045
0.0322490309931942,0,0,0,0.0180277563773199,0,0,0,0.181588087025171
0.0322490309931942,0,0,0,0.0180277563773199,0,0,0,0.180825488661124
0.0322490309931942,0,0,0,0.0180277563773199,0,0,0,0.174490686434599
0.0322490309931942,0,0,0,0.0180277563773199,0,0,0,0.173777581821183
0.0322490309931942,0,0,0,0.0180277563773199,0,0,0,0.176344742155388
0.0322490309931942,0,0,0,0.0180277563773199,0,0,0,0.176114562498055
0.0322490309931942,0,0,0,0.0180277563773199,0,0,0,0.183806845570172
0.0322490309931942,0,0,0,0.0180277563773199,0,0,0,0.177663762542153
0.0322490309931942,0,0,0,0.0180277563773199,0,0,0,0.182663653286769
0.0322490309931942,0,0,0,0.0180277563773199,0,0,0,0.185125906584696
0.0322490309931942,0,0,0,0.0180277563773199,0,0,0,0.186435907547163
0.0322490309931942,0,0,0,0.0180277563773199,0,0,0,0.18779751177176
0.0322490309931942,0,0,0,0.0180277563773199,0,0,0,0.191250686661782
0.0322490309931942,0,0,0,0.0180277563773199,0,0,0,0.202285510629794
0.0322490309931942,0,0,0,0.0180277563773199,0,0,0,0.20299974413744
0.0322490309931942,0,0,0,0.0180277563773199,0,0,0,0.200013539719338
0.0322490309931942,0,0,0,0.0180277563773199,0,0,0,0.195985005438462
0.0322490309931942,0,0,0,0.0180277563773199,0,0,0,0.197216874088245
0.0322490309931942,0,0,0,0.0180277563773199,0,0,0,0.204994486476799
0.0322490309931942,0,0,0,0.0180277563773199,0,0,0,0.201858295490428
0.0322490309931942,0,0,0,0.0180277563773199,0,0,0,0.195090321676534
0.0322490309931942,0,0,0,0.0180277563773199,0,0,0,0.190984111260068
0.0322490309931942,0,0,0,0.0180277563773199,0,0,0,0.190006443012537
0.0322490309931942,0,0,0,0.0180277563773199,0,0,0,0.185714272172477
0.0322490309931942,0,0,0,0.0180277563773199,0,0,0,0.181362248522767
0.0322490309931942,0,0,0,0.0180277563773199,0,0,0,0.187791867260352
0.0322490309931942,0,0,0,0.0180277563773199,0,0,0,0.182569362945574
0.0322490309931942,0,0,0,0.0180277563773199,0,0,0,0.178474478072608
0.0322490309931942,0,0,0,0.0180277563773199,0,0,0,0.172845982975248
0.0322490309931942,0,0,0,0.0180277563773199,0,0,0,0.175635159460725
0.0322490309931942,0,0,0,0.0180277563773199,0,0,0,0.179793471127058
0.0322490309931942,0,0,0,0.0180277563773199,0,0,0,0.182179847773494
0.0322490309931942,0,0,0,0.0180277563773199,0,0,0,0.179012949175061
0.0322490309931942,0,0,0,0.0180277563773199,0,0,0,0.177694994464337
0.0322490309931942,0,0,0,0.0180277563773199,0,0,0,0.173856622898727
0.0322490309931942,0,0,0,0.0180277563773199,0,0,0,0.174365873022655
0.0322490309931942,0,0,0,0.0180277563773199,0,0,0,0.177684875574022
0.0322490309931942,0,0,0,0.0180277563773199,0,0,0,0.173389624664144
0.0322490309931942,0,0,0,0.0180277563773199,0,0,0,0.167289099389968
0.0322490309931942,0,0,0,0.0180277563773199,0,0,0,0.170904976082292
0.0322490309931942,0,0,0,0.0180277563773199,0,0,0,0.181054518762994
0.0322490309931942,0,0,0,0.0180277563773199,0,0,0,0.192817390971285
0.0322490309931942,0,0,0,0.0180277563773199,0,0,0,0.193553444497762
0.0322490309931942,0,0,0,0.0180277563773199,0,0,0,0.194011891055875
0.0322490309931942,0,0,0,0.0180277563773199,0,0,0,0.195786231452503
0.0322490309931942,0,0,0,0.0180277563773199,0,0,0,0.19510959333924
0.0322490309931942,0,0,0,0.0180277563773199,0,0,0,0.199301000998564
0.0322490309931942,0,0,0,0.0180277563773199,0,0,0,0.201257629539285
0.0322490309931942,0,0,0,0.0180277563773199,0,0,0,0.207622009127875
0.0322490309931942,0,0,0,0.0180277563773199,0,0,0,0.212753911517529
0.0322490309931942,0,0,0,0.0180277563773199,0,0,0,0.215000151893975
0.0322490309931942,0,0,0,0.0180277563773199,0,0,0,0.211618704745452
0.0322490309931942,0,0,0,0.0180277563773199,0,0,0,0.212563499693771
0.0322490309931942,0,0,0,0.0180277563773199,0,0,0,0.212625850411396
0.0322490309931942,0,0,0,0.0180277563773199,0,0,0,0.208005700468019
0.0322490309931942,0,0,0,0.0180277563773199,0,0,0,0.204240753048263
0.0322490309931942,0,0,0,0.0180277563773199,0,0,0,0.210076418334778
0.0322490309931942,0,0,0,0.0180277563773199,0,0,0,0.199704093584836
0.0322490309931942,0,0,0,0.0180277563773199,0,0,0,0.200783584868251
0.0322490309931942,0,0,0,0.0180277563773199,0,0,0,0.198698512821715
0.0322490309931942,0,0,0,0.0180277563773199,0,0,0,0.200189112827504
0.0322490309931942,0,0,0,0.0180277563773199,0,0,0,0.206268118440533
0.0322490309931942,0,0,0,0.0180277563773199,0,0,0,0.199875746429895
0.0322490309931942,0,0,0,0.0180277563773199,0,0,0,0.196966215455706
0.0322490309931942,0,0,0,0.0180277563773199,0,0,0,0.200151971002621
0.0322490309931942,0,0,0,0.0180277563773199,0,0,0,0.196974055593662
0.0322490309931942,0,0,0,0.0180277563773199,0,0,0,0.195243622123272
0.0322490309931942,0,0,0,0.0180277563773199,0,0,0,0.190429746153743
0.0322490309931942,0,0,0,0.0180277563773199,0,0,0,0.193348901844189
0.0322490309931942,0,0,0,0.0180277563773199,0,0,0,0.194489869087099
0.0322490309931942,0,0,0,0.0180277563773199,0,0,0,0.194041062777819
0.0322490309931942,0,0,0,0.0180277563773199,0,0,0,0.194322440286193
0.0322490309931942,0,0,0,0.0180277563773199,0,0,0,0.198187807260522
0.0322490309931942,0,0,0,0.0180277563773199,0,0,0,0.193251144526459
0.0322490309931942,0,0,0,0.0180277563773199,0,0,0,0.193570856950648
0.0322490309931942,0,0,0,0.0180277563773199,0,0,0,0.196061964392882
0.0322490309931942,0,0,0,0.0180277563773199,0,0,0,0.195285927715538
0.0322490309931942,0,0,0,0.0180277563773199,0,0,0,0.189352553868388
0.0322490309931942,0,0,0,0.0180277563773199,0,0,0,0.191563819953964
0.0322490309931942,0,0,0,0.0180277563773199,0,0,0,0.187571742807653
0.0322490309931942,0,0,0,0.0180277563773199,0,0,0,0.184180020036295
0.0322490309931942,0,0,0,0.0180277563773199,0,0,0,0.186485323502512
0.0322490309931942,0,0,0,0.0180277563773199,0,0,0,0.188378787839815
0.0322490309931942,0,0,0,0.0180277563773199,0,0,0,0.187333394528008
0.0322490309931942,0,0,0,0.0180277563773199,0,0,0,0.190202494546442
0.0322490309931942,0,0,0,0.0180277563773199,0,0,0,0.191446120756743
0.0322490309931942,0,0,0,0.0180277563773199,0,0,0,0.203178518963117
0.0322490309931942,0,0,0,0.0180277563773199,0,0,0,0.205952882901084
0.0322490309931942,0,0,0,0.0180277563773199,0,0,0,0.212495104429206
0.0322490309931942,0,0,0,0.0180277563773199,0,0,0,0.210519155362626
0.0322490309931942,0,0,0,0.0180277563773199,0,0,0,0.204477954083773
0.0322490309931942,0,0,0,0.0180277563773199,0,0,0,0.208139339522297
0.0322490309931942,0,0,0,0.0180277563773199,0,0,0,0.208325730608459
0.0322490309931942,0,0,0,0.0180277563773199,0,0,0,0.20785553895574
0.0322490309931942,0,0,0,0.0180277563773199,0,0,0,0.21533188041178
0.0322490309931942,0,0,0,0.0180277563773199,0,0,0,0.209849262845126
0.0322490309931942,0,0,0,0.0180277563773199,0,0,0,0.216965936165784
0.0322490309931942,0,0,0,0.0180277563773199,0,0,0,0.220820572933455
0.0322490309931942,0,0,0,0.0180277563773199,0,0,0,0.226057087868049
0.0322490309931942,0,0,0,0.0180277563773199,0,0,0,0.227908612671689
0.0322490309931942,0,0,0,0.0180277563773199,0,0,0,0.230413934765545
0.0322490309931942,0,0,0,0.0180277563773199,0,0,0,0.233358640565582
0.0322490309931942,0,0,0,0.0180277563773199,0,0,0,0.234132900177175
0.0322490309931942,0,0,0,0.0180277563773199,0,0,0,0.236864647577351
0.0322490309931942,0,0,0,0.0180277563773199,0,0,0,0.234315498965012
0.0322490309931942,0,0,0,0.0180277563773199,0,0,0,0.234081731380997
0.0322490309931942,0,0,0,0.0180277563773199,0,0,0,0.233227153263541
0.0322490309931942,0,0,0,0.0180277563773199,0,0,0,0.229931019454238
0.0322490309931942,0,0,0,0.0180277563773199,0,0,0,0.227937637322139
0.0322490309931942,0,0,0,0.0180277563773199,0,0,0,0.226417161338417
0.0322490309931942,0,0,0,0.0180277563773199,0,0,0,0.224860532864644
0.0322490309931942,0,0,0,0.0180277563773199,0,0,0,0.224968472573183
0.0322490309931942,0,0,0,0.0180277563773199,0,0,0,0.225866265793315
0.0322490309931942,0,0,0,0.0180277563773199,0,0,0,0.221324961850361
0.0322490309931942,0,0,0,0.0180277563773199,0,0,0,0.224648327913101
0.0322490309931942,0,0,0,0.0180277563773199,0,0,0,0.225554030166084
0.0322490309931942,0,0,0,0.0180277563773199,0,0,0,0.22935816351615
0.0322490309931942,0,0,0,0.0180277563773199,0,0,0,0.223790951848715
0.0322490309931942,0,0,0,0.0180277563773199,0,0,0,0.223818517918045
0.0322490309931942,0,0,0,0.0180277563773199,0,0,0,0.228181198253488
0.0322490309931942,0,0,0,0.0180277563773199,0,0,0,0.229913555915983
0.0322490309931942,0,0,0,0.0180277563773199,0,0,0,0.229600804575099
0.0322490309931942,0,0,0,0.0180277563773199,0,0,0,0.225690624773256
0.0322490309931942,0,0,0,0.0180277563773199,0,0,0,0.222185705042631
0.0322490309931942,0,0,0,0.0180277563773199,0,0,0,0.2288009660285
0.0322490309931942,0,0,0,0.0180277563773199,0,0,0,0.224845605286965
0.0322490309931942,0,0,0,0.0180277563773199,0,0,0,0.22611407011407
0.0322490309931942,0,0,0,0.0180277563773199,0,0,0,0.217291299866261
0.0322490309931942,0,0,0,0.0180277563773199,0,0,0,0.213346525712952
0.0322490309931942,0,0,0,0.0180277563773199,0,0,0,0.213432865681389
0.0322490309931942,0,0,0,0.0180277563773199,0,0,0,0.213259317759763
0.0322490309931942,0,0,0,0.0180277563773199,0,0,0,0.211009221634807
0.0322490309931942,0,0,0,0.0180277563773199,0,0,0,0.209599621758429
0.0322490309931942,0,0,0,0.0180277563773199,0,0,0,0.210588768953884
0.0322490309931942,0,0,0,0.0180277563773199,0,0,0,0.205255429606871
0.0322490309931942,0,0,0,0.0180277563773199,0,0,0,0.208508680918526
0.0322490309931942,0,0,0,0.0180277563773199,0,0,0,0.2071962309267
0.0322490309931942,0,0,0,0.0180277563773199,0,0,0,0.197985884304204
0.0322490309931942,0,0,0,0.0180277563773199,0,0,0,0.206278708604982
0.0322490309931942,0,0,0,0.0180277563773199,0,0,0,0.214992969032761
0.0322490309931942,0,0,0,0.0180277563773199,0,0,0,0.213722455892898
0.0322490309931942,0,0,0,0.0180277563773199,0,0,0,0.215247029878025
0.0322490309931942,0,0,0,0.0180277563773199,0,0,0,0.211501418904671
0.0322490309931942,0,0,0,0.0180277563773199,0,0,0,0.206245043665583
0.0322490309931942,0,0,0,0.0180277563773199,0,0,0,0.208796052459442
0.0322490309931942,0,0,0,0.0180277563773199,0,0,0,0.210063561132361
0.0322490309931942,0,0,0,0.0180277563773199,0,0,0,0.20564309571851
0.0322490309931942,0,0,0,0.0180277563773199,0,0,0,0.204829761750613
0.0322490309931942,0,0,0,0.0180277563773199,0,0,0,0.205068711155051
0.0322490309931942,0,0,0,0.0180277563773199,0,0,0,0.199560606097666
0.0322490309931942,0,0,0,0.0180277563773199,0,0,0,0.195233464276027
0.0322490309931942,0,0,0,0.0180277563773199,0,0,0,0.197879161400509
0.0322490309931942,0,0,0,0.0180277563773199,0,0,0,0.196845389313214
0.0322490309931942,0,0,0,0.0180277563773199,0,0,0,0.190456073005865
0.0322490309931942,0,0,0,0.0180277563773199,0,0,0,0.189878954105545
0.0322490309931942,0,0,0,0.0180277563773199,0,0,0,0.188701023577492
0.0322490309931942,0,0,0,0.0180277563773199,0,0,0,0.192652793543668
0.0322490309931942,0,0,0,0.0180277563773199,0,0,0,0.188398548196948
0.0322490309931942,0,0,0,0.0180277563773199,0,0,0,0.183571132227789
0.0322490309931942,0,0,0,0.0180277563773199,0,0,0,0.187191899042986
0.0322490309931942,0,0,0,0.0180277563773199,0,0,0,0.189828471401355
0.0322490309931942,0,0,0,0.0180277563773199,0,0,0,0.198218177366843
0.0322490309931942,0,0,0,0.0180277563773199,0,0,0,0.199552288285771
0.0322490309931942,0,0,0,0.0180277563773199,0,0,0,0.198328712946538
0.0322490309931942,0,0,0,0.0180277563773199,0,0,0,0.195969668513065
0.0322490309931942,0,0,0,0.0180277563773199,0,0,0,0.197791529599328
0.0322490309931942,0,0,0,0.0180277563773199,0,0,0,0.198998588527978
0.0322490309931942,0,0,0,0.0180277563773199,0,0,0,0.19859045042903
0.0322490309931942,0,0,0,0.0180277563773199,0,0,0,0.198528283411181
0.0322490309931942,0,0,0,0.0180277563773199,0,0,0,0.195793745401319
0.0322490309931942,0,0,0,0.0180277563773199,0,0,0,0.191767298438802
0.0322490309931942,0,0,0,0.0180277563773199,0,0,0,0.199369448424427
0.0322490309931942,0,0,0,0.0180277563773199,0,0,0,0.198809505921544
0.0322490309931942,0,0,0,0.0180277563773199,0,0,0,0.194322733180475
0.0322490309931942,0,0,0,0.0180277563773199,0,0,0,0.198496523070652
0.0322490309931942,0,0,0,0.0180277563773199,0,0,0,0.198323898940178
0.0322490309931942,0,0,0,0.0180277563773199,0,0,0,0.194542266562531
0.0322490309931942,0,0,0,0.0180277563773199,0,0,0,0.192837235143592
0.0322490309931942,0,0,0,0.0180277563773199,0,0,0,0.193706802653882
0.0322490309931942,0,0,0,0.0180277563773199,0,0,0,0.191441653774052
0.0322490309931942,0,0,0,0.0180277563773199,0,0,0,0.185405551968616
0.0322490309931942,0,0,0,0.0180277563773199,0,0,0,0.17889202353762
0.0322490309931942,0,0,0,0.0180277563773199,0,0,0,0.179523810150477
0.0322490309931942,0,0,0,0.0180277563773199,0,0,0,0.175823531961998
0.0322490309931942,0,0,0,0.0180277563773199,0,0,0,0.168807676868256
0.0322490309931942,0,0,0,0.0180277563773199,0,0,0,0.169889490068356
0.0322490309931942,0,0,0,0.0180277563773199,0,0,0,0.173009323722207
0.0322490309931942,0,0,0,0.0180277563773199,0,0,0,0.176781545301973
0.0322490309931942,0,0,0,0.0180277563773199,0,0,0,0.178312685566673
0.0322490309931942,0,0,0,0.0180277563773199,0,0,0,0.176036399762752
0.0322490309931942,0,0,0,0.0180277563773199,0,0,0,0.176142753424418
0.0322490309931942,0,0,0,0.0180277563773199,0,0,0,0.178926038252139
0.0322490309931942,0,0,0,0.0180277563773199,0,0,0,0.18016792894075
0.0322490309931942,0,0,0,0.0180277563773199,0,0,0,0.183487168635705
0.0322490309931942,0,0,0,0.0180277563773199,0,0,0,0.190914372080884
0.0322490309931942,0,0,0,0.0180277563773199,0,0,0,0.18774934092507
0.0322490309931942,0,0,0,0.0180277563773199,0,0,0,0.195519157716742
0.0322490309931942,0,0,0,0.0180277563773199,0,0,0,0.186472052702948
0.0322490309931942,0,0,0,0.0180277563773199,0,0,0,0.180976836280674
0.0322490309931942,0,0,0,0.0180277563773199,0,0,0,0.178373919815159
0.0322490309931942,0,0,0,0.0180277563773199,0,0,0,0.176220582105806
0.0322490309931942,0,0,0,0.0180277563773199,0,0,0,0.178679240729822
0.0322490309931942,0,0,0,0.0180277563773199,0,0,0,0.179265004568429
0.0322490309931942,0,0,0,0.0180277563773199,0,0,0,0.17956216794164
0.0322490309931942,0,0,0,0.0180277563773199,0,0,0,0.181523776116775
0.0322490309931942,0,0,0,0.0180277563773199,0,0,0,0.176810709888535
0.0322490309931942,0,0,0,0.0180277563773199,0,0,0,0.181081596376862
0.0322490309931942,0,0,0,0.0180277563773199,0,0,0,0.18272465388437
0.0322490309931942,0,0,0,0.0180277563773199,0,0,0,0.181805201944598
0.0322490309931942,0,0,0,0.0180277563773199,0,0,0,0.177786191786798
0.0322490309931942,0,0,0,0.0180277563773199,0,0,0,0.176268619196972
0.0322490309931942,0,0,0,0.0180277563773199,0,0,0,0.180809749555394
0.0322490309931942,0,0,0,0.0180277563773199,0,0,0,0.180974850504136
0.0322490309931942,0,0,0,0.0180277563773199,0,0,0,0.177923495833253
0.0322490309931942,0,0,0,0.0180277563773199,0,0,0,0.175427102987385
0.0322490309931942,0,0,0,0.0180277563773199,0,0,0,0.173759150194088
0.0322490309931942,0,0,0,0.0180277563773199,0,0,0,0.174032604560978
0.0322490309931942,0,0,0,0.0180277563773199,0,0,0,0.17341376506277
0.0322490309931942,0,0,0,0.0180277563773199,0,0,0,0.179905107809627
0.0322490309931942,0,0,0,0.0180277563773199,0,0,0,0.182839910543542
0.0322490309931942,0,0,0,0.0180277563773199,0,0,0,0.175311509546486
0.0322490309931942,0,0,0,0.0180277563773199,0,0,0,0.180343703608131
0.0322490309931942,0,0,0,0.0180277563773199,0,0,0,0.180816904649012
0.0322490309931942,0,0,0,0.0180277563773199,0,0,0,0.178507682094028
0.0322490309931942,0,0,0,0.0180277563773199,0,0,0,0.178151243265185
0.0322490309931942,0,0,0,0.0180277563773199,0,0,0,0.177775012349438
0.0322490309931942,0,0,0,0.0180277563773199,0,0,0,0.167371617999389
0.0322490309931942,0,0,0,0.0180277563773199,0,0,0,0.168101979794966
0.0322490309931942,0,0,0,0.0180277563773199,0,0,0,0.172268762825756
0.0322490309931942,0,0,0,0.0180277563773199,0,0,0,0.169991486013163
0.0322490309931942,0,0,0,0.0180277563773199,0,0,0,0.170130068115399
0.0322490309931942,0,0,0,0.0180277563773199,0,0,0,0.174935727345026
0.0322490309931942,0,0,0,0.0180277563773199,0,0,0,0.171865804836989
0.0322490309931942,0,0,0,0.0180277563773199,0,0,0,0.168817010781963
0.0322490309931942,0,0,0,0.0180277563773199,0,0,0,0.164215052253935
0.0322490309931942,0,0,0,0.0180277563773199,0,0,0,0.165142069140694
0.0322490309931942,0,0,0,0.0180277563773199,0,0,0,0.167435462319301
0.0322490309931942,0,0,0,0.0180277563773199,0,0,0,0.169456706816896
0.0322490309931942,0,0,0,0.0180277563773199,0,0,0,0.163162103364952
0.0322490309931942,0,0,0,0.0180277563773199,0,0,0,0.162191555014293
0.0322490309931942,0,0,0,0.0180277563773199,0,0,0,0.155303619116286
0.0322490309931942,0,0,0,0.0180277563773199,0,0,0,0.161154089877559
0.0322490309931942,0,0,0,0.0180277563773199,0,0,0,0.16413803878422
0.0322490309931942,0,0,0,0.0180277563773199,0,0,0,0.160485574581809
0.0322490309931942,0,0,0,0.0180277563773199,0,0,0,0.16390167200698
0.0322490309931942,0,0,0,0.0180277563773199,0,0,0,0.166617740734567
0.0322490309931942,0,0,0,0.0180277563773199,0,0,0,0.172903975554503
0.0322490309931942,0,0,0,0.0180277563773199,0,0,0,0.17115150639385
0.0322490309931942,0,0,0,0.0180277563773199,0,0,0,0.173143060112344
0.0322490309931942,0,0,0,0.0180277563773199,0,0,0,0.178669283591646
0.0322490309931942,0,0,0,0.0180277563773199,0,0,0,0.176604324033178
0.0322490309931942,0,0,0,0.0180277563773199,0,0,0,0.174289751647207
0.0322490309931942,0,0,0,0.0180277563773199,0,0,0,0.177139939827461
0.0322490309931942,0,0,0,0.0180277563773199,0,0,0,0.176341912743454
0.0322490309931942,0,0,0,0.0180277563773199,0,0,0,0.171716040662229
0.0322490309931942,0,0,0,0.0180277563773199,0,0,0,0.164051365925544
0.0322490309931942,0,0,0,0.0180277563773199,0,0,0,0.161672968622594
0.0322490309931942,0,0,0,0.0180277563773199,0,0,0,0.159759709216449
0.0322490309931942,0,0,0,0.0180277563773199,0,0,0,0.158396551731581
0.0322490309931942,0,0,0,0.0180277563773199,0,0,0,0.154731279104306
0.0322490309931942,0,0,0,0.0180277563773199,0,0,0,0.149635544694215
0.0322490309931942,0,0,0,0.0180277563773199,0,0,0,0.142684218828849
0.0322490309931942,0,0,0,0.0180277563773199,0,0,0,0.143747416396157
0.0322490309931942,0,0,0,0.0180277563773199,0,0,0,0.147099992432259
0.0322490309931942,0,0,0,0.0180277563773199,0,0,0,0.152439306950605
0.0322490309931942,0,0,0,0.0180277563773199,0,0,0,0.149913470496722
0.0322490309931942,0,0,0,0.0180277563773199,0,0,0,0.141585898055857
0.0322490309931942,0,0,0,0.0180277563773199,0,0,0,0.139680792203215
0.0322490309931942,0,0,0,0.0180277563773199,0,0,0,0.129827387266715
0.0322490309931942,0,0,0,0.0180277563773199,0,0,0,0.12537176649961
0.0322490309931942,0,0,0,0.0180277563773199,0,0,0,0.127782594808699
0.0322490309931942,0,0,0,0.0180277563773199,0,0,0,0.12699951115548
0.0322490309931942,0,0,0,0.0180277563773199,0,0,0,0.129590207382334
0.0322490309931942,0,0,0,0.0180277563773199,0,0,0,0.125219704497403
0.0322490309931942,0,0,0,0.0180277563773199,0,0,0,0.121774351327546
0.0322490309931942,0,0,0,0.0180277563773199,0,0,0,0.123322509954127
0.0322490309931942,0,0,0,0.0180277563773199,0,0,0,0.124730241247352
0.0322490309931942,0,0,0,0.0180277563773199,0,0,0,0.119817651902372
0.0322490309931942,0,0,0,0.0180277563773199,0,0,0,0.120994533487883
0.0322490309931942,0,0,0,0.0180277563773199,0,0,0,0.114900935853851
0.0322490309931942,0,0,0,0.0180277563773199,0,0,0,0.118334980581791
0.0322490309931942,0,0,0,0.0180277563773199,0,0,0,0.12151939973094
0.0322490309931942,0,0,0,0.0180277563773199,0,0,0,0.122152936664991
0.0322490309931942,0,0,0,0.0180277563773199,0,0,0,0.125913818077121
0.0322490309931942,0,0,0,0.0180277563773199,0,0,0,0.133805453010156
0.0322490309931942,0,0,0,0.0180277563773199,0,0,0,0.126317399592344
0.0322490309931942,0,0,0,0.0180277563773199,0,0,0,0.137787397870503
0.0322490309931942,0,0,0,0.0180277563773199,0,0,0,0.141601781804849
0.0322490309931942,0,0,0,0.0180277563773199,0,0,0,0.136078606897445
0.0322490309931942,0,0,0,0.0180277563773199,0,0,0,0.142041979649138
0.0322490309931942,0,0,0,0.0180277563773199,0,0,0,0.14498373517113
0.0322490309931942,0,0,0,0.0180277563773199,0,0,0,0.137110637954043
0.0322490309931942,0,0,0,0.0180277563773199,0,0,0,0.142482306105545
0.0322490309931942,0,0,0,0.0180277563773199,0,0,0,0.142320432925993
0.0322490309931942,0,0,0,0.0180277563773199,0,0,0,0.140375539869571
0.0322490309931942,0,0,0,0.0180277563773199,0,0,0,0.142249133982299
0.0322490309931942,0,0,0,0.0180277563773199,0,0,0,0.143764191254422
0.0322490309931942,0,0,0,0.0180277563773199,0,0,0,0.149651740906155
0.0322490309931942,0,0,0,0.0180277563773199,0,0,0,0.143075099494584
0.0322490309931942,0,0,0,0.0180277563773199,0,0,0,0.135808891778838
0.0322490309931942,0,0,0,0.0180277563773199,0,0,0,0.134924290402325
0.0322490309931942,0,0,0,0.0180277563773199,0,0,0,0.1389372069642
0.0322490309931942,0,0,0,0.0180277563773199,0,0,0,0.136879828902518
0.0322490309931942,0,0,0,0.0180277563773199,0,0,0,0.13963621975996
0.0322490309931942,0,0,0,0.0180277563773199,0,0,0,0.138327772851601
0.0322490309931942,0,0,0,0.0180277563773199,0,0,0,0.139847226574733
0.0322490309931942,0,0,0,0.0180277563773199,0,0,0,0.141432636005238
0.0322490309931942,0,0,0,0.0180277563773199,0,0,0,0.142752594071649
0.0322490309931942,0,0,0,0.0180277563773199,0,0,0,0.147720084086257
0.0322490309931942,0,0,0,0.0180277563773199,0,0,0,0.152940122750494
0.0322490309931942,0,0,0,0.0180277563773199,0,0,0,0.155075986091348
0.0322490309931942,0,0,0,0.0180277563773199,0,0,0,0.157542322861584
0.0322490309931942,0,0,0,0.0180277563773199,0,0,0,0.152266704147367
