t,x,filter_mean,filter_cov,smoother_mean,smoother_cov,ACI_metric,signal_part,dispersion_part,E_j,F_j
0,4,4,0.1,4.1195753561002,0.041709416658169,0.217260043991247,0.0714913289324537,0.145768715058793,0.9955,-0.00799999999999983
0.005,4.00839677218569,3.96729462722544,0.0990277777777778,4.12011587754918,0.0416341237721181,0.261372608583979,0.117918098712245,0.143454509871734,0.995451622090766,-0.00802420029279613
0.01,4.00562444308048,3.95498582577282,0.0980780453147208,4.12083087465986,0.0415622050023012,0.281387311671637,0.140217824244382,0.141169487427255,0.995409004984278,-0.00801615919764876
0.015,3.98443681029127,3.97513635454633,0.0971566682589624,4.12160695372413,0.0414931951061385,0.249342674233609,0.110407431666563,0.138935242567046,0.995376087156748,-0.00795548531382171
0.02,3.99403063246571,3.94180190233337,0.0962730875895639,4.12225629058528,0.0414262982915762,0.305908355711349,0.16912195845529,0.136786397256059,0.995328781214585,-0.00798296053772806
0.025,4.00037983510177,3.91466986870736,0.0954082566196283,4.12309136831221,0.041362726986204,0.36231024632052,0.227650745525705,0.134659500794816,0.995283237157382,-0.00800108182883601
0.03,4.02978941309408,3.84897630426005,0.0945634357166335,4.12407984899059,0.0413023538016526,0.532725104546718,0.400165030752999,0.132560073793718,0.995226394946375,-0.00808480521164834
0.035,4.01747637096009,3.85488646679688,0.0937254535692086,4.12545698795205,0.0412461393602378,0.520990257618587,0.390547093293736,0.13044316432485,0.995190004708117,-0.00804957618445325
0.04,3.99306546991808,3.88091510424857,0.092916805174246,4.12679856859446,0.0411924099561384,0.453725809857241,0.32533769281756,0.128388117039681,0.995160425157038,-0.00798041345235583
0.045,3.98208393418368,3.88411701425958,0.0921425343316828,4.12798080538497,0.0411406161379084,0.449118944959168,0.322704107573026,0.126414837386143,0.9951252199931,-0.00794955953408146
0.05,3.9788802990981,3.87457711330747,0.0913941743725548,4.12914044666645,0.0410912376251764,0.479017697036817,0.354521998451889,0.124495698584928,0.995086832456562,-0.00794069369844335
0.055,3.94211388449012,3.9194947002239,0.0906667884898881,4.13035621730362,0.0410445551778457,0.367812530845349,0.245197718622842,0.122614812222507,0.995065714432422,-0.00783825091058886
0.06,3.93132259325926,3.92187640452722,0.0899760005619926,4.13128782289063,0.0409991582878912,0.364523125455558,0.243693550875038,0.120829574580519,0.995033005045625,-0.00780866097765717
0.065,3.90498107279077,3.94866799750082,0.0893076332260746,4.13219781613035,0.0409560149268775,0.307671125560381,0.188579593420194,0.119091532140187,0.995008746440282,-0.00773632361354684
0.07,3.90134450930187,3.93960680365432,0.0886680556824142,4.13292991498339,0.0409144436519205,0.328176555087437,0.210751352819874,0.117425202267563,0.994974219279998,-0.00772685043119678
0.075,3.9004643899132,3.9264948579438,0.0880456294149494,4.13371110873635,0.0408753042843131,0.359632984970353,0.243842737441055,0.115790247529298,0.994938781569949,-0.00772496788210245
0.08,3.88444910052221,3.93673561811121,0.0874385412844695,4.13456880339328,0.0408386913590442,0.337983817075617,0.223802734034189,0.114181083041428,0.994911303500533,-0.00768168280533807
0.085,3.90820158410208,3.88673485440167,0.0868529931937019,4.13535205549208,0.0408039693914575,0.468455385225879,0.355834096242237,0.112621288983642,0.994864730621204,-0.00774715880596719
0.09,3.89545634368236,3.89237981536054,0.0862708527730743,4.13645604301387,0.0407727272671071,0.456314135412025,0.345268436502998,0.111045698909027,0.994836141634295,-0.00771283847639651
0.095,3.89444207861927,3.88039779677952,0.0857079293373879,4.1375184423548,0.0407435147460463,0.495188716860303,0.385676254765201,0.109512462095102,0.994802389603732,-0.00771058725717903
0.1,3.85723493515546,3.92232788906881,0.0851585520814354,4.13865596432859,0.040716774608057,0.382770703766953,0.274768857629535,0.108001846137418,0.99478712171538,-0.00761025881512185
0.105,3.8293746325714,3.94951790665555,0.0846373114043781,4.13950811270251,0.0406910091641593,0.319809532468487,0.21324093236672,0.106568600101767,0.994768508634375,-0.0075358580606444
0.11,3.8104094540456,3.96326651030102,0.0841391281024097,4.14016855595618,0.0406665020730904,0.291163533966645,0.185967780168169,0.105195753798476,0.994746510709673,-0.00748574426870881
0.115,3.78991270807054,3.97892198056718,0.0836595115491452,4.14072513400456,0.0406435429078652,0.260337168219544,0.156469120949276,0.103868047270268,0.994726097586309,-0.00743180153029865
0.12,3.78389683197691,3.97385498856528,0.0831983493682955,4.14116281586559,0.0406220160043741,0.270810141813356,0.168223944876826,0.10258619693653,0.994699290431696,-0.00741661078309866
0.125,3.82012273374083,3.90978031910862,0.0827494113984432,4.14162272257235,0.0406024596976057,0.426109116609449,0.324781162400207,0.101327954209242,0.994651833486578,-0.00751388652156207
0.13,3.83617213330776,3.87443089730608,0.0822962833680363,4.14251579032827,0.0405865873523495,0.536683369777232,0.436651006129369,0.100032363647863,0.994613866269668,-0.00755740893036408
0.135,3.83490274093494,3.86378986844272,0.0818468613841485,4.1436484622614,0.0405736576443519,0.577188307264968,0.478459596431999,0.0987287108329686,0.994584475858142,-0.00755465023427052
0.14,3.79597221333153,3.90586211100386,0.0814076388196011,4.14485160834073,0.0405629974280271,0.448243844903626,0.350802336644957,0.0974415082586685,0.994574277104441,-0.00745183576401858
0.145,3.72945971687618,3.98476157984679,0.080992193294147,4.14575474710814,0.0405530567247397,0.256230458540182,0.160008013431065,0.0962224451091171,0.994579179095037,-0.00727732250179892
0.15,3.71032461608484,3.99754678843512,0.0806092727088848,4.14609026173651,0.0405426051275741,0.231971128773761,0.136864920864162,0.0951062079095994,0.994562353383668,-0.00722812030629016
0.155,3.72458294283741,3.96570868199024,0.0802407864033421,4.14632024376214,0.0405334179333211,0.297292800160785,0.203266553755546,0.0940262464052385,0.994529588018171,-0.00726625011712629
0.16,3.69918392001212,3.98687069339477,0.0798747367636162,4.14676458222076,0.0405268146785267,0.252976137128852,0.160038434677776,0.0929377024510761,0.994516586656247,-0.00720085110490317
0.165,3.67205867516076,4.0098751521725,0.079524679701921,4.14704321696711,0.0405212036966368,0.21018935998447,0.118297100158237,0.0918922598262337,0.994505349946351,-0.00713130581068246
0.17,3.65564098862601,4.01851686255264,0.0791905979110971,4.14713993703973,0.0405164511374691,0.19534697184215,0.104456183732082,0.0908907881100679,0.99448968673672,-0.00708975016578092
0.175,3.66227256428696,3.99735969651046,0.0788683870516947,4.1471568775737,0.040512928997447,0.232175715537689,0.142257223035283,0.0899184925024064,0.994463155552365,-0.00710777099885234
0.18,3.67003098361513,3.97499650417614,0.0785501766443511,4.14731213186283,0.040511541201379,0.277950332927799,0.189004511597068,0.0889458213307314,0.994436162254393,-0.0071286753226258
0.185,3.68074614320116,3.94909144027204,0.0782355351149282,4.14761675005922,0.0405123494797766,0.339853602027812,0.251882335617694,0.0879712664101177,0.994407764947281,-0.00715719454664926
0.19,3.6604584377808,3.96312885539777,0.0779234565698307,4.14809926726853,0.0405154938090914,0.306527387362842,0.219536290956097,0.0869910964067447,0.994394872954333,-0.00710569613682575
0.195,3.68707517566692,3.91745479139943,0.0776238042489126,4.14846527798189,0.0405197302812566,0.429789876613949,0.343746647226533,0.0860432293874167,0.994359271661801,-0.0071751268240201
0.2,3.67296912753584,3.92383423584007,0.0773213966024155,4.14915932588946,0.040526933121494,0.413384024556287,0.328314014210272,0.0850700103460145,0.994343651598103,-0.00713954608994175
0.205,3.64935117369779,3.94211964130385,0.077029172427174,4.1497958359584,0.0405354989306873,0.364075879206669,0.279954986320095,0.0841208928865739,0.994333381863068,-0.0070796586483432
0.21,3.65742582324965,3.92046972055036,0.0767497545512008,4.15028427563811,0.0405450050526743,0.427277484034378,0.344071000871713,0.0832064831626645,0.994308076155241,-0.0071011565134546
0.215,3.67603518898321,3.88589985144406,0.0764730517707232,4.15092448073927,0.0405566963062143,0.541522632598485,0.45923402104867,0.0822886115498154,0.994277556590397,-0.00714968766762087
0.22,3.61865586296326,3.94652669807015,0.0761958138906168,4.15181672760928,0.0405710271197387,0.357905480681593,0.276550600855038,0.0813548798265549,0.994284835815545,-0.00700365248815147
0.225,3.6320058173148,3.91880253482677,0.0759409787218002,4.15223992003876,0.0405849261524896,0.439278765550498,0.35878529439447,0.0804934711560278,0.994258342621593,-0.00703845730656788
0.23,3.63623662180594,3.90248734580757,0.0756868052272366,4.15286276542079,0.0406011620761019,0.493748487966512,0.414126680061912,0.0796218079046006,0.994236327524815,-0.00704999949584828
0.235,3.62953863788524,3.89971839584672,0.0754359987445508,4.15360030729494,0.0406193958639007,0.505973554755108,0.42722324906753,0.0787503056875779,0.994219908984664,-0.00703367386987324
0.24,3.59211135426906,3.9343845923928,0.0751916946236291,4.15434975221572,0.0406391923247544,0.399633294830793,0.321742127093366,0.0778911677374262,0.994219240796067,-0.00693940165281742
0.245,3.53410662976446,3.99299853218497,0.0749625593895862,4.15482165036589,0.0406592752844055,0.251743455552478,0.174665338210383,0.0770781173420955,0.994229949940285,-0.00679393077721199
0.25,3.51291676752456,4.00667353304214,0.0747537626974498,4.15482524281548,0.040678711690038,0.223140222819065,0.146808189425845,0.0763320333932207,0.994223777743999,-0.00674158935357321
0.255,3.51967471813217,3.98750556954204,0.0745543671474629,4.15470451089636,0.0406988832808403,0.26309555696038,0.187483893027432,0.0756116639329487,0.994204298918693,-0.00675925882639176
0.26,3.50535822679323,3.9930850725927,0.0743564901578839,4.15471596248322,0.0407208955576711,0.250557774217733,0.1756709099053,0.0748868643124337,0.994195394564577,-0.00672421319548908
0.265,3.46556662580535,4.02809757730389,0.0741658311546335,4.15466630443942,0.0407439000854639,0.182178585387611,0.107998807802132,0.0741797775854796,0.994199732604545,-0.00662588078780089
0.27,3.44059170877968,4.04543145144673,0.0739889705647457,4.15432206533193,0.0407668169639691,0.153644252455169,0.0801279278640518,0.0735163245911175,0.99419771656604,-0.00656472510464528
0.275,3.46497904954277,4.00662255168248,0.0738215470436788,4.15381943921001,0.0407901692101218,0.219632302931675,0.14675202949197,0.072880273439705,0.994171729256586,-0.0066258401660581
0.28,3.46187841733659,3.9991756420366,0.0736504635705291,4.15360427498489,0.0408159419305593,0.234122315587612,0.161901239436466,0.0722210761511455,0.994159119615346,-0.00661885840124032
0.285,3.4675902382505,3.98182601857174,0.0734829714167528,4.15342923038039,0.0408430607958629,0.27193737342203,0.200370655508977,0.0715667179130535,0.994142337114997,-0.00663370778584652
0.29,3.50048505523071,3.93383845717119,0.0733167146581672,4.15337411980504,0.0408718882819209,0.399591133095336,0.32868294353335,0.0709081895619856,0.99411200290853,-0.00671608667616325
0.295,3.50351434638969,3.9199469732795,0.0731446147473549,4.15368607639778,0.0409035684662408,0.443683536059781,0.373465418576923,0.0702181174828582,0.994096046912529,-0.00672429312414056
0.3,3.47609090457012,3.94087081368786,0.0729745587725803,4.15409537888239,0.0409369481085956,0.381037451072367,0.311510723511783,0.0695267275605833,0.994095421887992,-0.00665685285493874
0.305,3.4474098514464,3.96283969858946,0.0728143574839067,4.15432339730396,0.0409707784317153,0.320641570672684,0.251777315218991,0.0688642554536927,0.994096195221038,-0.00658657149215596
0.31,3.45821700721599,3.94035839682365,0.0726640186853925,4.15435917783191,0.0410049488577705,0.383355085223849,0.315123874929241,0.0682312102946085,0.994078005276483,-0.00661389282550401
0.315,3.45131119184496,3.93780870115181,0.0725133560543867,4.15456027061584,0.041041038484476,0.391537535931597,0.323948893152043,0.0675886427795533,0.994068591085165,-0.00659747074018927
0.32,3.42139932475007,3.9608794835095,0.0723668296808638,4.15476682216749,0.0410783433888425,0.326688071899094,0.259734330339309,0.0669537415597856,0.994070981779461,-0.00652444507190784
0.325,3.40653009354393,3.96697817284696,0.0722300364850285,4.154770521895,0.0411158971961015,0.310470877250059,0.24412258443405,0.0663482928160086,0.994066639803085,-0.00648855902823976
0.33,3.39150270345708,3.97316738425635,0.0720990148518356,4.15470724501704,0.0411542633320772,0.294309249651481,0.22855181248135,0.0657574371701303,0.994062831883774,-0.00645235608414978
0.335,3.3960553614544,3.95799415820738,0.0719736584546342,4.15457546448096,0.0411934077057356,0.333641795346993,0.268460786946004,0.0651810084009885,0.994049684889926,-0.00646406607510064
0.34,3.41099610289527,3.9316549904209,0.0718491296568563,4.15454982797714,0.0412341197169402,0.410339664147173,0.34573911226552,0.0646005518816528,0.994031378064531,-0.0065012113886108
0.345,3.38357514736329,3.95158432230144,0.0717229188122846,4.15472335867731,0.0412768515602393,0.351679238512769,0.287672816326114,0.0640064221866544,0.994034067321073,-0.00643471937758763
0.35,3.36874495001565,3.95759167148366,0.0716052090060048,4.1547173090091,0.0413198747422674,0.334776344084581,0.271338618441519,0.0634377256430623,0.994031168527571,-0.00639910957760755
0.355,3.33915333009784,3.97934470187374,0.0714927906381992,4.15464435842444,0.0413636601756095,0.277799042172944,0.214916562302822,0.0628824798701224,0.994036082381367,-0.00632772692917051
0.36,3.33228999924647,3.97660107792026,0.0713889687606877,4.15437334649455,0.0414075627618091,0.283697220596305,0.221343577464955,0.0623536431313507,0.99403036010737,-0.00631160067580382
0.365,3.31323743749614,3.98677436588467,0.0712882700253125,4.15410537507358,0.0414524754641674,0.258213907239923,0.196383406598569,0.061830500641354,0.994030982343247,-0.00626600852058311
0.37,3.28550203616153,4.00591754715937,0.0711934180299612,4.15373297024111,0.0414978786043821,0.214774638724782,0.153450978373028,0.0613236603517532,0.994036439945744,-0.00619961419144075
0.375,3.27773557723612,4.00398101244314,0.0711062209406193,4.15318006916948,0.0415433713845987,0.217369255537998,0.156528910083841,0.0608403454541572,0.994032572008811,-0.00618139052335132
0.38,3.2521666572757,4.02050556057789,0.0710220153728046,4.15262110168126,0.0415897389290618,0.183243936746984,0.122881025759519,0.0603629109874646,0.994037853161507,-0.00612048636310848
0.385,3.2596588921082,4.00282775987409,0.0709446836357286,4.15190116752742,0.0416362214613671,0.216527620234549,0.156621185200313,0.0599064350342364,0.994027200553395,-0.00613885571749964
0.39,3.27350603248873,3.97871925306357,0.0708667906644634,4.15130627092685,0.0416841637618653,0.269599378137948,0.210156819969254,0.0594425581686948,0.994013305131152,-0.00617249172441087
0.395,3.28453255210864,3.95761116937653,0.0707869414755496,4.15089175740728,0.0417338595272432,0.322837913275504,0.263872014603235,0.0589658986722691,0.994000629000676,-0.00619940372142274
0.4,3.28085582331317,3.95179734112312,0.0707057874005173,4.15063400201003,0.0417852297179835,0.338060083338668,0.279581199546667,0.0584788837920015,0.993995170862586,-0.00619099203354849
0.405,3.28647535698672,3.93645230732506,0.0706266052566107,4.15040565497734,0.041837686030216,0.382064735653496,0.324070757792313,0.0579939778611829,0.993985225726126,-0.00620491058413013
0.41,3.25423261208701,3.96026490241474,0.0705473113620016,4.15028744721192,0.0418916233470128,0.313420694212102,0.255917389579267,0.0575033046328353,0.99399418560735,-0.00612799564843506
0.415,3.25233840556006,3.95268371145501,0.0704762037904614,4.14994994214776,0.0419454566009331,0.333117210515388,0.27607875906189,0.0570384514534983,0.993988696868356,-0.00612384713001241
0.42,3.20608277049995,3.99035817970446,0.070406503850456,4.14965636960151,0.0420004110053467,0.236783946051898,0.180210008427457,0.0565739376244412,0.994005503629912,-0.00601392064109191
0.425,3.18491659120864,4.00202978406012,0.070347685873333,4.14902348111954,0.0420546033394746,0.209719867264839,0.153573971246912,0.0561458960179269,0.994010742798881,-0.00596400947117943
0.43,3.14089391678633,4.03629428544128,0.070294132597458,4.14826834744916,0.0421090066824846,0.144917170654729,0.0891837632761181,0.0557334073786104,0.99402788076297,-0.00586027905380513
0.435,3.12715022292467,4.04011788900361,0.0702504390105824,4.14719686841122,0.0421626069141554,0.136961639184545,0.0816073749321807,0.0553542642523641,0.994030770968963,-0.00582818745110589
0.44,3.09228094224032,4.06452193182828,0.0702101349971626,4.14606608948593,0.0422166081197156,0.102338089251565,0.0473539158439483,0.0549841734076163,0.994044528454126,-0.00574661878082734
0.445,3.06915141505139,4.07715096647396,0.070177412642553,4.14469885888455,0.0422700846929771,0.0871477731475049,0.0325084496371514,0.0546393235103535,0.994053104672028,-0.00569276745120738
0.45,3.09347413122105,4.04417169136369,0.0701497259320352,4.14319400481683,0.0423234711992539,0.124199525540693,0.0698892150420648,0.0543103104986278,0.99403841249811,-0.00574978852626332
0.455,3.09339694013829,4.03469055959732,0.0701175399564958,4.14194380872171,0.0423787605780695,0.135989235402037,0.0820284015588268,0.05396083384321,0.994035506492067,-0.00574980841801886
0.46,3.09065864188428,4.02783933214769,0.0700857826452299,4.14074745297024,0.042434966745394,0.144556967730714,0.0909474308948624,0.0536095368358511,0.994033967606113,-0.00574359828400272
0.465,3.04116118853362,4.06605577191491,0.0700549803010952,4.13958277754098,0.0424919838496491,0.0918439840904771,0.0385855547535588,0.0532584293369183,0.994055893225783,-0.00562836869215911
0.47,3.06221874346963,4.03658791822166,0.0700343452414539,4.13806144088383,0.0425478011962869,0.12645566410663,0.0735130439641415,0.0529426201424886,0.994043471807706,-0.00567751076959695
0.475,3.06146959490102,4.02789872922219,0.0700098390163613,4.13676543282879,0.0426053612673506,0.137254040131092,0.0846449536285789,0.0526090865025131,0.994041597230126,-0.00567592134267189
0.48,3.04267299342171,4.03646050614178,0.0699857892573487,4.13551651020004,0.0426637772038804,0.122374726008063,0.0701006021658851,0.0522741238421776,0.994048786741519,-0.00563233061241082
0.485,3.07564610452843,3.99591299890417,0.0699657224854165,4.13416586932609,0.042722275954061,0.18854553565874,0.136594431536703,0.0519511041220362,0.994030456041919,-0.00570926658334261
0.49,3.09823582986061,3.96513156775498,0.0699394347234722,4.133138222457,0.0427830667493039,0.253392163138189,0.201790564477421,0.0516015986607683,0.994016743722653,-0.00576224443229153
0.495,3.04370517712563,4.00860873958374,0.0699089963967907,4.13235093197884,0.042845781329499,0.160747994097611,0.109514733209997,0.0512332608876144,0.994041207629812,-0.00563522661446378
0.5,3.06831171122383,3.97617601311982,0.0698896864406111,4.13116451047908,0.0429071306955294,0.222755779305364,0.171852497393098,0.0509032819122659,0.994027125888263,-0.00569263597433363
0.505,3.03421274318713,3.99965129269402,0.0698658070602183,4.13023239152061,0.0429704448102837,0.172583002755569,0.122029817504737,0.0505531852508326,0.994041974687727,-0.00561345872948478
0.51,3.04904115363482,3.97660418886041,0.0698488756045696,4.12907207770857,0.0430332309690487,0.216631323431046,0.166405378244155,0.0502259451868912,0.994032999195619,-0.00564802075402257
0.515,3.02541196113974,3.98999935798676,0.0698292778536706,4.12808517138721,0.043097557287046,0.186416626865499,0.136530782277468,0.0498858445880317,0.994043005694653,-0.00559328227278268
0.52,3.03110676946002,3.97566303949511,0.0698144962025801,4.12695672280483,0.0431617863176517,0.213493573023138,0.163932849583285,0.0495607234398523,0.99403879385722,-0.00560658570102485
0.525,3.01383884272934,3.98298951346357,0.0697988001697741,4.12592647763235,0.0432271583210888,0.195585592939953,0.146356210107428,0.0492293828325252,0.994045978351871,-0.00556667509911303
0.53,2.99059037117552,3.99581303005609,0.0697866134194197,4.12480692680748,0.0432926895425732,0.168124705086967,0.11921645559088,0.0489082494960863,0.994056476738126,-0.00551303186783531
0.535,2.99808840000822,3.9799296568003,0.0697789966741685,4.12354942496827,0.0433580891656662,0.196401161841953,0.14779975918067,0.0486014026612824,0.994052023865631,-0.00553039121314082
0.54,3.02103201065898,3.94974594795254,0.0697700518749937,4.12240308467188,0.0434246669307604,0.26192091109348,0.213633830411465,0.0482870806820153,0.994039725281487,-0.00558352072307577
0.545,3.01945386962761,3.94250026583697,0.0697568409623349,4.12149340929918,0.0434931289242732,0.277598857430197,0.229644469019058,0.0479543884111394,0.994039292863216,-0.00557995208987998
0.55,3.00316095572844,3.94907813575973,0.0697440947578266,4.12062224053515,0.0435624549970669,0.258587473645392,0.210966820813879,0.0476206528315126,0.994046260359951,-0.00554234264162601
0.555,2.97859331585793,3.96327548510124,0.0697346115544501,4.11966960006111,0.043632002158721,0.222669057389154,0.175372879040021,0.0472961783491328,0.994057666751358,-0.00548572562581719
0.56,2.96577402213469,3.96641335606913,0.0697298830058424,4.1185683439437,0.0437013784672761,0.212992441622018,0.166005873931921,0.0469865676900967,0.994063638802517,-0.00545625668188567
0.565,2.96743250667359,3.95620623574059,0.0697276108865464,4.11741365237762,0.0437710601129304,0.233036057949161,0.186352514078456,0.0466835438707054,0.994062599269617,-0.00546008593855212
0.57,2.961107513572,3.95339705306169,0.0697250562699902,4.11632179765391,0.0438416712547891,0.236728161483344,0.190351028887323,0.0463771325960205,0.994065525313305,-0.00544556333265246
0.575,2.95376006504469,3.95154596814636,0.0697237116054788,4.11522860565916,0.0439128708962975,0.238202589192274,0.1921298020876,0.046072787104674,0.994069074569748,-0.00542869769425509
0.58,2.96164658455475,3.9357630537963,0.069723748637124,4.11412572145415,0.0439846097776374,0.2739089417807,0.228137771102912,0.0457711706777879,0.994065134737862,-0.00544681101098669
0.585,2.91327109964597,3.97167098534897,0.0697223191611226,4.11313504381152,0.0440575611561173,0.188974670573501,0.143512723597518,0.045461946975983,0.994089190156862,-0.00533601688115317
0.59,2.85689295363327,4.0139826887016,0.0697298144221251,4.11180528619509,0.0441292402514138,0.113799608447537,0.0686167076427512,0.0451829008047857,0.994118072989364,-0.00520774355556195
0.595,2.87292294598727,3.99110150985209,0.0697473513859599,4.11007629583068,0.0441991931069823,0.146411967705452,0.101473385134901,0.0449385825705514,0.994111680627631,-0.00524397409304928
0.6,2.85537630872642,3.99812808982566,0.0697618371915122,4.10851854536957,0.0442705513978248,0.132021875127696,0.0873403938727935,0.0446814812549027,0.994121793652364,-0.00520407528199824
0.605,2.87143310162466,3.97531424599292,0.0697792824527499,4.10686957418702,0.0443418525156719,0.168444489156608,0.124011051474882,0.0444334376817255,0.994115377926195,-0.00524036165610729
0.61,2.89816122067345,3.94300276101634,0.0697936718561182,4.10539182756048,0.0444145785341536,0.233088117582672,0.188915472074898,0.0441726455077744,0.994103343441407,-0.00530105004016766
0.615,2.90217226327843,3.93100802817045,0.0698030860975446,4.10416989814211,0.0444892542397531,0.258675118362782,0.214783005225443,0.0438921131373391,0.994102207495362,-0.00531012545979192
0.62,2.89075549985409,3.93295748442831,0.0698116641864919,4.10302664341847,0.0445649235843239,0.250760563233238,0.207153913150943,0.0436066500822953,0.994108708014339,-0.00528405563151492
0.625,2.8724413829726,3.94106826192348,0.0698222113030156,4.10184027552271,0.0446409088413026,0.228422423401567,0.185096116797108,0.0433263066044591,0.994118838771654,-0.0052423418945821
0.63,2.86913175949293,3.93569719590926,0.0698359324668825,4.10055635799017,0.0447168832412444,0.237644001136875,0.194588533165993,0.0430554679708824,0.99412175986684,-0.00523472937727768
0.635,2.88496229292017,3.91331530349351,0.0698500902732183,4.09929263377709,0.044793497106031,0.290368696135747,0.247584271144954,0.0427844249907938,0.994115150658455,-0.00527059861708186
0.64,2.86081144703607,3.92675194841511,0.0698612426065943,4.09819889881976,0.0448716225832573,0.252875471187782,0.210374563250912,0.0425009079368699,0.994128254511971,-0.00521567168333062
0.645,2.88103285212625,3.90057267366963,0.0698766000861401,4.09696167155867,0.0449494864720199,0.318207285516355,0.275976782244092,0.0422305032722636,0.994119559487114,-0.00526147267396026
0.65,2.87519258820657,3.89768404836875,0.0698881576121234,4.09592814142581,0.0450290679832725,0.323113574174963,0.281168668446911,0.0419449057280514,0.994123544600503,-0.00524811639236115
0.655,2.89216177397131,3.87444325648272,0.0699006344294884,4.09489497066174,0.0451092327722559,0.389289603108988,0.347628878343695,0.0416607247652924,0.994116209302899,-0.00528662367274324
0.66,2.90202090219534,3.85759462363675,0.0699099046364386,4.09404090911535,0.0451910217995695,0.441212708963281,0.399849250312727,0.0413634586505545,0.994112133393252,-0.00530902401698765
0.665,2.88483166833429,3.86517965588853,0.0699172757225406,4.09331099654378,0.0452741582080936,0.413239685455433,0.372182039784366,0.0410576456710671,0.994121406621019,-0.00526982117160829
0.67,2.89272836901747,3.85017765390934,0.069927682039624,4.09249211106351,0.0453574340308563,0.46059633395069,0.419835853508245,0.0407604804424451,0.994118416073115,-0.00528772143335551
0.675,2.89818052534987,3.83742205035652,0.0699365382352135,4.09178152828248,0.0454419756176537,0.503009301927156,0.462553234999787,0.0404560669273689,0.994116504898948,-0.00530008022534101
0.68,2.89130500117242,3.83582364732011,0.0699443011115943,4.09116032299272,0.0455276996129233,0.5062083734415,0.466062401849737,0.0401459715917627,0.994120656793404,-0.00528436171199882
0.685,2.88863552500617,3.83045311777488,0.0699532244608442,4.09053145838428,0.0456140610528763,0.523309201801864,0.483471232208924,0.0398379695929394,0.994122812223737,-0.00527822056448576
0.69,2.88895811760009,3.82242897041792,0.0699625295545277,4.08992792579512,0.0457012507170244,0.550915228951346,0.511385820263431,0.0395294086879143,0.994123506506255,-0.00527888852038123
0.695,2.87853833254672,3.82409941833048,0.069971669218775,4.08937318238059,0.0457894130932744,0.542066011014309,0.502847585880027,0.039218425134282,0.994129556545273,-0.00525512006223154
0.7,2.84656363635297,3.84504280873751,0.0699825901562019,4.08878270016492,0.0458780622335839,0.463368218872086,0.424456529405696,0.0389116894663907,0.994146547492291,-0.0051825140762399
0.705,2.81491627757575,3.86532552096661,0.0699991178448677,4.08798725786219,0.0459661839833988,0.392757158968837,0.354134813436041,0.0386223455327956,0.994163889417373,-0.00511091953415927
0.71,2.81368778078775,3.85861213859069,0.0700210482360119,4.08699055231908,0.0460537333444812,0.410785750869773,0.372435868721202,0.0383498821485713,0.994166517101243,-0.00510798864859446
0.715,2.81571287310171,3.8490874398999,0.0700429516933535,4.08602842195438,0.0461420713123083,0.438837312306404,0.400761444368627,0.0380758679377765,0.994167514259275,-0.00511238996207043
0.72,2.79839688209565,3.85656107133877,0.0700642579715346,4.08512590055774,0.0462313587941913,0.410612426003543,0.372814061465685,0.0377983645378581,0.994178125960463,-0.00507324834031041
0.725,2.78214801834174,3.863006670214,0.0700883573924088,4.08413377225344,0.0463207054189343,0.386354269953093,0.348825376107742,0.0375288938453504,0.994188458787117,-0.00503657050364978
0.73,2.77748279910534,3.85933024883985,0.0701150133739604,4.08306033804887,0.0464101342345331,0.394217047634138,0.356950319259776,0.037266728374362,0.994193232298435,-0.00502590567584308
0.735,2.73492967772959,3.88846839235742,0.0701421860669153,4.0819942473572,0.0465001655534394,0.303978848877031,0.266973833105689,0.037005015771342,0.994216995166834,-0.00493056283920865
0.74,2.68813744753625,3.92059430130525,0.0701763378203913,4.08064601851697,0.0465890145460235,0.219281276775498,0.182515595555749,0.0367656812197481,0.994243513444573,-0.00482633149682918
0.745,2.68347115205582,3.91665843930221,0.070217952346061,4.07898615869086,0.0466763986688091,0.224182796323161,0.187632133959531,0.0365506623636302,0.99424964689861,-0.00481567408279471
0.75,2.68212131648151,3.90996702745088,0.0702599079020778,4.07733189085989,0.0467642202264354,0.235674379833485,0.199338416034905,0.0363359637985803,0.994254148708854,-0.00481235722215179
0.755,2.73686244784633,3.85633149146139,0.070301653930193,4.07570778148609,0.0468526367936643,0.378401549821448,0.342281823645226,0.0361197261762215,0.994230581390391,-0.00493364669765021
0.76,2.72619015498063,3.85784372860392,0.0703337861408293,4.07453112796936,0.0469443196565481,0.369660278823561,0.333790000653074,0.0358702781704867,0.994238841847973,-0.00490961481697487
0.765,2.70585705085656,3.86756679434127,0.0703673899726015,4.07331541476963,0.0470362866288539,0.336420897775222,0.300796255372383,0.0356246424028389,0.994252063784572,-0.00486413605435097
0.77,2.67957451989076,3.88218752115409,0.070404069216331,4.07198782164705,0.0471280648502859,0.291226794162961,0.255838579134749,0.0353882150282119,0.994268536733128,-0.00480558867970056
0.775,2.68688661263503,3.86840617916348,0.0704447509069286,4.0705040814341,0.0472193366371294,0.325062023311929,0.28989783891879,0.0351641843931394,0.994268571865763,-0.00482145713867523
0.78,2.69629949047123,3.85289209108155,0.0704837973637633,4.06911459934952,0.0473116634349061,0.366585768347708,0.331651917393176,0.0349338509545323,0.994267404228431,-0.00484201604781568
0.785,2.65394909573365,3.88112819246994,0.0705208652519592,4.06783527303435,0.0474051728214396,0.281853649372189,0.247157588100622,0.0346960612715663,0.994291935282689,-0.00474806429391575
0.79,2.63616458649148,3.88831539238661,0.070564576920728,4.06628003366993,0.047497409394901,0.258893728803638,0.224414394085304,0.0344793347183339,0.994304780343548,-0.00470855040923267
0.795,2.6387621868503,3.87855447271352,0.0706107528481882,4.06463268828378,0.0475894744151599,0.279452955363053,0.245182928330027,0.0342700270330263,0.994307651874663,-0.00471389634131567
0.8,2.6158725560787,3.88993760359252,0.0706560392668496,4.06304304395211,0.0476823231811032,0.246108984383642,0.212051891055732,0.0340570933279102,0.994323181391882,-0.00466324646403991
0.805,2.62815528683599,3.87225677790837,0.0707045881557641,4.06132388810507,0.0477747402500017,0.286641024864125,0.252786792841379,0.0338542320227455,0.994321413182034,-0.00468982212393609
0.81,2.63117651737963,3.86223374247001,0.0707506586404573,4.05973241730524,0.0478683898653752,0.30929887667965,0.275656278762682,0.0336425979169683,0.994324046924258,-0.00469609366009999
0.815,2.60711327396524,3.87465695806944,0.0707957725509752,4.05820136219816,0.0479628597479912,0.271354836781938,0.237927683201056,0.0334271535808823,0.994340131625957,-0.00464291827627943
0.82,2.60972931432791,3.86500193235758,0.0708443438896654,4.05653227342112,0.0480568506462488,0.292127052891053,0.258904730665929,0.0332223222251239,0.994343181534063,-0.0046482595499979
0.825,2.59146330384767,3.87254247493864,0.0708920084004669,4.05491990547515,0.0481516205993916,0.267606855649191,0.234592924643972,0.0330139310052193,0.994356585299545,-0.00460788668646836
0.83,2.5618019655874,3.88928336942985,0.0709421468685429,4.05321219051227,0.0482461668539197,0.22221137977447,0.189398401145568,0.0328129786289029,0.994375902203134,-0.00454276454380338
0.835,2.56406343227171,3.8799450065323,0.0709965239685403,4.05132675853131,0.0483399035439644,0.239478411606871,0.206853119536304,0.032625292070567,0.994379629801273,-0.00454724396368767
0.84,2.52271194332741,3.90592723786301,0.0710500137954629,4.0494940092355,0.0484343414019857,0.177482943583657,0.14504865475225,0.032434288831407,0.994405077348174,-0.00445700784676759
0.845,2.51525597545889,3.90433571384136,0.0711094834083022,4.04740045109146,0.0485273549974021,0.176177837392279,0.143915537446088,0.0322622999461911,0.99441410216089,-0.00444038046672716
0.85,2.50417647666242,3.90562857522502,0.0711695450766057,4.04528933405355,0.0486205336652765,0.169124786147835,0.13703282447265,0.0320919616751844,0.994424982487418,-0.00441593669846757
0.855,2.51205091573753,3.89188573841296,0.0712307523461636,4.04313486849852,0.0487136930489777,0.192503903116696,0.160578813210246,0.0319250899064505,0.994426478444194,-0.00443244276247883
0.86,2.48464347819538,3.90622411735873,0.0712901616513647,4.04107089125342,0.0488077552003773,0.159284856851235,0.127532691809086,0.0317521650421494,0.994445446817233,-0.00437280681578702
0.865,2.49313115249087,3.89205934254504,0.071353240422822,4.03884789598919,0.0489010016288534,0.182578233226438,0.150987392405344,0.0315908408210939,0.994446783214455,-0.0043905703058899
0.87,2.51167166695473,3.86996578342987,0.0714144234284927,4.03671880988343,0.0489951631537249,0.226107789733974,0.194684564381218,0.0314232253527553,0.994442916065702,-0.00443009703644196
0.875,2.48084486718417,3.88717594634621,0.0714721491174554,4.03475466567179,0.0490907661697333,0.18360768487733,0.152363393760459,0.0312442911168708,0.994463418775093,-0.00436310441614197
0.88,2.49170034787411,3.87122224270899,0.0715341113715071,4.03260724623072,0.0491854041399345,0.213125460837425,0.182046850532919,0.0310786103045062,0.994463444715281,-0.00438597469950206
0.885,2.49260567068184,3.86315924610791,0.07159381598649,4.03057000233037,0.0492810992003636,0.226637237157299,0.195731718674322,0.030905518482977,0.994468238095332,-0.00438742848862834
0.89,2.49325773627124,3.85532905295024,0.0716528181749408,4.02857338177412,0.049377387098167,0.240167600451057,0.209437662286787,0.0307299381642697,0.994473087795327,-0.00438834233220784
0.895,2.49280624448498,3.84840674568543,0.0717111630017402,4.02661557372395,0.0494742669579007,0.251984659095832,0.221432654704626,0.030552004391206,0.994478423234442,-0.00438688132725965
0.9,2.49163939433822,3.84208280468228,0.0717690282501538,4.02468878120759,0.0495716947943119,0.26267960154125,0.232307330026384,0.0303722715148653,0.994484066146742,-0.00438388129568423
0.905,2.47546146921687,3.84771761708871,0.0718265302296711,4.02278791547252,0.0496696437330041,0.243549656001015,0.213358554827788,0.0301911011732277,0.994497174758375,-0.00434854792444736
0.91,2.48730515256707,3.83113055317427,0.071886012857626,4.02080740142542,0.0497673659683235,0.280254420254346,0.250238574461926,0.03001584579242,0.994496437016789,-0.00437355798270525
0.915,2.46280147903764,3.84343146948299,0.0719430906680204,4.01894337539777,0.0498662500642539,0.243921684965904,0.214088864071618,0.0298328208942858,0.994513655306565,-0.00432035136527249
0.92,2.44637746556752,3.84916970480305,0.0720034482848106,4.01694125128325,0.0499644949476867,0.225117664977797,0.19545794318781,0.0296597217899868,0.99452711058316,-0.0042846062612429
0.925,2.40779063454444,3.8721781240247,0.072065777823391,4.01485796642063,0.0500624676464126,0.170735306464061,0.141242751004634,0.0294925554594273,0.994551809351554,-0.00420162779715135
0.93,2.42989415010143,3.84788180017519,0.0721333989132078,4.01254002568376,0.050159019447794,0.217273645747349,0.187931884786491,0.0293417609608588,0.994546611276838,-0.00424822675408109
0.935,2.4394521653467,3.83325888098911,0.0721970586426527,4.01040553995141,0.0502571631412593,0.246506959420833,0.217328374392864,0.0291785850279693,0.994547333012804,-0.00426813617924017
0.94,2.40338306993745,3.85436439352212,0.0722586698825697,4.00836936719547,0.0503563155803833,0.193124412231228,0.164115475379439,0.0290089368517896,0.994570682067655,-0.0041905952500307
0.945,2.41310256071836,3.8396881936691,0.0723252149213912,4.00611630484622,0.0504541791395111,0.220338882529171,0.191484506614251,0.0288543759149203,0.994571552241503,-0.00421074224966085
0.95,2.42186832821389,3.82576281071663,0.0723896859643908,4.00396145799867,0.0505530280834811,0.248025416865368,0.21933206001729,0.0286933568480778,0.994572710646545,-0.00422890256197344
0.955,2.40165706403639,3.83443234827449,0.0724522321570477,4.00189861926701,0.0506528433584441,0.222067302800365,0.193540979243734,0.0285263235566314,0.994588182701969,-0.00418526895885346
0.96,2.41399052161162,3.81780149109312,0.0725172918924131,3.99972880455979,0.0507521662610119,0.256571366820167,0.228204518684337,0.02836684813583,0.994587588234292,-0.00421100201450037
0.965,2.4501511171439,3.7826290580566,0.0725798821357635,3.99767481839709,0.0508526370835485,0.346777552523988,0.318577804755286,0.0281997477687012,0.994574859261407,-0.00428783061318768
0.97,2.43875537510789,3.78470518884036,0.0726362911206364,3.99590059478945,0.0509555188054032,0.335046946998556,0.307033156607102,0.0280137903914546,0.994585372072416,-0.00426292803389346
0.975,2.41742456186621,3.79457115275801,0.0726939606377626,3.99407985538984,0.051058443756408,0.301607339663076,0.273775992370134,0.0278313472929417,0.994600952290208,-0.00421682821369967
0.98,2.42848122149816,3.77898847244338,0.0727544121242878,3.99214396286547,0.0511608838621012,0.339907932821746,0.312250912147173,0.0276570206745728,0.994600567496954,-0.00423993973629979
0.985,2.44430661693625,3.75966757886537,0.0728125946676153,3.99031563393591,0.0512644820837307,0.392787001657102,0.365311286808763,0.0274757148483384,0.994597597216091,-0.00427333198264503
0.99,2.41642406906257,3.77489408597308,0.0728677600107064,3.98862812604593,0.0513695197568153,0.340745090544074,0.313459888702135,0.0272852018419389,0.994616217316201,-0.00421321455087781
0.995,2.41125559454198,3.77207367203439,0.0729267776391357,3.98677995782555,0.0514737669066996,0.343167989588593,0.31606215611466,0.0271058334739328,0.994623799272348,-0.0042016824784959
1,2.396553912657,3.77671495249775,0.0729860578567447,3.98492787427079,0.0515783581196071,0.323919524164336,0.296992480936278,0.0269270432280578,0.994636161932216,-0.00416984825089884
1.005,2.38807244808102,3.77645485774391,0.0730470707357969,3.98300650936981,0.0516827943997084,0.318781221568443,0.292028033154795,0.026753188413648,0.99464555247586,-0.00415128405692268
1.01,2.42190907120005,3.7433768702472,0.0731088360995334,3.98105836228122,0.0517873800171373,0.412940256065582,0.386358849829087,0.0265814062364955,0.994633838734158,-0.00422288160799253
1.015,2.39455072483154,3.75816615019084,0.0731647855800832,3.97937105056962,0.0518943266685083,0.360785594545963,0.334393161707745,0.0263924328382185,0.994652224824974,-0.00416405798284553
1.02,2.41811315236678,3.73304293955462,0.0732244884250261,3.9775273725078,0.0520005006413458,0.434360673277881,0.408146504277988,0.0262141689998924,0.994645458358929,-0.00421378863684733
1.025,2.41662005000275,3.7275239591988,0.0732799706887994,3.97587500112942,0.0521085352854279,0.446863155719211,0.42083968817318,0.0260234675460307,0.99465085782441,-0.00421012785070417
1.03,2.39600363400448,3.73708081735188,0.073335177863953,3.97424369673295,0.0522171694118092,0.409319113183388,0.383487386235465,0.0258317269479228,0.994665788888806,-0.00416569533215416
1.035,2.39810405040069,3.72874946753483,0.0733931086877867,3.97250235287834,0.0523253988598004,0.430423122746156,0.404775531215344,0.0256475915308121,0.994669582127983,-0.00416967344913825
1.04,2.41890092279927,3.70582269409803,0.0734501848525489,3.97080608144461,0.0524343933142618,0.503445964106894,0.477985152185977,0.0254608119209168,0.99466394821141,-0.00421355329201559
1.045,2.36688418961538,3.7403161327161,0.0735034646193884,3.96928227901296,0.0525451607118583,0.381882211785206,0.356619218029383,0.0252629937558232,0.99469439751003,-0.00410239060702056
1.05,2.29285123009111,3.79088081783885,0.0735643847875025,3.96743308658282,0.0526538818451062,0.236946716198214,0.211860016832068,0.0250866993661459,0.994736483875738,-0.00394581685588444
1.055,2.28264251656856,3.79171979719471,0.073635907814234,3.96511436892583,0.0527592804922572,0.229091718579932,0.204150925806929,0.0249407927730032,0.994747529801511,-0.00392381593359721
1.06,2.26522816896741,3.79792043394453,0.0737083163377839,3.96275686685265,0.0528646201763183,0.209112232838125,0.184314680919842,0.0247975519182827,0.994762240358565,-0.00388679371241205
1.065,2.23124710251406,3.8163195335889,0.0737826474781446,3.96031317832256,0.0529695032287957,0.165168435288079,0.140508442244673,0.0246599930434055,0.994785381422395,-0.00381541632407735
1.07,2.23814052942051,3.80441906432405,0.0738612361713975,3.95767523125327,0.053073014281277,0.183532086283646,0.158997154118402,0.0245349321652439,0.994788424067557,-0.00382904504408748
1.075,2.2080950597936,3.81967483897194,0.0739381874983541,3.95510913813594,0.0531772892428178,0.148444482678492,0.124039079200123,0.0244054034783689,0.994809787590689,-0.00376607686690952
1.08,2.17859202972327,3.83423261819644,0.0740187669917554,3.95237563635427,0.0532803620352335,0.118571957519113,0.0942853637442919,0.0242865937748211,0.99483116472383,-0.00370448576828275
1.085,2.18152165124878,3.82525529996504,0.0741028044245293,3.94947947746057,0.0533822097328072,0.128301358904467,0.104123227145577,0.0241781317588894,0.994836594508703,-0.00370977769771857
1.09,2.15781409729107,3.83543986944299,0.074185757240415,3.94662810248488,0.0534845344101529,0.107390358056275,0.0833234277498312,0.0240669303064434,0.994855238577965,-0.00366030505854787
1.095,2.14052464434584,3.84087512795556,0.0742713127549488,3.94365203161312,0.0535859078329199,0.0950751647606763,0.0711115202735531,0.0239636444871232,0.994870870757234,-0.00362411906122559
1.1,2.14993283832065,3.82735674546506,0.0743585448093032,3.94059248852091,0.0536866392556237,0.110085302943004,0.0862196371532945,0.0238656657897098,0.994873274483697,-0.00364261543251477
1.105,2.18025279765825,3.79898207255552,0.0744438022964867,3.93761733076159,0.0537881534531903,0.152851349261322,0.12908888466844,0.0237624645928821,0.994865045339877,-0.00370415792794912
1.11,2.16503602722878,3.80320269600562,0.0745241703938397,3.93485845633252,0.0538916154570558,0.139938422772379,0.116292735200229,0.0236456875721505,0.994879172567819,-0.00367214566574009
1.115,2.17558450371237,3.78887871855021,0.0746060166019767,3.9320287825262,0.0539946096132507,0.160867820889009,0.137334371607426,0.0235334492815827,0.994880522630833,-0.00369311574289598
1.12,2.16710831231472,3.78827616934183,0.0746857256880139,3.92929137743185,0.0540985219307101,0.156541937325664,0.13312643567085,0.0234155016548142,0.994891198102664,-0.00367497820281189
1.125,2.13861731927037,3.8020620778276,0.0747659807236439,3.92652591805969,0.0542023399652188,0.126897649410576,0.103598236627022,0.0232994127835543,0.99491191119939,-0.00361584061092089
1.13,2.10517514391017,3.8190912927851,0.0748495533006046,3.92360579704486,0.0543049568507587,0.096161293040326,0.0729682484329202,0.0231930446074058,0.994935352500409,-0.00354686086204667
1.135,2.06253413513485,3.84218297645238,0.0749370264876085,3.92050114765815,0.0544060517991733,0.0640241099970364,0.0409259362728448,0.0230981737241915,0.994963690817846,-0.00345961257392476
1.14,2.02172131256786,3.86340178287494,0.0750294932436014,3.91715668927474,0.0545050604722337,0.0422744596958918,0.0192563606465311,0.0230180990493607,0.994991497875727,-0.00337659246313002
1.145,2.03683873958291,3.84635348561897,0.0751265353787438,3.91358659732047,0.0546020090286528,0.0530363820143014,0.0300845186476217,0.0229518633666796,0.994991686410658,-0.00340611261729981
1.15,2.05909749897009,3.8244025623276,0.0752209137367193,3.91013050656273,0.0546999177110693,0.0717300007803418,0.0488513104779942,0.0228786903023476,0.994988072445931,-0.00345014845388766
1.155,2.04800500722015,3.82528126015385,0.0753116724479446,3.90683224189595,0.0547992171235552,0.0669494393860525,0.0441535980209228,0.0227958413651297,0.995000828105337,-0.00342695860222967
1.16,2.02672561040419,3.83311571970293,0.0754032015861164,3.90348975467076,0.0548981072734586,0.0555559280123574,0.0328401493138083,0.0227157786985491,0.995018720839336,-0.00338332022306283
1.165,1.95699817527229,3.87371123335803,0.0754968153452794,3.90004123480343,0.0549960082127181,0.0272336522106668,0.00459137894058169,0.0226422732700851,0.995060984592014,-0.00324322378182944
1.17,1.9285514109322,3.88554581652124,0.0755985377525706,3.89619528431845,0.0550901908152489,0.0233428825819206,0.000750088346515672,0.0225927942354049,0.995083228209586,-0.003185973426379
1.175,1.9270336234166,3.87966685755572,0.0757029937000911,3.89220366524152,0.0551828336145109,0.023590269417226,0.00103808012912542,0.0225521892881005,0.995092200432675,-0.00318204741330258
1.18,1.90244978874522,3.88876209473286,0.0758068939801178,3.88822445473925,0.0552753947312019,0.022512854899839,1.90653347972017e-06,0.0225109483663593,0.995112639533076,-0.00313266359037184
1.185,1.91138139458152,3.87618149032908,0.0759130046358958,3.88412334662848,0.0553665876747823,0.0228925804995757,0.000415430016127552,0.0224771504834481,0.995116471218071,-0.00314930533540442
1.19,1.9122782579224,3.86877888360323,0.0760173079078308,3.88009452364999,0.0554582516106545,0.0232813152816165,0.00084220102758127,0.0224391142540352,0.995124156367091,-0.00315014702575894
1.195,1.9004554778212,3.86961435116829,0.0761207707415552,3.87609171296719,0.0555499574230738,0.0226752177024132,0.000275589799375121,0.0223996279030381,0.99513811377923,-0.00312595808068386
1.2,1.90048467616364,3.86279724820558,0.0762249276861695,3.872041298703,0.0556409978243379,0.0229236637451943,0.00056052837433118,0.0223631353708631,0.995146177118651,-0.00312509194689882
1.205,1.84575397363287,3.8912568762726,0.0763283530162539,3.8680116072706,0.0557320245765652,0.0258651110841973,0.00353959249494339,0.0223255185892539,0.995181541853399,-0.00301706923535831
1.21,1.85277989862366,3.88002830627417,0.0764374952195316,3.86368740258386,0.0558199568280068,0.0240522921402304,0.00174668945292508,0.0223056026873053,0.995186446967864,-0.00302979692372379
1.215,1.84664263309176,3.87708998154832,0.0765450848736282,3.85942257843357,0.0559081909117761,0.0243212027671658,0.00203891035808958,0.0222822924090762,0.995197790434223,-0.00301688500997267
1.22,1.83308175752357,3.87881982544215,0.0766526539680071,3.8551428033475,0.0559959999651317,0.0259168133215782,0.00365676428832239,0.0222600490332558,0.995212820901878,-0.00298955253138445
1.225,1.82631710060651,3.87625733400835,0.0767610586132839,3.85080615416639,0.0560829582965681,0.0264607342391183,0.00421934355159676,0.0222413906875215,0.995224493950465,-0.0029754593576919
1.23,1.82576938257696,3.86982254574843,0.0768695088960846,3.84645093639398,0.0561694332329742,0.0257770162319982,0.0035529830466026,0.0222240331853956,0.995233038621317,-0.00297343974050318
1.235,1.84374982084772,3.85184952295962,0.0769772924248651,3.84211189747239,0.0562557714122748,0.0228217989221405,0.000615904685281653,0.0222058942368588,0.995232245274574,-0.00300743333733655
1.24,1.843562622919,3.84525190135388,0.0770822591360384,3.83789257857286,0.0563430309160646,0.0225320094348387,0.000351310615453379,0.0221806988193853,0.99524029949619,-0.00300614162546497
1.245,1.82778333889651,3.84852125466326,0.0771865328959436,3.83369153221587,0.0564302127400827,0.0235791725452516,0.0014246051714958,0.0221545673737558,0.995256075770252,-0.00297455136946096
1.25,1.83220268011276,3.83905236458343,0.0772919457838219,3.8294210111127,0.0565164320831591,0.0227328762940842,0.000600081733856395,0.0221327945602278,0.99526181725888,-0.00298220190310563
1.255,1.83959747414241,3.82772519725646,0.0773961287819803,3.82519420490627,0.0566028211032594,0.0221499407608962,4.13839967033731e-05,0.0221085567641929,0.995265956970845,-0.00299565452066472
1.26,1.8616540926271,3.80712416488076,0.0774987316253246,3.8210277854785,0.0566895627620989,0.0233280137116769,0.00124718599693121,0.0220808277147457,0.995262626310116,-0.00303772677959708
1.265,1.86948602098955,3.79550779066434,0.077597985726323,3.81700411631206,0.0567775153771483,0.0250220160564956,0.0029774742992851,0.0220445417572105,0.99526613738881,-0.00305214949381082
1.27,1.90895491193924,3.76349670126449,0.0776955970125666,3.81304393882545,0.0568659061511087,0.0378028951585943,0.0157983775420728,0.0220045176165216,0.995253688549535,-0.00312871348369802
1.275,1.88618431504491,3.77202130477186,0.0777875938059616,3.8093266413493,0.0569565734243552,0.0308950578167076,0.00894543762741506,0.0219496201892926,0.995271923656921,-0.00308316259910135
1.28,1.87026727292711,3.77589995511374,0.0778818116696751,3.80549824397457,0.0570460091974624,0.027525921173955,0.00562428303032265,0.0219016381436323,0.995286880588005,-0.00305116465567657
1.285,1.93417724842199,3.72802103081327,0.0779773506410777,3.80159853559884,0.0571345733307852,0.0565710984171763,0.0347129593783526,0.0218581390388237,0.995262004871523,-0.00317597326307743
1.29,1.92238140279468,3.72954126420406,0.0780640652030073,3.79807975817588,0.0572268544459511,0.0518786669235365,0.0300876283070174,0.0217910386165191,0.995274313191082,-0.0031519051335793
1.295,1.94153510090173,3.71038009482514,0.078151694054701,3.79451250978933,0.0573185938920741,0.0670124431211031,0.0452854114892988,0.0217270316318043,0.995271199876576,-0.00318898210748947
1.3,1.93568711793788,3.70799008865112,0.0782361701151627,3.79107525749074,0.0574115695665789,0.0657724049295576,0.0441173518012644,0.0216550531282932,0.995280341144633,-0.00317666071548457
1.305,1.92693253623337,3.70755906864565,0.0783208057391684,3.78762387594686,0.0575043715998662,0.0625078690296321,0.0409238216313026,0.0215840473983295,0.99529093400582,-0.00315860934004631
1.31,1.95127976107359,3.68490986671414,0.078405983495754,3.7841414976213,0.0575968261102834,0.0843094755255948,0.0627944203584155,0.0215150551671793,0.995285002229458,-0.00320603102280394
1.315,1.95015577460465,3.67941858431177,0.0784872933061666,3.78081903442194,0.0576908505739572,0.0869375870881729,0.0655013751234614,0.0214362119647116,0.995291509976231,-0.00320308004761031
1.32,1.98357812119581,3.65044497375591,0.0785681566872456,3.77750977836161,0.0577850108683513,0.124104789758035,0.102748144097078,0.0213566456609571,0.995280699706177,-0.00326881971208602
1.325,1.96667055958646,3.65600127905727,0.0786438368073447,3.7744144087966,0.0578813296201175,0.110410449226153,0.089146650671507,0.0212637985546456,0.995294665155227,-0.00323447892895615
1.33,1.94397319534946,3.66543702190428,0.0787212903612539,3.77123971671532,0.0579769313708622,0.0922762449373248,0.0711002714634609,0.0211759734738639,0.99531164368919,-0.00318875071271869
1.335,1.94331577889418,3.65969529736112,0.0788012700158732,3.76795222613614,0.0580714506753657,0.0954567183295341,0.0743615085482685,0.0210952097812656,0.995317774249028,-0.00318673848305487
1.34,1.95289301782434,3.64700720227012,0.0788807512795611,3.7646803711661,0.0581661447166195,0.108785142740563,0.0877715694475778,0.0210135732929854,0.995318739671489,-0.00320501278368095
1.345,1.94085775995447,3.64911552882506,0.0789583400054592,3.7614833568934,0.0582616203405697,0.100884297351855,0.0799569037540646,0.0209273935977905,0.995330363158345,-0.00318047734395267
1.35,1.94685308418618,3.63889800013239,0.0790370014236539,3.75823588536838,0.0583566288688109,0.110938494429089,0.0900940736368653,0.0208444207922234,0.995333037621598,-0.00319165115014479
1.355,1.96766561885139,3.61856209915102,0.0791142643372276,3.75504233048564,0.0584522174685306,0.13847941672298,0.117721208060239,0.0207582086627414,0.995328191655823,-0.00323227714343595
1.36,1.995345051074,3.59336964549164,0.0791880707732579,3.75198860948775,0.0585492794934971,0.179525571891784,0.15886215874131,0.0206634131504747,0.995319653359463,-0.00328679995280929
1.365,1.99196371749071,3.58977894247972,0.0792574026553306,3.74911582246233,0.0586482679411606,0.180720663331876,0.160163218021415,0.0205574453104614,0.995326315050769,-0.00327942856379787
1.37,1.97973372141086,3.5924087243349,0.0793266916087223,3.74624288244229,0.0587474016348147,0.169612922921752,0.149161320866223,0.020451602055529,0.995337389314056,-0.00325441369790253
1.375,1.94637849001756,3.60973312259243,0.0793972007004418,3.74331770114784,0.0588461550576114,0.132726107084131,0.11237700744106,0.0203490996430705,0.995359104639031,-0.0031875113918048
1.38,1.95037603070311,3.60098233463446,0.079471867252495,3.74021674921238,0.0589432540057628,0.142226558969903,0.121969087131564,0.0202574718383393,0.995362430873478,-0.0031947703580933
1.385,1.91433398387604,3.61983422725485,0.0795454241840327,3.73715794315721,0.0590408662023693,0.106685322318947,0.0865219744211302,0.0201633478978164,0.995385687991663,-0.00312289476906124
1.39,1.84430914332367,3.66119717045532,0.0796234022394035,3.73390943916147,0.0591366157951613,0.0532813600542855,0.0332005030662865,0.020080856987999,0.99542624065708,-0.00298514369525931
1.395,1.84622997741238,3.65380364660157,0.0797100701586092,3.730279199103,0.0592284087711277,0.0567074588922549,0.0366861434117527,0.0200213154805021,0.99543142517034,-0.0029881143581545
1.4,1.83944051531424,3.65212686251315,0.0797958864728624,3.72667740192609,0.0593204284033037,0.0547851471198681,0.0348249964529779,0.0199601506668902,0.995440891299017,-0.00297415556406109
1.405,1.82420927807864,3.65595266580408,0.0798819777736392,3.72305545442056,0.0594121614073364,0.0480842702115483,0.0281839807025579,0.0199002895089904,0.995454584662581,-0.0029438421827596
1.41,1.85028619369772,3.63294595799912,0.0799694180672429,3.71936640224577,0.0595030939591481,0.0665404787120755,0.0466959330472313,0.0198445456648442,0.995447705788689,-0.00299371634331661
1.415,1.85359038938774,3.62471939175792,0.0800528931145223,3.7158388580732,0.0595956881717145,0.0716370709679737,0.051857945531743,0.0197791254362307,0.995451921395146,-0.00299941283049364
1.42,1.88963150395737,3.59492201024412,0.0801353495768224,3.71234733055772,0.0596886252909927,0.105745470831699,0.0860338534964204,0.0197116173352787,0.995439684941207,-0.0030691180008194
1.425,1.92592497800314,3.56455396047672,0.0802124129608099,3.70907459724113,0.0597838920574384,0.149824017911406,0.13019315639461,0.0196308615167954,0.995426933246714,-0.00313982880578508
1.43,1.91423789160447,3.56672743052761,0.0802839128431396,3.70602497747854,0.0598815769548515,0.140381445727235,0.120844923343863,0.0195365223833728,0.995437773080958,-0.00311615322317523
1.435,1.94495486192425,3.53989131912682,0.0803565191373223,3.70292667688384,0.0599788512140152,0.184836474045833,0.165391234988264,0.0194452390575692,0.995427479102359,-0.00317617061511528
1.44,1.93248481372143,3.54278166489867,0.0804242583976536,3.70002155752291,0.060078269499577,0.173054435313168,0.153712227660416,0.0193422076527514,0.995438430897368,-0.00315090199263587
1.445,1.9135091007994,3.55011024342068,0.0804932692731193,3.69706294479547,0.0601772750971041,0.153384788118469,0.134142249633784,0.019242538484685,0.995452715905159,-0.00311286057259116
1.45,1.88540967126971,3.56354604943991,0.0805644445466768,3.69401367823879,0.0602754543266417,0.124789367158645,0.105640908096499,0.0191484590621468,0.995471704615928,-0.00305704180693454
1.455,1.8604238403745,3.57457518547987,0.0806389931432496,3.69082230270287,0.0603722208244124,0.102852460607075,0.0837894406658393,0.0190630199412358,0.995489361260735,-0.00300754767257486
1.46,1.86156461610585,3.56794479322753,0.0807163993239149,3.6875076623843,0.0604677168768517,0.107537554943436,0.0885525110184383,0.0189850439249979,0.99549414244368,-0.00300908763327119
1.465,1.8479908977659,3.5711609293172,0.080793101809762,3.68421665714411,0.0605634978658436,0.0980065277119517,0.0791007976433841,0.0189057300685676,0.995506222107814,-0.0029819694847603
1.47,1.84192120087225,3.56933210295905,0.0808710835800276,3.68086706674641,0.0606586710557632,0.0957428272518906,0.0769128321047944,0.0188299951470963,0.995514627744875,-0.00296947916984415
1.475,1.81348496954388,3.58230825212904,0.080949325991859,3.67750079362115,0.0607536767681081,0.0747262756823044,0.05597094135558,0.0187553343267244,0.99553422420042,-0.00291367827147867
1.48,1.76571648289564,3.60758865596991,0.0810307703776578,3.67399385555158,0.0608471361038811,0.0458988102080003,0.0272097285446606,0.0186890816633397,0.995563695852723,-0.00282104318249076
1.485,1.74948049981825,3.61195708799388,0.0811177590371348,3.67024161519919,0.0609378134529759,0.0395765063782497,0.0209392255892509,0.0186372807889988,0.995577769220995,-0.00278922747970015
1.49,1.71697228040454,3.62649431353517,0.0812061835769034,3.66641806427458,0.0610275694449103,0.0284036935742407,0.00981394398120247,0.0185897495930383,0.995600063933465,-0.00272656736493958
1.495,1.71077740375848,3.62432833878054,0.0812979842235168,3.66243651413794,0.0611153769474119,0.0274830497016966,0.00893154389337699,0.0185515058083197,0.995609418706349,-0.0027140183984595
1.5,1.70204711730347,3.62372725853948,0.0813899282626379,3.65843782745619,0.0612028087619501,0.0259159274027141,0.00740155213452297,0.0185143752681911,0.995620036809556,-0.00269668479623954
1.505,1.70821461785542,3.61393522770534,0.0814823165279728,3.65440863349921,0.0612897020397246,0.0285309906198276,0.0100518532508399,0.0184791373689877,0.995623222016319,-0.00270755819825001
1.51,1.72359102851297,3.59845600571865,0.0815733662630883,3.65042716865953,0.0613769687709683,0.034996894582054,0.0165556596543751,0.0184412349276789,0.995621698049701,-0.00273593516082987
1.515,1.69223282522603,3.61212784486601,0.0816619553586985,3.64654192456433,0.0614651951384689,0.0256492179661164,0.00725141148212844,0.0183978064839879,0.995643361606577,-0.00267577065209593
1.52,1.71223017974799,3.59388575924085,0.081753749565969,3.64250629746151,0.0615515104859816,0.0328210005246467,0.0144577878654904,0.0183632126591563,0.995639550217356,-0.00271280513698605
1.525,1.7264577983528,3.57912532354683,0.0818425402779077,3.63859023740489,0.0616390585246743,0.039924658561381,0.0216029217088027,0.0183217368525783,0.995638408043275,-0.00273903500663989
1.53,1.70285066589122,3.5880838426496,0.0819290008065963,3.6347642655327,0.0617275190256561,0.0315735550293286,0.01329847709048,0.0182750779388486,0.995656014089362,-0.00269351942356178
1.535,1.69853395530909,3.58486946133023,0.0820177857786039,3.63082876667549,0.0618145622001958,0.0311117301636227,0.0128768274330165,0.0182349027306061,0.995664118189622,-0.0026845851971272
1.54,1.68611430538034,3.58667793647649,0.082106515523336,3.62688571652216,0.061901356128345,0.0280402086962023,0.00984492866307037,0.018195280033132,0.995676257214364,-0.00266036954202291
1.545,1.68921785867364,3.57888272898569,0.0821961668557897,3.62289271854063,0.0619873911993421,0.0299407305673945,0.0117820529515966,0.0181586776157978,0.995680683219754,-0.00266544525887292
1.55,1.6767322448964,3.58072449880274,0.0822848644959767,3.61893068921926,0.0620736224776993,0.0269902628131282,0.00886987537188671,0.0181203874412414,0.995692827399515,-0.00264115221943638
1.555,1.71184359914423,3.5533265227625,0.0823744890867997,3.6149184777043,0.0621590822697464,0.0411114894919009,0.0230263577693062,0.0180851317225947,0.995681221859968,-0.00270666927862711
1.56,1.70897769271252,3.54933366806179,0.0824592526846938,3.61110271685467,0.0622467420070832,0.0411735918774315,0.0231351562411451,0.0180384356362864,0.995688270330462,-0.00270050381172325
1.565,1.7025939466455,3.54755495812954,0.0825438146099292,3.60728679376142,0.0623342791285792,0.0396039605353262,0.0216121111243437,0.0179918494109825,0.995697052868194,-0.00268768960823656
1.57,1.6908130201664,3.54914207872057,0.082628612636501,3.60345222964787,0.0624214717139283,0.0357949482955786,0.0178484933949081,0.0179464549006705,0.995708538114648,-0.00266470284685368
1.575,1.6824856597066,3.5485369763911,0.0827143076852481,3.5995708263574,0.0625079728802204,0.0336475695966134,0.0157436718946723,0.0179038977019411,0.995718344107483,-0.00264826385643262
1.58,1.66201693453729,3.55542329520924,0.08280046431867,3.59566070126676,0.0625939846869625,0.0276399333281689,0.00977681018796638,0.0178631231402026,0.995734239400568,-0.00260904864933208
1.585,1.64722289429811,3.55867797269227,0.0828885395577515,3.59165901444279,0.0626787295972392,0.0243892914527318,0.00656151695248381,0.017827774500248,0.995747411249101,-0.00258058236702401
1.59,1.66521888542798,3.54195447185052,0.0829778141706819,3.5875956011941,0.0627625361072947,0.0303483513578944,0.0125522268125363,0.0177961245453581,0.995744254210571,-0.00261352391201834
1.595,1.67204993484302,3.53200480093828,0.0830643665268658,3.58363815213619,0.0628474617487216,0.0338062341907084,0.0160478136859312,0.0177584205047772,0.995746489547338,-0.00262560255845772
1.6,1.66898603912203,3.52817066636727,0.0831495318313749,3.57972998630777,0.0629328326718926,0.0337033931683325,0.015985438607872,0.0177179545604605,0.995753570315388,-0.00261911116051983
1.605,1.66911228487442,3.52237860066409,0.0832345214335582,3.57582021924373,0.0630180359892742,0.0348340758528394,0.0171563826356118,0.0176776932172276,0.99575903324512,-0.00261861342681701
1.61,1.68386036037088,3.50757513394577,0.083318947348973,3.57192521026371,0.063103273761568,0.0424865655437466,0.024849883813226,0.0176366817305207,0.995757137447071,-0.00264561285878498
1.615,1.65994891427067,3.51683211396444,0.0834010056469662,3.568120077233,0.0631894823382721,0.0333604332121619,0.015769924809847,0.0175905084023149,0.995774407150626,-0.00259998678652214
1.62,1.64249264778759,3.5218916656466,0.083485478378369,3.56420547436264,0.0632742245599727,0.0282739762605557,0.0107231727171921,0.0175508035433636,0.995788594707854,-0.00256660416508894
1.625,1.6429767689804,3.51589984803667,0.0835715223547877,3.56021542851266,0.0633578759481067,0.0292652285903347,0.0117496404133148,0.0175155881770199,0.995793902273471,-0.00256676776857204
1.63,1.66588417478864,3.49624127211657,0.0836569604969442,3.55624158097397,0.0634415587400749,0.0389962145235173,0.0215166618629164,0.0174795526606009,0.995787947826286,-0.00260890405549414
1.635,1.65989298604804,3.4943318481042,0.0837390555338774,3.55239779915475,0.0635267144111235,0.0375679304399389,0.0201319124625261,0.0174360179774128,0.995796216924619,-0.00259696398829896
1.64,1.63782457574972,3.50234993815946,0.0838213602215648,3.54853711108847,0.0636115325792348,0.0301185823771176,0.0127250079069088,0.0173935744702088,0.995812527731584,-0.00255500358246566
1.645,1.6018491599755,3.51866022001673,0.0839058298253946,3.54457735474888,0.063694974457592,0.0213596743171298,0.00400268893187821,0.0173569853852515,0.995835920071493,-0.00248742671136362
1.65,1.57941109742637,3.52637351527572,0.0839940370775013,3.54044894576323,0.0637761121143391,0.0185095746023985,0.00117935600134374,0.0173302186010548,0.995852771278722,-0.00244522659257709
1.655,1.61536963852331,3.4994582686162,0.0840842867435453,3.53622183871435,0.0638557610064693,0.025346194543098,0.00803693614291864,0.0173092584001794,0.995840542365296,-0.00251096666750784
1.66,1.61327656676299,3.49508766516118,0.0841697854287689,3.53218550906647,0.0639376529236662,0.0254527963025091,0.00817543976981126,0.0172773565326978,0.995847025169511,-0.00250635062620936
1.665,1.70103359215975,3.43650388516603,0.084254995952089,3.5281519202699,0.0640193947941526,0.0670903171861242,0.0498448919466828,0.0172454252394414,0.995808553625621,-0.00266986897244413
1.67,1.702909780182,3.42987089856576,0.08432871176271,3.52457084471199,0.0641067951826353,0.0703600058457721,0.0531733475624163,0.0171866582833557,0.995812284296792,-0.00267277116968695
1.675,1.68455251899875,3.43617003294361,0.0844016929897654,3.52101316114806,0.0641944514070677,0.0597700306561501,0.0426434361002107,0.0171265945559393,0.99582607713414,-0.00263753125325404
1.68,1.69763812244251,3.42246218297353,0.0844765773727504,3.51737396447113,0.0642810597775623,0.0703894127087173,0.0533180116146178,0.0170714010940995,0.995824260578187,-0.00266153572871073
1.685,1.69874644826154,3.41636061989993,0.0845492673491429,3.51381555913655,0.0643686330547118,0.0731767967176388,0.0561652719141526,0.0170115248034862,0.995828286155912,-0.00266299531797538
1.69,1.67469086143086,3.42634025662616,0.0846213297306535,3.51027639286152,0.0644564205385136,0.0585788424455133,0.0416282454349575,0.0169505970105558,0.995844846382716,-0.00261709243604634
1.695,1.63233484117396,3.44760743318601,0.0846960432578466,3.50662634373148,0.0645427909611775,0.0374593705571517,0.0205631318063472,0.0168962387508045,0.995870715429064,-0.00253725821717241
1.7,1.62640065834769,3.44577293495746,0.0847756118396092,3.50277274701027,0.0646265134912431,0.0360159775693909,0.0191622242739033,0.0168537532954876,0.995878669298953,-0.00252553516807698
1.705,1.60633515247299,3.45259266865269,0.0848554049544944,3.49890226837828,0.0647098952471303,0.0294490175678004,0.0126366672099084,0.016812350357892,0.995893693510676,-0.00248762273390602
1.71,1.61342220481082,3.4427996959202,0.0849371394605645,3.49494400107755,0.0647920069241079,0.0327822433651911,0.0160061227491991,0.016776120615992,0.995895253163663,-0.00250005474612322
1.715,1.61622058400627,3.43562545056265,0.0850174986765101,3.49103373494285,0.0648745944971495,0.0347927867661093,0.0180555651821684,0.016737221583941,0.99589886171958,-0.0025045566058507
1.72,1.61272484712069,3.43231194762922,0.0850970073374535,3.487150158279,0.0649573929992002,0.0343663016130737,0.0176694189452724,0.0166968826678013,0.99590555502125,-0.00249739412480178
1.725,1.58537778478783,3.44355291915398,0.0851764415031019,3.48326183326766,0.0650399983888423,0.0259129924475217,0.00925606794708881,0.0166569245004329,0.995924160132303,-0.0024461712378866
1.73,1.55786074878398,3.45459039418227,0.085258684151622,3.47924988871041,0.0651208426421603,0.0201903320645668,0.00356615092312432,0.0166241811414425,0.995943014909214,-0.00239490424822857
1.735,1.5764821913174,3.43808363288395,0.085343657595763,3.47511486076609,0.0651998724631687,0.0246326572416585,0.00803405828324359,0.0165985989584149,0.995938959346916,-0.00242837156925007
1.74,1.58386756131644,3.42820399787276,0.085425921248086,3.47108274303792,0.0652800826017333,0.0273285115994067,0.0107612932940988,0.0165672183053078,0.995940344274697,-0.00244126667314192
1.745,1.58342119561875,3.42303900282663,0.0855067920613666,3.46709914650792,0.0653607670258668,0.0278848673892912,0.0113517079428175,0.0165331594464737,0.995945549575897,-0.00243975683769704
1.75,1.57927108495441,3.42011773080245,0.0855872129446885,3.46312565409777,0.0654414250529868,0.0273044637063854,0.0108058283623005,0.0164986353440849,0.995952569694527,-0.00243143368576822
1.755,1.57219049426204,3.41896018853221,0.0856676322748002,3.45914402134692,0.0655218150124891,0.0258891465821181,0.00942444874921487,0.0164646978329033,0.995961045673532,-0.00241773308703836
1.76,1.59845994182133,3.3978257650697,0.085748400696403,3.45513985735411,0.0656017398746704,0.035586499835521,0.0191543232743001,0.0164321765612209,0.99595285874042,-0.00246543541858209
1.765,1.55356309662572,3.419834355272,0.085825477638288,3.45127617135597,0.0656833998700375,0.0221508978736296,0.00575929098131451,0.0163916068923151,0.995980020133624,-0.00238224533604399
1.77,1.57018920808301,3.40456513802655,0.0859074816817277,3.44720298822433,0.0657621247046026,0.0269441962571358,0.0105810706698604,0.0163631255872754,0.99597671203735,-0.00241202372935744
1.775,1.51903754759339,3.42986277623954,0.0859870042485108,3.44322229253164,0.0658419267674046,0.0173672425210794,0.00103781191773393,0.0163294306033455,0.996007132257568,-0.0023179482429624
1.78,1.51872993443161,3.4245876185724,0.0860720210245822,3.43900411229512,0.0659183331394595,0.0175166743739171,0.00120733363050547,0.0163093407434116,0.996012455252139,-0.0023166776306666
1.785,1.48236497992515,3.44027576674061,0.0861565619052577,3.43479615592217,0.065994646350342,0.0164630773930196,0.000174253324747326,0.0162888240682723,0.996035767865893,-0.00225019453701052
1.79,1.45284707900819,3.45153853305136,0.0862446623160805,3.43042643149636,0.0660684678368421,0.0188616496874574,0.00258404879849153,0.0162776008889659,0.996055862251693,-0.00219645184750294
1.795,1.43677946046512,3.45495543839411,0.0863354269359642,3.42592962821994,0.0661401999554921,0.0211529200696105,0.00487921173362683,0.0162737083359836,0.996069381455126,-0.0021669931206144
1.8,1.4471680642868,3.44368337306288,0.0864273554930734,3.42136970915832,0.0662106979499544,0.0191540308244614,0.00288045141497694,0.0162735794094845,0.996069731146451,-0.00218479119209744
1.805,1.4377133340819,3.44342748956537,0.0865176655771945,3.41686874802711,0.0662817078135134,0.0203467917414259,0.00407643194826433,0.0162703597931616,0.996079893426389,-0.00216716735136425
1.81,1.42700361607383,3.44383436410349,0.0866084511795153,3.41233533931373,0.0663519210170143,0.0219972057497491,0.0057280123890518,0.0162691933606973,0.996090700393117,-0.00214734479335473
1.815,1.41979277537899,3.44227701900185,0.0866998334612498,3.40776384215361,0.0664212420881824,0.0231398493764089,0.00686944443030423,0.0162704049461047,0.996099782223733,-0.00213377962811128
1.82,1.41478421457451,3.43950080743341,0.0867914403665165,3.40317042389944,0.0664898922072398,0.0238769387158506,0.00760384181983567,0.016273096896015,0.996107764801048,-0.00212414255225641
1.825,1.42769228522423,3.42694572040593,0.0868830420410833,3.39856516686766,0.0665580110741903,0.0209119978428392,0.00463528785489582,0.0162767099879434,0.996106777198509,-0.00214632938456764
1.83,1.41094289908633,3.43070643096395,0.0869727834151178,3.39402943698514,0.0666267970047689,0.0240101074549117,0.00773346462249552,0.0162766428324161,0.9961204961425,-0.00211585780224326
1.835,1.40098396107104,3.4306491937665,0.0870637513768463,3.38942815031301,0.0666942784256195,0.0260387314054502,0.00975821967537446,0.0162805117300757,0.996130881663678,-0.00209749065207795
1.84,1.41710493909305,3.41641779167541,0.0871552234601122,3.38479256946782,0.0667608899928606,0.0220243523943087,0.00573777818455593,0.0162865742097528,0.996128245806739,-0.00212530219961165
1.845,1.39186162839952,3.42482555692416,0.0872445173289631,3.38024037508338,0.0668283760835211,0.0276805128515456,0.0113923401758307,0.0162881726757149,0.996146151946104,-0.00207991829981976
1.85,1.40052162199262,3.41467171711916,0.0873358977555903,3.37558439766206,0.0668939745104903,0.0250426617675583,0.00874679588579476,0.0162958658817636,0.996147218729899,-0.00209447144030266
1.855,1.38414038506997,3.41812668952471,0.0874258819052656,3.37097787218636,0.0669599385043235,0.0290147258780777,0.0127136891728147,0.0163010367052631,0.996160712642557,-0.00206484883426143
1.86,1.38981923728087,3.40960708138149,0.0875170249958938,3.36630825654883,0.0670245918405055,0.0270210290175853,0.0107109915583693,0.016310037459216,0.996163233696662,-0.00207411911467696
1.865,1.41548683721721,3.39029042139646,0.0876070826389236,3.361674505049,0.0670894045740671,0.0209908347848926,0.00467354147483622,0.0163172933100564,0.996155685582278,-0.00211875839245638
1.87,1.38318904205528,3.4027109051145,0.087693970715975,3.35716603939983,0.0671557401341279,0.0281447708988327,0.01182712321059,0.0163176476882426,0.996176923846587,-0.00206101762460583
1.875,1.35845144636613,3.41062137768868,0.0877837095543881,3.35252203794699,0.0672197122923362,0.0355523443315812,0.019226421938399,0.0163259223931822,0.996194538415012,-0.00201689307069749
1.88,1.33624092636404,3.41693701649691,0.0878754198200935,3.34777822977812,0.0672817888177668,0.0435544219832801,0.0272143097023442,0.0163401122809359,0.996210993617624,-0.00197740214419088
1.885,1.35108962571621,3.40370666162201,0.0879687800013692,3.34294693238633,0.067342108173108,0.0373428039412231,0.0209832664312071,0.0163595375100161,0.996209004001017,-0.00200255077372281
1.89,1.34372053879236,3.40215814349076,0.0880601923346011,3.33819050395123,0.0674031583805873,0.0396083755817157,0.0232333066722799,0.0163750689094357,0.996217998722847,-0.00198896773538557
1.895,1.31953085131092,3.40943932584585,0.0881518213299174,3.333411964414,0.067463452104629,0.0491774349213771,0.0327852538897462,0.0163921810316309,0.99623540527858,-0.00194619588228649
1.9,1.29001031283439,3.41923152522224,0.0882452653511854,3.32853795507702,0.0675218368054659,0.0630199033328673,0.0466049007442677,0.0164150025885996,0.996255571115758,-0.00189446970252361
1.905,1.30806766907709,3.40458890301021,0.088340931090729,3.323546628701,0.0675779182233307,0.0536180681669204,0.037173313344766,0.0164447548221544,0.996252064681246,-0.00192487154745563
1.91,1.28994385284109,3.40843499917353,0.0884344284405814,3.31864204396168,0.0676349006894796,0.0620562000669681,0.0455861758132722,0.0164700242536959,0.996266512119611,-0.00189288577830188
1.915,1.29128764600521,3.40227392988119,0.0885290932169452,3.31366971380643,0.067690342838695,0.0608391946185496,0.044339701339673,0.0164994932788767,0.996271281408602,-0.00189446288787222
1.92,1.30268820232014,3.39101784592846,0.0886231309884869,3.30871296056795,0.0677455510299145,0.0547470485784517,0.0382185445190709,0.0165285040593808,0.996270974767731,-0.00191337622461922
1.925,1.28237400116133,3.39601088860746,0.088715612890539,3.3038144607232,0.0678012159198013,0.0644615297664613,0.0479069074634296,0.0165546223030317,0.996286425114829,-0.00187769231867156
1.93,1.24108446225866,3.41143579153868,0.0888094695833837,3.29883906212723,0.0678551865530252,0.087963137837284,0.0713776556353181,0.0165854822019659,0.996312430546312,-0.001806418221752
1.935,1.24275402269688,3.40510773632535,0.088906465446389,3.29369896780682,0.0679060027559953,0.0864291780955019,0.0698032119514377,0.0166259661440642,0.996317123830625,-0.00180851918836224
1.94,1.23875009043718,3.40157997038651,0.0890028147645496,3.28857543396335,0.0679565539018311,0.0884054687882296,0.0717394460276004,0.0166660227606292,0.996324605084057,-0.00180098017845193
1.945,1.19888120433001,3.41562879820237,0.0890990063504014,3.28344493486159,0.0680064550601902,0.114758422875195,0.0980514510957587,0.0167069717794358,0.996349998023107,-0.00173284450626052
1.95,1.19698481224114,3.41098760947552,0.0891980043356134,3.27815938020129,0.0680532440105351,0.115656890620037,0.0988998499660674,0.0167570406539694,0.996356551674161,-0.00172891592299901
1.955,1.15460359103669,3.42556724891047,0.0892966516769222,3.27287565138148,0.0680994778677909,0.147354051362094,0.130546462370778,0.0168075889913164,0.99638331552272,-0.00165728111906535
1.96,1.16674516590392,3.41441518703074,0.0893980777866963,3.2674301710925,0.0681423768207762,0.137701294182858,0.120833665808305,0.0168676283745527,0.996382962139885,-0.00167677475787945
1.965,1.18247645064986,3.40156684215297,0.0894980837074625,3.26204207761976,0.0681856368810055,0.125682550966165,0.108757411955763,0.0169251390104026,0.996380721157952,-0.00170233787882422
1.97,1.1963220135322,3.38953776745286,0.0895963664654284,3.25672586037774,0.0682295201987222,0.115415181479727,0.0984359263482931,0.0169792551314343,0.996379313886999,-0.00172483219474449
1.975,1.19845521219119,3.3830410080939,0.0896930438942593,3.25147439001287,0.0682739170453748,0.113524843337449,0.0964945231075352,0.0170303202299134,0.996383660916112,-0.00172769548506946
1.98,1.19418221595284,3.37961864316181,0.0897890557863909,3.24624080363522,0.068318039437681,0.116144526601423,0.099063565826463,0.0170809607749596,0.996391162236946,-0.00171980356290835
1.985,1.23424107259195,3.35507054437986,0.0898849276832584,3.24099925169446,0.0683614502037458,0.0895155222454047,0.0723828797013211,0.0171326425440836,0.996376478372903,-0.0017866324085802
1.99,1.23039920513856,3.35158873230444,0.0899769266618064,3.23592787750924,0.0684072001420736,0.091513180312261,0.0743381321649087,0.0171750481473523,0.996383518216596,-0.0017794302144159
1.995,1.24726484655256,3.33792058941293,0.0900687828568579,3.23084994648124,0.0684523132297281,0.0808592878240474,0.0636409320420349,0.0172183557820125,0.996380185928359,-0.00180732693900032
2,1.20889202818148,3.35175319456626,0.0901586678701825,3.2258500663519,0.068498214833602,0.105167080223271,0.0879094493553598,0.0172576308679117,0.996404353354507,-0.0017417647123004
2.005,1.22575360150754,3.33820296732619,0.0902514317225223,3.2207012975074,0.0685411140874961,0.0937958653466871,0.0764898802528311,0.0173059850938561,0.996401052713589,-0.00176949869065978
2.01,1.2302421210774,3.33065661089898,0.0903422687620638,3.21562966386977,0.0685847801039848,0.0905785788964632,0.0732281728373979,0.0173504060590653,0.996403821831131,-0.00177639796614368
2.015,1.18993640654884,3.34524806869246,0.0904322404509624,3.21058530988333,0.068628379866869,0.117657007155357,0.100263238639537,0.0173937685158199,0.996428930378073,-0.00170790158637982
2.02,1.21511061466321,3.32783054825182,0.0905251902015212,3.20538567162146,0.0686688221564216,0.100256441525801,0.0828098111677485,0.0174466303580522,0.996421452651688,-0.00174948212838067
2.025,1.20729911883587,3.32632910304486,0.0906155356820424,3.20029546128918,0.0687105903582768,0.105141330412564,0.0876476574057698,0.0174936730067946,0.996430314576942,-0.00173566127354554
2.03,1.20903419987331,3.32016411777692,0.0907060880638175,3.19518258837893,0.0687514323298815,0.103646982556074,0.0861043785708795,0.0175426039851947,0.996434404657075,-0.00173789910231634
2.035,1.19738168635568,3.32053842474632,0.0907960255957641,3.19008554858665,0.0687920012081581,0.111306475859919,0.0937152963836587,0.0175911794762602,0.996445145084141,-0.00171766636918406
2.04,1.22161359848722,3.30351655018362,0.090886496818965,3.18495045211544,0.0688313722924766,0.0949803418654394,0.0773377790053656,0.0176425628600738,0.996437962646713,-0.00175771789319777
2.045,1.21357930304766,3.30222458252425,0.0909744033956754,3.17992097733816,0.0688720217204055,0.099899135744496,0.0822108817601006,0.0176882539843954,0.996446764060251,-0.00174352791643136
2.05,1.19482976932495,3.30616636178835,0.0910625621025467,3.17486775502013,0.0689117410704901,0.112392391027442,0.0946564852846007,0.0177359057428412,0.996460927538284,-0.00171140515793414
2.055,1.19277352236063,3.30188083680657,0.0911518861852332,3.16974778004635,0.0689497775887014,0.113557590654093,0.0957695195320494,0.0177880711220435,0.996466798227822,-0.00170729894218163
2.06,1.21216857971186,3.28723810305469,0.091240928315012,3.1646282753976,0.0689872694742296,0.100222535287218,0.0823817233982911,0.0178408118889267,0.99646191854275,-0.00173915394894902
2.065,1.21417951965502,3.28102726584064,0.0913278331056494,3.15959452920098,0.069025706619558,0.0986196572468233,0.0807306438046117,0.0178890134422116,0.996465606211406,-0.00174188096673264
2.07,1.19106231259881,3.287214584549,0.091414110301545,3.15457742920693,0.0690639046910703,0.114161617975832,0.0962248329016281,0.0179367850742037,0.996481815234585,-0.00170248716061815
2.075,1.14707790897542,3.30326305013919,0.091501957468832,3.14947604912343,0.0691001186605905,0.147224779135073,0.129234621507837,0.0179901576272368,0.996508533468353,-0.00162872838834794
2.08,1.12084410744844,3.31019673590557,0.0915929844004763,3.14420874025967,0.0691328688562874,0.16845853361408,0.150404612748917,0.0180539208651638,0.996526537903466,-0.00158484746284265
2.085,1.09093124222724,3.3185069050586,0.0916855905888581,3.13884828167977,0.0691633413455542,0.194145083054099,0.176021230528546,0.0181238525255526,0.996546456707032,-0.00153525617424045
2.09,1.09409048812729,3.31172417938115,0.0917799416967491,3.1333820626419,0.0691912513093371,0.191473368805821,0.173272667290021,0.0182007015157996,0.996549922658936,-0.001539739788557
2.095,1.10731012390298,3.30046402353753,0.0918736082917656,3.12793619448286,0.0692188722346789,0.180270667830328,0.161993484047058,0.0182771837832703,0.996548311559726,-0.0015606629270392
2.1,1.12719144602383,3.28614998240424,0.091965850727288,3.12254847601047,0.0692469097504999,0.163869479187264,0.145518432562982,0.0183510466242824,0.996543283662746,-0.00159259556175363
2.105,1.10238097400865,3.29230367425895,0.0920561300668378,3.11724437735649,0.0692758436314155,0.184872176334044,0.166451475907865,0.0184207004261793,0.996560487576442,-0.00155131069713059
2.11,1.09808243224157,3.28893323906285,0.0921478453314917,3.11185379687848,0.0693025777859744,0.188641993685181,0.170145751816144,0.0184962418690368,0.996567502221426,-0.00154364657949035
2.115,1.0747526648668,3.29412060776335,0.0922394301695753,3.10645533530638,0.0693285177523278,0.209479787616385,0.190906721895407,0.0185730657209778,0.996584015905434,-0.00150507611506468
2.12,1.07010370216462,3.2908355539495,0.0923322500121501,3.10097750276701,0.0693523306693027,0.21385307620527,0.195197667088531,0.018655409116739,0.996591244757732,-0.00149689930294941
2.125,1.06478364755264,3.28784256839291,0.0924249488116366,3.09549071657541,0.06937529748729,0.218897428960853,0.200158265562182,0.0187391633986703,0.996598792928978,-0.00148765130211644
2.13,1.06849118721139,3.28089469254511,0.092517572392777,3.08999252296639,0.0693973671187996,0.215779712902714,0.19695522378789,0.0188244891148236,0.996601813553196,-0.00149300017434382
2.135,1.05009191331191,3.2836710149247,0.0926094927140965,3.08451620640383,0.0694191656545511,0.233048574347457,0.214139158927437,0.0189094154200197,0.996615840935045,-0.001462685880434
2.14,1.08717511113176,3.26231538931395,0.0927022386293494,3.07898023640973,0.0694391519254537,0.200287719661841,0.181288924557711,0.0189987951041302,0.996602160738613,-0.00152198381974168
2.145,1.0614237083022,3.26859989061543,0.0927919258876969,3.07358769330385,0.0694611878277412,0.223999933279762,0.204919537645531,0.0190803956342307,0.996619728276334,-0.00147968089663427
2.15,1.05163770418986,3.26759919125605,0.0928830223081209,3.06810745933478,0.0694809165830614,0.23339971146887,0.21423156846109,0.0191681430077799,0.996629377557135,-0.00146328889545018
2.155,1.01705671164728,3.27732219291952,0.0929743584550464,3.0625994494777,0.0694994292550885,0.267207808052642,0.24794931267783,0.0192584953748121,0.996651427491384,-0.00140729631251846
2.16,1.02511986494568,3.26859468535251,0.0930675400562287,3.05697356299365,0.0695149811648195,0.259953596061591,0.240596771986061,0.0193568240755295,0.996652241890718,-0.00141952954785508
2.165,1.01081015298049,3.2693496662917,0.0931597669484172,3.05138455732663,0.0695305239153802,0.274439524512323,0.254985549461827,0.0194539750504964,0.996664183526612,-0.00139610351281708
2.17,1.0209078885376,3.25979780080839,0.093252473443955,3.04575232421511,0.0695444992880977,0.265207565304966,0.245652819480332,0.0195547458246348,0.996663936788965,-0.00141155782017466
2.175,0.998575889470606,3.26395088368515,0.0933441016810606,3.04016399299228,0.0695586030816008,0.287911754381456,0.268257830672049,0.0196539237094067,0.996679839692728,-0.00137544899872622
2.18,0.9639651111421,3.27296568054226,0.0934367069139748,3.03450394192468,0.0695705739982872,0.324050010699508,0.30429155019809,0.0197584605014181,0.996701923054305,-0.00132025282396099
2.185,0.941100129476503,3.27674673088999,0.0935309182077651,3.02873001490846,0.0695795312943957,0.348704866136621,0.328833997275753,0.0198708688608688,0.99671820667343,-0.00128386612626781
2.19,0.902464871159883,3.28646169922317,0.0936259465803238,3.02288527399793,0.0695862667863161,0.390999761358404,0.371011105745763,0.0199886556126412,0.996742407613614,-0.00122332189988321
2.195,0.934396822292054,3.2690167296341,0.0937224768539475,3.01691724274725,0.0695896562550918,0.359169890654181,0.339055013386233,0.0201148772679487,0.996731391989946,-0.00127220012165078
2.2,0.921367431105771,3.26869972944234,0.0938169902397933,3.01106334019514,0.0695946112627519,0.373990908577974,0.353755268073929,0.0202356405040445,0.996742743735596,-0.00125136430491644
2.205,0.903043227259667,3.27034070526563,0.0939117456679291,3.00517340470054,0.0695980083601944,0.394720335811813,0.374360506179933,0.0203598296318792,0.996756745501421,-0.00122243834518436
2.21,0.914221762395615,3.26070905206641,0.094006975098301,2.99923007202149,0.0695994659220955,0.384138415847675,0.363649914986814,0.0204885008608605,0.99675601027785,-0.00123910635698784
2.215,0.878080446746965,3.26912634897626,0.0941012349760449,2.99333179041675,0.0696010360130502,0.424769094269948,0.404153242783678,0.0206158514862707,0.996778875884587,-0.00118291780995212
2.22,0.860627976331945,3.27009777790204,0.0941967699440605,2.98732108595271,0.0695994127064247,0.445195978779419,0.424444795491889,0.0207511832875303,0.996792452139938,-0.00115569197481951
2.225,0.866152831398785,3.26265157263205,0.0942926327375095,2.98126160335985,0.0695958769185834,0.440755632510158,0.419864800187703,0.0208908323224555,0.996794546496764,-0.00116353447215889
2.23,0.908197733749286,3.24195518297493,0.094387842588937,2.97522795462007,0.0695920249187295,0.397897922264421,0.376867467220872,0.0210304550435489,0.996778337984556,-0.00122742208132498
2.235,0.899020775468599,3.24009932585883,0.0944806949083793,2.96933793178625,0.0695904185347943,0.409134846146743,0.387972022174562,0.0211628239721812,0.996787611857859,-0.00121271375314289
2.24,0.891587183437412,3.23754918228651,0.0945735804863076,2.96342540742398,0.0695875026716415,0.418575114711466,0.397277144200757,0.0212979705107094,0.996796006521103,-0.0012007227898514
2.245,0.86873234590086,3.24075659087406,0.0946664070919228,2.95749630012957,0.0695833921409598,0.445220491847113,0.423784924227353,0.0214355676197595,0.996812099666161,-0.00116520973312883
2.25,0.859970750767695,3.23857354383346,0.0947598623023104,2.95150034189297,0.069577001231869,0.456420075925264,0.434841404736592,0.0215786711886722,0.996821168551324,-0.00115131213995598
2.255,0.852885276173671,3.23575081267968,0.0948532848003224,2.94548405197225,0.069569299385366,0.465856719034608,0.444132180287441,0.0217245387471663,0.996829388502107,-0.00113999646426173
2.26,0.910850866695378,3.20951967187181,0.0949465960235904,2.93945296710366,0.0695603973768078,0.405962599535171,0.384089730853577,0.021872868681594,0.996805068161513,-0.00122802088882635
2.265,0.897851416058921,3.20923711180095,0.095036810325998,2.93361412523194,0.0695548433438483,0.421687575634809,0.399676875016294,0.0220107006185153,0.996816066893717,-0.00120747386758781
2.27,0.895333230238641,3.20490160137051,0.0951272717785165,2.92774009237151,0.0695477138812338,0.425919172758447,0.403766977830807,0.0221521949276399,0.996821828750545,-0.00120305233837949
2.275,0.906789359982482,3.19528162094577,0.0952174530110502,2.92186547935489,0.0695397322366123,0.414851343255821,0.392556112973131,0.0222952302826898,0.996820580985502,-0.00122007976650576
2.28,0.874302862078885,3.20249635439873,0.0953066589644067,2.91603580032923,0.0695318741622627,0.452940164114271,0.430503229939333,0.0224369341749382,0.996841247739704,-0.00116981771295131
2.285,0.876896249965308,3.19623786952168,0.0953970403713449,2.91010719857782,0.0695210738606537,0.451691683224564,0.429105350313243,0.0225863329113211,0.996844424401793,-0.00117321926289113
2.29,0.865522878253283,3.19518434430637,0.0954869021766834,2.90419454254343,0.0695097604685976,0.466122076769489,0.443385756579241,0.0227363201902484,0.996854550330949,-0.00115537396837372
2.295,0.884695514445519,3.18285124592743,0.0955768861989888,2.89825294365402,0.0694969588409704,0.446612435858105,0.423722705761076,0.0228897300970295,0.996849400929137,-0.00118401532973976
2.3,0.88673759739612,3.17683821889745,0.0956655813903059,2.89238000986593,0.0694847963103594,0.445953573780676,0.42291319150243,0.0230403822782465,0.996852745086148,-0.00118658878739069
2.305,0.867874976403509,3.17871930131892,0.0957537833384578,2.88652114252773,0.0694720890576841,0.469021446997059,0.445829715673859,0.0231917313231998,0.996866509300314,-0.00115733476978412
2.31,0.895172958693202,3.16338404597009,0.0958424839012444,2.88060894336026,0.0694573771483218,0.440500052174919,0.417151952877157,0.023348099297762,0.996857209664463,-0.00119838925396425
2.315,0.899577413664797,3.15651147595019,0.0959294794769958,2.87479107599935,0.0694438722092045,0.437170430815734,0.413670459702102,0.023499971113632,0.996859265376924,-0.00120459028080058
2.32,0.902226623931846,3.15032163335737,0.0960158620106622,2.8689948026919,0.0694299945849504,0.435796359813954,0.412144326962825,0.0236520328511293,0.996862161072323,-0.00120811075974647
2.325,0.929190019289751,3.13478274826932,0.096101720656342,2.86321441524556,0.0694156246835928,0.407509330630481,0.383704677697854,0.0238046529326266,0.996852866562046,-0.00124901697004369
2.33,0.91075339307446,3.13700281970988,0.0961857313219413,2.85752869867992,0.0694024623031742,0.429967949386791,0.406015441438203,0.0239525079485881,0.996866174703911,-0.0012201232784684
2.335,0.929501124692488,3.12458363508194,0.0962703763711305,2.85178940199836,0.0693873580187501,0.410603900616694,0.38649840381209,0.0241054968046038,0.996860914331024,-0.00124842724933469
2.34,0.933613689659076,3.11787409387755,0.0963536024397641,2.84611826006166,0.0693728929267536,0.407485731063302,0.383230265101581,0.0242554659617218,0.996862895536757,-0.00125424283935426
2.345,0.943816014217259,3.10874017800896,0.0964362137882303,2.84046770401849,0.0693580598852092,0.397554428516387,0.373148827985989,0.0244056005303973,0.996861795149382,-0.00126948117243222
2.35,0.983252585581567,3.08776274066491,0.0965178488947774,2.83485776392411,0.0693432867629638,0.355896987260841,0.331342482207585,0.0245545050532562,0.996846023632555,-0.00133029711132684
2.355,0.97244423686165,3.08738387612448,0.0965966230981816,2.82938534760039,0.0693306210435873,0.369237523297324,0.344542275835781,0.0246952474615432,0.996855229936859,-0.00131290417548631
2.36,0.9472556162609,3.09295226797145,0.0966757380825059,2.82388308477655,0.0693165905210868,0.399277984221882,0.374438441232199,0.0248395429896833,0.996871636588859,-0.00127326665299393
2.365,0.956618725135679,3.0841559746708,0.0967560670528353,2.8183028853645,0.0693001828338122,0.390228150916773,0.365237381213055,0.0249907697037177,0.99687081949615,-0.00128725676260612
2.37,0.965381886448212,3.07559492741156,0.0968354493918119,2.81276050869249,0.069283785777186,0.381838433993449,0.356697532242957,0.0251409017504922,0.996870250538162,-0.00130035093273606
2.375,0.954386272175167,3.07523557568078,0.096913909835588,2.80725404090903,0.0692673647724248,0.395794659488252,0.370504621578336,0.0252900379099159,0.996879510553162,-0.00128277503360465
2.38,0.93823132404839,3.07693838421322,0.0969927029547635,2.80171754092526,0.0692495497508162,0.415918164995514,0.390475315526892,0.0254428494686221,0.996891360061496,-0.00125729414986712
2.385,0.923000877056176,3.07813979885665,0.097072122270459,2.79613418499537,0.0692299718617581,0.43522983677091,0.409629275579774,0.0256005611911354,0.996902771100254,-0.0012333530813228
2.39,0.92133589780916,3.07382588104257,0.0971520737500273,2.79050760552299,0.0692086821225246,0.438874297593875,0.413111332290888,0.0257629653029872,0.996907418571226,-0.00123029339801386
2.395,0.936878644034142,3.06267363207991,0.0972317575022751,2.78488238553664,0.0691866125889493,0.422751929717394,0.396824960477821,0.0259269692395723,0.996903443162063,-0.00125368379757946
2.4,0.922767734357464,3.06345875884132,0.0973101632125015,2.77931427668271,0.0691649590426879,0.440937783081596,0.414849200102948,0.0260885829786484,0.996914227629667,-0.00123149306204398
2.405,0.913163412148322,3.06234736454249,0.097389045377622,2.77370668065701,0.0691416699522426,0.453989895466014,0.427735193782986,0.0262547016830277,0.996922775404829,-0.00121628482387308
2.41,0.869168732426675,3.07478447559204,0.0974681197915868,2.76807465449117,0.0691170473080866,0.508997036776612,0.482572735376868,0.0264243013997438,0.996948521402501,-0.00114893244321806
2.415,0.872609309579447,3.06846314973202,0.0975491694062776,2.7623078229849,0.0690886926419387,0.507035084304298,0.48042994454038,0.0266051397639187,0.996950637102492,-0.00115363921834375
2.42,0.889537077748074,3.05705060493683,0.0976296878577273,2.75655857119135,0.0690598698516032,0.489225192166405,0.462438548795114,0.0267866433712909,0.996945977761004,-0.00117878780149697
2.425,0.866236199742958,3.06107898129356,0.0977089735024762,2.75086906467918,0.0690315174304517,0.519398493129717,0.492432726066159,0.026965767063558,0.996961368364684,-0.00114305286476185
2.43,0.865689526454583,3.05628554270055,0.0977890987137683,2.74511261001707,0.0690008537848002,0.522240437253265,0.495088896965164,0.0271515402881009,0.996965415309532,-0.00114174561153557
2.435,0.861437225663256,3.05289625226803,0.0978688953727526,2.73936120237256,0.0689694410043641,0.529562972935084,0.50222405769751,0.0273389152375745,0.996971293453555,-0.0011348618580073
2.44,0.870540227623649,3.04449894861692,0.0979485470463974,2.73360330446568,0.0689370210180638,0.520931162604142,0.493402426410836,0.0275287361933054,0.996970481032381,-0.00114809546264593
2.445,0.873304522912577,3.03849323109856,0.0980273929421671,2.72788028372151,0.0689045160949926,0.519827433899662,0.492109400150935,0.0277180337487268,0.996972794154552,-0.00115178812674623
2.45,0.835391926559879,3.04797623714828,0.0981057472290426,2.72217249421636,0.0688714924641369,0.568896292254001,0.54098807616557,0.0279082160884309,0.996995416798102,-0.00109442609724988
2.455,0.802352208568315,3.05500685824227,0.098185575133872,2.71635328034713,0.068835134240214,0.612136371937783,0.584027977963236,0.028108393974547,0.997015665938079,-0.00104490704785692
2.46,0.79852067153544,3.05129260908269,0.0982664460604232,2.71044056144447,0.0687957532597512,0.619465794440516,0.591148469477202,0.0283173249633133,0.997021353535591,-0.00103879022568135
2.465,0.803395480780778,3.04454040674718,0.0983471174528417,2.70452333326054,0.0687553490142523,0.616302071707154,0.587773252824903,0.0285288188822517,0.997022672473452,-0.00104552666689478
2.47,0.820798906976163,3.03339668207176,0.0984272487227012,2.69862734095639,0.0687145202796567,0.598047391938914,0.569306331352175,0.0287410605867391,0.997017695857113,-0.0010708324635149
2.475,0.833778927679393,3.02374711513613,0.0985063121815923,2.69278965819437,0.0686741345918617,0.584919956654882,0.555968627185213,0.0289513294696683,0.997014875363876,-0.00108966982838247
2.48,0.881210086774176,3.00147960404876,0.098584457238191,2.68699749268353,0.0686338960598647,0.530755774149678,0.501595287631323,0.0291604865183552,0.996994780892626,-0.00116033003152585
2.485,0.88002114224299,2.99708704264712,0.098659908356024,2.68135495581699,0.0685961892169202,0.534564427225173,0.505203949178516,0.0293604780466573,0.996998866197584,-0.00115807491396212
2.49,0.868612803954071,2.99664604572355,0.0987350853099728,2.67571505136685,0.0685576908236128,0.551143438490327,0.521581071284978,0.0295623672053482,0.997008043208729,-0.00114043498548294
2.495,0.938898693887334,2.96500023695029,0.0988105278251202,2.67004604875857,0.0685176947880998,0.4699948201629,0.440226234221759,0.029768585941141,0.996976380061068,-0.00124671342635652
2.5,0.942895593415535,2.95864766658398,0.0988815535134176,2.66459966856135,0.0684818207856636,0.46717037391045,0.437211097868653,0.0299592760417966,0.996977652829134,-0.00125239325016218
2.505,0.926531059361158,2.96074327354911,0.0989519932875832,2.65917210202654,0.068445553234014,0.48969232417133,0.459541887292652,0.0301504368786781,0.99698907469057,-0.00122687973670601
2.51,0.917754869500953,2.95961035618108,0.0990231509067182,2.65369773459593,0.0684074929376955,0.50287581892802,0.472528551092342,0.0303472678356772,0.996996730714662,-0.00121304020501012
2.515,0.945446262357108,2.94370909852289,0.0990945240481377,2.64820136724001,0.0683681488608339,0.471161624335736,0.440613747766403,0.0305478765693332,0.996986158130702,-0.00125494429676285
2.52,0.942902152343858,2.9401200727803,0.0991638118867893,2.64279861180151,0.0683300206149525,0.476470374578555,0.445727375120917,0.0307429994576376,0.996990603160773,-0.00125059527157218
2.525,0.963858069567519,2.92676845092957,0.099232946577091,2.63739346994662,0.068291050357137,0.452866114960872,0.421925794342057,0.0309403206188154,0.996983286747654,-0.00128239107853656
2.53,0.988650292073379,2.91164149246258,0.0993003435032551,2.63206138101598,0.0682528489047396,0.424712566562586,0.393578893883351,0.0311336726792356,0.996973968475876,-0.00132033574135111
2.535,0.993587481214368,2.90496382812623,0.0993656443361414,2.62681550321467,0.0682156945892739,0.420623828632978,0.389302012622134,0.0313218160108437,0.996974478015276,-0.00132757834258041
2.54,0.96898290353935,2.911258266556,0.0994302674735759,2.62159139387523,0.0681782441423391,0.45344845139885,0.421938405983642,0.0315100454152086,0.996989723679759,-0.00128901676682135
2.545,0.981953057821068,2.90115851906484,0.0994963806694401,2.61629142538894,0.0681384754204501,0.439506535109342,0.407800065255439,0.0317064698539029,0.996986245888907,-0.00130864939127982
2.55,0.994879017340238,2.89103891463613,0.0995612475532686,2.61103916068128,0.0680989423554195,0.425627684125768,0.393726797029295,0.0319008870964729,0.996982729622806,-0.0013282881927362
2.555,0.977745274552676,2.89411417166208,0.0996248434785155,2.60583466148477,0.0680596510936737,0.449183346467933,0.41709012072873,0.0320932257392028,0.996994181746673,-0.00130128845603603
2.56,1.00033442867067,2.87983942389087,0.0996894117009517,2.60057897291072,0.0680185539155221,0.423438677660684,0.391146853768087,0.0322918238925974,0.996985812767672,-0.00133592463078976
2.565,1.0086712318274,2.87171004189593,0.0997519801203409,2.59540234872495,0.0679783528821864,0.415164481589306,0.38267882609129,0.0324856554980153,0.996984475739439,-0.00134850160793637
2.57,1.02047965745543,2.86202456138953,0.0998136000755147,2.59025851037239,0.0679380908042593,0.402652175196571,0.369973562869058,0.0326786123275133,0.996981356510253,-0.001366543240585
2.575,0.990640904040757,2.87116536332218,0.0998739811932976,2.58515902181305,0.0678980105794643,0.442383850030293,0.409514201827625,0.0328696482026681,0.996999001546328,-0.00131962906363071
2.58,0.9922463417273,2.86603365761454,0.0999364114049457,2.57996494600992,0.0678552777466467,0.442507625567153,0.409436893964138,0.0330707316030154,0.997001013521622,-0.0013217071711212
2.585,1.00048316671936,2.85799189616866,0.0999984227580202,2.57478132258617,0.0678120123629428,0.434320410478475,0.401047470433682,0.0332729400447926,0.996999687439632,-0.00133409549621832
2.59,0.99804581364359,2.85469328904187,0.100059503806384,2.56962984891288,0.0677686667269031,0.439538580507583,0.406064200834989,0.0334743796725938,0.997003653172097,-0.00132989816179133
2.595,1.00689997000694,2.84638587977163,0.100120482539761,2.56447542630557,0.0677245190223912,0.430567441548763,0.39688933651451,0.0336781050342532,0.997001965204927,-0.00134327030095226
2.6,1.03462035580021,2.8296190271877,0.100180474850258,2.55935513932741,0.0676803350210618,0.398435782150352,0.364554915469011,0.0338808666813413,0.996990796559739,-0.00138622311448321
2.605,1.02996050835211,2.8274942961816,0.100237907796986,2.55433129520523,0.0676374044413322,0.406281624343614,0.372204621696327,0.0340770026472867,0.996995700187086,-0.00137852078564043
2.61,1.0497373548849,2.8141475725762,0.100295453057285,2.54929662112106,0.0675935470025602,0.383973002929638,0.349696942126718,0.03427606080292,0.996988387544223,-0.00140921891217912
2.615,1.04213874573438,2.81348892133355,0.100351024496248,2.54433280637982,0.0675504183652436,0.395428679732376,0.360958020013495,0.0344706597188815,0.996994671475231,-0.00139687256834566
2.62,1.0250120251456,2.81722693647381,0.100406983095926,2.53934796781756,0.0675061748308781,0.419187771129888,0.384518680078718,0.03466909105117,0.997005733993004,-0.00136962205360149
2.625,1.00253459418287,2.82325480195535,0.100464120729769,2.53431023181677,0.0674601621717124,0.450390596945491,0.415516325659898,0.0348742712855939,0.997019521649936,-0.00133417810315917
2.63,1.01413839779987,2.81376343393365,0.100522811733027,2.52920251102954,0.067412002197883,0.437856661996816,0.402768871304044,0.0350877906927716,0.997016334969349,-0.00135185278612589
2.635,1.02040049992131,2.80666682018435,0.100580285969766,2.52413761049063,0.0673639853326074,0.432110687114994,0.396811132323444,0.0352995547915502,0.997015761963596,-0.0013612392785138
2.64,1.06155525406356,2.78366024482814,0.100636967105238,2.51909806534721,0.0673157578224939,0.383261791162272,0.347750676640059,0.0355111145222125,0.996997704471108,-0.00142551261692182
2.645,1.03210202536992,2.79352111274518,0.100689801939087,2.51419924789045,0.0672696847701246,0.423142613346777,0.38743101428047,0.0357115990663068,0.997014777419451,-0.00137880330829957
2.65,1.07145116760369,2.771159743693,0.100744966542495,2.50920505835858,0.0672210242088362,0.376487052362994,0.34056419652344,0.0359228558395537,0.996997550018506,-0.0014404195342813
2.655,1.06804585460719,2.76871394431593,0.100796358800691,2.50434622580084,0.0671743997594655,0.382813943598981,0.346690552240446,0.0361233913585352,0.997001530089152,-0.00143466967812574
2.66,1.0395934272161,2.77824950150023,0.100847809585782,2.49948006495136,0.0671269560754637,0.42162200648451,0.385295422245507,0.0363265842390033,0.997018033985459,-0.00138947317317179
2.665,1.08227741225159,2.75422078235963,0.100901556164598,2.4945216240208,0.0670769987366439,0.370745620555386,0.334205216477922,0.0365404040774646,0.996999068827781,-0.00145649827793871
2.67,1.09253555896395,2.74521954308972,0.100951149868607,2.48970981873048,0.0670292993644736,0.360092787531316,0.323350547899184,0.0367422396321321,0.996996130691603,-0.00147246630844676
2.675,1.08583482880518,2.74451847938502,0.100999509240798,2.48493715033719,0.0669817079579916,0.370520457647996,0.333578187145379,0.0369422705026166,0.997001615391919,-0.00146146309515066
2.68,1.07953815602399,2.74359439577075,0.101048271167636,2.48014546828776,0.0669330902531644,0.380572722029605,0.343426644463784,0.037146077565821,0.997006913761782,-0.00145112089805764
2.685,1.1060887911677,2.72672242688432,0.101097388982606,2.47533626720075,0.0668834662177658,0.349898730135504,0.312545170139475,0.0373535599960291,0.99699580207287,-0.00149305551026154
2.69,1.07289459127206,2.73929974901131,0.101143672660123,2.47062144285814,0.0668350375804837,0.394412671770038,0.356858863727012,0.0375538080430267,0.997014436035325,-0.00143992422221125
2.695,1.09861303523147,2.72289782205252,0.101192940418788,2.46579576967752,0.0667838122671405,0.364377755297736,0.326611051432437,0.0377667038652987,0.997003742952657,-0.00148044239624906
2.7,1.1319855602781,2.70248788205637,0.101239481094641,2.46106114957871,0.0667337149948379,0.325838994360408,0.287866287562008,0.0379727067983999,0.996989100992227,-0.00153357305000738
2.705,1.12518153994325,2.70213284635351,0.101282382278629,2.45644495203037,0.0666852802833141,0.336160175742911,0.297991319215206,0.0381688565277054,0.996994385775445,-0.00152232446046231
2.71,1.15782277439509,2.68177075703967,0.101325772707397,2.45180850292891,0.0666358435618635,0.299322442269776,0.260953540756172,0.0383689015136039,0.996979967780697,-0.00157467549976933
2.715,1.17767443189975,2.66769124719153,0.101365446051456,2.44728932757212,0.0665880396119602,0.278172203381128,0.239613241317283,0.0385589620638448,0.996971780158815,-0.00160664551005942
2.72,1.15412655241507,2.6765230675942,0.101402688573877,2.44284389374781,0.0665410414156964,0.307996286891434,0.269253000376559,0.0387432865148747,0.996985184566243,-0.00156812657363503
2.725,1.16419975867191,2.66756328306028,0.101442363752543,2.43831722412956,0.0664919634107193,0.297970156164115,0.259032585555018,0.0389375706090975,0.996981883614801,-0.00158416469490052
2.73,1.13900687613582,2.67710506596801,0.101480716448665,2.43382944991705,0.0664430289997319,0.330727113490161,0.291597396215245,0.039129717274916,0.996996156563676,-0.00154313757183892
2.735,1.1279028980093,2.67906512984548,0.101521621628927,2.4292553586076,0.0663918906898798,0.346680368578994,0.307347936353994,0.0393324322250004,0.997003495240876,-0.00152497495924033
2.74,1.13745211782413,2.67043952784262,0.101563492823008,2.42464572204357,0.0663394637274338,0.336963480323742,0.297422790856854,0.0395406894668876,0.997000548022827,-0.00154003342417816
2.745,1.14584956018484,2.66239875753728,0.101604133977556,2.4200726280435,0.0662871137562684,0.328721423274384,0.288974231345799,0.0397471919285853,0.996998121570252,-0.00155327932985827
2.75,1.16366799062018,2.64948329883585,0.101643657586403,2.41553212112022,0.0662347712183075,0.309192679953904,0.269240377876043,0.039952302077861,0.99699093453068,-0.00158182520560945
2.755,1.14344808678267,2.6564781999913,0.101681006576097,2.41105727445888,0.0661830695970637,0.336330899445729,0.2961783754772,0.0401525239685285,0.997002670672467,-0.00154884598376014
2.76,1.14203580588446,2.6535243189351,0.101720389464644,2.40651386508472,0.0661294933366494,0.340272896246869,0.299911181192319,0.0403617150545499,0.997005090266046,-0.00154628290302717
2.765,1.14772919670296,2.64690673290145,0.101759719965405,2.40196863978674,0.0660752722889531,0.335359021714411,0.294785940247608,0.0405730814668033,0.997003953420871,-0.0015551825539952
2.77,1.09577782897814,2.67022154743217,0.101798224693411,2.3974463976059,0.0660208755254916,0.406243681610879,0.365459626564382,0.0407840550464966,0.997031601775498,-0.0014716426248078
2.775,1.11523565219314,2.65678416505655,0.101841975504975,2.39274527923424,0.065962481350541,0.383293327780071,0.342277989407631,0.04101533837244,0.997023771892939,-0.00150237087364461
2.78,1.12489280622989,2.64818218350457,0.101883519475141,2.38811355609673,0.0659047766478387,0.373168168786071,0.33192655353009,0.0412416152559815,0.997020745046118,-0.00151754029047259
2.785,1.12398938399732,2.64495213529658,0.101923837858445,2.38351815064261,0.0658471274089024,0.376754493222119,0.335288239572454,0.0414662536496653,0.99702294393026,-0.00151580199306964
2.79,1.14734838832088,2.62937541318568,0.101964043426339,2.37892271092007,0.0657888415490117,0.349284590938851,0.307591548767203,0.0416930421716486,0.997013005336403,-0.00155308164767773
2.795,1.15995805333426,2.61921261809246,0.10200151990805,2.37441078693699,0.0657315209536491,0.335673120619316,0.293760017454101,0.0419131031652145,0.997008322006439,-0.00157319028685098
2.8,1.14072997611005,2.62576402398381,0.102037395516166,2.36994572380352,0.0656744747151371,0.362811694161685,0.320681463771626,0.0421302303900588,0.997019487166406,-0.00154188043237617
2.805,1.17119153763907,2.60639837813936,0.102075213818252,2.36541586860341,0.0656156110568149,0.326815996849558,0.284459702458433,0.0423562943911249,0.997005890321024,-0.00159086530755919
2.81,1.18510572326577,2.59549755374497,0.102109421583147,2.36099460188749,0.0655581878664692,0.311850696932299,0.269277964644484,0.0425727322878149,0.997000410128236,-0.00161325222198307
2.815,1.1965542845909,2.58588416715619,0.102141829633093,2.35662505676024,0.0655011409846423,0.300073594601943,0.257288027286889,0.0427855673150542,0.996996084133428,-0.0016317036532711
2.82,1.2193646619042,2.57008239239751,0.102172704566106,2.35229869270285,0.0654443194437504,0.275101384661903,0.23210572752337,0.0429956571385325,0.996986010257289,-0.00166889012959973
2.825,1.22931307023027,2.56124353603073,0.102200629596192,2.3480562773083,0.065388479858923,0.265549317977038,0.222350916335644,0.0431984016413935,0.99698223947445,-0.00168507147000966
2.83,1.19449265413001,2.57739765960679,0.102227156557261,2.34385203983788,0.0653327973325509,0.310175026431208,0.266776257650738,0.04339876878047,0.997000792245514,-0.00162769787514571
2.835,1.21816527900477,2.56115863557962,0.102257817506378,2.33952315073264,0.0652743399456186,0.283803071159409,0.240188424421881,0.0436146467375281,0.996990275815689,-0.00166627591153543
2.84,1.22232274492278,2.5555492889578,0.102285424996886,2.33528096122422,0.0652169097667205,0.280993176947107,0.237170330983252,0.0438228459638554,0.996989384844033,-0.00167290921211375
2.845,1.21524947613934,2.55619459336973,0.102312362866989,2.33105585231436,0.0651592486095511,0.291740374949275,0.247709325166752,0.0440310497825229,0.996994079812679,-0.00166107210172982
2.85,1.24448114283245,2.5367422852631,0.102340033318597,2.32680714985068,0.0651006231643046,0.259568925966355,0.215325125718038,0.0442438002483165,0.996980653179858,-0.00170908773579287
2.855,1.22418623830899,2.54503555594416,0.102363850038981,2.32266575796732,0.0650434003322333,0.285978503492917,0.241532176805729,0.0444463266871878,0.996991823694949,-0.00167538596488114
2.86,1.23070886199841,2.53815003783359,0.102390123039933,2.31845188196806,0.0649843692115551,0.28036165317588,0.235702811255977,0.0446588419199025,0.996989690404971,-0.00168593970026497
2.865,1.23560818488357,2.53218374962728,0.10241542713096,2.31426347589912,0.0649252594746677,0.276716570207571,0.23184615361233,0.0448704165952406,0.996988326618466,-0.00169383658710891
2.87,1.23784786395257,2.52772686338008,0.102439966557292,2.31009464202952,0.0648659697033135,0.276259943478024,0.231178246936893,0.0450816965411314,0.996988259327418,-0.00169735137087488
2.875,1.24813032508609,2.51875103559877,0.102464082613203,2.30593568142851,0.0648063294196212,0.26629987703818,0.221006101921513,0.0452937751166671,0.99698415199489,-0.00171418828569764
2.88,1.25302964414157,2.51282876688364,0.102486732804526,2.30181580043554,0.064746862813729,0.262733714030962,0.217230419932268,0.0455032940986932,0.996982672946084,-0.00172214161981524
2.885,1.29834579508679,2.48385244192353,0.10250861440934,2.29771539998796,0.0646872278590529,0.214708011753362,0.168995545302046,0.0457124664513164,0.996960952138358,-0.00179765257302299
2.89,1.30416549254781,2.47746352907368,0.10252421929955,2.29378251318039,0.0646300555231236,0.21044405865951,0.164540221959721,0.0459038366997891,0.996958710458742,-0.00180731738458438
2.895,1.26883468205577,2.49554224734924,0.10253891562851,2.28987257894943,0.0645728248367747,0.252357426562225,0.206263213534159,0.0460942130280659,0.996977004944436,-0.00174802918835323
2.9,1.28583187764065,2.48267923870432,0.102558400067852,2.28583075292097,0.0645128690048184,0.235215027688009,0.188913469445511,0.0463015582424982,0.996969340105519,-0.00177627461492307
2.905,1.27835693219229,2.48409403265824,0.102575457538924,2.28185291220362,0.0644535425376708,0.245875837177431,0.199372597422824,0.0465032397546067,0.996973807224665,-0.00176363888503976
2.91,1.24330724295053,2.50153648674051,0.102593443180279,2.27784836440051,0.0643932754676716,0.290567421069047,0.243857572788887,0.0467098482801599,0.996992101156116,-0.00170521356150262
2.915,1.23971967009293,2.50047259747023,0.102615999497253,2.27371511700863,0.0643302733775096,0.297473873866551,0.250540633026071,0.0469332408404808,0.996994859095679,-0.00169910764287861
2.92,1.19536503035257,2.52244952894439,0.102638895685113,2.26957022016656,0.0642665333538306,0.358679080365665,0.311519060981222,0.0471600193844431,0.997018014662816,-0.00162605601748174
2.925,1.23335682009086,2.49849223905929,0.102667225996661,2.26526602765773,0.064199416792895,0.312313870825629,0.264906668884261,0.0474072019413676,0.997000228586014,-0.00168820900164663
2.93,1.25280922434532,2.48443775889395,0.102690658215863,2.26109767998897,0.064134192628306,0.290509801262237,0.242869174820308,0.0476406264419292,0.996991502529351,-0.00172021611790277
2.935,1.26775593396572,2.4728592953292,0.102711424838972,2.25700082429955,0.0640696996872145,0.274691919713511,0.226824229087985,0.047867690625526,0.996984915164302,-0.00174490354206304
2.94,1.22301195991639,2.49578216891865,0.10273007722335,2.2529595804359,0.064005664705318,0.335069456998755,0.286979291124574,0.0480901658741815,0.997008082633592,-0.00167068816117027
2.945,1.2223104946895,2.49305571505452,0.102754482022952,2.2487551172933,0.063938260690393,0.338748278479265,0.290414495268221,0.0483337832110441,0.997009473739919,-0.00166935006041313
2.95,1.2243813403259,2.48878790613742,0.102778841284162,2.24454948554021,0.0638702721425546,0.33877765898361,0.290197891659878,0.0485797673237319,0.997009476256828,-0.00167257328662984
2.955,1.28298845396406,2.45291325508915,0.10280280347852,2.24035257069481,0.0638018741817534,0.2685779993062,0.21975103314976,0.0488269661564396,0.996981193240933,-0.00176962197158303
2.96,1.26083484227516,2.46301425673345,0.102818853822255,2.23636656125405,0.0637366916931209,0.298854958549914,0.249804272059494,0.04905068649042,0.996992953358915,-0.00173256128718711
2.965,1.27106693097613,2.45416252509659,0.102837830172686,2.2322994897715,0.0636696066467335,0.288610551973959,0.239324411848281,0.0492861401256776,0.996988644920575,-0.0017494469366361
2.97,1.23454719354442,2.47246695480121,0.102855316275767,2.22827062641927,0.0636026670758612,0.339401253018485,0.289882180884757,0.0495190721337283,0.997007648708717,-0.00168874664483673
2.975,1.24054117051538,2.466052208971,0.102877551598127,2.22410870595312,0.0635328925419349,0.334266783335814,0.284496752417039,0.049770030918775,0.997005597322662,-0.00169847628015853
2.98,1.29712052330762,2.4309565533066,0.102898884393595,2.21996935001039,0.0634629598557425,0.266328037191683,0.216307495543299,0.0500205416483841,0.996978214482777,-0.00179255345076609
2.985,1.29194857113143,2.43123030134164,0.102912406952624,2.21603461070858,0.0633960986814305,0.275241139522359,0.224993208488248,0.0502479310341102,0.996981375095086,-0.00178377303479444
2.99,1.28455067510915,2.43279665930127,0.102926579691479,2.21208113322609,0.0633284282226745,0.287130576156342,0.236650938934672,0.0504796372216708,0.996985676146417,-0.00177127574267399
2.995,1.27607307347969,2.43495406344024,0.102941704228748,2.20810075899093,0.0632597992664782,0.300675762026543,0.249959052675178,0.0507167093513654,0.996990557303128,-0.00175699472937662
3,1.30135106530839,2.41734918627422,0.102957914119503,2.20408966735103,0.0631901334376547,0.271824786837294,0.220865111731784,0.0509596751055106,0.996978606549754,-0.00179919805365053
3.005,1.33477349219618,2.39470037101728,0.102970495146772,2.20017170031425,0.0631215635952869,0.234941949052426,0.183748770322745,0.0511931787296811,0.996962429354537,-0.00185551403400955
3.01,1.32305775959741,2.3992451597503,0.102978140943666,2.19637807286952,0.063054629377804,0.251237264027122,0.19982422756112,0.0514130364660019,0.996968611692984,-0.00183562052223926
3.015,1.33619130516052,2.38864300237282,0.102987470139297,2.19254014936141,0.0629865024719908,0.238344278945893,0.186703920909988,0.0516403580359048,0.996962440767128,-0.00185778421597575
3.02,1.35989801168826,2.37155305184661,0.102994804315092,2.18875152315385,0.0629187412789761,0.214087137701648,0.162223711742683,0.0518634259589652,0.996950898559793,-0.00189806469253024
3.025,1.37872323298954,2.35734452450988,0.102998509890224,2.18505229245601,0.0628520256830362,0.196179161847984,0.144102148942473,0.0520770129055105,0.996941643138044,-0.00193025051456965
3.03,1.39102938053018,2.34717135137311,0.102999270479529,2.18142464045448,0.0627860700996855,0.185643274753874,0.133360032806266,0.0522832419476079,0.996935522326745,-0.00195139143823051
3.035,1.40865299777925,2.33360080454037,0.102998079707735,2.17784388968136,0.0627204811278295,0.170255417231828,0.117770237053136,0.0524851801786924,0.996926660008073,-0.00198180646487903
3.04,1.41399266892776,2.32789047178394,0.102994058712179,2.17433081412569,0.06265560508146,0.167155430304979,0.114475382148079,0.0526800481569003,0.996923819601652,-0.0019910795553422
3.045,1.39624698630856,2.33713916310131,0.102989191541377,2.17083772061807,0.0625906855615472,0.187141293429802,0.134267340864088,0.0528739525657136,0.996932485959497,-0.00196045978865877
3.05,1.45016080977347,2.30037679870686,0.102987228990392,2.16727399024567,0.0625242737366661,0.139090994890007,0.0860124007313019,0.0530785941587051,0.99690544578354,-0.00205406941062015
3.055,1.46962988563415,2.28538662197034,0.102976362890583,2.16391891848023,0.0624608507145509,0.124897118883826,0.0716397558478467,0.0532573630359792,0.996895250177291,-0.00208828426614151
3.06,1.44301425772195,2.3013156381008,0.102962212978817,2.16064017496701,0.0623983130171053,0.149528713232572,0.0961012072068561,0.0534275060257157,0.996907957438955,-0.00204179170735676
3.065,1.4390851380846,2.30182304909442,0.102952719531849,2.15725251000591,0.0623337904834374,0.155119288714551,0.101506015904109,0.0536132728104417,0.9969095189842,-0.00203501621152734
3.07,1.43965509374845,2.29934975022138,0.102943948937481,2.15384780890734,0.062268670773245,0.156629703391608,0.102826903109245,0.0538028002823633,0.996908861612182,-0.00203608175553265
3.075,1.44490909918373,2.29380014202998,0.102935138161815,2.15044395628119,0.0622032283472257,0.15381874960373,0.0998249789111626,0.0539937706925669,0.996905860445307,-0.00204532137677053
3.08,1.46390493709387,2.27918433493542,0.102925496785952,2.14705948627835,0.0621377541129067,0.138987684893715,0.084803941578036,0.0541837433156794,0.996895953015982,-0.00207865117681973
3.085,1.4633369873693,2.27759764967775,0.102912668866233,2.14374897448658,0.0620731098115048,0.141407506883523,0.0870420913566877,0.0543654155268349,0.9968956920154,-0.00207776044811797
3.09,1.43047836237244,2.29762705074601,0.102900021842827,2.14043442874685,0.0620080942557205,0.174614763616378,0.120065671359678,0.0545490922566993,0.996911583904553,-0.00202045903248653
3.095,1.42913332101095,2.29640176866366,0.102893024788788,2.13698640237179,0.0619406915129842,0.178245433296266,0.123493594741432,0.0547518385548349,0.996911959035248,-0.00201817682344162
3.1,1.4142597890417,2.30401776006634,0.102886295470917,2.13353158116654,0.0618728231378936,0.196207922825811,0.14125077136279,0.0549571514630207,0.996919109752457,-0.00199241789209601
3.105,1.45866530727784,2.273137621673,0.102882057673634,2.13001670733564,0.0618036436236993,0.154721016123146,0.0995489232230357,0.05517209290011,0.996896726834523,-0.00206982097412452
3.11,1.42143647319164,2.29600798504401,0.102870411918324,2.12667378830218,0.0617368160327321,0.194735479738039,0.139369861807139,0.0553656179308994,0.996914846086435,-0.00200499018478632
3.115,1.40780726962783,2.30274394290488,0.102865097255708,2.123180387339,0.0616673223947827,0.212305665472669,0.156725027962139,0.0555806375105301,0.996921434677156,-0.00198142254217392
3.12,1.44338970889132,2.27766834730798,0.102862040772125,2.11963208747633,0.0615965805887956,0.17720742759814,0.121402702270444,0.0558047253276959,0.996903513467088,-0.00204326839941912
3.125,1.44454798759448,2.27489222225425,0.102853121782861,2.11622061156861,0.0615276194790335,0.17840361021811,0.122391423814659,0.0560121864034511,0.996902554964239,-0.00204536368986609
3.13,1.45674136559055,2.26484017292561,0.102844064161076,2.11281188768723,0.0614583471838148,0.168588167975915,0.112367202235039,0.0562209657408766,0.996896072947756,-0.00206676296726537
3.135,1.40116640219014,2.29990614854286,0.102832992269962,2.10944952930214,0.061389443895071,0.232797176862959,0.176372013552688,0.0564251633102708,0.996923389319138,-0.00197020861435391
3.14,1.4035728882668,2.29618426254636,0.102831205866199,2.10586400047153,0.0613167393655665,0.232783274874672,0.176122616919238,0.0566606579554341,0.996922110054897,-0.00197437874998078
3.145,1.40028400594184,2.29613023721127,0.102829043563824,2.10228626624192,0.0612437423632069,0.239605591512425,0.182708521731221,0.0568970697812035,0.996923662474791,-0.00196871744488495
3.15,1.37851080522629,2.30789290401484,0.102827423199179,2.09869424323376,0.061170102124379,0.269940916240493,0.212803541657486,0.0571373745830068,0.99693448011463,-0.0019312600060025
3.155,1.33092311039673,2.33561572089052,0.102829260461158,2.09501660856164,0.061094676012794,0.338867123474305,0.28147597577689,0.0573911476974152,0.996958352153255,-0.00185010378591108
3.16,1.34765465967672,2.32299259299606,0.102838311763882,2.09115607944782,0.0610158534915739,0.318994941698769,0.261323664752539,0.0576712769462302,0.996950371548171,-0.00187844277142119
3.165,1.34212283435225,2.32402819173697,0.102844817180048,2.08735678850435,0.0609375271245803,0.33026537236903,0.272319766051194,0.0579456063178361,0.99695341425074,-0.00186898391624135
3.17,1.29614410286835,2.34984764496388,0.102852113754445,2.08353561652033,0.0608583474728489,0.403002291691504,0.344777048836573,0.0582252428549308,0.99697671402662,-0.00179127894342504
3.175,1.31939619713329,2.3335086929486,0.102866044321738,2.07954157927732,0.0607758329192192,0.372041306029813,0.313511106856523,0.0585301991732904,0.996965680489993,-0.0018303159271889
3.18,1.35314821486627,2.31068465213082,0.102876566028005,2.07563149131505,0.0606941638904921,0.32735216305895,0.268525625138224,0.0588265379207258,0.996949251895765,-0.00188749434945692
3.185,1.35679869603299,2.30610366565377,0.102882012284374,2.0718448312862,0.0606139999815598,0.325808318308971,0.266699689580159,0.0591086287288123,0.99694765821046,-0.00189367528963296
3.19,1.40239173215374,2.27551726890559,0.102886870696381,2.06807052467463,0.0605335380774449,0.268524821925419,0.209133349088915,0.0593914728365035,0.996925068233956,-0.00197188809944797
3.195,1.43111320712728,2.25499677620286,0.102884553670841,2.06446610551238,0.0604553301073926,0.236073899410041,0.176420731677105,0.0596531677329358,0.996910608997157,-0.00202168983209662
3.2,1.45300931176889,2.23869876156939,0.10287754864424,2.06097026603939,0.0603783950482489,0.213421407476028,0.15351949254054,0.0599019149354874,0.996899363126442,-0.00205995339212206
3.205,1.48206741848819,2.21752975828402,0.102866899337973,2.05755764075113,0.0603023464059053,0.184530328986702,0.124389276592645,0.0601410523940569,0.996884381240598,-0.00211108345079435
3.21,1.51238889513571,2.19526214765909,0.10285128533747,2.05425715033648,0.0602276391305244,0.157022396857989,0.0966561050001046,0.060366291857884,0.996868556390271,-0.00216488723982009
3.215,1.51763731424233,2.19006327202185,0.10283035438046,2.05107515765974,0.0601543792233568,0.154506399345571,0.0939299297873763,0.060576469558195,0.996865041605627,-0.00217439575678874
3.22,1.53365928267919,2.17741103708287,0.102808607980893,2.04791125131619,0.0600810826119113,0.142345990572142,0.0815602644709043,0.0607857261012372,0.996856104966591,-0.00220314908271321
3.225,1.50385273586846,2.19684424110296,0.102784061205031,2.04480924645567,0.0600084028512852,0.173430495049665,0.112442723737559,0.0609877713121061,0.996869962914079,-0.00215029501912496
3.23,1.48419122293389,2.20875258370465,0.102765118993937,2.04158144477402,0.0599335915799607,0.197180345181717,0.135971183437324,0.0612091617443935,0.996878986673987,-0.00211567372903168
3.235,1.47141697557361,2.21572269842799,0.102749796785493,2.03827096981701,0.0598572219547183,0.214675997996564,0.153232011021703,0.0614439869748615,0.996884720806692,-0.00209329863445556
3.24,1.4594386453984,2.2220266603375,0.102736805398684,2.0349063570298,0.0597796827584784,0.232094699623213,0.170406349380279,0.0616883502429337,0.996890156161518,-0.00207237317691809
3.245,1.47886703027879,2.20728412299449,0.102725961369485,2.03149122404616,0.0597010043595962,0.212357283544806,0.150415449554676,0.0619418339901301,0.996879979591335,-0.00210661056535203
3.25,1.48080432269138,2.20427747494133,0.102711828093924,2.02814989320532,0.0596230546542929,0.213196332214459,0.151009507005408,0.0621868252090508,0.996878408170912,-0.00211014223293074
3.255,1.49975991556098,2.18977985248726,0.102697448194582,2.02481317577219,0.0595448038003082,0.194929137041833,0.132496010878735,0.0624331261630984,0.996868316911655,-0.00214376256723101
3.26,1.53571485786526,2.16358006128579,0.102679812118369,2.02154884187969,0.0594672690820971,0.160902884233518,0.0982319059112016,0.0626709783223167,0.996849586830887,-0.00220790634463081
3.265,1.54232175511023,2.15754620519761,0.102655756115817,2.01842570658968,0.0593914845119765,0.157159174793047,0.0942690106489689,0.0628901641440778,0.996845256388981,-0.0022199328717699
3.27,1.55235605462925,2.14911996597437,0.102630636223542,2.01532576036456,0.0593157363928128,0.150317940716724,0.0872102625173701,0.0631076781993543,0.996839166312753,-0.00223814123280538
3.275,1.53435446023021,2.16055747394724,0.102603809536917,2.01226303814043,0.0592402334438321,0.170487246912741,0.107165805005253,0.0633214419074886,0.996847020702389,-0.00220611316874376
3.28,1.53505281887505,2.15867087526799,0.102580519152934,2.00912198071582,0.0591633148576807,0.172559491191162,0.109011301787389,0.0635481894037724,0.996845675749063,-0.00220755754333634
3.285,1.55076991943631,2.14628127891654,0.102557257339198,2.00597983883221,0.059086068092635,0.159745165631494,0.0959683137032094,0.0637768519282844,0.99683682219485,-0.002235912752883
3.29,1.54734680547542,2.14739611974076,0.102531230277239,2.00289792344973,0.0590093824302328,0.165819771692924,0.101821311784234,0.0639984599086899,0.996837419931623,-0.00222998962551437
3.295,1.53810010547253,2.15259767305997,0.10250602110358,1.99979772272471,0.0589321376379943,0.178109578184041,0.113885138507449,0.064224439676592,0.996840963923464,-0.0022136351670231
3.3,1.50867095879202,2.17185760875872,0.102482700639198,1.99665535532499,0.058853981338587,0.214219347080622,0.149761029992387,0.0644583170882358,0.996854679532959,-0.00216136181657215
3.305,1.51633407150965,2.16508509272567,0.102464892919466,1.99338860715448,0.0587737056169889,0.208564667380366,0.143852603157795,0.0647120642225716,0.996850084852492,-0.00217513552188847
3.31,1.53128866576872,2.15329461829012,0.102445825243077,1.99014889894931,0.0586934644826561,0.194869228435513,0.129905370355874,0.0649638580796394,0.996841790143511,-0.00220196189737986
3.315,1.56047294751141,2.13156300595175,0.102424165024331,1.98696566579707,0.0586136931696433,0.167276980697041,0.102067665256736,0.0652093154403046,0.99682626908191,-0.00225447934581864
3.32,1.55644850215352,2.13319285715492,0.102397225851954,1.98389701085433,0.0585352433931529,0.174276835655252,0.108837175700619,0.0654396599546327,0.996827125442179,-0.00224746703757648
3.325,1.56291828688046,2.12736382972463,0.102371228849067,1.98080722706499,0.0584561917200643,0.170581501483249,0.104906613042629,0.0656748884406197,0.996822774535698,-0.00225933019056684
3.33,1.54849513067281,2.1364118676736,0.102344192314823,1.97773955727319,0.058377146432421,0.188909761991436,0.123001127461911,0.0659086345295248,0.99682882487266,-0.00223362753829809
3.335,1.5631324054887,2.12482180932074,0.102320043947458,1.97460773598704,0.0582968857002893,0.176416840174094,0.110263184792447,0.0661536553816473,0.99682046852438,-0.00226014912599023
3.34,1.53236789415022,2.14549093004837,0.102293319262911,1.9715313895669,0.0582170918522156,0.214309679478155,0.147917390610546,0.0663922888676083,0.996834701787765,-0.00220517179753855
3.345,1.5641883300304,2.12196610581876,0.102272489202356,1.96832346054151,0.0581351218467145,0.182059860904059,0.115407685057335,0.0666521758467242,0.996817895592645,-0.00226245408750519
3.35,1.55138569091782,2.1298812451469,0.102245892683057,1.96524038804231,0.0580545934017766,0.199451335728585,0.132555993775505,0.0668953419530801,0.996823152367865,-0.00223964672800899
3.355,1.5345729843965,2.14048287357299,0.10222187683923,1.96209974292751,0.0579729357692293,0.222793427254477,0.155644477888651,0.0671489493658262,0.996830524720878,-0.00220971492749266
3.36,1.53596601735362,2.138177292298,0.102201125294311,1.95888557261991,0.0578898969639054,0.224681443089152,0.157265982407503,0.0674154606816491,0.996828934356918,-0.00221238140229877
3.365,1.5594239820166,2.12048819504241,0.1021802589463,1.95567256740253,0.0578065134614734,0.200606781668126,0.132922892320149,0.0676838893479779,0.996816306216026,-0.00225465438847
3.37,1.56238231744798,2.11719595291847,0.102155191516173,1.95255029824679,0.0577240649550395,0.200622147678722,0.132681419318639,0.0679407283600834,0.996813746373856,-0.00226019329406124
3.375,1.5672619187582,2.11255677140889,0.102129741509072,1.94943531315388,0.0576413850996188,0.198467116464159,0.130268664886791,0.0681984515773681,0.996810208862882,-0.00226920401271595
3.38,1.56363937421267,2.11398561214955,0.102103548805785,1.946335453213,0.0575585848271119,0.206093480199999,0.13763760476589,0.0684558754341089,0.996810889819436,-0.00226289519805181
3.385,1.54170669340321,2.12838448663991,0.102078217769495,1.9432156332804,0.0574751741531549,0.2366655070141,0.167947212459673,0.0687182945544269,0.996820762476606,-0.00222369538283433
3.39,1.53108615856891,2.13453746924326,0.102057130349943,1.94000061955266,0.0573900875930483,0.254405884974321,0.185408828162119,0.0689970568122016,0.996825161867474,-0.00220486525020984
3.395,1.51171413505853,2.14666483545658,0.102038123255204,1.9367376425689,0.0573039491186607,0.285231129432805,0.215945888202398,0.0692852412304072,0.996834026540242,-0.00217048549501761
3.4,1.5114738842135,2.14540935528439,0.102022722564307,1.93339166749604,0.057216239308899,0.289889606061779,0.220301413279698,0.0695881927820812,0.996833480942994,-0.00217018693458558
3.405,1.48720290312812,2.16062670367316,0.102007466723105,1.93004024349443,0.0571280333213014,0.33051315742083,0.260618743538088,0.0698944138827421,0.996844956774066,-0.00212728159413328
3.41,1.49028543358156,2.15701568600373,0.10199656799063,1.92658723058606,0.0570379477023403,0.330507884205465,0.260289508324693,0.0702183758807721,0.99684294412902,-0.0021328227519878
3.415,1.50453264581991,2.14587793229541,0.101985206021511,1.92314213186532,0.0569475207115405,0.313771426816633,0.243227614712909,0.0705438121037232,0.996835329000425,-0.00215816598025132
3.42,1.48845406173878,2.15540502154653,0.101971426552392,1.91974902410435,0.0568573905817115,0.343164552111615,0.272300540494726,0.0708640116168888,0.996842772041182,-0.00212979278992469
3.425,1.50013100472264,2.14601536495595,0.101960546382739,1.91628737582424,0.0567658359504484,0.329998047077027,0.258800834552184,0.0711972125248426,0.996836462660103,-0.00215056111055976
3.43,1.48329557518533,2.15600951694322,0.101947702994297,1.91286742497327,0.0566744192333719,0.361469955631002,0.289943152965563,0.0715268026654392,0.996844324364961,-0.00212087456986993
3.435,1.49828726668318,2.14440513791781,0.101937868021695,1.90937611059645,0.0565815251137616,0.342812662127296,0.270942706354549,0.0718699557727467,0.996836402653498,-0.0021474809474367
3.44,1.49815988752534,2.14304110438719,0.101925496511574,1.90593935806863,0.0564889416455547,0.347983727222542,0.275776130759024,0.0722075964635185,0.996835930525635,-0.00214735819189601
3.445,1.51905863697869,2.12741124045699,0.101913228541735,1.90249748825676,0.056395822244848,0.320731497647507,0.248182677816306,0.0725488198312019,0.996824949689398,-0.00218460634918379
3.45,1.5467345601528,2.10703116978002,0.101897349504344,1.89913370432345,0.0563033542093889,0.284963608542617,0.212082828226173,0.0728807803164436,0.996810423640993,-0.00223423660363326
3.455,1.54043982463946,2.11024921601337,0.101876565328635,1.89587565430848,0.0562119387512587,0.298746533717293,0.225547572249781,0.0731989614675119,0.996812670043301,-0.0022231232413208
3.46,1.52710033602255,2.11833294671315,0.101857073733762,1.89258674974339,0.0561196826425529,0.323685548349587,0.250161052041967,0.0735244963076204,0.996818494519663,-0.00219942382600627
3.465,1.54047717096021,2.1077998338667,0.101840128750284,1.88923867263885,0.0560261778261453,0.308391114026169,0.23452926554324,0.0738618484829286,0.996811071007093,-0.00222349694612203
3.47,1.52589866074483,2.11675226480302,0.101820876536555,1.88593908355457,0.0559329099827486,0.335804408756066,0.26161002758064,0.0741943811754254,0.996817524779586,-0.00219758173048625
3.475,1.54161066778956,2.10461865798481,0.101804389629035,1.8825752913327,0.0558383181102193,0.316686625572925,0.24214700787391,0.0745396176990146,0.996808953047451,-0.00222582946719779
3.48,1.54452487781971,2.10138691179389,0.101785172390563,1.8792692046177,0.0557440820766862,0.317233555240169,0.24235492598027,0.0748786292598994,0.996806661392223,-0.00223121734827646
3.485,1.52664676893148,2.11269850595949,0.101765553436347,1.87596941859179,0.0556494974541336,0.350561415510772,0.275341993993058,0.0752194215177135,0.996814748125935,-0.00219938178250133
3.49,1.56638895162975,2.08398783718911,0.101749302421059,1.87259189371718,0.0555534006008829,0.295174934442093,0.219599760652217,0.0755751737898751,0.996794170780825,-0.00227085244933068
3.495,1.59512400281496,2.06257547789601,0.101725891658795,1.86936805142433,0.0554589846679112,0.259388274426522,0.18347890116813,0.0759093732583923,0.996778785448961,-0.00232307424280294
3.5,1.5986565566948,2.05912933928251,0.101697208492391,1.86625554366595,0.0553656740979762,0.259125808503265,0.182897355723992,0.0762284527792723,0.996775771503928,-0.00232974023001968
3.505,1.61247103551526,2.04827114537533,0.101668048330228,1.86315132740655,0.0552720938178262,0.24508422188106,0.168535481735051,0.0765487401460095,0.996767595126278,-0.00235515580844714
3.51,1.59817222616432,2.05789308301331,0.101636421641178,1.86009792201892,0.0551788143547191,0.269328496118655,0.192465088208825,0.0768634079098295,0.996773367218769,-0.00232937799711589
3.515,1.62446896331701,2.03803457612093,0.101607781180124,1.85697829138483,0.0550842878928105,0.238504459781061,0.161313325917061,0.0771911338639995,0.996758970845596,-0.0023776000738688
3.52,1.63386972291272,2.03041442629336,0.101574236563335,1.85396099635154,0.0549907410829548,0.230771207270337,0.153266290703636,0.0775049165667012,0.996752807868341,-0.00239511549095904
3.525,1.60234316619584,2.05300056797406,0.101539077239436,1.85097621347421,0.0548972650169802,0.278791921066834,0.200976022831274,0.0778158982355599,0.996767037108233,-0.00233779780471803
3.53,1.60241732306795,2.05210094083778,0.101510319729914,1.84785177963341,0.0548016081480841,0.28363679644151,0.205485116999353,0.0781516794421575,0.996765744519214,-0.00233817833239742
3.535,1.58982293914281,2.06036287447785,0.101481750194495,1.84472101915156,0.0547054710874714,0.307603348833714,0.229112178689471,0.0784911701442436,0.996770793702664,-0.00231552769770056
3.54,1.63744303614085,2.02530595659546,0.101455783831381,1.84153144766147,0.0546081530710372,0.245285168384039,0.166442310425878,0.0788428579581608,0.996745848750808,-0.00240269269250322
3.545,1.64311404354658,2.02047864693478,0.101420768455663,1.83853120402122,0.0545129397731571,0.242371914117468,0.163205586424135,0.0791663276933332,0.996741481921313,-0.00241341618624217
3.55,1.65678100707759,2.00975082433264,0.101384879250298,1.83554758393498,0.0544175811168927,0.229150843124841,0.14966121767588,0.0794896254489618,0.99673307780093,-0.00243890323300768
3.555,1.6654516762798,2.00275431025134,0.101346514275799,1.83261424937468,0.0543225159836453,0.222622384101876,0.142815174858098,0.0798072092437783,0.996727062249141,-0.00245525203331557
3.56,1.70702784070362,1.97109462284667,0.101306677761876,1.82971012316328,0.0542274823317606,0.178781196362068,0.0986587320418763,0.0801224643201921,0.996704528156028,-0.00253287504413392
3.565,1.72236459689102,1.95909093554342,0.101258553855064,1.82697534960939,0.0541342783117005,0.166599900280708,0.08618791885807,0.0804119814226378,0.996694748703254,-0.00256199794356032
3.57,1.73986787400428,1.94540439612614,0.101207552170677,1.82429878022689,0.0540415199192832,0.153151888071743,0.0724578842575123,0.080694003814231,0.996683757557867,-0.00259533214162659
3.575,1.75319106358058,1.93497021088106,0.101153192821641,1.82169007806777,0.0539493380886725,0.144397274074792,0.0634304668604063,0.0809668072143858,0.99667470653345,-0.00262093532752003
3.58,1.76192467442214,1.92816525499091,0.101096367275285,1.81913112493134,0.0538575222222127,0.140030873596522,0.0587975702701337,0.081233303326388,0.996667839146678,-0.00263794859086238
3.585,1.81256457218492,1.88821050348969,0.101038077324185,1.81660168763913,0.0537658350437708,0.106872495210476,0.0253756932204184,0.0814968019900572,0.996639951253604,-0.00273490106534084
3.59,1.84726603182379,1.86044304061603,0.100968933796731,1.81428813560434,0.0536765466704728,0.0922747613523989,0.010549161888384,0.0817255994640149,0.996619550584443,-0.00280226458426882
3.595,1.85339251540986,1.85608627954988,0.100892344339347,1.8121222702196,0.0535888555009902,0.0915095966838751,0.00957869563369528,0.0819309010501799,0.996613104081492,-0.00281478320398979
3.6,1.8853224830716,1.83031158474792,0.100814955407812,1.8099739482029,0.0535012619122011,0.0841859902757898,0.00205137947323468,0.0821346108025551,0.99659371529923,-0.00287745827521315
3.605,1.86881352818965,1.84525170042175,0.100730643297104,1.80796256168896,0.0534151563720801,0.0892182969600425,0.0069019705519603,0.0823163264080822,0.99659823369892,-0.0028460959233598
3.61,1.90444475604863,1.81630369411071,0.100650973259213,1.80586228035665,0.0533279749885217,0.0830558214871056,0.000541589999843379,0.0825142314872622,0.996576881957201,-0.00291625647062483
3.615,1.92277527161653,1.80181405560951,0.100563450566501,1.80391679617744,0.0532424856148249,0.0827089395209962,2.19837220735112e-05,0.0826869557989227,0.996563825575701,-0.00295298592951791
3.62,1.94345821868617,1.7853016813966,0.1004722159573,1.80204620753582,0.0531578045920068,0.0842432787491968,0.00139530691622315,0.0828479718329737,0.996549420735792,-0.00299454386656341
3.625,1.94973087135905,1.78127639492184,0.100376676376541,1.80026205574331,0.0530740772126003,0.0847906890512485,0.00179551330966287,0.0829951757415857,0.996542021392572,-0.00300778828689343
3.63,1.93944907219168,1.79167928239874,0.100280420043338,1.79849555121637,0.0529905576420441,0.08337190411671,0.00023165798754183,0.0831402461291681,0.996542859078876,-0.00298833367649159
3.635,1.93520176948138,1.79671785630869,0.100187557079868,1.79666687080852,0.052906367175948,0.0832967824775424,1.29732738455928e-08,0.0832967695042686,0.996540823383542,-0.00298078229510752
3.64,1.93059253691732,1.80201404236433,0.10009655069062,1.79480532510006,0.052821807095838,0.0837194139804611,0.000259577399209346,0.0834598365812518,0.996539044321749,-0.00297250952262017
3.645,1.91560969615868,1.81616156031937,0.100007464517705,1.79290926320902,0.052736846875129,0.0863329156434161,0.00270314482781562,0.0836297708156005,0.996542531030146,-0.00294384687548985
3.65,1.91429757982791,1.81843221234143,0.0999227780742681,1.79092922843121,0.0526509247522592,0.0875999975443562,0.00378499346467394,0.0838150040796822,0.996539373537903,-0.0029420236285394
3.655,1.92147134073342,1.81346925594031,0.0998391353155379,1.78893078076332,0.0525647386030249,0.0870200583363529,0.00301553475052002,0.0840045235858329,0.996532013755219,-0.00295685188537384
3.66,1.93508582818495,1.80304527119546,0.0997544894113451,1.7869541528399,0.052478729628012,0.0854893064286125,0.00129780670253783,0.0841914997260746,0.99652138191871,-0.00298439919588143
3.665,1.93005257229231,1.80864606474116,0.0996672877823006,1.78502991743812,0.0523932417844294,0.0871685867783484,0.00279792109250965,0.0843706656858387,0.996519951683928,-0.00297525733412491
3.67,1.93510315877309,1.80556282208812,0.0995820611654323,1.7830690069064,0.052307305686575,0.0870976499987806,0.00254047624395253,0.0845571737548281,0.996513562240376,-0.0029859644400954
3.675,1.89386060949114,1.84215138256694,0.0994963554449338,1.78111963677819,0.0522214392821252,0.103461495718606,0.0187186454084945,0.0847428503101118,0.996530290966449,-0.00290580002209112
3.68,1.89231708331877,1.84438394759345,0.099421187098749,1.77896046889914,0.0521332134454043,0.106490872011734,0.0215257516499632,0.084965120361771,0.996527643239111,-0.00290345216879435
3.685,1.89903496563805,1.83968890490422,0.099347013791676,1.77678204269856,0.0520446486204146,0.10510851843111,0.0199164180257107,0.0851921004053992,0.996520905000703,-0.00291723589160639
3.69,1.9082940508429,1.83289162738591,0.0992718989808226,1.77462311159077,0.0519561695195307,0.102517832061331,0.0171006093759974,0.0854172226853337,0.996512848120033,-0.00293602649917899
3.695,1.93826708083134,1.80868576994313,0.0991952513250031,1.77249556619185,0.0518679120938668,0.0922402100320543,0.00660178199089371,0.0856384280411606,0.996494358975717,-0.002995638657599
3.7,1.97178908454385,1.78129422331059,0.0991121455914846,1.7704971771983,0.0517809630304195,0.0864269174609917,0.000588102517885759,0.085838814943106,0.996473794103207,-0.00306275660598791
3.705,1.95649513169968,1.79608975387944,0.0990216390367744,1.76864615731974,0.0516955412753859,0.0898179321097367,0.00380296165291528,0.0860149704568214,0.996477291199441,-0.00303321439560285
3.71,1.96392621004727,1.7910700704747,0.098935657722767,1.76670749309311,0.051609149284131,0.0892067590261828,0.0029996019146957,0.0862071571114871,0.996469626237406,-0.00304871045541216
3.715,1.94752741295275,1.80666078877298,0.0988486316813859,1.76479134395325,0.0515229397534859,0.0952639723949879,0.00886734788177294,0.0863966245132149,0.996473821228736,-0.00301700513783413
3.72,1.93218773075091,1.82107517614009,0.0987663230254146,1.76278256060504,0.0514356825774662,0.10380543162901,0.0172023667674782,0.0866030648615319,0.99647769723451,-0.00298746187309322
3.725,1.92908955483989,1.8248647288824,0.0986883770168496,1.76068703449048,0.051347404789246,0.107693178664069,0.0208675863458491,0.0868255923182197,0.996475647739646,-0.00298205183375437
3.73,1.93104922893681,1.82433714391742,0.0986118328394388,1.75856380095124,0.0512587123064058,0.108989419278034,0.0219351599112333,0.087054259366801,0.996471128502681,-0.00298659065762631
3.735,1.91721007071327,1.83718804165959,0.0985354861188206,1.75643695805038,0.0511698559991202,0.120373258116449,0.0330882698249344,0.0872849882915148,0.996474512334589,-0.00296004999638942
3.74,1.94087052649305,1.81834788331605,0.0984630288933241,1.75423125655203,0.0510800199597543,0.108406217747764,0.0208755604707711,0.0875306572769925,0.996459321417431,-0.00300727914228965
3.745,1.93832426200345,1.82171006954116,0.0983856520105033,1.75212467459544,0.0509911061949664,0.112368703809997,0.0246078929742489,0.087760810835748,0.996457000212752,-0.00300294105914205
3.75,1.95412011572044,1.80949419856071,0.0983095438345266,1.74999269221682,0.0509017963019028,0.106003312150911,0.0180065389335517,0.0879967732173594,0.996445561363744,-0.00303483748186537
3.755,1.94921727489891,1.81496771156559,0.0982303633282621,1.74792283669855,0.050813019823675,0.11110346802591,0.0228799685435178,0.0882234994823923,0.996444323098594,-0.0030258387087178
3.76,1.94143371028067,1.8228323697828,0.0981530328649151,1.74581590299538,0.0507237342440844,0.118673769436249,0.0302157558624928,0.0884580135737565,0.996444605658436,-0.00301114416379063
3.765,1.91575932368397,1.84574936001582,0.098078203215799,1.74365819695519,0.0506337803564269,0.141836888566043,0.0531341584232555,0.0887027301427874,0.996453944930724,-0.00296125908798296
3.77,1.92960676432019,1.83515535206361,0.0980099691461576,1.74136454972227,0.050542231428365,0.133848903655861,0.0448766318389174,0.0889722718169441,0.996443826944731,-0.00298909304677877
3.775,1.93576067535511,1.8310506008235,0.0979391242894094,1.73912329650017,0.0504510568060118,0.132376804465441,0.043142254647812,0.0892345498176288,0.996437428794246,-0.00300184950032933
3.78,1.96694919826597,1.80587882383241,0.0978674601077975,1.7368980078557,0.0503598781093673,0.113805972346336,0.0243101893498162,0.0894957829965195,0.996418470035945,-0.00306420298681337
3.785,1.99922214150936,1.77960936437917,0.0977891005980477,1.73480774295464,0.0502699648803895,0.0999980557927547,0.0102628271964409,0.0897352285963138,0.996398649090675,-0.00312920796474404
3.79,1.97233451944068,1.80456304574721,0.0977037033544664,1.73285907725911,0.0501814065888898,0.116262946305573,0.0263114852376196,0.0899514610679536,0.996408070782952,-0.00307635785427397
3.795,1.99721911712596,1.78461488739135,0.0976255042105788,1.73076447291148,0.0500912550741285,0.105046157201853,0.0148519957110741,0.0901941614907791,0.996391939216178,-0.00312665765230964
3.8,1.97623296416298,1.80435554454398,0.0975420526991327,1.7287759061833,0.0500020761341471,0.119701011104579,0.0292811232522973,0.0904198878522815,0.996398488704627,-0.00308554790160846
3.805,1.98430155545858,1.79881925006796,0.0974643510963998,1.72667032434929,0.0499115904476818,0.117371678802196,0.0267044689868681,0.0906672098153281,0.996390776467588,-0.0031023066994554
3.81,2.02451145784956,1.7656885838488,0.0973854208618365,1.7245894739122,0.049821222303585,0.0995842173358425,0.00867243177999545,0.090911785555847,0.996366929409696,-0.00318350475312112
3.815,2.018152614224,1.77300884158718,0.0972975149660824,1.72268920535158,0.049732586296895,0.104138174437761,0.0130119756489443,0.0911261987888171,0.99636593403969,-0.00317150967591514
3.82,2.03608458134488,1.75904390055925,0.0972119507244829,1.72074234900118,0.0496434010849688,0.0988954005227588,0.0075454141225553,0.0913499864002035,0.996352897221946,-0.00320834422156206
3.825,2.07148897159584,1.72972134510624,0.0971227948601235,1.71886851853459,0.0495548644525911,0.0921686929340606,0.000606365605334358,0.0915623273287263,0.996330945685669,-0.00328076723965981
3.83,2.09097507328394,1.71440917642394,0.0970256975225124,1.71715451681398,0.0494678650197339,0.0917865996361198,3.88396788150829e-05,0.0917477599573047,0.996316565903937,-0.00332128401234238
3.835,2.09965717361453,1.70884925518271,0.0969246098412571,1.71552219160585,0.0493816531495962,0.0921495474980427,0.000229704718854651,0.0919198427791881,0.996307387699779,-0.00333990139714508
3.84,2.10713648231826,1.70441515851635,0.0968222803859863,1.71391720587117,0.0492957130624011,0.0925542922788077,0.000466260986486753,0.0920880312923209,0.99629874118384,-0.00335610013454095
3.845,2.13526575549418,1.68129141688333,0.0967190246138708,1.71233340069859,0.049209990887633,0.0972348361430657,0.00498146441733547,0.0922533717257302,0.996279714742884,-0.00341473940559767
3.85,2.12032241601018,1.69762900138973,0.0966095506737003,1.71087588250987,0.049125512729142,0.0933054428498879,0.000908191054545496,0.0923972517953424,0.996281914219714,-0.00338500141093043
3.855,2.10005409511739,1.71854902728497,0.0965049708283091,1.70932386743509,0.0490401839503589,0.0929992955635954,0.000440928449205221,0.0925583671143901,0.996287000712383,-0.00334443310305034
3.86,2.10889387965451,1.71285631245491,0.0964065199871717,1.70765082733307,0.0489537141619781,0.0928819650390635,0.000140535491569101,0.0927414295474944,0.996277818968538,-0.00336338130755304
3.865,2.10050252450993,1.72277196276074,0.0963067791471892,1.70600573170347,0.0488675015365265,0.0943799816116963,0.00145943258800309,0.0929205490236932,0.9962771804722,-0.00334710650419012
3.87,2.10719317300791,1.71900021888421,0.0962100908032798,1.70430076627543,0.0487807050592755,0.0942340035426189,0.0011229274663062,0.0931110760763127,0.996269139352701,-0.00336164218365552
3.875,2.13521138412754,1.69604294863219,0.0961126435155368,1.70261275927231,0.0486940464626863,0.0935241809223391,0.000224540758990105,0.093299640163349,0.996250388033421,-0.00341999292084644
3.88,2.15503161068319,1.6804888723852,0.0960090530311749,1.70105015355649,0.0486085730369617,0.0956687661492813,0.00220170010044512,0.0934670660488361,0.996235426195515,-0.00346177732423967
3.885,2.15511927399111,1.68309692680379,0.095901397916187,1.69957176810174,0.0485239167688801,0.0950355568401611,0.00141510135248503,0.0936204554876761,0.996230120857993,-0.00346290962961041
3.89,2.16298397167849,1.67854422693767,0.0957947718195039,1.69807567964954,0.0484391361469143,0.0957687923693561,0.00199111933663031,0.0937776730327258,0.996220965638384,-0.00348011368444397
3.895,2.13258868973415,1.70926194271267,0.0956871695174008,1.696602164893,0.0483546035637336,0.0947691206620206,0.000837468467567257,0.0939316521944533,0.996230880790843,-0.0034183628893956
3.9,2.14888293563885,1.69691394372049,0.0955883395929579,1.69495228253594,0.0482684627439833,0.0941372626744676,2.01285774989257e-05,0.0941171340969686,0.99621787136117,-0.00345280023805325
3.905,2.1333914052774,1.71361778134304,0.0954863498634962,1.69336827919762,0.0481829308291669,0.0964390803184519,0.00214712541490729,0.0942919549035446,0.996220588808254,-0.00342179084314172
3.91,2.10603583370138,1.74078914362682,0.0953892460839104,1.69168606337793,0.0480964836060152,0.107123096984798,0.0126382825575962,0.0944848144272014,0.99622946917185,-0.00336655063185517
3.915,2.09260071794298,1.75493172945384,0.095299843906294,1.68984548260398,0.0480085188063617,0.116932007089544,0.0222257422224428,0.094706264867101,0.996231761161859,-0.00333990768107646
3.92,2.0822175661055,1.76615214372202,0.0952145566979008,1.68791928595133,0.0479196642865119,0.12708381459383,0.032139938719598,0.0949438758742325,0.996232723122422,-0.00331951379383346
3.925,2.06021907834015,1.78745263132858,0.0951325691773616,1.68592349463831,0.0478300423114187,0.149372884614045,0.054177899778224,0.0951949848358207,0.996239649241747,-0.00327558194797753
3.93,2.03054222967633,1.81502485217468,0.0950565784154326,1.68380009147517,0.0477390736349013,0.186047068789005,0.0905773072610885,0.0954697615279168,0.996250706185193,-0.0032163341432562
3.935,2.01457215233769,1.83019475614558,0.0949882100150053,1.68151220593721,0.0476463539955687,0.212139189209632,0.116364445297865,0.0957747439117671,0.996255283879314,-0.00318484948347684
3.94,2.04623844929364,1.8045979234054,0.094924116619736,1.67912965018188,0.0475524951861737,0.179018512454015,0.0829203797005303,0.0960981327534844,0.996236251986542,-0.00324915796687871
3.945,2.0520045855396,1.80119732307437,0.094853296119795,1.67688609803423,0.0474597482525835,0.177858080117277,0.0814588491024302,0.0963992310148469,0.996229829413577,-0.00326143882456949
3.95,2.04931516433166,1.80513795072513,0.0947817712629382,1.67465464850169,0.0473669109212333,0.186516407210452,0.0898162797142891,0.0967001274961629,0.996227594048038,-0.00325663793496398
3.955,2.08143396660927,1.77899301136414,0.094711519300655,1.6723932540043,0.0472735811994077,0.156998286122403,0.0599901065524294,0.0970081795699738,0.996208013019943,-0.00332238349183511
3.96,2.09473956104724,1.7691702243377,0.0946343644357299,1.67027443680245,0.0471814037367488,0.148967589547673,0.0516745521065901,0.0972930374410831,0.996197486539026,-0.00335017232428295
3.965,2.09723490462821,1.7689067037949,0.0945547559353367,1.66820515073187,0.0470895208102524,0.151194895576555,0.053623969989619,0.097570925586936,0.996192235368376,-0.00335596971187116
3.97,2.1034493925891,1.7653735616144,0.094475291185577,1.66613089768591,0.0469974311222615,0.149976688547009,0.0521253029232636,0.0978513856237454,0.996185125125993,-0.00336936520459957
3.975,2.08332175587281,1.78513507304517,0.0943950808970469,1.66407037856796,0.0469053068755759,0.175765803526903,0.0776346612004395,0.0981311423264634,0.996191141554949,-0.00332903243547229
3.98,2.07561551620856,1.79367353621136,0.0943203930803089,1.66189019148134,0.0468119067281166,0.190496675858744,0.0920630702495304,0.0984336056092139,0.996191219758598,-0.00331402597460308
3.985,2.05562477584086,1.81279589810704,0.0942481997823344,1.65965388130674,0.0467177822601054,0.223166557855794,0.124418701703735,0.0987478561520587,0.996197560605524,-0.00327413580880199
3.99,2.06202146700343,1.80884331360301,0.0941813034754365,1.65730024077827,0.0466223395008669,0.221005418708284,0.121920710765876,0.0990847079424074,0.996190970876496,-0.00328768086683855
3.995,2.08485545114652,1.79073202655085,0.0941135364159732,1.65496135014221,0.0465267832456784,0.197354394532244,0.0979331840798374,0.0994212104524069,0.996176113441438,-0.00333465204434313
4,2.0797426493087,1.7969640525114,0.0940410768276537,1.65271884806454,0.0464318837580607,0.210368358997646,0.110625482543376,0.0997428764542702,0.996174985680602,-0.00332489349764755
4.005,2.07724205623315,1.80085820382651,0.0939704757962847,1.65043304815928,0.0463363582255033,0.220472354848417,0.120398067934473,0.100074286913944,0.996172640847629,-0.0033204369039711
4.01,2.11881490023912,1.76648118141681,0.093901101626146,1.64811714606541,0.0462403148096941,0.175013215461049,0.0746000026732765,0.100413212787773,0.996148316504051,-0.00340589911940665
4.015,2.14963804157925,1.74124931466724,0.0938225922295395,1.64599151898243,0.0461457927866619,0.149077895862702,0.0483574767180198,0.100720419144682,0.996128894825668,-0.00346996600257157
4.02,2.15943858420151,1.73474086341043,0.0937374159559145,1.64400410178969,0.0460523396875712,0.144920960844372,0.0439160810305005,0.101004879813871,0.996119636318346,-0.00349095095363969
4.025,2.18906357187981,1.71043718017304,0.0936506737341996,1.64204797110705,0.0459590150734424,0.126256420620927,0.0249709037328769,0.10128551688805,0.996100377315545,-0.00355311570287009
4.03,2.21471366853002,1.68966443791115,0.0935574962360348,1.64022542525606,0.0458667410410941,0.114606555989881,0.0130626409996223,0.101543914990259,0.996082766692933,-0.00360739000140211
4.035,2.22484124462025,1.68315484401267,0.0934588416684555,1.63851680061478,0.0457753666226491,0.112443447191513,0.0106600664143695,0.101783380777144,0.996072625629425,-0.00362943651779354
4.04,2.22038066527441,1.69017009884107,0.0933586232863649,1.63684097518434,0.0456842045709935,0.11724989417777,0.0152315626017277,0.102018331576042,0.996069687174557,-0.00362098291863672
4.045,2.21691249241862,1.69619742098114,0.0932605263289878,1.63512068407,0.0455925908601995,0.122262272312099,0.0199997144480687,0.102262557864031,0.996066351170033,-0.0036145936480533
4.05,2.24145941172503,1.67642265231916,0.0931642725286805,1.63336127452012,0.0455005572880777,0.112466859717786,0.00995168108773153,0.102515178630054,0.996049092504025,-0.00366686245373265
4.055,2.22767734025862,1.69220660549236,0.0930628177204083,1.63171059266989,0.045409373758417,0.122412598527604,0.0196628882354059,0.102749710292198,0.996050717798041,-0.00363884984435414
4.06,2.22611631114407,1.69648775498775,0.09296584424042,1.62996521580142,0.0453173154934548,0.126802873257694,0.0238003981782436,0.103002475079451,0.996046454419431,-0.00363643225610162
4.065,2.23137706919165,1.69445853434026,0.0928702273872295,1.62819051356597,0.0452249130033266,0.126904896954117,0.0236429408050816,0.103261956149035,0.996038840396149,-0.00364828953928745
4.07,2.23578301313804,1.69324071849244,0.0927742536448381,1.62642258319511,0.0451324668120427,0.127583720371325,0.0240619731725543,0.10352174719877,0.99603162484823,-0.00365836745490926
4.075,2.26044290690736,1.67336984779646,0.0926781411300707,1.62465679443587,0.0450399375500646,0.116584844202181,0.0128021642362293,0.103782679965952,0.99601426467334,-0.003711049904594
4.08,2.28967365239425,1.64923002021477,0.0925768103187323,1.62300057465046,0.0449482411351921,0.107741151972824,0.00371574594243663,0.104025406030387,0.995994334652592,-0.00377370498311034
4.085,2.31801709758869,1.6258664331126,0.0924690820219772,1.62147905278345,0.0448576102853673,0.10434926815674,0.000104084012362401,0.104245184144378,0.995974499969296,-0.00383486868607614
4.09,2.34832820326642,1.60058812375662,0.0923551617911685,1.62008845375632,0.0447680377601232,0.106501175981433,0.00205869852167751,0.104442477459755,0.995953341591903,-0.00390062315972868
4.095,2.36447880540034,1.58890211539102,0.0922345144003614,1.61884049172353,0.0446796442764877,0.109473791926916,0.0048588447787347,0.104614947148182,0.99593889282285,-0.00393632387297619
4.1,2.35086158436399,1.60612365692404,0.0921108918285512,1.61765793062824,0.0445918286673743,0.105498589214834,0.000722170132338531,0.104776419082495,0.995939153476119,-0.003908157920337
4.105,2.35369193536954,1.60725133648308,0.0919921921914812,1.61637520046173,0.04450327057057,0.105409097256814,0.000452456300463374,0.10495664095635,0.995931434536564,-0.00391524891324208
4.11,2.3671282968017,1.59817492995133,0.0918740205696105,1.61508405296291,0.0444146786256216,0.106695290114254,0.0015560353147076,0.105139254799547,0.995918424452838,-0.00394511657349942
4.115,2.40560209165692,1.56495334350485,0.0917535887138865,1.61384319686809,0.0443265227281374,0.118338881660156,0.01302520040569,0.105313681254465,0.995892758634096,-0.00402916042440759
4.12,2.43352060771247,1.54191110750967,0.0916242438536938,1.61279210303134,0.0442399308763778,0.132871453202916,0.0274169549173365,0.10545449828558,0.995871875835738,-0.00409086987258861
4.125,2.4572326225984,1.52303215187681,0.0914888017727377,1.61187322936985,0.0441544812382983,0.148706919598993,0.0431349897320197,0.105571929866973,0.995852748934714,-0.00414373545564294
4.13,2.46193184890326,1.5231868462597,0.0913484184373264,1.61106347521,0.0440700201140285,0.1479384043803,0.0422683941756782,0.105670010204621,0.995842840412888,-0.00415519335590121
4.135,2.49221772140167,1.49778171929597,0.0912083439208164,1.61025404486118,0.0439857315250394,0.175115183029035,0.0693468572844068,0.105768325744629,0.995820132004382,-0.00422280083276652
4.14,2.49757437234061,1.4975465947938,0.0910615299167824,1.60959223368507,0.0439027468984001,0.174772810886273,0.0689326502971445,0.105840160589128,0.995809499222907,-0.00423581300517541
4.145,2.47502895719629,1.52553465892812,0.0909149323516034,1.60893402661335,0.0438200024066749,0.144164005339549,0.0382525419663606,0.105911463373188,0.99581280356751,-0.00418751447726177
4.15,2.45267756747472,1.55278618303115,0.0907762213489654,1.60811661539704,0.0437362670897319,0.122874072028522,0.0168626579753018,0.106011414053221,0.995816415879182,-0.00413979225438807
4.155,2.44131932884507,1.56863548386915,0.0906451327519815,1.60714268996937,0.0436515065893661,0.114318806206319,0.00817917563043148,0.106139630575887,0.995814925961214,-0.00411613591173921
4.16,2.45099418104645,1.56357065907002,0.090518548974338,1.60607688409704,0.0435661618149285,0.116264886430727,0.0099801597933256,0.106284726637401,0.995803146153332,-0.00413829256738458
4.165,2.45133298383646,1.56776030429463,0.0903908058514953,1.60503993456078,0.0434811297078724,0.11411275980568,0.00768756744498989,0.10642519236069,0.995795951074593,-0.00414010933639362
4.17,2.45712416981723,1.56655120016148,0.0902644046447947,1.60397822714416,0.0433960075859901,0.114329929648816,0.00775932857628004,0.106570601072536,0.995786084034225,-0.00415381335668986
4.175,2.42375022902419,1.60397344695283,0.0901378829317537,1.60292299785141,0.0433110256307894,0.106721508247315,6.1208632751125e-06,0.10671538738404,0.995795773330696,-0.00408224270296594
4.18,2.43773616189813,1.59452335652967,0.0900215374256023,1.60164909435704,0.0432244766255814,0.107181563038905,0.000282022175117285,0.106899540863788,0.99578232815643,-0.00411361264027664
4.185,2.42320809889913,1.61294195104993,0.0899028310818604,1.60042846708611,0.0431383635482113,0.107945834773857,0.000870869576789854,0.107074965197067,0.99578299184275,-0.00408306226618006
4.19,2.44016632216837,1.60058635936623,0.0897892059454901,1.59909845203516,0.0430514602664617,0.107282915448301,1.23281423560972e-05,0.107270587305945,0.99576817856524,-0.00412086489063912
4.195,2.41716039511127,1.62720319830153,0.0896724379727157,1.59783849932834,0.0429651015417638,0.112262534742839,0.00480797425206913,0.107454560490769,0.995773155437457,-0.00407191033782695
4.2,2.38961094095663,1.65768403038181,0.0895628856149142,1.59642058517368,0.042877575233223,0.12862028803885,0.0209529298492361,0.107667358189614,0.99578079187757,-0.00401331923014386
4.205,2.42387213596868,1.62872562918438,0.0894615011584529,1.59482059313571,0.0427886436186299,0.114338233641849,0.00642483892275428,0.107913394719095,0.995757967251624,-0.00408824944408616
4.21,2.41856330430179,1.63779706046573,0.0893525340320275,1.59338714621015,0.0427009210294151,0.119167178274111,0.0110362873619304,0.108130890912181,0.995754487368225,-0.00407766883635957
4.215,2.41434400241829,1.6457216952347,0.0892461062800713,1.59189724176429,0.0426127469402339,0.124590271270196,0.0162308021724587,0.108359469097737,0.995750591213829,-0.00406943785238882
4.22,2.43519408041966,1.62955627081699,0.0891419022895281,1.59035720115852,0.0425241519500762,0.117216746427316,0.00861865757081878,0.108598088856498,0.99573427196368,-0.00411553332143377
4.225,2.44137512304803,1.62758274783256,0.0890335433088642,1.58890884062652,0.0424361944791652,0.117221022983267,0.00839948093154642,0.10882154205172,0.995725037574463,-0.0041298849779549
4.23,2.45211992484286,1.62122868645095,0.0889247980423377,1.58746896021166,0.0423482689966597,0.115452902081589,0.00640833120143299,0.109044570880156,0.995713484350226,-0.00415419127539508
4.235,2.46726826903739,1.61065811321912,0.0888145072146441,1.58606349025733,0.0422605701876148,0.112667930471651,0.00340538667388266,0.109262543797768,0.995699626048838,-0.00418816697863368
4.24,2.46673376333205,1.61541974859583,0.0887015551739129,1.58471758287744,0.0421732920406677,0.114784373944529,0.00531345238508498,0.109470921559444,0.99569344134489,-0.00418794877573399
4.245,2.49491531670395,1.59221918098784,0.0885899982452235,1.58334099958396,0.042085781816546,0.110130598901909,0.000444870225768147,0.109685728676141,0.995672962152987,-0.0042505847331909
4.25,2.48412016472065,1.60730044021135,0.0884724241393971,1.58209899681314,0.0419992464746295,0.113466780520035,0.00358932602746792,0.109877454492567,0.995671609296801,-0.00422789764493642
4.255,2.48450161343658,1.61125500777916,0.0883589634773537,1.58076590782657,0.0419120701038078,0.115346490730526,0.00526027682611659,0.110086213904409,0.995664887277633,-0.0042296825366719
4.26,2.50378498669092,1.59674049433096,0.0882466775021677,1.57940691557456,0.0418246996791846,0.112002895926884,0.00170234710817972,0.110300548818705,0.995648765381406,-0.00427292605360313
4.265,2.48695898740185,1.61774024019949,0.0881306929242391,1.57813140953056,0.0417379226672202,0.119401730730805,0.00890075531522633,0.110500975415579,0.99565046738146,-0.00423697481095699
4.27,2.49156229926397,1.61751822733427,0.0880203365409166,1.57672917690748,0.0416502408293346,0.120175708157463,0.00945092179888329,0.11072478635858,0.995641763960005,-0.00424798529920091
4.275,2.48010268923487,1.63296851840428,0.0879100427639594,1.57532532755315,0.0415625193689884,0.129848470079133,0.0188985089019974,0.110949961177135,0.995641079572265,-0.0042238119785641
4.28,2.47097320870356,1.64594301736274,0.0878038924582371,1.5738265602337,0.0414740838314575,0.140808965137471,0.0296159045074142,0.111193060630056,0.995639455867999,-0.00420474801206231
4.285,2.46190814198491,1.65868710491429,0.0877012192510919,1.5722468593993,0.0413850061226595,0.15405044274242,0.0425987010699417,0.111451741672479,0.995637988415296,-0.00418583179281009
4.29,2.44819540587313,1.67572677677018,0.0876019432439008,1.57058695897657,0.0412952669886554,0.174820378234988,0.0630943839618748,0.111725994273113,0.995639029947701,-0.00415681220831333
4.295,2.46246400014855,1.66583977623727,0.0875071492154002,1.56882054384101,0.0412046514909907,0.165803230114577,0.0537826425563735,0.112020587558203,0.995626331021522,-0.00418867647899183
4.3,2.46772061516662,1.66463842593651,0.0874098659431735,1.56710807977001,0.0411142920988403,0.166718549367818,0.0544112974017269,0.112307251966091,0.995617979411602,-0.0042009579936245
4.305,2.4773001912125,1.65931472783339,0.0873123488120317,1.56539785999522,0.0410238266044313,0.163105604227136,0.0505104843962122,0.112595119830924,0.995607439763129,-0.00422269306854567
4.31,2.49987639600064,1.64154319308881,0.0872135297511713,1.56371461161669,0.0409334317336148,0.147606574109598,0.0347267683766746,0.112879805732924,0.995590311918193,-0.0042729494249446
4.315,2.50556023817649,1.64017450011236,0.0871101738063323,1.56213317938019,0.0408436472223628,0.14810621967374,0.0349583032354015,0.113147916438339,0.995581347970238,-0.00428628468670847
4.32,2.50365861327288,1.64618845513878,0.0870065499213056,1.56055580105937,0.0407538009529654,0.155556987325393,0.0421402265192508,0.113416760806143,0.995576146283626,-0.00428297261706869
4.325,2.50780437755188,1.6462942046427,0.0869045632579131,1.55893818868598,0.0406635804156511,0.157599128297554,0.0439049069332763,0.113694221364278,0.995568003783359,-0.00429292301513808
4.33,2.50357197274991,1.65452755075101,0.0868026829734949,1.5573155390741,0.0405732211408373,0.16840892823984,0.0544348105988632,0.113974117640977,0.995564042458266,-0.0042844797303489
4.335,2.54445948375979,1.6190961956917,0.0867029972189646,1.5556389326635,0.0404823773551087,0.137487107359276,0.0232219436478069,0.114265163711469,0.995537638262296,-0.00437534099425733
4.34,2.56582583226254,1.60261103113729,0.0865941773085121,1.55417088237328,0.0403928725732019,0.128069027915566,0.0135485322755557,0.11452049564001,0.995520432828505,-0.0044235342977125
4.345,2.55064937790863,1.62226278862131,0.0864811734594132,1.55279853226772,0.0403039611759318,0.142657964174659,0.0278978806469461,0.114760083527713,0.995521230653681,-0.00439084913906636
4.35,2.55512856893542,1.62233590429128,0.0863733259023641,1.55130511542518,0.040214181260566,0.144229202737597,0.0292067771747211,0.115022425562876,0.995512493927385,-0.00440164417786608
4.355,2.60012134555139,1.58268435905531,0.0862655829993062,1.54980761086816,0.0401242973162986,0.121551768467595,0.00626484244226185,0.115286926025334,0.995483490491498,-0.00450247789262828
4.36,2.64238092266469,1.54549975410574,0.0861476133727582,1.54854563999342,0.0400359427485096,0.115564430189542,5.38460700044793e-05,0.115510584119538,0.995455217353323,-0.00459800326561831
4.365,2.65790778221848,1.53518200951539,0.0860200567802788,1.5475056564083,0.0399490623592321,0.11657825070667,0.000882772451134052,0.115695478255536,0.995439708013527,-0.00463393316932696
4.37,2.68898445135629,1.50913535594095,0.085889959072011,1.54652721594836,0.0398626328495188,0.124009403713303,0.00813920049514519,0.115870203218158,0.99541624575974,-0.00470510688207362
4.375,2.70759952757458,1.4958882094065,0.0857532135374796,1.54570559497829,0.039777291506739,0.130487987389342,0.0144704309193242,0.116017556470018,0.995398583483013,-0.00474836245614604
4.38,2.71624116288631,1.4930121043071,0.0856131856738993,1.54496477337607,0.0396925756531634,0.131914249041141,0.0157632250344631,0.116151024006678,0.995385679728546,-0.00476907552956316
4.385,2.75660605345651,1.45739270187628,0.0854725885941049,1.54424283463212,0.0396081046132248,0.160406547547376,0.0441249392569974,0.116281608290378,0.995356851162447,-0.00486218691015865
4.39,2.76816688721278,1.45184303850288,0.0853228540306986,1.54373769063468,0.0395251468929248,0.165860037839871,0.0494863139914744,0.116373723848396,0.995341831375908,-0.00488979138523411
4.395,2.73960359859253,1.48847679192428,0.0851718863026949,1.54326935567203,0.0394426075265902,0.13408399545776,0.0176245071723662,0.116459488285394,0.995346764669588,-0.00482565747490433
4.4,2.70737657817373,1.52812819647768,0.0850305692809988,1.54258308961197,0.0393588999744447,0.117812699704465,0.00122864010726186,0.116584059597203,0.995354097348419,-0.00475347639449654
4.405,2.72789473120985,1.51291663563369,0.0848995764290306,1.54165830201601,0.0392738247071339,0.121616248044318,0.0048650618835701,0.116751186160748,0.995335672833606,-0.00480108746167636
4.41,2.70519353619907,1.54226830397876,0.0847647999409912,1.54082618668145,0.0391894091586815,0.116914765556593,1.22674878053584e-05,0.116902498068787,0.995338595798706,-0.00475059631513674
4.415,2.74443530387902,1.50793653235105,0.0846376604220772,1.53981628735641,0.0391039679597512,0.123089716975316,0.00600393946461621,0.1170857775107,0.995311000223461,-0.00484076880527951
4.42,2.73453214695903,1.52425175794447,0.084501790599204,1.53901536003547,0.0390198965319893,0.118522289949961,0.00128970016585325,0.117232589784108,0.995307402986087,-0.00481925256131577
4.425,2.71403365216855,1.55122370365275,0.0843702370289694,1.53811597341176,0.0389353119895451,0.11841555399297,0.00101820617151675,0.117397347821454,0.995309348756775,-0.00477370000605469
4.43,2.72868374453982,1.5419390648317,0.0842456640304196,1.53705208856742,0.0388497734659593,0.117733492144047,0.000141743419572375,0.117591748724475,0.995294136932793,-0.00480792328136377
4.435,2.72138668278723,1.55515005537782,0.0841188303883864,1.53604420205135,0.0387646154099032,0.119946846110843,0.00216974980302969,0.117777096307814,0.995289731564394,-0.00479232894847279
4.44,2.77850064589401,1.50266345208964,0.0839954588916613,1.53495485947199,0.0386789922828451,0.124184695081492,0.00620709145763142,0.11797760362386,0.995253317192751,-0.00492350068225401
4.445,2.7981607871597,1.48854285612769,0.0838587083147908,1.53418673929933,0.0385953924544502,0.130543642122107,0.0124218707445708,0.118121771377536,0.995234750617616,-0.0049696287950094
4.45,2.79664718635873,1.49658917947643,0.0837184952525632,1.53350650772509,0.0385124351702686,0.126390596012748,0.00813971345822412,0.118250882554524,0.995226520073176,-0.00496720034836275
4.455,2.78644422239344,1.51360095249857,0.0835804868611374,1.53277879573185,0.038429318329564,0.120589000750125,0.00220021254297948,0.118388788207146,0.995222746078273,-0.00494482650086399
4.46,2.80178633761881,1.50393426632292,0.0834469341357947,1.53194802476434,0.0383456925497937,0.123247511049548,0.00470221386885786,0.118545297180691,0.995206458141813,-0.00498103283216924
4.465,2.81137534532372,1.50032470911633,0.0833110565286705,1.5311775995298,0.0382625185180254,0.124404671967127,0.00571293227171195,0.118691739695415,0.995192868404404,-0.00500408832986399
4.47,2.84345285463173,1.47335577113536,0.0831744009425926,1.53043066133429,0.0381795871171002,0.138417165557263,0.0195826062724983,0.118834559284765,0.995167955074441,-0.0050790695378659
4.475,2.83827055712113,1.48558230645944,0.0830310198112188,1.52985164924984,0.0380977673640332,0.130749637304346,0.011801461162044,0.118948176142302,0.995161203478893,-0.00506814469876563
4.48,2.85270621419681,1.47711722647644,0.0828908912884145,1.52919978299092,0.0380156675235543,0.135437320056144,0.0163624292785429,0.119074890777601,0.99514482361684,-0.00510253921888947
4.485,2.87713402525502,1.45822984090001,0.0827487695644418,1.52860240892541,0.0379340202419483,0.149116089275458,0.0299236976969958,0.119192391578463,0.995123285660607,-0.00516019883766641
4.49,2.89103252939993,1.45057000011512,0.0826020159794601,1.52812456720357,0.0378532189128775,0.155696921604692,0.0364077728912319,0.11928914871346,0.995106674808798,-0.00519356038200147
4.495,2.89335477215389,1.45527533699508,0.0824534985148111,1.52769766045487,0.0377728889711718,0.151182900378529,0.0318057634290214,0.119377136949507,0.995095700947098,-0.00520002225696186
4.5,2.89243179576008,1.46339269672447,0.0823063466767391,1.5272453863463,0.0376926005414455,0.144237929709207,0.0247682356012907,0.119469694107916,0.995086404997476,-0.00519892187637621
4.505,2.89540031266758,1.46731644325503,0.0821614074109003,1.52674627656901,0.0376122230034123,0.141064283388632,0.0214936987998761,0.119570584588756,0.995075275846871,-0.00520685973299167
4.51,2.90750768241323,1.46155834681299,0.0820176143418372,1.52622599120041,0.0375318914278672,0.145169298890309,0.0254939397114654,0.119675359178844,0.995059619857711,-0.00523607493184424
4.515,2.88604592531086,1.49144701850147,0.0818725313008116,1.52574472567916,0.037451945119787,0.126957439803727,0.00718392786296677,0.11977351194076,0.995060628105043,-0.00518717217797369
4.52,2.87401034593635,1.51088463241366,0.0817350449297123,1.5250801504843,0.0373711248876933,0.121136367870589,0.00123271929113839,0.119903648579451,0.995057400496143,-0.00516023566437075
4.525,2.9043453107654,1.48579939814913,0.081602510159054,1.52429581636314,0.0372897414024023,0.129135360900382,0.00908044502809915,0.120054915872283,0.995033291099067,-0.00523164127101389
4.53,2.92854663265989,1.46722823313244,0.0814638141167569,1.52366994681536,0.0372093574965546,0.139731641950735,0.0195526509408178,0.120178991009918,0.995011801676242,-0.00528905493265654
4.535,2.95293506107162,1.44854928498518,0.081320610141622,1.52316292684526,0.0371297788982784,0.154512556567187,0.0342299174952664,0.12028263907192,0.994989879940095,-0.00534712257647229
4.54,2.94198096026082,1.46768504992435,0.0811728882361075,1.52277645127577,0.0370510392078293,0.139060496092958,0.0186950505816383,0.120365445511319,0.994985286612153,-0.00532248510749886
4.545,2.9443159774676,1.47243846749091,0.0810300743768962,1.52227377874142,0.0369718456263005,0.135793321487192,0.0153249164987989,0.120468404988393,0.994974348404597,-0.00532893610312639
4.55,2.96774992814333,1.45479021408494,0.0808885808429464,1.52174435808701,0.0368926649876078,0.148286219529192,0.0277100757136121,0.12057614381558,0.994952917036597,-0.00538483554947893
4.555,2.97917194151854,1.45005516414879,0.0807428400293315,1.52132933288841,0.0368142743816915,0.152122133638043,0.0314579418291296,0.120664191808913,0.994937164440342,-0.00541266182440459
4.56,2.99046509078535,1.4455222744304,0.0805960797867424,1.52094812378644,0.0367362536038398,0.15604007435012,0.0352936443443158,0.120746430005804,0.994921369339082,-0.00544022381575729
4.565,3.02789316368666,1.41305719324048,0.0804483549979073,1.5205997620178,0.0366586046307683,0.192703914171377,0.0718809234789483,0.120822990692429,0.994892402683947,-0.00552957620380493
4.57,3.02426006927496,1.42506875914221,0.0802927229338158,1.52046151878385,0.0365822999447945,0.177529336015629,0.056666272232095,0.120863063783534,0.994883377010616,-0.00552199769765914
4.575,3.03905360577242,1.4170567152896,0.0801402492014657,1.52025329391655,0.0365058735282792,0.187358044215343,0.0664431040982681,0.120914940117075,0.994865317211403,-0.00555802057249818
4.58,3.02850168722998,1.43656748397788,0.079985977806583,1.52010153862691,0.0364299863763501,0.164576642578005,0.0436197598470354,0.12095688273097,0.994859763048068,-0.00553404007118841
4.585,3.05448513452238,1.41646053316277,0.0798366796693649,1.51983172511253,0.0363537198445201,0.187940446687352,0.0669216415898485,0.121018805097504,0.994836250480501,-0.00559658536017421
4.59,3.06591344894186,1.41223404562605,0.0796825913390948,1.51969516062525,0.0362783848289778,0.19351943914592,0.0724618203474864,0.121057618798433,0.994819636578061,-0.00562472183660865
4.595,3.0742269866453,1.41145439677466,0.0795276501907724,1.51959173807379,0.036203479187639,0.194610057501103,0.0735196158518056,0.121090441649297,0.994804477149422,-0.00564547933828781
4.6,3.08436158795605,1.40873148974368,0.0793727062796306,1.51949974696454,0.0361288961991769,0.198412052945617,0.077291095282306,0.121120957663311,0.994788364035694,-0.0056705871360777
4.605,3.11862009764882,1.3798136740402,0.0792172833011091,1.51943173199619,0.036054704185205,0.244183292766709,0.123036295206606,0.121146997560103,0.994760111405083,-0.0057533653478973
4.61,3.14223641476485,1.36265868779422,0.0790549470767163,1.51955589564878,0.0359817852778089,0.276833504138827,0.155693822732362,0.121139681406465,0.994736638401912,-0.00581096953956395
4.615,3.1473376720889,1.36606808476235,0.0788886282044955,1.51979856011755,0.0359097977790597,0.270899006590541,0.149787488962758,0.121111517627783,0.994722086962453,-0.00582421577558172
4.62,3.13363875204935,1.39021564233862,0.0787233850411118,1.52002875374301,0.0358380985138338,0.228114238548337,0.107029467061714,0.121084771486623,0.994716963012588,-0.00579233701645105
4.625,3.1658591632875,1.36363058129143,0.0785642374681095,1.52011279070297,0.035766004765975,0.276920656777353,0.155838601960953,0.1210820548164,0.99468927346516,-0.00587067328029331
4.63,3.16378668929801,1.37505647732806,0.07839880795838,1.52037649541129,0.0356951390097831,0.255730715528468,0.134682581315025,0.121048134213444,0.994678223464284,-0.00586665798123568
4.635,3.15675257682755,1.39182670197853,0.0782363840050064,1.52057599751466,0.035624308225009,0.226962074455437,0.105937801905484,0.121024272549953,0.994669824140031,-0.00585070678196515
4.64,3.18652198576209,1.36797549372135,0.0780782281162588,1.52067595957711,0.0355533191115493,0.270337376454999,0.149320962034677,0.121016414420322,0.994643288543951,-0.00592328464872454
4.645,3.16950768655268,1.39597225027196,0.0779144870602712,1.52093893158298,0.035483468516151,0.22119700638475,0.100216737779513,0.120980268605237,0.994639683524169,-0.00588325860297588
4.65,3.19678603258269,1.37487357276155,0.0777576945055224,1.52102960647806,0.0354131195727639,0.258332093503974,0.13735995085492,0.120972142649054,0.994614398362599,-0.00594988610871858
4.655,3.15637038691478,1.42868483107556,0.077595999440935,1.52126585818158,0.0353438149885122,0.176168689276019,0.0552299515552312,0.120938737720788,0.994622546761255,-0.00585357808166355
4.66,3.11979291088429,1.47697792221545,0.0774473225235497,1.52116050135862,0.0352731746833963,0.133564038930897,0.0126027616974665,0.120961277233431,0.994629702547633,-0.00576697406258248
4.665,3.10194807693942,1.50402068946903,0.0773102191980154,1.52074552317575,0.0352012571263276,0.122843632835075,0.00180907560099572,0.121034557234079,0.99462832069555,-0.0057253097440823
4.67,3.09913376654196,1.5145837339892,0.07717959120783,1.52015685715753,0.0351286568846888,0.121337501141047,0.000201217066346479,0.121136284074701,0.994619876191541,-0.00571942734696264
4.675,3.07251157645401,1.55034302926545,0.0770515134103766,1.51950109449401,0.0350558666907065,0.127421577935287,0.0061726557879535,0.121248922147334,0.994623495525115,-0.00565707836300854
4.68,3.10460072096182,1.52361696903713,0.0769318568737699,1.51861152732575,0.0349820287590335,0.121562866228377,0.000162835317800716,0.121400030910576,0.994598367278565,-0.00573395793109033
4.685,3.10828222877481,1.52711018973069,0.0768058980598033,1.51789851557259,0.0349091616992587,0.12207419765077,0.000552398597884168,0.121521799052886,0.994586933837309,-0.00574348953705965
4.69,3.13275102469941,1.50853312226041,0.0766807944972112,1.51716379945656,0.0348363041375793,0.122132741917622,0.000485705640849309,0.121647036276772,0.994565140691276,-0.0058025417328481
4.695,3.13174055051226,1.51726246399847,0.0765513462124993,1.5165532508247,0.0347641810030485,0.121754817052815,3.28526767152164e-06,0.121751531785143,0.994555722325469,-0.00580091307168681
4.7,3.13327171572997,1.52319932746604,0.0764239929684965,1.51588707408424,0.0346919259590188,0.122214796295714,0.000349818476127366,0.121864977819586,0.994545160941532,-0.00580533393752679
4.705,3.11709761901763,1.54793434466634,0.0762980677341847,1.51518324768933,0.0346196148131628,0.129013680636026,0.00702923668351899,0.121984443952507,0.994543529875265,-0.00576757441308798
4.71,3.12314507934648,1.5487799292697,0.0761779270335663,1.51431647533038,0.0345466200131878,0.129926317465544,0.00779575989842667,0.122130557567117,0.994531204495311,-0.00578269751169812
4.715,3.11616488094461,1.56341559626732,0.0760579885942764,1.51344420382291,0.0344736790148408,0.138693604394793,0.0164160274876208,0.122277576907173,0.99452537929291,-0.00576682513157424
4.72,3.12835194468877,1.55767705352524,0.0759414469705224,1.51247441939634,0.0344003366050586,0.13589361526941,0.0134529839350065,0.122440631334403,0.994510206095005,-0.00579652877854375
4.725,3.14219388453886,1.55025967052155,0.0758235616230972,1.511542275888,0.0343272355015218,0.132482624665269,0.00988503187611225,0.122597592789157,0.99449407237493,-0.00583022264218831
4.73,3.17172413630708,1.52630891012945,0.0757039492768629,1.51065932815605,0.0342544404413363,0.124364064570308,0.00161754715759009,0.122746517412718,0.994469930208227,-0.00590149491725672
4.735,3.19592117882788,1.50813836095745,0.0755787673605924,1.50993668619967,0.0341825037036134,0.122890398321933,2.13947236092862e-05,0.122869003598323,0.994447986232489,-0.0059602418231686
4.74,3.18721144399426,1.5254036060749,0.0754493880811833,1.50933701005826,0.0341112762543969,0.124681713643637,0.00171065342030419,0.122971060223332,0.994442131194573,-0.00594008105044519
4.745,3.18030923464256,1.54050347918898,0.075324042905295,1.50862383499486,0.0340396520954548,0.1298376716229,0.00674626370773586,0.123091407915164,0.994435657292884,-0.00592426292248369
4.75,3.19678493009558,1.53052147685671,0.0752022027160179,1.50781055210653,0.0339676675822327,0.126657268415088,0.0034293284264295,0.123227939988659,0.994417740257829,-0.00596446511702415
4.755,3.20522831115828,1.52921597939273,0.0750780685686027,1.5070649426826,0.0338961012652518,0.126620997670283,0.00326772143109324,0.12335327623919,0.994403624835654,-0.0059854438942052
4.76,3.20003227740355,1.54253540438454,0.074953654280293,1.50632917073175,0.033824692604519,0.132221507838894,0.00874467941495071,0.123476828423944,0.994396273911184,-0.00597367444694697
4.765,3.2041775541173,1.54573750517932,0.0748323160381689,1.50550467137989,0.0337529774855408,0.134430055029494,0.0108153869960888,0.123614668033405,0.994384466446349,-0.0059843125647516
4.77,3.2037692741008,1.55378168020092,0.0747117179720341,1.50465892694444,0.0336812539084446,0.139904910521885,0.0161490389526325,0.123755871569253,0.994374963811697,-0.0059840161591294
4.775,3.23190931263991,1.53138117934698,0.0745929610346667,1.50375896299235,0.0336093616596472,0.129020159310215,0.00511433535925521,0.12390582395096,0.994351304535994,-0.00605233079171205
4.78,3.23334213563455,1.53769764020147,0.0744690584278642,1.503010586341,0.0335382564538503,0.132109432794551,0.00807846729178872,0.124030965502762,0.994340550770352,-0.00605646448327045
4.785,3.25228829645684,1.52522247550696,0.0743466158462268,1.50222036048319,0.0334670667845147,0.12772103590158,0.00355831458866562,0.124162721312914,0.994321125745929,-0.00610281177273613
4.79,3.24648263033927,1.53945271475451,0.0742213317038727,1.50151551830658,0.033396374406103,0.133975936648178,0.00969553389361886,0.124280402754559,0.994313811690085,-0.00608948473307646
4.795,3.24415781538365,1.54977993624141,0.0740993078850094,1.50071524759348,0.0333253629849605,0.14065734987049,0.0162440361511501,0.12441331371934,0.994304989875483,-0.00608454498972568
4.8,3.25527062380349,1.54564138464563,0.0739796357964713,1.49984517409113,0.033254128178275,0.138732178072231,0.0141747987711231,0.124557379301108,0.994289609681869,-0.00611198900301823
4.805,3.24422180669431,1.56528416539919,0.0738590203536068,1.49900331021031,0.0331831051429426,0.154436891790779,0.0297401166677857,0.124696775122993,0.994285200649858,-0.00608600844586647
4.81,3.21310796089959,1.60601380495025,0.0737428404763971,1.4980274477447,0.0331115569512368,0.203923360028831,0.0790656643220691,0.124857695706762,0.994291158704702,-0.00601188454984798
4.815,3.24441401408536,1.5801557914105,0.073635769971946,1.49677192344146,0.0330387832920449,0.17227484357037,0.0472112224814551,0.125063621088915,0.994266632613003,-0.0060876875558
4.82,3.25419591584546,1.57723243369043,0.0735227934807319,1.49569068215293,0.0329668049001813,0.170459277225547,0.0452176592388676,0.125241617986679,0.99425235113948,-0.00611186010712886
4.825,3.27362111210855,1.56410466830027,0.0734091226646852,1.49462774621976,0.0328949420525922,0.158294468942347,0.0328776760064908,0.125416792935857,0.994233161135945,-0.00615933385849427
4.83,3.27854616023717,1.5665691422729,0.0732924606972127,1.49365339879601,0.0328235179303031,0.161848237841302,0.0362704812760421,0.12557775656526,0.994220941248623,-0.00617184764862598
4.835,3.30817125277197,1.54265268390954,0.0731763338885313,1.49266117665906,0.0327520702062049,0.142817846484958,0.0170762230380493,0.125741623446909,0.994196385200897,-0.00624416962707809
4.84,3.33467557386435,1.5221973957201,0.0730547959442835,1.49183261079378,0.0326814108454817,0.132189524904614,0.0063104697761733,0.12587905512844,0.994172902348114,-0.0063091680949522
4.845,3.34165628569291,1.52299888438963,0.0729286547842394,1.49114528958464,0.0326114713011689,0.132949987185392,0.00695646659740475,0.125993520587987,0.994158757754064,-0.00632677922138593
4.85,3.3396806348744,1.5335194973283,0.0728027234861553,1.49045385782939,0.0325416384881467,0.138845858603293,0.0127374994824381,0.126108359120855,0.994149072238965,-0.00632258654092235
4.855,3.34790746643825,1.53290348850895,0.0726791747752766,1.489691114819,0.0324716166548093,0.139080607281538,0.0128462468492066,0.126234360432331,0.994134451475131,-0.00634321668712833
4.86,3.35916419056904,1.52904337546615,0.0725555042836769,1.48893340872261,0.0324017244286608,0.137446073637287,0.0110867497101103,0.126359323927176,0.99411826957093,-0.0063712433732953
4.865,3.35250048114647,1.54465721875347,0.0724309877552975,1.4882032653295,0.0323320613670147,0.14848021095094,0.0220005894988087,0.126479621452132,0.994110939276705,-0.00635560314072167
4.87,3.339821533706,1.56656261552623,0.0723099647930946,1.48736579022501,0.0322620476827377,0.16998661474992,0.0433697980336423,0.126616816716278,0.994106880560765,-0.00632534380253227
4.875,3.35815511015933,1.5548519960216,0.0721937971039144,1.48637613627292,0.0321914639668992,0.159252830456332,0.032474696971343,0.126778133484989,0.994087699951411,-0.00637051561744804
4.88,3.35577848329886,1.56556292230237,0.0720750050517113,1.48546692400421,0.0321212853204205,0.171431364211568,0.044504810917296,0.126926553294272,0.994078614837995,-0.00636529827886865
4.885,3.35241216853338,1.57722268464357,0.0719585727022879,1.48448253111878,0.0320508562496733,0.18684858670253,0.059761719506204,0.127086867196326,0.994070195725817,-0.00635766718681972
4.89,3.39728328222818,1.53703385366528,0.0718446911955547,1.48341557822917,0.031980128049669,0.147268190942839,0.0200078768027403,0.127260314140099,0.994037847548113,-0.00646765734515993
4.895,3.39296493064091,1.55019548820835,0.0717218472539206,1.48262800426105,0.0319106402537291,0.159215915018721,0.031826877456215,0.127389037562506,0.994029278690735,-0.00645765917327761
4.9,3.39673924872607,1.5544486338322,0.0716019177323263,1.48174881674836,0.0318408661295393,0.164439384461628,0.0369072754711762,0.127532108990452,0.994016882505025,-0.00646743208902747
4.905,3.38853993335073,1.57162218822056,0.0714829223510546,1.48083953594166,0.0317710459310265,0.185326392469566,0.0576465656672406,0.127679826802325,0.994010520139834,-0.00644794757587298
4.91,3.38578696425888,1.58270264246366,0.071367685804898,1.47980913138285,0.0317007883983531,0.20201939723125,0.0741727471133053,0.127846650117945,0.994001731824481,-0.00644176093709151
4.915,3.42264120424455,1.55112632895386,0.0712548477281192,1.47869923274282,0.0316302417432178,0.164835409982738,0.0368093149646332,0.128026095018105,0.99397331961047,-0.00653237988662066
4.92,3.43311245615708,1.54822390287575,0.0711350205947094,1.47780959802363,0.0315606536885488,0.163020985105813,0.034850445577689,0.128170539528124,0.993957445743976,-0.0065585756403085
4.925,3.43737332930982,1.55211666547893,0.0710145551766773,1.47694002691273,0.0314912286033986,0.168102994340023,0.0397913284963359,0.128311665843687,0.99394458421157,-0.00656954852336519
4.93,3.40604702012892,1.59460043791126,0.0708949423850995,1.47604273652625,0.031421772396742,0.227589121617716,0.0991320966264742,0.128457024991242,0.993949556140038,-0.00649337688184263
4.935,3.43127825109519,1.57549543071428,0.0707845364444563,1.47484460172158,0.0313511491322823,0.200208950307591,0.0715593396932664,0.128649610614324,0.993927040157192,-0.00655559659647983
4.94,3.46519081125286,1.54714039124508,0.0706699117915527,1.4737788718861,0.0312810866990073,0.166899226701192,0.0380778211421389,0.128821405559053,0.99389977247779,-0.0066393447264209
4.945,3.46673456461317,1.55411950144855,0.0705490632690586,1.4729123515064,0.0312118859099026,0.175699352647987,0.0467376949894849,0.128961657658502,0.993888093029876,-0.00664363951187677
4.95,3.49086643582411,1.53648675682025,0.0704297363806791,1.47199604145255,0.0311425668527321,0.158635855996067,0.0295262525629592,0.129109603433108,0.993865220134988,-0.00670356401202935
4.955,3.49110367486545,1.54509432724155,0.0703065668214298,1.47120441013717,0.031073829054355,0.168065674815048,0.038827950905061,0.129237723909987,0.993853908065894,-0.00670463548798655
4.96,3.48747582641244,1.55783616783968,0.0701852815610139,1.47035188983292,0.0310049475707186,0.183898719412057,0.0545235320578645,0.129375187354192,0.993844661392298,-0.0066961732711061
4.965,3.49443458856243,1.55891266640473,0.0700667579536138,1.46940837246279,0.0309357880720781,0.186693806637205,0.0571670423180492,0.129526764319155,0.99383033626831,-0.00671379249447355
4.97,3.51695727067564,1.54306806098068,0.0699484596140372,1.46845622044707,0.0308666619212256,0.169472662811502,0.0397930617666878,0.129679601044814,0.993808213147683,-0.00676984501729817
4.975,3.5182682190802,1.5505440620886,0.0698267264001695,1.46761635566627,0.0307980518664732,0.179058029968849,0.0492433545649608,0.129814675403888,0.99379634209278,-0.0067735439086673
4.98,3.51046335803862,1.56790776681649,0.0697066145810423,1.46672288457941,0.0307293202475476,0.203397036122441,0.0734390879177483,0.129957948204692,0.993789139931844,-0.0067547248313911
4.985,3.54723421358695,1.53655936604355,0.0695902300036099,1.46570433924071,0.0306601723275313,0.166192032231099,0.0360714055907757,0.130120626640323,0.99375995793705,-0.0068460983773866
4.99,3.55929330290905,1.53242602904622,0.0694670656885205,1.46490938961915,0.0305919625942843,0.163058617754199,0.0328104876342752,0.130248130119923,0.993742463494701,-0.00687643917341434
4.995,3.58915416667384,1.50879875341711,0.069343034436661,1.46414443987537,0.030523972336651,0.144748530538931,0.0143778516045818,0.130370678934349,0.993715946307285,-0.00695108060400917
5,3.55906536861361,1.55162687058019,0.0692139436418182,1.46355015340278,0.0304567561181558,0.186506248005954,0.0560400672218242,0.13046618078413,0.993718887195815,-0.00687675631017185
5.005,3.57115825975573,1.54738421765047,0.0690940302139197,1.46264919155264,0.0303885033531791,0.182567211939086,0.0519583575134538,0.130608854425633,0.993701557188459,-0.00690717238051881
5.01,3.57590383290885,1.55126781839702,0.0689732135990162,1.46177821557387,0.0303204465504155,0.188801016186053,0.058054341646322,0.130746674539731,0.99368777617393,-0.00691936378082461
5.015,3.57247883207051,1.56409101293558,0.068853232826334,1.46087871595989,0.0302523659608415,0.2082473149604,0.0773585916718446,0.130888723288555,0.993678119750149,-0.00691126821248263
5.02,3.59680553761226,1.54642522238988,0.0687359784322326,1.45988560081478,0.0301840052947096,0.185522459421094,0.0544773368560143,0.131045122565079,0.993654807467465,-0.00697209608430687
5.025,3.60181358917577,1.55012408351943,0.0686149520475353,1.45901923797207,0.0301161913597582,0.191664818217205,0.0604831209126029,0.131181697304602,0.993640755895954,-0.00698494473524772
5.03,3.62353496686328,1.5354507789459,0.0684947209694268,1.4581255778447,0.0300483610859017,0.174969347674423,0.0436470624357222,0.131322285238701,0.993618383137945,-0.00703943439556484
5.035,3.5929302847024,1.57863039824624,0.06837138156044,1.45733807070446,0.0299810157978155,0.239033810712843,0.107587622077651,0.131446188635192,0.99362183371706,-0.00696364247155478
5.04,3.61849844602623,1.55958388619873,0.0682571434652917,1.45623611328954,0.0299125907533726,0.209857381528416,0.0782391528787024,0.131618228649714,0.993598034217894,-0.0070276047897471
5.045,3.58653636312108,1.60382895783814,0.0681388521149043,1.45527081272446,0.029844720512366,0.29371431260663,0.161945217703411,0.131769094903219,0.993602570080564,-0.00694853213693606
5.05,3.57935503968588,1.62022715858951,0.0680298099145454,1.45398060591759,0.0297756963740771,0.33510067482762,0.203130923855402,0.131969750972218,0.993595575201497,-0.00693109176000281
5.055,3.56497140111125,1.64420567185979,0.0679241389886736,1.45256606284384,0.0297061986040957,0.402533556365369,0.270343800382294,0.132189755983076,0.993592476327671,-0.00689585138715269
5.06,3.59601334862116,1.61892545095725,0.067823385899415,1.45097026414975,0.0296359851569881,0.3403968012592,0.207958836037617,0.132437965221583,0.99356711371842,-0.00697307149729695
5.065,3.59451978690139,1.62903522915259,0.0677172378351964,1.44955370281878,0.0295663794707752,0.370512971611983,0.237853900461149,0.132659071150834,0.993557460198719,-0.00696970996400527
5.07,3.61826980595867,1.61172963121417,0.0676131230243324,1.44805747566284,0.0294964434931773,0.330994700903951,0.198101886916068,0.132892813987882,0.993535352381862,-0.00702901197366681
5.075,3.59614184056872,1.64443798876892,0.0675053133796418,1.446682883667,0.0294269127358309,0.422767587483968,0.289659284847236,0.133108302636732,0.99353578714998,-0.00697441684900348
5.08,3.64663999565305,1.59820119061771,0.0674042127845586,1.44506201508621,0.0293564453584652,0.307324343631817,0.173962472920087,0.13336187071173,0.993500539425644,-0.00710026776965714
5.085,3.62268078894355,1.63326972494091,0.067293353957289,1.44377596422576,0.0292871466686821,0.400365514205451,0.266801126993634,0.133564387211817,0.993501520779224,-0.00704095322138403
5.09,3.62932198224702,1.63453254942614,0.0671896977301473,1.44222634074124,0.0292168772075404,0.409010995817178,0.275203484671786,0.133807511145392,0.99348788366673,-0.00705777515545528
5.095,3.64024284605103,1.63116889043831,0.0670862203549966,1.44066088325472,0.0291464878466679,0.404551108948949,0.270497433072035,0.134053675876914,0.993472092721418,-0.0070852493750552
5.1,3.62671632476926,1.6543979665937,0.0669819648125412,1.43911375278493,0.0290761000165293,0.480266127519686,0.345968447215403,0.134297680304283,0.993468415502222,-0.00705192202290236
5.105,3.65386488831025,1.63335779965532,0.0668824072797039,1.43738755104222,0.0290049971966244,0.421673129149081,0.287103439480515,0.134569689668566,0.993444840832215,-0.00711975588941889
5.11,3.67918467718809,1.61443748440754,0.0667784015319657,1.43580991195287,0.0289343355464668,0.373727935726403,0.238908156747182,0.13481977897922,0.993421701887136,-0.00718321126624548
5.115,3.67562244212658,1.62719258120488,0.0666704125635315,1.43436638242113,0.0288640887070085,0.413898930016182,0.278848903941911,0.135050026074271,0.993412568029685,-0.00717459948805454
5.12,3.67242390164024,1.63940206106439,0.0665649898869892,1.43282206750727,0.0287934383395146,0.455849862342976,0.320553595895627,0.135296266447349,0.993403477550162,-0.00716689764945285
5.125,3.68467399050703,1.63468673230686,0.0664620009782859,1.43118001161814,0.0287223739081095,0.447127058906961,0.311568902198754,0.135558156708207,0.993386876790425,-0.00719774700161049
5.13,3.7157318184399,1.6095712837216,0.0663579637181522,1.42956579194463,0.0286513233712525,0.379962015506487,0.244145353883176,0.135816661623311,0.993360732510838,-0.00727570463710045
5.135,3.76798222533293,1.56137087113766,0.0662486915982961,1.42813239568305,0.028580834988355,0.270032051624733,0.133983712833996,0.136048338790736,0.993323421907222,-0.00740725960618391
5.14,3.75545935120692,1.58502087747088,0.0661294355007066,1.4270544889709,0.0285115542250146,0.324896872316485,0.188670746293172,0.136226126023313,0.993317433770254,-0.00737596138801657
5.145,3.77544709754834,1.57242335129338,0.0660150336070619,1.425796661586,0.0284416810597487,0.299268651343844,0.162837046047057,0.136431605296786,0.993295647337947,-0.0074265236903034
5.15,3.80354134577139,1.55097588380392,0.0658980433680936,1.4246292517073,0.0283721143809041,0.25774630046738,0.121122499441974,0.136623801025406,0.993269498502947,-0.00749765699688108
5.155,3.80323378342792,1.5613268647102,0.0657766670515607,1.42361972960336,0.0283031025287866,0.280941129549322,0.144148798573743,0.136792330975579,0.993257051369065,-0.0074970812732469
5.16,3.78528811717159,1.59117878776678,0.0656574395540394,1.42253022278672,0.0282338614840666,0.353569764633621,0.216596463881481,0.13697330075214,0.993253601011942,-0.00745199213744303
5.165,3.7757276648529,1.61125881730453,0.0655442904154233,1.42121274152765,0.0281638709044051,0.41270905117679,0.275519886547535,0.137189164629255,0.993246549597822,-0.00742811681351763
5.17,3.79826385183906,1.59574880020176,0.0654351901211959,1.41973863911448,0.0280933246537681,0.374148906852201,0.236719544549271,0.13742936230293,0.993223834490675,-0.00748510653496099
5.175,3.80058347161482,1.602711200278,0.0653229033455836,1.41837576999673,0.0280231030220932,0.397742589000629,0.260089104408099,0.13765348459253,0.993210853406972,-0.00749114877947729
5.18,3.76718671107621,1.64902386734205,0.0652120050291763,1.41695483927954,0.0279526523307683,0.550817475106058,0.41293036275899,0.137887112347068,0.99321583672948,-0.00740727506085746
5.185,3.80078409016673,1.62120573863845,0.0651103633884769,1.41517642269966,0.0278809501669074,0.464145570162032,0.325970220538794,0.138175349623238,0.993188265787847,-0.00749201251917552
5.19,3.87685626680587,1.54681239545119,0.065003022454028,1.41360078796643,0.0278098163214484,0.274930279297255,0.136496209704883,0.138434069592372,0.993138816846732,-0.00768475002484427
5.195,3.90165722546127,1.5293882458093,0.0648805046988599,1.41258458625682,0.0277404813683039,0.243748714381469,0.10514017229192,0.13860854208955,0.993113343713168,-0.00774799303653905
5.2,3.91665500627217,1.52315555865712,0.0647545187128228,1.41169889802831,0.0276716111176441,0.234684337377286,0.095920620255216,0.13876371712207,0.993092350519881,-0.00778633656851439
5.205,3.9755427502218,1.46754625391073,0.0646273558155599,1.41085972406967,0.0276029541818521,0.163772915376058,0.0248607004330492,0.138912214943009,0.993049232934887,-0.00793712156216576
5.21,3.97188131079115,1.48335322598066,0.0644889981732539,1.4104448796454,0.027535743256534,0.180210091375618,0.0412134404000318,0.138996650975587,0.993036124925604,-0.0079277572983096
5.215,3.98222732242802,1.48300898199153,0.0643539932235551,1.40991259327971,0.0274683150860609,0.180611903657608,0.0415132128953371,0.139098690762271,0.993016313268195,-0.00795433321437477
5.22,4.01172905070347,1.46088710047962,0.0642190676502782,1.40938524967697,0.0274010355833431,0.159851526185346,0.0206515037756621,0.139200022409684,0.992986870865162,-0.00803017310020707
5.225,3.99679338759574,1.48984040676627,0.064079839021997,1.40903013750855,0.0273344354344018,0.190229864997125,0.0509544009252595,0.139275464071866,0.992979113754605,-0.00799176175755931
5.23,3.98879202763938,1.51041199301998,0.0639465729389576,1.40845636070862,0.0272673168946711,0.22066186842204,0.0812784054114365,0.139383463010603,0.992968479409863,-0.007971231137931
5.235,4.03257852377359,1.47197579024067,0.0638175407536543,1.40772585669882,0.0271998292129898,0.171857539541657,0.0323426279936606,0.139514911547996,0.992932357854788,-0.00808378828859844
5.24,4.05929195288475,1.45323504667045,0.0636809208701838,1.40729267700074,0.0271333670702847,0.156174438122372,0.0165724780831216,0.13960196003925,0.992903873296664,-0.00815264376618894
5.245,4.06465503871879,1.45921190856461,0.0635407236099925,1.40700772463841,0.0270675161181222,0.161111909075741,0.0214451194806019,0.139666789595139,0.992885600158612,-0.008166417920588
5.25,4.07120848877061,1.46378142765937,0.0634019076365323,1.40668117268059,0.0270017181568671,0.165450090756351,0.0257124686005741,0.139737622155777,0.99286681751586,-0.00818326254403756
5.255,4.07913592858259,1.46675375544916,0.0632641809201761,1.40632343113791,0.0269359969197081,0.168674625616632,0.0288617037575417,0.13981292185909,0.99284740230143,-0.00820365423592388
5.26,4.07660882831388,1.48171771922439,0.0631272175073951,1.40594653803479,0.0268703829989034,0.185364733744383,0.0454738235389026,0.139890910205481,0.992833233129102,-0.00819702853838905
5.265,4.09200500324833,1.47599211308407,0.0629933741898711,1.40545674977458,0.0268045874576628,0.179475613377183,0.0394901649672417,0.139985448409941,0.992810389050865,-0.00823671235383029
5.27,4.06716726076406,1.51646016320698,0.0628585480138371,1.40501434657693,0.0267390745438837,0.23886751318632,0.098794598640777,0.140072914545543,0.992807485496749,-0.00817249391834652
5.275,4.03701628304404,1.56217129772314,0.0627317913197287,1.40425826100567,0.0266727630135167,0.338961480671893,0.198755102004331,0.140206378667562,0.992808095554418,-0.00809486444697861
5.28,4.0432980619015,1.56592442535241,0.0626140228466159,1.40314346088641,0.0266054507323135,0.351987696049257,0.211595112307292,0.140392583741965,0.992791462480789,-0.00811095533990273
5.285,4.06091512235715,1.55690965987964,0.0624970129391493,1.40199567508599,0.0265380518167289,0.33258005019404,0.191995917533012,0.140584132661028,0.992769198312965,-0.0081561857056806
5.29,4.05674813253701,1.57258754722486,0.0623782694190833,1.4009151292419,0.0264708629375004,0.376997798756852,0.236231458251225,0.140766340505627,0.992757575204355,-0.00814540800084236
5.295,4.06223387070417,1.57720645766658,0.062262602297316,1.39970768051183,0.0264033109249605,0.393975175749236,0.253007541677952,0.140967634071284,0.99274143057477,-0.00815944666902263
5.3,4.07303151661651,1.57582867442686,0.0621478444017102,1.39845930976057,0.0263356289065105,0.394280811501488,0.25310525107494,0.141175560426548,0.992722686039725,-0.00818714409371677
5.305,4.08674168414545,1.57122266687636,0.0620328288225867,1.39721703939449,0.026267949132368,0.38543115733629,0.244047861189378,0.141383296146912,0.992702405732344,-0.00822235019187102
5.31,4.09658972721394,1.5710504531569,0.061916934909331,1.39600652835657,0.0262003481533571,0.389018407901612,0.2474313017462,0.141587106155412,0.9926839035138,-0.00824762349470395
5.315,4.13233528215468,1.54171867252253,0.06180102700751,1.39479288464628,0.0261327272615431,0.316442801789513,0.174650715273976,0.141792086515536,0.992652399965488,-0.00833977306145168
5.32,4.150396790958,1.53265476390782,0.0616794698710784,1.39380810887146,0.0260657689512344,0.29824316322186,0.156278853037179,0.141964310184681,0.992629019054175,-0.00838635073144107
5.325,4.16685719067861,1.52553906834864,0.0615562301033786,1.39289318209402,0.0259990458950383,0.285044434561503,0.142917549618644,0.142126884942859,0.992606182200444,-0.00842882150429889
5.33,4.17628412858288,1.52655252971878,0.0614316993514914,1.39203333863493,0.0259325266492923,0.289562672784576,0.147280743987864,0.142281928796712,0.992586649537594,-0.00845307223852824
5.335,4.17695505720221,1.53757418927261,0.0613074523436425,1.3911642110715,0.025866034608544,0.317261587449025,0.17482280617939,0.142438781269635,0.992571468647638,-0.00845460873853246
5.34,4.17428501423951,1.55227658727202,0.0611854015905714,1.39020551904869,0.0257993369757328,0.357260233004047,0.214651129781073,0.142609103222973,0.992558161956007,-0.00844748851116806
5.345,4.23048507463474,1.49996774556224,0.0610662264465236,1.38912665293402,0.025732328619901,0.243391036117531,0.100593638496525,0.142797397621006,0.992515708707164,-0.0085932889465144
5.35,4.26422816957155,1.47354124437091,0.0609370619103955,1.38846499394989,0.0256665200448796,0.202314556549738,0.0593888855056972,0.142925671044041,0.992483217441015,-0.00868103315526132
5.355,4.29089712485719,1.45550865005034,0.0608029695867816,1.38801680085742,0.0256014003643686,0.180481621545925,0.0374582831927261,0.143023338353199,0.992453597124678,-0.00875044947766297
5.36,4.34136296403499,1.41008410256877,0.0606656042122011,1.38771691878241,0.0255368226683912,0.147223077884586,0.0041233489473111,0.143099728937275,0.99241160619411,-0.00888251535972334
5.365,4.3284650806822,1.43904046184357,0.0605197398854035,1.38778840549725,0.0254734274667989,0.164824187041439,0.0217017892401788,0.143122397801261,0.992400177008476,-0.00884813886782703
5.37,4.33598373062431,1.44373617312824,0.060379647181037,1.38763406323791,0.0254096450765169,0.169241078256337,0.0260638052811866,0.143177272975151,0.992379165645384,-0.00886743918788602
5.375,4.34697371759201,1.44437187111422,0.0602406720187587,1.38744763353435,0.0253459597988891,0.170131876287745,0.0268951915330581,0.143236684754687,0.992356476952699,-0.00889585885743237
5.38,4.39998376466011,1.39613794342414,0.0601020354761638,1.38726169008829,0.0252824538360656,0.143951420990839,0.000655450956509588,0.14329597003433,0.992312740898934,-0.00903502285981888
5.385,4.40799326278408,1.40100614782842,0.0599544510097387,1.38747430672352,0.0252202022953165,0.144824991103784,0.00152708198144206,0.143297909122342,0.992290305419228,-0.00905559536218033
5.39,4.42229639894371,1.39846072995122,0.0598080827538037,1.38765719087717,0.0251581252186375,0.144279497866775,0.000975758218207727,0.143303739648567,0.992264785164712,-0.00909279897876389
5.395,4.42436116113312,1.41038066235956,0.0596615220018661,1.38787055607223,0.0250963769532794,0.147551365438945,0.00424649646929145,0.143304868969654,0.992245269633561,-0.00909764703511702
5.4,4.40656560065806,1.44546391295697,0.059517488416412,1.38799622619312,0.0250346508881911,0.171062287879776,0.0277442404733383,0.143318047406438,0.992235914283197,-0.00905008460561231
5.405,4.43633491258168,1.42445897301491,0.0593802696871344,1.38784268801556,0.0249724270160089,0.154659860775427,0.0112895439362037,0.143370316839223,0.992203557767071,-0.00912810102333438
5.41,4.37919408886985,1.50544033550497,0.0592393281081413,1.38786818060703,0.0249108591649127,0.260069594752557,0.11667258938278,0.143397005369777,0.992214098028228,-0.0089769897910763
5.415,4.40344503067919,1.49033278089035,0.0591135779436169,1.38723325893467,0.0248477839855675,0.233423417105897,0.0899075288390404,0.143515888266856,0.992185813214113,-0.00904026363821325
5.42,4.43392565799585,1.46820466024875,0.0589851349749933,1.38672427640527,0.024785135339683,0.199894478485772,0.0562773396559574,0.143617138829815,0.992153996393342,-0.0091200447653025
5.425,4.46527676080163,1.44529379982232,0.0588527219237788,1.38640099035287,0.024723090250225,0.173158715975985,0.029466462160388,0.143692253815597,0.992121156222629,-0.00920226862726473
5.43,4.48086438581293,1.44103303727803,0.0587162334004825,1.38627219919079,0.0246617016392242,0.169275841499406,0.0255359481896879,0.143739893309718,0.992095588462051,-0.00924287359258472
5.435,4.47032570921814,1.46741967194599,0.0585791671823522,1.38618512948884,0.0246006083034529,0.200107346437891,0.0563259193125851,0.143781427125306,0.992082925270489,-0.00921434749095866
5.44,4.44468542893786,1.5109524648426,0.0584471644534122,1.38588469357094,0.0245391651114269,0.277665145911272,0.13381271407384,0.143852431837432,0.992078395837892,-0.00914608208399822
5.445,4.43453448577087,1.53572532519726,0.0583232860421661,1.38522467707654,0.0244769586667271,0.33815337225623,0.194180117598156,0.143973254658074,0.992067118110939,-0.00911881682064701
5.45,4.43418339211843,1.54884205080064,0.0582040259399383,1.38435755725891,0.0244143103475064,0.376539435601038,0.232416471015219,0.144122964585819,0.99205148435632,-0.0091173828515888
5.455,4.46055781212599,1.53114416928543,0.0580872165620921,1.38337860925305,0.0243514257241348,0.332235704057472,0.187947211314078,0.144288492743394,0.99202274978711,-0.00918629599803285
5.46,4.51062536775302,1.48636244721838,0.0579672266028691,1.38254579302875,0.0242889436865232,0.237399539547198,0.0929654420157795,0.144434097531418,0.991981680072687,-0.00931794500165553
5.465,4.52855723501028,1.47915089419031,0.0578391306140517,1.38208918382864,0.0242274709121294,0.225968799443227,0.0814411931707358,0.144527606272491,0.991955521451712,-0.00936476744963752
5.47,4.59473527618898,1.41590170730228,0.057709869198896,1.38169611893305,0.0241662811731074,0.154749416765122,0.0101371073260658,0.144612309439056,0.991905005955076,-0.00953991708712158
5.475,4.5750566847813,1.45396184461041,0.0575692076569557,1.38184144465624,0.0241065661926536,0.189796877922596,0.0451747757285831,0.144622102194013,0.991895792944894,-0.0094866907097003
5.48,4.59868465033507,1.44060316370064,0.0574356884814863,1.38167366149169,0.0240463188870003,0.174905607639259,0.0302310838644718,0.144674523774788,0.99186580774272,-0.0095487687449154
5.485,4.6119570734857,1.43959117860445,0.0572999505476683,1.38162515654318,0.0239865411617947,0.174030176911295,0.0293199180932293,0.144710258818065,0.99184061154407,-0.00958328921879071
5.49,4.64668293544079,1.41344219217728,0.0571642517124671,1.38159240603012,0.0239270005458727,0.15361624475649,0.00887275567536922,0.144743489081121,0.991804605867907,-0.00967508721966694
5.495,4.63547503051479,1.44179450518844,0.057024052719632,1.38179002854699,0.0238682194775727,0.176315027438606,0.0315703378249576,0.144744689613649,0.991790855639065,-0.00964423313894879
5.5,4.65104471540861,1.43820963295452,0.0568892035251717,1.38175527000161,0.023809124558794,0.17278849272779,0.0280114230726422,0.144777069655148,0.991764365140881,-0.00968489537479753
5.505,4.63283443344571,1.47444232611799,0.056753928885005,1.38175852871025,0.0237503225270319,0.220483946913725,0.0756801024236076,0.144803844490117,0.991754616298652,-0.00963542918302111
5.51,4.6592553368278,1.45784518160097,0.0566253291420969,1.38145837932795,0.0236910053863949,0.196393735511412,0.0515223809724339,0.144871354538978,0.991723398657124,-0.00970502748776278
5.515,4.7144900470066,1.40767733590019,0.0564939285454462,1.38130543647881,0.0236321938816265,0.151073882392349,0.0061553258641934,0.144918556528155,0.991677297243495,-0.0098518630378698
5.52,4.72521365703764,1.41046852507186,0.056353741520812,1.38159121517288,0.0235746027034333,0.152304380388195,0.00739879025329561,0.1449055901349,0.991652120359847,-0.00987956599942018
5.525,4.7145788179929,1.43854798319801,0.0562143265936168,1.38186387249461,0.0235172408963761,0.173472628427041,0.0285789104035922,0.144893718023449,0.991637633820217,-0.00985000783587274
5.53,4.73392579567531,1.43083895482318,0.0560801473283309,1.38190417418052,0.0234595963668756,0.166262360625387,0.0213499149933198,0.144912445632067,0.991608807112797,-0.00990083397855325
5.535,4.75875617833476,1.41680305863514,0.0559448239026388,1.38201958625141,0.0234023435239192,0.155733691925524,0.0108132430014933,0.144920448924031,0.991576982327962,-0.00996640562374119
5.54,4.78080835549759,1.4062613946032,0.0558072525707727,1.38226618559658,0.0233456247434773,0.150068682407833,0.0051585594053489,0.144910123002484,0.991546127737537,-0.010024555867049
5.545,4.79850198386137,1.40106485685216,0.0556680783914722,1.3826152948129,0.0232893958994857,0.147942539808106,0.00305728479656364,0.144885255011542,0.991517121676163,-0.0100710007511411
5.55,4.78705143942074,1.43058786441637,0.0555282636616189,1.38302161270207,0.0232335710113202,0.165224798482485,0.020372943010933,0.144851855471552,0.991502493166415,-0.0100390170578154
5.555,4.77835773403278,1.45634540423893,0.0553938917609806,1.3831817520573,0.0231774724727653,0.193167179528817,0.0483168796268335,0.144850299901984,0.991487181762388,-0.0100145486544725
5.56,4.78595074419114,1.46252374252836,0.0552642367765299,1.38312522079875,0.0231211243305151,0.201912908026793,0.057036210219813,0.14487669780698,0.991464326451873,-0.0100338517495539
5.565,4.81702916231595,1.44105181679913,0.0551358408719474,1.38302135014298,0.0230648727794642,0.175447177600366,0.0305385299931549,0.144908647607211,0.991429825183259,-0.0101162706671868
5.57,4.85962290073432,1.40624814590403,0.0550038790883935,1.3831134993129,0.0230092595326616,0.149779048327101,0.00486521934240874,0.144913828984692,0.99138894738159,-0.0102298581949428
5.575,4.87676153969352,1.40200748105057,0.0548660658616104,1.38352222678271,0.0229545858254145,0.147990105240489,0.00311398876501633,0.144876116475473,0.991359828324732,-0.0102748429966545
5.58,4.88382209478388,1.40986086389332,0.0547277879194988,1.38398108877766,0.0229003110634245,0.150949724992872,0.0061190373802635,0.144830687612608,0.991335574995678,-0.0102925967645314
5.585,4.84443154285846,1.47282631229711,0.0545911440785779,1.38438337406882,0.0228462096028992,0.216434599575704,0.0716430609257261,0.144791538649978,0.991334688986744,-0.0101851318636451
5.59,4.84002353169078,1.49317401836055,0.0544655473600941,1.38423757561079,0.0227911951923096,0.253764617610597,0.10894179104191,0.144822826568687,0.991317884540881,-0.010172141306143
5.595,4.83915421160691,1.50907377028482,0.054343587515801,1.38391613672376,0.0227359881405362,0.28900021728293,0.144124025986033,0.144876191296897,0.991299777089038,-0.0101687045508631
5.6,4.82950355636575,1.53502370621901,0.0542244621417844,1.3834564104971,0.0226806414126434,0.356775974122901,0.211829165519291,0.144946808603611,0.991286410718858,-0.0101417362147362
5.605,4.82511745940215,1.55442422646,0.0541098443256546,1.38276635629655,0.0226249301096229,0.417330087050621,0.272283396452894,0.145046690597727,0.99127102481026,-0.0101289613845301
5.61,4.83568679192311,1.55618906464462,0.0539985705513908,1.38190170275171,0.0225689375006265,0.426436193213703,0.281267487318762,0.145168705894941,0.991248602670944,-0.0101562950968444
5.615,4.83313529232659,1.57319969517363,0.0538876187060039,1.38101896291484,0.0225129775233605,0.48798205311357,0.34268942234232,0.14529263077125,0.991232720060256,-0.010148463653108
5.62,4.82393459665601,1.59767251092375,0.0537795615120262,1.37998029846809,0.0224567466929465,0.586030299600931,0.440593954575473,0.145436345025458,0.991220541644695,-0.0101228749721203
5.625,4.85287913866381,1.57777580209856,0.053675619452246,1.37871616921235,0.0224000676145015,0.514721922611172,0.369112996264967,0.145608926346205,0.991189865848431,-0.0101994450808273
5.63,4.86429377073391,1.57840543760323,0.0535682826730514,1.37762564551594,0.0223437708518143,0.522031226116996,0.376272328503219,0.145758897613778,0.991167359808799,-0.0102290556273295
5.635,4.89611381651971,1.55543678110569,0.0534610463290956,1.37652460777831,0.0222874855327694,0.445282797795769,0.299372795359098,0.14591000243667,0.991134599420053,-0.0103134698929929
5.64,4.886544355155,1.5808743239564,0.0533499421475462,1.37562745022719,0.022231670868389,0.540845448671143,0.394810917124416,0.146034531546727,0.991121854570724,-0.0102866872179585
5.645,4.87123038789364,1.61255738098089,0.0532431249966323,1.3744959506193,0.0221754241494993,0.678400702677069,0.532211854858151,0.146188847818918,0.991112589385922,-0.0102445983370271
5.65,4.88245701040164,1.61309254004263,0.0531415798918541,1.3730699822663,0.0221185779178094,0.688431184563013,0.542050390285108,0.146380794277906,0.991090826038233,-0.0102737220237495
5.655,4.89282066879054,1.61465548355232,0.053040072747274,1.37163049733282,0.022061680618854,0.703334221303351,0.556759642925095,0.146574578378256,0.991069438406157,-0.0103005321366951
5.66,4.93404747507643,1.58063956817535,0.0529387762154455,1.37016788466639,0.0220047094449597,0.565163552179147,0.418392081626665,0.146771470552482,0.991032590870691,-0.0104102626723908
5.665,4.93603061878189,1.59247157285045,0.0528317638824824,1.36900829666907,0.0219483490970928,0.619522516696152,0.472592926414418,0.146929590281734,0.991014381511564,-0.0104144997261038
5.67,4.94071964152649,1.60102653743754,0.0527267200904399,1.36773419339303,0.0218917713070961,0.663209881129157,0.51610756080055,0.147102320328608,0.990995067969395,-0.0104260280328793
5.675,4.98410108460703,1.56469723809442,0.052623082150521,1.36637422381321,0.0218350169949494,0.521000598881938,0.373714503087088,0.14728609579485,0.990956568930177,-0.0105417773092011
5.68,5.00412776182711,1.55589532604073,0.0525134005971566,1.36534127200002,0.0217789294901874,0.493157504913899,0.34572934811345,0.147428156800448,0.990928694841949,-0.0105946299116396
5.685,5.04240623871452,1.52592778015776,0.0524023058044218,1.36438518390554,0.0217230421793272,0.39655711483798,0.24899677603218,0.147560338805799,0.99089138850057,-0.0106968988588765
5.69,5.08076458654656,1.4961732079461,0.0522863129130341,1.36370285843699,0.0216677687546178,0.315468045411552,0.167810584848966,0.147657460562586,0.990853158866371,-0.0107995512143967
5.695,5.06878716076018,1.52616618432187,0.0521655129064716,1.3632959568401,0.0216131529066864,0.401974423422583,0.254255249512503,0.14771917391008,0.990839217548359,-0.0107655838767232
5.7,5.09081334943833,1.51567711805538,0.0520497933263867,1.36261325746937,0.0215581316142504,0.37287426154225,0.2250589668107,0.14781529473155,0.990809025855335,-0.0108239358567625
5.705,5.07224108896907,1.55317604438406,0.0519324617987314,1.3620277303364,0.0215034061134727,0.499679498040929,0.351780723441014,0.147898774599915,0.990798778968964,-0.0107721339076777
5.71,5.08030931510286,1.55877703387182,0.0518213733155187,1.36109302157381,0.0214481035972626,0.525080408035715,0.377054545431495,0.14802586260422,0.99077616964632,-0.0107926442457127
5.715,5.06441534336148,1.59237844448781,0.051711264350659,1.36010246169943,0.0213927497869294,0.669826962233932,0.521667115064639,0.148159847169293,0.990765626453037,-0.0107482904251244
5.72,5.10277480018339,1.56222532426358,0.0516066624477061,1.3587929217517,0.0213368140086452,0.549296977995679,0.400963174412721,0.148333803582958,0.990728808244105,-0.0108508864945262
5.725,5.09256235525007,1.58922654491525,0.0514971599202539,1.3577586634919,0.0212814223026574,0.668670651567898,0.520197426553034,0.148473225014864,0.990715372849571,-0.0108218518369411
5.73,5.13052285905874,1.55962926638819,0.0513920782433528,1.35646573066483,0.0212255652209242,0.550218816073497,0.401573780030556,0.14864503604294,0.990678525251578,-0.0109234523041442
5.735,5.15638205196614,1.54452115073813,0.0512822142810476,1.35544402132765,0.0211702409538631,0.497345916252166,0.348562960544004,0.148782955708162,0.990646836865094,-0.0109922816663768
5.74,5.17528615927896,1.53780763830165,0.051169973095932,1.3545603149097,0.021115229322838,0.477021616966077,0.328118029956359,0.148903587009719,0.990618136935989,-0.0110422132149783
5.745,5.19253837223659,1.53317326913669,0.0510567414611505,1.35373707207976,0.021060400917806,0.464326055609936,0.315309476210458,0.149016579399479,0.990590007354025,-0.0110876516875612
5.75,5.20947029126836,1.52902662540428,0.050942868759691,1.35295540730259,0.0210057284176734,0.453397219461464,0.304272949272353,0.14912427018911,0.99056184005996,-0.0111322199387525
5.755,5.2390086942124,1.51011560836522,0.0508284436235915,1.35221125166437,0.0209512101625769,0.394501098996346,0.245273945920483,0.149227153075863,0.990527185027598,-0.0112112094784703
5.76,5.27857617788183,1.4795981176211,0.0507111030443226,1.35164561795051,0.0208971192508153,0.310730309091573,0.161422658837097,0.149307650254476,0.990486915582734,-0.0113177131692489
5.765,5.29639082870198,1.47530596820963,0.0505890176905305,1.35137167846329,0.020843694909295,0.301160304276019,0.15180872130084,0.149351582975179,0.99045659332156,-0.0113646792876795
5.77,5.27028543045529,1.52342902733199,0.050466454874467,1.35114302758992,0.0207905196779812,0.44347058027877,0.294081145396051,0.149389434882719,0.990448043113471,-0.0112913734085509
5.775,5.27128785853085,1.53849474354288,0.0503517489161573,1.35045841460338,0.0207366712576272,0.500589497378032,0.351106582811255,0.149482914566777,0.990427228568981,-0.0112924054864207
5.78,5.28940865280248,1.53316349232725,0.0502395648082321,1.34962837486899,0.020682651855222,0.484839204300711,0.335245134676159,0.149594069624552,0.990398211715613,-0.0113402491864628
5.785,5.26825973511103,1.57433335297102,0.0501266422168632,1.34884704449617,0.0206287985680452,0.656855295384272,0.507156205373222,0.149699090011049,0.990388608139647,-0.0112807911313932
5.79,5.27254100585424,1.58484580527952,0.0500203194932005,1.3476667951883,0.0205742937673411,0.712163116641459,0.562310311067696,0.149852805573763,0.990367385520078,-0.0112908877136863
5.795,5.29092386022522,1.57870851410386,0.0499156993281482,1.34637811853354,0.0205196087276456,0.690705673788025,0.540685730465404,0.150019943322621,0.990339338321975,-0.011339477062538
5.8,5.32383126515983,1.55564981902677,0.0498101465004898,1.34514069509987,0.0204650199964857,0.595011006614016,0.44482996306823,0.150181043545786,0.990303780483259,-0.0114277839840169
5.805,5.34267001488992,1.54946459198354,0.0497010123761249,1.34411935825175,0.0204108358870477,0.574519185352208,0.424203280782877,0.150315904569331,0.990274523467338,-0.011477623075993
5.81,5.33721674334249,1.57207978835716,0.0495909939912933,1.34315309040815,0.0203567949501842,0.678840814501349,0.528396678669494,0.150444135831855,0.990257163350529,-0.0114609483696646
5.815,5.34884162338427,1.57424695354364,0.0494846022811133,1.34196219802279,0.0203024009013317,0.695781556509309,0.545181785445779,0.150599771063529,0.990231841353584,-0.0114910578029342
5.82,5.38254922085744,1.55045204565069,0.0493786086546383,1.340742999261,0.020247971701019,0.596072223104634,0.445313115698136,0.150759107406499,0.990195467396675,-0.0115816713114092
5.825,5.43256207986549,1.50769966860641,0.0492689615246332,1.33974894194494,0.0201939563070237,0.437151153956835,0.286259804481699,0.150891349475136,0.990150179586094,-0.0117172015542082
5.83,5.42720639138876,1.53120737536599,0.0491527414388748,1.33916888063575,0.020140721282298,0.526118108401187,0.375144726201264,0.150973382199923,0.990131261468475,-0.0117004673046436
5.835,5.43356714279565,1.54044343852737,0.0490403414049895,1.3383583787888,0.0200871917691018,0.56745844108654,0.416375275941553,0.151083165144988,0.990107097602598,-0.0117160098801413
5.84,5.45891127858203,1.52709966250597,0.0489295057448167,1.33745439251829,0.0200335721163383,0.518726177133749,0.36752188563146,0.151204291502289,0.990073639688365,-0.0117837733870176
5.845,5.46419180639027,1.53779471224563,0.0488167261037281,1.33667815144903,0.019980234122357,0.565593040747069,0.41428291340868,0.151310127338389,0.990049752124798,-0.0117963043083557
5.85,5.47228931648381,1.54502592031822,0.0487057379326158,1.33579400757538,0.0199267870636361,0.600842101296114,0.449413099649503,0.151429001646611,0.990024697511472,-0.0118166054178069
5.855,5.52002010429231,1.50524429532068,0.0485959868876902,1.33483464863801,0.0198732708397622,0.450341474100175,0.298784421742725,0.151557052357451,0.98997996604835,-0.0119461438672448
5.86,5.51533123191179,1.52836224173657,0.0484802226100553,1.3342654354525,0.0198204744945078,0.540184142278351,0.388545763420881,0.15163837885747,0.989960198787854,-0.0119310537136007
5.865,5.5375376166652,1.51914462860635,0.0483681798651034,1.33346671058186,0.0197673959460684,0.508141423042518,0.356394320998466,0.151747102044052,0.989927593939759,-0.0119902197256176
5.87,5.54281654741979,1.53025579686531,0.0482548713585529,1.3327572118415,0.0197145416843409,0.556008524773148,0.4041632480644,0.151845276708747,0.989903108364075,-0.0120026417641511
5.875,5.55058982901849,1.53826958425131,0.0481434168637657,1.33193524267931,0.0196615834390913,0.594113540276904,0.442156615435353,0.151956924841552,0.989877632747991,-0.0120219693794775
5.88,5.58262366461826,1.51739279187491,0.0480333221468154,1.33103010110762,0.0196085533966135,0.513609440713678,0.36153081816689,0.152078622546788,0.989840191884536,-0.0121083220826706
5.885,5.58440626153601,1.53287084774577,0.047920181049017,1.33033031308802,0.0195559222313974,0.580207344755882,0.42803123111627,0.152176113639611,0.989817181263258,-0.0121110263905111
5.89,5.63330091415689,1.49209991240438,0.0478095474856524,1.32947349984748,0.0195031156135872,0.428882985909677,0.276590675419616,0.152292310490061,0.989771003606474,-0.012244134485415
5.895,5.65587591968496,1.48326032820086,0.0476928680958035,1.32902392018669,0.0194510449508932,0.401756896362213,0.249396508397523,0.15236038796469,0.989736689038558,-0.0123043388561784
5.9,5.67045837688227,1.48418456813265,0.047575065257193,1.32866531098193,0.0193992459378484,0.406607977468395,0.254190290795834,0.15241768667256,0.98970603444268,-0.0123423470005775
5.905,5.68660718401216,1.48327405657978,0.0474576293120049,1.32830027773801,0.0193475724261944,0.405510548311348,0.253034891087787,0.152475657223561,0.98967455398909,-0.0123847022897927
5.91,5.69940010827396,1.48646058098547,0.0473402816471816,1.32794731014348,0.0192960531359523,0.417913483720686,0.265381364017737,0.15253211970295,0.989644653077224,-0.01241772731272
5.915,5.66336339281274,1.54820876229543,0.0472236376196523,1.3275649362539,0.0192446226232761,0.668050927723325,0.5154589991812,0.152591928542124,0.989639192156549,-0.0123152992110962
5.92,5.66020479926535,1.56943105285765,0.0471163954668807,1.32655605200441,0.019192318470768,0.778709169128428,0.625984494940029,0.1527246741884,0.98961908210311,-0.0123043150226554
5.925,5.68632436186902,1.55561552385079,0.0470124163046609,1.32532479345042,0.019139693647419,0.716924241654386,0.564040573501368,0.152883668153018,0.989584898417274,-0.0123744297524723
5.93,5.69564316962427,1.56199392255633,0.0469064573463143,1.32422648932853,0.0190872856861383,0.755645640209328,0.602618013617463,0.153027626591864,0.989558616559139,-0.0123979800555245
5.935,5.69116078366022,1.58470938123257,0.046801542661114,1.32305593838005,0.0190347846567694,0.884593539407916,0.731413114438458,0.153180424969458,0.989539351932764,-0.0123833200267958
5.94,5.69581571855735,1.59624045537543,0.0467000690032327,1.32164410427864,0.0189819108345369,0.960674850297695,0.80731311157644,0.153361738721254,0.989516132074606,-0.0123940280596889
5.945,5.72793835323411,1.5751564377543,0.0466003451973723,1.32010257605001,0.0189288050181281,0.85154154830418,0.697982730543566,0.153558817760614,0.989479449995622,-0.012480827933207
5.95,5.75880464238676,1.55586639922313,0.0464975488694726,1.31876609524153,0.0188759763237184,0.758243918553077,0.604510942135633,0.153732976417443,0.989442668176259,-0.0125641773897554
5.955,5.79203678698555,1.53405336370229,0.0463919873412444,1.31761907167139,0.0188234266460426,0.658755507091789,0.504869541612291,0.153885965479498,0.989404030692787,-0.0126541349677015
5.96,5.79337034001916,1.55065693208473,0.0462833288944542,1.31669044084273,0.0187712253003246,0.745375466534552,0.59136108326313,0.154014383271423,0.989380591535255,-0.0126553361981443
5.965,5.81495720304979,1.54288261474634,0.0461772461434227,1.31558456240509,0.0187187902597939,0.713577888812034,0.559414093660547,0.154163795151487,0.989347462141318,-0.0127129143327906
5.97,5.83486333113092,1.53728042870998,0.0460701465563737,1.31455239909615,0.0186664810519832,0.692699390226763,0.538393937112388,0.154305453114375,0.989314854670894,-0.0127658047351087
5.975,5.86360846975501,1.52125612498707,0.0459623640127189,1.3135723959995,0.0186142734867872,0.623657602154799,0.469215761772476,0.154441840382323,0.989277576643019,-0.0128433333230891
5.98,5.87695331462125,1.52394917789976,0.0458523922150913,1.31275426367135,0.018562340023238,0.64093948581996,0.486379113948015,0.154560371871946,0.989247422523498,-0.0128778778627744
5.985,5.87343897601332,1.54684760404382,0.0457429851716431,1.31190442678691,0.0185104092422358,0.758035768488569,0.603352583269885,0.154683185218684,0.989225706547123,-0.0128653985893497
5.99,5.86082378302787,1.58023646329166,0.0456370566734903,1.31081025340093,0.0184581564301918,0.95013653967035,0.795301974614994,0.154834565055356,0.989209180080433,-0.0128276829605917
5.995,5.86690804921374,1.5907737424527,0.0455360627443775,1.30935751828218,0.0184053745958232,1.0246141285705,0.869586504118353,0.155027624452148,0.989184268657608,-0.01284216162536
6,5.88756673485448,1.58388000909664,0.0454366541981032,1.30778166616516,0.0183523630523681,0.994099311314731,0.838863427720131,0.155235883594599,0.989152318382539,-0.0128972345694359
6.005,5.90954891396701,1.57556495773041,0.0453363094598984,1.30626502683392,0.0182993746319809,0.955266253184858,0.799827485351446,0.155438767833412,0.989119406583314,-0.0129559886735675
6.01,5.92376651795115,1.57666817551001,0.0452348405336174,1.30482350837945,0.0182464387956568,0.972477482741691,0.816842970767264,0.155634511974427,0.989090032594125,-0.012993074581301
6.015,5.94035437584688,1.57498497430419,0.0451336137940331,1.30335827701818,0.0181934179902061,0.973197024354946,0.81736267580081,0.155834348554136,0.989059426866085,-0.0130367704236367
6.02,5.99917972894772,1.52305151526349,0.0450322308666818,1.30189856973046,0.0181403496338949,0.699075278825301,0.543040222265826,0.156035056559474,0.989007567423997,-0.0131985623281547
6.025,6.02288448611458,1.5137876299563,0.044923507228709,1.30097988921177,0.018088012141698,0.660223206268417,0.504047182806015,0.156176023462402,0.988971530419584,-0.0132620579148761
6.03,6.0474728530986,1.50365752534166,0.0448136477609114,1.30015495652743,0.0180358272868799,0.618368883329279,0.462061197683977,0.156307685645303,0.988934679759501,-0.0133280217553529
6.035,6.06056254642548,1.50758747912019,0.0447025487050754,1.29943451247129,0.0179838207585624,0.641050623249193,0.484621780858527,0.156428842390665,0.988903178606919,-0.0133616871970823
6.04,6.07589551997411,1.50881135349851,0.0445922250930749,1.29866942528961,0.01793179255709,0.651705678971659,0.495149433552389,0.156556245419269,0.988870606947459,-0.0134016540599709
6.045,6.08406301615978,1.51870444289951,0.0444822851143167,1.29788804424155,0.0178797746363271,0.704768805205954,0.54808202626011,0.156686778945843,0.98884158173608,-0.0134214955431921
6.05,6.13176570507668,1.48093076913275,0.0443739469140843,1.29699667410596,0.0178276309621889,0.538042841190388,0.381211878434316,0.156830962756073,0.988793031413725,-0.0135524947603164
6.055,6.15143044990037,1.47754938859206,0.0442604678205011,1.2965083566351,0.017776062510474,0.527192594223455,0.370261057621028,0.156931536602428,0.988757198384888,-0.0136045489422242
6.06,6.13730806750938,1.51517119115605,0.0441467726195732,1.29605729945515,0.0177246110826894,0.700793767054571,0.543764523287354,0.157029243767217,0.988738075353288,-0.0135614767064239
6.065,6.14480415856824,1.52601562082009,0.0440385967293972,1.29519918510386,0.0176726675839633,0.76205443108147,0.604881069713772,0.157173361367698,0.988709288677915,-0.0135793913134937
6.07,6.14778412460727,1.5421595349119,0.0439321265517876,1.29421853342962,0.0176205650096759,0.856988503114623,0.699655867370391,0.157332635744232,0.988683034466861,-0.0135846455151288
6.075,6.22160099916323,1.4730343638882,0.0438280741063437,1.29305554504549,0.0175682024938808,0.527052897763025,0.369539112686347,0.157513785076678,0.988621807898676,-0.0137893973644203
6.08,6.23598322516576,1.47649734870921,0.0437145109280593,1.29263922177165,0.0175168220259119,0.544256892040371,0.386642903275513,0.157613988764858,0.988587943774855,-0.0138264900917386
6.085,6.25193882481456,1.4780602006613,0.0436017014227025,1.29218656843613,0.0174654555473194,0.553908461337509,0.396188749856793,0.157719711480716,0.988553332419477,-0.0138680279755694
6.09,6.27367789134107,1.47265528685658,0.0434893731053512,1.29171781972098,0.0174141228993908,0.534223801115201,0.376395021079502,0.157828780035699,0.98851580564615,-0.0139259034556132
6.095,6.27633066711956,1.49054760234365,0.0433765583930511,1.2913093799646,0.0173629212231452,0.615505687022043,0.457572831125335,0.157932855896708,0.988487567627493,-0.0139298192501584
6.1,6.30933063356683,1.47144393700344,0.0432664739643912,1.29070519740156,0.0173115165502457,0.535563494879081,0.377503514843428,0.158059980035653,0.988444672027638,-0.0140195653241056
6.105,6.32797858384232,1.47009249287622,0.0431539955392549,1.29031117420048,0.0172604160879163,0.532654092577029,0.374488180536912,0.158165912040117,0.988408239319201,-0.0140686654130831
6.11,6.35197763316083,1.46233625425352,0.0430416006407134,1.2899339918923,0.017209390356875,0.503548630348664,0.345276890552617,0.158271739796047,0.988369009666252,-0.0141329086045874
6.115,6.39936947459458,1.42634699200041,0.0429284142444865,1.28964511399026,0.017158531791696,0.376027468455379,0.217657742318107,0.158369726137272,0.988317747762372,-0.014263499540858
6.12,6.44053831988251,1.3984771687453,0.0428105868166554,1.28976064454344,0.0171082577566143,0.296467071093019,0.138041586362164,0.158425484730855,0.98826831220599,-0.0143764390753738
6.125,6.46470030914801,1.39190841216649,0.0426893050565592,1.29019685223582,0.0170585079352708,0.279617058289238,0.121169007200083,0.158448051089155,0.988226367915355,-0.0144409386794359
6.13,6.43216763383594,1.45506401406292,0.0425675311083372,1.29072082536416,0.0170090239146508,0.475707713728245,0.317245127547302,0.158462586180943,0.98821247855719,-0.0143441822372182
6.135,6.45208341081043,1.4528697167,0.0424546868430557,1.29055110572965,0.0169588290364756,0.468852393936903,0.310299444260931,0.158552949675972,0.988174421860289,-0.0143967836728267
6.14,6.48696107677989,1.4325677373196,0.0423418309365411,1.29041121893506,0.0169087402956973,0.397276755429977,0.238634882717994,0.158641872711983,0.988128731525977,-0.0144919068745805
6.145,6.52172324664765,1.41277848618478,0.0422265244967672,1.29050613764678,0.0168590161085626,0.335735066874292,0.177027678635285,0.158707388239007,0.988082329525774,-0.0145866834368651
6.15,6.54011063508187,1.41340266434108,0.0421088793015648,1.29083416356913,0.0168096805763341,0.337132904939923,0.178383248743028,0.158749656196895,0.988043362482603,-0.0146347505170362
6.155,6.59317880050541,1.37164202511915,0.0419916773267098,1.29116774451042,0.0167604785086256,0.235904775778035,0.0771118261019462,0.158792949676089,0.98798700133372,-0.014781788595571
6.16,6.60769521153961,1.37792295381146,0.0418692296564442,1.29198933334104,0.0167120010000752,0.246972157029839,0.0881863266621958,0.158785830367644,0.987948402705677,-0.014818596271909
6.165,6.64802711478135,1.35242329873634,0.0417480539598026,1.29275958020233,0.0166636481540899,0.201419410727438,0.0426338352529202,0.158785575474518,0.987897040903416,-0.0149292525786715
6.17,6.63820213456167,1.3892548436433,0.0416238957622621,1.29384119012083,0.0166158500613858,0.268111202837331,0.109357438939685,0.158753763897647,0.987869801322582,-0.0148963063061404
6.175,6.64244893356816,1.40805762898089,0.0415050767332417,1.29452466174057,0.0165677912606614,0.314044152389021,0.15527901241136,0.158765139977661,0.987836728356862,-0.0149038109575598
6.18,6.64147238815022,1.43295890694617,0.0413891257568441,1.29500999282343,0.0165196574220124,0.38868889439835,0.229890128864294,0.158798765534056,0.987806842807141,-0.0148965013091024
6.185,6.70055554994612,1.38404180031632,0.0412767951628393,1.29522311940792,0.0164713325150768,0.254421663547398,0.0955592366993052,0.158862426848092,0.987747713039849,-0.0150609173035717
6.19,6.72850820256303,1.37405186633923,0.0411583090786255,1.2960134112065,0.0164237905035219,0.232849832206854,0.0739826369915701,0.158867195215284,0.987702352130273,-0.0151361647291066
6.195,6.75881098759223,1.36141922937125,0.0410388991819651,1.29693966844436,0.0163765772645434,0.209513742925534,0.0506545480044458,0.158859194921088,0.987655388105206,-0.015218117281313
6.2,6.78315338503866,1.35642805361642,0.0409182384044897,1.29803516594541,0.0163297460184193,0.200500087528656,0.0416651530407253,0.158834934487931,0.987610882417484,-0.0152829229203277
6.205,6.8295411916455,1.32441425637594,0.0407973503207377,1.29921390681783,0.0162832153577976,0.166586388088485,0.00778307430333413,0.158803313785151,0.987555101308548,-0.0154110537071288
6.21,6.86170738193969,1.31056847563826,0.040672716033255,1.30079369365433,0.0162373599571647,0.159905925584559,0.00117457563880365,0.158731349945755,0.987505218352213,-0.0154982092802797
6.215,6.90702757687778,1.28073194520027,0.0405467713736276,1.30256897336072,0.016191990734506,0.164520566490861,0.0058803177506545,0.158640248740207,0.987448191951499,-0.0156232448517161
6.22,6.90000761017362,1.3165943954148,0.0404174659790711,1.30473177617394,0.0161473475483445,0.160251013094546,0.00174085301793028,0.158510160076616,0.98741619576732,-0.0155972519060496
6.225,6.89607073144004,1.34790109287853,0.0402933479304597,1.30651399324961,0.016102611776813,0.179674973549324,0.0212552704561794,0.158419703093144,0.987383868084531,-0.0155804057851216
6.23,6.91096933791895,1.35533530425508,0.040173734625282,1.30796192387688,0.0160577860715101,0.186295717467568,0.0279316472490126,0.158364070218556,0.987343166882923,-0.0156179384995341
6.235,6.91738251300696,1.37318129353436,0.0400554910177349,1.30935259819666,0.0160131372840811,0.209170797585065,0.0508557284531706,0.158315069131895,0.987306893971231,-0.0156310891949458
6.24,6.95639820009945,1.35059482996272,0.0399399228104113,1.31056079714287,0.0159685174544236,0.178349531604185,0.0200641822898495,0.158285349314336,0.987254878774535,-0.0157381292541074
6.245,6.97627746910056,1.35208545258381,0.0398218326088327,1.31206619305703,0.0159244351677435,0.178335162478754,0.0201088326195787,0.158226329859175,0.987211527490751,-0.0157899641566763
6.25,6.97914672573002,1.37463710134733,0.0397043323634651,1.31358593375326,0.0158806127263042,0.205104038580892,0.0469375108801508,0.158166527700741,0.987176650869781,-0.0157928014338959
6.255,7.01005975175644,1.36225654968817,0.0395900776744307,1.31486710503278,0.0158367736823544,0.186493953780983,0.0283626554513715,0.158131298329611,0.987128485731225,-0.0158765157283082
6.26,7.01057190750286,1.3876736925593,0.0394746040367289,1.31632614801821,0.0157933421397616,0.222556680736128,0.0644778109402587,0.158078869795869,0.987094979685866,-0.0158725756267509
6.265,7.02010378193598,1.40153257716731,0.0393626915831421,1.31750952371171,0.0157498463129888,0.247731729502332,0.0896772200789617,0.15805450942337,0.987057803052348,-0.0158947538346098
6.27,7.01086028199468,1.43825319375779,0.0392528299443576,1.31855195912862,0.0157063968764139,0.340558843517293,0.182514045382975,0.158044798134318,0.987030428276399,-0.015863002845229
6.275,7.04369484829501,1.42275492855247,0.0391478334244618,1.31917272617165,0.0156626732034036,0.295112893404768,0.137035331351916,0.158077562052852,0.986983263570863,-0.0159524670986781
6.28,7.05705681920559,1.43145892270922,0.0390411161807312,1.32000041365757,0.0156192977679098,0.317192085935685,0.159101486526519,0.158090599409167,0.986945161791342,-0.0159858162083389
6.285,7.0619675186316,1.45042196421813,0.0389357228960119,1.32074306163464,0.0155759816075654,0.374066351612651,0.215953583553202,0.158112768059449,0.986911506413479,-0.015994884357919
6.29,7.06065337640925,1.47667953868987,0.0388329023961103,1.32127327227988,0.0155325776946423,0.469118549401642,0.310961918235518,0.158156631166124,0.986881561884794,-0.0159861673672763
6.295,7.08857182777366,1.46682947090695,0.0387335095341719,1.32149732613589,0.0154889596108911,0.430882079648529,0.272650639688633,0.158231439959897,0.986837866764455,-0.0160616204127516
6.3,7.11896878564044,1.45420071145658,0.0386330422320115,1.32185434834691,0.0154455524493613,0.384985659041254,0.226691438421646,0.158294220619609,0.98679245544931,-0.016144164112647
6.305,7.16900560646291,1.41785795109381,0.0385311811940615,1.3223811387817,0.0154024084406982,0.276632856844523,0.118291490252673,0.15834136659185,0.986736644224845,-0.0162832894876211
6.31,7.18385694535833,1.4253209183911,0.0384250364723821,1.32337457200814,0.0153598548805697,0.293581873709256,0.135238095978188,0.158343777731068,0.986696957074028,-0.0163207622467175
6.315,7.21048514324827,1.41827132376662,0.0383200601818236,1.3242996912396,0.0153173906923583,0.273576121700471,0.115222518935166,0.158353602765305,0.986651560839832,-0.0163922525735182
6.32,7.24065645232024,1.40708084089943,0.0382144627900016,1.32533581678587,0.0152751905970477,0.245784304702003,0.0874308897660985,0.158353414935905,0.986604025404745,-0.016473940681985
6.325,7.26881836302603,1.39864374150715,0.0381077545520539,1.32653678344136,0.0152333209581615,0.22655785317364,0.0682198867739445,0.158337966399696,0.986556970623211,-0.0165497640152391
6.33,7.30267228240372,1.38343769162495,0.038000294469055,1.32787134419806,0.0151917677175872,0.198936494672334,0.0406262505265743,0.158310244145759,0.986506650361601,-0.0166420196066221
6.335,7.32187047175371,1.38666069776171,0.037891278748964,1.32942708080131,0.0151506333023713,0.20148656693465,0.0432248134468076,0.158261753487843,0.986462981009301,-0.0166917481671217
6.34,7.36325643531076,1.36255009276742,0.0377829691254175,1.33097643549869,0.0151097142806949,0.171406722954655,0.013192396685579,0.158214326269076,0.986408243742744,-0.0168057952686409
6.345,7.38223479872932,1.36663914269204,0.0376720571060623,1.33286425551848,0.0150693522049436,0.173275266858658,0.0151404395089864,0.158134827349671,0.986363689410546,-0.0168547205487258
6.35,7.36700779187956,1.41301629198726,0.0375619900162364,1.33474042188703,0.0150292389453063,0.239616676043681,0.0815600003793716,0.158056675664309,0.986336300171803,-0.0168044969663972
6.355,7.36501588660932,1.44207215168073,0.0374578067132258,1.33606783976623,0.014988845105903,0.308025113712099,0.149994288647167,0.158030825064932,0.986303974996149,-0.0167929909664893
6.36,7.37841093293273,1.45169672994522,0.0373573345384321,1.33705583146881,0.014948309959854,0.333940480420415,0.175903015644186,0.158037464776228,0.986264967239912,-0.0168261944009252
6.365,7.38139468020075,1.47396433815508,0.0372581991630538,1.33794567099957,0.0149078289992263,0.406335777239006,0.248281965182917,0.15805381205609,0.986231424230224,-0.016829328517044
6.37,7.3697505294567,1.51371450634017,0.0371618761905365,1.33857356040349,0.0148672301693738,0.570807952772175,0.412712624980487,0.158095327791688,0.986205940643146,-0.0167903593627977
6.375,7.36238182655783,1.54741463890998,0.0370703750236087,1.33870995739725,0.0148262587560149,0.745683005349704,0.587499371905335,0.158183633444368,0.986179735777821,-0.0167640576110529
6.38,7.38859184383648,1.53970288340866,0.0369828976377862,1.33842313907941,0.0147849218077907,0.706045877691034,0.547733385767103,0.15831249192393,0.986137917648599,-0.0168348235225401
6.385,7.37022198838549,1.58634108721843,0.0368945162333649,1.33823914445555,0.0147436779639894,0.992629592883968,0.834196789752898,0.15843280313107,0.986117954449093,-0.0167769625863477
6.39,7.37373173399629,1.60550244023585,0.0368116064297627,1.33745728903895,0.0147018617942102,1.1345007239283,0.975890623209489,0.158610100718812,0.986088728744484,-0.0167824902818384
6.395,7.3801891307861,1.62078259868621,0.036730873739984,1.33642230961827,0.0146597328341898,1.25953203874938,1.10071944614239,0.158812592606987,0.986058631392352,-0.0167966101666776
6.4,7.44522291673416,1.56525021433826,0.0366518328402194,1.33517989288305,0.0146173032597785,0.881133203886981,0.722096941853587,0.159036262033394,0.985999694218358,-0.0169796371700127
6.405,7.48710682364699,1.5385451687584,0.0365662036762305,1.33464770519547,0.0145754240468855,0.727673795213495,0.568478150145249,0.159195645068246,0.985950000888085,-0.0170957312593142
6.41,7.54269275297108,1.49566502755781,0.0364774669067754,1.33446288496769,0.014533824489218,0.515518794751086,0.356194288957303,0.159324505793784,0.985892270695663,-0.0172514533971644
6.415,7.56628823243239,1.49259961960178,0.0363837967151852,1.33484339777544,0.0144927439049955,0.501409512044111,0.342006988986617,0.159402523057494,0.985848712901823,-0.0173142754253207
6.42,7.57298197723246,1.51035189617857,0.0362899096400573,1.33527862342148,0.0144517660869394,0.581779700394004,0.422302661234082,0.159477039159922,0.985813367912568,-0.017328046231024
6.425,7.60861121077733,1.49246459158823,0.0361982164882555,1.33549624061982,0.0144106430696853,0.499908565440318,0.340335320301446,0.159573245138872,0.985764142686919,-0.0174258380762414
6.43,7.64971380920934,1.46826880473453,0.0361045736844431,1.33596114207195,0.0143697752086686,0.402073600963153,0.242425208399256,0.159648392563897,0.985711348232921,-0.0175394569541092
6.435,7.69219429231083,1.4428741456556,0.036008294147636,1.33676145988268,0.0143292670217718,0.316045869596157,0.156351506624786,0.15969436297137,0.985656782102859,-0.0176569981262379
6.44,7.74757358156725,1.40211929234052,0.0359092929340308,1.33791976213312,0.0142891724498066,0.21709782208361,0.0573887612661077,0.159709060817502,0.985594638142375,-0.0178120627879195
6.445,7.75743578398799,1.41837688041946,0.0358058590516808,1.33964710020851,0.0142497171125569,0.246228435740042,0.0865553635107304,0.159673072229312,0.985553506556231,-0.0178341417273345
6.45,7.7979495359848,1.39653218109446,0.0357046058412735,1.34119684941951,0.0142102949790548,0.20253417000206,0.0428796069782817,0.159654563023779,0.985497609246952,-0.0179457555598413
6.455,7.80278644320158,1.4193192460606,0.0356011505059829,1.34307355084916,0.0141713313484676,0.241253918206003,0.0816463225998687,0.159607595606134,0.985458565835779,-0.0179530597845948
6.46,7.84799541157775,1.39184034025226,0.0355006116792986,1.34468697458065,0.0141323403418009,0.190901189968807,0.0313155152683802,0.159585674700427,0.985400164365976,-0.0180784013986778
6.465,7.86316159060827,1.40213537638653,0.0353972376663521,1.34670591704181,0.0140938769145995,0.202927483889442,0.0433992193431594,0.159528264546283,0.985355562788,-0.0181157676020386
6.47,7.86055058133064,1.4342951390042,0.0352953613447885,1.34863070906614,0.0140555480977964,0.26343734885385,0.103956926307205,0.159480422546645,0.985320173979308,-0.0181012676296151
6.475,7.87875535350342,1.44012119333767,0.0351974120407665,1.35016426696802,0.0140170848310712,0.274423936915439,0.11495516477891,0.159468772136529,0.985275591438625,-0.0181477876474484
6.48,7.89255082322172,1.45135052360234,0.0351003623368146,1.35165458741251,0.0139787422553552,0.301045890266003,0.141583719241854,0.159462171024149,0.985233344112487,-0.0181814544896369
6.485,7.94111084683349,1.41962548479978,0.0350048021204892,1.35302741169084,0.0139404499087958,0.222820036307255,0.0633527840916961,0.159467252215559,0.985174065521702,-0.0183167510809957
6.49,7.97616414034982,1.40522049412946,0.0349059046350897,1.35486472358662,0.0139026906707077,0.195754047229544,0.0363219869742785,0.159432060255265,0.9851201162503,-0.0184123830209748
6.495,8.02476078643468,1.37442582619877,0.0348056736865332,1.35694000925331,0.0138653193508953,0.163769032045892,0.00439229817821784,0.159376733867674,0.985058693017032,-0.0185476208782953
6.5,8.05974455217114,1.36117006349382,0.0347023136197304,1.35948260559148,0.0138285526514873,0.159321862931496,4.10277280557433e-05,0.15928083520344,0.9850026926148,-0.0186427717552474
6.505,8.06793757479992,1.38157752219531,0.0345978406500983,1.36226198281612,0.0137922457495642,0.164556530114269,0.00539181137462579,0.159164718739643,0.984959439137938,-0.0186592007235297
6.51,8.09325091138948,1.38037721726512,0.0344960015841371,1.36482002623576,0.013756042952047,0.162576685061265,0.00350803254884237,0.159068652512423,0.9849083844198,-0.0187259983155294
6.515,8.08975661602552,1.41504639476089,0.034394365481058,1.36745004954124,0.0137201617661941,0.191899692616023,0.0329328953533857,0.158966797262637,0.984871583336037,-0.018708273781553
6.52,8.10164102564241,1.42995323485461,0.0342968644115247,1.36965697719769,0.0136842023973565,0.211904837951738,0.0530024938111753,0.158902344140563,0.984828446507029,-0.0187359167185765
6.525,8.10034945809413,1.46089500146546,0.0342012563200642,1.37170585132912,0.013648335295405,0.275144723633836,0.116292577494806,0.15885214613903,0.984792413865103,-0.018725075671338
6.53,8.11512311293793,1.47141424429391,0.034109250394071,1.37336989575892,0.0136123574935699,0.299746226461595,0.140910371359562,0.158835855102032,0.984749536377345,-0.0187615111832639
6.535,8.09312144675847,1.52703813224824,0.0340185593659335,1.3749259296085,0.0135764518641271,0.498910358639692,0.340080865021649,0.158829493618043,0.984725365884112,-0.0186904721929782
6.54,8.11395783810157,1.52888922589512,0.0339340318352449,1.37574008353654,0.0135400917591606,0.504479763074591,0.345591999191894,0.158887763882697,0.984681997392847,-0.0187451029787211
6.545,8.16123665419589,1.4984271414925,0.033849752948378,1.37655146624427,0.0135037940645346,0.378353198561422,0.219406035841148,0.158947162720274,0.984625340777352,-0.0188770642996361
6.55,8.16856211351226,1.51763308384423,0.0337622338555785,1.37781474674948,0.013467923534081,0.448480851784474,0.289512350864631,0.158968500919843,0.984587216986741,-0.0188918868447127
6.555,8.14990492486485,1.56834290228024,0.0336768892044326,1.37883871311778,0.0134319716634593,0.692193409506076,0.533182229096662,0.159011180409414,0.984562768222863,-0.0188309147449595
6.56,8.16903125570069,1.57176115270368,0.0335970434684335,1.37917268560465,0.0133955521501071,0.711101610975918,0.551987821404629,0.15911378957129,0.984521448661156,-0.0188807574368641
6.565,8.18569171632372,1.57819640765327,0.0335175487198095,1.37947269959744,0.0133591115376612,0.748331553185854,0.589110982929981,0.159220570255873,0.984481351325475,-0.0189233933554836
6.57,8.21198912082417,1.5728253214825,0.0334387247961764,1.37969515013569,0.0133226093247383,0.717060908110831,0.557725560884903,0.159335347225928,0.984436554452957,-0.0189942130410617
6.575,8.23000759716482,1.57774306484592,0.0333593078471942,1.38000658784581,0.0132861663786649,0.745483102122757,0.58603905266135,0.159444049461408,0.984395507688608,-0.0190407649853742
6.58,8.25347043896608,1.57599480096823,0.0332804068506383,1.38026192753229,0.0132496752910812,0.735143370905305,0.575584275688573,0.159559095216732,0.984351795466167,-0.0191032484030147
6.585,8.2640074447258,1.59014107232345,0.0332013109848335,1.38055537507081,0.0132132010357906,0.82118511160891,0.6615125004091,0.159672611199809,0.984314314611104,-0.0191278833336537
6.59,8.2980054829305,1.5754494341006,0.0331237071850816,1.38065970290049,0.0131765680372665,0.732551407725919,0.57274747613546,0.159803931590458,0.984265561380673,-0.0192212394372668
6.595,8.36696673720886,1.51840432681574,0.0330445316689455,1.38098556829318,0.0131400713288203,0.445652860273404,0.285734344536438,0.159918515736966,0.984198529712764,-0.0194170220726843
6.6,8.37473178550062,1.53750306858049,0.0329593465167043,1.38214792744144,0.0131042026669807,0.52610056777243,0.366136201549076,0.159964366223353,0.984159450790283,-0.0194328821179081
6.605,8.4141268769375,1.51745129831222,0.0328762887746056,1.38306461935889,0.013068218173089,0.434695314905287,0.274662684768363,0.160032630136924,0.984105260221749,-0.0195417182361923
6.61,8.42199481026975,1.53662793474379,0.0327912174424364,1.38429728220256,0.0130325150436385,0.513900081561074,0.353823821033377,0.160076260527697,0.984065815866896,-0.0195577920398587
6.615,8.43318653246749,1.55137443020891,0.0327082781007886,1.38528320783276,0.0129966986215552,0.581844420051693,0.42170202395549,0.160142396096203,0.984025421718066,-0.0195837687387097
6.62,8.45669262065772,1.55078033870646,0.0326269693058655,1.38608148891807,0.0129607847631434,0.575920838074427,0.415694618573467,0.16022621950096,0.983979382768599,-0.0196459939475493
6.625,8.46994510334373,1.56285733206529,0.0325456685474282,1.3869118908851,0.012924914994907,0.635899689196388,0.475590142309974,0.160309546886414,0.983938302723217,-0.019678079502633
6.63,8.50254024247988,1.55105411770733,0.032465693011135,1.38758973910387,0.012888951881581,0.571928422734254,0.411520602117597,0.160407820616657,0.983887944592407,-0.0197670473442806
6.635,8.55308746119684,1.51754538418183,0.0323845505926643,1.38846188584691,0.0128531326524973,0.417753172629217,0.25726078079582,0.160492391833397,0.983827941532756,-0.0199087307119534
6.64,8.61346814349643,1.47262193192832,0.0323000243442879,1.38985157248856,0.012817710169037,0.266588002946744,0.106051505236684,0.16053649771006,0.983761387883721,-0.0200792409625022
6.645,8.65050275869181,1.45743496156885,0.0322110064589088,1.39193832995719,0.0127828620460401,0.227114417527597,0.0665891759381283,0.160525241589469,0.983704368633489,-0.0201806112962046
6.65,8.66937202611653,1.46515012173359,0.0321206613450944,1.39429838218856,0.0127483467648655,0.238635956724322,0.0781423667250104,0.160493589999312,0.983655639803545,-0.0202282133355891
6.655,8.6564412143469,1.51214575367715,0.032031370951457,1.39659861720275,0.012713949505335,0.368876159096238,0.208407263736363,0.160468895359876,0.983623051953656,-0.0201820540184042
6.66,8.66092530683646,1.53655058781166,0.0319471194883248,1.39825402722042,0.0126792441507836,0.459836409753445,0.299337451665348,0.160498958088098,0.983583760374907,-0.0201877149550174
6.665,8.69107925316055,1.52889808095182,0.0318655048466964,1.39958646512229,0.0126443908510314,0.422933773885634,0.262376103389698,0.160557670495937,0.983532606595646,-0.0202692115953601
6.67,8.68297075450516,1.56859035605977,0.0317832206251155,1.4010675200202,0.0126096882451083,0.602095996254132,0.441489251919354,0.160606744334778,0.983500100492607,-0.0202378802538312
6.675,8.72679591262442,1.54367379718738,0.0317050740943553,1.401991486801,0.0125746491393896,0.477275526727122,0.316571994386171,0.160703532340951,0.983443290315073,-0.0203598750126279
6.68,8.78703466386727,1.49913730490101,0.031624458611735,1.40331593797145,0.0125398876996386,0.305938857947155,0.145168245771038,0.160770612176117,0.983376990061574,-0.0205301718882251
6.685,8.8415107681936,1.46259474555749,0.0315394442830142,1.40534503933096,0.0125056508152142,0.212742521829111,0.0519592043793385,0.160783317449773,0.983311396521879,-0.0206832125469177
6.69,8.85792832185544,1.47400237650702,0.0314509352308675,1.40797408082052,0.0124719289695752,0.230060219376833,0.0693101142980634,0.160750105078769,0.983263035243963,-0.0207233474934399
6.695,8.85811916716092,1.505335880744,0.0313638330821446,1.41049139877017,0.0124382873226651,0.30413353596489,0.143405235854361,0.160728300110529,0.983223204321108,-0.0207155824974085
6.7,8.89322244077285,1.49287551006191,0.0312801001675473,1.41259200425141,0.0124045029454946,0.263770170928463,0.103027823931177,0.160742346997286,0.983167245589865,-0.0208113359203744
6.705,8.92090926753119,1.489941845513,0.0311952974834491,1.41493249458751,0.0123709782219407,0.25092009326577,0.090180302483879,0.160739790781891,0.983114294245012,-0.020885022755252
6.71,8.96543477166163,1.46634301795306,0.0311104017609493,1.41737305363876,0.0123376376604321,0.199272901748327,0.038541087051383,0.160731814696944,0.983052667098826,-0.0210085373535081
6.715,8.98562469061178,1.47348819339879,0.0310233637148171,1.42023211207066,0.0123047014022594,0.206403924068341,0.0457108749473653,0.160693049120976,0.983001990728383,-0.0210597253630164
6.72,8.98760698309727,1.50312756055239,0.0309372831263452,1.42304785631236,0.0122718970416479,0.264301444108977,0.103641276530007,0.16066016757897,0.982960639997809,-0.021057024642701
6.725,9.03389907573371,1.47736633743083,0.0308543595259675,1.4254731801273,0.0122389860193385,0.204299490265095,0.0436388863081405,0.160660603956955,0.982898401585488,-0.0211858530729288
6.73,9.05623091929464,1.48190470221848,0.0307690701912262,1.42835343771957,0.0122064868931353,0.207228655679655,0.0466009845538135,0.160627671125841,0.982846808215222,-0.0212434126636269
6.735,9.09761507843884,1.46284399652862,0.0306844516856715,1.43123064203411,0.0121741375246857,0.176882633924541,0.0162851888740429,0.160597445050498,0.982785784565937,-0.0213575110926836
6.74,9.08205106801761,1.51493971387845,0.0305981785563585,1.43447072625409,0.0121421735058196,0.266352343681086,0.105811167115099,0.160541176565987,0.982752216703559,-0.0213024857332624
6.745,9.113008069815,1.50826228412985,0.0305172338611149,1.43697551718001,0.0121099117738483,0.243805882943299,0.0832612019373948,0.160544681005904,0.982697729620477,-0.0213858982856172
6.75,9.11705685753331,1.5350872423655,0.030435786744476,1.43964414622003,0.0120778605930216,0.310187206352414,0.149649238219336,0.160537968133078,0.982656245094981,-0.0213894592478721
6.755,9.14529855223254,1.53150565206653,0.0303571033889816,1.44195647333813,0.012045695783687,0.292640254348833,0.132078731428675,0.160561522920157,0.982603802039613,-0.0214649578734533
6.76,9.17061812852572,1.53170380649557,0.0302781840605912,1.44438086011728,0.0120136805125452,0.286499743801883,0.125920645520328,0.160579098281555,0.9825525050431,-0.0215317335827937
6.765,9.16459585733303,1.57067149797791,0.0301994037248056,1.4468604844179,0.0119817847712886,0.41439431443789,0.253799167997568,0.160595146440321,0.982516745612039,-0.0215055941105934
6.77,9.21636822011567,1.53763322882678,0.0301244910131578,1.44878546159329,0.0119496213096826,0.291678496601569,0.131021728116968,0.160656768484601,0.982453804163754,-0.0216511011844502
6.775,9.24383359678269,1.53532813906368,0.0300464484991298,1.45128073436911,0.0119178470668452,0.278228210586066,0.117550768705603,0.160677441880464,0.982401271549042,-0.0217242122141187
6.78,9.23761541053071,1.57475016853668,0.0299683009852568,1.45387272530029,0.0118862114832541,0.404473840028869,0.24378019111855,0.160693648910319,0.982365326022523,-0.0216973610634099
6.785,9.25975039571105,1.57835494867726,0.0298940370112097,1.45590082372737,0.0118543050943924,0.411558771520246,0.250802738881005,0.160756032639242,0.982316955508507,-0.0217549640256405
6.79,9.25043589743889,1.62065999643501,0.0298201654512479,1.45792208049398,0.011822417773359,0.604877939717857,0.444055706668135,0.160822233049722,0.982284322518597,-0.0217193835040592
6.795,9.29747740220059,1.59285751973203,0.0297503524283897,1.45931839034762,0.0117901590849664,0.460645149891026,0.299705677767522,0.160939472123503,0.982225390064831,-0.0218511755981291
6.8,9.33932428440936,1.5720841043376,0.0296778711679063,1.46119724365423,0.0117581522236333,0.368179691037494,0.207155961467835,0.161023729569659,0.982167525220256,-0.0219673313576745
6.805,9.39571078491328,1.53392357328897,0.0296034517551914,1.46345708855256,0.0117263727150306,0.244950155674616,0.083867339392879,0.161082816281737,0.982101214536236,-0.0221265160526159
6.81,9.44857692729907,1.50095809032335,0.0295254953924562,1.46638656206155,0.0116950262465923,0.181334842354415,0.0202399748161713,0.161094867538244,0.982034646347823,-0.0222749557080172
6.815,9.47870425161293,1.49695814539632,0.0294445767032902,1.46991795791532,0.011664126564129,0.173481109344817,0.0124160680993205,0.161065041245497,0.981977697654375,-0.0223553792180524
6.82,9.49818396558355,1.5063613163042,0.0293634964336517,1.47359764336256,0.0116334496582564,0.179306400858384,0.0182787882065173,0.161027612651866,0.981925757587088,-0.0224040188393824
6.825,9.50630618147052,1.52971852328668,0.029283518790476,1.4772119158504,0.0116028760469764,0.208071965819019,0.0470733016102551,0.160998664208764,0.981879841215046,-0.0224189124276099
6.83,9.54057200870596,1.52023994688775,0.0292059240184586,1.48053220116383,0.0115722583651297,0.187988240425359,0.0269928982469278,0.160995342178431,0.981821880991781,-0.0225118812408239
6.835,9.58943660183159,1.49299673555269,0.0291275999423186,1.48408649893246,0.0115418776148519,0.162341083645093,0.00136283656713354,0.16097824707796,0.981756017053486,-0.0226482647354142
6.84,9.6421911774548,1.46160697606599,0.0290469122466534,1.48817096291889,0.0115119243166821,0.173071942508583,0.0121466507615092,0.160925291747073,0.981686724169228,-0.0227960304988631
6.845,9.72807116035311,1.38975615480885,0.0289635338198528,1.49286676504959,0.0114824882663735,0.344368078066626,0.183537651350565,0.160830426716061,0.981599186249076,-0.0230426699293963
6.85,9.72036927089525,1.43652254162555,0.0288737651065329,1.49885457585084,0.011454014646806,0.227923449046181,0.0672804962623902,0.160642952783791,0.981554733254905,-0.0230085158103211
6.855,9.75686216901753,1.42696240939955,0.0287887373538389,1.50421184276824,0.0114255077220694,0.264147572922334,0.103642526631831,0.160505046290503,0.981490456148401,-0.0231071288221608
6.86,9.79094760569351,1.42074807688378,0.0287031552684036,1.50985353260374,0.0113974301898589,0.298657775145431,0.138308526794648,0.160349248350784,0.981426807291617,-0.0231984203536154
6.865,9.77508962851118,1.47718012341209,0.0286173428639537,1.51573141528909,0.0113697762817221,0.186145807789366,0.0259668081773109,0.160178999612055,0.981387724831173,-0.0231401943134631
6.87,9.82701821098016,1.44782148983388,0.0285370297810881,1.52080886931824,0.0113419762474747,0.253407460902634,0.0933376319270045,0.160069828975629,0.981317505703969,-0.023285355329493
6.875,9.80532575693482,1.51097512087474,0.0284542650965735,1.52649696451904,0.0113147518201569,0.164152430757861,0.0042335943188215,0.15991883643904,0.981282484814762,-0.0232099965515404
6.88,9.82221768750893,1.5245447137963,0.0283775148158417,1.53126254610246,0.0112872919366041,0.16063235211558,0.000795158969813924,0.159837193145766,0.981231265746821,-0.0232507186661336
6.885,9.82291632613811,1.55793946879826,0.0283021528025036,1.53591404974658,0.0112599624213794,0.168336783272805,0.00857035660480501,0.159766426668,0.981188691279973,-0.0232432262026658
6.89,9.82234506043052,1.59211770926777,0.0282299371454789,1.5401146165317,0.0112325607576361,0.20762891481737,0.0478981168144159,0.159730798002954,0.981148303136309,-0.023232343892346
6.895,9.87037579219945,1.56559268308264,0.0281608658604185,1.54383941816278,0.0112050283533697,0.168133932342826,0.00840181081467752,0.159732121528149,0.981085189807112,-0.0233667956819548
6.9,9.87656987198847,1.59142031535386,0.0280894177702717,1.54810393041925,0.0111778834406458,0.193096406177622,0.0333988625031065,0.159697543674516,0.981041447086922,-0.0233760724584197
6.905,9.8737661671068,1.62777149731773,0.0280203468026797,1.55203325509264,0.0111506851494933,0.262048988804066,0.102359213748158,0.159689775055908,0.981003358514136,-0.0233588066884985
6.91,9.8998700606135,1.62770407831002,0.0279545382524504,1.55543976977074,0.0111232956694405,0.253126256954724,0.0934039804467669,0.159722276507957,0.980952499846772,-0.0234281116500002
6.915,9.9095576860731,1.6479217500952,0.0278886796178081,1.55893144429335,0.0110959977054293,0.30173200418958,0.141980090761467,0.159751913428113,0.980909641912378,-0.0234484305582726
6.92,9.96628036641275,1.6099477883062,0.0278245798187287,1.56216353355276,0.0110686049702544,0.200834204871265,0.0410308981702018,0.159803306701063,0.980844108855893,-0.0236092155592091
6.925,10.0067564753333,1.5928716006116,0.0277570380869814,1.56612680347772,0.0110416294748001,0.172690971392526,0.0128847352424862,0.15980623615004,0.980784517337148,-0.0237211222578161
6.93,10.0277731750157,1.60029924026195,0.0276879948555732,1.57048054442646,0.0110149444219444,0.175841594090571,0.0160566813517384,0.159784912738832,0.980733582221725,-0.0237746680942087
6.935,10.0632593110265,1.58978594789353,0.0276196568794633,1.57481262914516,0.0109883569742707,0.163827207359908,0.00405870853716304,0.159768498822745,0.980675626304839,-0.0238715078373978
6.94,10.091431996487,1.58864942100194,0.0275504310090251,1.57943219151327,0.0109620255298605,0.161277122611737,0.001541851004419,0.159735271607318,0.980620601241854,-0.0239463307296171
6.945,10.1598477118343,1.53791257817143,0.0274811685335482,1.58418423382764,0.0109358873742604,0.198651312048099,0.0389551505889,0.159696161459199,0.98054522660118,-0.0241416001389676
6.95,10.1884965775102,1.5376612517881,0.0274075137182382,1.5899329316546,0.0109104063403412,0.209436842670864,0.0498463403896482,0.159590502281216,0.980486896479566,-0.024217180263696
6.955,10.2281418664999,1.5238757060588,0.0273340073610706,1.59582580836534,0.0108852149943969,0.254173503217845,0.0946955408612273,0.159477962356618,0.980422920403011,-0.024325705166007
6.96,10.2211385430671,1.56848905102799,0.0272594670053572,1.60210272192369,0.0108604466515077,0.180066282504399,0.0207245224358693,0.15934176006853,0.980381404364211,-0.0242941681324185
6.965,10.2378975280345,1.58252384787778,0.0271890016286186,1.60775189768054,0.0108356053720336,0.170956276245088,0.0117042638332948,0.159252012411793,0.980330241237636,-0.0243343950695293
6.97,10.2376128355465,1.61738588195742,0.0271198634390989,1.61329292888057,0.0108109010014377,0.15948160633961,0.000308855996398017,0.159172750343212,0.980288189675311,-0.0243237310765394
6.975,10.205073392964,1.69119916365004,0.027053822667065,1.61835637247423,0.0107861292700555,0.257194529068212,0.0980651106422447,0.159129418425967,0.980263954407645,-0.0242171143825029
6.98,10.258122444464,1.65786922772084,0.0269941503763828,1.62224244703755,0.0107608838589647,0.182680104944721,0.0235100472539027,0.159170057690819,0.980200660449849,-0.024367205565466
6.985,10.3095054265018,1.62739511826299,0.0269314940939157,1.62681517154694,0.0107360159077098,0.159173243672406,6.24432852259436e-06,0.159166999343883,0.98013618545636,-0.0245119810923476
6.99,10.3295039718187,1.63641434865164,0.0268661764041269,1.6320414954873,0.0107115608230331,0.159478427144797,0.000355872091906289,0.15912255505289,0.980085562713473,-0.0245624028578172
6.995,10.3546296907399,1.63897821529672,0.0268016555449278,1.6372367180712,0.010687220799803,0.15914018518616,5.65788292707737e-05,0.159083606356889,0.980032677565522,-0.0246282473223833
7,10.3706753831308,1.65277380836531,0.0267373654602313,1.64251488572468,0.0106630457448448,0.161010557143209,0.0019681350786612,0.159042422064547,0.979984283089909,-0.0246668836085063
7.005,10.4364978400588,1.60496680226995,0.0266742630704327,1.64767752261931,0.0106389376742694,0.193206654704518,0.0341941149028983,0.159012539801619,0.979911556810244,-0.024854840508417
7.01,10.483022157391,1.58213991963606,0.0266070745457406,1.65382417383039,0.01061543270805,0.255484445165529,0.0965651501927275,0.158919294972801,0.9798456938214,-0.0249844022811222
7.015,10.5323007243772,1.55653345847249,0.0265380328882952,1.66053264897725,0.0105923975550291,0.362571150952002,0.203779829333478,0.158791321618524,0.97977705401192,-0.0251219809896246
7.02,10.5551052837227,1.56451840708347,0.0264669525656479,1.66786803441224,0.0105699068663433,0.3604068529276,0.201782684321193,0.158624168606407,0.979720112129561,-0.0251796413535934
7.025,10.5823613918247,1.56687699125037,0.0263967321693085,1.67524127315933,0.0105477200251405,0.380886784193389,0.222429380999243,0.158457403194146,0.979661254586088,-0.0252507566666199
7.03,10.5933153471934,1.58952241654354,0.0263268787673895,1.68275496099144,0.0105258866841914,0.323368282510668,0.165084274156279,0.158284008354389,0.979610545114247,-0.0252728588166417
7.035,10.594559230143,1.62369598622259,0.026259090984254,1.69004466613638,0.0105042380602696,0.241949578203405,0.0838213959680316,0.158128182235374,0.979565798155982,-0.0252660727363826
7.04,10.5960668873322,1.65669420666392,0.0261942831417637,1.69689419273941,0.0104826471142541,0.188851321672989,0.0308471675236106,0.158004154149378,0.979522645497437,-0.0252605347139023
7.045,10.6200299592911,1.6611790805473,0.0261322842344177,1.70331264798828,0.0104610774991103,0.191877582901328,0.0339663668391626,0.157911216062165,0.97946990598083,-0.025322788943095
7.05,10.6720190685806,1.6310772507701,0.0260706542351704,1.70980956402679,0.0104397349804792,0.276699793697125,0.118884188613627,0.157815605083498,0.979403203837926,-0.0254692217838447
7.055,10.6804799966034,1.65558806423196,0.0260065092845032,1.71702101957398,0.0104189280552414,0.230234115656238,0.0725589113242436,0.157675204331994,0.979356399713044,-0.025484478880935
7.06,10.7175597808414,1.64420292016013,0.0259444520952206,1.72396257716157,0.0103982423737423,0.280155283920127,0.122600447711141,0.157554836208987,0.979296471477062,-0.0255859925468101
7.065,10.716226289966,1.68066609029088,0.0258814640363359,1.73128806259592,0.0103779632917853,0.20691763004349,0.0495061654250803,0.157411464618409,0.979254926079992,-0.0255719109745973
7.07,10.738590264996,1.68699344191866,0.0258215215915406,1.73812389591092,0.0103577060469569,0.207925148939162,0.0506229525666629,0.157302196372499,0.979203381756248,-0.0256294510397843
7.075,10.7509232093686,1.70561431292482,0.0257620739220422,1.74501451684875,0.0103376837728543,0.187320529080061,0.0301290974077833,0.157191431672277,0.979157000596856,-0.0256569058125495
7.08,10.7463478876706,1.7446463053385,0.025704123183809,1.7517330043319,0.0103177912046968,0.158070802837201,0.000976911413470779,0.157093891423731,0.979119907155175,-0.0256338357316164
7.085,10.7689878082461,1.74926415095764,0.0256493054817383,1.75789462595478,0.010297830519387,0.158486488368351,0.00145199055641775,0.157034497811934,0.979071171403447,-0.0256928865013505
7.09,10.8100523569253,1.73123254755239,0.0255947398676761,1.76412604177596,0.0102780454212446,0.17810950815111,0.0211368032617211,0.156972704889389,0.979013236233014,-0.0258072348061469
7.095,10.8289464990518,1.74097848379511,0.0255385783913593,1.77085242697122,0.0102586365864677,0.174353637145579,0.0174726342871,0.156881002858479,0.97896512544606,-0.0258547495285272
7.1,10.8230382817189,1.78104570097913,0.0254831296185809,1.7775665773911,0.0102394058203434,0.157029603867809,0.000237496357825049,0.156792107509984,0.978929739302064,-0.0258279150190262
7.105,10.8217344205741,1.81443003577361,0.0254308390016072,1.78369854500597,0.0102200855543125,0.175311116923659,0.0185684893200366,0.156742627603622,0.978894081518634,-0.0258154261333996
7.11,10.8573581650076,1.80181337435272,0.025381092768968,1.78935815995311,0.0102006747748169,0.159781651916993,0.00305606159577836,0.156725590321215,0.978841587840353,-0.0259140346919601
7.115,10.872631621425,1.81450223313431,0.0253301203247923,1.7954003095112,0.0101815245609659,0.163888920606634,0.00720256124772113,0.156686359358913,0.978798273120176,-0.025951391184321
7.12,10.8764564418481,1.8409556253754,0.0252800009013842,1.8013568064778,0.0101624474306775,0.187668889418581,0.0310139715619739,0.156654917856607,0.978761139502383,-0.0259545321184217
7.125,10.9123231991731,1.82761985680589,0.0252318265475583,1.80696449927708,0.0101433122169987,0.165102595452992,0.00845447700424567,0.156648118448747,0.978709219921572,-0.0260540334691154
7.13,10.9256848506647,1.84221975454904,0.0251823621582637,1.81296912329975,0.0101244260749634,0.173606691210776,0.0169880693301375,0.156618621880639,0.978667507492921,-0.0260858034875106
7.135,10.9639593815013,1.82605235829044,0.0251338870658382,1.81884990283602,0.0101055805162485,0.157631561705711,0.0010319805376103,0.1565995811681,0.978613905485258,-0.0261924450210052
7.14,11.0050837295131,1.80685750002488,0.0250839217617194,1.82518973185128,0.0100870246409357,0.163253051240459,0.0066989270443677,0.156554124196091,0.978557679647864,-0.0263074074182473
7.145,11.0268298761179,1.81197463379105,0.0250322681430482,1.83205869805008,0.0100688224750952,0.164534832358314,0.00805699337462839,0.156477838983686,0.978509788176079,-0.0263638635168073
7.15,11.0202569920949,1.85178272958552,0.0249809152944385,1.8390058227729,0.0100508105714608,0.159666693375855,0.00326748131071937,0.156399212065136,0.978476120018226,-0.0263352904645214
7.155,11.0421477852241,1.85572109731018,0.0249326171066154,1.84536774269254,0.0100326956453909,0.158509606218513,0.00214963297636,0.156359973242153,0.978430279305661,-0.0263926759949792
7.16,11.0786396311892,1.84176934447117,0.024884459397409,1.85181767813897,0.0100147253005163,0.158346720354526,0.00202875633918757,0.156317964015338,0.978377104696048,-0.0264939049260084
7.165,11.1306465099034,1.80922269322844,0.024835027540274,1.85870243123794,0.00999705588606034,0.205541632984214,0.0492901501622691,0.156251482821945,0.978315107549071,-0.0266415685567347
7.17,11.135610254882,1.83530480923321,0.0247828862619446,1.86639261866399,0.00997988118646336,0.175635677372657,0.0194983724855463,0.156137304887111,0.978274503502648,-0.0266472930572232
7.175,11.1386934588767,1.86305753807678,0.0247327418997464,1.87377644393781,0.00996277359201796,0.158367546011114,0.0023227295890503,0.156044816422064,0.978236148115247,-0.0266477018813395
7.18,11.1747773754891,1.8497188839087,0.0246846793425455,1.88081276438363,0.00994568648721796,0.17556015633979,0.0195835925104104,0.15597656382938,0.978182680359723,-0.0267476262575876
7.185,11.1936480097658,1.85788732497511,0.024635422836504,1.88828994208844,0.00992893184679401,0.17464357100472,0.0187599606768267,0.155883610327893,0.978136795791843,-0.0267955675452189
7.19,11.1952550738306,1.88707789314289,0.0245866972505192,1.89580135806508,0.00991236391992791,0.157338717259873,0.00154756125788935,0.155791156001984,0.978099792193159,-0.026791677342932
7.195,11.2261379519175,1.8797229679376,0.0245401385364739,1.90293769440108,0.00989580425931768,0.166704930082108,0.0109804499264155,0.155724480155693,0.978049626231276,-0.0268761333040687
7.2,11.2505885730313,1.88050158350739,0.0244928442484513,1.91040269460746,0.009879522690755,0.173892008182989,0.0182517888888117,0.155640219294177,0.97800199262899,-0.0269410978356389
7.205,11.2825479683762,1.8721391403055,0.0244454743195077,1.91804596789851,0.00986347634127322,0.198652482974138,0.0431048461590365,0.155547636815101,0.977950410672104,-0.0270286057827685
7.21,11.3221964848378,1.85463665315444,0.0243973251542117,1.92605168900329,0.00984775421370156,0.259957256658677,0.104521854610204,0.155435402048473,0.977894256815743,-0.0271391039041144
7.215,11.3344632841201,1.87125823602987,0.0243477117304522,1.93460955645658,0.0098324619721523,0.237710048122473,0.0824182133466619,0.155291834775811,0.977850538693738,-0.027166879808352
7.22,11.3395204480486,1.89635038389961,0.0242993249320906,1.9430623155512,0.00981736046358803,0.200055511612571,0.044898460445318,0.155157051167253,0.97781120678812,-0.027173154722348
7.225,11.3426545756998,1.92318023743774,0.0242527923235727,1.9512393875116,0.00980236579899002,0.171272810537667,0.0162314485763746,0.155041361961292,0.977774108190414,-0.0271739725432714
7.23,11.3709687948161,1.91855553528759,0.0242082047912857,1.9590983230823,0.0097874347297852,0.188896898343882,0.0339495980048593,0.154947300339023,0.977725776624228,-0.0272508532428656
7.235,11.4042744618644,1.90801267369825,0.0241630962156568,1.96725384663821,0.00977279768716551,0.227458978348527,0.072621416973643,0.154837561374884,0.977674421634549,-0.0273426399944475
7.24,11.4500059942824,1.88258815397785,0.024117030979904,1.97583166970461,0.00975852721531952,0.334957879889641,0.18025339089896,0.15470448899068,0.977615983777932,-0.0274716692495189
7.245,11.4570710995136,1.90530843328346,0.0240688951648535,1.98513983470557,0.00974478192887231,0.286921252669461,0.132391881915778,0.154529370753682,0.977575134730169,-0.0274838195132608
7.25,11.4879783751288,1.89825449264581,0.0240224404060395,1.99423808028481,0.00973122473610763,0.34612385309429,0.19175506194071,0.15436879115358,0.977523526002655,-0.0275680722394955
7.255,11.5008860396173,1.91353268480081,0.0239753506648324,2.00371551654186,0.0097180811318352,0.323797721123934,0.169610514868598,0.154187206255336,0.977480279888446,-0.0275979445964881
7.26,11.5269085045314,1.91239764355911,0.0239293530736721,2.01313513105481,0.00970519780837913,0.36605238779282,0.212041699491476,0.154010688301344,0.977431189889823,-0.0276675018714639
7.265,11.5569957030218,1.90638282309484,0.0238831738250033,2.02282455611911,0.0096927033720974,0.437673662856993,0.283854174680524,0.153819488176469,0.977379785243641,-0.0277492466382831
7.27,11.5708970809713,1.92045338599697,0.0238364518333049,2.03288942604721,0.00968066061634784,0.418786352632201,0.265179213554665,0.153607139077537,0.977335902776943,-0.0277820664826736
7.275,11.598967466218,1.91684624638846,0.0237907313639401,2.04293514193902,0.00966893602874587,0.487527265183131,0.334130324493899,0.153396940689231,0.977285587040206,-0.0278577555091454
7.28,11.6170583905985,1.92564578684813,0.0237446518771373,2.05331804485887,0.0096576727635076,0.496407041910659,0.343239512415349,0.153167529495309,0.977239834776156,-0.0279032552109823
7.285,11.6043338015408,1.97206077267983,0.0236991663686124,2.06379625043487,0.00964679820558813,0.330479295624358,0.177546284710062,0.152933010914297,0.977209823436747,-0.0278559807938775
7.29,11.6315476855358,1.96836407266254,0.0236570967785618,2.07360864865414,0.00963601098920709,0.38684156128622,0.234103552082704,0.152738009203517,0.977162449976826,-0.0279296790789689
7.295,11.6046838505802,2.03096624406494,0.0236145900580867,2.08375472048756,0.00962566416285817,0.211525646886241,0.0590021515547579,0.152523495331483,0.977141642327958,-0.0278404486701526
7.3,11.6235486549359,2.03603781095999,0.0235766351904397,2.09289268533001,0.00961524141771658,0.220920520507194,0.0685525460592733,0.15236797444792,0.977101532581464,-0.0278897396099875
7.305,11.5974338548896,2.09582126069257,0.0235388154376331,2.10216787920057,0.00960512678310422,0.153059893926322,0.000855598842535733,0.152204295083786,0.977083923441936,-0.02780380630284
7.31,11.5819266679198,2.14100731759965,0.0235052192668017,2.1104648853236,0.00959488083045671,0.171940718348446,0.0198432560604636,0.152097462287982,0.97706435246241,-0.0277506784688832
7.315,11.581700096932,2.16646604621237,0.0234746582006153,2.11805493787075,0.00958453590511908,0.201950110305899,0.0499184139516639,0.152031696354235,0.977039541765792,-0.0277440351185182
7.32,11.6038148429567,2.16428934907995,0.0234455977550236,2.12532302312378,0.00957419155580585,0.184365502865344,0.0323808028779688,0.151984699987375,0.977004723968264,-0.0278046997119974
7.325,11.6007451846833,2.1926653489798,0.0234159558767132,2.13282798818414,0.00956404737452129,0.228378550754796,0.076454486117115,0.15192406463768,0.976981962223743,-0.0277896808314953
7.33,11.6172008117231,2.19674300487145,0.023388026429565,2.13994747138256,0.00955387005834621,0.220847174717357,0.0689611976025929,0.151885977114764,0.976950785113254,-0.0278335557482234
7.335,11.6565721896918,2.17308863220115,0.0233599756135468,2.1471714011357,0.00954382542444548,0.166219375825841,0.0143772167662391,0.151842159059602,0.976907995164838,-0.0279461743596202
7.34,11.6710096524967,2.18021233758221,0.0233297592816335,2.15507462662537,0.00953415073414977,0.165302214658747,0.0135428853877473,0.151759329271,0.976875826372344,-0.027983523009601
7.345,11.6798924092999,2.19392003548006,0.0232997229477494,2.16303973942703,0.00952465005749409,0.172136812604076,0.0204636056501889,0.151673206953887,0.976846519423755,-0.0280042126757579
7.35,11.6799984385913,2.21792766542862,0.0232703580373343,2.17093202181264,0.00951527345576554,0.199046596660966,0.047455017996204,0.151591578664762,0.976822094622233,-0.0279986774580082
7.355,11.7021902428555,2.2146513875541,0.0232424164442246,2.17853584236881,0.00950592847731563,0.179586211381144,0.0280593157592099,0.151526895621934,0.976787751055351,-0.0280597071429714
7.36,11.7342632686943,2.19955538627634,0.023213860397342,2.18640910871592,0.00949681326467667,0.155169556721063,0.0037224444951707,0.151447112225892,0.976747897822299,-0.0281502917833701
7.365,11.7225009464867,2.23794088125368,0.0231838431725953,2.19480461347714,0.00948804735794423,0.191467728387946,0.0401300505666176,0.151337677821328,0.976728680339784,-0.028108922654018
7.37,11.7242680311615,2.258948561772,0.0231563438998609,2.20262399317202,0.00947923602110791,0.219762375273178,0.0685008186459093,0.151261556627268,0.976704746406216,-0.0281086930884468
7.375,11.7466500109874,2.25455984849374,0.0231300322651894,2.21021304912577,0.00947047002277359,0.193711700419628,0.0425126647389707,0.151199035680657,0.976671449215282,-0.0281705619293567
7.38,11.7351726098386,2.29120750352555,0.0231030249390423,2.21809502057333,0.00946193655779415,0.266807159973185,0.115686910643589,0.151120249329596,0.976654444849558,-0.0281306661424215
7.385,11.8034082225033,2.23082228664219,0.023078353384357,2.22542063230545,0.0094533226902337,0.151705849599534,0.00063214799357018,0.151073701605964,0.976599504423625,-0.0283305354991743
7.39,11.8253008395118,2.22785958696424,0.0230488563739049,2.23420376915939,0.00944537563160274,0.151817565647749,0.000873115938429758,0.150944449709319,0.976563604336663,-0.028390293548202
7.395,11.8053478337407,2.27570622713416,0.0230188759992443,2.24328205189777,0.00943774928440407,0.173634939423721,0.0228361962546443,0.150798743169076,0.976548152612854,-0.0283241863058836
7.4,11.8301940922941,2.2681042458142,0.0229921392182896,2.25159800897994,0.00943005364214023,0.156621531984987,0.00592497835547216,0.150696553629515,0.976512996411027,-0.028393331073391
7.405,11.8250418247288,2.29699627960453,0.0229645294693032,2.26029442799391,0.00942267441788122,0.179901478984528,0.0293284021658083,0.15057307681872,0.976492041671793,-0.0283721750676803
7.41,11.8252449155068,2.31866861791032,0.022938735034243,2.26861427089548,0.00941534551804916,0.205082647347433,0.0546115043253782,0.150471143022055,0.976469905204376,-0.0283674806877336
7.415,11.8358034423116,2.32730990387013,0.0229141926606337,2.27669879181543,0.0094080921167556,0.206275750365684,0.0558929721275701,0.150382778238114,0.976443614538019,-0.0283941216459328
7.42,11.8759287118367,2.30012296414642,0.0228899329759167,2.28481595956154,0.00940099924042614,0.155410942994101,0.005118066304696,0.150292876689405,0.976402738237075,-0.0285096046607614
7.425,11.8769597405379,2.32084494783455,0.0228633541690391,2.29372273390011,0.00939436166293802,0.166245871817512,0.0160871953272245,0.150158676490287,0.976379368653926,-0.028507176960636
7.43,11.9003445276777,2.31406604060685,0.0228380003550286,2.30242832269614,0.00938785582613654,0.153001086949475,0.00296515623224208,0.150035930717233,0.97634582594071,-0.0285721472973265
7.435,11.8983730857705,2.33812104696198,0.0228118559120745,2.31150879259689,0.00938168798738358,0.165415085817885,0.0155228948736469,0.149892190944238,0.976324229099644,-0.0285607635017647
7.44,11.8891974754063,2.37024721118235,0.0227871793692501,2.32032103988153,0.00937563894688541,0.204456999652591,0.0546935305236262,0.149763469128965,0.976307454721478,-0.0285280648222448
7.445,11.8957343139066,2.38259878132651,0.0227645222607144,2.3286860237231,0.00936961920122025,0.213499990234735,0.0638402466591711,0.149659743575564,0.976284531535789,-0.0285429585102473
7.45,11.8893104968225,2.41025672994618,0.0227424157800338,2.3370110733492,0.00936375066859589,0.267508032564107,0.117949787353565,0.149558245210542,0.976268528594834,-0.028519073492899
7.455,11.9150801486939,2.39850433770394,0.0227219565114053,2.34496933936634,0.00935790434746414,0.212543895414871,0.0630666651784203,0.149477230236451,0.976237827354768,-0.0285921175827591
7.46,11.9060221255363,2.42897444920933,0.0227002749520117,2.35338948959159,0.00935236958910058,0.275207858998629,0.125837377135156,0.149370481863472,0.976223440502189,-0.028560400715106
7.465,11.9261686147757,2.4235585532216,0.0226804472961488,2.36138418860783,0.0093468410329748,0.23450734354836,0.0852199157417525,0.149287427806608,0.976196037154189,-0.0286166838881882
7.47,11.9014960307853,2.47218490007937,0.0226598581783225,2.36970707693748,0.00934157399350014,0.380911010478992,0.231724844728893,0.149186165750099,0.976190345699373,-0.0285383799171234
7.475,11.9138158968303,2.47511139625805,0.022642410264148,2.37721280374318,0.00933615525157406,0.360771532328929,0.211641214530226,0.149130317798703,0.976168882780122,-0.0285716567935195
7.48,11.904147859673,2.5043492832745,0.0226247615724801,2.38485569756493,0.00933088613402461,0.464622166377087,0.315555082867647,0.14906708350944,0.976158213705311,-0.0285389898138736
7.485,11.9378119583616,2.48095098141393,0.0226088101913806,2.3920762821798,0.00932556225893532,0.32370972489208,0.174682172504769,0.14902755238731,0.976127348702476,-0.028636542276768
7.49,11.9570236530861,2.47545776394434,0.0225907559075014,2.39999019473483,0.00932057597943351,0.275004962724906,0.126054967476787,0.148949995248119,0.976101836000571,-0.0286903515911245
7.495,11.9734550055262,2.473462095206,0.0225719435893139,2.40823226676833,0.0093158388696309,0.24310727268198,0.0942526393700125,0.148854633311967,0.97607701852693,-0.0287356634493588
7.5,11.9707549721937,2.49452077292657,0.0225526514211031,2.41673623441355,0.00931134934538894,0.28288531488578,0.134140201937016,0.148745112948764,0.976061314514875,-0.0287234716481896
7.505,11.9940052081116,2.48390407897594,0.0225345462048664,2.42501393910669,0.00930694122291685,0.225597965824113,0.0769495986804235,0.14864836714369,0.976033658057625,-0.0287893780766838
7.51,11.9763127521106,2.52275283473064,0.0225153453605552,2.43373985728834,0.00930285188137337,0.324480743368231,0.17595355581405,0.148527187554181,0.976025474647861,-0.0287322238515867
7.515,12.0118487072523,2.49674932249262,0.0224986097878193,2.44186166263522,0.00929871651083615,0.215391512806212,0.066952030215042,0.14843948259117,0.975992839825855,-0.0288352558302192
7.52,12.0258619367218,2.49722725061905,0.0224796651853704,2.45075936323274,0.00929501010359053,0.196336401443087,0.0480270622436117,0.148309339199476,0.975968977290092,-0.0288732577549117
7.525,12.0374309597389,2.50065293757056,0.0224604635833979,2.4598831467947,0.00929158256694501,0.185169181939611,0.037002260299208,0.148166921640403,0.97594607917679,-0.0289038626017036
7.53,12.0164636550994,2.54311061634297,0.0224412286736299,2.46917540129952,0.00928842883025496,0.269809349867715,0.12179404485869,0.148015305009026,0.975939390179048,-0.0288368235954983
7.535,12.0061065062218,2.57167628338859,0.0224247387634785,2.4777972999921,0.00928524620217917,0.344407944023444,0.196507607435593,0.147900336587851,0.975929823345974,-0.0288022452205216
7.54,12.0323940600072,2.55563904867402,0.0224099461426382,2.48603034421875,0.00928208925852125,0.255914266490356,0.108107616705117,0.14780664978524,0.975903433426233,-0.0288778932954262
7.545,12.0636339763324,2.53406967939875,0.0223936530889192,2.49482898031523,0.00927928718115695,0.182063074395589,0.0343810020287712,0.147682072366818,0.975873203500757,-0.0289681153273024
7.55,12.0770800571254,2.53439760989959,0.0223755127094809,2.50432832181581,0.0092769325066051,0.167723398037229,0.0202042763802785,0.14751912165695,0.975850188965373,-0.0290045518397813
7.555,12.057481458232,2.57442588052285,0.0223571329233205,2.51407274639884,0.00927490700991128,0.228804259948439,0.0814617153971319,0.147342544551307,0.975843454800454,-0.0289417652348893
7.56,12.0591706566672,2.58784643762179,0.0223413340339459,2.52320717379362,0.00927290994641507,0.240707812906291,0.0935090631091967,0.147198749797095,0.975828376630596,-0.028943419793565
7.565,12.0726356322782,2.58683417986081,0.022326177439225,2.53229228784565,0.00927110527633016,0.213678965586862,0.0666217491259266,0.147057216460935,0.975807970296998,-0.0289805253666041
7.57,12.072790325331,2.60180964390518,0.022310634754035,2.54164023958773,0.00926960646626417,0.228036142342772,0.0811352356360383,0.146900906706734,0.975793851490509,-0.0289776231284361
7.575,12.0740145928295,2.61512944221893,0.0222958523395472,2.55091008927,0.00926830647205211,0.239234596304702,0.0924863788648117,0.146748217439891,0.975779866571116,-0.0289780921489832
7.58,11.9993045778509,2.71896992580581,0.022281701550921,2.56013542343661,0.00926721272970682,0.712720952327917,0.566123711091285,0.146597241236632,0.975804403565085,-0.0287513501687874
7.585,11.9835639821782,2.74943412275786,0.0222745263145699,2.56734162043912,0.00926558546289359,0.890850417786495,0.744295948933641,0.146554468852854,0.975805768194943,-0.0287027689716217
7.59,11.956729994942,2.79225979066428,0.0222690171319682,2.57407406004951,0.00926384887717643,1.21539898641262,1.06886201491943,0.146536971493196,0.975814187258731,-0.0286214504990455
7.595,11.9703786766698,2.78602067596406,0.0222660114611669,2.58005022791805,0.00926186010546989,1.09921909542252,0.952658843777732,0.146560251644786,0.975804635130909,-0.0286615699366345
7.6,11.9650445518376,2.80242069787657,0.0222620167072661,2.5863212472709,0.00925995614044981,1.19541654717864,1.04884865477684,0.146567892401805,0.975803675627116,-0.0286447940593758
7.605,11.9622104456234,2.81545149648238,0.0222586603730429,2.59240022668069,0.00925797402556648,1.26417090703606,1.11758452948951,0.14658637754655,0.975802044685662,-0.0286356215249602
7.61,11.9420513528047,2.84866311887701,0.0222557030195177,2.59835555750768,0.00925592284012299,1.55420375131945,1.40759146596529,0.146612285354154,0.975809437802762,-0.028574832634264
7.615,11.9564000479113,2.84024243083008,0.0222545625728984,2.60374291445779,0.00925362355230679,1.40331154997847,1.25664166754822,0.14666988243025,0.975801227294557,-0.0286174097729333
7.62,11.9728884739897,2.82949032525237,0.022252287121085,2.60945724880044,0.00925136700714801,1.23456695430464,1.08785569926938,0.146711255035261,0.975790915386699,-0.0286661548382217
7.625,12.0004046778146,2.80593389355756,0.0222487525355737,2.61555774219643,0.00924919615162753,0.961230285378237,0.814496879075068,0.146733406303168,0.975773944580993,-0.0287476100636064
7.63,12.0216037406039,2.79040952239601,0.0222430998777154,2.62233414790722,0.00924724467559573,0.781734186236115,0.635013367400518,0.146720818835598,0.975758205036382,-0.0288097822651981
7.635,12.0456893679607,2.77182246224974,0.0222359559002382,2.62962830226617,0.00924549969130116,0.601332660246312,0.454650549410773,0.146682110835538,0.97573966240054,-0.0288803056688332
7.64,12.0303877701752,2.80056274982173,0.0222271507022021,2.63752070761574,0.00924402607817042,0.744591283630145,0.597978298767414,0.146612984862731,0.975739296196477,-0.0288326325698496
7.645,12.0434068628148,2.79488916882813,0.0222200573483977,2.64499123561725,0.00924248443262774,0.652179019257668,0.505610539806089,0.146568479451579,0.975726323635118,-0.0288700524614428
7.65,12.0456805302935,2.80213920700144,0.0222122264138392,2.65278198724301,0.0092411161583856,0.648655184471629,0.502146400778422,0.146508783693207,0.975718046955432,-0.0288751686424847
7.655,12.0380806806487,2.82095550425981,0.0222045913909391,2.66061813771423,0.00923983882327802,0.725339653972718,0.57889088473077,0.146448769241948,0.97571488080791,-0.028850793122033
7.66,12.046591888795,2.82015218948439,0.0221979657391275,2.66824713062885,0.0092385577768244,0.666160268410746,0.519758143090367,0.146402125320379,0.975704576181885,-0.0288748233362901
7.665,12.0234765603899,2.85696201996617,0.022190956871694,2.67609346984711,0.00923741142807938,0.883435440540064,0.737089270447362,0.146346170092702,0.975709731028143,-0.0288042052029709
7.67,12.0627012014337,2.8188594317733,0.0221862154196247,2.68333746664744,0.00923610644781987,0.560235266851041,0.413910229487103,0.146325037363938,0.975685784949948,-0.0289204822946784
7.675,12.088454703755,2.79761482015813,0.0221784428359658,2.69160724015854,0.00923519971144855,0.399596700635689,0.253345266403138,0.146251434232551,0.975665799933255,-0.0289958867261964
7.68,12.1011932012597,2.79237849763027,0.0221689052942483,2.70055967112004,0.00923463460341409,0.336290685979245,0.190146892456231,0.146143793523014,0.97565070150015,-0.0290319614450958
7.685,12.120183520436,2.77982400285687,0.0221587762929526,2.70986123244892,0.00923433369877131,0.256468094481339,0.110448094661059,0.146019999820281,0.975631927598129,-0.0290866447788684
7.69,12.1157737726934,2.79551104962519,0.0221475629171072,2.71968202900455,0.00923438187079965,0.275682922389136,0.129812033716896,0.145870888672241,0.975623850482038,-0.0290709809557666
7.695,12.1542223241315,2.75968599602919,0.0221372755440548,2.72941472268539,0.00923458933135586,0.166425912075369,0.0206969911006296,0.14572892097474,0.975595184143449,-0.0291839695782754
7.7,12.1743832321552,2.74654699857312,0.0221242854097813,2.74019048490458,0.0092353640493406,0.146446605502297,0.00091314284891046,0.145533462653387,0.97557316840617,-0.0292415804110478
7.705,12.1695633537349,2.76364323089454,0.0221102562957439,2.75153806470211,0.00923660609237456,0.148623324088681,0.00331373473437638,0.145309589354304,0.975562672699922,-0.0292240202557369
7.71,12.1546341146914,2.79238852523991,0.0220973333922281,2.76280649637782,0.00923811581183419,0.164892814051967,0.0198009510031046,0.145091863048862,0.975558234798053,-0.0291764069458095
7.715,12.1262758671623,2.83639549349947,0.0220863032524484,2.77373605033034,0.00923978933470271,0.233777202546899,0.088883272437864,0.144893930109035,0.975562243695184,-0.0290890331418486
7.72,12.1441321614928,2.8241711334626,0.0220781824709324,2.78397979437282,0.00924147096540385,0.18131643834855,0.0365823531886399,0.14473408515991,0.975545821370249,-0.0291407258660194
7.725,12.1650710305539,2.80857288770003,0.0220689809462971,2.79476080031117,0.00924355821282573,0.148869507279367,0.00432221493375568,0.144547292345612,0.975526853740392,-0.0292014365162687
7.73,12.1734718181212,2.80831472163399,0.0220584954951348,2.80616804480043,0.00924612158457245,0.144433144893853,0.000104454572360326,0.144328690321493,0.975512960720329,-0.0292242989885871
7.735,12.1610738719093,2.83289355693867,0.0220478340668461,2.81787908844302,0.00924908710295476,0.149207616825311,0.00511239025845919,0.144095226566852,0.975509294943419,-0.0291847937369253
7.74,12.121807617684,2.88884304814724,0.0220387352044215,2.82935208202003,0.00925227666054537,0.22416982705951,0.0802944229312852,0.143875404128225,0.975520501574634,-0.0290652492066762
7.745,12.1356355462126,2.88015942207355,0.0220333406570694,2.83988492547043,0.00925541236539497,0.180514776258142,0.0368086506236357,0.143706125634506,0.975508588410419,-0.0291054402799266
7.75,12.1657615544759,2.8523195302387,0.022027070027193,2.85088389005269,0.00925894145764079,0.143559877264427,4.67847684946974e-05,0.143513092495932,0.975487711251368,-0.0291942537432197
7.755,12.1290604683411,2.90471126717131,0.0220186162255754,2.86278613097265,0.0092630590120382,0.183187388058648,0.0399143394677716,0.143273048590876,0.975498218151565,-0.0290825399844223
7.76,12.1065565480187,2.93877406812832,0.0220136177114526,2.8738359166363,0.00926718405622818,0.238859165803051,0.0957807929272586,0.143078372875793,0.9755048295346,-0.0290141600998773
7.765,12.1061378379639,2.94576763996078,0.0220107203086081,2.88441607747157,0.00927139274784863,0.228412961694458,0.0855041127026369,0.142908848991821,0.975502348001017,-0.0290122768114814
7.77,12.0925314185559,2.96820745748941,0.0220080000450451,2.89511459609431,0.00927586665442687,0.264111335171573,0.121377825699489,0.142733509472085,0.975506624190806,-0.0289710296537594
7.775,12.1242496313046,2.9364588489471,0.0220065318425179,2.90559106532241,0.00928048759514792,0.164218754204605,0.0216485739942835,0.142570180210322,0.97548940092133,-0.0290655056235735
7.78,12.1139547034399,2.95523362040191,0.0220025272079674,2.91704344448822,0.00928568289644055,0.175499479659543,0.0331436821446316,0.142355797514912,0.97549082660068,-0.0290338519821646
7.785,12.151964022469,2.91630631364022,0.0219995675900985,2.92837446464954,0.00929111814796461,0.145457943825051,0.00331007116815044,0.142147872656901,0.975469070492319,-0.0291468822265957
7.79,12.1397863067279,2.93785985113949,0.0219936221040332,2.94086369204164,0.00929725895609801,0.14208418694896,0.000205129017010922,0.141879057931949,0.975469629810547,-0.0291091406715128
7.795,12.1557470743848,2.92546413707977,0.0219889755867829,2.9531966859713,0.00930370564322189,0.159106266405158,0.0174881786781131,0.141618087727045,0.975457325898361,-0.0291558706344662
7.8,12.1087970558776,2.98810123007797,0.0219832433028579,2.96612426707941,0.00931072586429613,0.15231076608195,0.0109853422442329,0.141325423837717,0.975475464568218,-0.0290142292480098
7.805,12.1088509122431,2.99333060620244,0.0219816569396555,2.97799127844083,0.00931775299104299,0.146439315449219,0.00535207552424628,0.141087239924972,0.975473960359591,-0.0290140440123592
7.81,12.0831286337764,3.02892477627105,0.0219801441936924,2.99004697990036,0.00932517207076545,0.175221146390207,0.0343829193594386,0.140838227030768,0.975485412574868,-0.02893690020235
7.815,12.0959328013514,3.01809585951987,0.021980812802637,3.00161918898803,0.0093327490560691,0.146788639166402,0.00617540111579403,0.140613238050608,0.975479633236313,-0.0289752743575614
7.82,12.111758681677,3.00394777273185,0.0219804005017876,3.01372926922587,0.00934083022190605,0.14253534022858,0.00217643153623699,0.140358908692343,0.975471336281852,-0.029022457352453
7.825,12.1034235260844,3.01871512662268,0.0219787110144729,3.02646524237901,0.00934949127683661,0.141436863574867,0.00136641985503523,0.140070443719831,0.975473930131804,-0.0289971885341197
7.83,12.0742525870666,3.05774434515584,0.0219777881381216,3.03919858469053,0.00935854808524372,0.147605148444529,0.00782483726467888,0.13978031117985,0.975487655855975,-0.028909898478951
7.835,12.0391124379658,3.10276839324876,0.0219792976655855,3.05138725766903,0.00936780164061938,0.199573383436513,0.0600569939410771,0.139516389495436,0.975506632158519,-0.0288054237154369
7.84,12.0126968687611,3.13631676241725,0.0219835996560144,3.06288205900367,0.00937715800107543,0.261937994156205,0.122651789284326,0.139286204871879,0.97552384648177,-0.0287276416676521
7.845,11.9746884007943,3.18259886223444,0.0219898411665655,3.07392000411936,0.00938665649170306,0.407635338675349,0.268557969830999,0.13907736884435,0.975548660785205,-0.0286158365337061
7.85,11.9662117809233,3.19308427239414,0.0219988636513566,3.08420424097352,0.00939615356811987,0.408347752055072,0.269442581899537,0.138905170155535,0.975561292077919,-0.028592534621637
7.855,11.9336942617007,3.23144071272424,0.0220081387304015,3.09451369622697,0.00940588912212611,0.564685555290582,0.425956235475386,0.138729319815196,0.975586171617692,-0.0284978168746866
7.86,11.8957423475185,3.27514699905964,0.0220195985426683,3.10422654263028,0.00941563238861942,0.801941074156121,0.663359106420818,0.138581967735303,0.975615788938935,-0.0283874993007057
7.865,11.8773665759426,3.29492424022806,0.0220335726291873,3.11320763748599,0.00942528885407811,0.88780222204305,0.749332036793212,0.138470185249838,0.97563793791762,-0.028335873785734
7.87,11.8385283922022,3.33801919400405,0.0220483629914118,3.1219718230003,0.00943500101502902,1.19686938291917,1.05850186101826,0.138367521900914,0.975671057308707,-0.0282237546143595
7.875,11.8287933445026,3.34624387897496,0.022065576112387,3.12999335335787,0.00944455299200369,1.19796749949353,1.05966618753757,0.138301311955957,0.975691846205433,-0.028198445837887
7.88,11.8081369412252,3.36694149692623,0.0220827605381015,3.13803059882635,0.00945418033097765,1.32468296120377,1.18645038011624,0.138232581087537,0.97571804447928,-0.0281407640825931
7.885,11.7918578281732,3.38206714973658,0.0221007961797434,3.14580576085969,0.00946377842450102,1.40101373100255,1.2628378502762,0.138175880726349,0.975742813675085,-0.0280962306682285
7.89,11.7569143754048,3.41845153747289,0.0221192932541386,3.15343610828559,0.00947337318126795,1.72572530595825,1.58759994951881,0.138125356439434,0.975777312333062,-0.0279965433082397
7.895,11.7625265527964,3.407056638422,0.0221397292589462,3.16044480984256,0.0094827695093532,1.51159595812259,1.37349001164327,0.138105946479326,0.975793284919887,-0.0280172988660226
7.9,11.74342096055,3.42450293192116,0.0221587616250117,3.16787878346547,0.00949232554939706,1.62406623381061,1.48600257282145,0.138063660989153,0.975820295435251,-0.0279645983965171
7.905,11.7344765284111,3.42978442397906,0.0221784415826292,3.1751071510557,0.00950182835425892,1.60027376084864,1.46224235598412,0.138031404864523,0.97584278787431,-0.0279420999372367
7.91,11.7396219795895,3.41864315851069,0.0221979241043118,3.18239469854301,0.00951136445158215,1.39517031822674,1.25717464783693,0.137995670389808,0.975858023113729,-0.0279612631360788
7.915,11.7267455435433,3.42860329167174,0.0222160842863185,3.19010688394988,0.00952107982995646,1.4181032818553,1.28016566203024,0.137937619825062,0.975881032488829,-0.027926802289971
7.92,11.7402228937479,3.40781581891222,0.0222344365039908,3.19778577640029,0.00953082725583246,1.12986987414859,0.991988682727431,0.137881191421156,0.97589101270308,-0.0279704156204638
7.925,11.7310210777401,3.41376038096557,0.0222508431903229,3.20611151695631,0.00954086861638025,1.106699345828,0.968908242162438,0.137791103665563,0.975910536770847,-0.0279464657795029
7.93,11.7245155779959,3.41643679354186,0.0222672284098709,3.21450754993981,0.00955102683590881,1.05329003637903,0.915592607017499,0.13769742936153,0.975928671206884,-0.0279304941192438
7.935,11.7016892824069,3.43798510996598,0.0222833756719646,3.22304757406932,0.00956133490847481,1.17420203126268,1.03660560718931,0.137596424073375,0.975954728507834,-0.0278661333435202
7.94,11.7022496616695,3.43191513287259,0.0223006202042551,3.23131733791902,0.00957164028713377,1.03971504715286,0.902205296796049,0.137509750356815,0.97597006418192,-0.0278712465739248
7.945,11.6814292593526,3.45076936602723,0.0223170162861314,3.23992045163704,0.00958215754893295,1.13344571688962,0.996039616800155,0.137406100089469,0.975995299547557,-0.02781287516187
7.95,11.6439048471846,3.48853090640235,0.0223343388770074,3.24831399140191,0.00959269719429292,1.42913999086061,1.29182615545727,0.137313835403342,0.976029701011144,-0.0277052888365531
7.955,11.6243623450049,3.5045728352412,0.0223538991923442,3.25607495182137,0.00960307431959891,1.51847274440914,1.38121760174363,0.137255142665505,0.976057102654539,-0.0276513673871932
7.96,11.6407366582232,3.47876236635263,0.0223741384769322,3.26366703557009,0.00961342060496578,1.17112307653131,1.03391693432468,0.137206142206633,0.976067125418907,-0.0277037865875457
7.965,11.627080550896,3.48822034805399,0.0223921159559023,3.27200898642805,0.00962408462556891,1.18095412743663,1.04383509330256,0.137119034134066,0.976090100770079,-0.0276669345864982
7.97,11.6211302923578,3.48854390763704,0.0224103718265795,3.28034108293399,0.00963481976492451,1.10418430760129,0.967150758358161,0.137033549243128,0.976109446735718,-0.0276529279407723
7.975,11.5836678013806,3.52533075041359,0.0224282682728992,3.28886394190214,0.00964570208373001,1.38350350959968,1.24656417622657,0.136939333373113,0.976144200637306,-0.0275456669298151
7.98,11.5891144654688,3.51166844605115,0.0224483845772287,3.29677912892649,0.00965642558643139,1.16540249520777,1.0285243121936,0.13687818301417,0.976159456899023,-0.0275656966668695
7.985,11.5982313065262,3.49403966558893,0.0224671336102309,3.30518159720779,0.00966737660361512,0.93056082676393,0.79376770111018,0.13679312565375,0.976171627041075,-0.0275963284128026
7.99,11.600585138573,3.48459963566188,0.0224842758952492,3.31416985301642,0.0096786285450183,0.782604027952502,0.645924977702273,0.136679050250228,0.97618572067408,-0.027606651107884
7.995,11.57890794628,3.50321364882178,0.0225004345823021,3.32357773049144,0.00969015674383769,0.853621110676172,0.717076442153809,0.136544668522363,0.976210932314779,-0.0275456745135636
8,11.5620109204773,3.51585697625334,0.0225176200070272,3.33279899155546,0.00970174781469516,0.880510701474495,0.74408897901267,0.136421722461824,0.976234644512557,-0.0274990479350887
8.005,11.5682971282025,3.50138463682765,0.0225353955144488,3.34195973625321,0.00971343425063567,0.700223234921496,0.563919521777961,0.136303713143535,0.976247264698139,-0.0275210963287529
8.01,11.55373713865,3.51136180015016,0.0225518391213182,3.35165295898902,0.00972544614666411,0.701677043291104,0.565517379931195,0.136159663359909,0.976269104728941,-0.0274812227251174
8.015,11.5302721895919,3.5314235068761,0.0225687188312596,3.36135511814696,0.00973761058041236,0.776798975121558,0.640781983708891,0.136016991412667,0.976295761319695,-0.0274151078624373
8.02,11.5353956225645,3.51795322875634,0.0225867451611749,3.37084501741766,0.00974983543279783,0.614947623736967,0.479060300385009,0.135887323351958,0.976309112867331,-0.0274337357655384
8.025,11.5103377464793,3.53970811718515,0.0226035251265954,3.38085154149934,0.00976239503041816,0.693951059521269,0.558218496833691,0.135732562687578,0.976336431995223,-0.0273628892230001
8.03,11.4908875126336,3.55446957419194,0.0226215908456503,3.39061568431718,0.00977501866843512,0.729009990395664,0.593417532177063,0.135592458218602,0.976362056062312,-0.0273088804666475
8.035,11.521021307873,3.51160979409457,0.0226404250883133,3.40028412314295,0.00978774290454332,0.40916021853171,0.273700802093717,0.135459416437992,0.97636353744831,-0.0274015745360644
8.04,11.5251354916898,3.49970122035083,0.0226559225784338,3.41111420905368,0.00980106806092033,0.308459735665922,0.173192209308465,0.135267526357457,0.976375076243619,-0.0274167321468508
8.045,11.5010837779778,3.52072671207526,0.0226703689937085,3.42245718760112,0.00981481665104807,0.348035800127893,0.212985052053058,0.135050748074835,0.976399759143831,-0.0273483590573377
8.05,11.4826192211207,3.53478443354605,0.0226861358083167,3.4336057448032,0.00982873781031941,0.360471237691025,0.225625182318832,0.134846055372192,0.976422786919487,-0.0272967813650491
8.055,11.4580253231732,3.55561696285401,0.0227027026264129,3.44470668551658,0.00984287283041351,0.405562589262882,0.270916855615999,0.134645733646882,0.976449558700377,-0.027227255684807
8.06,11.4319023453298,3.57773346181237,0.0227205386237169,3.45561042816606,0.00985715345821147,0.462663610142523,0.328206025261424,0.1344575848811,0.97647818033748,-0.0271534818585837
8.065,11.407865631005,3.59692892724451,0.0227397124515796,3.4662836076479,0.00987154695263125,0.509578335672225,0.375294972811234,0.134283362860992,0.976506898743683,-0.0270861449473445
8.07,11.3970428486116,3.60045111715456,0.0227599930082766,3.47678380931559,0.00988605514156384,0.470095659839079,0.335975565163311,0.134120094675768,0.976529943503765,-0.0270580143194542
8.075,11.4041546374993,3.58321971308608,0.0227802465037174,3.48744796453328,0.00990079980303408,0.335269962108165,0.201319766653195,0.13395019545497,0.976543966115128,-0.0270828010287574
8.08,11.3603222921003,3.62515198419695,0.0227989988798646,3.49873156407512,0.00991597887607171,0.484250332215146,0.350500535308481,0.133749796906665,0.976582130090017,-0.0269569839897542
8.085,11.3429163100757,3.63564059008401,0.0228205130002166,3.50936113245298,0.00993110974836989,0.482975161582676,0.349389635093558,0.133585526489118,0.976609440876648,-0.0269096603347573
8.09,11.3354636576028,3.63444834146934,0.0228424916484242,3.52000444055385,0.00994641412361753,0.420112081987029,0.286689531473638,0.133422550513391,0.976632140578899,-0.0268917569170872
8.095,11.3200999533143,3.64238407466883,0.0228640975509341,3.53091527630377,0.00996199512697943,0.40496822778867,0.271720608724443,0.133247619064227,0.976658438474613,-0.0268504590086597
8.1,11.3190602187483,3.63367046851865,0.0228860001815982,3.54190115581865,0.00997778950207975,0.317061193449538,0.183990358441964,0.133070835007574,0.976677794174935,-0.026851427138911
8.105,11.3212939722034,3.62136438934462,0.0229070075402291,3.55332484514016,0.00999395148936092,0.233920436145848,0.101047235598566,0.132873200547282,0.976694709373313,-0.0268618816527943
8.11,11.3282895815602,3.60381681867308,0.0229268883685923,3.5652741832226,0.0100105489967655,0.165047293195481,0.0323972168308601,0.132650076364621,0.976708246230391,-0.0268861817910812
8.115,11.3049098205035,3.62167963667255,0.0229452966592781,3.57787485603971,0.0100276731862375,0.174208572716228,0.0418137720070612,0.132394800709167,0.976735682725003,-0.026820605196802
8.12,11.2969048989115,3.62141499599854,0.0229648165459266,3.59037458700424,0.0100450559222794,0.153124614140455,0.0209778943499618,0.132146719790493,0.976756355091677,-0.0268005784158115
8.125,11.2527662983793,3.66281911457019,0.0229841252984571,3.60316290223051,0.0100628505732602,0.209305395855257,0.0774200371887751,0.131885358666482,0.976794886133126,-0.026674019581398
8.13,11.2562727473153,3.64845677461635,0.0230062277136861,3.6153440228366,0.010080698066229,0.155487017785565,0.0238295113843275,0.131657506401238,0.976811942478022,-0.0266883591164409
8.135,11.2567883268176,3.63782066300505,0.023027055647816,3.62810930323141,0.0100990529056148,0.133448598558781,0.00204781953228289,0.131400779026498,0.976829376604923,-0.0266936591385507
8.14,11.2432820841138,3.64355279649845,0.0230469120502967,3.64139148875115,0.0101179304160296,0.131219959487553,0.000101342235530947,0.131118617252022,0.976852966618269,-0.0266574541698089
8.145,11.2615937032496,3.61251954786291,0.0230670056057779,3.6548485932831,0.0101372237280942,0.169666729770813,0.038837899396347,0.130828830374466,0.976860819282232,-0.0267150834900079
8.15,11.2524322294753,3.61378428202418,0.0230846768304652,3.66927826817042,0.0101572862944321,0.197191366596931,0.0667018759026909,0.13048949069424,0.976880333606325,-0.0266912707130151
8.155,11.2297860895512,3.63059083259986,0.0231023225361439,3.68400613682563,0.0101779058710835,0.191887036063599,0.0617512529545182,0.130135783109081,0.976906545901635,-0.0266276907087774
8.16,11.195788866975,3.66011072497428,0.0231210711806639,3.69870328619546,0.0101989645085412,0.161993119525937,0.0322084078625224,0.129784711663415,0.976939339482546,-0.0265308934169532
8.165,11.1665220576164,3.6835049016142,0.0231418207183043,3.71309380297371,0.0102203400951558,0.14836651310329,0.0189160372107295,0.129450475892561,0.976971423692085,-0.0264484377452221
8.17,11.1167091850663,3.729970158475,0.0231640882844127,3.72730133197568,0.0102420602260893,0.129280191393711,0.000153743043887247,0.129126448349823,0.977015022849531,-0.0263058908819719
8.175,11.1296720679354,3.70347085859223,0.0231895128703718,3.74082334874957,0.0102638908179399,0.158921405200773,0.0300827475064572,0.128838657694316,0.977029840425366,-0.026348475239599
8.18,11.0866808263104,3.74164218174388,0.0232127459413184,3.75521416717203,0.0102864537878687,0.132473536557275,0.00396762168783772,0.128505914869437,0.977070758360958,-0.0262261919814129
8.185,11.0722700212487,3.74623334229195,0.0232385342933883,3.7691017051742,0.0103092189318658,0.139451726178807,0.0112520440039722,0.128199682174834,0.977099476757368,-0.0261883591603672
8.19,11.0710185526508,3.73568321858144,0.0232643945772397,3.7831953411682,0.0103324562404412,0.17639912679137,0.0485162376610519,0.127882889130319,0.977121627598397,-0.0261891824051217
8.195,11.0676387234689,3.72777628529946,0.0232892314645499,3.79782457697989,0.0103563281025268,0.232882264057209,0.105344033675305,0.127538230381904,0.97714394578114,-0.0261835706489275
8.2,11.0587121963816,3.72638136258317,0.0233132662902918,3.81294447372549,0.0103808590574371,0.287874104356636,0.1607061858543,0.127167918502336,0.977168329314197,-0.0261615128000139
8.205,11.074561525836,3.69662771509746,0.0233369975211489,3.82842605123831,0.0104060333087383,0.498951537436564,0.372173013982516,0.126778523454047,0.977180033039246,-0.0262122326248069
8.21,11.0409112625813,3.72427242881235,0.0233583644615099,3.84488529440406,0.0104321562297216,0.437735031890068,0.311397302028872,0.126337729861196,0.977214496906096,-0.0261170099083617
8.215,10.9994019172892,3.76030279449893,0.0233816180802364,3.8611144444185,0.0104587730406751,0.343236855474249,0.217328602422445,0.125908253051804,0.977254411162434,-0.0259990991367884
8.22,10.9557541925715,3.7979492256311,0.0234073330709696,3.87692706747479,0.0104857836895599,0.258737638129258,0.133238149843352,0.125499488285906,0.977297378306129,-0.0258754379328642
8.225,10.9269887374115,3.817772377229,0.0234355795565366,3.89227736414319,0.010513135149805,0.243544444739,0.118430889701116,0.125113555037884,0.97733493227509,-0.0257959006971411
8.23,10.9339658078973,3.7964959066214,0.0234650097552796,3.90753466561821,0.0105409582133888,0.38745431951516,0.262723223389618,0.124731096125542,0.977355526666977,-0.0258213031654805
8.235,10.9463039269958,3.76949400654626,0.0234925960909172,3.92357468400708,0.0105696463638397,0.629590224891194,0.505283772702431,0.124306452188763,0.977371876901831,-0.0258621441910394
8.24,10.885701375308,3.82634064826852,0.0235179626037729,3.94053709354501,0.0105993323585763,0.401084709448836,0.277252505531551,0.123832203917285,0.97742283876081,-0.0256887473933333
8.245,10.8571295294468,3.84536074262261,0.0235473147313507,3.95665268903284,0.0106292907822756,0.386400065773915,0.263000207817521,0.123399857956394,0.977460975926688,-0.0256099657135181
8.25,10.8036093323081,3.89233148850979,0.0235778029080942,3.97270701815247,0.0106598144094593,0.259966540955215,0.136998044103652,0.122968496851562,0.977512447533082,-0.0254584451422584
8.255,10.7517326001143,3.93635925696114,0.0236114613799708,3.98810160509374,0.0106906264561323,0.179263139373753,0.0566943008564888,0.122568838517264,0.977565592902391,-0.0253124044193963
8.26,10.7031883039286,3.97563618767034,0.0236480175117839,4.00288264031797,0.0107216962531735,0.137894521473558,0.0156962244617258,0.122198297011833,0.977619326570005,-0.0251766844406944
8.265,10.6322317285684,4.03926792696285,0.0236870745439621,4.01713615656612,0.0107530157195889,0.132191593166691,0.0103392941155479,0.121852299051143,0.977686181436515,-0.0249762503890729
8.27,10.5961802202105,4.06232894223242,0.0237303803362289,4.03033142963893,0.0107842932452069,0.143130501392583,0.0215723641522852,0.121558137240298,0.977738876275428,-0.0248781796927276
8.275,10.5959705285737,4.04488031465747,0.0237748853136931,4.04330588184643,0.0108158386918138,0.121324751382726,5.21314539224021e-05,0.121272619928803,0.977774478637744,-0.0248844823877438
8.28,10.5936841617038,4.03005621989788,0.023817591127964,4.05691327636751,0.0108480456316644,0.136093743550827,0.0151422005344233,0.120951543016404,0.977809559587465,-0.0248844622408742
8.285,10.5774899268456,4.03108932864768,0.0238587400637305,4.07111075348265,0.0108809518593997,0.15416369600373,0.0335666183868504,0.12059707761688,0.97785024230925,-0.0248437178048797
8.29,10.5264637276793,4.07118118049885,0.0238995516877034,4.08557481860966,0.0109144570158543,0.124560257740813,0.00433432435830321,0.12022593338251,0.977907963065665,-0.0247016233466917
8.295,10.443409102788,4.14623140575256,0.0239429412776719,4.09948532292112,0.0109481927741142,0.165513897261116,0.0456334130953576,0.119880484165758,0.97798361208948,-0.0244671475993333
8.3,10.4376688000882,4.13355952488226,0.0239914557318655,4.11209162076265,0.0109817496966286,0.129204317909368,0.00960489668571266,0.119599421223656,0.97802448801318,-0.0244577553534867
8.305,10.4140018174628,4.14106038603835,0.0240385038303717,4.12521345520166,0.0110159102312957,0.12451205431531,0.00522339532266882,0.119288658992641,0.97807303202612,-0.0243961416744752
8.31,10.3669917971024,4.17440890946123,0.0240856323943087,4.13843630140304,0.0110505189829642,0.145832771465314,0.0268630798088258,0.118969691656488,0.978133166556767,-0.0242668936845418
8.315,10.3328533345316,4.19280832750231,0.0241347821344792,4.15121841230643,0.0110853207060523,0.15450520448491,0.035834610736544,0.118670593748366,0.978188283829287,-0.0241752496387617
8.32,10.253464646172,4.26102824410829,0.0241848155923431,4.16386329149543,0.0111204321244402,0.313560698184733,0.195185032116735,0.118375666067998,0.978266551480059,-0.0239529795242731
8.325,10.2416899548391,4.25317746754435,0.024239448582105,4.17532373162591,0.0111553192371693,0.24316687059058,0.125027683198488,0.118139187392093,0.978314376270467,-0.0239267526622039
8.33,10.2078537016545,4.26981187608363,0.0242929258308226,4.18716573353818,0.0111906726708083,0.258463910243414,0.140583825209252,0.117880085034162,0.978372161985329,-0.0238366297899078
8.335,10.1747484785014,4.28535438596929,0.0243471247394039,4.19888492056347,0.0112262726850917,0.271173957780143,0.153549310803568,0.117624646976575,0.978429950503752,-0.023748707937728
8.34,10.159433992498,4.28104676414005,0.0244019678276043,4.21050081813767,0.0112621217314521,0.219345901536133,0.101973958258823,0.11737194327731,0.978479147306041,-0.0237121710929876
8.345,10.1524688204587,4.26762879993879,0.0244559638438815,4.22242361036202,0.011298425221169,0.158880034353131,0.0417793626478289,0.117100671705302,0.978523345844606,-0.0236995747597236
8.35,10.1306958176737,4.27077875077632,0.0245084538678955,4.23484781096338,0.0113353144787756,0.143139208892824,0.02633851247411,0.116800696418714,0.978573640726449,-0.0236440056562121
8.355,10.1224911628941,4.25892174176189,0.024560736387518,4.24743915102664,0.0113726640504608,0.119173645369967,0.00268415995174107,0.116489485418226,0.978616828198593,-0.0236275340262625
8.36,10.0950239986308,4.26855504524292,0.0246116885285556,4.2605107340862,0.0114106560895187,0.117465302897396,0.00131463840668844,0.116150664490707,0.978668492594279,-0.0235552541335995
8.365,10.0866724885631,4.25692976585856,0.0246629846640299,4.27362740794894,0.01144910962294,0.121459396010051,0.00565242315917454,0.115806972850877,0.978710696930125,-0.0235381582821228
8.37,10.0632679327204,4.26215084547386,0.0247130091197771,4.28722769846438,0.0114882638861791,0.128158460361344,0.0127230268248643,0.11543543353648,0.978759332976638,-0.0234774161435879
8.375,10.0130725202954,4.29691411939084,0.0247630860693173,4.30097360095947,0.0115279882039582,0.115386443431478,0.000332741051739055,0.115053702379739,0.978821253751955,-0.0233394091540702
8.38,10.0062569472778,4.28320466084421,0.0248154863276702,4.31425978859268,0.0115679787782529,0.134125207012109,0.0194318367719999,0.114693370240109,0.978863033887313,-0.0233267682461228
8.385,9.96300784249387,4.30993532681445,0.0248664640980664,4.32807114379787,0.011608725242372,0.120916332941969,0.00661348264793827,0.114302850294031,0.97892183391459,-0.0232089135675192
8.39,9.91271568278329,4.34393606347002,0.0249191654678881,4.34158842207409,0.0116498397569007,0.114035582293135,0.00011058596908031,0.113924996324055,0.978985252499457,-0.0230710734512029
8.395,9.91169342788704,4.32320795154851,0.0249741302809802,4.35465592673765,0.0116912156464707,0.133367884003884,0.0197999916787862,0.113567892325097,0.979025507794217,-0.0230752901646774
8.4,9.89766186508481,4.31711373095056,0.0250271116102767,4.36838217311303,0.0117334207297576,0.165685546054421,0.0525121157146983,0.113173430339723,0.979070668280654,-0.0230417885326435
8.405,9.87019936193415,4.32592592695297,0.0250792891524469,4.38248069857098,0.0117763635689207,0.176523215029635,0.0637666038563334,0.112756611173302,0.979121808022252,-0.0229694986492464
8.41,9.83162032338182,4.34684079411599,0.0251318441983943,4.39665440512463,0.0118199207166904,0.161700523479664,0.0493675637595716,0.112332959720093,0.979178619660186,-0.0228652764556906
8.415,9.8161154712663,4.34206091506918,0.0251857203529681,4.41065772425797,0.0118639691444846,0.205331736313445,0.0934164710188345,0.11191526529461,0.97922467487263,-0.0228275522979723
8.42,9.83173988896217,4.3031768433616,0.0252389086105979,4.42500793949135,0.0119087869875631,0.405522640561422,0.294046311850897,0.111476328710524,0.979254515988489,-0.0228792616491867
8.425,9.79780528418133,4.31946715432889,0.025288765200647,4.44040225101514,0.0119548033511262,0.400145348425213,0.289165910127899,0.110979438297314,0.97930663422657,-0.0227879388128692
8.43,9.79000407188381,4.3067120759913,0.0253396765197001,4.45574399221405,0.0120015064778843,0.548737791984063,0.43825563510564,0.110482156878423,0.979346286654143,-0.0227719156223421
8.435,9.74027901586828,4.34039832576778,0.0253893580458001,4.47161784900721,0.0120492291267283,0.449043847313549,0.339090166205107,0.109953681108442,0.979405899169836,-0.0226351530021829
8.44,9.71863908797626,4.34258809113346,0.0254414821892772,4.4870965150233,0.0120975035422114,0.519848701325586,0.410406210215343,0.109442491110243,0.979453031731298,-0.0225794363132734
8.445,9.67101625504028,4.37332088733546,0.0254935433507517,4.50280534076811,0.0121466575152861,0.437748414467057,0.328832745022438,0.108915669444619,0.979512963647914,-0.0224491000504856
8.45,9.63375799683088,4.3921426186409,0.0255477963240134,4.51817352902438,0.0121963934262625,0.419267147572114,0.310864196869263,0.108402950702852,0.979569077336416,-0.0223488221483357
8.455,9.63943687304936,4.36369265469249,0.0256032758660116,4.53343234275133,0.0122468211373254,0.670545887513194,0.562653815337724,0.10789207217547,0.979604405634357,-0.0223718061243506
8.46,9.56621963426688,4.42218402494212,0.0256562344724911,4.54952692783535,0.0122984912135264,0.423362161024353,0.316028740200785,0.107333420823568,0.979677293696777,-0.0221682947168732
8.465,9.53603150012249,4.43252271997239,0.0257135987718759,4.56473129797246,0.0123504816354892,0.446697758616861,0.339880626042847,0.106817132574015,0.979731516734976,-0.0220886550270409
8.47,9.52221218017782,4.42488146407774,0.0257714982480909,4.57998951902254,0.0124032726851919,0.57305955348489,0.466765813868475,0.106293739616416,0.979777743779327,-0.0220558912849492
8.475,9.53723989018437,4.38591929770028,0.025828507424223,4.59566062615358,0.0124570937691201,0.95735040036776,0.851606020797337,0.105744379570423,0.979808770509225,-0.0221055977666682
8.48,9.49987506855702,4.40480684309051,0.0258821501995712,4.612376009231,0.0125123742073085,0.937465528761086,0.832329586221364,0.105135942539722,0.979863562637455,-0.022004847572483
8.485,9.43894519641739,4.44914494959611,0.0259371157323076,4.62900347432174,0.0125685456726601,0.7281337734712,0.623606133587658,0.104527639883542,0.979930872773868,-0.0218369063926504
8.49,9.38597873979424,4.48397456346666,0.025995418731403,4.64503412691955,0.0126253033094311,0.602883329989014,0.498937586804476,0.103945743184538,0.979996268123909,-0.0216922644465834
8.495,9.35695252307945,4.4922285254298,0.026056253375498,4.66064345999077,0.0126827062187576,0.647656926989431,0.544276066371194,0.103380860618237,0.980051197359797,-0.0216162677072823
8.5,9.30995912580098,4.51985312920439,0.0261174629137755,4.67634876579465,0.0127410433366644,0.571666227617138,0.468860324462691,0.102805903154447,0.980115169226603,-0.0214890958096048
8.505,9.26025583753913,4.54995326883322,0.0261806065148715,4.6917673690468,0.0128000989392435,0.486327236389055,0.384086575839321,0.102240660549734,0.980181576625035,-0.0213544933779564
8.51,9.17867761939965,4.61390150428987,0.0262458634329239,4.70684364812859,0.0128598217220727,0.266251737216361,0.164563877340395,0.101687859875966,0.980265102190115,-0.021129700681882
8.515,9.16061219220583,4.6085560886963,0.0263159251656766,4.7209022511629,0.0129197620912713,0.340992617332893,0.239810307665604,0.101182309667289,0.980319782076099,-0.0210858215029953
8.52,9.13607035488331,4.61025922171191,0.0263851560043337,4.73528784511704,0.0129806876133364,0.39688424950046,0.296230135383954,0.100654114116505,0.980376920693727,-0.0210234382001391
8.525,9.14679073027907,4.5741965105111,0.0264541537601196,4.7498666812253,0.0130425579097768,0.683383631149013,0.583273408754382,0.100110222394631,0.980416043492724,-0.0210610749811446
8.53,9.0930184543213,4.60790767323919,0.0265198653061377,4.76538206694674,0.0131058881987228,0.56705170923984,0.467539793043752,0.0995119161960877,0.980485078799199,-0.0209152793896292
8.535,9.03363862789081,4.64707002994243,0.0265880318048322,4.78048395897174,0.0131699076174766,0.433652896658044,0.334723468621024,0.0989294280370201,0.980558272392609,-0.0207539726020344
8.54,9.01717796155932,4.639749247186,0.0266590695754406,4.79505691529077,0.0132345111386248,0.550756283986527,0.452387726883793,0.0983685571027345,0.980611602114916,-0.0207145276478505
8.545,8.98818052170087,4.64595783476548,0.0267291593375586,4.80999696970915,0.0133002523059857,0.601143813336316,0.50336109439952,0.0977827189367954,0.980670363423719,-0.0206394565060531
8.55,8.94548335421059,4.66674377250008,0.0267994368962823,4.82504611935331,0.0133670112449371,0.564725594449005,0.46754029042148,0.0971853040275257,0.980735860737133,-0.0205256335845799
8.555,8.89068321259304,4.70013409745228,0.026871107724945,4.83992189871666,0.0134346241875226,0.460190143077868,0.363599252817347,0.0965908902605205,0.980808046954896,-0.0203778030413451
8.56,8.82462302259434,4.74495086403909,0.0269451977333574,4.85437552644314,0.0135029189608599,0.318199441747828,0.222187212369499,0.0960122293783283,0.980887124460445,-0.0201985898474991
8.565,8.80996245702052,4.73468106725879,0.0270226212221856,4.86817703245311,0.0135717076803681,0.42520649172259,0.329745448760017,0.0954610429625733,0.980942304132891,-0.0201645904286837
8.57,8.79211391280382,4.72795206782592,0.0270988078583516,4.88237862671121,0.013641665089148,0.534894095825744,0.440011276765494,0.0948828190602495,0.980998046490798,-0.0201214477384582
8.575,8.74074766308062,4.75684312922516,0.0271740832867482,4.89691774713575,0.0137128052654163,0.455303114059984,0.361022272136173,0.0942808419238106,0.98106972991542,-0.0199837863081909
8.58,8.68878032003806,4.78594302651095,0.0272514277999788,4.9111136257758,0.0137847015106814,0.38115559857002,0.287465285036059,0.0936903135339606,0.981142713587244,-0.0198447100453765
8.585,8.64796742693896,4.80288081087835,0.0273308432335378,4.92495513465161,0.0138573245880231,0.365736662689154,0.27262496801438,0.0931116946747745,0.981211101678707,-0.0197372151074993
8.59,8.59659973232017,4.83070437905463,0.0274113047857614,4.93866824777906,0.0139308138790352,0.305149843191381,0.212616601818978,0.0925332413724027,0.981285115680197,-0.0196002243936094
8.595,8.53358193793512,4.87033943184998,0.0274937204532358,4.95204146452519,0.0140050184805558,0.213361205699391,0.121395395625248,0.0919658100741427,0.981365835224151,-0.0194308719084592
8.6,8.50499908940652,4.87344897389696,0.0275790632200551,4.96484249155141,0.0140797471368568,0.242854539131334,0.151433263026499,0.0914212761048352,0.981430775104279,-0.019358203001099
8.605,8.46415499251558,4.88935137470459,0.027664254872608,4.9777568495476,0.0141554589378967,0.232121046089319,0.141256795424433,0.0908642506648858,0.981501444260528,-0.01925120368103
8.61,8.43679602967476,4.89104779669301,0.0277503892912832,4.9905421438049,0.0142320018987118,0.268667374161249,0.178360112417071,0.0903072617441782,0.981565613255183,-0.0191819522679645
8.615,8.38774155529364,4.91534963286894,0.0278362745741614,5.00346477253694,0.0143095785074346,0.229199878762842,0.13946330745564,0.0897365713072014,0.981640172862025,-0.0190520723427308
8.62,8.31270564277474,4.96630397866766,0.0279238393170553,5.0160981396269,0.014387897115265,0.133570994030629,0.0443968044200878,0.0891741896105412,0.981728384700177,-0.0188500261548569
8.625,8.2651434470758,4.98806751681933,0.0280153250365851,5.02793331066867,0.0144665516481241,0.117010709468299,0.0283645025921129,0.088646206876186,0.981804791151519,-0.0187249465965547
8.63,8.16852054001232,5.06006792620891,0.0281082302612486,5.03950666851829,0.0145458823838431,0.0956452914786113,0.00752031191381835,0.0881249795647929,0.981906193920189,-0.0184639374990163
8.635,8.16195429938619,5.03880329921259,0.028206801065334,5.04986862284317,0.0146251309504621,0.0898296192373363,0.00217042313245651,0.0876591961048798,0.98196542361168,-0.0184531886615106
8.64,8.11814772563605,5.05588287581252,0.0283030635460803,5.06075005786604,0.0147055475932678,0.0875783230048521,0.000418496413004995,0.0871598265918471,0.982041587209883,-0.0183390075039917
8.645,8.06278589583757,5.08459598693799,0.0284003438223682,5.07143987312868,0.0147866366424738,0.0897108672407118,0.00304720484452881,0.0866636623961829,0.982123728454324,-0.0181929510156094
8.65,8.02190710208319,5.09821415479593,0.0284996435515269,5.08171722401177,0.0148682130709856,0.0909567030651809,0.00477459875603724,0.0861821043091436,0.9821993752839,-0.0180871351073603
8.655,7.98746761523521,5.1051795356901,0.0285996639186232,5.09185632248333,0.0149504684265681,0.0888043876558528,0.00310332335824219,0.0857010642976106,0.98227181556106,-0.0179991411712924
8.66,7.92545334805539,5.14012111349242,0.0286998434752344,5.10197793291306,0.0150335018123532,0.110561244435725,0.0253468668908505,0.085214377544875,0.982357745303866,-0.0178350861520306
8.665,7.88678874928275,5.15099729299233,0.0288026125295512,5.11156275184027,0.0151168940007029,0.111744376588551,0.0269955205326926,0.0847488560558588,0.982433022884789,-0.0177356294995501
8.67,7.84889189234514,5.16103248781581,0.0289058802414636,5.12104703551558,0.0152009639731954,0.111937957628865,0.0276559022299051,0.0842820553989596,0.982507787348889,-0.0176383020967198
8.675,7.78463600900575,5.19759318394271,0.0290095879455056,5.13044410506916,0.0152857263239665,0.161529025635482,0.0777156642492926,0.0838133613861893,0.982595569212464,-0.0174685628605144
8.68,7.7349272484447,5.21907294901447,0.0291160562349115,5.13926442539006,0.0153707651607499,0.19274759381303,0.109379518842086,0.083368074970944,0.982677146525952,-0.0173390658739987
8.685,7.67473603697182,5.25083497516584,0.0292239598855997,5.14777578393065,0.0154562581511695,0.264653134559788,0.181720700063063,0.082932434496725,0.982764308080114,-0.017181010965442
8.69,7.63439300795528,5.26243301664226,0.0293342009825664,5.1557852524465,0.0155420128414705,0.276381387687912,0.193864929450657,0.0825164582372555,0.982842348159692,-0.0170774927302665
8.695,7.60102070589134,5.26702970200169,0.0294450078999503,5.1636532993282,0.0156283027979964,0.263570074301666,0.181468462600217,0.082101611701449,0.982916763232817,-0.0169930459881863
8.7,7.58406482615217,5.2553174294395,0.0295557789812955,5.17150476573247,0.0157152370279998,0.200517219177977,0.118835686958424,0.0816815322195523,0.982982518774197,-0.0169534156111619
8.705,7.54050048223112,5.27027754857919,0.0296650906562102,5.17963453263149,0.0158030947649439,0.219722927393064,0.13848190176312,0.0812410256299445,0.983060404577538,-0.0168409415073431
8.71,7.52511158997008,5.25711957522261,0.0297753461395586,5.18756309332501,0.0158914854327286,0.16204853390351,0.0812434581162241,0.0808050757872862,0.983124269772354,-0.016805437360774
8.715,7.5309526579467,5.22299326352737,0.0298840485405479,5.19579414854047,0.0159808628947626,0.0927253143424004,0.012377704698659,0.0803476096437414,0.983176322992848,-0.0168278159896025
8.72,7.47042978389028,5.25549494429138,0.0299893462547888,5.20470758720124,0.0160716307439929,0.122853473569143,0.043004532647805,0.0798489409213377,0.983259456343072,-0.0166686192474602
8.725,7.44918936666284,5.24849010200193,0.0300972806467343,5.21311758017913,0.0161627781297909,0.100157065631194,0.0207861852170318,0.0793708804141623,0.983323888424433,-0.016616844153185
8.73,7.4079022521597,5.261590840445,0.0302042848112577,5.22172272249736,0.0162549157057107,0.105189099699306,0.0263119428024716,0.0788771568968341,0.983397500445709,-0.0165102921848179
8.735,7.36332426329281,5.27788217042574,0.0303122026233429,5.23016649342756,0.0163477424801928,0.115942000817549,0.0375555986426642,0.0783864021748847,0.98347283140379,-0.0163948467259764
8.74,7.31992993738553,5.29287550292244,0.0304213292361463,5.23838940440652,0.0164411952932627,0.126695388144384,0.0487936425861089,0.0779017455582756,0.983547781987173,-0.0162827235052259
8.745,7.27669368835219,5.30760849368996,0.03053155016221,5.24641094732649,0.016535279334284,0.13875449803082,0.0613322884198709,0.0774222096109496,0.983622801128684,-0.0161711182716747
8.75,7.19634240322592,5.35889090120167,0.0306428464927675,5.25423250171675,0.0166299844597318,0.255674315415875,0.178726551812492,0.0769477636033824,0.983716509009111,-0.0159590091835593
8.755,7.19856254652158,5.32847871885921,0.0307585471709325,5.26120628018131,0.0167246560313565,0.150078229557177,0.0735662347854443,0.0765119947717324,0.983770638915126,-0.0159709410152108
8.76,7.164478184835,5.33401051525498,0.0308711469114718,5.26875880028891,0.0168206322606235,0.145001386200227,0.0689606109909629,0.0760407752092643,0.983841043000391,-0.0158843020288221
8.765,7.12397337666957,5.34586970284535,0.0309840053428418,5.27626537907301,0.0169173662481237,0.153748477901155,0.0781816591205131,0.075566818780642,0.983914390719276,-0.0157802850541485
8.77,7.04983414705183,5.39066807990815,0.031097719505233,5.28361413768979,0.0170147515386421,0.25936268374713,0.184266671750079,0.0750960119970505,0.984004568459191,-0.0155855052324752
8.775,6.99968558460528,5.41147341214869,0.0312153317817983,5.29022787506199,0.0171121851095076,0.310127246047233,0.23546890941608,0.0746583366311532,0.984084164350546,-0.0154558685574217
8.78,6.94764624806078,5.43394300139979,0.0313346020874082,5.29651456839124,0.0172100084412613,0.375601916654837,0.301369300087195,0.0742326165676415,0.984165056260979,-0.0153213095838531
8.785,6.89613877244641,5.45570394143553,0.0314556850228588,5.30244091103894,0.0173081557875039,0.447196007063529,0.37337537664934,0.0738206304141885,0.984246090519276,-0.0151883629720416
8.79,6.83893796933562,5.48277338736575,0.0315785140496095,5.30801446220985,0.0174065997821751,0.556989471903382,0.483567432490078,0.0734220394133043,0.984330335477535,-0.0150403358866475
8.795,6.83537288246622,5.45810058906799,0.0317035836451206,5.31313897464437,0.0175052010374865,0.404453486537298,0.331411582544165,0.0730419039931335,0.98438833457402,-0.0150361719737014
8.8,6.82734551317554,5.43791290009696,0.0318260403650814,5.31870058359861,0.0176048841602319,0.295903728179459,0.223269628296182,0.072634099883277,0.984446962281954,-0.0150199054299819
8.805,6.79312834304875,5.44320007648363,0.0319463453299414,5.32462605839625,0.0177056370416949,0.292255886174595,0.220053305318295,0.0722025808562992,0.984517317515022,-0.0149332622195392
8.81,6.7486840902707,5.45837690100709,0.0320669464078782,5.3304826687673,0.0178070384874942,0.326813633040231,0.255043533490083,0.0717700995501482,0.984592516343057,-0.0148192390133406
8.815,6.69676346800005,5.48065663019479,0.0321887936077038,5.33610037201853,0.0179089006764672,0.395938564858515,0.324592962889444,0.0713456019690708,0.984671597595318,-0.014685340982614
8.82,6.66327207516073,5.48509420280562,0.0323125642247497,5.34135511970057,0.0180110622977382,0.390639787644023,0.319704184851608,0.0709356027924151,0.984741892609975,-0.0146008157154482
8.825,6.64120817615991,5.47863259663994,0.0324365566684552,5.34654527438189,0.0181138277560301,0.33946589143111,0.268941319506144,0.0705245719249664,0.984806160087304,-0.0145467798761727
8.83,6.60643160121166,5.48446388555267,0.0325597405221264,5.35185412721732,0.0182174126591638,0.340150422577697,0.270047422426624,0.0701030001510732,0.984876035238136,-0.0144587589310058
8.835,6.55014199973407,5.51088414298256,0.0326833199147518,5.357074941307,0.0183216032221903,0.431598382181961,0.361916576739712,0.0696818054422497,0.984956437880695,-0.0143134737435616
8.84,6.49508558936711,5.53588228824796,0.032809285582724,5.36185985370836,0.0184259882189531,0.530791979881267,0.461512757519992,0.069279222361275,0.985036827864184,-0.0141717279307191
8.845,6.46539178633497,5.53663680738962,0.0329374921442783,5.36622753042431,0.0185305395242962,0.509719018234239,0.440824722608469,0.0688942956257701,0.985105061759151,-0.0140974825229467
8.85,6.43989782253667,5.53348663082911,0.0330655909253216,5.37057910059156,0.0186356945634934,0.469812451150991,0.401306353000556,0.0685060981504348,0.985170737375986,-0.0140343500191011
8.855,6.40016471664274,5.54391145707263,0.0331932184399982,5.37497912210765,0.0187415410313589,0.497990312815882,0.429878980375281,0.0681113324406007,0.985242931571966,-0.0139334315442263
8.86,6.34327928194558,5.57050814698484,0.0333217175767049,5.37920163837814,0.0188478181146324,0.616886000820494,0.549164072215683,0.067721928604811,0.985323654337673,-0.0137872174673486
8.865,6.35692227471596,5.53060355793467,0.0334526722221133,5.38297597963264,0.0189541741374013,0.393094419109892,0.325742316348007,0.0673521027618853,0.985369698692381,-0.0138276528848179
8.87,6.30520551306601,5.55258796392396,0.033579538991253,5.38739844707107,0.0190619379281945,0.473256863945452,0.406312553683319,0.0669443102621331,0.985446379435652,-0.0136950148016197
8.875,6.2461708265803,5.58128300550086,0.0337084769132315,5.39145328224731,0.0191699214543855,0.601066387210841,0.534514269560152,0.0665521176506894,0.985527156863798,-0.0135432945603001
8.88,6.21100517007977,5.58736064784803,0.0338401399867675,5.39502586946539,0.0192779344983548,0.612761237148005,0.546579697808089,0.0661815393399157,0.985596680083945,-0.0134547034657005
8.885,6.19720055188248,5.57350851610523,0.0339722836239639,5.39848223489818,0.0193863912898869,0.516683888664932,0.450870472121569,0.0658134165433635,0.98565530755725,-0.0134223640909804
8.89,6.16110332310689,5.58066228003355,0.0341029349471964,5.40214716704306,0.0194957112536598,0.532658055685702,0.467227316583606,0.0654307391020961,0.985724103107992,-0.0133312579922021
8.895,6.13448688780846,5.57897570573744,0.0342342177672193,5.40567932227957,0.0196054829601747,0.503671737821539,0.438620165411457,0.0650515724100823,0.985788013391235,-0.0132651120539565
8.9,6.12084939649916,5.56526255948259,0.0343652553113515,5.40922089442,0.019715886798495,0.418936216776745,0.354267719167255,0.0646684976094896,0.985844954123384,-0.0132330523855769
8.905,6.04543323182601,5.60944921096273,0.034494851458747,5.41296668114564,0.0198271965520941,0.623853158519437,0.559581834545525,0.0642713239739127,0.985931858314257,-0.0130387489563243
8.91,5.99956025248976,5.62565902362047,0.034628853731437,5.41598183155473,0.0199381829165466,0.698705402787618,0.634796132923379,0.0639092698642389,0.986005276307619,-0.012922285900215
8.915,5.97525055009183,5.62186907977357,0.0347644220536086,5.41871006008041,0.0200493532339878,0.657177233153812,0.593618199937885,0.0635590332159277,0.986068106607795,-0.0128623036701844
8.92,5.94282350865653,5.62567349531758,0.0348995336448118,5.42147042741601,0.0201611183366557,0.660617198525557,0.597413325988888,0.063203872536669,0.986134433138046,-0.0127810804229177
8.925,5.87557628075925,5.66161993696785,0.0350349773345218,5.42414090922808,0.0202733204984251,0.867707229334263,0.804856930229157,0.0628502991051055,0.986217904991564,-0.0126091273530887
8.93,5.84744296907317,5.66136535007097,0.0351740258562762,5.42620580938767,0.0203852226490601,0.848617031451886,0.786091558019831,0.0625254734320553,0.986282747236481,-0.0125392827793858
8.935,5.87090545365933,5.61402302860605,0.0353129768851698,5.428237459999,0.0204975631588318,0.550918768840966,0.488719453118975,0.0621993157219916,0.986321356534443,-0.012603754297822
8.94,5.79696663746461,5.65641705840684,0.0354469887540494,5.43098540677985,0.0206114361311336,0.778669230141419,0.716837047963182,0.0618321821782372,0.986406503202906,-0.0124144881852313
8.945,5.75072654074073,5.67295462521826,0.0355853605673035,5.43303100555669,0.0207248834034639,0.870305719034427,0.808806519785574,0.0614991992488532,0.986478987147159,-0.0122976122283688
8.95,5.73859279736648,5.65837998596239,0.0357254099921969,5.43477649207052,0.0208383958394186,0.760940533538291,0.699761353215663,0.061179180322628,0.986534627024497,-0.0122692636710826
8.955,5.71144132821959,5.65762352032154,0.0358639168822501,5.43671043827782,0.0209526667856182,0.74123201841963,0.680385664207943,0.0608463542116865,0.986596848962419,-0.0122019104288093
8.96,5.6539001920954,5.68461222045807,0.036002342656343,5.43861639809642,0.0210674060357527,0.900929036827297,0.840416763945252,0.0605122728820442,0.986673863273365,-0.0120559279936236
8.965,5.63620081299871,5.6753044310482,0.0361435839220698,5.4400583301387,0.0211819532459378,0.825767826017722,0.765567799148593,0.0602000268691292,0.986731557066034,-0.012013100633443
8.97,5.62347371605122,5.66161498683044,0.0362838440259645,5.44160041054121,0.0212971122839331,0.72693170864471,0.667051894296138,0.0598798143485724,0.986786049096572,-0.0119830709772608
8.975,5.6049341644051,5.65332690315378,0.036422680302609,5.44331150055224,0.0214130132967279,0.665028885455862,0.605480829025152,0.0595480564307098,0.986842593735363,-0.0119379617817092
8.98,5.59256872203505,5.63955339257001,0.0365606839918774,5.44510849511055,0.0215295596220192,0.576278600551245,0.517069349091187,0.0592092514600578,0.986895411995102,-0.0119087586903636
8.985,5.61119227507768,5.59774921841878,0.0366972896660625,5.44707685758864,0.0216469072235078,0.368175509572154,0.309316580661859,0.0588589289102945,0.98693191788339,-0.0119596501962088
8.99,5.55868595547621,5.62106366781353,0.0368295163843307,5.44965102336361,0.0217657812571079,0.457369995725918,0.398896015504249,0.0584739802216687,0.987002196282673,-0.0118264829777524
8.995,5.54873712653028,5.60545440402888,0.0369643727038047,5.45183212143797,0.0218846869889017,0.37733141912609,0.319223673800015,0.058107745326075,0.987051747042541,-0.0118033734480056
9,5.53311191434598,5.59515226696321,0.0370976803389019,5.45421451679409,0.0220045273618837,0.325446840316801,0.267718213662873,0.057728626653928,0.987103305557373,-0.0117655464134643
9.005,5.49621873748499,5.60437501499629,0.0372300310252524,5.45671817187077,0.0221252115474968,0.350149538611105,0.292808556981967,0.0573409816291381,0.987164874112395,-0.0116727993696945
9.01,5.49054125398887,5.58519590650501,0.0373635473604409,5.45904553515651,0.0222462791339263,0.269921162045023,0.212960456321825,0.0569607057231989,0.987210905063207,-0.0116605907800421
9.015,5.49488896244295,5.55700800846263,0.0374951510771983,5.46162769198497,0.0223684229020886,0.177879298799403,0.12131441679817,0.0565648820012328,0.98725100366282,-0.0116742101515172
9.02,5.47481652802163,5.55129405535986,0.0376238772044607,5.46460317810929,0.0224919217583144,0.156020410319278,0.0998741857150088,0.0561462246042691,0.987302101923774,-0.0116247182766472
9.025,5.43721502179758,5.56173042975965,0.0377522158664924,5.46763444704215,0.0226162802000004,0.172988233803468,0.117265354633539,0.0557228791699285,0.987361562363331,-0.0115300138080967
9.03,5.44141954050253,5.53399698534754,0.0378819449717347,5.47047785836987,0.0227411042558536,0.1085611723462,0.0532533307755886,0.0553078415706112,0.987400280312603,-0.0115431103080232
9.035,5.42568396162053,5.52464436225775,0.0380088579188744,5.47370662239267,0.0228673486210931,0.0890028476345862,0.0341322192329528,0.0548706284016335,0.987447812544499,-0.0115047241937747
9.04,5.38506240350463,5.53821814691939,0.0381350166790536,5.47704737451062,0.0229946140327039,0.103486684472616,0.0490607284713953,0.0544259560012212,0.987507290400865,-0.0114022040200891
9.045,5.31769271422412,5.57613428811193,0.0382629693771233,5.48015742767483,0.0231223352723259,0.174363767243624,0.120371705193259,0.0539920620503654,0.987580435451763,-0.0112311895989199
9.05,5.30032948218796,5.56832892340827,0.0383953852686997,5.4826704634338,0.0232498410762924,0.14913835887552,0.0955501776300636,0.0535881812454564,0.987629676785412,-0.0111887205257093
9.055,5.31632739877279,5.53045704518272,0.0385271733919435,5.48526324528013,0.0233782336901593,0.0796854790549187,0.026506999733104,0.0531784793218146,0.987661768432097,-0.0112317974989946
9.06,5.2815893621213,5.53880737261418,0.038654976752717,5.48838408542809,0.0235083362838519,0.0856264565841418,0.0328871998412522,0.0527392567428896,0.987717754778722,-0.0111446207634629
9.065,5.24741973279797,5.54663122409287,0.0387840171034965,5.49135044612327,0.0236390166832387,0.0917040714812954,0.0393972136095292,0.0523068578717663,0.987773572478048,-0.0110589947881064
9.07,5.19631593814731,5.56976718292673,0.0389142302158409,5.49416850308703,0.0237702675909961,0.125313717359375,0.0734327823241841,0.0518809350351908,0.987837948886849,-0.0109302047766149
9.075,5.22979168181428,5.51667703222833,0.0390473249004931,5.49661036677608,0.0239016538629358,0.0566296179503683,0.00515619268923789,0.0514734252611304,0.987860627100888,-0.0110176611206874
9.08,5.19360195837718,5.52665059568869,0.0391746652529884,5.49979764334284,0.0240351983334844,0.060228526428181,0.00920341048266259,0.0510251159455184,0.987916183188157,-0.0109268648312044
9.085,5.14857267424952,5.54458668548043,0.0393034686333164,5.50280784236654,0.024169313445778,0.0727900418747251,0.0222050596630398,0.0505849822116853,0.987976342509446,-0.0108136374602306
9.09,5.09310643166111,5.57177485454207,0.0394346269884327,5.50552232626978,0.024303753460465,0.105813290164584,0.0556541019616807,0.0501591882029037,0.988042155886654,-0.0106740899534414
9.095,5.04702389107167,5.59029797357532,0.0395691677702061,5.50780262781969,0.0244382100733987,0.135749613865923,0.0859947587331517,0.0497548551327712,0.988103997164251,-0.0105587089231171
9.1,5.0140831831357,5.59701508411007,0.0397060847439351,5.50977126969019,0.0245728473980582,0.145213284199376,0.0958478178296627,0.0493654663697132,0.98815968284369,-0.0104768184268178
9.105,4.98373461094112,5.601444155405,0.0398440240298995,5.51159782164829,0.0247079472617799,0.15028168022343,0.101299553522297,0.0489821267011324,0.988214092723509,-0.0104015629776248
9.11,4.97397888157501,5.58772582800646,0.0399827234802303,5.51331429857082,0.0248435549314611,0.117846520198528,0.0692433535160371,0.0486031666824905,0.988258149438446,-0.0103783984710424
9.115,4.95915749373246,5.57859574829027,0.0401201052883894,5.51518368302124,0.0249801820609821,0.0983280549420576,0.0501131539010172,0.0482149010410404,0.98830409974138,-0.0103423945814502
9.12,4.9522152285484,5.56260174161326,0.0402567126020301,5.51714028197511,0.0251177310143146,0.0734904122047593,0.02566956140784,0.0478208507969193,0.988345632390961,-0.0103262827630802
9.125,4.95506742207219,5.53804024781077,0.0403917623519235,5.51928383622603,0.025256426369107,0.0517707826052966,0.00435488519256856,0.047415897412728,0.988381580776733,-0.0103349146754961
9.13,4.89680840156636,5.56793036362391,0.0405242718037423,5.521739042905,0.0253965621816186,0.0733190875149579,0.0263254342988675,0.0469936532160904,0.988447139630841,-0.0101890885712947
9.135,4.87769302768227,5.56294600102952,0.0406605852203253,5.52372502820201,0.0255366038180434,0.0655109296530798,0.0189161653871992,0.0465947642658806,0.988493924680631,-0.0101422143424451
9.14,4.84165453582891,5.57296534752022,0.0407966306826687,5.52573819180585,0.025677498276406,0.073529075961806,0.0273356426688557,0.0461934332929503,0.988548850068916,-0.0100527452727043
9.145,4.84985173135049,5.54411700210299,0.0409341636952678,5.52756354473641,0.0258188083677275,0.0491478607602913,0.00334704469385106,0.0458008160664403,0.988581811798492,-0.0100746290093467
9.15,4.81406770140303,5.5541331769151,0.041068622539823,5.52975539997699,0.0259616790423939,0.0526233866364133,0.00723515876223869,0.0453882278741746,0.988635695801026,-0.0099857953768247
9.155,4.77375735571878,5.5680909290519,0.0412046053213735,5.53176188603643,0.0261050095824174,0.0609995502888269,0.0160151924296576,0.0449843578591693,0.988692011982778,-0.00988573400341838
9.16,4.71092185246722,5.60165580646647,0.041342565910955,5.53352519276148,0.0262486483852344,0.100730156245956,0.0561380313671966,0.0445921248787595,0.988759873594386,-0.00972953320596031
9.165,4.67823087838183,5.60868750917694,0.0414847832023753,5.53476449573483,0.026391946003575,0.110088636551979,0.0658628477061687,0.04422578884581,0.98881353367061,-0.00964896825627997
9.17,4.63755670449286,5.62260231447228,0.0416281171658752,5.5358517130822,0.0265356257720313,0.134257835486963,0.0903916313528248,0.0438662041341382,0.988871220364081,-0.00954862913685895
9.175,4.61311039028848,5.62250928395925,0.0417733741997616,5.53668795500932,0.0266794451027454,0.131676231146254,0.0881578355091802,0.0435183956370735,0.988921032745248,-0.00948877534089128
9.18,4.58671027744225,5.62414528361534,0.0419188944323966,5.53746941046629,0.0268238052221536,0.132782354787089,0.0896100325148935,0.0431723222721956,0.988971628919346,-0.00942410206984287
9.185,4.56956419193189,5.61791665774283,0.0420648870324708,5.53817112748904,0.0269686456865004,0.118419042662998,0.0755897619616616,0.0428292807013364,0.989017459470673,-0.00938241861636166
9.19,4.52041902779318,5.63910990119377,0.0422104204681194,5.53890324152381,0.0271142115408364,0.161427943658617,0.118944262232535,0.0424836814260822,0.989078915872455,-0.00926150588640875
9.195,4.49816145702079,5.63730178181975,0.0423587609650108,5.53928034458386,0.0272596207641366,0.155569710083838,0.11341457987553,0.0421551302083077,0.989127379069931,-0.00920725172146634
9.2,4.46680876324079,5.64325982861279,0.0425071586863019,5.53962245755305,0.0274055613234273,0.168167290790072,0.126339950870851,0.0418273399192208,0.989180143502844,-0.00913058110329142
9.205,4.45369650075643,5.63383025982688,0.042656546919225,5.53982041956159,0.0275517738009644,0.145098996233533,0.103593125850544,0.0415058703829886,0.989223774631682,-0.00909893289009908
9.21,4.46192083620239,5.6064748175736,0.0428050810261646,5.54008825917344,0.0276987497402066,0.0926594619098247,0.05147957941634,0.0411798824934847,0.989256268919815,-0.00911989409949342
9.215,4.45012427897323,5.59614529423788,0.0429506021954004,5.54067621040046,0.0278471135386438,0.0766548459334454,0.0358181155151749,0.0408367304182705,0.989297785573969,-0.00909143686251903
9.22,4.41853779778398,5.60271841056239,0.043095199427816,5.54134925183779,0.0279963596263835,0.0841844701871163,0.0436959764958557,0.0404884936912605,0.989348732781696,-0.00901418011356733
9.225,4.37912050946669,5.61591479411043,0.0432409348313846,5.54187365277636,0.0281459394712198,0.10353711218575,0.0633900565682467,0.0401470556175031,0.989403634208921,-0.00891777262474333
9.23,4.38175311485449,5.5936396113164,0.0433886068131173,5.54215663861964,0.0282956005383858,0.0703607503592582,0.0305436919087037,0.0398170584505545,0.989437737195067,-0.00892479112067733
9.235,4.35960939627388,5.59236121839426,0.0435338824073843,5.54268614943694,0.0284465197738602,0.0678151542078055,0.0283412865962882,0.0394738676115173,0.989483419091808,-0.00887088663086853
9.24,4.32351975414279,5.60290392295418,0.0436793552142363,5.54317440515666,0.0285980266970077,0.0799708120858285,0.0408386900267443,0.0391321220590842,0.989535890241781,-0.00878280892633367
9.245,4.28685042840486,5.61388229919508,0.0438264749994318,5.54345868875118,0.0287497068734893,0.0953809254763051,0.0565809240649482,0.0388000014113569,0.989588808555321,-0.00869346253177325
9.25,4.27130388663099,5.60716608348515,0.0439752868984599,5.54353142459872,0.0289015050783086,0.0845192588504203,0.046041425732393,0.0384778331180273,0.989631327836963,-0.00865585110910449
9.255,4.21307749933847,5.63615886165618,0.0441236105398903,5.54363329693914,0.0290540080472367,0.135164873305317,0.0970113281920453,0.038153545113272,0.989694839820809,-0.00851417787748276
9.26,4.19108752504572,5.63483489425838,0.0442758354552656,5.54327659966962,0.0292059520758924,0.132518459243529,0.0946670031384464,0.0378514561050827,0.989740898726413,-0.00846097270942865
9.265,4.13798620785269,5.6592245184229,0.0444282163564959,5.54287151133777,0.0293583322841457,0.189909445452374,0.15235838131697,0.0375510641354043,0.989802308584416,-0.00833234540731788
9.27,4.10094914367392,5.67020467137065,0.0445839168281645,5.54206722487644,0.0295102041961522,0.221407976857328,0.184138209046756,0.0372697678105728,0.989856199583007,-0.00824291423299886
9.275,4.09732061403174,5.65397652872048,0.0447412696233241,5.54104323823011,0.0296619744946475,0.179528389682732,0.142529796408967,0.0369985932737653,0.989893511567217,-0.00823428733784547
9.28,4.0693112003645,5.65768369047394,0.0448969040897834,5.54016815949674,0.0298146166512754,0.19051493614984,0.153795682584664,0.0367192535651758,0.989942381589284,-0.00816676266716367
9.285,4.04313747461589,5.65991721417791,0.0450533128543541,5.53917228745176,0.0299674183686885,0.198246138183649,0.161800946550099,0.0364451916335495,0.989990264544415,-0.00810373668621518
9.29,4.00458718079851,5.67219918724611,0.0452103134334944,5.53807475392495,0.0301204131026291,0.235127450213223,0.198951989574074,0.0361754606391492,0.990044225315913,-0.0080110199234913
9.295,3.99453559555449,5.66146771036079,0.0453691553935461,5.53673915405742,0.0302731994071573,0.207368206235174,0.171451425782291,0.0359167804528829,0.990084099243408,-0.00798687050900326
9.3,3.93169433379405,5.69333346362522,0.0455269621986975,5.53547434810666,0.0304266139762526,0.309332388496225,0.273678487964409,0.0356539005318162,0.990149900111913,-0.00783621847998116
9.305,3.90019049141212,5.69978921114653,0.0456890496087064,5.53370757367837,0.0305790269154479,0.337271886764598,0.301856905980047,0.0354149807845511,0.990200717610899,-0.00776085730531876
9.31,3.86296721969034,5.71076183498571,0.0458522332889681,5.5317767253046,0.0307313166148433,0.384519359601574,0.349335977657449,0.0351833819441255,0.990254381554802,-0.00767199660917556
9.315,3.85016360164009,5.70244238243455,0.0460170744349235,5.52962010634682,0.0308832697413214,0.359488817477457,0.324526705346974,0.0349621121304834,0.990295939297851,-0.00764133386123605
9.32,3.81428881273224,5.7123620974028,0.0461811539280395,5.52749519147183,0.0310356126800731,0.404757161239597,0.370018611507021,0.0347385497325761,0.990348620949753,-0.00755588273152129
9.325,3.80001652970682,5.70531314880544,0.0463467712682375,5.52515798888717,0.0311876197600311,0.384666449862291,0.35014177640697,0.0345246734553211,0.990390577515209,-0.00752176464119911
9.33,3.76695333840897,5.71304192684017,0.0465117895693571,5.52283398534955,0.0313399371535415,0.423233001414956,0.388923554017964,0.0343094473969922,0.990441556958475,-0.0074431698343214
9.335,3.74346858917223,5.71328066044839,0.0466780812409257,5.5203262205737,0.0314919654699621,0.432913010652838,0.398810478896803,0.0341025317560346,0.990487766609546,-0.00738732436068628
9.34,3.74615331877841,5.69323299054124,0.0468446993401784,5.51773331056862,0.0316439752254547,0.362646416903522,0.32874730870644,0.0338991081970824,0.990520713751514,-0.00739331352497696
9.345,3.72057788289686,5.69525877827457,0.0470090671985035,5.51532425862263,0.0317967971086098,0.378049709280349,0.344363686537965,0.0336860227423845,0.990567089715103,-0.00733255314676305
9.35,3.72793453108315,5.67170826537817,0.0471740178403422,5.51280752165493,0.0319495516166957,0.301097876103805,0.267620265473831,0.0334776106299743,0.990596883418769,-0.00734954487929368
9.355,3.70476645527089,5.67201862947478,0.047336273908233,5.51052031457767,0.0321032936422142,0.30875122410994,0.275493860851506,0.0332573632584346,0.990641165105459,-0.00729447722296155
9.36,3.691296782305,5.66480480330739,0.0474989246018585,5.50814940447372,0.0322570708426091,0.291371960967533,0.258331258964736,0.0330407020027967,0.990680452909625,-0.00726231412840939
9.365,3.68313366638665,5.65352291803392,0.0476610034840448,5.50579311582915,0.0324111859908014,0.261774099616946,0.228951269005158,0.0328228306117879,0.990716751978733,-0.00724265999655542
9.37,3.6648991103478,5.65016684139323,0.0478219907399506,5.50350475446956,0.0325658191430426,0.257495277794085,0.224894106330401,0.0326011714636837,0.99075765359534,-0.00719928553049233
9.375,3.64312869508406,5.64961957923658,0.0479829252015529,5.50118108856495,0.032720650312592,0.261983171640803,0.229602357717017,0.0323808139237859,0.990800099544149,-0.00714762639247555
9.38,3.59693692139137,5.66808462687541,0.0481441763438765,5.49878533497666,0.0328755539603239,0.329834569270899,0.29767100004675,0.0321635692241486,0.990854606652983,-0.00703876481101773
9.385,3.60227124824735,5.64667997864383,0.0483082077276989,5.49606989477032,0.033029693030107,0.266739342500775,0.234777881765417,0.0319614607353574,0.990883677140272,-0.00705073701617517
9.39,3.60339577979762,5.62854664423233,0.0484698145596609,5.49355099805436,0.0331847386125218,0.219740811347893,0.187991481425799,0.0317493299220946,0.990914173336592,-0.00705285983286126
9.395,3.57976002770172,5.62967436720476,0.0486294384069333,5.49118681780457,0.033340592297462,0.228722605642052,0.19719332535143,0.0315292802906215,0.99095646592923,-0.00699695095074236
9.4,3.57019441977775,5.61994096954204,0.0487896295272077,5.48872926890593,0.0334964447766364,0.207749630637684,0.176436166360092,0.0313134642775921,0.990991631280147,-0.00697401734301644
9.405,3.56391342888161,5.60773109536766,0.0489489561773306,5.48631780114084,0.0336527576758034,0.181672241951523,0.150577143684175,0.0310950982673475,0.991024793109401,-0.00695877078323211
9.41,3.53796659759242,5.61083272208173,0.0491070968841062,5.48398442102402,0.0338096549723567,0.194703270074121,0.163830612092603,0.0308726579815183,0.991067371758763,-0.00689754798330061
9.415,3.5077495534039,5.61723818158899,0.0492660936902752,5.48153324075912,0.0339664747556723,0.21755737971183,0.186901676043308,0.0306557036685217,0.991112054175793,-0.00682646058551423
9.42,3.50525218424441,5.60232418783679,0.0494263813331984,5.47892134420007,0.0341230422575568,0.184496231624275,0.154049936560922,0.0304462950633533,0.991142924262527,-0.00682002433626486
9.425,3.47288247295388,5.61046600489396,0.0495851167910873,5.47642033541599,0.0342802884803017,0.211417089619544,0.181185834264552,0.0302312553549917,0.99118825494008,-0.00674405079324917
9.43,3.43003424274746,5.62657509361481,0.0497453887564221,5.47373682525977,0.034437191993148,0.264815799906926,0.234790971160632,0.0300248287462932,0.991238918283505,-0.00664395217944678
9.435,3.4058524129287,5.62834499815902,0.0499082440646927,5.47076831174483,0.0345933421886712,0.278592523986618,0.248760626291417,0.0298318976952012,0.991280527360512,-0.00658727532747981
9.44,3.39552539659695,5.61966266704525,0.050071762411007,5.46769549903272,0.0347493339214075,0.260252945154021,0.230609220064823,0.0296437250891972,0.991315136022816,-0.00656266693462147
9.445,3.3722411883717,5.62083275918369,0.0502345461439701,5.46465077011205,0.034905635310831,0.272243170164976,0.242789231542603,0.0294539386223726,0.991355900593578,-0.00650816186680376
9.45,3.34731633694751,5.62325656734577,0.0503979231578554,5.46150929863466,0.0350617905160061,0.288824688200114,0.259556121524685,0.0292685666754289,0.991397402466495,-0.00644995202383368
9.455,3.31209445570544,5.63340761699205,0.0505620608579263,5.45825475056527,0.0352177182279326,0.332463350058393,0.303374962343026,0.0290883877153674,0.991443999084254,-0.00636818666474681
9.46,3.27242754317011,5.64677765987301,0.0507279903242379,5.45478886216893,0.0353730214355227,0.392225387968532,0.363307300449523,0.0289180875190087,0.991492943974982,-0.00627645575295552
9.465,3.25691160303634,5.64218317804345,0.0508961289746619,5.45106974401662,0.0355274901335109,0.387572220819912,0.358812599320757,0.0287596214991553,0.991530007345571,-0.00624009554283781
9.47,3.23978161166887,5.63882765494854,0.0510640618279186,5.44732295896582,0.0356819417017297,0.387700635083726,0.359098427256164,0.0286022078275623,0.99156764923913,-0.0062000792236447
9.475,3.24621585497091,5.61819027011923,0.0512319601645441,5.44353279396021,0.0358363103799276,0.32616344554212,0.297716834181857,0.0284466113602623,0.991593312475819,-0.00621384983840745
9.48,3.23846024124457,5.60804121669787,0.0513974844003216,5.43991665198406,0.0359914480952873,0.303255710153507,0.27497327534606,0.0282824348074471,0.991625477567889,-0.00619523757081524
9.485,3.24492508954201,5.58742918304791,0.0515620749682647,5.43634339151791,0.0361468737046682,0.249469748221313,0.221353741255518,0.0281160069657954,0.991650192788108,-0.00620910481896792
9.49,3.23406093725986,5.57970511775004,0.0517243032245071,5.43294400627977,0.036303121841806,0.236149028461806,0.20820796508851,0.0279410633732955,0.991682997333643,-0.00618339756197807
9.495,3.22982846121464,5.56710741440573,0.0518859526946791,5.42955837839407,0.0364595908707791,0.21008575365157,0.182320419353861,0.0277653342977087,0.991712218131248,-0.00617284037457315
9.5,3.22844261351673,5.55244204287852,0.0520463563190497,5.42624714536835,0.0366165305060281,0.180576010014961,0.152990077345485,0.0275859326694765,0.991739640292285,-0.00616878797138237
9.505,3.22539251886097,5.53906454753488,0.0522052339195556,5.42303619266167,0.0367740645075218,0.156340626064845,0.128938979138841,0.0274016469260044,0.991767478366481,-0.00616094005057988
9.51,3.18078880839964,5.55683480645123,0.0523627720406749,5.41990994943658,0.0369321540214295,0.206237553709938,0.17902429281169,0.0272132608982482,0.99181571374358,-0.00605836949703633
9.515,3.16839408627334,5.5505160930639,0.052523293283906,5.41648517726366,0.037089252134439,0.198051649331458,0.171012566683013,0.0270390826484448,0.991848175683996,-0.00602925200468534
9.52,3.14904888850309,5.54939076559333,0.0526834476417866,5.41305671153121,0.037246506082376,0.203267436362291,0.176402410330012,0.0268650260322791,0.991883893329397,-0.00598437526274384
9.525,3.15916044914269,5.52657390177582,0.0528439612861211,5.40956070572954,0.0374036501107129,0.15624620320828,0.129552059646234,0.0266941435620455,0.991904782623182,-0.00600638334086583
9.53,3.15815022525669,5.51198343678436,0.0530017962972204,5.4062632841686,0.0375617918509047,0.131951210735919,0.105437470519143,0.0265137402167762,0.991930646605547,-0.00600315546662872
9.535,3.14193406351505,5.50874873285699,0.0531581223440803,5.40306424571711,0.0377205527923357,0.131385143040574,0.105056483651952,0.0263286593886218,0.99196372267968,-0.00596539349317925
9.54,3.12834730859624,5.50360249026375,0.0533145495993966,5.39982547337714,0.0378793710533436,0.127146742560448,0.101001221193893,0.0261455213665545,0.991995353653326,-0.00593362830911152
9.545,3.07960056381138,5.52456753670716,0.0534708092733603,5.39657010199992,0.0380383379389772,0.179162175034167,0.153198946437086,0.0259632285970811,0.99204439292341,-0.00582239888254156
9.55,3.02266985745009,5.55118363754748,0.053630565507682,5.39298084556571,0.0381960840114969,0.259135003677089,0.233338238688196,0.0257967649888929,0.992097927518162,-0.00569326740373998
9.555,3.03140125181724,5.5299795455378,0.0537945610546005,5.38898648234102,0.0383522078642607,0.210417488085149,0.184768157597153,0.0256493304879956,0.992119141425442,-0.00571179760022752
9.56,3.02526289219426,5.51953468348141,0.0539560755267822,5.38516707006938,0.0385091786457194,0.192802410183742,0.167308828132661,0.0254935820510809,0.992147251234276,-0.00569695329986855
9.565,3.0254654985995,5.50454080544032,0.0541166428793194,5.38139222440748,0.0386664545522394,0.165455029980385,0.140119307143832,0.0253357228365526,0.992171895563593,-0.00569635628639519
9.57,3.0256416137781,5.48960183194682,0.0542756210570672,5.37771725393668,0.0388242958372066,0.140493432731492,0.11532027227606,0.0251731604554321,0.992196163977885,-0.00569571045346782
9.575,3.0307958948187,5.47106580419754,0.0544330238949093,5.37414180301278,0.0389827254311259,0.111297877876727,0.0862919357906671,0.0250059420860596,0.992217561792825,-0.00570626996575305
9.58,3.05865024102517,5.43589725279624,0.0545883393822418,5.3707094965311,0.0391419652833765,0.0637546649853776,0.0389226308674434,0.0248320341179342,0.992227156115361,-0.00576802491786924
9.585,3.05404250007057,5.42456539518706,0.0547391494798321,5.36762024976123,0.0393029567778544,0.0542619889054639,0.0296200216698965,0.0246419672355674,0.992252171443381,-0.00575666034070029
9.59,3.05714267198696,5.40755820451049,0.0548889444733403,5.36458986547975,0.0394644849040786,0.0412676386234197,0.0168183062798495,0.0244493323435702,0.992273056399469,-0.00576269733625042
9.595,3.05465272057609,5.39474747839394,0.0550368990607002,5.36168613665873,0.0396268741472814,0.0341811266703648,0.00993017717192878,0.024250949498436,0.992296340894226,-0.00575612661038894
9.6,3.02687852968432,5.40087739089172,0.0551836356940152,5.35885971463472,0.0397899302644816,0.0400456603437084,0.0159964552519493,0.0240492050917591,0.992331969354206,-0.00569254699406068
9.605,3.00456079766149,5.40290419483469,0.0553319316573189,5.35588687107619,0.0399526464999662,0.0438307285566003,0.019976066867697,0.0238546616889033,0.992364983466329,-0.00564136619858889
9.61,2.96661945866989,5.41647022794188,0.0554811769875693,5.35281531029356,0.0401152070379388,0.0601814579787779,0.0365164255772876,0.0236650324014903,0.992405831337358,-0.00555527070862978
9.615,2.97555851878633,5.39555930469985,0.0556330404873954,5.34950815152311,0.0402769468937943,0.0425464477053823,0.0190597951354852,0.0234866525698971,0.992423502308941,-0.00557426060448307
9.62,2.92753985121629,5.41654102103214,0.0557824629622539,5.34637176485803,0.0404397299347496,0.0674337678884898,0.0441332656408544,0.0233005022476355,0.992469178601521,-0.00546588300089117
9.625,2.87607043443623,5.43966129497459,0.055935583842867,5.34291277146601,0.0406012514816761,0.106799716076611,0.0836701448167993,0.0231295712598122,0.992516996462363,-0.00535033685111123
9.63,2.86808376121576,5.43125289180917,0.0560926658546971,5.33910339829135,0.0407612851638353,0.0986669519915319,0.0756919735067254,0.0229749784848066,0.992543518944087,-0.00533149875367259
9.635,2.84414766261451,5.43429668959635,0.0562491124980179,5.33531417136726,0.0409215466384112,0.109910192423547,0.0870906088991015,0.0228195835244456,0.992577799944197,-0.00527737496829308
9.64,2.78473446590477,5.46254367415213,0.0564065959360242,5.3314099027871,0.0410813750061372,0.175099188918868,0.152429567030765,0.0226696218881031,0.99262984235916,-0.00514526728636702
9.645,2.79522160917822,5.44135632715326,0.0565687286594918,5.32709238490485,0.0412392546212357,0.137940276455947,0.115401643342008,0.0225386331139389,0.992647464086369,-0.00516710515468713
9.65,2.76818970339868,5.44650187641881,0.0567283304654619,5.32294393931076,0.041398015411366,0.156958499914538,0.134558550349825,0.0223999495647127,0.992683360751036,-0.00510651927506354
9.655,2.76414729164188,5.43554934516653,0.0568892526152695,5.31865399392993,0.041556117654294,0.142365407630739,0.120097580057313,0.0222678275734256,0.99270782067845,-0.00509643196896263
9.66,2.73087122390874,5.44507081297801,0.0570491445580958,5.31441186853798,0.041714496836778,0.171756882029937,0.149623275637363,0.0221336063925747,0.992746628407836,-0.00502235915886104
9.665,2.71846416487744,5.44001419535952,0.0572109931442939,5.30997673294731,0.0418719220566886,0.169792291170025,0.147784024548888,0.0220082666211365,0.992775146727154,-0.00499401235917194
9.67,2.66545444775993,5.46306066834103,0.0573726676733548,5.30551924006189,0.0420292321272683,0.238183029498728,0.216299002911435,0.021884026587293,0.992823816680231,-0.0048773881089599
9.675,2.60872991014041,5.48813887701131,0.0575382272721972,5.30070882179046,0.0421846821520875,0.327051330408221,0.305275529552744,0.0217758008554767,0.992874747587428,-0.00475338871374423
9.68,2.58706935491437,5.48924075210448,0.0577079047804126,5.29551861204853,0.0423380203148716,0.346841743487942,0.325157079352094,0.0216846641358479,0.992908573478915,-0.00470537745411722
9.685,2.57935704756737,5.48107578713097,0.057878244815176,5.29022937928286,0.0424906590883871,0.336244304763951,0.314646301946748,0.0215980028172026,0.992935379415741,-0.00468741213777851
9.69,2.55170046296742,5.48618473025612,0.0580479129069717,5.28495050271713,0.0426431747891746,0.370319437136253,0.348808529930392,0.0215109072058615,0.992971933065718,-0.00462668223490183
9.695,2.51979538289253,5.49402289415,0.0582188217243363,5.27952526677271,0.0427947028614607,0.416570942115517,0.395140530053495,0.0214304120620217,0.993010643232059,-0.00455704564548465
9.7,2.49941182025339,5.49423047733697,0.058391350412206,5.2739207553722,0.0429450189795691,0.43697067200032,0.415612699908128,0.0213579720921915,0.993043673214979,-0.00451215277727415
9.705,2.47331756127154,5.49813597621231,0.0585643987281348,5.26822630785898,0.0430945789269263,0.472574479053851,0.45128488254201,0.0212895965118413,0.993079492161356,-0.00445521858667859
9.71,2.47437530765371,5.48450664403105,0.0587384913007113,5.26239792702138,0.0432431074551477,0.441158718571381,0.41993147150415,0.0212272470672314,0.993101737128966,-0.00445600410643492
9.715,2.44818302287379,5.48850078343234,0.0589111092759864,5.25664241025716,0.0433917630307957,0.477427972603841,0.456266278738624,0.0211616938652166,0.993137281317381,-0.00439900809216915
9.72,2.44616394592977,5.4769414502728,0.0590847931111343,5.2507522345013,0.0435393597864674,0.454052548013531,0.432950329834393,0.0211022181791377,0.993160745128645,-0.00439326651496302
9.725,2.41752765256513,5.4825113476207,0.0592573029300825,5.24491017895288,0.0436869319102306,0.497389674907586,0.476349011521193,0.0210406633863925,0.993197235472556,-0.00433127991586044
9.73,2.39372752120643,5.48491488654566,0.0594311091774881,5.23891508966922,0.0438333072455315,0.530112476212632,0.509126456672067,0.0209860195405646,0.993231344189275,-0.00427965205289689
9.735,2.3618650791376,5.49237702382728,0.0596057493515723,5.2328035005561,0.0439786600716148,0.586137290127095,0.565200628432637,0.0209366616944584,0.993269460167588,-0.00421124606282179
9.74,2.37017783023211,5.47457180108728,0.0597819362817083,5.22651548155529,0.0441225978766513,0.535531790433789,0.514636539788525,0.0208952506452635,0.993287553692519,-0.00422716515114657
9.745,2.35820338981722,5.46951791746328,0.0599560389020911,5.22034772686128,0.0442668759324442,0.538609466036435,0.517760887990134,0.0208485780463006,0.993315399138696,-0.00420055963267074
9.75,2.33652583757492,5.47059003557692,0.0601299080131304,5.21415078149614,0.0444106103407134,0.567628473649716,0.546825142482736,0.02080333116698,0.993347940500288,-0.00415369624924856
9.755,2.32770890457974,5.46360686484697,0.0603044268555235,5.20785294615583,0.0445533534569278,0.563094933266788,0.542332216195209,0.0207627170715786,0.993374006804926,-0.00413377019471066
9.76,2.32003315576942,5.45594582154137,0.0604784330982434,5.20154817651575,0.0446956597313868,0.555774129850613,0.535051575240445,0.0207225546101677,0.99339931446052,-0.00411624529499777
9.765,2.33772449374717,5.43250055735223,0.0606518317898525,5.19524446479812,0.0448375772266371,0.484728276237605,0.464045782236896,0.020682494000709,0.993411741063523,-0.00415169451945674
9.77,2.29732637515911,5.44553943678246,0.0608223127957402,5.18912589318491,0.0449802604321515,0.561125901334538,0.540491657733006,0.0206342436015313,0.993452736211499,-0.00406595857724066
9.775,2.27870388177262,5.44477699262075,0.0609952045986137,5.18276948078126,0.0451210999193501,0.58332903025884,0.562732240280731,0.0205967899781093,0.993483018900211,-0.0040257567328681
9.78,2.27552216343896,5.43446990383513,0.0611684962542625,5.17633400616113,0.045261030479737,0.565240014219269,0.544676964028856,0.020563050190413,0.993505510740274,-0.00401764314057536
9.785,2.23192042217015,5.44919934073233,0.0613407998184871,5.16993014408132,0.0454007397126315,0.656249197061353,0.635721122229262,0.0205280748320912,0.993547976331451,-0.00392592116293877
9.79,2.24017631889218,5.43202705161725,0.0615157333695073,5.16326799926365,0.0455383689816246,0.60760200198233,0.587097188520298,0.0205048134620316,0.99356471009701,-0.00394143170654372
9.795,2.2488289803317,5.41458811896118,0.0616886719189201,5.15671659171996,0.0456762487868739,0.559455200235174,0.538978409594548,0.0204767906406252,0.993580891265298,-0.00395780200419247
9.8,2.25964643828739,5.39578833781842,0.0618595755593381,5.150279028027,0.0458144243296535,0.50763455494522,0.487190710971194,0.020443843974026,0.993595636082329,-0.0039786974094436
9.805,2.24277252396404,5.39414761322151,0.0620282410173875,5.14397100848318,0.0459530241086724,0.524920057412841,0.504514818829485,0.0204052385833555,0.99362385376709,-0.0039423070197368
9.81,2.22619101562079,5.39232722804917,0.0621972161900659,5.13759582456451,0.0460907873084091,0.542001651141467,0.521631769844622,0.0203698812968457,0.99365185399371,-0.00390658934806925
9.815,2.23215216580979,5.37663645791513,0.0623664726961884,5.13115538835147,0.0462277077855264,0.503457493843984,0.48311979905993,0.0203376947840541,0.993668508637925,-0.00391740505843409
9.82,2.23449414133861,5.36317975181526,0.0625339531088294,5.12480840364244,0.0463648247604765,0.474621880810686,0.454320387604803,0.0203014932058827,0.993686662203756,-0.00392077222369165
9.825,2.22243246336348,5.35868349722843,0.0626999938262339,5.11852948120569,0.0465019903064815,0.480182335912895,0.459919913004177,0.0202624229087176,0.993711749568807,-0.00389442533156507
9.83,2.22899434108866,5.3426757567956,0.0628659408189279,5.11221692677588,0.0466385399443115,0.442642021544037,0.422416905260628,0.020225116283409,0.993727413820717,-0.0039065060746085
9.835,2.22324697698932,5.33432592016785,0.0630300643689831,5.10600141205255,0.0467753447057768,0.433732937584422,0.413549323866403,0.0201836137180184,0.993748926401385,-0.00389320753466948
9.84,2.20519953694476,5.33367030390195,0.0631935260957086,5.09979646129188,0.0469118434782351,0.452915427126477,0.432773557961955,0.0201418691645219,0.993776417627733,-0.00385459190930962
9.845,2.17346292344229,5.34148248750009,0.0633574873876808,5.09351540050286,0.0470474508497726,0.505347806170689,0.485243960651819,0.02010384551887,0.993810714151195,-0.00378798459873151
9.85,2.18330063839924,5.32368894593761,0.0635232051810425,5.08706251466171,0.0471814903103798,0.46079526153944,0.440721369606488,0.0200738919329527,0.993824324264931,-0.00380669350641176
9.855,2.18797415549313,5.3090451291067,0.0636868249554326,5.08072628489667,0.0473159056917059,0.429303220282267,0.409264354581035,0.0200388657012321,0.993840187293249,-0.00381484392983755
9.86,2.20651204399152,5.28581912833956,0.0638488266543743,5.07447129049311,0.0474504778039422,0.369794656124795,0.349794278947067,0.0200003771777277,0.993848846254904,-0.00385153001823855
9.865,2.19429653768695,5.28172082512195,0.0640078871976248,5.06839384769162,0.0475858941054228,0.375444516883388,0.355490559773167,0.0199539571102211,0.993872468137794,-0.00382500379140046
9.87,2.1796699718067,5.27914693634701,0.0641669582057817,5.06228060999111,0.047720714502627,0.386383140153198,0.366473686942421,0.0199094532107775,0.993897209864238,-0.00379357007678183
9.875,2.15725514002403,5.28142184662558,0.0643262722708853,5.05611459557616,0.0478548102302711,0.41444482504746,0.394577173395652,0.0198676516518079,0.993925785959424,-0.00374625616187462
9.88,2.17514504321717,5.25878611688721,0.0644865655126708,5.04984177215568,0.0479877864021513,0.358333628425615,0.338502592347807,0.0198310360778082,0.993934229827106,-0.00378147211764181
9.885,2.19215581219382,5.23657926093657,0.0646439979154183,5.04373908532986,0.0481215752336006,0.307418584761419,0.287631756444632,0.0197868283167871,0.993942718973564,-0.00381500254442979
9.89,2.19465208650623,5.22340732609401,0.0647986281413859,5.03780157332376,0.0482561776926932,0.285554857765918,0.265819635766386,0.0197352219995323,0.993958082490734,-0.00381877233041106
9.895,2.20598485646991,5.20466762024927,0.0649518768687261,5.03192964722442,0.0483909256546986,0.249377114590065,0.22969626716899,0.0196808474210748,0.993968801310543,-0.00384074390214712
9.9,2.21173792535559,5.18943873662478,0.0651028635331815,5.02618455412605,0.0485262687921859,0.224311738589578,0.2046909049534,0.0196208336361783,0.99398199268306,-0.00385126984900013
9.905,2.22801017446704,5.16747949400536,0.065252146941414,5.02052800989598,0.0486619649140042,0.185028447347997,0.165471480205373,0.0195569671426247,0.993989670100588,-0.00388353986579801
9.91,2.20322301144987,5.17195673162075,0.0653986447477804,5.01503339802374,0.0487985557513653,0.207753696207626,0.188267912295188,0.0194857839124378,0.994017511960281,-0.00383112681929827
9.915,2.21834896848296,5.15078940395917,0.0655465931337873,5.00941456503562,0.0489340504950081,0.17188360007492,0.152462882699821,0.0194207173750989,0.994025480141034,-0.0038610060362332
9.92,2.23364521680687,5.12943228605925,0.0656918770700013,5.00394880835373,0.0490703945889258,0.139196928158794,0.119848175142675,0.0193487530161184,0.994033015391804,-0.00389133180478389
9.925,2.20630210055943,5.13580169299507,0.0658344607384438,4.99863816320907,0.0492076370142654,0.162157212119209,0.14288743077961,0.019269781339599,0.994061522967666,-0.00383363555299653
9.93,2.21932342306584,5.11599344360323,0.0659788378847751,4.99318520008717,0.0493436897508171,0.13349100784555,0.114293197326698,0.0191978105188528,0.994069969600163,-0.00385922109707048
9.935,2.20395698365231,5.11460434499314,0.0661207618418446,4.98787046206534,0.0494805318671618,0.140575265347143,0.121455626300668,0.0191196390464752,0.994092292302023,-0.00382628613156271
9.94,2.20630026507705,5.10174291180701,0.0662632376623135,4.98249698569425,0.0496167746705013,0.126340784792434,0.107296227864343,0.0190445569280913,0.994105753991747,-0.00382986097337927
9.945,2.19974875789904,5.09468155571453,0.0664043951282051,4.97718732698131,0.0497532909435846,0.122912428797836,0.103945633108792,0.0189667956890435,0.994123465745884,-0.00381512401813593
9.95,2.1826838527162,5.09447755721881,0.0665451854920436,4.97187982500494,0.0498896473871776,0.1318215823788,0.112932316837413,0.0188892655413873,0.994146335650575,-0.00377879014201617
9.955,2.15687865547253,5.09989996433411,0.0666867254466301,4.96650155829913,0.0500253101362041,0.152238755195048,0.133423365845991,0.0188153893490567,0.994173591012843,-0.00372463357623669
9.96,2.13436206873237,5.10311402896637,0.0668299154307938,4.96099235853671,0.050159813310335,0.16986718024677,0.151119218657639,0.0187479615891313,0.994199307526943,-0.00367736153702336
9.965,2.14481878684157,5.08535676906677,0.0669743821006969,4.95537508882867,0.0502932850706442,0.144817981701998,0.126132087132353,0.0186858945696449,0.99420860364641,-0.00369743110824931
9.97,2.10230720544316,5.10138479090773,0.0671167127261525,4.94987332131329,0.0504273749008885,0.189632218262337,0.171013481488068,0.0186187367742686,0.99424410801362,-0.00360958250845756
9.975,2.09762908492797,5.09327802453075,0.0672623751969701,4.9441277361118,0.0505594038356359,0.183929133609125,0.165365915716721,0.0185632178924046,0.994260966762727,-0.0035987950729361
9.98,2.07382892180317,5.09719327866932,0.0674074677398399,4.93839420071086,0.0506912412726404,0.205557558128777,0.187050099981384,0.0185074581473932,0.994287267338409,-0.00354929683822539
9.985,2.05906559896051,5.09540810110201,0.067553925610187,4.9325445735387,0.0508219051880242,0.214778549575721,0.196321149146995,0.0184574004287261,0.994309122268522,-0.00351817558898353
9.99,2.07594658432343,5.07405599259157,0.0677008234838491,4.92663920394472,0.05095182641669,0.178908365698218,0.160498118461843,0.018410247236375,0.994315135623753,-0.00355097582762216
9.995,2.06681825403865,5.06884924067398,0.0678449864406707,4.92088708207986,0.0510826219724833,0.179700551097248,0.161344275563938,0.0183562755333107,0.994333823684008,-0.00353124308658512
10,2.01983003870586,5.08725978796882,0.0679890514256292,4.91511650186367,0.0512129855844632,0.236230570534412,0.217927080388031,0.0183034901463812,0.994371372253169,-0.00343537236554906
10.005,1.98164035789124,5.09976896774582,0.0681367902552832,4.90907675639945,0.0513409437050365,0.28510547161471,0.266842034471598,0.0182634371431116,0.994404818237334,-0.00335767139641983
10.01,1.96811192519895,5.09715219069411,0.0682872114309188,4.90282825337176,0.0514668767655566,0.294725711793738,0.27649241948223,0.0182332923115083,0.994426130358228,-0.00332938072168782
10.015,1.93932343454564,5.10365111014387,0.0684379037265585,4.89653159897018,0.0515920110538991,0.33161749333241,0.313411790637452,0.0182057026949579,0.994455034606011,-0.00327086986731475
10.02,1.94688620790067,5.08854647356367,0.0685902935117915,4.8900889168786,0.0517155327325667,0.305291373361178,0.287106234635347,0.0181851387258309,0.994465861833232,-0.00328451091426579
10.025,1.89782394187103,5.10703697218497,0.068740960830144,4.88373176149009,0.0518393044794839,0.38086481855562,0.362703812408861,0.0181610061467592,0.994504772781712,-0.00318621190298038
10.03,1.89343184744341,5.09902832700731,0.0688951720928722,4.87710026159411,0.0519603725869078,0.375591785916258,0.357442072658224,0.0181497132580343,0.994521621750312,-0.00317620089117689
10.035,1.88595822173289,5.09283327014765,0.0690487796076256,4.87047744808877,0.052081011548688,0.376161479433198,0.358023066333946,0.0181384130992523,0.994539889050495,-0.00316014510424387
10.04,1.83897801526109,5.10952617607278,0.0692020692977647,4.86384390962263,0.0522010586929786,0.454240504109909,0.436112508343988,0.0181279957659213,0.994577815270024,-0.00306681380733996
10.045,1.8172986486715,5.11135878037252,0.0693585631400596,4.8569535147964,0.0523184189577166,0.484705301514088,0.466575691758208,0.0181296097558801,0.994603326996579,-0.00302322156685526
10.05,1.80672085580183,5.10689821112495,0.0695159527927158,4.84996457086417,0.0524343611603681,0.492954439742822,0.474818317563006,0.0181361221798153,0.994623305295263,-0.00300129301002986
10.055,1.83100859596512,5.0829863152272,0.0696732685872391,4.84294494808348,0.0525494458144631,0.431644946782683,0.413500465161034,0.0181444816216497,0.994625777615087,-0.00304712088403925
10.06,1.82621024173747,5.07535042110017,0.0698274838183462,4.83610567983407,0.0526655182284155,0.427998321229725,0.409853277631957,0.0181450435977673,0.994642440985151,-0.00303641838535592
10.065,1.84863722566268,5.05230993266608,0.0699811489692368,4.82927092201287,0.0527810736624428,0.373572988033107,0.355427147209527,0.0181458408235808,0.994645378275143,-0.00307878271909162
10.07,1.85847565933353,5.0363240289308,0.0701318249389126,4.82260627003389,0.0528975665808546,0.343777975439058,0.325638756069051,0.018139219370007,0.994654274357675,-0.00309667883047701
10.075,1.88304281205608,5.0117772096016,0.0702806308644466,4.81603596523537,0.053014367104135,0.290711819512128,0.272583173164311,0.0181286463478164,0.99465557647905,-0.00314350527778801
10.08,1.83240382988294,5.03124721794126,0.0704261675032053,4.80965085751094,0.0531322900252002,0.366736969314764,0.34862714170645,0.0181098276083135,0.994694127654966,-0.00304319320136502
10.085,1.83379746079503,5.02019995765322,0.0705754792067805,4.8029868812025,0.0532473371727029,0.352367135218899,0.334262842501913,0.0181042927169864,0.994706949027242,-0.00304458960977037
10.09,1.83252825763407,5.01070336758852,0.0707237110461014,4.79636472495856,0.0533622352349407,0.342889693622658,0.324792442625829,0.0180972509968291,0.994720947587821,-0.00304080924526318
10.095,1.80660772156295,5.01543105928454,0.0708711128303603,4.78976811721282,0.0534768494167592,0.377359694471684,0.359270239952071,0.0180894545196133,0.994747141545979,-0.00298914026297711
10.1,1.80179071589413,5.00801381837484,0.0710199465095185,4.7830470329362,0.053589849201616,0.374396597390937,0.356308734644106,0.0180878627468306,0.994762856558007,-0.00297849336276732
10.105,1.76083784183386,5.02117272460801,0.0711682782489829,4.77632933683786,0.0537023429479955,0.439259357958502,0.42117278940648,0.0180865685520224,0.994796539253824,-0.00289811481358922
10.11,1.77483713453887,5.003299336396,0.0713193293859301,4.76939762501298,0.0538123639954137,0.401652279467411,0.383556681330059,0.0180955981373518,0.994802931526112,-0.0029237597187514
10.115,1.77610077348065,4.99252208891118,0.0714682096353477,4.76258001225838,0.0539228454354838,0.38800805071445,0.36990823532014,0.0180998153943098,0.994815443764071,-0.00292489026813944
10.12,1.76198490853054,4.9904401911547,0.0716160499496068,4.7558012869424,0.0540331209437551,0.402481729207219,0.384379028225432,0.0181027009817873,0.994835499863914,-0.00289639855974543
10.125,1.76972626748793,4.9760863994839,0.0717642343059344,4.74896987322214,0.0541423573677425,0.377493086406034,0.359384566700129,0.018108519705905,0.994844603858384,-0.00291000460715852
10.13,1.75336166939093,4.97532707406963,0.0719108046428661,4.74221515692688,0.0542517357460246,0.395948520116322,0.377837281781534,0.0181112383347882,0.994865566909091,-0.00287723700365837
10.135,1.73190311566532,4.97739016221405,0.0720579351549786,4.73539435819495,0.0543599508065067,0.424470895838688,0.40635336716837,0.0181175286703181,0.99488907349205,-0.00283480065613036
10.14,1.76269881998074,4.9503852705965,0.0722060618286481,4.7284775827348,0.0544667014227106,0.359118320110863,0.340989528337552,0.0181287917733108,0.994886486854673,-0.00289260166131924
10.145,1.76350659391722,4.94000248355775,0.072350518924127,4.72177080827277,0.0545748397435764,0.347257972976779,0.329127315227909,0.0181306577488697,0.99489852628235,-0.00289288968997455
10.15,1.71863686360534,4.95554245436654,0.072494001993658,4.71509932925181,0.0546827651217302,0.416873963092394,0.39874261887207,0.0181313442203237,0.994933271470471,-0.00280563593886567
10.155,1.70307680636203,4.95430802961836,0.0726406356637112,4.70819338271561,0.0547879565265455,0.435075545925788,0.416932057839394,0.0181434880863938,0.994953581886745,-0.00277469072721906
10.16,1.69202112677909,4.95056871445593,0.0727877430104529,4.70122639445697,0.0548919722122337,0.4452336212872,0.427074600551469,0.0181590207357306,0.994971629860832,-0.00275238229172919
10.165,1.66012628412619,4.95823794215981,0.0729349238486397,4.69422449684609,0.0549950430770556,0.49602120023498,0.477844464820937,0.0181767354140427,0.995000053127971,-0.00269066439005188
10.17,1.64222576174376,4.95812449630894,0.0730839484205042,4.68706783540006,0.0550959971947257,0.520855094784636,0.502652873927513,0.0182022208571228,0.995021584322475,-0.00265560514020668
10.175,1.70150452768273,4.91679008190399,0.0732335895678955,4.67983733714027,0.0551955701785392,0.401570887369675,0.383339145208812,0.0182317421608628,0.995004526404661,-0.00276654399177362
10.18,1.69659209064309,4.90977645152743,0.0733772449357833,4.67296872411466,0.055298050076602,0.400365147766614,0.382120504875054,0.0182446428915599,0.995019012540687,-0.00275595276415925
10.185,1.74280581964574,4.874497213241,0.0735204665679122,4.66610036764087,0.0553999429184489,0.313612876539562,0.295354799033859,0.0182580775057022,0.995007852472971,-0.00284290370102302
10.19,1.75302177520193,4.85896107641029,0.0736585807494985,4.65952585553819,0.0555041123528937,0.288249539983031,0.269991675916004,0.0182578640670271,0.995014221252211,-0.0028612851527332
10.195,1.73686465929221,4.85853108236232,0.0737948644965918,4.65304018969054,0.0556086168732954,0.30436120723261,0.286107354889127,0.0182538523434824,0.995033582355661,-0.00282912957135319
10.2,1.74812920963169,4.84244405583755,0.0739318302181056,4.64648934516739,0.0557119949426646,0.277940336682172,0.259686852878855,0.0182534838033174,0.995039247176152,-0.00284950915869658
10.205,1.72726528610632,4.84477400585232,0.0740668688814194,4.6400329545635,0.0558157714341793,0.301229118977615,0.28298008756091,0.0182490314167055,0.9950607763836,-0.00280840153010649
10.21,1.73263485093824,4.83210088130809,0.074203051105118,4.63348390246289,0.0559181559874568,0.284065479239546,0.265815917931127,0.0182495613084184,0.995069241917468,-0.00281747444766913
10.215,1.72951100623206,4.82428507052979,0.0743378775143715,4.62699450396753,0.0560206040801701,0.280049417499844,0.261801715060637,0.0182477024392078,0.995081802899591,-0.00281032727557165
10.22,1.73325943907561,4.81256652497319,0.0744721628374346,4.62051558238406,0.0561226485751493,0.265879071884662,0.247633230619927,0.0182458412647346,0.995090844014879,-0.00281631906097615
10.225,1.74988544196584,4.79347216345829,0.0746052512073785,4.6140867945554,0.0562246800240525,0.233904543106986,0.215662504017169,0.0182420390898164,0.995093310281086,-0.00284698443429941
10.23,1.75122002503552,4.78315528749993,0.0747358833310154,4.60778274343801,0.0563274425909601,0.223994066245993,0.205761461830393,0.0182326044156005,0.995103185982883,-0.00284840000740707
10.235,1.72060928113152,4.79144076903734,0.0748655582734167,4.60151515357028,0.0564300979805167,0.259131972922367,0.240910107681331,0.018221865241036,0.995128920707136,-0.00278873347455299
10.24,1.70382899553072,4.79156494338757,0.0749974158098128,4.59509796941526,0.0565308302942259,0.275556283139017,0.257337345860822,0.0182189372781958,0.995147878759896,-0.00275563333522657
10.245,1.70892944498458,4.77921613460109,0.0751300672584006,4.58861209132651,0.0566303852847769,0.259999920101312,0.241780039858517,0.0182198802427951,0.995155922644096,-0.00276418090248757
10.25,1.68984618071081,4.78067322283095,0.0752614100704703,4.58218288634928,0.0567299942458305,0.279962353727199,0.261743791670379,0.0182185620568207,0.995175917077552,-0.00272679049594093
10.255,1.7154572799075,4.75679531493226,0.0753937685930806,4.57567189770541,0.0568282829443584,0.235784126238938,0.217562358800442,0.0182217674384965,0.995173608320681,-0.00277431266847096
10.26,1.70887521665886,4.7511875470341,0.0755228395283853,4.56933358290793,0.0569277946128412,0.237163070131042,0.218946112692,0.0182169574390417,0.995187099987316,-0.00276066038309556
10.265,1.70714043645753,4.74281668401825,0.0756517516918835,4.56298500110257,0.0570267224391426,0.23195199911253,0.213738832591724,0.0182131665208063,0.995198120721688,-0.00275623953099678
10.27,1.65928954352401,4.76093993879763,0.0757800328640209,4.55665376293338,0.0571253404159624,0.293564162025065,0.275355130315945,0.01820903170912,0.995232115523229,-0.0026645272841927
10.275,1.65960686516355,4.75146115499281,0.075912113276351,4.5500763989865,0.057220986522737,0.285340972523741,0.267123507707388,0.0182174648163538,0.995242288878143,-0.00266398549173905
10.28,1.64807910164769,4.74863598211125,0.0760433643332599,4.54352696464267,0.0573163760422585,0.29484164807472,0.27661656882091,0.0182250792538103,0.995258284344949,-0.00264114572660145
10.285,1.67960139683177,4.72182435840533,0.0761749032370048,4.53693894940606,0.0574108276830469,0.242604414077258,0.224369267358791,0.0182351467184664,0.995252741846733,-0.00269946977571561
10.29,1.67453387408971,4.71546116716503,0.0763026401423053,4.53055267602959,0.0575068271915541,0.242285316988682,0.224049587473098,0.0182357295155842,0.995265165178531,-0.00268878339415442
10.295,1.65164612976406,4.71923766877607,0.0764300852101185,4.52416409337723,0.0576023019618051,0.267181469448806,0.248944507351198,0.0182369620976085,0.995286443083155,-0.00264452444178804
10.3,1.65119304653313,4.71030106045624,0.0765589524129896,4.5176727858069,0.0576962107079212,0.260577677601075,0.242333855315956,0.0182438222851193,0.995296580102499,-0.00264256127998765
10.305,1.66773336988533,4.69183912385365,0.0766870822064436,4.5112045574111,0.057789830384125,0.230990267606943,0.21274017510571,0.0182500925012327,0.995298130686028,-0.00267261787408162
10.31,1.68698063575624,4.67174576315525,0.0768128339328563,4.50485406820455,0.0578841578754847,0.199554303932521,0.181303282390691,0.0182510215418299,0.995298113669896,-0.00270790543140448
10.315,1.69723767097241,4.65670142457161,0.076935907174666,4.49863721226801,0.057979382810413,0.18061658770739,0.162370836509639,0.018245751197751,0.995302356742427,-0.00272627246056111
10.32,1.66699675703861,4.66513390550689,0.0770571798448864,4.49250423413443,0.0580750142082709,0.211606172445337,0.193369414103619,0.018236758341718,0.995326682400146,-0.00266802960444645
10.325,1.66514851242694,4.65710192882498,0.0771807345471347,4.48622625560017,0.0581686957878426,0.207392198462134,0.189156632619247,0.0182355658428873,0.995336955191253,-0.0026634770064283
10.33,1.68799310375073,4.63498880234596,0.0773037137202273,4.47996343016039,0.0582620529146236,0.173678592875626,0.155444446745806,0.0182341461298197,0.995334808341915,-0.00270556516414384
10.335,1.66251455704819,4.64071634466684,0.0774236345250318,4.47385364071098,0.0583565418187991,0.198035959544009,0.179810481271447,0.018225478272562,0.99535656401454,-0.00265641519636568
10.34,1.68339268560605,4.61975210331783,0.0775453841038162,4.46762610380758,0.0584493534813636,0.167441182517196,0.149217906355402,0.0182232761617941,0.995355250320102,-0.00269476676618855
10.345,1.65755987109024,4.62573634405261,0.0776642706348777,4.46154017323937,0.058543190411209,0.191784435651979,0.173570048938451,0.0182143867135282,0.995377049896868,-0.00264500915760831
10.35,1.64125587638107,4.62608909882686,0.0777850380087459,4.45533465953533,0.0586353267912828,0.205632939949735,0.187420867072704,0.0182120728770314,0.99539419779797,-0.00261333525483604
10.355,1.63446213710668,4.62099377604379,0.0779066884233485,4.44906343410032,0.0587262901442094,0.207928027865393,0.189714407575438,0.0182136202899548,0.99540662815192,-0.00259955311129165
10.36,1.65994143587723,4.59764722313591,0.078028269754771,4.44277926069187,0.0588166233883518,0.171904810761074,0.153688437965804,0.0182163727952698,0.995402888713467,-0.00264634975308573
10.365,1.63569140186799,4.60269644136186,0.0781465586671584,4.43665980172023,0.0589082388477049,0.194598837234161,0.17638758618215,0.0182112510520107,0.995423743337981,-0.00259979488278659
10.37,1.65667547141329,4.58189096982717,0.0782665615395043,4.43043037058072,0.0589982208501302,0.164764701623415,0.146552452751572,0.0182122488718437,0.995422080435879,-0.0026381490961661
10.375,1.62472224542976,4.59143861941171,0.0783837148291284,4.42434068932081,0.0590892323557912,0.196315803774244,0.178109179320804,0.0182066244534399,0.995446650446449,-0.00257723156909214
10.38,1.62066657517571,4.58489439528444,0.078503367538619,4.41809843988466,0.0591781499612028,0.19540481523852,0.17719552428142,0.0182092909570999,0.995457428540863,-0.00256862799794692
10.385,1.62671764257177,4.57265522503573,0.078622698216959,4.41185791305711,0.0592665954511561,0.18264188542531,0.164429459468549,0.0182124259567604,0.995463103190254,-0.00257891188905237
10.39,1.61240672741835,4.57199315642632,0.0787407032452391,4.40567423655711,0.0593551720324278,0.193865582675102,0.175652375241736,0.0182132074333661,0.995478836247907,-0.00255118298438326
10.395,1.6622856635859,4.53507420142871,0.0788594192762649,4.39943604756005,0.0594426721416565,0.134866097514349,0.116648771660653,0.0182173258536962,0.995462500158101,-0.0026435853636055
10.4,1.66997512548429,4.52183585122315,0.0789723238531803,4.39349276783883,0.0595329334942928,0.122496029570972,0.104289365241547,0.0182066643294247,0.99546681365009,-0.00265708822253893
10.405,1.67438963603078,4.51051163562892,0.0790837135874789,4.38761633073474,0.0596235023886166,0.113682086698342,0.0954890411685392,0.0181930455298027,0.995472632331133,-0.00266444542264382
10.41,1.68882163586517,4.49330361542387,0.0791939356945981,4.38178870841251,0.0597141986533273,0.0966908218668157,0.0785134264175791,0.0181773954492366,0.995473335912886,-0.00269073829921473
10.415,1.69015700330481,4.48381733728463,0.0793019037340801,4.37606559824076,0.0598056387273958,0.0913607999809323,0.0732040261348029,0.0181567738461293,0.995480404509336,-0.00269232640784854
10.42,1.67176019033855,4.48610656451389,0.0794090420663725,4.37037442512904,0.059897059689146,0.102470009072461,0.0843350312386345,0.0181349778338262,0.995497258949326,-0.00265667476051554
10.425,1.67442531431494,4.47588688965266,0.0795175069876534,4.36460496896007,0.0599872740115659,0.0959853184344069,0.077867543526947,0.0181177749074599,0.995503656202453,-0.00266075893620569
10.43,1.66031178020586,4.475613997263,0.0796250018326726,4.35887433566543,0.0600775324927574,0.103676112172709,0.0855770692385815,0.018099042934127,0.995518352874196,-0.00263326304770419
10.435,1.64164444336478,4.47797969734101,0.079733348992356,4.35308945322192,0.0601668254534821,0.115894502276163,0.0978108487429847,0.0180836535331779,0.995535366177689,-0.00259730190328777
10.44,1.63002994036374,4.47615556853717,0.0798430143895384,4.34722534878408,0.0602548572003121,0.122170939754578,0.104098033451492,0.018072906303086,0.995548925276306,-0.00257463028559858
10.445,1.60246213094901,4.48354237527921,0.0799532278359711,4.34132101276113,0.0603420309780375,0.144556955357774,0.126492178639723,0.0180647767180505,0.995570478342891,-0.00252230782976475
10.45,1.59974959548141,4.47654855942129,0.0800656235936233,4.33528959253311,0.0604273595738662,0.142674639213215,0.124610880617079,0.0180637585961363,0.995579735579317,-0.00251630818975387
10.455,1.60790039824341,4.46339148274935,0.0801776171224356,4.32926614657853,0.0605123204884019,0.130248832711757,0.112185959427203,0.018062873284554,0.995583510838629,-0.00253050347772028
10.46,1.59674743642213,4.46128631892672,0.0802880931351903,4.32330903547426,0.0605975775775552,0.136617940577901,0.118558867233679,0.0180590733442227,0.995596810144952,-0.00250883595160924
10.465,1.59562809998649,4.45344947030414,0.0803990499874376,4.31731430045169,0.0606819660118104,0.133312769508779,0.115254996630249,0.0180577728785302,0.995605104889095,-0.00250581260451176
10.47,1.59651782944744,4.44448880844236,0.0805094514366135,4.31133585162149,0.0607660871706405,0.128165663434297,0.110109493939977,0.0180561694943207,0.995612335220869,-0.00250652223848261
10.475,1.58861294349983,4.44057260458801,0.0806190933984466,4.30538438323021,0.060850066558332,0.131400641868771,0.11334694067795,0.0180537011908208,0.995623889255459,-0.0024909315451473
10.48,1.56006437561799,4.44841137930313,0.0807288888997681,4.29941268212574,0.0609333688990121,0.155553871500436,0.137501036265475,0.0180528352349608,0.995645755084468,-0.00243725982743822
10.485,1.55268250434669,4.44415018728843,0.0808409249076049,4.29331041584608,0.0610147149234684,0.158784043530113,0.140724742293481,0.0180593012366319,0.995657171222921,-0.00242272500616372
10.49,1.52104056718738,4.45342916874847,0.0809530340031695,4.28719064417207,0.0610953683712865,0.188754165449389,0.170686913675497,0.0180672517738916,0.995680701030207,-0.00236376705234789
10.495,1.53373826301235,4.43812445960061,0.0810675840630885,4.28092561462534,0.0611738244450945,0.170496095180585,0.152412811773974,0.0180832834066111,0.995682206843796,-0.0023860404307383
10.5,1.54422407207119,4.42399559319372,0.0811802319229984,4.27474739799752,0.0612527780972279,0.155290281589904,0.137194876398291,0.0180954051916127,0.99568466654983,-0.00240432098771122
10.505,1.53860600826994,4.41881303735246,0.0812911803790373,4.26864483674018,0.0613321151534103,0.156806102041261,0.1387019377132,0.0181041643280607,0.995695041123951,-0.00239308069190132
10.51,1.5533113494474,4.4023456214602,0.0814020349313834,4.26253384129762,0.0614108575863142,0.138180566235492,0.120066616815585,0.0181139494199068,0.995695226995294,-0.00241914285311523
10.515,1.54048750921254,4.40128191928107,0.0815107560956855,4.25652051277241,0.0614902608159398,0.146665799468009,0.128546622667588,0.0181191768004205,0.995709012461938,-0.00239468193556828
10.52,1.51736251504312,4.40593561138781,0.0816201291853301,4.25046083746187,0.0615686413615756,0.166206112969611,0.148078700490864,0.0181274124787473,0.995727972898854,-0.00235146278516997
10.525,1.53858684406126,4.38601778552042,0.0817311567949942,4.24430116025358,0.0616453425092938,0.141005268241775,0.122863805338021,0.0181414629037537,0.995724850333591,-0.00238934281651319
10.53,1.55110754394711,4.37080854646458,0.081839421015984,4.23827162235368,0.0617230934339012,0.12546938118819,0.107320140066417,0.0181492411217723,0.995725873603568,-0.00241140024878438
10.535,1.54145248625418,4.36806719083213,0.0819457676868084,4.23232791860862,0.0618013873156248,0.130575873377401,0.112422828804221,0.0181530445731808,0.995737837009098,-0.00239278791358515
10.54,1.5504392886486,4.35485195986635,0.0820524725021177,4.22635436508142,0.0618788629144914,0.11877529765912,0.100616296876891,0.0181590007822289,0.995740484925232,-0.0024083748245405
10.545,1.54620636136005,4.34909782653724,0.0821576198911121,4.2204481328217,0.0619566736855839,0.118887501818159,0.100725554823997,0.0181619469941621,0.995749620328151,-0.00239971967725355
10.55,1.57621332500293,4.32402838125125,0.0822625794662307,4.21454031803256,0.0620340098746529,0.0910275693064852,0.0728620234446987,0.0181655458617865,0.99574160535334,-0.00245403474355434
10.555,1.62159751208627,4.28977453051116,0.0823637472730952,4.20880940899151,0.0621130133214851,0.0579552986583626,0.0397951229741693,0.0181601756841933,0.995725632442164,-0.00253728068556751
10.56,1.63204602786822,4.27550651495053,0.0824592886869669,4.20333854460956,0.0621946993316704,0.0497216626257958,0.0315805291681939,0.0181411334576018,0.995726738545551,-0.00255592987508083
10.565,1.60841684633255,4.28159925412441,0.0825530416480168,4.19794500267131,0.0622769507176753,0.0605034470890303,0.0423850753798736,0.0181183717091566,0.995744750754877,-0.00251115880241849
10.57,1.60771149892682,4.27398808042116,0.0826488940776348,4.19244573188966,0.0623576453644043,0.0583271700515643,0.0402253089907447,0.0181018610608196,0.995751425297887,-0.00250903029597606
10.575,1.58843351379364,4.27736665276721,0.0827442325759095,4.18696369602238,0.0624381920104468,0.0674702088178649,0.0493852824165662,0.0180849264012987,0.995767337734685,-0.00247250894925366
10.58,1.61005875109643,4.25674226138373,0.0828411353961424,4.18139992423729,0.0625174222788558,0.0523341050617869,0.0342611659023148,0.0180729391594722,0.995762886698415,-0.00251174372248
10.585,1.57612726996301,4.26889384578722,0.082935016767493,4.1759710053156,0.0625978909920025,0.0701108380742643,0.0520567464616349,0.0180540916126294,0.995786001488059,-0.00244816722679712
10.59,1.55369624893212,4.27397015354099,0.0830321109782973,4.17038224990704,0.0626761251885602,0.0826606997773686,0.064616289125063,0.0180444106523056,0.995803561855504,-0.00240608244530759
10.595,1.56430366841818,4.25994533419107,0.0831310538953384,4.16469597295816,0.0627528016899315,0.0726076216520943,0.0545670985159132,0.0180405231361811,0.995804708563753,-0.00242473324771957
10.6,1.55134062665564,4.25951923350186,0.0832282520963288,4.15908486729351,0.0628299818596017,0.0786318790108679,0.0605987850375426,0.0180330939733253,0.995817511825363,-0.00240010445783732
10.605,1.55041926746362,4.25214525516062,0.0833262697593666,4.15342607807701,0.0629061906566677,0.0765065932247583,0.0584778122926204,0.0180287809321379,0.995824332607874,-0.00239758756346486
10.61,1.55534906643289,4.24143219137461,0.0834237977778974,4.14778230657115,0.0629821758929907,0.0705889370915363,0.052564742659233,0.0180241944323033,0.995828181205957,-0.00240580679822148
10.615,1.5534728655881,4.2346543002467,0.0835202035020692,4.14218384989172,0.0630583115918295,0.0692075956984437,0.0511899147171093,0.0180176809813344,0.995835345660746,-0.00240155014345262
10.62,1.59596616722993,4.20231047771666,0.0836162324313151,4.13659537001723,0.063134175628805,0.0438343470578465,0.0258231880005774,0.0180111590572691,0.995820286755682,-0.00247900980817041
10.625,1.59863558847028,4.19292653755656,0.0837069179604019,4.13124709718231,0.0632125966839403,0.0407161322840028,0.0227242470370263,0.0179918852469766,0.99582478244784,-0.00248317553118408
10.63,1.60309636903444,4.1824953563708,0.0837967342443988,4.12593301235629,0.0632911049484934,0.0370608663751555,0.0190896386909613,0.0179712276841942,0.995828314135803,-0.00249066778565185
10.635,1.56999788962874,4.19450186494832,0.0838854754309813,4.12066254614282,0.0633698229376246,0.0504468034637739,0.0324981468701675,0.0179486565936064,0.995850544363631,-0.00242881505687744
10.64,1.57596058537302,4.18326046145674,0.0839774567032393,4.11523731722663,0.0634463586385443,0.0454850123853086,0.0275499421666343,0.0179350702186742,0.995853438753972,-0.00243901030719718
10.645,1.57490811119539,4.17615212254389,0.0840682009995104,4.10986277510474,0.0635231640188354,0.0440543975702406,0.0261351945900071,0.0179192029802335,0.99585974911219,-0.00243630195951274
10.65,1.58090574606565,4.16491572433491,0.0841585085240631,4.10450235075408,0.0635998022946655,0.0395870030517235,0.0216839376756132,0.0179030653761103,0.995862494192072,-0.00244658386059597
10.655,1.57670869574585,4.15971447629733,0.0842475752368296,4.099192759758,0.0636767279581791,0.03962339695535,0.0217387750482482,0.0178846219071017,0.995870245632779,-0.00243809473115864
10.66,1.54656531786985,4.16984575328846,0.0843365757904536,4.09388078281553,0.0637532988871873,0.0520789950846982,0.0342121830585775,0.0178668120261207,0.99589095411162,-0.00238200519297221
10.665,1.53527557905469,4.16872927002521,0.0844284391756656,4.0884310238612,0.0638278419502469,0.0560421123557293,0.0381850499663944,0.0178570623893349,0.995902404622796,-0.00236059593795405
10.67,1.52223920853055,4.16859242437446,0.0845209989342917,4.08294211840724,0.0639015271547783,0.061247330524433,0.0433973509824579,0.0178499795419751,0.995914759695862,-0.00233605258700347
10.675,1.51766710138557,4.16357284259756,0.0846144321272218,4.07740520928858,0.0639742273386784,0.0617207233655283,0.043874672697126,0.0178460506684023,0.99592292476539,-0.00232695064316217
10.68,1.52904602037268,4.14946189396045,0.084707805981049,4.07186361695445,0.064046471907636,0.0533856386293236,0.0355427255172173,0.0178429131121063,0.995923097631285,-0.00234688485954002
10.685,1.52630266455091,4.14345093633593,0.0847993770409767,4.06639841055209,0.0641192880623999,0.0528427976278766,0.0350066942520098,0.0178361033758668,0.995930205910402,-0.00234111766975665
10.69,1.49389177102404,4.15452334848699,0.084890702386727,4.06093777721439,0.0641917827383787,0.0694150704778939,0.0515855029124344,0.0178295675654595,0.99595212023895,-0.00228152035362397
10.695,1.50149886972332,4.14266465283461,0.0849849999094166,4.05533041356513,0.0642620327015316,0.0627057783609095,0.0448742093128727,0.0178315690480368,0.995954198491482,-0.00229450676127903
10.7,1.50160224052489,4.13505895657481,0.0850779269623443,4.04977939207831,0.0643325864521616,0.0605718664672194,0.0427408399591782,0.0178310265080412,0.995959930369479,-0.00229391931882485
10.705,1.44934161385052,4.15720481625717,0.0851702939573221,4.04424699441168,0.0644029714301421,0.0927356356832162,0.0749056327225494,0.0178300029606668,0.995991796882789,-0.00219900446647407
10.71,1.40371566528359,4.17469672554422,0.0852676079104003,4.03846927357562,0.0644697874360764,0.126664427391288,0.108821621273568,0.0178428061177207,0.996020639830564,-0.00211686887135926
10.715,1.40406730223231,4.16696260892782,0.0853688862920964,4.03248400809686,0.0645333906447371,0.123787028731901,0.105919702522382,0.0178673262095186,0.99602672503902,-0.00211667238418816
10.72,1.37773667475302,4.17346134418729,0.0854695650982471,4.02651740343504,0.0645967116385675,0.144208506349688,0.126317021146542,0.0178914852031467,0.996046099607263,-0.0020692879063663
10.725,1.39666837218669,4.15602866048479,0.0855721868581803,4.02044041661833,0.0646580143351139,0.125341279573575,0.107419084107659,0.0179221954659167,0.996042947806083,-0.00210191519610433
10.73,1.34573890598676,4.17558549588141,0.0856724445990073,4.0144705031724,0.0647202168875654,0.169443646268161,0.151495857256799,0.0179477890113621,0.996074566527079,-0.00201143994716903
10.735,1.30953202290872,4.18663070635109,0.0857768927506799,4.00827217881389,0.0647787865214585,0.203419368454847,0.185433182090774,0.017986186364073,0.996099065870659,-0.00194747787216838
10.74,1.30894677612018,4.1794124526577,0.085883957327564,4.00191963516858,0.0648346176670992,0.20144197500607,0.183408527276353,0.0180334477297166,0.996105898467143,-0.00194562343221981
10.745,1.30317717680155,4.17480197364507,0.085990503908732,3.99558026328081,0.0648899941182249,0.204848045463541,0.186767259207954,0.018080786255587,0.996115275430938,-0.00193478037462436
10.75,1.31674322251965,4.16056655572875,0.0860969793168297,3.98923001671798,0.0649445777115518,0.188612868784124,0.170483388808334,0.0181294799757896,0.996114964183205,-0.00195749884815387
10.755,1.27443098887013,4.17443221885694,0.0862017170944205,3.98295806717417,0.0649996294888369,0.230829177958856,0.212654411062829,0.0181747668960272,0.996142470860222,-0.00188347099817971
10.76,1.27516449583711,4.16661251582423,0.0863094900471364,3.97650570834495,0.0650515056460692,0.227596658911234,0.209366306244127,0.0182303526671068,0.996148622609111,-0.00188390206145828
10.765,1.25350599820291,4.16976289208189,0.0864166403165164,3.97007209013545,0.0651029779205547,0.249007640259637,0.23072186234017,0.0182857779194667,0.996165916579908,-0.00184587732144769
10.77,1.2438268113698,4.16698309980754,0.0865249949485917,3.96355535886524,0.0651525787645898,0.257484532900343,0.239138099976052,0.0183464329242904,0.996177277275952,-0.00182848657796983
10.775,1.23546509598559,4.16355415392555,0.0866335613595618,3.95701022724528,0.0652010699883432,0.264621168669401,0.246211704673254,0.0184094639961461,0.996187975621704,-0.00181338408325659
10.78,1.23061115631099,4.15844650716318,0.0867422286758671,3.95044269577989,0.0652485279467047,0.267866283335365,0.249391710418515,0.0184745729168493,0.996196909799875,-0.0018042866347654
10.785,1.21955942795281,4.15628696256192,0.0868507195042402,3.94386845842356,0.0652951748256947,0.278306329443765,0.259765383395452,0.0185409460483137,0.996208916060006,-0.00178466731907527
10.79,1.22485448142572,4.14640140812501,0.0869595121103599,3.93725995419984,0.0653405982107072,0.270107255978243,0.2514972007572,0.0186100552210436,0.996212750717635,-0.00179284590598215
10.795,1.21686684617802,4.14280987944816,0.0870673426721614,3.93068956603772,0.0653858633387199,0.277070173502203,0.258392101908783,0.0186780715934196,0.996223153413156,-0.0017784643947823
10.8,1.2046782761024,4.1411881355753,0.0871752425090189,3.92409853106534,0.0654301022554809,0.289053631649615,0.27030550779035,0.0187481238592654,0.996235644823353,-0.00175700225296994
10.805,1.17910235123547,4.14577317528033,0.0872835258313148,3.91746839391865,0.0654730297322879,0.3174060403788,0.298584828558239,0.0188212118205613,0.996254836746226,-0.00171305782178434
10.81,1.19025382469907,4.13331947198241,0.0873931590817193,3.9107407582457,0.065513749103809,0.302339582252781,0.283439140598894,0.0189004416538867,0.996255728638264,-0.00173101894997275
10.815,1.18728322642207,4.12736363153992,0.0875014272062963,3.90407561775862,0.0655546579606701,0.303872919034107,0.284895565079461,0.0189773539546467,0.996263585127342,-0.00172521030248093
10.82,1.15975840385098,4.13275793267099,0.0876093734120355,3.89741187011871,0.0655948370098162,0.335161610954626,0.316106410773909,0.0190552001807165,0.996283684107863,-0.00167821735074987
10.825,1.14657342853576,4.13139463131138,0.0877187752280417,3.89064307934799,0.0656326604076486,0.349521089000281,0.330381435571215,0.0191396534290655,0.996296682698436,-0.00165539957049182
10.83,1.17084846074478,4.11323327216212,0.0878285602758345,3.8838319606173,0.0656690470438379,0.318816548964907,0.299589117555905,0.0192274314090016,0.99629095768245,-0.00169517962285628
10.835,1.21574812899574,4.08543486237423,0.0879360815861659,3.87713779237014,0.0657064631485468,0.266010035795901,0.24670003819635,0.0193099975995509,0.99627477260473,-0.00177003147648579
10.84,1.19626838900167,4.08746031415248,0.0880396511860731,3.87065023094735,0.0657463030067437,0.286344958832534,0.266962735234311,0.0193822235982229,0.996290532514901,-0.00173634487917888
10.845,1.18684609623084,4.08464283923795,0.0881442151650265,3.86409158104897,0.065784352842539,0.295387003638498,0.27592767941532,0.0194593242231775,0.996301307148784,-0.00171970506591305
10.85,1.17963023549203,4.08077951068652,0.0882489718420152,3.85750610756894,0.0658212580759461,0.301984201784617,0.282445288025259,0.019538913759358,0.996310975332191,-0.00170680769044654
10.855,1.16248381511584,4.08150539225955,0.0883537477717444,3.8509034354832,0.0658571554177214,0.320554311157066,0.300933824598266,0.0196204865588004,0.996325595534556,-0.00167732157484522
10.86,1.15399287931766,4.07817758073046,0.0884592709968146,3.84424096119358,0.065891378569018,0.329037120879001,0.30933073121479,0.0197063896642106,0.996335916645322,-0.00166237619728526
10.865,1.17449378690407,4.06168239745939,0.0885648876739852,3.83755604260387,0.0659244841793123,0.303386817644584,0.283592201492599,0.0197946161519859,0.996331732717785,-0.00169586295744576
10.87,1.18767828573693,4.0484245428813,0.0886684698451355,3.8309715792329,0.0659583901887461,0.286522154861203,0.266643776993446,0.0198783778677578,0.996331076097172,-0.00171721319249253
10.875,1.20591579737714,4.03275232448528,0.0887705267795503,3.82445712368992,0.0659926340940225,0.264335962063275,0.244376665591523,0.0199592964717517,0.996327792021073,-0.001747151370695
10.88,1.19898740416431,4.0289428184878,0.0888706308483656,3.81803471117564,0.0660275680182338,0.270300007768759,0.250263947185743,0.0200360605830151,0.996336966231821,-0.00173472759837784
10.885,1.19015199462229,4.0260321036002,0.0889707793731352,3.81159600265861,0.0660615393168246,0.278530183429139,0.258415412964884,0.0201147704642546,0.99634708362891,-0.0017191233348446
10.89,1.20188336472024,4.01342543128318,0.0890711189840464,3.80513280686325,0.0660944140510742,0.263741838618757,0.243545932074293,0.0201959065444642,0.996346915657564,-0.00173810661990604
10.895,1.1841689752074,4.014793802298,0.0891700176896047,3.7987335029094,0.0661275531088049,0.282033137386362,0.261758684036548,0.0202744533498134,0.996361376197282,-0.00170760402350383
10.9,1.15390614990629,4.02193787081374,0.0892698211137271,3.79227133689682,0.0661590085956859,0.31579181872967,0.295434202417693,0.0203576163119767,0.996382149627552,-0.00165631614684276
10.905,1.1753724494673,4.00504293591552,0.0893714321300007,3.7856932328255,0.0661879246110974,0.289630010249044,0.26918161150026,0.0204483987487836,0.996377147735346,-0.00169138443761503
10.91,1.20255174394139,3.98532009952128,0.0894709076271557,3.77921872777269,0.066217718634931,0.257917565328987,0.237383170480766,0.0205343948482209,0.99636915628375,-0.00173624358121398
10.915,1.19352811827105,3.98264002383214,0.0895677166027563,3.77287300218316,0.0662487966892676,0.266250533984156,0.245636514139553,0.0206140198446021,0.996379104288655,-0.00172035334421093
10.92,1.19058991113916,3.97704945710384,0.0896647655506321,3.76650180461116,0.0662787737444767,0.267896475491066,0.247200300463321,0.0206961750277442,0.996386011277302,-0.00171470056228473
10.925,1.17246717815039,3.97867512971222,0.0897615590394883,3.7601312833431,0.0663080468112769,0.286825395642694,0.266046029597152,0.0207793660455419,0.996400484502552,-0.00168365308599664
10.93,1.1743709571266,3.97081208303629,0.0898593021297642,3.75369655220841,0.0663355988434157,0.283161593748423,0.262294234483378,0.0208673592650458,0.996404985734272,-0.00168611209510509
10.935,1.17158699345073,3.96516294215137,0.0899564047076843,3.74728294078038,0.0663627489014429,0.284814697989173,0.263859450317519,0.0209552476716539,0.996411783368843,-0.00168074863791966
10.94,1.17320555278108,3.95746352172189,0.0900532382047649,3.74087057194805,0.066389186467466,0.281515143318661,0.260470954887056,0.0210441884316044,0.996416353153114,-0.00168273656211961
10.945,1.19467003207588,3.94046083716263,0.0901494573207391,3.73447800264155,0.0664152037383907,0.256458580150293,0.235325477148353,0.0211331030019397,0.996410954402733,-0.00171793822940476
10.95,1.18395498690205,3.93870105861517,0.0902434557386747,3.72818900291245,0.0664421314168602,0.266749077031903,0.245532073397711,0.0212170036341921,0.996421511337217,-0.00169929209180604
10.955,1.1877277508979,3.93002711792545,0.0903378533867705,3.72186728597827,0.066467840242354,0.261128740496769,0.239824802183234,0.0213039383135344,0.99642483556084,-0.00170490495970007
10.96,1.20296596510677,3.91589752018487,0.0904314645440573,3.71557442925085,0.0664932891278192,0.243267366188334,0.221877092025896,0.0213902741624374,0.996422372903572,-0.00172975843719921
10.965,1.21405686591761,3.90370246318711,0.0905233300986245,3.70935906234708,0.0665192512794421,0.230089767833486,0.208616703610644,0.021473064222842,0.996421877380496,-0.00174772159620776
10.97,1.21657353659334,3.89566716214213,0.0906137762406516,3.70320390739201,0.0665454669605561,0.225948840251424,0.20439554538946,0.0215532948619646,0.99642558094289,-0.00175127982126864
10.975,1.19605044700297,3.89893499142659,0.0907035373451406,3.6970723949356,0.0665713749430652,0.246257847720538,0.224624689702188,0.02163315801835,0.996440757020595,-0.00171612469597572
10.98,1.1924607387279,3.89387444336173,0.0907945939703094,3.69086561696212,0.0665954336020825,0.248673697158092,0.226955052024493,0.0217186451335999,0.996447527410453,-0.00170943384130457
10.985,1.19167749900691,3.88747250635846,0.0908854874817633,3.68465627245564,0.0666187562128744,0.248103493534878,0.226298091556036,0.0218054019788416,0.996452875710104,-0.00170744675012825
10.99,1.16113013095368,3.89541320540981,0.0909759830032952,3.67845622748004,0.0666415277766591,0.280589181575529,0.258696464267463,0.0218927173080659,0.99647307453099,-0.00165585161516751
10.995,1.14994999018197,3.89388405415902,0.0910685251931834,3.67213947207522,0.0666617498231794,0.291953377438831,0.269965169520498,0.0219882079183337,0.996483691003448,-0.00163663476092332
11,1.12395216918498,3.89921113539245,0.0911614894001501,3.66578853560788,0.0666806896409409,0.320930862131777,0.298843900251697,0.0220869618800802,0.99650172896278,-0.00159305282946575
11.005,1.13835107364991,3.88587056331249,0.0912559864804909,3.65934225037076,0.0666973403892274,0.303352718976225,0.28116005614162,0.0221926628346043,0.996499641125453,-0.00161609780456521
11.01,1.1363470418647,3.88004185491575,0.0913489209077188,3.65296700567314,0.0667143889963944,0.304526302099962,0.282230959305161,0.0222953427948018,0.99650565991324,-0.00161211886272936
11.015,1.14554032309161,3.86906011364542,0.0914415489783185,3.6465957188139,0.0667307488579017,0.293011297687299,0.270612251874076,0.0223990458132224,0.996506053359842,-0.00162662598280168
11.02,1.14110241223272,3.86441055165104,0.0915329989094152,3.64027431540184,0.0667471709653708,0.296921408447846,0.274420443984763,0.0225009644630825,0.996513189025695,-0.00161863229421861
11.025,1.17022659628693,3.84418602620819,0.0916243421547149,3.63394675470334,0.0667627491381099,0.263809805778629,0.241205285863082,0.0226045199155468,0.996503528110707,-0.00166620470571765
11.03,1.13809407620391,3.85283896865715,0.0917128758526133,3.6277509077077,0.0667797360780525,0.298914444574441,0.27621331634722,0.0227011282272205,0.996524335479712,-0.00161236665208693
11.035,1.14254738914804,3.84409531987893,0.091803560078958,3.62143338820802,0.0667940434520382,0.292830494143492,0.270024037045953,0.0228064570975394,0.996526955615782,-0.00161905484561611
11.04,1.14870664648148,3.83456635761437,0.0918934411354276,3.61514607722247,0.0668080984342126,0.284873636042029,0.261962436341398,0.0229111997006312,0.996528670413385,-0.00162857206317145
11.045,1.14235932125468,3.83090848627673,0.0919823804714649,3.60889596412417,0.0668220209509415,0.290944259264485,0.267929356360969,0.0230149029035164,0.996536579046057,-0.00161744728967942
11.05,1.16062057740505,3.81575333187582,0.0920713842245466,3.60263166543611,0.0668349762654496,0.269781801076036,0.246661028769069,0.0231207723069673,0.996532177659751,-0.0016469835468147
11.055,1.14681226372613,3.81571924814731,0.0921584559868241,3.59645398852793,0.0668486145030261,0.284062620783236,0.260840166868832,0.0232224539144036,0.996543699562005,-0.00162351567775573
11.06,1.11829453842217,3.82252311544897,0.0922462212953715,3.59023115224135,0.0668607965035057,0.315803948216237,0.292475699346387,0.02332824886985,0.99656260412959,-0.00157598406416994
11.065,1.10540236372516,3.82182644877305,0.0923358022790263,3.58390322835747,0.0668705173841224,0.329972313463002,0.3065303891651,0.0234419242979019,0.996573782924052,-0.00155425714687208
11.07,1.11062210248433,3.8128523232075,0.0924259235477509,3.57753490760517,0.0668787999569855,0.323119860334378,0.299560361207264,0.0235594991271142,0.996575925048687,-0.00156214324602425
11.075,1.12051398567657,3.80175395144984,0.0925152072057013,3.57119908318452,0.0668868511401076,0.310956485081273,0.287280053119544,0.0236764319617287,0.996575677805433,-0.00157769304124934
11.08,1.08493074534888,3.8115887731288,0.0926032878859067,3.5649145199963,0.06689499114588,0.352333769192835,0.328542261012632,0.0237915081802035,0.996598095937045,-0.0015190356524137
11.085,1.08540323618508,3.80479370057217,0.0926936197774187,3.5584980068683,0.0669001670460528,0.351131700476523,0.327215448499782,0.0239162519767406,0.996602595317332,-0.00151916769703425
11.09,1.08100093752827,3.80019361697549,0.0927834786930026,3.55209476662346,0.0669047722189114,0.355744219143174,0.331702585487566,0.0240416336556084,0.996609498148027,-0.00151139572593249
11.095,1.10292266356704,3.78386297480979,0.0928732225176114,3.54568547549585,0.0669084788618994,0.329577262626523,0.30540838167151,0.0241688809550125,0.996603223863783,-0.00154639338615087
11.1,1.11702786319817,3.77092224087875,0.0929608966234776,3.53937392910559,0.0669130562069496,0.312663254065655,0.288371899542643,0.0242913545230122,0.996600741020269,-0.0015687944549162
11.105,1.13118822605602,3.75789873741824,0.09304704648412,3.53312987941031,0.0669179994278712,0.295892067916356,0.271481156249348,0.0244109116670085,0.996598142759837,-0.00159136951635458
11.11,1.10483537926898,3.7637694112449,0.0931316378322975,3.52695388592358,0.0669233266343651,0.325615211388743,0.301087763184189,0.0245274482045544,0.996615711954877,-0.00154767445763178
11.115,1.13555726117339,3.74324714738843,0.0932178961209324,3.5206828449433,0.0669263225409237,0.290345535582969,0.265693985726866,0.0246515498561031,0.996604822138946,-0.00159730682673288
11.12,1.14069947588426,3.73440550422275,0.0933012776920732,3.51454520260811,0.0669308065260029,0.283813809557284,0.259045499814117,0.0247683097431671,0.996606565186148,-0.00160515075006358
11.125,1.1566033905251,3.72048148517297,0.0933838162142241,3.50843950792178,0.0669350862297635,0.265620931076922,0.240736574812137,0.0248843562647854,0.996602876176418,-0.00163074080252829
11.13,1.19787975746755,3.69430030826949,0.0934645935534156,3.50240928744333,0.0669398924364512,0.221981304760182,0.196984561071581,0.0249967436886005,0.996586402689061,-0.00169859607936703
11.135,1.18927910201491,3.6922783104588,0.0935412732362493,3.49655833915139,0.0669469523092078,0.22985441514114,0.204756177905698,0.0250982372354415,0.996594649792281,-0.00168370626548997
11.14,1.16495444598064,3.69800801344465,0.0936183474991359,3.49068285411808,0.0669529487853147,0.254771579277513,0.229568897753648,0.0252026815238655,0.996610772689863,-0.00164281285766907
11.145,1.17858365887012,3.68508907731276,0.0936972078793198,3.48471795503852,0.0669568125003667,0.239560928849576,0.214246441010002,0.0253144878395736,0.996608003691051,-0.00166479175961279
11.15,1.17054757542808,3.68275279932482,0.0937744509616439,3.47881970481775,0.0669610759452659,0.247171697102532,0.221748603210928,0.0254230938916042,0.996615977775102,-0.00165091338393791
11.155,1.16965497577988,3.67691286020171,0.0938520193300709,3.4728994695673,0.0669642932585893,0.247274384285214,0.221739840310566,0.0255345439746484,0.996620390223864,-0.00164886626887835
11.16,1.14029320733099,3.68497670482356,0.0939292707406728,3.4669865344955,0.0669669374918399,0.278601627738553,0.252954771100354,0.0256468566381998,0.996639014540123,-0.0015999322894641
11.165,1.15661997543735,3.67092064739799,0.0940086882111926,3.46096465680245,0.0669670883120541,0.260222448635836,0.234454489397425,0.0257679592384111,0.996634898402244,-0.00162620144949681
11.17,1.14553593369485,3.67002866967754,0.0940862949506983,3.45501921532816,0.066967795181179,0.271558989891539,0.245673748147086,0.0258852417444526,0.996644388790831,-0.00160740088054662
11.175,1.18847074244196,3.64321440564524,0.0941644724444678,3.44903967971639,0.0669672271372363,0.226208248289981,0.200201961582586,0.0260062867073955,0.996626892212057,-0.00167773464846872
11.18,1.21234642996034,3.62516147659663,0.0942383997580095,3.44324365487308,0.06696901454627,0.2017029629486,0.175587095842149,0.0261158671064505,0.99661870325623,-0.00171694114769218
11.185,1.24069958264159,3.60463408111956,0.0943096693620749,3.43755645947347,0.0669719184055273,0.174215188990398,0.147996127246216,0.0262190617441818,0.996608135229952,-0.0017639199387772
11.19,1.24710851951092,3.59522516401238,0.0943777399189336,3.43199776627689,0.0669762672884172,0.167466141262143,0.141151840436027,0.0263143008261153,0.996608372247634,-0.00177418736164221
11.195,1.24353210975356,3.59104457688689,0.0944447893864286,3.42647680228788,0.0669806139064082,0.169785745902672,0.143377695119118,0.0264080507835541,0.99661354546497,-0.00176765594228093
11.2,1.26432128031475,3.57415194170868,0.0945118477291893,3.42095149024894,0.0669842924281464,0.150669670600893,0.124166328832769,0.0265033417681242,0.996606531536411,-0.00180220836446591
11.205,1.26910235860847,3.56561716744778,0.0945763722707564,3.41552432673615,0.0669889421533596,0.145691468111453,0.119098778542665,0.0265926895687879,0.996607389390041,-0.00180980090294781
11.21,1.26844581763905,3.55999437617646,0.0946400360650802,3.41012814527344,0.0669935079249286,0.14534050242773,0.118659544622497,0.0266809578052323,0.996610918379054,-0.00180819943051628
11.215,1.26450351135675,3.55613923503159,0.0947034240432234,3.40473981613372,0.0669976287896848,0.147788606684693,0.121018771360109,0.0267698353245834,0.996616072108572,-0.00180104391740654
11.22,1.28226462335771,3.54073716750082,0.0947668899500513,3.39934533368246,0.0670010824530221,0.132338392799179,0.10547803500281,0.0268603577963689,0.996610373776184,-0.00183064267265694
11.225,1.28029620065267,3.53589366910367,0.0948280835605892,3.39403668053504,0.0670053284901937,0.133050370681163,0.106104670948582,0.0269456997325811,0.996614422243147,-0.00182682819169032
11.23,1.24614573977882,3.54842681953777,0.0948891578304552,3.38873015529309,0.0670090572375761,0.161415288183603,0.134383238053641,0.0270320501299622,0.996634551812542,-0.00176866597028315
11.235,1.28425962011548,3.52246488623266,0.0949535620278335,3.38328846556199,0.0670100952447417,0.129127157084665,0.101997627350848,0.0271295297338179,0.996618711485521,-0.00183258361829258
11.24,1.2966173316958,3.50990889629331,0.09501350978972,3.37801699550399,0.0670132776971315,0.118757574949952,0.091542105603294,0.0272154693466585,0.996615522751432,-0.00185313161158745
11.245,1.30869868175923,3.49747058703425,0.095071742627783,3.37280866946674,0.0670169121258499,0.109028690457277,0.0817308763995823,0.027297814057695,0.996612383049187,-0.00187328087198378
11.25,1.34270115103924,3.47287970034492,0.095128272346802,3.36766255597969,0.0670209950435899,0.0855645782210371,0.0581879981380021,0.027376580083035,0.996598194546046,-0.00193114963191343
11.255,1.32744042120344,3.47582672824948,0.0951804689269371,3.36267341602548,0.0670270208135214,0.0947043496663683,0.067259975768197,0.0274443738981712,0.996608419073084,-0.00190450687290144
11.26,1.32602785416727,3.4708931860582,0.0952341964464287,3.35762785798309,0.0670317077364363,0.0948727246301435,0.0673551886962132,0.0275175359339302,0.996611792636196,-0.00190166070458998
11.265,1.31780701771364,3.46979362407659,0.0952877877832735,3.35258647446133,0.0670359712794942,0.0996758089413676,0.0720843470108579,0.0275914619305097,0.996618560576851,-0.00188715752835835
11.27,1.33715586882193,3.4532830813496,0.0953420470604259,3.34751968448734,0.0670393502833954,0.0863303527738355,0.0586619254606229,0.0276684273132126,0.996611573752339,-0.00191991510846271
11.275,1.31443144867853,3.46049550199504,0.0953936951122112,3.34254668508242,0.0670436955186667,0.100657694095988,0.0729184638184007,0.0277392302775872,0.996625491382554,-0.00188055325421468
11.28,1.34595384209246,3.43724104852958,0.0954477553012772,3.3374848857518,0.0670461914200948,0.0799474569352109,0.0521295235321981,0.0278179334030129,0.996612401990384,-0.0019342171813389
11.285,1.30683289906504,3.4539603504934,0.0954977294671804,3.33256900073169,0.0670504715077416,0.105039283317343,0.0771529327408466,0.0278863505764967,0.996634429633189,-0.00186676333442323
11.29,1.35009958952539,3.42429025791692,0.0955520942676654,3.32749231747548,0.0670518066547786,0.0769982183317388,0.0490300152263409,0.0279682031053979,0.996615477289453,-0.00194053254109768
11.295,1.34516138889062,3.42154066765253,0.0956009596264508,3.32261116820715,0.0670557098001595,0.0792227707074824,0.0511869645386246,0.0280358061688578,0.996620353584057,-0.00193163645286126
11.3,1.35109478998791,3.41257501698033,0.0956501533458814,3.31771846674096,0.0670589810903572,0.0751401297646668,0.0470347658031299,0.028105363961537,0.99661980776902,-0.00194146860035076
11.305,1.33102956321015,3.41855166636498,0.0956983316508036,3.31286162242835,0.0670623483481124,0.0865356445062145,0.0583624875932392,0.0281731569129753,0.9966322088857,-0.00190657852439779
11.31,1.34263355998445,3.40641284930124,0.0957486935995299,3.30792705517869,0.0670640638648582,0.0788986583921725,0.0506505691060224,0.0282480892861501,0.996628880193116,-0.00192611416331809
11.315,1.31974208795145,3.41395891751814,0.095797352072052,3.30305257170636,0.067066240528496,0.0925185222934938,0.0641991520395672,0.0283193702539266,0.996642713106142,-0.00188646394389928
11.32,1.30549993004592,3.41640172251749,0.0958485105681722,3.29808841599015,0.0670665639206296,0.10142043627937,0.0730216798281669,0.028398756451203,0.996652341399126,-0.00186174786699185
11.325,1.33437714841595,3.39477170302042,0.0959010683237974,3.29307280554034,0.0670655893144118,0.0824069219259664,0.0539236211308069,0.0284833007951595,0.996640475794236,-0.00191072109146417
11.33,1.35597338023942,3.37698564395502,0.0959498690561725,3.28819015172513,0.0670662104290623,0.0696457213755929,0.041087286089638,0.0285584352859549,0.996632064230986,-0.00194749715714004
11.335,1.38820000083283,3.35290307013909,0.0959957089782188,3.28341057694127,0.0670679716705512,0.0537796511548154,0.0251532420680677,0.0286264090867477,0.99661819046767,-0.00200295174589467
11.34,1.40244905169258,3.33909379295616,0.0960371335281542,3.27878135530158,0.0670716185484632,0.0476217023650198,0.0189384564188986,0.0286832459461211,0.996613087933635,-0.00202743848136058
11.345,1.41553457700465,3.32593482558801,0.096076422062664,3.27422491699868,0.067075979436698,0.0426507038112248,0.0139155611174455,0.0287351426937793,0.996608461289343,-0.00204998915680498
11.35,1.44333673686265,3.3038465949693,0.0961137081980058,3.26973643620768,0.0670809950194135,0.0348351772371829,0.00605274186459466,0.0287824353725883,0.996596377221143,-0.00209851415221276
11.355,1.39829556514707,3.32640772787734,0.0961469158386704,3.26538210598861,0.0670876773127782,0.0481864287637626,0.0193668538112842,0.0288195749524784,0.996620514880813,-0.00201930703484671
11.36,1.39679161947825,3.32201601237642,0.0961861068772834,3.2608333334295,0.0670911443607712,0.0483321099094347,0.0194587364259279,0.0288733734835067,0.996623173857551,-0.00201636964570383
11.365,1.39141834044038,3.31994637148048,0.0962252659895002,3.25628742947062,0.0670942757696264,0.0499850545704702,0.0210571561228893,0.0289278984475809,0.996627764395973,-0.00200669900369171
11.37,1.41760381129135,3.29909032840024,0.0962649085257695,3.25172720275327,0.0670968082610957,0.040636080407637,0.0116515234128633,0.0289845569947738,0.996616597485561,-0.00205207875538256
11.375,1.39915157065416,3.30507786841211,0.096300778099347,3.24729216958737,0.0671008667436185,0.0463691299534445,0.0173372793790841,0.0290318505743604,0.99662756477489,-0.00201955487981086
11.38,1.39930689181203,3.29975668578999,0.0963389392443083,3.24278408454489,0.0671034709620174,0.0459321884136949,0.0168461336511172,0.0290860547625776,0.99662933809656,-0.00201951697340394
11.385,1.39530255840468,3.29694321765465,0.0963768523204804,3.23828606061471,0.0671058532480998,0.0469904349908011,0.0178500438080641,0.0291403911827369,0.996633177761534,-0.00201223545850463
11.39,1.43232947476225,3.26960749655646,0.0964150776439128,3.23377963026196,0.0671077328628511,0.0358532014372329,0.00665682191304813,0.0291963795241847,0.996616515472015,-0.00207667990806675
11.395,1.40885068183005,3.27890683327678,0.0964479945920966,3.22944610742421,0.0671118768568293,0.041921181094436,0.0126822927330411,0.0292388883613949,0.996629847788317,-0.00203528469317326
11.4,1.42220936925257,3.26569124096128,0.0964839625651731,3.22501641992577,0.0671142473148766,0.037863899919914,0.00857365836914568,0.0292902415507683,0.996624907767225,-0.00205836218299912
11.405,1.41644710884513,3.26410174698088,0.0965178743375403,3.22065528527962,0.0671173014807012,0.0391152909459599,0.0097784739216161,0.0293368170243438,0.99662942759995,-0.00204799670264107
11.41,1.42397200774235,3.25442812417239,0.0965523793235486,3.21627760077966,0.0671197655391493,0.0369228480143378,0.00753716503588974,0.029385682978448,0.996627331337113,-0.00206089370107651
11.415,1.41847837330629,3.25271546593308,0.0965856317482066,3.21194256208245,0.0671225296437558,0.0380378941734168,0.00860598858402888,0.0294319055893879,0.996631682730458,-0.00205100026927067
11.42,1.40483369075256,3.25595694889792,0.0966194470191226,3.2075920945911,0.0671247243804435,0.0415853380928066,0.0121050120047592,0.0294803260880474,0.996640135675019,-0.00202688301725795
11.425,1.4219849286644,3.2405277791953,0.0966549364826882,3.20318992967662,0.0671257914846341,0.0367457896806663,0.00721181481987562,0.0295339748607907,0.996633270163365,-0.00205657609256924
11.43,1.40266647797335,3.2472992749187,0.0966878451268835,3.19887262329347,0.0671277937769871,0.041708816364078,0.0121273805645044,0.0295814357995736,0.996644514014001,-0.00202254973814152
11.435,1.44625459059221,3.2159680801973,0.0967232212018108,3.19447822336381,0.0671282898486898,0.0320235438806585,0.00238729614763563,0.0296362477330229,0.996624422192731,-0.00209865527300083
11.44,1.4823003854385,3.18861344128135,0.0967522751138636,3.19028514676288,0.0671315050861646,0.029689321213651,1.44420336043506e-05,0.0296748791800466,0.996607796387912,-0.00216220467421174
11.445,1.4256382263674,3.21988732605919,0.0967758541229996,3.18626318881191,0.0671369897645325,0.0355409218092544,0.00584124323091328,0.0296996785783411,0.996637260676057,-0.00206199225286879
11.45,1.42692224170019,3.21413386897448,0.0968075181381565,3.18199117651581,0.0671385285044395,0.035082397757416,0.00533611799146555,0.0297462797659505,0.996638139574482,-0.00206398508400344
11.455,1.42024266878919,3.21328642096385,0.0968388090820976,3.17773369602968,0.0671399588456678,0.036318843275301,0.00652628972942739,0.0297925535458736,0.996642981370343,-0.00205202774876032
11.46,1.41351470645853,3.21244983962223,0.0968708482892902,3.1734552323867,0.0671407443045465,0.0376899901915777,0.00784848806584293,0.0298415021257348,0.996647882273172,-0.0020400000532063
11.465,1.40930902315542,3.21005919705726,0.0969036321257017,3.16915562795911,0.0671408725225013,0.03852596598814,0.00863281348833719,0.0298931524998028,0.996651556704362,-0.00203238845240533
11.47,1.40901864504311,3.20529024011355,0.0969368017377015,3.16484609876478,0.0671405048692919,0.038383658758829,0.00843708756693742,0.0299465711918916,0.99665329089439,-0.00203161248962996
11.475,1.3986007787649,3.20668310211157,0.0969698121129573,3.1605439222306,0.0671399003006638,0.0409770392243356,0.0109767353040169,0.0300003039203187,0.996660080120958,-0.00201318576291346
11.48,1.38226106478363,3.21159118072599,0.0970040585482983,3.15620439593408,0.0671383738797992,0.0458703402665927,0.0158122040226709,0.0300581362439218,0.996669888308114,-0.00198452357309277
11.485,1.39819663026478,3.19713063950464,0.0970403159644591,3.15180173676881,0.067135511382591,0.0407091430969263,0.0105868854754494,0.0301222576214769,0.996663653799516,-0.00201191229377622
11.49,1.39239786046782,3.1957143123751,0.0970741965530251,3.14747692214188,0.0671334723936829,0.0421656330803232,0.0119848832085937,0.0301807498717295,0.996668171664848,-0.00200155372230134
11.495,1.41867629818028,3.17501564842044,0.0971086672571333,3.14313516169867,0.0671308090572401,0.0354747812263161,0.00523313449934109,0.030241646726975,0.996656677957295,-0.00204709029986264
11.5,1.4498009635212,3.15112200926407,0.0971392925225406,3.13891659937883,0.0671296813439541,0.0310597251949912,0.00076679594115925,0.030292929253832,0.99664257658839,-0.0021014880102316
11.505,1.44646945068928,3.14846127789581,0.0971652672593696,3.13484395289536,0.0671304520466207,0.0312866725228961,0.00095420691672194,0.0303324656061742,0.996645480735513,-0.00209540553892539
11.51,1.44022742271224,3.14762047322237,0.097191567499545,3.1307647435016,0.0671308354078542,0.0318350506874577,0.00146162692777302,0.0303734237596847,0.996649854984723,-0.00208420652230941
11.515,1.44086512440159,3.14248261100558,0.0972186118169728,3.12666594651287,0.0671306300994544,0.031703556369817,0.00128662028288393,0.0304169360869331,0.996650824118082,-0.00208510621152242
11.52,1.445362126371,3.13495773289533,0.0972453976080695,3.12257826493417,0.0671302924120394,0.0312483187842575,0.0007879613368389,0.0304603574474186,0.99664985058285,-0.00209279835747939
11.525,1.44190597308429,3.13241725269056,0.0972713650018508,3.11851885134639,0.0671300840358512,0.0314951132019667,0.000992920989234489,0.0305021922127322,0.996652814000367,-0.00208650427777325
11.53,1.42255195998663,3.13978782099355,0.0972976753392779,3.11445221007531,0.0671294737049471,0.0338441207219386,0.00329860491713935,0.0305455158047993,0.996663741990057,-0.00205233245895095
11.535,1.41296786664059,3.14095504747156,0.0973266058182178,3.11030753625658,0.0671273822383052,0.0354218048019895,0.0048253503539773,0.0305964544480122,0.996669908819546,-0.00203534235477351
11.54,1.43545478685099,3.12247297021646,0.0973567158620916,3.10612868547703,0.0671244432713668,0.0320232007127026,0.00137194255824146,0.0306512581544611,0.996660095327737,-0.00207446917770814
11.545,1.40300403236976,3.13796061854978,0.097383436715455,3.10205663531021,0.067122810850517,0.0373163199019252,0.00661866152985593,0.0306976583720693,0.996677588975286,-0.00201750610378161
11.55,1.42142787363919,3.12203720491875,0.0974145982742517,3.0978487315983,0.0671188033549814,0.0337597198873484,0.00300305217051304,0.0307566677168354,0.9966698552184,-0.00204941291465326
11.555,1.41556522188193,3.12096906544419,0.0974429780296452,3.0937292629962,0.0671158141112322,0.0346162976269234,0.00380738998545349,0.0308089076414699,0.996674131929242,-0.00203893289307778
11.56,1.41590918858174,3.11608135918532,0.0974720178008059,3.08959193630717,0.0671122269366846,0.0344630563621768,0.00359944084594374,0.0308636155162331,0.996675335808914,-0.00203929767658562
11.565,1.40504139002625,3.11808549939715,0.0975008329778341,3.08546402534978,0.0671084530784226,0.0363756141305204,0.00545718706457023,0.0309184270659502,0.996682134120169,-0.00202010410967877
11.57,1.41486785298886,3.10742717130124,0.097531004560986,3.0812963123547,0.0671037354670533,0.0344781682062812,0.00350053704643806,0.0309776311598431,0.996678648663082,-0.00203699928588679
11.575,1.3636903134026,3.13417771396505,0.0975596100137044,3.07717929358811,0.0670994572108809,0.0476837775572873,0.016650435180145,0.0310333423771423,0.996705590279574,-0.00194796389819924
11.58,1.32511969663816,3.15223339037858,0.0975950799310264,3.07284590996341,0.0670915110632909,0.0633969872944646,0.0322883697166047,0.0311086175778599,0.9967265519766,-0.00188150754779569
11.585,1.29058512623143,3.16725447310862,0.0976353581276994,3.0683554162711,0.0670806813105797,0.0812879407917238,0.0500895558275014,0.0311983849642223,0.996745721423729,-0.00182249350080965
11.59,1.30921757307926,3.1519258864831,0.0976796883359523,3.06372780847509,0.0670671919625283,0.0711193722770564,0.0398184161765232,0.0313009561005333,0.996738496907529,-0.00185375086978557
11.595,1.30473873976122,3.14963279628886,0.0977214819170945,3.05918475960984,0.0670545894643329,0.0732554783744115,0.0418579783001574,0.0313975000742541,0.996742706603468,-0.00184581411403399
11.6,1.30568171962316,3.14426295197363,0.0977635947187426,3.05463076850216,0.0670413360668634,0.0725847374780965,0.0410885480273872,0.0314961894507093,0.996744218737939,-0.00184708629939557
11.605,1.33447381387266,3.12310855542757,0.0978053525027403,3.0500883339706,0.0670277917235249,0.0588530833647011,0.0272579802903713,0.0315951030743298,0.996731787906277,-0.00189583437432146
11.61,1.37956387972923,3.09221255872556,0.0978432264296887,3.04567289398709,0.0670158356526266,0.0427525653462107,0.0110684227871683,0.0316841425590424,0.996711023855073,-0.00197310767431298
11.615,1.41349283186628,3.06724013758127,0.0978748801472726,3.04145447913393,0.0670066018829177,0.035153527411198,0.00339668452498903,0.0317568428862089,0.996695546804525,-0.00203180460564603
11.62,1.39089461175223,3.0766169202234,0.0979015975243157,3.03738911853754,0.0669993946101465,0.039675886215476,0.00785901590994443,0.0318168703055316,0.996708100630221,-0.00199226926864464
11.625,1.4193725584182,3.05481848066838,0.0979313398232096,3.03323269313567,0.0669904462255688,0.0342648654246909,0.00237894337118441,0.0318859220535065,0.996695257625241,-0.00204161191586641
11.63,1.39993935045003,3.06234773334621,0.0979568706876702,3.029206377533,0.0669831704692597,0.0375505729036539,0.00560629110253994,0.031944281801114,0.996706171855829,-0.0020075323015786
11.635,1.38445267173726,3.06727244133736,0.097985015588437,3.02510255339268,0.0669743746294451,0.0410848358454162,0.00907434386057864,0.0320104919848375,0.996715234720319,-0.00198043048654442
11.64,1.37255680145391,3.06990366996328,0.0980151538420738,3.02093906099414,0.0669642986357188,0.0443134205965482,0.0122304196724718,0.0320830009240765,0.996722594795299,-0.00195961688574545
11.645,1.37796861918211,3.06210977831863,0.0980467473620754,3.01673179646026,0.0669531639316001,0.0426613464076108,0.01050091559863,0.0321604308089808,0.99672136828132,-0.00196871402942609
11.65,1.38707334625183,3.0521117097513,0.0980774127964804,3.01255485013577,0.0669421210544095,0.0402133026160667,0.00797709226837639,0.0322362103476903,0.996718250942706,-0.00198422665095753
11.655,1.3689247193496,3.05859060912696,0.0981066367293972,3.00842400603698,0.066931425338425,0.0451351864293879,0.0128262885646031,0.0323088978647849,0.996728691989493,-0.00195261612929001
11.66,1.35016517444489,3.06526003347628,0.0981381849941779,3.00422246000258,0.0669192523107073,0.0513702489121507,0.0189813240166303,0.0323889248955205,0.996739546285049,-0.00192008495547756
11.665,1.34093933256983,3.06613059078564,0.0981720729577022,2.99994829771805,0.0669055371248463,0.0547847507561916,0.0223082582638897,0.0324764924923019,0.996745742027708,-0.00190399827481414
11.67,1.33352429350605,3.06589641740082,0.0982069845691119,2.99564239732495,0.0668908975984131,0.0576967140911961,0.0251286981189555,0.0325680159722406,0.996751079038633,-0.00189103660739391
11.675,1.3710714022889,3.03946414444944,0.0982426656908589,2.99131251095009,0.0668754436598274,0.044463102984684,0.0118002692229042,0.0326628337617798,0.996733969695665,-0.00195523022608234
11.68,1.35949017474087,3.04192686953884,0.0982731174226536,2.98714637241564,0.0668621915474437,0.048012168930867,0.0152681778281159,0.0327439911027512,0.996741179659886,-0.00193503447272517
11.685,1.38370569153034,3.02306065901863,0.0983049656914076,2.98293801945779,0.0668478820227019,0.0410179499168286,0.00818791906394225,0.0328300308528864,0.996730555403553,-0.00197656293642739
11.69,1.35243733652988,3.03755268239936,0.098333301290446,2.97883883044112,0.0668349080808599,0.0504359704864279,0.0175287332294036,0.0329072372570243,0.996747508654071,-0.00192243384204118
11.695,1.33845672937251,3.04133534782343,0.0983657466806682,2.97461306434296,0.0668195682155797,0.0556260246532383,0.0226291329201227,0.0329968917331156,0.996756008415543,-0.00189821512400012
11.7,1.36980938308598,3.01848573808689,0.0983998628180081,2.9703354183549,0.0668029848569649,0.0448731329587927,0.0117807750127698,0.0330923579460229,0.996741918201165,-0.00195179452455035
11.705,1.37680651739125,3.00988378156583,0.0984295582936661,2.96619545590547,0.0667881876138486,0.0428720299150448,0.00969561294439177,0.033176416970653,0.996739799327997,-0.00196363273672261
11.71,1.36927986274037,3.01003834333741,0.0984581118308678,2.9620918909921,0.0667735781425132,0.0449325598168541,0.0116743163653715,0.0332582434514826,0.996744888508369,-0.00195041520670171
11.715,1.36256653197824,3.00967489051736,0.0984875356911248,2.95796309601424,0.0667581888378061,0.046919335742967,0.0135758787747487,0.0333434569682183,0.996749610635029,-0.0019386162932808
11.72,1.36452413580314,3.00411635637058,0.0985177056519369,2.95381261322015,0.0667420642293406,0.046274457073344,0.0128426994833003,0.0334317575900437,0.996750031071467,-0.00194174502826142
11.725,1.39374647240494,2.98228403392606,0.0985474302371396,2.94967704908776,0.0667257776374484,0.0389142516694455,0.00539443523634549,0.0335198164331,0.996736797647786,-0.00199200567965825
11.73,1.40732834377905,2.96971149669341,0.0985729012351741,2.94567128012157,0.0667111616768541,0.0365284444843732,0.00293149539872952,0.0335969490856437,0.996731186640441,-0.00201539686977002
11.735,1.43045332347914,2.95122269227633,0.0985962721155979,2.94173007064999,0.0666972030938912,0.034126079539607,0.00045696385576992,0.0336691156838371,0.996720706255963,-0.00205556866287804
11.74,1.43140571300728,2.94647319646115,0.0986161107179288,2.93789471205753,0.0666845596122115,0.034105470904716,0.000373115478431276,0.0337323554262847,0.996721148214544,-0.00205707385442863
11.745,1.46047414720077,2.92409932542788,0.0986356854876127,2.93406989636526,0.0666717733383112,0.0342994963932828,0.000503936705695379,0.0337955596875874,0.996707519578311,-0.00210799037629422
11.75,1.4904230271484,2.90088623949814,0.0986507371238137,2.93037765472501,0.066660731645991,0.0382553329225707,0.00440819601272753,0.0338471369098432,0.996693241222615,-0.00216087618608699
11.755,1.4688928061054,2.91102173843312,0.0986610036204494,2.92682342408405,0.0666515327277381,0.0351518055082643,0.00126541014305545,0.0338863953652089,0.996704481000006,-0.00212264288655324
11.76,1.44772063899618,2.92066998177915,0.0986745930384773,2.92317943597543,0.0666407645391641,0.0339668727692082,3.19097356741319e-05,0.033934963033534,0.996715695232309,-0.00208521597004594
11.765,1.43892586479616,2.92221288323993,0.0986913519149914,2.91944824054748,0.066628420618164,0.0340313430137807,3.87229938014612e-05,0.0339926200199793,0.996720867033012,-0.00206963626951533
11.77,1.4148645324275,2.93334447395065,0.0987093364094406,2.91568483228397,0.0666153014805454,0.035633934099095,0.00157970337528111,0.0340542307238139,0.996733728455064,-0.00202741596255735
11.775,1.4014451402981,2.93756047842244,0.0987307815334061,2.91182299085702,0.0666003712757055,0.0374806878518419,0.00335466941460233,0.0341260184372396,0.996741428367877,-0.00200388793751501
11.78,1.40222608817775,2.93294023049016,0.0987540456265082,2.90790966553083,0.0665843107681325,0.0373758068711762,0.00317216969800239,0.0342036371731738,0.996742111614252,-0.00200505653421306
11.785,1.41682946434796,2.91982732041288,0.0987770563755516,2.90400584271711,0.066568053343834,0.0355484887056335,0.0012670915983077,0.0342813971073258,0.996735871456219,-0.00203029149217646
11.79,1.40539119709351,2.92287140182853,0.0987977999871636,2.90017047429296,0.066552525339074,0.0369617153115729,0.00260801410072987,0.034353701210843,0.996742547108695,-0.0020102039797666
11.795,1.36827339768982,2.9416854257378,0.0988200876801313,2.89629203933729,0.0665360011175062,0.0448568842074282,0.010425813097713,0.0344310711097152,0.996762133279617,-0.00194578373237366
11.8,1.3651310474321,2.93938772329622,0.0988475088705381,2.89226115423815,0.0665167458328669,0.0457577636057485,0.0112340388572332,0.0345237247485153,0.996764967700522,-0.00194015387656472
11.805,1.35579901095093,2.9408018892248,0.0988752030781971,2.88822318457697,0.0664969856254998,0.0485980287520434,0.013979845787308,0.0346181829647354,0.996770908830785,-0.00192389111993354
11.81,1.41467003879949,2.90153026709721,0.0989040174626896,2.88415222200477,0.0664763017030828,0.0362436041775819,0.00152671478359721,0.0347168893939847,0.996742799246686,-0.00202549463458758
11.815,1.37803163614813,2.92029659337525,0.0989243033561637,2.88033246995753,0.0664592439016853,0.0428651084833573,0.00807249132094805,0.0347926171624092,0.996762051465363,-0.00196177688041093
11.82,1.37495568758878,2.91804739250917,0.0989497414880474,2.87636174855066,0.0664394992602286,0.0436643007181753,0.00878068444699007,0.0348836162711852,0.99676475888535,-0.00195626417048394
11.825,1.35217551248354,2.92771252716372,0.098975460580109,2.87238401465768,0.0664192639271524,0.0504410671042376,0.0154646630497545,0.0349764040544831,0.996777330723829,-0.00191687511198053
11.83,1.32694028670523,2.93856078726723,0.0990041815435973,2.86831656665972,0.0663972164662103,0.0599981944398789,0.0249194046747617,0.0350787897651172,0.996791267293148,-0.00187350967672702
11.835,1.31992306135914,2.93843833611096,0.0990361261676788,2.86415032916131,0.0663731639502592,0.0630537535067002,0.0278620953287685,0.0351916581779317,0.996796242004199,-0.00186131315261652
11.84,1.30651161486764,2.94200346556021,0.0990688107443003,2.85996128727851,0.0663482916902801,0.0692788907292214,0.0339709287243748,0.0353079620048466,0.996804446807353,-0.00183828886928976
11.845,1.28359527111471,2.95093568676153,0.0991030518023182,2.85572344881378,0.0663221636941523,0.0811672554278265,0.045737089272999,0.0354301661548275,0.996817474386685,-0.00179930392107316
11.85,1.3135182825263,2.92971851099629,0.0991400084406705,2.85139870198317,0.0662941292226795,0.0664978694944144,0.0309360094896586,0.0355618600047558,0.996804205538104,-0.00184961524040811
11.855,1.35071223392105,2.90398337063297,0.0991729343990203,2.84719967112314,0.066267685024286,0.0519394414247885,0.0162563936902882,0.0356830477345003,0.996787115547038,-0.00191279569644068
11.86,1.38552335130225,2.87916412357094,0.0992006972036562,2.84315750082333,0.0662433494795963,0.0423251032971422,0.00653461577506552,0.0357904875220767,0.996770979883784,-0.00197249906788155
11.865,1.37435299898011,2.88200531883912,0.0992234184465338,2.83926491178142,0.0662210074096802,0.045089817266048,0.00920519784572254,0.0358846194203255,0.99677760382107,-0.00195302991495284
11.87,1.39012234577069,2.86844435625338,0.0992475929340062,2.83533094414358,0.0661976374375461,0.0415079455445874,0.00552405367797025,0.0359838918666171,0.996770823825462,-0.00198007768087898
11.875,1.35732628675099,2.88460929146437,0.0992693715343003,2.83146839784576,0.0661750190271301,0.0503010727453822,0.0142236952392119,0.0360773775061702,0.996788216589569,-0.00192337189110602
11.88,1.37965262563536,2.86720882513369,0.0992956561531196,2.82747334899984,0.0661499375713153,0.0441353065756692,0.00795053945335105,0.0361847671223181,0.996778253385391,-0.00196159282599032
11.885,1.35814574821967,2.87635004774452,0.09931864728542,2.82357623428966,0.0661260201343259,0.0503047328177626,0.0140209087753906,0.036283824042372,0.996790055911879,-0.00192438571276218
11.89,1.33833650900715,2.88422063426593,0.0993445277092082,2.81959460368591,0.066100377164127,0.0574126465303525,0.0210204020535193,0.0363922444768332,0.996801140876995,-0.00189026142214624
11.895,1.35525486402052,2.87017257624251,0.0993729735042369,2.81553648037253,0.0660730942044894,0.0515289946453272,0.0150196923099345,0.0365093023353927,0.996793978336325,-0.00191899213344486
11.9,1.36915929101797,2.85785955523963,0.0993989346874326,2.81155310760595,0.0660465877870033,0.0474066391435935,0.010786267977591,0.0366203711660025,0.99678820885655,-0.00194267649605661
11.905,1.39662826409799,2.83730680262928,0.0994227981651451,2.8076325021725,0.0660206770385976,0.0411549227303975,0.00442838123574106,0.0367265414946565,0.99677556099212,-0.00198993301237123
11.91,1.39546220307026,2.83418264202798,0.0994425753926185,2.80383128022423,0.0659962789913066,0.0414539401953257,0.00463184485973405,0.0368220953355917,0.996777044182358,-0.00198775234727087
11.915,1.37828163030082,2.84094295884968,0.0994624031668932,2.80003034095953,0.0659715256158714,0.045333212445474,0.00841444731541741,0.0369187651300565,0.996786536569751,-0.00195788761870118
11.92,1.40164909777851,2.82282889531951,0.0994845927460509,2.79616236398431,0.0659453515671835,0.040597134128983,0.00357393981230275,0.0370231943166802,0.996775861965286,-0.0019981414870459
11.925,1.41334737190029,2.81178507775196,0.0995032594609625,2.79239689701762,0.0659204246640311,0.0390074920714306,0.00188889064651566,0.037118601424915,0.996770861397445,-0.00201832170799849
11.93,1.42775223743482,2.79903582942489,0.0995200786672137,2.78868575045765,0.0658959992941806,0.0377479144795804,0.000538203627160188,0.0372097108524202,0.996764423275471,-0.00204330286790815
11.935,1.39156161646327,2.81820227879493,0.0995346255021187,2.78504056086767,0.0658722688539723,0.0428194964115144,0.00552420592502249,0.0372952904864919,0.996783179425658,-0.00198025422021661
11.94,1.38458356314096,2.81870552128121,0.0995544655875751,2.7812461260569,0.0658458977310871,0.0444441930676782,0.00704743017949501,0.0373967628881832,0.996787569444703,-0.00196802742891413
11.945,1.35678460219798,2.83193336362221,0.099575197889061,2.77742747883658,0.0658187742138808,0.0524196596564483,0.0149178286322608,0.0375018310241875,0.996802410051899,-0.00192000489671191
11.95,1.34390762044994,2.83578919075563,0.0995997540714925,2.77349792131751,0.0657895099653924,0.0570980612695417,0.0194789750455922,0.0376190862239495,0.99680996274474,-0.00189775838760767
11.955,1.3852143548816,2.80731251207446,0.0996259493423343,2.76952046257597,0.0657590576529599,0.0449103966178971,0.00716800700381948,0.0377423896140776,0.996790497345321,-0.00196854196502705
11.96,1.38558885014992,2.80331516839734,0.0996461607559205,2.76571670047927,0.065730985195922,0.0449428324080937,0.00709332290909154,0.0378495094990021,0.996791226267882,-0.00196902634117154
11.965,1.376463795103,2.80515947963523,0.0996661963588667,2.76191936148503,0.0657026349743955,0.0473370534229848,0.00937984936693873,0.0379572040560461,0.996796696629472,-0.00195311686233682
11.97,1.35384410874332,2.81517884116136,0.099687427386379,2.75808886128695,0.0656733784836971,0.0544168818969886,0.016347426588852,0.0380694553081365,0.996808968074422,-0.00191406939419541
11.975,1.33081728003394,2.82516041023088,0.0997117319326808,2.75416947742176,0.0656423119096419,0.0634632639267029,0.0252714121168389,0.038191851809864,0.996821581794531,-0.00187453352786725
11.98,1.33482197105934,2.81891014859056,0.0997390605706089,2.7501606621831,0.0656093800053591,0.0620187842129269,0.0236942871441211,0.0383244970688058,0.996820816019762,-0.00188114279323822
11.985,1.33755975740603,2.81342488124771,0.0997656859287466,2.74617296860894,0.065576338495011,0.0611236603579017,0.0226672112333425,0.0384564491245593,0.996820651223676,-0.00188560204909488
11.99,1.31306754276441,2.82410476188034,0.0997917820308197,2.74220123598787,0.0655431072909348,0.0721991360004736,0.033610921746782,0.0385882142536916,0.996834076869672,-0.00184374006075735
11.995,1.34448157900436,2.80190273166022,0.0998210283521177,2.73813497287067,0.0655078931995337,0.0590989201085797,0.0203680884086796,0.0387308316999001,0.996819691046617,-0.00189698409514963
12,1.33228648020754,2.80537333960071,0.0998458481091201,2.73419940321014,0.0654743505259227,0.0642294358755118,0.0253677509744415,0.0388616849010703,0.996826909215035,-0.00187597743758968
12.005,1.35049686235896,2.79077789901437,0.0998721974008601,2.73021896536475,0.0654396423783268,0.0573588597121961,0.0183603872760472,0.0389984724361488,0.996818993092377,-0.00190686645560204
12.01,1.36137963007127,2.78049107157472,0.0998958805520542,2.72631682684897,0.0654057546932822,0.0538182686638509,0.0146895386245514,0.0391287300392995,0.996814619926335,-0.00192533173086213
12.015,1.34672268681546,2.78563162338076,0.0999178935044086,2.72246365728985,0.0653722254619977,0.059222727576468,0.0199673541951034,0.0392553733813646,0.996822940828133,-0.00190004650714851
12.02,1.3201981645199,2.79774174354387,0.0999418338511257,2.71855502437114,0.0653373869509543,0.0707599670159973,0.0313709297283947,0.0393890372876026,0.996837281917669,-0.00185466041302685
12.025,1.34835811276786,2.77740575289756,0.0999692632123804,2.71454319408457,0.0653004407202546,0.0592991649677073,0.0197645815000239,0.0395345834676835,0.996824437362905,-0.00190243535906497
12.03,1.34204699913357,2.77746003470418,0.0999926736697533,2.71064886067575,0.0652649465719463,0.0619898592701431,0.0223203001341885,0.0396695591359546,0.996828646791417,-0.00189146366242661
12.035,1.33803572884483,2.7761173045229,0.10001682439827,2.7067333823629,0.065228672894095,0.0638747338751192,0.0240665942118617,0.0398081396632575,0.996831739106144,-0.00188442644531467
12.04,1.32289607289754,2.78138557546972,0.100041388332756,2.70280615096341,0.0651917619138414,0.0708102503277592,0.0308608569845377,0.0399493933432216,0.996840413667997,-0.00185845968974263
12.045,1.32753311251891,2.77488620911532,0.100067877987548,2.69882225590394,0.0651534779909266,0.0690069421874449,0.0289090020419036,0.0400979401455412,0.996839285881247,-0.0018661336800307
12.05,1.34464755689855,2.76103467373337,0.100093584344742,2.69486142468274,0.0651150984127207,0.0621196845441562,0.0218740237877481,0.0402456607564081,0.996831883579636,-0.00189510519897927
12.055,1.33968545893398,2.76031939217652,0.100116781686354,2.69097370328866,0.0650774442521821,0.0644034036625808,0.0240160764575767,0.0403873272050042,0.996835406316495,-0.00188644940935702
12.06,1.32153488738569,2.76745100820695,0.100140532758732,2.68707024057769,0.0650390888315768,0.0727921181418844,0.0322600031509473,0.040532114990937,0.996845547655667,-0.00185536766186612
12.065,1.35467943887346,2.74422284670886,0.100166632805246,2.68309789220499,0.0649991623516969,0.0593357581147763,0.018650222925856,0.0406855351889203,0.996830146282664,-0.00191168493058439
12.07,1.37224157118562,2.73001118816461,0.100187990847698,2.67926230222121,0.0649609960613909,0.0536792571238489,0.0128530844999759,0.040826172623873,0.996822322929143,-0.00194166133050117
12.075,1.40274193957853,2.70782111270442,0.100206709143948,2.67550218525729,0.0649236085861138,0.0461721129023019,0.00521179210581764,0.0409603207964843,0.996807911753451,-0.00199419192183073
12.08,1.39540526194685,2.70896202268777,0.100220817294148,2.67187097413693,0.0648878641631918,0.0479457102004976,0.00686357345581719,0.0410821367446804,0.996812212253484,-0.00198136813935239
12.085,1.40635349968699,2.69870046157678,0.100235936933833,2.6682132014289,0.0648513287051751,0.0458445176904572,0.00463642611500766,0.0412080915754496,0.996807415421335,-0.00200022037045838
12.09,1.42296868525654,2.6848813671744,0.100249322654388,2.66460461003529,0.0648151846229563,0.0433807612059924,0.00205062173584968,0.0413301394701427,0.996799707273585,-0.00202900901263306
12.095,1.43262254275309,2.67541873566934,0.100260092634177,2.66106889146268,0.0647798133539466,0.0424725854240122,0.00102691920257272,0.0414456662214395,0.996795362534452,-0.00204576747583851
12.1,1.44477204890728,2.66436478025785,0.100269300683167,2.65757731129035,0.0647447804522183,0.0417874263339382,0.000229730010436397,0.0415576963235018,0.996789699958654,-0.0020669521523294
12.105,1.42450881261317,2.67416655685995,0.100276545408336,2.65414045847048,0.0647102591474515,0.0436647248335703,0.00199969302428437,0.0416650318092859,0.996800155817165,-0.00203147188777303
12.11,1.43059149270251,2.66699838791293,0.100286909441753,2.65062147166619,0.0646741535756491,0.0431195872084786,0.00133718043185193,0.0417824067766267,0.99679757824184,-0.00204200074221775
12.115,1.42240714472228,2.66894220235701,0.100296266728138,2.6471315454843,0.0646381508168151,0.0442694070271452,0.00237149780713378,0.0418979092200115,0.996802089048791,-0.00202764789459188
12.12,1.43607706208218,2.65698122409962,0.100306832833794,2.64361081478661,0.064601329414409,0.0429091067685636,0.000891105023192708,0.0420180017453708,0.9967957267102,-0.00205142335145985
12.125,1.43052027218748,2.65730365849698,0.100315210068474,2.64015073775572,0.0645650978514062,0.0435992718511701,0.00146649092273701,0.0421327809284331,0.996798879746653,-0.00204164521248011
12.13,1.48114926993167,2.62176815019976,0.100324402443135,2.63667074537908,0.064528223054873,0.0433578226333636,0.00110684607966977,0.0422509765536938,0.996773976271479,-0.00213054371618952
12.135,1.49771078045448,2.6077794780898,0.100325428271123,2.63340636924026,0.0644943436206241,0.0456195747579497,0.00327303636453363,0.0423465383934161,0.996765741379956,-0.0021598878646259
12.14,1.4946917222889,2.60681743886669,0.100323695171717,2.63021622624891,0.0644613127333584,0.045163657100652,0.00272868363760515,0.0424349734630468,0.99676717342336,-0.00215454236911842
12.145,1.47826639934285,2.6147840445054,0.100322478710188,2.62701608431269,0.0644278810657302,0.0432712775013311,0.00074570923570953,0.0425255682656216,0.996775331696078,-0.00212546271154882
12.15,1.50574852788427,2.59363646380127,0.100323990958624,2.62374809601371,0.0643931743221816,0.0471436210064813,0.00451891110906638,0.042624709897415,0.99676165824518,-0.00217418957556726
12.155,1.51644396330492,2.58353721654034,0.100320913786761,2.62060082504664,0.0643600137619941,0.0495580800527662,0.00684658374637853,0.0427114963063877,0.996756172943453,-0.002193274653374
12.16,1.52215728895554,2.57680739740919,0.100316038023892,2.61750282387763,0.064327347341559,0.0510483126829366,0.00825450131440773,0.0427938113685289,0.996753098262182,-0.0022035176349597
12.165,1.54999945425869,2.55507760493043,0.100310214578396,2.61443252726342,0.0642948655630177,0.0604345869093757,0.0175605586129144,0.0428740282964613,0.996738916757933,-0.00225349226275663
12.17,1.57036825273491,2.53828982999511,0.100299572077653,2.61148651063728,0.0642640061098033,0.0696499460787639,0.0267087583029952,0.0429411877757687,0.996728256353203,-0.00229032617560163
12.175,1.60017247482981,2.5148078271389,0.100285360714117,2.60863310100996,0.0642343225834406,0.0868894074677971,0.0438906633744652,0.0429987440933319,0.996712718455158,-0.00234454579517208
12.18,1.58348905426383,2.52422601320966,0.10026578768567,2.60591504355906,0.0642064519525675,0.0763187163190621,0.033277042117023,0.0430416742020391,0.996720184213599,-0.00231438054243968
12.185,1.55685544350451,2.54047448650471,0.100249424603895,2.60312390421227,0.0641774322635045,0.0626695516943103,0.0195759205332349,0.0430936311610755,0.996732768459393,-0.00226635309291887
12.19,1.54564825942833,2.54559765278953,0.100237975874324,2.6002157194465,0.0641465958257133,0.0580398256004376,0.0148802546107177,0.0431595709897199,0.996737859360501,-0.00224627601571965
12.195,1.57042428275085,2.52584834345846,0.100228586606461,2.59726035443011,0.064114899463991,0.0686719345985406,0.0254402236112429,0.0432317109872977,0.996725050796215,-0.00229102937784934
12.2,1.56743309570214,2.52536500375614,0.10021484964241,2.59441654189663,0.0640846473939061,0.0670815240719339,0.0237894630216044,0.0432920610503296,0.996725930958425,-0.00228573778141083
12.205,1.59428058763439,2.50404193264078,0.10020174454676,2.59156171483432,0.0640540823700547,0.0815759541429821,0.0382214516815623,0.0433545024614198,0.996711919932275,-0.00233453240812451
12.21,1.63201432062794,2.47479584013009,0.100183843127605,2.58882848867586,0.0640251218238601,0.108301771777824,0.0648979143163876,0.0434038574614368,0.996692250599105,-0.00240365279313574
12.215,1.64876460852406,2.46034646633421,0.100158984958606,2.58626706700538,0.0639985038493921,0.122588265674875,0.079154145181983,0.0434341204928924,0.996682760662632,-0.00243468544721304
12.22,1.63490056763083,2.46833056747125,0.100131080908099,2.58378411237708,0.0639729308951765,0.11001632788786,0.0665603572359059,0.0434559706519541,0.996688440635179,-0.00240940759901518
12.225,1.60794392136259,2.48569472281473,0.100106046564902,2.58123909204699,0.0639464558647083,0.0890808454732672,0.0455952802315079,0.0434855652417593,0.996700795079457,-0.00236024986677437
12.23,1.610699223421,2.48135869282825,0.100086278825926,2.57857255446049,0.0639182144398931,0.0907416287766141,0.0472119405592529,0.0435296882173613,0.996698529588528,-0.00236545060274514
12.235,1.59713310915798,2.48873428572168,0.100066135431318,2.57592039098314,0.0638900768364174,0.0815548513680033,0.0379819652167841,0.0435728861512192,0.996704407572878,-0.00234088036352359
12.24,1.55919355831044,2.51328573035087,0.100048649001424,2.57320873573325,0.0638609964691215,0.0615687052390795,0.0179451027569876,0.043623602482092,0.9967225913614,-0.00227226686973374
12.245,1.56558009762403,2.50630242363018,0.100038142901182,2.5703284660879,0.0638293864341129,0.064183029982441,0.0204888555200743,0.0436941744623667,0.996718925727294,-0.00228388617726242
12.25,1.58136366882917,2.4927962655835,0.10002657150444,2.56747849306469,0.0637980386405782,0.07164193174432,0.0278797674341247,0.0437621643101953,0.996710513565649,-0.00231255846784829
12.255,1.60446780349232,2.47411100574242,0.100012240032717,2.56470043705425,0.0637675637121436,0.084849962828472,0.0410272035838606,0.0438227592446114,0.996698316832316,-0.00235470788835635
12.26,1.6239865281466,2.45785854469118,0.0999937732991864,2.56202730252551,0.06373845206075,0.0981310814223691,0.0542590290911349,0.0438720523312343,0.996687726516942,-0.00239055669970582
12.265,1.60912762025066,2.46634748814454,0.0999717864075038,2.55944382825949,0.0637105052953138,0.0872585708668349,0.0433468724239403,0.0439116984428947,0.996694166219908,-0.00236355894180814
12.27,1.61788979434395,2.45778713837591,0.0999527372166327,2.55679446990296,0.06368154651056,0.0929950358265892,0.049035433991478,0.0439596018351113,0.996688927271904,-0.00237974174714516
12.275,1.60119515521403,2.46753816568506,0.0999321860078088,2.55418629460734,0.0636530663748267,0.0815684306018328,0.0375649655314568,0.044003465070376,0.996696348721908,-0.00234942364574858
12.28,1.60460388500047,2.46279772485356,0.0999148815435351,2.55150411757836,0.0636234457304347,0.0834341704861782,0.0393776381890542,0.0440565322971239,0.996693864463863,-0.00235578771521158
12.285,1.57891168508649,2.47881177207734,0.0998970682856004,2.54883889329183,0.0635939461408737,0.0686526416722539,0.0245442523476774,0.0441083893245765,0.996705907457674,-0.00230921228656926
12.29,1.59300634597975,2.46653080055251,0.0998840679805863,2.54605970309175,0.0635627090324614,0.0758349727497827,0.0316609368589438,0.0441740358908389,0.996698273831012,-0.00233492137661442
12.295,1.60272066990154,2.4573312252311,0.0998685997795592,2.54334486009008,0.0635322411588789,0.0812734645357782,0.0370403980729928,0.0442330664627855,0.996692718875199,-0.0023527478919886
12.3,1.62621568710316,2.43833915681991,0.0998514564148838,2.54067504686151,0.0635022809492092,0.0967287290402894,0.0524410697981742,0.0442876592421152,0.996680197751008,-0.00239586446725742
12.305,1.61158563565437,2.446735001023,0.0998300548966086,2.53811222810797,0.0634737213550218,0.0861505896037863,0.0418200592916929,0.0443305303120934,0.996686546633793,-0.00236926174545636
12.31,1.61564197373952,2.44161157293567,0.0998115404167798,2.53548438654708,0.0634441598852979,0.088525312434629,0.0441437187449781,0.0443815936896509,0.996683682319051,-0.0023768375168744
12.315,1.61665106519337,2.43869170368559,0.0997924011211734,2.53287621100449,0.0634147669107769,0.0888769660859471,0.0444458762352692,0.0444310898506779,0.996682313083729,-0.00237884774841332
12.32,1.61225307403745,2.43966074365425,0.0997732080762552,2.53027392550643,0.0633853524195883,0.0856276674270826,0.0411470618399973,0.0444806055870853,0.996683644628242,-0.00237096801010841
12.325,1.58562198750336,2.45650293455839,0.0997549675216037,2.52765309318696,0.0633555716000013,0.0699068738604215,0.0253738996595535,0.0445329742008681,0.996696135459942,-0.00232259724016719
12.33,1.55929295113474,2.47270094044984,0.0997417310117063,2.52491364958608,0.0633239994325208,0.0582658561732542,0.0136661303533297,0.0445997258199246,0.996708701325944,-0.00227504186792312
12.335,1.55661929880076,2.47212923966941,0.099733281630243,2.52205853085037,0.0632906160740502,0.0571785642247895,0.0124980050645259,0.0446805591602636,0.996709655925939,-0.00227028989733968
12.34,1.55286191348981,2.47229849614996,0.0997253592220119,2.51919321107224,0.0632568899399651,0.0557893141153681,0.0110258529264656,0.0447634611889025,0.996711176172369,-0.00226358360552204
12.345,1.55654509077804,2.4673320690426,0.0997181483377522,2.51631293891479,0.063222746892824,0.0568785252437583,0.0120295335073343,0.0448489917364241,0.996709008280606,-0.00227028397163362
12.35,1.60364743340598,2.43243125210608,0.0997103409361093,2.5134503063234,0.0631886535641022,0.0778491835868809,0.0329157792694493,0.0449334043174315,0.996685103759672,-0.00235578968429213
12.355,1.60546459634909,2.4289492127339,0.0996941279442646,2.51079559455053,0.0631573738463265,0.0785912355913039,0.033596914655883,0.044994320935421,0.996683461229176,-0.0023592440709368
12.36,1.62995597112174,2.40935230987786,0.0996776936805707,2.50815016513808,0.0631260941235494,0.0940177972197874,0.048962891513623,0.0450549057061643,0.996670471332297,-0.00240421938529157
12.365,1.63036502252297,2.40700366999697,0.0996568168664224,2.50561554079733,0.0630962557079582,0.0938921379935451,0.0487889407293673,0.0451031972641778,0.996669321066621,-0.00240514970076711
12.37,1.64203565890447,2.39653184287286,0.0996360108382414,2.50308369246039,0.0630663633234105,0.102125693117364,0.0569738619350978,0.0451518311822667,0.996662542820817,-0.00242678945688113
12.375,1.65058638450449,2.3883328949754,0.0996131448122051,2.50060556574004,0.0630371307727154,0.108465330425199,0.0632705283242993,0.0451948021008997,0.996657230717134,-0.00244274871816271
12.38,1.6198398945392,2.4088679544576,0.0995888103827176,2.49816712532055,0.0630083756984113,0.0852700552338245,0.0400363348360419,0.0452337203977826,0.996671500121203,-0.00238642979623984
12.385,1.62254803260479,2.4048519228564,0.0995704533010371,2.49558903071009,0.0629776176840679,0.08663325839346,0.0413437042249849,0.0452895541684751,0.99666931299439,-0.00239154937199179
12.39,1.60805292801901,2.41320543006106,0.0995517210049858,2.49302399431511,0.0629469307325358,0.0773430126369936,0.0319984583654654,0.0453445542715282,0.996675710144688,-0.00236518696928325
12.395,1.60358155073643,2.41427128284939,0.0995358027636932,2.49039446320366,0.0629152276385024,0.0745166067461971,0.0291088152521717,0.0454077914940254,0.996677222931204,-0.00235715999072024
12.4,1.58105340989069,2.42812365258568,0.0995208150381025,2.48774580052426,0.0628831208222675,0.0633335939624766,0.0178595830603342,0.0454740109021423,0.99668780614605,-0.00231629406342284
12.405,1.57416560162751,2.43071548244916,0.0995100056686867,2.48499742677469,0.0628494600126234,0.0603577957139659,0.0148051920003379,0.045552603713628,0.996690758879768,-0.00230389702040805
12.41,1.57651360372769,2.42683237498726,0.0995004977411817,2.48221960973558,0.0628152013069043,0.0610512013674763,0.0154157307888308,0.0456354705786455,0.996689152756724,-0.00230823276460951
12.415,1.51852335193617,2.46503129437275,0.0994906371545535,2.47945313139847,0.062780917361256,0.0467631458290485,0.00104527113879694,0.0457178746902516,0.996717699645518,-0.00220393858669673
12.42,1.48586874791661,2.484480272966,0.0994908661668616,2.47643209344845,0.0627427987826267,0.046155930756763,0.000325523317075093,0.0458304074396879,0.996734037358851,-0.00214581538459429
12.425,1.46093890968493,2.49825504470293,0.0994964769116285,2.47327233398874,0.0627023659520488,0.0490964222079754,0.00313647203399405,0.0459599501739814,0.996746757337824,-0.00210171439952525
12.43,1.4309706894374,2.51491920997108,0.0995060356965705,2.4700088311128,0.0626600627306286,0.0562373686409651,0.0101347728058627,0.0461025958351023,0.99676217591623,-0.00204904215662588
12.435,1.42545200359097,2.51560700492924,0.0995201797752201,2.46662200266977,0.0626155389305638,0.0583161255456286,0.0120554969443407,0.0462606286012879,0.996765577986236,-0.00203928496200327
12.44,1.4196322759448,2.51645935161175,0.0995350748618451,2.46321426695757,0.0625702964188536,0.0606639213140371,0.0142414070807042,0.046422514233333,0.996769164506543,-0.00202901070937258
12.445,1.38734102716461,2.53390844655063,0.0995507569165544,2.45978446447572,0.0625243079253517,0.0741842168108557,0.027595795797146,0.0465884210137096,0.996786022319118,-0.0019728230547406
12.45,1.39331291607429,2.52730066764492,0.0995711126786017,2.45622467123608,0.0624759002231723,0.0721384151402455,0.0253677855434625,0.046770629596783,0.996783960481009,-0.00198299163402614
12.455,1.3860217085036,2.52888508957786,0.0995904771067316,2.45269078189122,0.0624274384413659,0.0760987746533172,0.0291472271873187,0.0469515474659985,0.996788484836167,-0.00197022263531868
12.46,1.34704564049409,2.54986720398163,0.0996107849557914,2.449129419986,0.0623780948362813,0.0980760450145079,0.0509387669661205,0.0471372780483874,0.996808894066642,-0.00190303763240546
12.465,1.32547869854354,2.55966799647122,0.0996364834599982,2.4454137573151,0.0623258717545969,0.112850495740161,0.0655082892923709,0.0473422064477897,0.996820842724551,-0.00186603866905388
12.47,1.37435757507478,2.52785125771147,0.0996649685583445,2.44161550659241,0.0622718155454907,0.0848664137198077,0.0373080174440417,0.047558396275766,0.996797694117062,-0.00194949699307718
12.475,1.40040563628152,2.50904685980182,0.0996865085748856,2.43800918805112,0.0622203124909466,0.0730654252675063,0.0253111021737153,0.047754323093791,0.99678564570406,-0.0019943503868572
12.48,1.41546876539872,2.49685838975413,0.0997041321571881,2.4345083428113,0.0621699852090169,0.0674350781842989,0.0194953221579863,0.0479397560263126,0.996778912055479,-0.00202038210107863
12.485,1.4276351867337,2.48645006375784,0.0997194025015572,2.43106982781921,0.0621201742981033,0.0634975965019152,0.0153780029546924,0.0481195935472227,0.996773519988776,-0.00204147173743338
12.49,1.42865321287076,2.4830840346404,0.0997327349018955,2.4276821861097,0.0620707141349812,0.0636830467024069,0.0153879507246936,0.0482950959777133,0.996773614234226,-0.00204314093741154
12.495,1.4217878303573,2.48472213394404,0.0997458292719085,2.42430009135451,0.062020920968165,0.0667721794336865,0.0183006310005159,0.0484715484331706,0.996777639256737,-0.00203105263293619
12.5,1.44879294695952,2.46497320851454,0.099759888457028,2.42089133507205,0.0619703023069692,0.0583921888508462,0.00973944335872351,0.0486527454921227,0.996764772500543,-0.00207818681570208
12.505,1.45003810263339,2.46155955946063,0.0997696973733411,2.4175937231405,0.0619209590862262,0.0585096459046962,0.00968728388588207,0.0488223620188142,0.996764593407704,-0.00208029256631102
12.51,1.45625639150471,2.45496075007696,0.0997792496094809,2.41430238542574,0.0618713168188457,0.0572765749135236,0.00828379960052911,0.0489927753129945,0.996761916059329,-0.00209114266371417
12.515,1.44505676655809,2.459625967572,0.0997877629871192,2.41103776375053,0.0618216844258952,0.0609907219966351,0.0118291736377626,0.0491615483588725,0.996767900637982,-0.00207140194723284
12.52,1.47019302026972,2.44091227229303,0.0997979811711112,2.40772792174841,0.0617709843440746,0.0548543857202143,0.00551715128976349,0.0493372344304508,0.996755794240166,-0.0021155436252715
12.525,1.47332322498157,2.43637620213327,0.0998041565910778,2.40452234689114,0.0617214585668506,0.0545852478435378,0.00508329576864978,0.0495019520748881,0.996754508140651,-0.00212101954213031
12.53,1.43378289658613,2.45974289337649,0.0998097893129482,2.40133063921943,0.061671769015433,0.0667589602261264,0.0170924688810378,0.0496664913450886,0.996774532758715,-0.00205147699690082
12.535,1.42345229229432,2.46368667958986,0.0998216183571491,2.3979752927054,0.0616192708948394,0.0714804949796757,0.0216285131284403,0.0498519818512354,0.996780232335332,-0.00203333782268749
12.54,1.41931421643432,2.46364079515223,0.0998349570547866,2.3945788785087,0.061565725559657,0.0739312231716979,0.0238871657342409,0.050044057437457,0.996782903681356,-0.0020260153615062
12.545,1.46355139381855,2.43311473374812,0.0998488424975178,2.39116678123741,0.061511502415608,0.0590512243771939,0.00881147280142105,0.0502397515757729,0.996761411918048,-0.00210341132330059
12.55,1.45700694128891,2.43488194875231,0.0998557577475651,2.38793472656706,0.0614595869874868,0.0614513985519629,0.0110361271128837,0.0504152714390792,0.996764996251849,-0.00209183296389794
12.555,1.48333979770075,2.41535230083611,0.0998636697380749,2.3846763673759,0.0614068900262814,0.0553070445632263,0.00471148765173248,0.0505955569114939,0.996752186864272,-0.00213824116388214
12.56,1.51105444428305,2.39472030073209,0.0998672977744609,2.38152719926167,0.0613554319821612,0.0516355342160835,0.00087144606036062,0.0507640881557229,0.996738493242733,-0.00218745524350901
12.565,1.54621995820276,2.36887514313705,0.0998663130974602,2.3784941132166,0.0613053274617068,0.051383051744504,0.000463242221133052,0.0509198095233709,0.996720866057034,-0.00225043736513359
12.57,1.52912184444347,2.37851192663688,0.0998593157475909,2.37560984794185,0.0612570677217327,0.0511005699275607,4.21696297891157e-05,0.0510584002977715,0.996729099367446,-0.0022198085052373
12.575,1.51213466929559,2.38787284678227,0.0998553187237905,2.37265217469438,0.0612074748581941,0.0523673199035323,0.00116002262957929,0.051207297273953,0.996737412574572,-0.00218948166577162
12.58,1.5292859528961,2.3741274365101,0.0998542308385742,2.36962227758198,0.0611565319222588,0.0514680557828868,0.000101630430664669,0.0513664253522221,0.996728787835437,-0.00222014512742959
12.585,1.51624829049308,2.38082334384636,0.0998502393883866,2.36666497127142,0.0611063153665763,0.0525217476144434,0.0010038008681743,0.0515179467462691,0.996735126519385,-0.00219686450932991
12.59,1.53248162417401,2.36769689501863,0.0998484914731505,2.36365222270822,0.0610549889954372,0.0517596027400562,8.19209877744909e-05,0.0516776817522817,0.996726930958856,-0.00222591938510864
12.595,1.51217716664253,2.37938107005222,0.0998439900221678,2.36070818036423,0.0610043317748531,0.0535763716179712,0.00174610814943665,0.0518302634685346,0.996736879997961,-0.00218965216821217
12.6,1.44282924452843,2.42370802931469,0.0998429691572043,2.35767762012499,0.0609521199383279,0.0738292850890126,0.0218343613704728,0.0519949237185398,0.996771507875949,-0.00206704359996631
12.605,1.44315275351681,2.42100482372589,0.0998531893373581,2.35435479611164,0.0608953200607433,0.0744403863727043,0.0222437871562231,0.0521965992164812,0.996771807430146,-0.00206752685227775
12.61,1.49223374762901,2.38708352915451,0.0998632951729453,2.35103384656442,0.0608381143582135,0.0589066419159316,0.00650679317458411,0.0523998487413475,0.996747722987761,-0.00215401022831725
12.615,1.44993273676307,2.4128240725881,0.0998654678125348,2.34791333046968,0.0607834838124676,0.0736751659844952,0.0210954023180159,0.0525797636664793,0.996768971527701,-0.00207932063400857
12.62,1.48979185656586,2.38472563788909,0.0998744350685666,2.3446165180793,0.0607258980235073,0.0608367841034362,0.00805382023343158,0.0527829638700046,0.996749446545934,-0.00214958550998961
12.625,1.49790252006356,2.37708872525022,0.0998769374928942,2.34148287631326,0.0606703222747664,0.059314150840562,0.00634669279187866,0.0529674580486833,0.99674550410378,-0.00216396373718255
12.63,1.49337808821233,2.37786605777971,0.0998780851685165,2.3383830550138,0.0606148639265643,0.0609533908246101,0.00780405183370654,0.0531493389909036,0.996747818091861,-0.00215591827445409
12.635,1.50422192418486,2.36843412870163,0.0998799735856512,2.33526430076853,0.0605587601347433,0.0588430008768573,0.00550779823829254,0.0533352026385647,0.996742481358618,-0.0021751776121536
12.64,1.50861672722293,2.36331050959288,0.0998800504288372,2.33219069411853,0.0605029390382946,0.0583650394673128,0.004848029766704,0.0535170097006088,0.996740287423356,-0.00218300364919054
12.645,1.50249858738399,2.36524517464011,0.0998793915835993,2.32913533674179,0.060447018853449,0.0602255870416457,0.00652747464902156,0.0536981123926241,0.99674331677379,-0.00217211572524516
12.65,1.45573549475863,2.39425237917277,0.099879759567441,2.3260541022513,0.0603903634206022,0.077167098833624,0.0232830204798231,0.0538840783538008,0.996766714919331,-0.00208939927576781
12.655,1.47317401127813,2.38060684907873,0.0998877214664956,2.32277719693848,0.0603304947980823,0.0708362225410021,0.0167401389157886,0.0540960836252136,0.996758354781066,-0.00212006472024033
12.66,1.49170578952148,2.36619100974093,0.0998928451561729,2.31957165285888,0.0602712508222164,0.0651794183785675,0.0108784789976602,0.0543009393809073,0.996749319964752,-0.00215282765675078
12.665,1.51999492641839,2.34524675220724,0.0998949138507353,2.31644238439036,0.0602127153656306,0.0586507194545262,0.00415282206744684,0.0544978973870793,0.996735268685452,-0.00220318234017638
12.67,1.51467791458285,2.34675714875375,0.0998922378385072,2.31343040062891,0.0601554984446597,0.0602408842231326,0.00555935158030969,0.0546815326428229,0.996737806514096,-0.00219371009421536
12.675,1.54642181286058,2.32331573288515,0.0998904794817218,2.31039555840027,0.0600975984329123,0.055705268360613,0.000835569663825136,0.0548696986967878,0.996721855266694,-0.00225059666406417
12.68,1.5421515413651,2.32430326405327,0.099883285037971,2.30749347233817,0.0600412462230869,0.056456818361498,0.00141449641648062,0.0550423219450173,0.996723665918791,-0.00224298067063472
12.685,1.55630129376006,2.31265880629604,0.0998768818942365,2.30457243495286,0.059984303458605,0.0555462439176247,0.00032735003466132,0.0552188938829634,0.996716302208822,-0.00226850278426001
12.69,1.55296787402667,2.31307635461821,0.0998680472546532,2.30171076422483,0.0599278735103569,0.0560360370632369,0.000646736611664515,0.0553893004515724,0.996717570343907,-0.00226256955696578
12.695,1.53122668729725,2.32616782301229,0.0998598581538746,2.29883392838781,0.0598709176616975,0.0593041058352031,0.00374095161536838,0.0555631542198347,0.996728071422991,-0.00222357473749596
12.7,1.53673521401643,2.32043497155108,0.0998554967489067,2.29586338390633,0.0598123209460185,0.0587737834415642,0.00302318319492244,0.0557506002466418,0.996725120336559,-0.00223348915411962
12.705,1.56634390008534,2.29828415563613,0.0998502164421794,2.29291533753976,0.0597536932557359,0.056081094255251,0.000144337232201059,0.0559367570230499,0.99671007767891,-0.00228685830593121
12.71,1.59082159517138,2.27945648510034,0.099839785217099,2.29009176859543,0.0596964868649915,0.0566746591059856,0.000566453817858408,0.0561082052881272,0.996697367967698,-0.00233132481601893
12.715,1.62893125453717,2.2508659066436,0.0998250213012864,2.28737210229701,0.0596404276384695,0.0629426378720021,0.00667519176911806,0.056267446102884,0.996677646529243,-0.00240107367132178
12.72,1.66147395289315,2.2258539274614,0.0998032947064254,2.28481641899883,0.0595863615486714,0.073823388439075,0.0174171374729098,0.0564062509661651,0.996660393839187,-0.00246122405518033
12.725,1.65510152895907,2.22923127595337,0.0997754890981679,2.28240266080388,0.0595340017869626,0.070695075907262,0.0141677890656051,0.0565272868416569,0.996662323511584,-0.00244968490781957
12.73,1.65040114355153,2.23133267789423,0.0997491190796266,2.27995831072989,0.0594810588502235,0.0685054498572352,0.0118519952380759,0.0566534546191593,0.996663481392014,-0.00244123516981157
12.735,1.64994134993732,2.23030036214511,0.0997238443106513,2.27749095031055,0.0594276215806882,0.0679493769286022,0.0111655924758707,0.0567837844527315,0.996662567906093,-0.00244060467364185
12.74,1.62168708025616,2.24959564904725,0.0996988392845342,2.27501952916462,0.0593739345299719,0.0601574177671408,0.00324163091998454,0.0569157868471563,0.99667556329039,-0.00238887106509996
12.745,1.61373278215435,2.25380257399164,0.0996793640181726,2.27242028703086,0.0593183346283548,0.0588044988941341,0.00173867099888197,0.0570658278952522,0.996678658577582,-0.00237447654350694
12.75,1.58993295604005,2.26927324494595,0.0996615059140407,2.26978428013456,0.0592619932542959,0.0572233377668715,1.31021983666525e-06,0.0572220275470349,0.99668974955278,-0.00233122714526151
12.755,1.57988079424876,2.27469442040285,0.0996481325787198,2.26704234496622,0.0592039530786072,0.0576873416094022,0.000293805096857968,0.0573935365125442,0.996694169657377,-0.002313084654581
12.76,1.58787967820113,2.26739594104253,0.09963666209999,2.26425531924183,0.0591449997481712,0.0576219645905511,4.94973691768169e-05,0.0575724672213743,0.996689650332272,-0.00232770592775125
12.765,1.58408775061633,2.26840534483559,0.0996238311019645,2.26150118964001,0.059086191658016,0.0579877859409774,0.000239236728990716,0.0577485492119867,0.996690964607477,-0.00232092640053642
12.77,1.60122877191062,2.25471282432909,0.0996117717043976,2.2587290362629,0.0590268354331297,0.0580094858343107,8.09641170978764e-05,0.0579285217172129,0.996681847251858,-0.00235221982590863
12.775,1.61330353181348,2.24457322780211,0.099596686795331,2.25602913385366,0.0589681661985791,0.0587592027718244,0.00065884613075348,0.0581003566410709,0.996675125645778,-0.00237439897377991
12.78,1.61571696456804,2.2413357769643,0.0995794867420535,2.25337985729251,0.058909902244947,0.0589952191594682,0.000728362214438906,0.0582668569450293,0.996673138510946,-0.00237896126140215
12.785,1.62481246572743,2.23333518846786,0.0995619604275784,2.25073915158253,0.0588514837144335,0.0599547679523067,0.00152115291219668,0.05843361504011,0.996667795261086,-0.0023957739668687
12.79,1.59677608282213,2.2520475055227,0.0995428654265581,2.24813617655543,0.0587933063827234,0.0586735437573219,7.68437508034915e-05,0.0585967000065184,0.996680946433524,-0.00234469253395084
12.795,1.62374070176735,2.23141609047579,0.0995290695359494,2.24540805264172,0.0587331835473701,0.0597613718094714,0.000983506658735337,0.058777865150736,0.996666837507051,-0.00239409064282826
12.8,1.62636776616439,2.22808757544268,0.0995104062273675,2.24279476800627,0.0586743256706189,0.0600318403852532,0.00108682861070935,0.0589450117745438,0.996664676000518,-0.00239906915878164
12.805,1.64081690356608,2.21627120771679,0.099491384204249,2.24019080595704,0.0586153278903191,0.0619876638440353,0.00287536043724314,0.0591123034067922,0.996656586831787,-0.00242578957394478
12.81,1.66791030897803,2.19527027601312,0.0994697802093883,2.23764798256237,0.0585568876286938,0.0682999091900208,0.00902721413776971,0.0592726950522511,0.996642057770716,-0.00247602230889629
12.815,1.66534901224532,2.19596357244086,0.0994431408825091,2.23522235574821,0.0584997652932567,0.0671678125780286,0.00774941365033245,0.0594183989276962,0.996642126510755,-0.00247150736107531
12.82,1.66048922640944,2.19833535657774,0.0994171904676285,2.23278258507289,0.0584422486480308,0.0655350892477959,0.00596783888890727,0.0595672503588887,0.996643375211663,-0.00246273582088998
12.825,1.67870937320465,2.18374000396492,0.0993923647113843,2.23031842560987,0.0583841963293231,0.0706347325517984,0.0109140645221326,0.0597206680296658,0.996633134560366,-0.00249673115322696
12.83,1.74120158145977,2.13627359593693,0.0993641864053171,2.22793266876439,0.0583269543428753,0.102140326153395,0.0422757229517293,0.059864603201666,0.996600604516941,-0.00261395501153317
12.835,1.72919468540306,2.1447369835664,0.099323666957447,2.22582438159061,0.0582731412491675,0.093070718334852,0.0330996947643593,0.0599710235704927,0.996604760426854,-0.00259169889253345
12.84,1.72473899387129,2.14730085630419,0.0992859173778334,2.2236571945437,0.0582184725731041,0.089447587118118,0.0293611145634974,0.0600864725546206,0.996605265673443,-0.00258365373792541
12.845,1.71414385141267,2.15450401592556,0.0992493589082734,2.22146613099414,0.0581633709569759,0.0827953782480121,0.022589187999699,0.0602061902483131,0.996608893749539,-0.00256409348159464
12.85,1.71805312454529,2.15062933041029,0.0992152142448922,2.21922315735318,0.0581074681538862,0.084045711314043,0.0237116511337528,0.0603340601802902,0.996605378736603,-0.00257171994084088
12.855,1.74463128240716,2.12960051121368,0.0991805384690927,2.21699463147493,0.0580515945080685,0.0989651829488177,0.0385041882920277,0.06046099465679,0.996590503910434,-0.0026220308417527
12.86,1.7334723541271,2.13744539396828,0.0991407112808189,2.21488388762633,0.0579970761165195,0.0908160547929369,0.0302434803147749,0.060572574478162,0.996594260680974,-0.0026013442909152
12.865,1.76353691180473,2.11368153887406,0.0991034722252281,2.21271795681477,0.0579417450753517,0.11017742929859,0.0494847045128627,0.0606927247857277,0.996577522829298,-0.00265846818170473
12.87,1.75378931923776,2.1206328956904,0.0990603156550486,2.21068636825784,0.0578879856943453,0.101727854651621,0.0409327785189738,0.0607950761326477,0.996580418422574,-0.00264038695831888
12.875,1.73965267880395,2.13087116644865,0.0990195170155431,2.20860550363716,0.0578335185636211,0.0914174393668752,0.0305123038379782,0.060905135528897,0.996585615036571,-0.00261404657283696
12.88,1.74113632420942,2.12897624003022,0.0989819353263742,2.20645532257687,0.0577780717222297,0.0913494762381769,0.0303237566151668,0.0610257196230102,0.996583147725383,-0.00261717282183028
12.885,1.73396961452116,2.13371756644181,0.0989443358715266,2.20430818716417,0.0577225304410983,0.0863278724875334,0.0251810055122186,0.0611468669753148,0.996585003464364,-0.00260399514343518
12.89,1.77805346865498,2.09931499065623,0.0989084800729434,2.20212426137057,0.0576663914954575,0.114706063192217,0.0534319511179452,0.0612741120742715,0.996561312815243,-0.00268774768714851
12.895,1.81100747152409,2.07303378590306,0.0988637920911685,2.20013867966705,0.0576126150173385,0.143081068654447,0.0817066272546866,0.0613744413997603,0.996542779296058,-0.00275107286736693
12.9,1.80558197692206,2.077033336028,0.0988124340375403,2.19830283468174,0.0575606145137959,0.135869631591274,0.0744151859377389,0.0614544456535355,0.996543126275058,-0.00274113109287669
12.905,1.80647251832734,2.07597526440257,0.0987626512509179,2.19643665719178,0.0575082117662422,0.135003137228128,0.0734637384118602,0.061539398816268,0.996540385451064,-0.00274327468405645
12.91,1.84872060504692,2.04212909978339,0.0987130717971363,2.19457009519696,0.0574557613419598,0.17933120258913,0.117706078129326,0.0616251244598036,0.996516972929161,-0.00282501189099887
12.915,1.83732220241808,2.05130036283369,0.0986546799123494,2.19289863444053,0.0574056522233863,0.163301250383078,0.101617432340043,0.0616838180430348,0.996519973939726,-0.00280351570326693
12.92,1.82361997372516,2.06218911477657,0.0985992741166759,2.19116722388653,0.0573548449334894,0.146109893620548,0.0843583929933119,0.0617515006272363,0.996524261890629,-0.00277761843286993
12.925,1.81262501239355,2.07073637259695,0.0985472999586991,2.18936520105631,0.0573031866729042,0.133230946617786,0.0714012405592886,0.0618297060584978,0.996527352341155,-0.00275696277002438
12.93,1.82017145528012,2.06443545155854,0.0984981095964954,2.18750596222468,0.0572508104587171,0.138803111225224,0.0768865040033357,0.0619166072218885,0.996521298673102,-0.00277188251850015
12.935,1.82111506118718,2.06342211831684,0.0984476890096611,2.18567767002793,0.0571987653002107,0.137910317218135,0.0759104661294509,0.0619998510886841,0.99651848702569,-0.00277414023886408
12.94,1.81957055801943,2.06439741845524,0.0983974676516946,2.18384895794454,0.0571466791097292,0.134589106190232,0.0725052718677278,0.0620838343225041,0.996516926294576,-0.00277161542193419
12.945,1.84224293975867,2.04609086859132,0.0983479791111792,2.18200796770052,0.0570944071663852,0.156089077048171,0.0939188481411295,0.0621702289070416,0.99650328883253,-0.00281572076449026
12.95,1.86457626862239,2.02798795604574,0.0982939768852392,2.1802696687005,0.0570433353015425,0.180203787703845,0.117961042700221,0.0622427450036235,0.996489608361693,-0.00285943423369307
12.955,1.86160955185095,2.03043243070016,0.0982354969880341,2.17863318565071,0.0569934741316018,0.174091227164205,0.11178985418372,0.0623013729804853,0.996488366360809,-0.00285419557047549
12.96,1.8635466769051,2.0288645728229,0.0981781539626536,2.17697686736644,0.0569434028696963,0.174084971927993,0.111721655528863,0.0623633163991302,0.996484722268389,-0.00285846093871786
12.965,1.90845526489025,1.99236524793604,0.0981208524287693,2.17532442720175,0.056893395039009,0.233000905481652,0.170575675042595,0.0624252304390571,0.996459591256596,-0.00294655249879569
12.97,1.9010171164589,1.99887894509531,0.0980539302365835,2.1738835155411,0.0568459105565312,0.218629532403981,0.15617221871179,0.0624573136921915,0.996460180244206,-0.00293257861812243
12.975,1.91516628115242,1.98742509312869,0.0979892653370517,2.17239994224886,0.0567980200635531,0.237084792096642,0.174588995485059,0.0624957966115824,0.996450077091877,-0.00296088399311084
12.98,1.91834219335511,1.9851406826173,0.0979219213121308,2.17097982196172,0.0567509430088424,0.238871109436867,0.176345527382919,0.0625255820539473,0.996445330837413,-0.00296771829308094
12.985,1.89801708555677,2.00249346654523,0.0978544211275439,2.16956921257021,0.0567040714371036,0.205186123423209,0.142631802365985,0.0625543210572232,0.996452323407124,-0.00292847873077748
12.99,1.87822207264259,2.01907123376889,0.0977921070608649,2.16805195702516,0.0566560662371717,0.176080307829886,0.113481836975582,0.0625984708543033,0.996459290598282,-0.00289040373498411
12.995,1.85483220380839,2.03826458791162,0.0977347329165856,2.16643170725027,0.056606923570146,0.146695292683523,0.0840377314663905,0.062657561217133,0.996468284212905,-0.00284548818473796
13,1.84963675699934,2.04239160517738,0.0976829600204284,2.16469200317161,0.0565564058731128,0.139294831802541,0.0765608830159269,0.0627339487866145,0.996468441613766,-0.00283588836778305
13.005,1.85683969565671,2.03651360502072,0.0976327325088966,2.162921720393,0.0565055108948511,0.144647469786051,0.0818322463243279,0.0628152234617236,0.996462470190418,-0.00285027948107424
13.01,1.83039120507183,2.05777645155791,0.0975813524917594,2.16118044549869,0.0564549329109923,0.117680019377853,0.0547870350731551,0.0628929843046975,0.996473267577066,-0.00279963069188833
13.015,1.83331902030896,2.05523160708039,0.0975360634495394,2.15930622891273,0.0564027678512406,0.118515749655366,0.0555257538928028,0.0629899957625633,0.996469662388793,-0.00280567258875808
13.02,1.82972404855606,2.05788668244303,0.0974905143232142,2.15744054535577,0.0563506414289451,0.113916936623434,0.0508304407339001,0.0630864958895336,0.996469304290528,-0.00279914714799054
13.025,1.81999412043315,2.06537548511276,0.0974460913343479,2.15555228187981,0.0562981849490465,0.104911757718444,0.0417248889299425,0.0631868687885015,0.996472065023156,-0.00278081733927492
13.03,1.84838444001329,2.04271045743717,0.0974040717194104,2.15361231031114,0.0562450426555637,0.126430281110543,0.0631350453516426,0.0632952357589002,0.99645587770873,-0.00283593058580487
13.035,1.85496094595678,2.0373427303293,0.0973563670429568,2.15180137807236,0.0561933548990013,0.130668626147565,0.0672826156166463,0.0633860105309185,0.996450325687337,-0.00284908311906927
13.04,1.82069638076995,2.06478156757977,0.0973076354876753,2.15001624248265,0.0561419260042024,0.10080356261696,0.0373298034084925,0.0634737592084677,0.996465143180413,-0.00278338804573603
13.045,1.85904093680627,2.03430342807376,0.0972665647862551,2.14806072942425,0.056088455321791,0.130108010824218,0.0665219525280109,0.0635860582962076,0.996444018208645,-0.00285778492856765
13.05,1.83660637739768,2.05229395132847,0.0972176829567608,2.14628124030477,0.0560369883421653,0.109106119647128,0.0454321180080129,0.063674001639115,0.996452909266548,-0.00281482327684296
13.055,1.84261828289517,2.04733694328454,0.0971739821956025,2.14438794623772,0.0559841500619753,0.112242700265519,0.0484640896740114,0.0637786105915079,0.996447821670808,-0.00282681650813857
13.06,1.84104159884242,2.04844392444913,0.097129358297689,2.14251760126325,0.0559315074392648,0.109437741679383,0.045557063407152,0.0638806782722314,0.996446482464198,-0.00282416499638543
13.065,1.85369083061672,2.03823266377656,0.0970854262545837,2.14063394751685,0.0558786388855782,0.11798943024765,0.0540041039947744,0.0639853262528751,0.996438061374924,-0.00284901842086322
13.07,1.8303854524546,2.05679678368343,0.0970391585377527,2.13880484071068,0.0558263388710207,0.0987355330926403,0.0346526161125407,0.0640829169800996,0.996447504078023,-0.00280440444845217
13.075,1.8360636977464,2.05208631936684,0.09699818957274,2.13685802984958,0.0557726027587376,0.101240967112589,0.0370431805471023,0.0641977865654862,0.996442706305291,-0.00281571423735876
13.08,1.82966127431071,2.05696231684382,0.0969563558713577,2.1349324458119,0.0557190206000495,0.0956613307764506,0.0313509153508413,0.0643104154256092,0.99644390581745,-0.00280373986522234
13.085,1.84117661685474,2.04765059795588,0.0969161961964396,2.13297058588851,0.055664919996392,0.101984584273998,0.0375556440848644,0.0644289401891334,0.996436224921346,-0.00282630859676874
13.09,1.84617317059768,2.04352884871741,0.0968739421397472,2.13105757158683,0.0556112922713689,0.104083811629225,0.0395425083254058,0.0645413033038191,0.996431701399371,-0.00283633862972115
13.095,1.84984975696873,2.04047918249126,0.0968309731748099,2.12916243415942,0.0555577858100894,0.105262420380822,0.0406105550144583,0.0646518653663635,0.996427801782771,-0.00284383100468539
13.1,1.85262912927833,2.03816262912252,0.0967875723867165,2.1272788313051,0.0555043307528168,0.10578794337168,0.0410264318838119,0.0647615114878677,0.996424328199682,-0.00284959550243773
13.105,1.85894472251779,2.03304309727092,0.0967439326361526,2.12540242665923,0.055450879041802,0.108957570455971,0.0440867219918609,0.0648708484641101,0.996419073147094,-0.00286222087602295
13.11,1.88663608641524,2.01086364612965,0.0966993051120245,2.12355009677776,0.0553976287545913,0.130635820759011,0.0656583630304222,0.0649774577285884,0.996403080780665,-0.00291648439231533
13.115,1.87666090049562,2.01908833743327,0.0966490950499725,2.12182437020635,0.0553457773350019,0.119669709032939,0.0546031622152952,0.065066546817644,0.996405650786542,-0.00289748601742033
13.12,1.87579174249959,2.01985685437084,0.0966014511300995,2.12004363419174,0.0552932639344667,0.117116643227139,0.0519525883589557,0.0651640548681832,0.996403789013028,-0.00289621578019933
13.125,1.87722868870221,2.01876032312752,0.096554383186174,2.11825218626083,0.0552405774777711,0.116523064952087,0.0512593551069127,0.065263709845174,0.996400799723135,-0.0028994302922213
13.13,1.88645531404394,2.01139652522311,0.0965073914129319,2.11646114784705,0.0551878416677916,0.122554239451144,0.0571903082525526,0.0653639311985914,0.996393917058925,-0.00291783206325962
13.135,1.91402285305953,1.98921971470175,0.0964587991014899,2.11470810977109,0.0551354879529013,0.147086593505557,0.0816272721813072,0.06545932132425,0.996377784318475,-0.00297221867005106
13.14,1.89251079719077,2.00718645255798,0.0964046002590865,2.11308203236793,0.0550845441521766,0.123697428384524,0.0581604705229321,0.0655369578615914,0.996385917560054,-0.00293056704070008
13.145,1.88595935264396,2.01266361596232,0.0963555458009354,2.11134340228254,0.0550323268846228,0.116161202834458,0.0505300455062626,0.0656311573281956,0.996386816898857,-0.00291820969776147
13.15,1.89432117237502,2.00602894565663,0.096308307425849,2.10956610236205,0.0549796298233928,0.121385767648342,0.0556542997440664,0.0657314679042753,0.996380345295416,-0.00293495866226293
13.155,1.89141416805992,2.00855949753405,0.0962596558196117,2.10782253366254,0.0549272652918399,0.117007596897647,0.0511800621846778,0.0658275347129691,0.996379437223121,-0.00292970914290007
13.16,1.89964426325043,2.00205176710586,0.0962120320941537,2.10605792278224,0.0548746192999051,0.122143036039068,0.05621584007286,0.0659271959662082,0.996373008181743,-0.00294622374728082
13.165,1.86536928183182,2.03009930072553,0.096163024832821,2.10432636144196,0.054822299362396,0.0946701721523985,0.0286474793829471,0.0660226927694514,0.996387762061106,-0.00287982944559753
13.17,1.89031127941539,2.01018892808885,0.0961217342960108,2.10242084791439,0.0547679692350098,0.110393307576228,0.0442497583767427,0.0661435491994853,0.996373280889806,-0.00292877714229042
13.175,1.90950009170961,1.99483114939515,0.0960754816732013,2.10062841005804,0.0547148399462987,0.124500214051131,0.0582513882253837,0.0662488258257476,0.996361432687107,-0.00296674452547739
13.18,1.89715415413635,2.00516393550526,0.096025470059176,2.09892205465606,0.0546626272437507,0.112114433500483,0.0457721524366339,0.066342281063849,0.996365166248295,-0.0029430056569307
13.185,1.89190520839114,2.00959379033541,0.0959785408615849,2.09714812657235,0.0546096210311343,0.106380750065349,0.0399347694030208,0.0664459806623278,0.996365499352039,-0.00293315996406259
13.19,1.8852367630721,2.01511818219244,0.0959331233802573,2.09534156983116,0.0545561900472886,0.100098091898116,0.0335431167956594,0.066554975102457,0.996366613882108,-0.00292054242242531
13.195,1.91898738752539,1.98808566520068,0.0958894997314328,2.09349559631471,0.0545022454513222,0.124608072991242,0.0579378013681547,0.0666702716230876,0.99634760456767,-0.00298702217065223
13.2,1.90886374695566,1.99668791298595,0.0958389751162072,2.09180580761713,0.0544499912499859,0.113964683136201,0.0472011197328561,0.0667635634033452,0.996350192373032,-0.00296759442832782
13.205,1.93540503944872,1.97535835781885,0.0957910663990194,2.0900589205924,0.0543970689240735,0.135537031557769,0.0686714304117138,0.0668656011460553,0.996334573392671,-0.00302022213108344
13.21,1.93046912487435,1.97985695678352,0.0957377755321277,2.08843423446388,0.054345467569709,0.128519794782607,0.0615693500447041,0.0669504447379032,0.99633442643868,-0.00301096435247157
13.215,1.94156334857225,1.97113774817062,0.0956860166174514,2.08677747192716,0.0542935012149188,0.136917597206898,0.069877220220963,0.067040376985935,0.996326336798112,-0.00303331044421243
13.22,1.95426669808212,1.96111721327848,0.0956322585216275,2.08516764828219,0.0542420351519855,0.147580665768547,0.0804566924513736,0.0671239733171736,0.996317341476122,-0.0030589133608758
13.225,1.91388933244424,1.99521088981647,0.0955761473346046,2.08361279628902,0.054191170302452,0.108083099253227,0.0408830931457293,0.067200006107498,0.996334767622362,-0.00297978780331633
13.23,1.90345658888523,2.00396031901486,0.0955293380710127,2.08184923058009,0.0541380272027822,0.099059381018168,0.0317529811643159,0.0673063998538521,0.996337676938686,-0.00295974215855309
13.235,1.90456633918477,2.00325802982907,0.0954851516713436,2.08002711686658,0.0540841746428756,0.0982825985978434,0.030860781081741,0.0674218175161024,0.996334942203952,-0.00296230830574207
13.24,1.90303040854988,2.0046996469158,0.095441093212488,2.07820294716664,0.0540302224186712,0.0958422052195152,0.0283040300876354,0.0675381751318798,0.99633353461176,-0.00295968986032787
13.245,1.93677719981896,1.97764608740082,0.09539772523511,2.07636380421919,0.0539760248726519,0.118733967174973,0.0510766246774462,0.0676573424975269,0.996314517791297,-0.00302642198952676
13.25,1.93545710073677,1.97914670732265,0.0953474514767344,2.07468126338479,0.0539234930209717,0.115615338885416,0.0478610139056292,0.067754324979787,0.99631269066346,-0.00302426395959981
13.255,1.9814280014616,1.94184654133127,0.0952978883994016,2.07298425480915,0.0538707694029438,0.158082031048652,0.0902281266932822,0.0678539043553694,0.996287250626208,-0.00311583670618342
13.26,1.9855411602113,1.93912249446895,0.0952385874416395,2.07150576849672,0.0538204128108653,0.159929407715132,0.0920075135146818,0.0679218942004507,0.996282253839217,-0.00312456134403731
13.265,1.96139096336132,1.96017255114247,0.0951788766831856,2.07003934288208,0.0537702208753127,0.131399081087275,0.0634106660416539,0.0679884150456216,0.996291364709806,-0.00307706275426415
13.27,1.93573179957313,1.98203468585396,0.0951250616029171,2.0684428652518,0.0537186667619034,0.10731911228503,0.0392450387996382,0.0680740734853922,0.996301519555348,-0.00302678061757664
13.275,1.9499200545071,1.97081068733148,0.0950773087194529,2.06671031080776,0.0536656293231063,0.116544336094458,0.0483645251782897,0.0681798109161682,0.996292049461542,-0.0030552383736848
13.28,1.9796864157358,1.94676775965218,0.0950268760094607,2.06503954702557,0.0536132196564938,0.141878441664289,0.0736013656131479,0.0682770760511411,0.996274654385895,-0.00311477662705908
13.285,2.0025641796287,1.92833208584382,0.0949703104144631,2.0635079037342,0.0535622957838534,0.164555544854055,0.0962011267657648,0.0683544180882907,0.996260394974985,-0.00316094920986524
13.29,1.9725731915496,1.95453815741409,0.0949091021343153,2.06208221660437,0.0535125272152039,0.129347073083664,0.0609305346222388,0.0684165384614255,0.99627233465466,-0.0031016685718096
13.295,1.99096037012199,1.93986865007289,0.0948551296533639,2.06049584989345,0.0534610973752228,0.145202964883796,0.0767007614122952,0.0685022034715006,0.996260443225255,-0.0031387812568324
13.3,1.97458050893732,1.95437600902477,0.0947975363246174,2.058992684486,0.0534105610258774,0.126302494541661,0.0577264410494971,0.068576053492164,0.996265750937878,-0.00310665236938474
13.305,1.98315494896391,1.94787739588999,0.0947440794418248,2.05739817929795,0.053359073163712,0.131964543905604,0.0633010636071358,0.0686634802984682,0.996258785369813,-0.00312420004550452
13.31,1.97458779383642,1.95572410937283,0.0946891866467605,2.05583779889419,0.0533079460994167,0.121670767762671,0.0529244741903209,0.0687462935723497,0.996260315508803,-0.00310762981393278
13.315,1.9648823468196,1.96441522402434,0.0946366591614372,2.05422558961069,0.0532562693888014,0.11145209750563,0.0426151020028789,0.0688369955027516,0.996262530447658,-0.00308880930246795
13.32,1.96047810040586,1.96860754662871,0.0945867080642937,2.05255610542093,0.0532039657932335,0.106189860468282,0.0372534400843093,0.0689364203839726,0.996262221447586,-0.00308051377934691
13.325,1.9449219239353,1.98194581323058,0.0945381412712968,2.05085602291001,0.05315130138191,0.0941555659639199,0.0251148210352306,0.0690407449286893,0.996267555459461,-0.00305014212630784
13.33,1.93703773925036,1.98879368420093,0.0944933431581846,2.04907003364568,0.0530976695959071,0.0883828542168425,0.0192248373322141,0.0691580168846284,0.996269240903074,-0.00303496708350326
13.335,1.96714568359438,1.96464849561729,0.0944506060128017,2.04723666717862,0.0530434542951954,0.105390532269582,0.0361077941676625,0.0692827381019192,0.996252032105629,-0.00309495698165469
13.34,1.95697056880032,1.97360533484756,0.0944017489379601,2.04554293485243,0.0529906689470248,0.096797142591775,0.0274095467122254,0.0693875958795496,0.996254653878141,-0.00307520289782824
13.345,1.94978906453088,1.97998085435586,0.0943555109309894,2.04378973282287,0.052937205259869,0.0910772843518685,0.0215757030566869,0.0695015812951816,0.996255908676154,-0.00306139110582625
13.35,1.95315070374845,1.97765771590047,0.0943112071988468,2.04199221983855,0.0528832043530599,0.0915654791701463,0.0219429297953535,0.0696225493747928,0.996251987473632,-0.00306843956477759
13.355,1.98700756697552,1.95038561729198,0.0942665564696234,2.04020265540325,0.0528292134606775,0.112531704270111,0.0427887717404922,0.0697429325296185,0.996232798981215,-0.00313612554868183
13.36,1.97938335250271,1.95741493970553,0.094214937074921,2.03857181479177,0.0527768555083562,0.104794830337398,0.0349543213541972,0.0698405089832003,0.99623399562885,-0.00312138958810962
13.365,1.97398095738234,1.96251562807553,0.0941654307650513,2.03689353893728,0.0527239729334195,0.0993196461918533,0.0293742277777168,0.0699454184141365,0.996234185739121,-0.00311107752820747
13.37,2.00826155460264,1.93477554481442,0.094117523946008,2.03517912916898,0.0526706688451537,0.123610799935648,0.0535547437320371,0.0700560562036112,0.996214612968463,-0.00317993717153003
13.375,2.00743916458078,1.93629026752883,0.0940625041011175,2.0336265350074,0.052619035675671,0.120505263337833,0.0503619856668728,0.0701432776709605,0.996212227470148,-0.00317877874943826
13.38,2.03026022246076,1.91795095518944,0.0940081473907503,2.03206020165654,0.0525672613325611,0.139487037416222,0.0692542108885832,0.0702328265276386,0.996198050740749,-0.00322508376029335
13.385,2.02656290000195,1.92206428313879,0.093949172050764,2.03059955376856,0.052516592169959,0.1330000491452,0.0626929685144646,0.0703070806307355,0.996196894540088,-0.00321816935816632
13.39,2.01074273196896,1.93639429636405,0.0938915484721765,2.02911012390758,0.0524656570233256,0.116163193855351,0.0457774145647973,0.0703857792905536,0.996201864989976,-0.00318691800124125
13.395,2.03856899779688,1.91386536537365,0.0938379533658954,2.02753027745413,0.0524138064498975,0.13931851651409,0.0688405478532024,0.0704779686608881,0.99618521449262,-0.00324333305522624
13.4,2.05435453483869,1.90146589916102,0.0937786181922014,2.02608140012635,0.0523633160885636,0.153347280427566,0.0827961820092773,0.0705510984182882,0.996174287536874,-0.00327573704352272
13.405,2.06509735098413,1.89340284173649,0.0937162403133627,2.02470308089651,0.0523135895919491,0.162592448368534,0.0919784700380279,0.0706139783305064,0.996165722205891,-0.00329804398371908
13.41,2.04854546618548,1.90885125355018,0.093651974432874,2.02336963459728,0.0522643819099091,0.140687329190893,0.0700169947140226,0.0706703344768704,0.996170703104576,-0.00326511939535936
13.415,2.05651801073196,1.90312931926056,0.0935920475453498,2.02194016740746,0.0522142697923344,0.146153361823904,0.0754124843275059,0.0707408774963985,0.996163640180492,-0.00328177106489163
13.42,2.04857335548303,1.91105580956211,0.0935308540884398,2.02054125305499,0.0521645134793672,0.134887850595615,0.0640807915936371,0.070807059001978,0.996164466762118,-0.00326625172789532
13.425,2.06729789436941,1.89617288733894,0.0934720029955845,2.01909098294037,0.0521142856287624,0.15170115117862,0.080820233556968,0.0708809176216518,0.996152075274203,-0.00330467428503864
13.43,2.08130487805223,1.88534287422684,0.0934094422379644,2.01772634282123,0.0520649697980298,0.164751741078652,0.0938094818746255,0.070942259204027,0.996141847432308,-0.00333367578409636
13.435,2.07562221228079,1.89155429130732,0.0933442480431434,2.01642337229343,0.0520163437786529,0.154514884058722,0.0835203438518743,0.0709945402068475,0.996141324090363,-0.00332270401867571
13.44,2.07836140630512,1.89044416984272,0.0932809468640445,2.01507998538215,0.0519673944447137,0.154317849827807,0.0832650559273357,0.071052793900471,0.996136683016843,-0.00332883171290069
13.445,2.07045044965549,1.89852290390305,0.0932175953411111,2.01373994079,0.0519185500772221,0.142314777733394,0.0712041838262002,0.0711105939071937,0.996137359968415,-0.00331332819340828
13.45,2.0692370723745,1.90075653923265,0.0931566168731713,2.01234795899663,0.0518692545956413,0.138013225765491,0.0668371468550429,0.0711760789104483,0.99613480672737,-0.00331140770943066
13.455,2.07005401853522,1.9012327076916,0.0930964635537324,2.01093887990838,0.0518198420050547,0.135883801745966,0.0646396423829304,0.0712441593630353,0.996131277028261,-0.00331359919880149
13.46,2.09995348329,1.87679864989917,0.0930366683291754,2.00952318756346,0.0517704127753756,0.1659845904515,0.0946712904414907,0.071313300010009,0.996113220650507,-0.00337497991772653
13.465,2.1140137998125,1.86599120815995,0.0929706011545013,2.00825111190959,0.0517224805137061,0.180201405544011,0.108840213807069,0.071361191736942,0.996102753342451,-0.00340430789707165
13.47,2.13151155766919,1.85221188306113,0.0929018961745252,2.0070412016913,0.0516752630057604,0.200418259057003,0.129018453307173,0.0713998057498303,0.996090424896373,-0.00344079907204774
13.475,2.15525483705514,1.83295349544624,0.0928297544928594,2.00591168435976,0.0516289575801233,0.232552146044224,0.161125790301149,0.0714263557430752,0.996074788932691,-0.00349032868835862
13.48,2.16204470583428,1.82874020798809,0.0927526964424205,2.00489592865422,0.0515839130731026,0.238713047537157,0.167277282028492,0.0714357655086648,0.996067366672308,-0.0035050333220578
13.485,2.17249260906729,1.82129821359178,0.0926747591129199,2.00390421308501,0.0515392832793219,0.251344390263524,0.179903089957287,0.0714413003062369,0.996058062628045,-0.0035273371749025
13.49,2.1722513886937,1.82346063196075,0.0925950764210212,2.00295607904052,0.0514952655024475,0.24541588052157,0.173975856858029,0.0714400236635406,0.996054004673343,-0.00352754064476211
13.495,2.13191043935144,1.86145567775159,0.0925162162325209,2.00199415767974,0.0514513188297527,0.17818420783197,0.106743796627355,0.0714404112046158,0.996070032628454,-0.00344503188072322
13.5,2.09340931789045,1.89678840115247,0.0924475907393495,2.00080310556474,0.0514053616175113,0.129988605895903,0.0585145521232436,0.071474053772659,0.996085672546333,-0.00336685479148729
13.505,2.08644615653845,1.90404208373696,0.0923884055872394,1.99939654790476,0.0513574211445829,0.120746894111537,0.0492078728869397,0.0715390212245978,0.996086035867811,-0.00335319629191264
13.51,2.06780139611804,1.92121812046984,0.0923313243640621,1.99794232656346,0.0513090648233323,0.103488586725383,0.0318776094745823,0.0716109772508002,0.996092347050477,-0.00331582313078867
13.515,2.08427970937469,1.90828782883492,0.0922789082957828,1.9963799454053,0.0512596748626697,0.11374643438696,0.0420476420081595,0.0716987923788008,0.996081339515511,-0.00334975904165558
13.52,2.0592664737242,1.93084117076262,0.0922233030625001,1.99489144270777,0.0512110321588513,0.0940177211350639,0.0222418694625759,0.071775851672488,0.99609090587791,-0.00329949011073035
13.525,2.0879377866018,1.90761499969336,0.0921737292908167,1.9932618268305,0.0511610186332904,0.111664632567397,0.0397910503084572,0.07187358225894,0.996073945902354,-0.00335813750051814
13.53,2.08985555037532,1.90715975629693,0.0921182592797461,1.99176847866212,0.0511123584015761,0.110807058519302,0.0388556837495731,0.0719513747697293,0.996070047219798,-0.00336253493973415
13.535,2.10240829680548,1.89761212866445,0.0920628637910609,1.99027363697705,0.0510637143741202,0.118661454626464,0.0466320227787726,0.0720294318476917,0.996060831459991,-0.00338862559443014
13.54,2.13418652332675,1.87155803057146,0.0920051612123012,1.98883252296889,0.0510156327250787,0.146841641339289,0.0747420383044512,0.0720996030348381,0.996041876777945,-0.00345423082932817
13.545,2.11594591028169,1.88900269937454,0.0919407789869082,1.98754562707015,0.0509691168148235,0.124956462476753,0.0528095840921924,0.0721468783845605,0.996047572103771,-0.00341738712210915
13.55,2.09964964230493,1.9044638537291,0.0918811444397019,1.98615010354984,0.0509216450758629,0.108521220537343,0.0363112771965672,0.0722099433407755,0.996052543540233,-0.00338460552174508
13.555,2.06457246593888,1.93577433721928,0.0918257164158368,1.98465708856991,0.0508732852327058,0.0852984262364542,0.013011188329783,0.0722872379066712,0.996067125810143,-0.00331376717888249
13.56,2.06178501954556,1.9390825187256,0.0917785197551896,1.98296942543827,0.0508230465285901,0.0828859255130864,0.0104929812876896,0.0723929442253968,0.996065999429645,-0.00330853953966438
13.565,2.07975326312647,1.92490407787384,0.0917323481337336,1.98125615716287,0.0507725248117256,0.0898114279294182,0.0173088169266464,0.0725026110027719,0.996054547427614,-0.00334540447886893
13.57,2.09723247383229,1.91114509895434,0.0916826682221966,1.97962390626338,0.0507227734053469,0.0981743612609195,0.025573792415728,0.0726005688451915,0.996043149647238,-0.00338143407915973
13.575,2.12766947478985,1.88632297004561,0.091629581435683,1.97807048759499,0.0506737906179115,0.118619832555514,0.045932802729118,0.0726870298263957,0.99602508749766,-0.00344417270545259
13.58,2.1369797923218,1.87967439017092,0.0915701680174495,1.9766636739498,0.0506262605297644,0.124116355003728,0.0513645512048563,0.0727518037988721,0.996017245887198,-0.00346382069894548
13.585,2.17201992187015,1.85068395570304,0.091509196981578,1.97529356592894,0.05057914915843,0.157652545253161,0.0848414993947304,0.0728110458584305,0.995996451530989,-0.00353664217111213
13.59,2.15987679458961,1.86317046425436,0.0914407603689731,1.97409614591314,0.0505337780176619,0.140125737987191,0.0672813021338379,0.0728444358533529,0.995998842682563,-0.00351214078530966
13.595,2.08435593622569,1.93110970348176,0.0913757731556415,1.97282064192041,0.0504877972565304,0.0824090762119908,0.00952004193972425,0.0728890342722666,0.996033103099731,-0.00335792771785691
13.6,2.1139392087933,1.90710784906939,0.0913282863858488,1.97112973785072,0.0504379616439328,0.0954336546658376,0.0224399384097258,0.0729937162561117,0.996015750822013,-0.00341870617615938
13.605,2.14338159015285,1.8831040016262,0.0912747191715627,1.96958018252456,0.0503894902138603,0.114042589318296,0.0409649568393128,0.073077632478983,0.995998137914512,-0.00347960223493552
13.61,2.15696874747978,1.87277312374805,0.0912150465297316,1.96817251219313,0.0503424170338999,0.123028337760718,0.0498878401203808,0.0731404976403377,0.995988119030849,-0.00350813144725331
13.615,2.1678335244655,1.86485591474952,0.0911528474385929,1.96682404359061,0.0502959800039047,0.130227759656453,0.0570333214568922,0.0731944381995606,0.995979320288007,-0.00353112529789185
13.62,2.20731313628712,1.83184535867465,0.0910887520760256,1.96552042008056,0.050250058787693,0.171327290518829,0.0980857769736352,0.0732415135451936,0.995956106687539,-0.00361364820850191
13.625,2.19107840930169,1.84833291176245,0.0910161190340531,1.96441455320433,0.0502061151341644,0.147283875737372,0.0740250607411615,0.0732588149962103,0.995960281623837,-0.00358050928440087
13.63,2.2038462889476,1.83884675193883,0.0909479694447271,1.96320686697671,0.0501613909195072,0.15831423850304,0.0850235486655523,0.073290689837488,0.995950192886841,-0.00360766438088503
13.635,2.2038523089652,1.8407675859593,0.0908775077785234,1.96205440851192,0.0501173218928958,0.154249816744334,0.0809358315633008,0.0733139851810334,0.995946353546401,-0.00360829673601993
13.64,2.20308342787995,1.84336618345938,0.0908077243893854,1.96088818974684,0.0500732806459166,0.149386489251129,0.0760476162942114,0.0733388729569179,0.995942932717878,-0.0036073096877658
13.645,2.25783373037772,1.79658111930168,0.0907387922593227,1.95970399244357,0.0500292245057006,0.219990540628739,0.146624564199726,0.0733659764290129,0.995911792970204,-0.00372250520629584
13.65,2.25108366578259,1.80508259896149,0.0906576169562175,1.95880221435139,0.0499879466555451,0.20367433139931,0.130323964764213,0.0733503666350972,0.99591072742822,-0.00370902257817785
13.655,2.23198414125156,1.82468623535348,0.0905788618678159,1.95784844631993,0.0499464358357881,0.171224289921608,0.0978825195184695,0.0733417704031388,0.995915961403721,-0.00366965539959624
13.66,2.21688805982984,1.8403490364461,0.090505401939387,1.95677486427791,0.0499040560175612,0.148235074457982,0.0748848858513465,0.0733501886066357,0.995919477062559,-0.00363874457590855
13.665,2.20710854786304,1.8510255290748,0.0904361846942687,1.95560439223037,0.0498609737113861,0.133838913416273,0.0604666077847253,0.0733723056315474,0.995920561332877,-0.00361896026564053
13.67,2.22411921611005,1.83779598385964,0.0903698988892327,1.95436662195619,0.0498174279955091,0.148587675553743,0.0751838490097921,0.0734038265439507,0.995908406215952,-0.00365503761516137
13.675,2.22181642405572,1.84184598523811,0.0903003162034952,1.95320698359911,0.0497747440623252,0.142090150276678,0.0686668246432936,0.0734233256333845,0.995905720533923,-0.00365083671220053
13.68,2.19618576098067,1.86666150144806,0.0902319439925847,1.95202049870711,0.04973197728917,0.11382084925534,0.0403746062130091,0.073446243042331,0.995914759773588,-0.0035980274064966
13.685,2.19258992313083,1.87156215936447,0.0901701173726788,1.9506801798942,0.0496879517275005,0.108201467870402,0.0347102862618617,0.0734911816085404,0.995913138173138,-0.00359109988932029
13.69,2.24742713452447,1.82507052812833,0.0901096967867306,1.94930657040678,0.0496437258235232,0.159183970512804,0.0856433588803511,0.0735406116324527,0.995882373279694,-0.00370613814756414
13.695,2.2484580316484,1.82628532516529,0.0900372190557198,1.94821434613967,0.049602212615628,0.156106338423062,0.0825585591807921,0.0735477792422694,0.995877837854749,-0.00370893661168663
13.7,2.266645168872,1.81205941066283,0.0899652133908522,1.94711300975056,0.0495608079887868,0.174925240985115,0.101369595753136,0.0735556452319788,0.995864744078898,-0.00374781398500712
13.705,2.25252992241728,1.82713527630189,0.0898896446711347,1.94609681776505,0.0495203667685766,0.152268156104718,0.0787179012614107,0.0735502548433078,0.99586759666049,-0.00371877941452417
13.71,2.29564452496337,1.79048112282088,0.089818140391296,1.94498739815545,0.0494793036478385,0.206449641901348,0.132891802333924,0.0735578395674239,0.995842053969206,-0.00381035139333513
13.715,2.28379280774801,1.80385340074826,0.0897371514056677,1.94410033037745,0.0494404450523708,0.183125104525102,0.109593412328723,0.0735316921963787,0.995843458123754,-0.00378598267589361
13.72,2.27126758141368,1.81765043036902,0.0896598030746067,1.94313135192388,0.049401120706269,0.161323430433572,0.0878066933805095,0.0735167370530629,0.995845394668328,-0.00376022072505341
13.725,2.30603927335879,1.78844159101122,0.0895861846312286,1.94207718035044,0.0493612739299641,0.205251954256922,0.131738472894961,0.0735134813619608,0.995823884426683,-0.00383440278411267
13.73,2.33162827080433,1.76750355597289,0.0895050591759889,1.94120034364775,0.049323232972651,0.242024340173786,0.168541165864402,0.0734831743093844,0.995806537102139,-0.00388953051702041
13.735,2.36084318835344,1.7431812077518,0.089418597505139,1.94045116655398,0.0492865959959931,0.291035625448731,0.217602589011612,0.0734330364371185,0.995787068250717,-0.00395272773099174
13.74,2.35441583721689,1.75224317935375,0.0893258966445165,1.93985104949909,0.0492515831123864,0.270372689041868,0.197012928291901,0.0733597607499665,0.995785059274848,-0.00393975765580022
13.745,2.32588766047218,1.78185862063565,0.0892357440330257,1.93919731830043,0.0492164721379112,0.212001475246308,0.138708238784255,0.0732932364620537,0.995794233869392,-0.00387962889165915
13.75,2.33693027214941,1.77433514060708,0.0891534381386483,1.93836402768862,0.049180152577932,0.224146074274392,0.150894213161843,0.0732518611125484,0.995784057061665,-0.00390387637716316
13.755,2.3280245245668,1.78532883664904,0.0890693227096078,1.93757682378033,0.0491445336773616,0.203322952936981,0.130120275311295,0.0732026776256862,0.995783743190319,-0.00388561921843828
13.76,2.27974945906285,1.83246500277867,0.0889882113736476,1.9367226258598,0.0491086429781029,0.134235779759158,0.0610735500957999,0.0731622296633585,0.995803275682712,-0.00378396858602938
13.765,2.29583886429154,1.820153916114,0.0889192931562906,1.93557921833957,0.0490705138152837,0.148078921472113,0.0749162522606121,0.0731626692115013,0.995791311593802,-0.00381857795136834
13.77,2.28485559230916,1.83244201364215,0.088847316589124,1.93450958794737,0.0490332451157576,0.131778951172981,0.0586274865943892,0.0731514645785913,0.995792703423609,-0.00379597795251138
13.775,2.34219842924423,1.78291679901684,0.0887786165219781,1.93336274003797,0.0489955225039361,0.200624871907454,0.127474284103813,0.0731505878036414,0.99576011262862,-0.00391835572302586
13.78,2.33921988375764,1.78837825942137,0.088697102724522,1.93251917613246,0.0489606981958855,0.190225181923696,0.117121096586668,0.0731040853370279,0.995756943618753,-0.00391270193685292
13.785,2.31517735026299,1.8132124623604,0.0886171404177454,1.93164200073747,0.0489258888052925,0.152197052744424,0.0791356812806595,0.073061371463764,0.995764386939533,-0.00386220887414016
13.79,2.33071992006646,1.80146788565858,0.0885436813232977,1.93061178814235,0.0488900474523243,0.167220108003711,0.0941803373175936,0.0730397706861176,0.995752402738844,-0.00389590605964372
13.795,2.34196677773092,1.79370409783559,0.0884673100772722,1.92965268833102,0.0488550808676987,0.177463531995643,0.104456771894335,0.0730067601013078,0.995742391962923,-0.00392054742192943
13.8,2.36490054931766,1.77522352695197,0.088389058021468,1.92874061037956,0.0488208005331516,0.206282606364811,0.133316812237045,0.0729657941277655,0.995726421817963,-0.0039702743966045
13.805,2.36211440612899,1.78064388203697,0.0883061411416705,1.92794193091184,0.0487877974667588,0.195756506568063,0.122849412973071,0.072907093594992,0.995723034469585,-0.00396501712548006
13.81,2.34780259576794,1.7966990372075,0.0882247550496652,1.92711011646677,0.0487548430329442,0.16923676881299,0.0963847934969732,0.0728519753160166,0.995725489471218,-0.00393510126371497
13.815,2.37920671073693,1.7704251456815,0.0881476159212245,1.92617933060142,0.0487213629911084,0.210416451955996,0.137606479009872,0.0728099729461238,0.995705323804067,-0.00400304667334628
13.82,2.39243115286785,1.76100866361478,0.0880637862760825,1.92541019460412,0.0486895749078017,0.226199334543398,0.153456173840323,0.0727431607030746,0.99569385196405,-0.00403221091146991
13.825,2.37627235713997,1.77915518812526,0.0879776503829257,1.92469960067768,0.0486586375004104,0.193056031603559,0.120389530369515,0.0726665012340431,0.995696928402703,-0.00399820105255432
13.83,2.38512893719332,1.77376874564668,0.0878963043611074,1.92387792123004,0.048627129540377,0.2007826558454,0.12817811145815,0.0726045443872498,0.99568776635679,-0.00401792885265291
13.835,2.3978387567838,1.7648332008269,0.0878136910319634,1.92308962383486,0.0485962462766326,0.215140009487429,0.14260359135889,0.0725364181285391,0.995676594966675,-0.00404599752960623
13.84,2.43353561134968,1.73443442618692,0.0877288943868793,1.92235688886303,0.0485661888876047,0.273731497382912,0.201272637852464,0.0724588595304481,0.995653793334472,-0.00412390087252166
13.845,2.45429432315458,1.71806905208992,0.0876363273266669,1.92181280915855,0.0485381021336555,0.309192049059811,0.236839674885643,0.0723523741741685,0.995637995939153,-0.00416979168616616
13.85,2.44834968226352,1.7272660471653,0.0875396522134263,1.92137180203588,0.0485113152418192,0.287429216020289,0.215199872978816,0.0722293430414722,0.99563529753942,-0.00415767355946347
13.855,2.44178789907958,1.73694700946614,0.0874454981351174,1.92087679890494,0.0484845565685287,0.265548214782521,0.193435729479918,0.0721124853026034,0.995633043536131,-0.00414420983794551
13.86,2.38985601377372,1.78957169559472,0.0873539752802988,1.92032433377224,0.048457782622626,0.16985846821576,0.0978561784711276,0.0720022897446322,0.995653617825675,-0.00403273609348059
13.865,2.36428975091408,1.81611160069442,0.0872759257637009,1.91944809217542,0.0484287624422331,0.133112928004852,0.0611762658382655,0.0719366621665869,0.995661794090961,-0.00397853155782765
13.87,2.3544863500931,1.8276667438647,0.087204692108021,1.9184065525607,0.0483986894029484,0.119102306731351,0.047209116179129,0.0718931905522218,0.99566248403318,-0.00395817141817379
13.875,2.35867583457067,1.82630332909724,0.0871364646695768,1.91729157641565,0.0483682858270736,0.119364009002448,0.0475051471359962,0.0718588618664513,0.995656348821827,-0.00396771634492208
13.88,2.35852495538319,1.8289226491698,0.0870679680308185,1.91618320535232,0.0483382145119045,0.115549060017013,0.0437267851627568,0.0718222748542565,0.995652361480264,-0.00396798292630681
13.885,2.39672376623754,1.79652382990532,0.0870002087224933,1.91505661927503,0.0483082682879655,0.152534012602013,0.0807470600477528,0.0717869525542605,0.995629236732933,-0.00405054110119399
13.89,2.41911569549935,1.77856786085675,0.0869242460189926,1.91413048815694,0.0482803119156525,0.177429731614186,0.105708284869765,0.0717214467444205,0.995613520630243,-0.00409950239587528
13.895,2.43058236261006,1.77083804750451,0.0868437835308222,1.91331570177338,0.0482536391005127,0.188514296485743,0.116875849603885,0.0716384468818578,0.995602990776202,-0.0041249998475238
13.9,2.41112087698922,1.79217141831939,0.086761443362718,1.91254921485097,0.0482277548664948,0.155056451099982,0.0835095252923389,0.0715469258076429,0.995607803856072,-0.00408361659461163
13.905,2.42501827013411,1.78212100842267,0.0866845994291475,1.9116502172954,0.048201172877788,0.168247670705197,0.0967750676687818,0.0714726030364148,0.995596257324449,-0.00411430399418517
13.91,2.40915335474976,1.7999255046465,0.0866052818841478,1.91081354208357,0.0481754776918412,0.142377430633532,0.0709896473929372,0.0713877832405944,0.995599435385054,-0.00408070039125081
13.915,2.41023037222264,1.80174007669049,0.0865305470047529,1.90986563801886,0.048149245423132,0.138872070142856,0.0675549699918939,0.0713171001509616,0.995594409194853,-0.00408366062799412
13.92,2.41125823644886,1.80359217482576,0.0864563463041162,1.90890558959159,0.0481232682796247,0.135388247558306,0.0641417073688626,0.0712465401894438,0.995589431982124,-0.00408651039543744
13.925,2.40078234373252,1.81609438292019,0.0863826859613873,1.9079330711054,0.0480975432516327,0.119995782401815,0.0488196480215408,0.0711761343802738,0.995590231567034,-0.00406455269533646
13.93,2.38171916405769,1.8363462143986,0.0863122393398882,1.9068812550871,0.0480715117214613,0.0999362144345564,0.0288208949447883,0.0711153194897681,0.995595511349353,-0.00402416623394386
13.935,2.33954596023446,1.87736828156386,0.0862469205851855,1.90570086491471,0.0480447367166449,0.0757247413827972,0.00465370400407455,0.0710710373787227,0.995612649430483,-0.00393454936708528
13.94,2.37432611324645,1.84828073037123,0.0861918038272935,1.90426020734699,0.0480160633221699,0.0892403277254219,0.0181786533250783,0.0710616744003436,0.995591922888698,-0.00400934107895882
13.945,2.41113442307421,1.81719421788475,0.0861294122489874,1.90299905910005,0.0479891430079384,0.113766255861394,0.0427407466493506,0.0710255092120431,0.995569736738069,-0.00408902648157582
13.95,2.43445963023091,1.79837374139613,0.0860592161115329,1.90193082591184,0.0479641304580559,0.13326676897663,0.0623063411331468,0.0709604278434832,0.995553812493511,-0.00414004649945495
13.955,2.4268213706923,1.8083927178864,0.0859843227470222,1.90097931619054,0.0479404347824265,0.120725034296363,0.0498479136176596,0.070877120678703,0.995553077139138,-0.00412414725355875
13.96,2.41322697003352,1.82381641964553,0.0859120088810715,1.89996406451668,0.0479165976090715,0.104547558428471,0.0337465267949337,0.0708010316335377,0.995555469187,-0.00409539171982552
13.965,2.39277988293762,1.84532932741993,0.0858436084315935,1.8988505647334,0.0478923153516441,0.0874215484553082,0.0166845435315539,0.0707370049237543,0.995561519142018,-0.00405193571684467
13.97,2.39258581425757,1.84797588364318,0.0857806063573079,1.89759964030778,0.0478672309280415,0.0850441063399458,0.0143535778661348,0.0706905284738111,0.995557766091643,-0.00405205694469716
13.975,2.37621266102641,1.86536291508252,0.0857182999202692,1.89632920574968,0.0478422841619565,0.076238549590509,0.00559338646808828,0.0706451631224208,0.995562139528089,-0.00401744537256212
13.98,2.39328794454696,1.85219665540523,0.0856603334756578,1.89494601507774,0.0478166917746046,0.0812811029577062,0.0106671762661809,0.0706139266915253,0.99555004937176,-0.00405459414035917
13.985,2.37079414175926,1.87511962017588,0.0855991105549262,1.89364247357468,0.0477920361774299,0.0725740142958124,0.00200408681707974,0.0705699274787327,0.99555753895868,-0.00400686035816777
13.99,2.39531405911198,1.85521806200589,0.0855435739468469,1.89219083384127,0.0477664372505664,0.0785349201728887,0.00798999734358112,0.0705449228293076,0.99554186600838,-0.0040599478353545
13.995,2.39553883165996,1.85742854936706,0.0854830986061002,1.89086121462082,0.0477421187756579,0.0770390188279997,0.00653780176547511,0.0705012170625245,0.995538032077825,-0.00406094770564159
14,2.40248842569612,1.85350550417848,0.0854231970677595,1.88951429419479,0.0477179507063855,0.0780477222199331,0.00758946634489821,0.0704582558750348,0.995530865852723,-0.00407641131282683
14.005,2.4125254939884,1.84679904387681,0.0853623446869436,1.88818880024962,0.0476942547514629,0.0804449654194277,0.0100343537825938,0.0704106116368339,0.995522091990094,-0.00409855621721622
14.01,2.41011487650297,1.85152836739781,0.0852998492267719,1.88690250666694,0.0476711891509445,0.0776906457337272,0.00733488828160161,0.0703557574521256,0.995519434995449,-0.0040938909619198
14.015,2.41267306321247,1.85167618122028,0.0852385510403739,1.88558323300247,0.0476481706024085,0.0770476780203683,0.00674394476752409,0.0703037332528442,0.995514362089997,-0.00409992799466793
14.02,2.42055835671264,1.84696130887992,0.0851773113160964,1.88425978350379,0.047625431484301,0.078416874326913,0.00816635432471399,0.070250520002199,0.995506623796779,-0.00411746339973324
14.025,2.4522090824336,1.82050585852094,0.0851149226157887,1.88296296870292,0.0476032299253873,0.0931072292236986,0.0229154329957646,0.0701917962279339,0.995486925957192,-0.00418651976491952
14.03,2.45975230847035,1.81632833695959,0.0850459481498308,1.88183085172131,0.0475827185896941,0.0953332077080646,0.0252250667636199,0.0701081409444447,0.995478866475017,-0.00420348807316014
14.035,2.50346827488367,1.77855545901147,0.0849759671762732,1.88072319169385,0.0475627940753661,0.131437908715756,0.0614188102137532,0.0700190985020028,0.995452650938088,-0.00429946069481549
14.04,2.51550703620622,1.77044094440543,0.0848965221572091,1.8798529946127,0.0475452033470433,0.140398125586965,0.0705034577764662,0.0698946678104984,0.995441675992487,-0.00432651396188985
14.045,2.53531444240946,1.75500428182032,0.0848150989034727,1.87903389289445,0.047528503988588,0.16044844923218,0.0906875345432727,0.0697609146889073,0.995426683694295,-0.00437072744211309
14.05,2.56861519231214,1.72671518379494,0.0847298566306907,1.87831255592249,0.0475130887556694,0.205229112242691,0.135617857446322,0.0696112547963683,0.995404695573513,-0.00444495417348545
14.055,2.56704316239162,1.73208483772736,0.0846375402958917,1.87777090601079,0.0474996393617001,0.194818366061436,0.125384258673421,0.0694341073880151,0.995399688748088,-0.00444222859111263
14.06,2.56940590510001,1.73360876425957,0.0845466540957609,1.87719746787026,0.0474865451375212,0.191189965545288,0.121930997891678,0.0692589676536096,0.995392791919213,-0.00444820150045384
14.065,2.56139405968432,1.74514683773977,0.0844562274597126,1.87661628805901,0.0474739902404473,0.17140895136493,0.102326476608784,0.069082474756146,0.995391099076435,-0.00443121610312276
14.07,2.59370883558654,1.71777178399044,0.0843687566777908,1.87596392173451,0.0474614807655152,0.217219185738697,0.148305803175515,0.0689133825631822,0.995369417580044,-0.00450356018592685
14.075,2.5601868591604,1.75437408621717,0.0842744590713797,1.87548638856868,0.0474509316654766,0.155743819476288,0.0870263063240872,0.0687175131522006,0.995380210475558,-0.004430036549812
14.08,2.58303247658478,1.73609242571595,0.0841893269660807,1.87477965150625,0.0474392503692833,0.182782078722026,0.114231502320713,0.0685505764013126,0.99536338817517,-0.00448131141191105
14.085,2.54383493319739,1.77780955039898,0.084099673518105,1.87418996288764,0.0474290707498422,0.123592199216123,0.0552272293273812,0.0683649698887419,0.995377288871841,-0.00439539058976247
14.09,2.56091401251784,1.76497889481367,0.0840203795929211,1.87333716738436,0.0474174652382945,0.138085754785784,0.0698730194471437,0.0682127353386401,0.995363699540281,-0.00443372436730462
14.095,2.58595413148705,1.74458755789081,0.0839379320682285,1.87256599530999,0.0474070519114364,0.165609854034777,0.0975630447444324,0.0680468092903448,0.995345918736047,-0.00448983650674643
14.1,2.58495335617779,1.74933594586859,0.0838504409752353,1.87192517149742,0.0473982424557516,0.157473054332403,0.0896126368895088,0.0678604174428943,0.995340825248935,-0.00448832755113638
14.105,2.57919963115898,1.75862463036321,0.0837641856984439,1.87125552011988,0.0473898375246555,0.143398154058901,0.0757227997956599,0.0676753542632413,0.995338175811345,-0.0044762744043856
14.11,2.55422687613222,1.78626445958023,0.0836802823965268,1.87052786606914,0.0473816069675731,0.109920868078033,0.0424252970339546,0.0674955710440783,0.995345275646765,-0.00442174870274977
14.115,2.54987616951626,1.79378292576994,0.0836032186721113,1.869624618055,0.0473726199430238,0.101737320907615,0.0344003638856332,0.0673369570219822,0.995342494029131,-0.00441278725537047
14.12,2.54554651252009,1.80120473302582,0.0835280298936826,1.86867281447511,0.0473638144401399,0.0944303391742148,0.0272479910051833,0.0671823481690315,0.995339813673268,-0.0044038654161216
14.125,2.59528416895895,1.75745759888014,0.0834546829552675,1.86767268325513,0.0473551823870601,0.139809906820004,0.0727782096440124,0.0670316971759918,0.995310209936944,-0.00451446731608561
14.13,2.60454772379792,1.75226525025812,0.0833704694700101,1.86695182392795,0.047349298930292,0.145723230618127,0.0788829082032269,0.0668403224148999,0.995300131487853,-0.00453573587075489
14.135,2.5961781546878,1.7641357205325,0.0832850116712876,1.86626500652684,0.0473443231171868,0.129260249403443,0.0626186563969097,0.0666415930065336,0.995298777862219,-0.00451782700071204
14.14,2.62258331151456,1.74244163286797,0.0832025186363694,1.86550329186596,0.0473394294647661,0.157458078893859,0.0910078935321953,0.0664501853616638,0.99528021822429,-0.00457725562751917
14.145,2.62803443139287,1.74108031253145,0.0831146815981178,1.86488114555465,0.0473362631288577,0.158438897004509,0.0922017985423308,0.0662370984621777,0.995271776878109,-0.00459012212646749
14.15,2.57987728969076,1.79178460276005,0.083026554243731,1.86426925926045,0.0473338733577755,0.0976604058426381,0.0316406327821166,0.0660197730605214,0.995290108617155,-0.00448378146559139
14.155,2.59727479947441,1.77865682611418,0.0829508159393,1.86333397201497,0.0473297089343,0.109062315220136,0.0432197016793108,0.0658426135408254,0.995276461170369,-0.00452296821429253
14.16,2.58871253948939,1.79043947306898,0.0828718631267379,1.86248244219089,0.0473268089740428,0.0969659671100133,0.0313145451548625,0.0656514219551507,0.995275573945149,-0.00450461281496916
14.165,2.57322972674255,1.80867540931363,0.0827958072388744,1.86155500989741,0.0473239661312617,0.082353935643911,0.0168864357456738,0.0654674998982372,0.99527832731176,-0.00447095464770733
14.17,2.57251137384957,1.81265258526955,0.0827241973162382,1.86050947121784,0.0473208331017443,0.0791392965066538,0.0138428755247543,0.0652964209818995,0.995273981648716,-0.00446995088273112
14.175,2.56834693556094,1.81985898269544,0.0826535526272339,1.85943680381893,0.0473180853814652,0.0746018415995557,0.00947572049290866,0.0651261211066471,0.9952714144568,-0.00446132585894674
14.18,2.58199905525388,1.81018358311784,0.0825846518909191,1.85831594752214,0.0473155566961893,0.0789857305225858,0.0140263623451975,0.0649593681773883,0.995260046100145,-0.00449207523327765
14.185,2.55114518635074,1.84273991858209,0.0825133821311334,1.85725564591425,0.0473140899061266,0.066058531640492,0.00127680101420946,0.0647817306262826,0.995270766577787,-0.00442453664003777
14.19,2.56425085537355,1.83347455384749,0.0824499497932491,1.85598334587255,0.0473115849638646,0.0677015073198374,0.00307244406878206,0.0646290632510553,0.995260018004439,-0.00445394734559926
14.195,2.55318570383073,1.84697252914825,0.0823842442426656,1.85476807200404,0.0473100828456584,0.0648348549563475,0.000368823486669576,0.0644660314696779,0.995261197666931,-0.00443009094097082
14.2,2.52616193006051,1.87521050937976,0.0823217706737131,1.85346271458001,0.0473084536668795,0.0671846232220255,0.00287267010161073,0.0643119531204148,0.995270564311095,-0.00437122030731039
14.205,2.55096273530832,1.85499124318104,0.0822660276611353,1.85197092614673,0.0473059142249429,0.0642348192695809,5.54439982521987e-05,0.0641793752713287,0.995254459936263,-0.00442616671377759
14.21,2.5779246206484,1.83275886808247,0.082205352676253,1.85060614074893,0.0473048887141502,0.0659646568733946,0.00193737470408731,0.0640272821693073,0.995236941595566,-0.00448614906252337
14.215,2.59839183581837,1.81663261083199,0.0821392527042838,1.84938215781752,0.0473055266870763,0.0703825063984901,0.00652874717291707,0.063853759225573,0.995222302815223,-0.00453201660607961
14.22,2.58553569895198,1.83215563464622,0.0820692158848818,1.84826016112619,0.0473075691671332,0.065243948199232,0.00158010388150909,0.0636638443177229,0.99522405560073,-0.00450409525514422
14.225,2.59946712534422,1.82219751310507,0.0820029023844719,1.84703546700864,0.0473094639054769,0.0672458708344945,0.00376159828601795,0.0634842725484766,0.995212655792888,-0.00453550541042984
14.23,2.59459350652494,1.83010856980621,0.0819341539439436,1.84587278492342,0.0473124660257824,0.0648100718648988,0.00151652556534348,0.0632935462995553,0.995210488116184,-0.00452525479711883
14.235,2.63106365987506,1.79887471735558,0.0818672899744015,1.84465643888136,0.0473157042816788,0.075907709606966,0.0128009979719581,0.0631067116350079,0.99518776734925,-0.00460686905218224
14.24,2.6531974879266,1.78124553993939,0.0817928071271882,1.84364059019029,0.0473211449997562,0.0866893309324755,0.0237988059864374,0.0628905249460381,0.995171694983745,-0.00465689955299454
14.245,2.69454396958939,1.74512547287458,0.0817140313707753,1.84273800156733,0.0473281747266419,0.120958491590825,0.058302139779143,0.0626563518116816,0.995145717867118,-0.00475033686015122
14.25,2.7046872103091,1.73935973574875,0.0816264227593515,1.84206950295424,0.0473377563766214,0.1270076642584,0.0646193715392024,0.0623882927191973,0.995134735642129,-0.00477388262003295
14.255,2.70688794205336,1.74143808080431,0.0815374364916073,1.84143964122421,0.0473484821417485,0.12343530302613,0.0613234393715821,0.0621118636545479,0.995127618724067,-0.00477953975421494
14.26,2.70377513765552,1.74872172187441,0.0814489852487802,1.8407978224789,0.0473599940381076,0.113878499167983,0.0520448982675022,0.0618336009004807,0.995123181719936,-0.00477320737785351
14.265,2.72739567509452,1.72976907765491,0.0813623269650033,1.840110138895,0.0473720437358173,0.136378409362079,0.0748205603855606,0.0615578489765184,0.995105486897133,-0.00482723548991341
14.27,2.71750420498903,1.7439125795759,0.0812710708584468,1.8395467915494,0.0473859056075925,0.117530497606324,0.056267884766292,0.0612626128400321,0.995104222296061,-0.00480557521484998
14.275,2.70981937715765,1.75570488409724,0.0811832703858291,1.83889351682922,0.0474000255844373,0.103597204754489,0.0426217654384199,0.0609754393160695,0.995102076364566,-0.00478890672200731
14.28,2.67408396759677,1.79478109389875,0.081098338372734,1.83816481104394,0.0474144906936988,0.0722985329407318,0.0116041028157921,0.0606944301249397,0.995114139026449,-0.00470918316903373
14.285,2.70885825888316,1.76499834884265,0.0810227652906168,1.83718211201005,0.0474279433688218,0.0925966348146496,0.032154516365356,0.0604421184492936,0.995091576281681,-0.00478798598547211
14.29,2.70945572028481,1.76848163508523,0.0809399657409126,1.8363931162592,0.0474436908436651,0.0886516531291708,0.0284900619429773,0.0601615911861935,0.995085595954171,-0.00478997686521462
14.295,2.68628979997265,1.79510396448369,0.080858007647981,1.83558172126523,0.0474601677242244,0.0700120255142616,0.0101316421324582,0.0598803833818033,0.995091543597916,-0.00473847200163328
14.3,2.65550464959711,1.82859646280784,0.0807824118082868,1.83459644519086,0.0474762378110857,0.0598403527978918,0.000222819471409198,0.0596175333264826,0.995101728178112,-0.00467007919272536
14.305,2.65815603685729,1.8295049328661,0.0807147513207604,1.83339065874473,0.0474914902682062,0.059472311591188,9.35322562279162e-05,0.0593787793349601,0.995095732903534,-0.00467654352394476
14.31,2.62126083446877,1.8681259060901,0.0806472648625914,1.83217630479131,0.0475074689013447,0.0671501089324959,0.00801250876730787,0.059137600165188,0.995109515129342,-0.00459482825583493
14.315,2.63498156828465,1.85829058026362,0.0805888385634387,1.83070547154588,0.0475222829125507,0.0636459106967519,0.00472111421713914,0.0589247964796128,0.995098609410108,-0.00462582578936369
14.32,2.65176832794342,1.84561437553475,0.0805280104977291,1.82929505269313,0.0475382903707159,0.0603545577771848,0.00165358796500095,0.0587009698121839,0.995085998146064,-0.00466375090958616
14.325,2.67527987993403,1.82660819550307,0.080464106512091,1.82796416163154,0.0475556676486976,0.0584751187518112,1.14252442563709e-05,0.0584636935075549,0.995069804329207,-0.00471686074025494
14.33,2.66543930017834,1.83953996551962,0.0803956154962427,1.82675501315727,0.0475747735337275,0.0592242155729727,0.00101656667405797,0.0582076488989147,0.995069960182357,-0.00469536188319658
14.335,2.67494371908192,1.83388299851106,0.0803301444730827,1.82545810012832,0.0475940547032678,0.0584006588287234,0.000441795002518346,0.0579588638262051,0.995060646020718,-0.00471716241819564
14.34,2.67485056739445,1.83743761184068,0.0802632774496145,1.82419524981542,0.0476144236895119,0.0587946394090411,0.00109240587713427,0.0577022335319068,0.995056025690411,-0.00471748037022974
14.345,2.68834779022777,1.82799956989003,0.0801972030825241,1.82290596602746,0.0476354404774043,0.0576069728735838,0.000161756266500378,0.0574452166070835,0.995044657850839,-0.00474827433909547
14.35,2.69307741040747,1.82701890084959,0.0801288345882482,1.82167577964546,0.0476577615060556,0.0573553742192075,0.00017814401238146,0.0571772302068261,0.995037505411844,-0.00475943271392191
14.355,2.69134466195957,1.83225475641276,0.0800601863112236,1.82044929185984,0.0476809948639965,0.0577754855027348,0.00087040138008477,0.0569050841226501,0.995033556337679,-0.00475607736076363
14.36,2.68585551628258,1.84104319439429,0.0799927295285135,1.81918548909619,0.0477048416812564,0.0596200535650812,0.0029862669002215,0.0566337866648597,0.995031560990369,-0.00474428322147508
14.365,2.69057792071514,1.83998651510536,0.0799272959172467,1.81786060945774,0.0477291201259143,0.0594287174305462,0.00306250633847291,0.0563662110920733,0.995024594383802,-0.0047553957815981
14.37,2.69963852026258,1.83480229599234,0.0798615549676366,1.81653929052063,0.0477543142929762,0.0581826726646047,0.00208822235551745,0.0560944503090872,0.995015429448307,-0.00477626712237271
14.375,2.73773210313357,1.80184258363227,0.0797945308890708,1.81524887198481,0.0477806462979312,0.0569413476762081,0.00112619602740328,0.0558151516488048,0.994991649700752,-0.00486268630101331
14.38,2.75057272173477,1.79327882873922,0.0797196039673825,1.81417342513428,0.0478095401473389,0.0582440325885996,0.00273824841560266,0.0555057841729969,0.994979928948731,-0.00489232849510457
14.385,2.74712180871051,1.80065077934252,0.0796426104644801,1.8131529086846,0.0478398591311814,0.0561671779737067,0.000981278973495257,0.0551858990002114,0.994976197379865,-0.00488509994249867
14.39,2.74091855326386,1.81062671847199,0.0795673331481689,1.81208234054594,0.0478708464993242,0.0548815066392218,1.33147331848266e-05,0.054868191906037,0.994973953408885,-0.00487163705027691
14.395,2.73631973551539,1.818935678012,0.0794943763516646,1.81094407232711,0.0479023655413955,0.0549564486016702,0.000401699870819869,0.0545547487308503,0.994971062343266,-0.00486179880990749
14.4,2.74559348756874,1.81374689872238,0.0794233356867728,1.80974859449753,0.0479344846108265,0.0543449141051409,0.000100640677807322,0.0542442734273336,0.994961362151597,-0.00488331776601192
14.405,2.75551295001714,1.80797828477245,0.0793510221606633,1.80858499758627,0.0479678700620301,0.0539283935324112,2.31944358387127e-06,0.0539260740888273,0.994951239072284,-0.00490633581189309
14.41,2.75612850009715,1.81130015065362,0.0792773016548553,1.80745736480486,0.0480025771337552,0.0536927905315684,9.31351267708907e-05,0.0535996554047975,0.994945657791361,-0.0049082926213618
14.415,2.76923442793706,1.80247125497064,0.0792043214197889,1.80630560836136,0.0480381799346955,0.0533649789730645,9.28122712334685e-05,0.053272166701831,0.99493387460651,-0.00493857912814993
14.42,2.78908626903112,1.78712573670773,0.0791292129023444,1.80521027479663,0.0480752908381244,0.0550005835178243,0.00206655990811204,0.0529340236097122,0.994918555865277,-0.00498429146647284
14.425,2.77379592660085,1.80631010246547,0.0790504369540858,1.80421508582268,0.048114270796394,0.0526078016732854,2.77613565633379e-05,0.052580040316722,0.994920533882252,-0.0049501040811285
14.43,2.82811448227333,1.7573693380613,0.0789761339958025,1.80309128353827,0.0481534585183871,0.0654721821120222,0.0132349875363007,0.0522371945757215,0.994888018876898,-0.00507457387878132
14.435,2.83122093461624,1.75882936104551,0.0788901447188686,1.80229120543803,0.048196214798901,0.0638239298431384,0.0119719131250848,0.0518520167180536,0.994880254984535,-0.00508232375842743
14.44,2.82847607256206,1.76609774249254,0.0788044938112006,1.80148173323958,0.0482401695339341,0.0594078491393088,0.00794387947079486,0.051463969668514,0.994875427714531,-0.00507666607909157
14.445,2.84345716427508,1.75573604234031,0.0787205466343943,1.80062415344651,0.0482850499919162,0.0638756265290535,0.0127980724526775,0.0510775540763759,0.994861847698272,-0.00511162807033199
14.45,2.85618317474471,1.74768553954704,0.0786341369491524,1.79983545095379,0.0483317214838942,0.0679719608031478,0.017292828313802,0.0506791324893459,0.994849203014449,-0.0051414911874859
14.455,2.88571862527577,1.7229191769497,0.0785458184357838,1.79910076427563,0.0483801137722516,0.0872147303174458,0.0369442598159713,0.0502704705014745,0.994828000563017,-0.00521018330195717
14.46,2.91008515027125,1.70338434608595,0.0784516272408311,1.79853192499142,0.0484310848595033,0.107537003836119,0.0576983683447446,0.0498386354913739,0.994808938736322,-0.00526721794953452
14.465,2.93017401084489,1.6882533430646,0.0783528211318096,1.79809530342652,0.0484844564267986,0.126380758358811,0.0769931195958635,0.0493876387629475,0.994791660952089,-0.00531452898286684
14.47,2.93863125804168,1.68506966310013,0.0782504605868991,1.79776259609383,0.0485400828445346,0.130068599318116,0.081147746936388,0.0489208523817275,0.99477991949848,-0.00533490485921886
14.475,2.95745636550003,1.67133277546701,0.0781473932622855,1.79745501655183,0.0485974480262657,0.150221857568951,0.101774474056145,0.0484473835128059,0.994762922354592,-0.00537946809913836
14.48,2.96029776932835,1.67409659210101,0.078041118515614,1.79724320055126,0.0486570899423207,0.14512012183854,0.0971608778887897,0.0479592439497505,0.994753660054018,-0.00538682408337672
14.485,2.98823275430998,1.65108385726576,0.0779355565276128,1.7970178060456,0.0487182752089772,0.184099204368539,0.136630303005098,0.0474689013634412,0.994731882383237,-0.00545284317155342
14.49,3.03079174483701,1.61299521473734,0.0778245922598047,1.79695099500028,0.0487822565390953,0.264367247226821,0.217410256254077,0.0469569909727439,0.994702370171279,-0.00555356731444233
14.495,3.00936372250414,1.64190181308424,0.0777046331864477,1.79714488766168,0.048849833206137,0.201489268628741,0.155077060504411,0.0464122081243301,0.99470415766933,-0.00550394549561576
14.5,3.01076366031407,1.64656501671614,0.0775915952771904,1.79715381403014,0.0489179567786132,0.192014873888464,0.146130426855294,0.0458844470331697,0.994695020953258,-0.00550798186018291
14.505,2.98770678728103,1.6765883941191,0.0774797400846883,1.7971381805341,0.04898771437523,0.139136859245032,0.0937809741541364,0.0453558850908959,0.994698176684053,-0.00545467477205149
14.51,3.00672714984508,1.66277007139586,0.0773749868629,1.79692759820621,0.0490579070864752,0.161150384014394,0.116305299229066,0.0448450847853279,0.994680803450561,-0.00549994222689647
14.515,3.00553440974319,1.66993771670286,0.0772670309096816,1.79681481636715,0.0491305774829133,0.148489955738276,0.104169904224993,0.0443200515132834,0.994673274054873,-0.00549786110560569
14.52,2.93236240254817,1.75133113232131,0.0771608121421201,1.79665948067655,0.0492047782204555,0.0571102721393666,0.0133141364610694,0.0437961356782972,0.994701842857737,-0.00532790840153213
14.525,2.9126307921124,1.7761284571196,0.0770733643104137,1.79596104347788,0.0492769320797498,0.0458780108646368,0.00255166934243586,0.0433263415222009,0.994705091673348,-0.00528281838345089
14.53,2.92185182645609,1.77162292671664,0.0769916097446583,1.79509582022998,0.0493495346031227,0.0464486639914997,0.00357816086529514,0.0428705031262046,0.994694281368547,-0.00530473001228395
14.535,2.9377170212343,1.76052193246174,0.0769087690633933,1.79426089490827,0.0494239942170391,0.0498081100862113,0.00740044081339063,0.0424076692728207,0.994680053174225,-0.00534208253245926
14.54,2.93463072598754,1.76852378611774,0.076823317596413,1.79350125691944,0.0495006761469221,0.0459935978153905,0.00406044718692899,0.0419331506284615,0.994675088088468,-0.00533551601899202
14.545,2.95207755349073,1.75587216142883,0.0767396783365756,1.79268786304948,0.0495786803581161,0.0502917082624333,0.00883112827158258,0.0414605799908507,0.994659980427996,-0.00537660420936595
14.55,2.97529414606572,1.73748619931866,0.0766530740561118,1.79196056691552,0.049659040858337,0.0603317718285704,0.0193564104350585,0.0409753613935119,0.994641746880945,-0.00543125497207057
14.555,2.98835153603187,1.72946784608982,0.0765621819039999,1.79135902501204,0.0497421024091009,0.0654892348810047,0.0250157318738961,0.0404735030071086,0.994628248791877,-0.00546234791456233
14.56,3.02677472166233,1.69572411825623,0.0764694210360014,1.79081375321778,0.0498274234533675,0.0990843049731361,0.0591219245197628,0.0399623804533733,0.994601907434089,-0.0055529748914488
14.565,3.01172446282865,1.71694626604583,0.0763688057650395,1.7905002025051,0.0499163293865254,0.0748454557370584,0.0354214100538573,0.0394240456832011,0.994601679512992,-0.00551832636352638
14.57,3.04900107365564,1.68435345480135,0.0762731027581234,1.79004641252676,0.050006228684092,0.112127046430751,0.0732302798023771,0.0388967666283738,0.994575647697248,-0.00560653272358498
14.575,3.03542397212266,1.70430220808712,0.0761698324322128,1.78981757792232,0.0500997460295777,0.0863472344991408,0.0480037716018343,0.0383434628973065,0.994574437285759,-0.00557525363547445
14.58,3.05529332189747,1.68958612043009,0.0760711873545074,1.78945762947443,0.0501944118887919,0.103359413074297,0.065559107631056,0.0378003054432408,0.994556841623651,-0.00562265658066212
14.585,3.08032474220174,1.66962459379434,0.075969153870335,1.78920177159488,0.0502919055021854,0.13135236740188,0.0941086001507031,0.0372437672511771,0.994536380843161,-0.00568239859917574
14.59,3.06739008127323,1.68923177316215,0.0758625267148009,1.78908671089201,0.0503925569815585,0.102388051512212,0.0657176146170239,0.0366704368951878,0.994534522569729,-0.0056525172900247
14.595,3.07803112918332,1.68416915221051,0.0757604497049673,1.78884343905037,0.0504945101931853,0.108418525280432,0.0723115185304672,0.0361070067499645,0.994521209767327,-0.00567829179684366
14.6,3.01890008319431,1.75147722813296,0.0756572321663241,1.78863943404433,0.0505989522843028,0.0446639712111995,0.00912688389897025,0.0355370873122293,0.994542671783178,-0.00553983391132922
14.605,2.99587501757594,1.78011123481004,0.0755692955104454,1.7879794515769,0.050702351026131,0.035417762502687,0.000409616330760274,0.0350081461719267,0.994547263032511,-0.00548657215800731
14.61,2.96283300124539,1.81831194694638,0.0754878125079649,1.78712396305828,0.0508064191054146,0.0409376282667356,0.00644269787856107,0.0344949303881745,0.994557356315154,-0.00541017606782658
14.615,2.98012373503507,1.8056693508896,0.0754148718978937,1.78600518227717,0.0509105955683381,0.0365672399428415,0.00256368218553695,0.0340035577573046,0.994542945301025,-0.00545088579495668
14.62,3.00406536795867,1.78645608473687,0.0753389748860911,1.78497145305988,0.0510174051088961,0.0335157402456568,1.46280940219532e-05,0.0335011121516349,0.994524963294127,-0.00550723491768257
14.625,3.01516704394417,1.78022266701497,0.075258633807299,1.7840687857687,0.0511272522746444,0.0330817499276582,9.82786208004093e-05,0.0329834713068577,0.99451303607694,-0.00553372145017266
14.63,3.02204697714754,1.77830541115018,0.0751768145370938,1.7832085582705,0.0512395514147373,0.0326190465445793,0.000159895386839382,0.0324591511577399,0.994503088405221,-0.0055503627110666
14.635,3.03559492234931,1.76968629991484,0.0750945011346526,1.78236130357641,0.0513541296360092,0.0330007080392909,0.0010696902928538,0.0319310177464371,0.994489753115756,-0.00558265119378663
14.64,3.05431817315579,1.75589355467336,0.0750101759749898,1.78157345752284,0.0514713695433168,0.035790729857159,0.00439578631690419,0.0313949435402548,0.994473654880982,-0.00562716883152945
14.645,3.02872205621679,1.78730981891421,0.074922670657357,1.78088129006006,0.0515915954668985,0.0311236243837453,0.00027579091125572,0.0308478334724895,0.994479446239414,-0.00556766113974508
14.65,3.00328367019874,1.81797848783878,0.0748421873732086,1.77997279834064,0.0517125593953778,0.0399677169081654,0.00964985447997617,0.0303178624281892,0.994485706533595,-0.00550871347147756
14.655,3.01873047268628,1.80723389679931,0.0747685012053889,1.77885103365263,0.0518342175699421,0.035191682009336,0.00538720789781597,0.02980447411152,0.994472057518624,-0.00554528678137642
14.66,3.0611032662866,1.76955123616605,0.0746923049116578,1.77780164206554,0.0519586666108092,0.029738005602692,0.000455664057942847,0.0292823415447492,0.99444473135575,-0.00564516174308721
14.665,3.03775841145546,1.79854277501051,0.0746074952866312,1.77701237777367,0.0520873854491019,0.0318418236213723,0.00310664500527161,0.0287351786161006,0.994449555222058,-0.0055908901626422
14.67,3.03961049157891,1.80163459951871,0.0745291227720595,1.77602206146835,0.0522170410547862,0.032604507572587,0.00440097830875589,0.0282035292638311,0.994442286574662,-0.00559574062224622
14.675,3.07051988191026,1.77545335485683,0.0744513667031547,1.77500894824512,0.052348921664257,0.0276732598652559,1.32635064524582e-06,0.0276719335146106,0.994420525964303,-0.00566885477207481
14.68,3.0777711873507,1.77334136482894,0.074367632549369,1.77417670089049,0.052484594529156,0.0271278125537724,4.69146530424605e-06,0.0271231210884681,0.994410094835394,-0.00568646286926506
14.685,3.11007193405976,1.74578066521445,0.0742833680794359,1.77335908670344,0.0526229086670248,0.0316909836258211,0.0051193783446298,0.0265716052811913,0.994387080395831,-0.00576326148691222
14.69,3.12071673814854,1.74048762883485,0.0741928319068482,1.77273356153813,0.0527652427984693,0.0330101277038342,0.00700741668150406,0.0260027110223301,0.994374365667811,-0.00578902306504431
14.695,3.10837536473163,1.7589060518905,0.0741010765529816,1.77214647179224,0.0529105536527979,0.02661261532333,0.00118290264682537,0.0254297126765046,0.994373026051455,-0.00576036976537579
14.7,3.07143058882684,1.80224996570235,0.0740134174651893,1.77143281759301,0.0530576618143985,0.0312819872161967,0.00641570576064527,0.0248662814555515,0.99438430602859,-0.00567377458297247
14.705,3.0714075150397,1.8073186312046,0.0739353344363904,1.77041729797806,0.0532052303975808,0.0335350745353025,0.00920877956579661,0.0243262949695059,0.994377896506409,-0.00567421519102929
14.71,3.06651416574751,1.81726259793968,0.0738582978111142,1.7693647862845,0.0533551669384727,0.0393194079762339,0.0155310941989365,0.0237883137772974,0.994373994866652,-0.00566319969086413
14.715,3.04406817974372,1.84476710827608,0.0737833824018907,1.76824079492294,0.0535072308493319,0.0629407346888303,0.0396856070078539,0.0232551276809764,0.994379031633181,-0.0056110166687496
14.72,3.03565499383297,1.85778508714764,0.0737144425220553,1.76692149138301,0.0536604785543365,0.0787375204003075,0.0560011902200083,0.0227363301802992,0.994377534326306,-0.00559176989880626
14.725,3.03412195355555,1.86380132467384,0.0736482564925917,1.76550688748732,0.0538156316375166,0.0878182180865267,0.0655941962644081,0.0222240218221186,0.994372814745599,-0.00558861507273422
14.73,3.02717329859706,1.87514305913902,0.0735832689496395,1.76404544025426,0.053973064502928,0.105583290592775,0.0838687999191078,0.0217144906736677,0.994370892710976,-0.00557279887817903
14.735,3.06826115047205,1.83879782167457,0.0735206429251527,1.76249926161411,0.0541324998013377,0.0608013623389789,0.0395907192570772,0.0212106430819017,0.994345139489661,-0.00566945086588585
14.74,3.09666788124395,1.81506719741208,0.0734498157604023,1.76120383878096,0.0542965789617725,0.0404373921714531,0.0197499569807495,0.0206874351907036,0.994325033945447,-0.00573675219320725
14.745,3.08498079531109,1.83191511730483,0.0733736140994635,1.7600719383038,0.0544647501786395,0.055324379383616,0.0351723329450366,0.0201520464385794,0.994324514716881,-0.00570969434329475
14.75,3.08029548872418,1.84148923748182,0.0733010347230177,1.75881896340122,0.0546349094274395,0.0662442637783404,0.0466185384857549,0.0196257252925855,0.994320784755426,-0.00569912648679983
14.755,3.11272671605751,1.8137140798537,0.073230458513029,1.75749512980486,0.0548074358781499,0.040684416980598,0.0215796159738083,0.0191048010067897,0.994298652585645,-0.00577600730987034
14.76,3.1198129713428,1.81163553245447,0.0731536202979351,1.75636352433959,0.0549844062833366,0.0394513415601759,0.0208806814249943,0.0185706601351816,0.994288654963956,-0.00579322322131795
14.765,3.15457404020999,1.78151781929647,0.0730762364910471,1.75524416473331,0.0551645336542402,0.022759771217846,0.00472318333052611,0.0180365878873199,0.994264760386713,-0.00587605627834512
14.77,3.18638625546289,1.75443177465868,0.0729920870694898,1.75433519516447,0.055349418003654,0.0174892121142902,6.38945882866978e-08,0.0174891482197019,0.994241755041765,-0.00595225898985183
14.775,3.18597864130197,1.7606977054635,0.0729018649161962,1.75361678736514,0.0555390327138738,0.0172743660149244,0.000343882842869169,0.0169304831720553,0.994234329081734,-0.00595180687935333
14.78,3.1927606842252,1.75948739212276,0.0728129971023447,1.75285494582474,0.0557316939276828,0.0166791062530227,0.000302070685500339,0.0163770355675223,0.994223404340456,-0.00596849351136305
14.785,3.19921919002991,1.75863922498208,0.0727238250882036,1.75210212039688,0.0559278389511486,0.0161193189789677,0.00029380836545681,0.0158255106135109,0.994212597072412,-0.00598441787281732
14.79,3.22920838091831,1.73348409378426,0.0726344299305481,1.75135582616171,0.0561275039120664,0.0174750446700849,0.00219867367635887,0.015276370993726,0.994189986821953,-0.00605666011247463
14.795,3.21709325595852,1.75228923762953,0.0725394261019874,1.75078828624228,0.0563320842153423,0.0147344928853346,1.55284869757773e-05,0.0147189643983588,0.994187930347627,-0.00602817786225203
14.8,3.23213349762269,1.74266196986416,0.0724485479544754,1.75008956204373,0.0565393049725366,0.0145541923332308,0.000380746937955483,0.0141734453952753,0.994172628639773,-0.00606469762949981
14.805,3.26072652261044,1.71901229420472,0.072355517248705,1.74946011146358,0.0567507200134944,0.0200338420492159,0.00640635027625151,0.0136274917729644,0.994150345976758,-0.00613385762197111
14.81,3.25652720433381,1.7298304238252,0.0722572383050277,1.74900011976984,0.0569671967973715,0.0156184534486978,0.00254284035225982,0.013075613096438,0.994143986617246,-0.00612428808534552
14.815,3.2407816884549,1.75260304271315,0.0721613419392692,1.74846621025395,0.0571869721457813,0.0126515809647256,0.00011857722109638,0.0125330037436292,0.994143583218523,-0.00608700748083865
14.82,3.23103527444778,1.76878714062261,0.0720704214635772,1.74777261710692,0.0574093988798097,0.0150684090009155,0.00306374091911568,0.0120046680817998,0.994140589363934,-0.00606415339151859
14.825,3.23615095226931,1.76937486629997,0.0719830041138993,1.746964682907,0.0576348109281295,0.0149763281252361,0.00348843679066225,0.0114878913345738,0.994130448838189,-0.00607688633428104
14.83,3.20641988921686,1.8060514764126,0.0718956669968921,1.7461526110383,0.0578640833231223,0.0359285560481189,0.024951949282867,0.0109766067652518,0.994137720228284,-0.00600630156729554
14.835,3.21624033758859,1.80147524807307,0.0718162296352622,1.74507854740459,0.0580952242389003,0.0326288656604705,0.0221439350300374,0.0104849306304331,0.99412588672233,-0.00603018858876359
14.84,3.21676103407928,1.80649823543726,0.071735712268083,1.744035176099,0.0583305042175351,0.0371915699142036,0.0271945008876063,0.00999706902659725,0.994118593318275,-0.00603188296769847
14.845,3.24912434024452,1.77882479334366,0.0716562049186397,1.74295398662451,0.0585694456758205,0.0184953864329644,0.00897839046976859,0.00951699596319577,0.994095451323323,-0.00610976243452932
14.85,3.24703764031111,1.78684645473067,0.0715705767746711,1.74206912285885,0.058813985759392,0.0230404422741552,0.0140072187476694,0.00903322352648583,0.994088981200394,-0.00610522484219059
14.855,3.25288708544367,1.78659240479266,0.0714866316468344,1.7411261552476,0.0590622215634075,0.0230177577413522,0.0144585064373002,0.008559251304052,0.994078673209413,-0.00611970284034233
14.86,3.25234011617331,1.79296799836623,0.0714025662260717,1.740183962566,0.0593146645884117,0.0276026753037476,0.0195101841755831,0.00809249112816457,0.99407153544769,-0.00611884548031282
14.865,3.23842193414908,1.81308796692009,0.0713198156087061,1.7391949055688,0.0595709936366533,0.0459151288251513,0.0382795753835283,0.00763555344162292,0.99407118214234,-0.00608596197093332
14.87,3.25985871914934,1.79662166532771,0.0712413292456874,1.73805967246326,0.0598304412132469,0.031262759246005,0.0240696449979797,0.00719311424802527,0.994053512474475,-0.0061377442268765
14.875,3.27517026632615,1.78656845095703,0.0711591884182938,1.73704049685791,0.0600951513489287,0.023989828609311,0.0172361313540073,0.00675369725530361,0.994038565340128,-0.00617494564353434
14.88,3.30047797738721,1.76624368443967,0.0710747990570663,1.73609210646108,0.0603648738513613,0.0127155915210608,0.00639549929553259,0.00632009222552821,0.994018402977657,-0.00623630163921383
14.885,3.34181325131212,1.72930077874173,0.0709859415057172,1.73528918594779,0.0606403258362737,0.00614258303037201,0.000252592415518278,0.00588999061485374,0.993989809983086,-0.00633665712724713
14.89,3.36564289431075,1.71080016815521,0.0708890047138232,1.73475285251864,0.0609226391110523,0.0095063646622739,0.00404668601661424,0.00545967864565966,0.993969226542281,-0.00639495377450634
14.895,3.3877802085227,1.69420098607509,0.0707880465045723,1.73435226073189,0.0612109377079548,0.0164227436305934,0.0113869850643602,0.00503575856623328,0.993949104409354,-0.00644929577919425
14.9,3.41671608602584,1.67046595051589,0.0706835004918697,1.73407492206816,0.0615052615396585,0.0332410768268033,0.0286212569679037,0.00461981985889959,0.993925233999422,-0.0065203960699232
14.905,3.40437037322726,1.69114821266565,0.0705738285306064,1.73397353784154,0.0618061776731678,0.0172047005639566,0.012993545302882,0.00421115526107463,0.993921513436951,-0.00649072819731504
14.91,3.39889799743451,1.70418646525744,0.0704686850782791,1.73372871385651,0.0621112626237122,0.0100141346367653,0.00619242753941043,0.00382170709735485,0.993914735805496,-0.00647785494895187
14.915,3.43982540050777,1.66767431502945,0.0703663897374523,1.7333942560314,0.0624209586733149,0.0341398992990574,0.0306901537894406,0.00344974550961674,0.99388498870681,-0.00657834147981412
14.92,3.4426859128792,1.67214017198663,0.0702561964494644,1.73332863856552,0.0627382488740748,0.0297303438895763,0.0266455389808182,0.00308480490875807,0.99387352806218,-0.00658582167425362
14.925,3.45333365353159,1.66820604420701,0.070147031854676,1.73323699288751,0.0630609309214003,0.0328811241356985,0.0301440002126343,0.00273712392306424,0.993858236367253,-0.00661238939534843
14.93,3.4754877646246,1.65194246852877,0.0700370781367118,1.73318007195655,0.0633895785377165,0.0495203303740039,0.0471146740145784,0.00240565635942547,0.993837088021417,-0.00666725752699163
14.935,3.49574908640582,1.6378470044699,0.0699236771209308,1.73324791826823,0.0637250421894061,0.0671695523657464,0.0650804901022002,0.00208906226354622,0.993816537133521,-0.00671759397292049
14.94,3.48593362653806,1.65654466434773,0.0698073177991655,1.73342598441739,0.0640673584533049,0.0441251291187566,0.0423360871181015,0.00178904200065511,0.993810717611412,-0.00669387880578619
14.945,3.46686149997831,1.68499084971127,0.0696950664721089,1.73347634938668,0.0644147202404045,0.018377104915243,0.0168652086709386,0.00151189624430448,0.993809871196927,-0.00664745944470194
14.95,3.47686934670188,1.6817244985687,0.0695889605215006,1.73332638583397,0.0647665467737236,0.0203911097479308,0.0191320200027627,0.00125908974516808,0.993795022406225,-0.0066724667749839
14.955,3.46085846193505,1.70648995841484,0.06948219518886,1.73320594624549,0.0651247419023324,0.00616254612954988,0.00513616476730213,0.00102638136224775,0.993793091452614,-0.00663361401131047
14.96,3.46466131078005,1.70968508734917,0.0693807355198329,1.73290991267498,0.0654876941595879,0.00470505257445076,0.00388719222542722,0.000817860349023536,0.993781719078612,-0.00664335569788086
14.965,3.47553373443342,1.7053132614602,0.069279967505567,1.73259474105068,0.0658567253977598,0.0060027939012132,0.00537153202753696,0.000631261873676237,0.993766849023894,-0.00667043738325663
14.97,3.44872765495716,1.74132386189113,0.06917827827021,1.73231586270204,0.0662323984761831,0.00105312757458988,0.000586485031280802,0.000466642543309082,0.993770704115058,-0.00660518658750996
14.975,3.45058175896523,1.74625502366345,0.0690841954902576,1.73177641699845,0.0666122938521425,0.00184512289241399,0.00151720700713208,0.000327915885281915,0.993760918277235,-0.00661011755004944
14.98,3.47341238167774,1.72892591504961,0.0689911252277865,1.73120279271772,0.0669983097112943,0.000250264325342702,3.75712955718078e-05,0.000212693029770894,0.993740715745472,-0.00666640558927143
14.985,3.48061204267995,1.72835733825399,0.0688943530868411,1.73075905134896,0.0673919605868605,0.000162508444741435,4.18628344131163e-05,0.000120645610328318,0.993727954005243,-0.00668445434461254
14.99,3.45646557655503,1.76122218665894,0.0687974465500814,1.73032253314801,0.0677923541130401,0.00699301250637441,0.0069391280852309,5.3884421143513e-05,0.993730826776202,-0.00662570823114189
14.995,3.49029939323556,1.7322096471636,0.0687074132998306,1.72964593370559,0.0681974372075871,6.16722083682559e-05,4.78305497112237e-05,1.38416586570322e-05,0.993705338709397,-0.00670897430073767
15,3.49982743130492,1.72918544321194,0.0686112058102175,1.72918544321194,0.0686112058102175,0,0,0,0.993691390883414,-0.00673275457691349
