t,x,filter_mean,filter_cov,smoother_mean,smoother_cov,ACI_metric,signal_part,dispersion_part,E_j,F_j
0,0.7,0.3,0.1,0.237795863128246,0.0956035637152188,0.0198446364307304,0.0193467732197995,0.000497863210930927,0.996458823529412,-1.46454740484429
0.002,0.592108499578399,0.114660440457269,0.0998211764705882,0.0772277808852617,0.0954300210407071,0.00751702877878585,0.00701857086931163,0.000498457909474226,0.996449783270947,-1.46453128817394
0.004,0.605239729702994,0.136765847922477,0.0996428285933975,0.0962853043241666,0.0952569750890414,0.00872178673601928,0.00822274133094666,0.000499045405072618,0.996440728865561,-1.46451514776216
0.006,0.585905885193245,0.103360266738994,0.0994649564096065,0.0673067744255587,0.0950844258287092,0.00703385818353165,0.00653423253232023,0.000499625651211422,0.996431660238048,-1.46449898354907
0.008,0.657939580913784,0.22604461922136,0.099287559991427,0.173355741717572,0.0949123732547759,0.0144803881286807,0.0139801895265073,0.000500198602173429,0.996422577317366,-1.46448279548161
0.01,0.61712441047147,0.155487738472331,0.0991106394414095,0.112176393965999,0.0947408173882622,0.00996429191056535,0.00946352769752378,0.000500764213041571,0.996413480036645,-1.46446658351349
0.012,0.534543143973848,0.0140132397371339,0.0989341948917534,-0.0102568773366315,0.0945697582755261,0.00347824353062767,0.00297692109092698,0.000501322439700691,0.996404368333183,-1.46445034760522
0.014,0.553513539323236,0.0466353126425243,0.0987582265036234,0.0179684903226301,0.0943991959876507,0.00466247196065928,0.00416059872182007,0.000501873238839212,0.996395242148451,-1.4644340877241
0.016,0.518634839320804,-0.0128471412117211,0.0985827344664712,-0.0334625664735314,0.0942291306198378,0.00265794492200478,0.00215552835405386,0.000502416567950914,0.996386101428091,-1.46441780384423
0.018,0.523107731063708,-0.00482702087803059,0.098407718997362,-0.0264858970015429,0.0940595622908061,0.00288643876076043,0.00238348637542461,0.00050295238533582,0.996376946121917,-1.4644014959465
0.02,0.506233152327754,-0.0333020992807455,0.0982331803403072,-0.051060877025627,0.0938904911421959,0.00210871314842686,0.00160523249832467,0.000503480650102195,0.996367776183913,-1.46438516401859
0.022,0.462930529653046,-0.106760408201382,0.0980591187656024,-0.114484833616652,0.0937219173379786,0.000808239973029902,0.000304238650862799,0.000504001322167102,0.996358591572235,-1.46436880805497
0.024,0.385170057762332,-0.238684133204017,0.0978855345691709,-0.228361041474854,0.0935538410638722,0.00104885537912847,0.000544341016871177,0.000504514362257291,0.996349392249206,-1.4643524280569
0.026,0.398750855512136,-0.213887964123129,0.0977124280719126,-0.206691402528529,0.093386262526762,0.000770034632301028,0.000265014900390944,0.000505019731910084,0.996340178181317,-1.46433602403244
0.028,0.312672687019357,-0.359471741169499,0.097539799619059,-0.332251463896991,0.0932191819541272,0.00430367720970295,0.0037981598162288,0.000505517393474153,0.99633094933922,-1.4643195959964
0.03,0.337540025834652,-0.314736908375934,0.0973676495795331,-0.293252074992197,0.0930525995934728,0.00287639453584757,0.00237038722573815,0.000506007310109413,0.996321705697733,-1.46430314397038
0.032,0.382333264548108,-0.236187288082959,0.0971959783453154,-0.225083982069377,0.092886515711767,0.00114068957695567,0.000634200131168211,0.000506489445787461,0.996312447235827,-1.46428666798276
0.034,0.406532302507231,-0.193242534008484,0.0970247863308158,-0.187743830621697,0.0927209305948848,0.000662778274549115,0.000155814509257314,0.000506963765291801,0.99630317393663,-1.46427016806865
0.036,0.376933056188391,-0.242467454715059,0.0968540739722503,-0.230047710209684,0.0925558445470564,0.00130373155254404,0.000796301318326531,0.00050743023421751,0.996293885787418,-1.46425364426995
0.038,0.390018020290032,-0.218473192365699,0.0966838417270246,-0.209071989332503,0.0923912578903218,0.000964959084760273,0.000457070265789148,0.000507888818971125,0.996284582779611,-1.46423709663528
0.04,0.328907684437069,-0.321434054254348,0.0965140900731223,-0.297744448560369,0.0922271709639906,0.00341567362581142,0.00290733413904144,0.000508339486769982,0.996275264908768,-1.46422052522
0.042,0.237192344922817,-0.476168845884311,0.0963448195084994,-0.431018536186116,0.0920635841241081,0.0110882325395701,0.0105794503339282,0.000508782205641878,0.99626593217458,-1.46420393008621
0.044,0.309051215780235,-0.350413471491396,0.0961760305504848,-0.321981220988897,0.0919004977429261,0.00471189023011619,0.00420267328569212,0.000509216944424074,0.996256584580867,-1.4641873113027
0.046,0.350116564468034,-0.277974516712738,0.0960077237351862,-0.259089801226092,0.09173791220838,0.00236695506989176,0.00185731139712925,0.000509643672762516,0.996247222135567,-1.46417066894498
0.048,0.360882557317249,-0.257732847806508,0.0958398996169017,-0.241323306666503,0.0915758279235715,0.00191486892654878,0.00140480656543805,0.00051006236111073,0.996237844850729,-1.46415400309525
0.05,0.302122920347678,-0.356503553508822,0.0956725587675379,-0.326296330850383,0.0914142453062569,0.00527921917342516,0.0047687461926969,0.00051047298072826,0.996228452742508,-1.46413731384237
0.052,0.407744666801819,-0.173584695448409,0.0955057017760331,-0.168062756843519,0.0912531647883408,0.00067050893597327,0.000159633432293262,0.000510875503680008,0.996219045831155,-1.46412060128188
0.054,0.462504522810626,-0.0786456576981882,0.0953393292477864,-0.085929628315549,0.0910925868153759,0.000789519332387992,0.000278249429554315,0.000511269902833678,0.996209624141006,-1.46410386551597
0.056,0.491122024000321,-0.0289396876451838,0.0951734418040939,-0.0429200192269017,0.0909325118460681,0.00153846398516766,0.00102680783330866,0.000511656151858997,0.996200187700476,-1.46408710665343
0.058,0.583511497730493,0.129606063934767,0.0950080400815887,0.0939496659715552,0.0907729403517876,0.00720293488278609,0.00669090065756092,0.000512034225225166,0.996190736542047,-1.46407032480969
0.06,0.545406086373858,0.0640041349752318,0.0948431247316889,0.03728076922384,0.0906138728160856,0.00427724355863957,0.00376483946044038,0.000512404098199193,0.996181270702259,-1.46405352010677
0.062,0.553129853519714,0.0771837351311197,0.0946786964200502,0.0486389385629853,0.0904553097342164,0.00481576864995294,0.00430300290310939,0.000512765746843558,0.996171790221698,-1.46403669267327
0.064,0.448270265729396,-0.10238232359783,0.0945147558260249,-0.106278468523486,0.0902972516126653,0.000593423779545055,8.03046315310586e-05,0.000513119148013996,0.996162295144985,-1.46401984264433
0.066,0.418547088239013,-0.152370669073781,0.0943513036421268,-0.149253559251795,0.0901396989686829,0.000564954684191191,5.14904048341344e-05,0.000513464279357057,0.996152785520764,-1.46400297016166
0.068,0.410052375998806,-0.165749657153181,0.0941883405735021,-0.160604493702281,0.0899826523298238,0.00065433181968512,0.00014053070037802,0.0005138011193071,0.99614326140169,-1.46398607537344
0.07,0.422788981378056,-0.142709795129512,0.0940258673374065,-0.14053406985685,0.089826112233492,0.000539302403242527,2.51727561582221e-05,0.000514129647084305,0.996133722844417,-1.4639691584344
0.072,0.411669581762816,-0.160635591721301,0.0938638846626876,-0.155811079295736,0.0896700792264915,0.000638437467047568,0.000123987624356679,0.000514449842690889,0.996124169909582,-1.46395221950568
0.074,0.360618741355559,-0.246831142211516,0.0937023932892743,-0.229935288378237,0.0895145538645831,0.0020380412251072,0.00152327953819831,0.000514761686908893,0.996114602661794,-1.46393525875492
0.076,0.357190472344772,-0.251011184268136,0.0935413939676712,-0.233260400742179,0.0893595367120458,0.0021992944763643,0.00168422931506812,0.00051506516129618,0.996105021169618,-1.46391827635615
0.078,0.362702012225276,-0.23985757802574,0.0933808874584598,-0.223360520519836,0.0892050283412455,0.00197257978078978,0.0014572195326059,0.000515360248183883,0.996095425505562,-1.46390127248983
0.08,0.376821060934786,-0.21402174019803,0.0932208745318054,-0.200813391475529,0.0890510293322076,0.00145138410784129,0.000935737177168773,0.00051564693067252,0.99608581574606,-1.46388424734274
0.082,0.327889029908482,-0.296315599989617,0.0930613559669698,-0.271497314159897,0.0888975402721967,0.00382528655495539,0.00330936136232684,0.000515925192628552,0.996076191971455,-1.46386720110806
0.084,0.331099450044849,-0.288843374464255,0.0929023325518307,-0.26472639919002,0.088744561755301,0.00364651737120889,0.00313032235252839,0.000516195018680499,0.996066554265989,-1.46385013398526
0.086,0.344257327163256,-0.264369554013729,0.0927438050824066,-0.24330816603885,0.0885920943820233,0.00290789409204477,0.00239143769782916,0.000516456394215603,0.996056902717777,-1.46383304618009
0.088,0.383772938714991,-0.194872510946403,0.0925857743623876,-0.183111577866816,0.0884401387588765,0.00126368986397124,0.000746980558596069,0.000516709305375174,0.996047237418799,-1.46381593790458
0.09,0.465795511612751,-0.0529281888842897,0.092428241202673,-0.0605521303491285,0.0882886954979856,0.000831384061985744,0.000314430322934715,0.000516953739051029,0.996037558464876,-1.46379880937698
0.092,0.466288056295276,-0.0514643627203118,0.0922712064209144,-0.0591827226578947,0.088137765216695,0.000840004797351065,0.000322815114469896,0.00051718968288117,0.996027865955653,-1.46378166082173
0.094,0.44353834602679,-0.0898353938152212,0.0921146708410646,-0.0921367878275964,0.0879873485371818,0.000546166152690347,2.87490274450127e-05,0.000517417125245334,0.996018159994585,-1.46376449246944
0.096,0.413330768287152,-0.14077312379234,0.0919586352929335,-0.135878785862476,0.0878374460860739,0.00064788235401997,0.000130246298759187,0.000517636055260784,0.996008440688911,-1.46374730455687
0.098,0.432206530410379,-0.107305430337457,0.0918031006117488,-0.106853629978364,0.0876880584940747,0.00051895820934772,1.11174657019317e-06,0.000517846462777527,0.99599870814964,-1.46373009732685
0.1,0.367805988529296,-0.216756506309764,0.0916480676377242,-0.200977525047237,0.0875391863955924,0.00187637621205786,0.00135832787368399,0.000518048338373878,0.995988962491528,-1.46371287102829
0.102,0.367504071365335,-0.215725597626283,0.0914935372156323,-0.199822993664754,0.087390830428376,0.00190026722648554,0.00138202555313397,0.000518241673351572,0.995979203833058,-1.46369562591615
0.104,0.314829991158539,-0.304477049699375,0.0913395101943841,-0.276000320490886,0.0872429912331558,0.00495749179239923,0.00443906533266846,0.00051842645973077,0.995969432296422,-1.46367836225134
0.106,0.384092213553445,-0.183689944489526,0.0911859874266152,-0.171617035598199,0.0870956694532898,0.00131782159005508,0.000799218899809574,0.000518602690245507,0.995959648007494,-1.46366108030077
0.108,0.450866560664956,-0.0678383752823948,0.0910329697682765,-0.0716040268216896,0.0869488657344163,0.000596654950873725,7.78845925354756e-05,0.00051877035833825,0.995949851095814,-1.46364378033724
0.11,0.400081372715149,-0.154203404623872,0.0908804580782329,-0.145848791362365,0.086802580724111,0.000902948004194915,0.000384018546040233,0.000518929458154682,0.995940041694562,-1.46362646263946
0.112,0.335533386700864,-0.263682613785545,0.0907284532178659,-0.239909470530178,0.0866568150715503,0.00363366157496395,0.00311458159042502,0.000519079984538928,0.995930219940536,-1.46360912749196
0.114,0.386568211434061,-0.174339053953723,0.0905769560506841,-0.162660245402861,0.0865115694271797,0.00127214284754463,0.000752920914517073,0.000519221933027558,0.995920385974132,-1.46359177518509
0.116,0.437093814073684,-0.0863672358607166,0.0904259674419386,-0.0866807433054214,0.086366844442388,0.000519898766067216,5.43466222511861e-07,0.000519355299844704,0.995910539939316,-1.46357440601495
0.118,0.403420650580993,-0.143298171054049,0.0902754882582446,-0.135544352204033,0.0862226407691868,0.000852470287315347,0.000332990205419174,0.000519480081896173,0.9959006819836,-1.46355702028336
0.12,0.35878972670398,-0.218701862253431,0.0901255193672094,-0.200252756981585,0.0860789590598953,0.00240790431493921,0.00188830803817531,0.000519596276763901,0.995890812258022,-1.46353961829785
0.122,0.274272397005653,-0.36209768567041,0.0899760616370657,-0.32341517582723,0.0859357999668309,0.00883489650473029,0.00831519262203,0.000519703882700284,0.995880930917119,-1.46352220037154
0.124,0.193860721284189,-0.497642864101672,0.0898271159363116,-0.439673040368215,0.0857931641420048,0.0192251817180355,0.0187053788194128,0.000519802898622745,0.995871038118898,-1.46350476682318
0.126,0.174866508661745,-0.527061433480627,0.0896786831333559,-0.464442117685167,0.0856510522368232,0.0223822722846715,0.0218623789605643,0.000519893324107179,0.995861134024816,-1.46348731797707
0.128,0.227303014756867,-0.433760803903959,0.0895307640961698,-0.383552298119331,0.0855094649017937,0.0145983429616341,0.0140783678022516,0.000519975159382513,0.995851218799751,-1.46346985416298
0.13,0.115877427721237,-0.622129920249689,0.0893833596919444,-0.54517773929816,0.0853684027862374,0.0336449956751836,0.0331249472698588,0.000520048405324824,0.995841292611976,-1.46345237571619
0.132,0.089246781056288,-0.66394292975864,0.0892364707867539,-0.580480803711501,0.0852278665380058,0.0395508278759789,0.0390307148125282,0.000520113063450678,0.99583135563313,-1.46343488297734
0.134,0.21171877689302,-0.449659784625545,0.0890900982452251,-0.395347136743104,0.0850878568032033,0.0170756774252974,0.0165555082893855,0.000520169135911908,0.995821408038194,-1.46341737629248
0.136,0.126957727065356,-0.592205365086028,0.0889442429302121,-0.517489338678209,0.0849483742259153,0.0319021499483343,0.031381933322846,0.00052021662548829,0.995811450005461,-1.46339985601296
0.138,0.146623167131559,-0.554729923476016,0.0887989057024779,-0.484577833532713,0.0848094194479404,0.0282307080714627,0.0277104525358803,0.000520255535582437,0.99580148171651,-1.46338232249539
0.14,0.177423963784123,-0.498349474482892,0.0886540874203808,-0.435433712722536,0.0846709931085293,0.0228452186119824,0.0223249327417697,0.000520285870212689,0.995791503356174,-1.46336477610162
0.142,0.139167053735807,-0.560813509701486,0.088509788939567,-0.488597942735691,0.0845330958441279,0.0299808236666011,0.029460516032594,0.000520307634007011,0.995781515112514,-1.46334721719866
0.144,0.121548269404073,-0.587496451035486,0.0883660111126692,-0.510910717983201,0.0843957282881256,0.0337082764347044,0.0331879556025075,0.000520320832196886,0.995771517176789,-1.46332964615864
0.146,0.161477926507752,-0.515237842663472,0.088222754789011,-0.448070717892786,0.0842588910706095,0.0260886874014415,0.0255683619308313,0.000520325470610206,0.995761509743424,-1.46331206335878
0.148,0.101827427370672,-0.614331796736255,0.0880800208143165,-0.532712874891568,0.0841225848181228,0.0383362095487709,0.0378158879931057,0.000520321555665282,0.995751493009985,-1.46329446918129
0.15,0.0785757942610608,-0.650372939320675,0.087937810030426,-0.5630098261005,0.0839868101534287,0.043916395197034,0.0433960861026698,0.00052030909436418,0.995741467177143,-1.46327686401336
0.152,0.0848930814577594,-0.635440366235492,0.0877961232750177,-0.549418013350999,0.0838515676952795,0.0426624973385632,0.0421422092442772,0.000520288094286059,0.995731432448647,-1.46325924824709
0.154,0.0866526706138563,-0.628413411358529,0.0876549613813345,-0.542637351020963,0.0837168580581905,0.0424889755140413,0.0419687169504609,0.0005202585635804,0.99572138903129,-1.46324162227945
0.156,0.110920401331012,-0.582774383136758,0.0875143251779168,-0.502647888785396,0.0835826818522188,0.0372013871884539,0.036681166677493,0.0005202205109609,0.995711337134881,-1.46322398651221
0.158,0.17760245761989,-0.464558690743669,0.0873742154883408,-0.400277205838341,0.0834490396827474,0.0241662191693331,0.0236460452236352,0.000520173945697922,0.995701276972209,-1.46320634135188
0.16,0.193575317210624,-0.434091819762678,0.0872346331309625,-0.373493362181774,0.0833159321502741,0.0215677975883816,0.021047678710769,0.000520118877612608,0.995691208759014,-1.46318868720968
0.162,0.181961174876857,-0.451171395788587,0.087095578918667,-0.387629084781327,0.0831833598502049,0.0236993334059939,0.0231792780889244,0.000520055317069446,0.995681132713954,-1.46317102450146
0.164,0.168263884185571,-0.47172759814438,0.0869570536586239,-0.404734084365868,0.0830513233726529,0.0263265780223675,0.0258065947473973,0.000519983274970159,0.99567104905857,-1.46315335364767
0.166,0.113457711571231,-0.56276641450405,0.0868190581520476,-0.482427765228803,0.082919823302242,0.0376908805684925,0.0371709778057463,0.000519902762746161,0.995660958017254,-1.46313567507327
0.168,0.166936295679318,-0.467295267095028,0.0866815931939632,-0.399637498808878,0.0827888602179146,0.0269243446782775,0.0264045308859251,0.000519813792352442,0.995650859817218,-1.46311798920769
0.17,0.251560456469935,-0.318870753857634,0.0865446595729782,-0.271406061900835,0.0826584346927449,0.0135355222831172,0.013015805906857,0.000519716376260138,0.995640754688455,-1.46310029648479
0.172,0.267300039471507,-0.289622358123598,0.0864082580710594,-0.245801053630567,0.0825285472937569,0.011631434618914,0.011111824091464,0.000519610527450087,0.99563064286371,-1.46308259734276
0.174,0.250022013815188,-0.317257972829523,0.0862723894633151,-0.269135403093723,0.0823991985817465,0.013940833794989,0.0134213375355832,0.000519496259405838,0.995620524578443,-1.46306489222409
0.176,0.151217949535025,-0.484781620015652,0.0861370545177824,-0.412717550175002,0.0822703891111087,0.030664531155466,0.0301451575693591,0.000519373586106875,0.995610400070792,-1.46304718157552
0.178,0.142127059443184,-0.497212477188675,0.0860022539952207,-0.422776365290995,0.0821421194296698,0.0327319724043788,0.0322127298823574,0.000519242522021401,0.995600269581544,-1.46302946584793
0.18,0.153165740711413,-0.474985439186068,0.0858679886489095,-0.403021024563704,0.082014390078523,0.0306751429138616,0.0301560398317617,0.000519103082099903,0.995590133354095,-1.46301174549635
0.182,0.1881521125716,-0.411739391371264,0.0857342592244521,-0.348019125305243,0.0818872015918702,0.0241983591994872,0.0236794039177193,0.000518955281767819,0.995579991634414,-1.46299402097985
0.184,0.215345707627954,-0.362245501929031,0.0856010664595838,-0.304901882924718,0.0817605544968666,0.0197258649861771,0.0192070658492578,0.000518799136919212,0.99556984467101,-1.46297629276148
0.186,0.288503906233066,-0.234059272224139,0.0854684110839863,-0.194181448181778,0.0816344493134712,0.009821725888987,0.00930309122507767,0.000518634663909334,0.995559692714895,-1.46295856130823
0.188,0.265659282332043,-0.271577663996626,0.0853362938191063,-0.226042143337266,0.0815088865543011,0.0126673586087307,0.0121488967291827,0.000518461879548071,0.995549536019547,-1.46294082709096
0.19,0.265679503224669,-0.269584723515125,0.0852047153779796,-0.223895823833566,0.08138386672449,0.0127680462328022,0.0122497654317092,0.000518280801092952,0.995539374840872,-1.46292309058432
0.192,0.257950494630253,-0.280917338454098,0.0850736764650602,-0.233204047793227,0.0812593903215515,0.0138980122412708,0.0133799207950283,0.000518091446242486,0.995529209437172,-1.46290535226672
0.194,0.240194263396287,-0.309412539825496,0.0849431777760545,-0.257250959477371,0.0811354578352468,0.0165334852887902,0.0160155914556614,0.000517893833128835,0.995519040069101,-1.46288761262023
0.196,0.162763442604127,-0.440290229630418,0.0848132199977604,-0.369271625400057,0.081012069747456,0.0302515086450726,0.0297338206647609,0.00051768798031171,0.995508866999633,-1.46286987213055
0.198,0.198621974589608,-0.375702590510651,0.0846838038079111,-0.313138985834489,0.0808892265320547,0.0236281778080372,0.0231107039012663,0.000517473906770927,0.995498690494023,-1.46285213128692
0.2,0.246895139308038,-0.2901535923067,0.0845549298750244,-0.239052773414417,0.0807669286547937,0.0159586557896557,0.0154414041577559,0.000517251631899751,0.995488510819767,-1.46283439058206
0.202,0.259740772447508,-0.265993178975131,0.0844265988582559,-0.217817499137398,0.0806451765731837,0.0142620740333324,0.0137450528578338,0.000517021175498567,0.995478328246568,-1.46281665051212
0.204,0.304348718403403,-0.187381417509011,0.0842988114072584,-0.149803522183968,0.0805239707363836,0.00889233491424039,0.00837555235647296,0.000516782557767437,0.995468143046294,-1.46279891157659
0.206,0.328313420889353,-0.144713280170803,0.0841715681620444,-0.112762468024634,0.0804033115850935,0.00658066421635913,0.00606412841705924,0.000516535799299889,0.995457955492943,-1.46278117427828
0.208,0.37365391193716,-0.0655544543884358,0.0840448697528548,-0.0444013708433366,0.0802831995514509,0.00317826936118974,0.00266198844011383,0.000516280921075918,0.995447765862599,-1.46276343912319
0.21,0.341298779717883,-0.120414943407846,0.0839187168000314,-0.0913056097142603,0.0801636350589318,0.00556467300256188,0.00504865505810622,0.00051601794445566,0.995437574433402,-1.46274570662048
0.212,0.277715092547551,-0.228627198375578,0.0837931099138943,-0.184003387683266,0.080044618522255,0.0123978961678223,0.0118821492766499,0.000515746891172397,0.995427381485499,-1.46272797728243
0.214,0.215909095831859,-0.333138436523018,0.0836680496946238,-0.273404742449809,0.0799261503472907,0.0218385069879855,0.0213230392046595,0.000515467783326007,0.995417187301013,-1.4627102516243
0.216,0.252405156806972,-0.268043544217992,0.0835435367321473,-0.216931803765218,0.0798082309309732,0.0161502022997348,0.0156350216563582,0.000515180643376523,0.995406992163998,-1.46269253016434
0.218,0.211544812944431,-0.336313292139479,0.0834195716060299,-0.275138048151379,0.0796908606612168,0.022946135169442,0.0224312496753042,0.000514885494137807,0.995396796360403,-1.46267481342367
0.22,0.281429568448866,-0.213791903620284,0.0832961548853702,-0.169305630534378,0.0795740399168361,0.0123940532406933,0.011879470881923,0.000514582358770332,0.995386600178033,-1.46265710192624
0.222,0.373857553557176,-0.0532416845426926,0.0831732871287,-0.030917812543183,0.0794577690674697,0.00351015658799234,0.00299588532721659,0.000514271260775745,0.995376403906506,-1.46263939619875
0.224,0.332787005088768,-0.123159667398522,0.0830509688838887,-0.0907547306596747,0.0793420484735078,0.00683585273376427,0.00632190050977485,0.000513952223989422,0.995366207837213,-1.46262169677059
0.226,0.36493085255866,-0.0667844629536546,0.082929200688052,-0.0419848193844111,0.0792268784860231,0.00422174205206122,0.0037081167794864,0.000513625272574814,0.995356012263284,-1.46260400417376
0.228,0.396814799736814,-0.0111929549507795,0.0828079830674646,0.00605371733548399,0.079112259446706,0.00230929906407014,0.00179600863305314,0.000513290431016999,0.99534581747954,-1.46258631894281
0.23,0.417503874471518,0.0248178499070313,0.0826873165374771,0.037208155291836,0.0789981916878027,0.00144126221028718,0.000928314486171154,0.000512947724116031,0.995335623782459,-1.46256864161477
0.232,0.485084621456883,0.141234553468927,0.0825672016024377,0.137421059715107,0.0788846755320572,0.000600663226987744,8.80660500064774e-05,0.000512597176981267,0.995325431470131,-1.46255097272908
0.234,0.433112316360964,0.0513919496828942,0.0824476387556173,0.0602660024125295,0.0787717112926565,0.000989807445472279,0.000477568630447788,0.000512238815024491,0.995315240842221,-1.46253331282754
0.236,0.377070292049827,-0.0449021620379742,0.0823286284791391,-0.0223367173874128,0.0786592992731796,0.00360435277496851,0.00309248011101371,0.000511872663954804,0.995305052199927,-1.46251566245419
0.238,0.455877322539279,0.091249848995609,0.082210171243912,0.0949091689478025,0.0785474397675496,0.000592940147532234,8.14413977608231e-05,0.000511498749771411,0.99529486584594,-1.46249802215531
0.24,0.475641196536262,0.125055609239716,0.082092267509568,0.124063503699236,0.0784361330599896,0.000517112020285783,5.99492152738745e-06,0.000511117098758396,0.995284682084402,-1.46248039247929
0.242,0.391300173917864,-0.0203489682694635,0.0819749177244039,-0.000814947335634909,0.0783253794249809,0.00283813461043241,0.00232740687295412,0.000510727737478289,0.995274501220867,-1.4624627739766
0.244,0.370859616016319,-0.0549913740367933,0.0818581223253264,-0.0303587159058869,0.0782151791272259,0.00421654718880761,0.00370621649604087,0.000510330692766736,0.995264323562258,-1.46244516719969
0.246,0.280585320246362,-0.209502137823309,0.0817418817378013,-0.162867452082013,0.0781055324216126,0.013812738870229,0.013302812878503,0.000509925991726057,0.995254149416829,-1.46242757270295
0.248,0.211365102502628,-0.326871410104956,0.0816261963758061,-0.263293983400862,0.0779964395531842,0.0252692682857423,0.0247597546240227,0.000509513661719585,0.995243979094124,-1.46240999104262
0.25,0.212978917172477,-0.321726368999503,0.0815110666417874,-0.25831640789135,0.0778879007571095,0.0251733714376355,0.0246642777072691,0.000509093730366339,0.995233812904931,-1.46239242277674
0.252,0.194704869381643,-0.35080830584921,0.0813964929266204,-0.282752198601906,0.0777799162586589,0.0289597306825251,0.0284510644569905,0.000508666225534582,0.995223651161247,-1.46237486846506
0.254,0.175951381479851,-0.380536373397354,0.0812824756095734,-0.307708927856173,0.077672486273181,0.0331341864275475,0.0326259552522102,0.000508231175337381,0.995213494176235,-1.46235732866897
0.256,0.150140262555006,-0.422218474740228,0.081169015058275,-0.342902599231462,0.0775656110060841,0.0392603107571588,0.038752522149033,0.000507788608125725,0.995203342264183,-1.46233980395145
0.258,0.183414636314112,-0.362041416175068,0.0810561116286856,-0.290520228227671,0.0774592906528197,0.0320612844710833,0.0315539459185993,0.000507338552483971,0.995193195740462,-1.46232229487698
0.26,0.173585805549612,-0.376346644645519,0.0809437656650717,-0.302200862579815,0.077353525398869,0.0344662412977959,0.0339593602605714,0.000506881037224405,0.995183054921485,-1.4623048020115
0.262,0.0966028327701074,-0.506043669492001,0.0808319774999838,-0.4130197515848,0.0772483154197325,0.0540338044495806,0.0535273883581992,0.000506416091381356,0.995172920124669,-1.46228732592228
0.264,0.155821587758856,-0.400733954682678,0.080720747454238,-0.321752477198895,0.077143660880922,0.0391457853106995,0.0386398415664932,0.000505943744206316,0.99516279166839,-1.46226986717793
0.266,0.0920214822933055,-0.50760865857303,0.0806100758369007,-0.412926293193314,0.0770395619379559,0.0561111077416913,0.0556056437165285,0.000505464025162716,0.995152669871944,-1.46225242634828
0.268,0.104119860290371,-0.483313193651645,0.0804999629452763,-0.39126474351963,0.0769360187363568,0.0531318159195235,0.0526268389556027,0.000504976963920822,0.995142555055508,-1.4622350040043
0.27,0.0894944821542864,-0.505117531879294,0.0803904090648989,-0.40923910028721,0.076833031411652,0.057679671468523,0.0571751888781707,0.000504482590352295,0.995132447540094,-1.46221760071807
0.272,0.0761975378299489,-0.524502110306295,0.0802814144695263,-0.425106158136475,0.0767306000893764,0.0620347559777036,0.0615307750431779,0.00050398093452575,0.995122347647513,-1.4622002170627
0.274,0.0473136012785457,-0.570570672460857,0.0801729794211377,-0.463878367290112,0.0766287248850781,0.0714952704158618,0.0709917983891602,0.000503472026701646,0.995112255700332,-1.46218285361224
0.276,-0.0051922203267207,-0.656979180263884,0.0800651041699342,-0.537262620720026,0.0765274059043268,0.0900054600007325,0.0895025041034055,0.000502955897326962,0.995102172021833,-1.46216551094162
0.278,0.0879950357267602,-0.492315546507401,0.0799577889543424,-0.394788648531466,0.0764266432427241,0.0599806644866179,0.0594782319095866,0.000502432577031309,0.995092096935974,-1.4621481896266
0.28,0.111352141719284,-0.448731461260502,0.0798510340010214,-0.356535887831172,0.076326436985917,0.0537261581523045,0.053224256055683,0.000501902096621487,0.995082030767346,-1.46213089024368
0.282,0.0497464417350275,-0.55151830504533,0.0797448395248716,-0.44411263159715,0.076226787209613,0.0728319300609106,0.0723305655738334,0.000501364487077161,0.995071973841136,-1.46211361337003
0.284,0.0102428774888818,-0.615668250841092,0.0796392057290478,-0.498370771595748,0.076127693979598,0.086882260373783,0.0863814405942368,0.000500819779546191,0.995061926483081,-1.46209635958344
0.286,-0.00564166266391449,-0.63880834217215,0.0795341328049739,-0.517311236063055,0.0760291573517568,0.0933003418370474,0.0928000738317071,0.00050026800534031,0.995051889019434,-1.46207912946224
0.288,0.0713920025170351,-0.502016049991747,0.0794296209323611,-0.398773508280956,0.0759311773720953,0.0675969853366611,0.0670972761407304,0.000499709195930675,0.995041861776919,-1.46206192358522
0.29,0.101084649703061,-0.447462584395542,0.0793256702792288,-0.351053772285439,0.0758337540767649,0.0590845862778078,0.0585854428948642,0.000499143382943545,0.995031845082692,-1.4620447425316
0.292,0.126153056081012,-0.401191077520877,0.0792222810019274,-0.310505090711043,0.0757368874920898,0.0524028335129863,0.0519042629148306,0.000498570598155723,0.995021839264304,-1.46202758688091
0.294,0.076048937603249,-0.484469479720617,0.0791194532451651,-0.381342895643151,0.0756405776345957,0.0677070773072149,0.0672090864337238,0.000497990873491005,0.995011844649656,-1.46201045721298
0.296,0.114239526440966,-0.415400920711944,0.0790171871420356,-0.321149845805815,0.075544824511041,0.0567083720206763,0.0562109677796609,0.000497404241015409,0.995001861566963,-1.4619933541078
0.298,0.174246119363472,-0.309237113057474,0.0789154828140498,-0.229143154878458,0.0754496281184495,0.0411418268186739,0.04064501608574,0.000496810732933839,0.994991890344712,-1.46197627814555
0.3,0.103612920787665,-0.428371529127843,0.0788143403711691,-0.330888815950973,0.0753549884441461,0.0607826971019645,0.0602864867203792,0.000496210381585316,0.994981931311625,-1.46195922990642
0.302,0.108985577192122,-0.416071787830127,0.0787137599118414,-0.319532805103464,0.0752609054657935,0.0596960225383558,0.0592004193189157,0.000495603219440088,0.994971984796618,-1.46194220997065
0.304,0.0806787134756403,-0.461758940151172,0.0786137415230394,-0.358026484451665,0.0751673791514312,0.0689335482191796,0.0684385589400847,0.00049498927909486,0.99496205112876,-1.4619252189184
0.306,0.110668825258291,-0.406917639140403,0.0785142852803015,-0.310057225611985,0.0750744094595165,0.0602410737654687,0.0597467051721988,0.0004943685932699,0.994952130637238,-1.46190825732968
0.308,0.128189391617954,-0.373852429870165,0.0784153912477742,-0.280859761588941,0.074981996338967,0.0556336583491889,0.0551399171543841,0.000493741194804831,0.994942223651315,-1.46189132578435
0.31,0.0931417415420696,-0.431379862581459,0.0783170594782578,-0.329564984807777,0.0748901397292053,0.0666745330098714,0.066181425893216,0.0004931071166554,0.994932330500293,-1.46187442486195
0.312,0.182220520658853,-0.275115470106646,0.0782192900132535,-0.194427370876182,0.0747988395602049,0.0421098817143893,0.0416174153224993,0.000492466391890045,0.994922451513471,-1.46185755514175
0.314,0.12467625579192,-0.371927626231912,0.0781220828830126,-0.277003959813615,0.0747080957525385,0.0581611880321427,0.0576693689784567,0.000491819053686005,0.994912587020113,-1.46184071720259
0.316,0.067535946343936,-0.467443227602093,0.0780254381065885,-0.358357009801417,0.0746179082174274,0.0767470837358763,0.0762559186005495,0.000491165135326765,0.994902737349403,-1.46182391162288
0.318,0.0832108715389912,-0.437166248861384,0.0779293556918898,-0.331462574270844,0.0745282768567925,0.0721789378847546,0.0716884332145566,0.000490504670197955,0.994892902830411,-1.4618071389805
0.32,0.0410235241300162,-0.506561040480743,0.0778338356357361,-0.390281814101909,0.0744392015633075,0.0873470404547204,0.0868572027629353,0.000489837691785122,0.994883083792055,-1.46179039985275
0.322,0.114871050866509,-0.37601834701308,0.0777388779239154,-0.277132661874453,0.0743506822204529,0.0633816254221753,0.0628924611885057,0.000489164233669626,0.994873280563061,-1.46177369481627
0.324,0.16446860366388,-0.287973726501249,0.0776444825312432,-0.200655821046992,0.0742627187025719,0.049586735514668,0.0490982511851415,0.000488484329526528,0.994863493471928,-1.46175702444702
0.326,0.129394489575195,-0.346049435906656,0.0775506494216242,-0.249897375013462,0.0741753108749277,0.0600954149896375,0.0596076169765165,0.000487798013121044,0.99485372284689,-1.46174038932016
0.328,0.194287205199106,-0.231891367401786,0.0774573785481146,-0.150988198071957,0.0740884585937623,0.0427382305842171,0.0422511252659111,0.00048710531830598,0.994843969015879,-1.46172379001004
0.33,0.212505397888294,-0.198686240554775,0.0773646698529874,-0.121802111774287,0.0740021617063562,0.0386896925437138,0.038203286264695,0.000486406279018858,0.994834232306489,-1.46170722709009
0.332,0.180524183791717,-0.251989196886873,0.0772725232677983,-0.167030456218791,0.0739164200510901,0.0471904499827793,0.0467047490535,0.000485700929279242,0.994824513045937,-1.46169070113281
0.334,0.177438239829431,-0.255280893848548,0.0771809387134541,-0.169194237770102,0.0738312334575076,0.048494980359934,0.0480099910567481,0.000484989303185968,0.99481481156103,-1.46167421270967
0.336,0.205234983489122,-0.205458171324395,0.0770899161002822,-0.125677912252367,0.0737466017463789,0.0417665172822197,0.041282245847305,0.000484271434914696,0.994805128178127,-1.46165776239105
0.338,0.129135227813163,-0.334552583783167,0.0769994553281021,-0.236064423748121,0.0736625247297664,0.0634704712645832,0.0629869239058675,0.000483547358715697,0.994795463223104,-1.46164135074621
0.34,0.136149695996236,-0.319959542869533,0.0769095562862976,-0.222743616840177,0.0735790022110903,0.0619247024226409,0.0614418853137301,0.000482817108910849,0.994785817021318,-1.4616249783432
0.342,0.156515365835304,-0.282504084225727,0.0768202188538913,-0.189772797857531,0.0734960339851968,0.0564510144185544,0.0559689336986627,0.000482080719891642,0.994776189897572,-1.46160864574882
0.344,0.223993074748989,-0.164295949622282,0.0767314428996203,-0.087390927672531,0.0734136198384265,0.0390208350581318,0.0385394968320148,0.000481338226117067,0.994766582176079,-1.46159235352857
0.346,0.291294063609061,-0.0471307188937169,0.0766432282820131,0.0139693734944472,0.0733317595486838,0.0248351306536882,0.0243545409915772,0.000480589662111064,0.99475699418043,-1.46157610224653
0.348,0.300941279204648,-0.0298019530587502,0.0765555748494679,0.0293399135946553,0.0732504528855076,0.0233244182174228,0.0228445831549621,0.000479835062460632,0.994747426233556,-1.4615598924654
0.35,0.367999914877345,0.0861003269567209,0.0764684824403325,0.12947622421887,0.0731696996101434,0.0127813224158296,0.0123022479540157,0.000479074461813833,0.994737878657697,-1.46154372474636
0.352,0.418248801921348,0.172377420413911,0.0763819508829846,0.204006451688506,0.0730894994756152,0.0070269467277735,0.00654863883289604,0.000478307894877461,0.994728351774366,-1.46152759964905
0.354,0.396963626749622,0.135158074856182,0.0762959799959145,0.172217804872119,0.0730098522267998,0.0094781641905385,0.00900062879412302,0.000477535396415485,0.994718845904315,-1.46151151773151
0.356,0.36339733498373,0.0770695314191015,0.0762105695878082,0.122520549664632,0.0729307576005005,0.0140299627490104,0.0135532057477632,0.000476757001247274,0.994709361367504,-1.46149547955012
0.358,0.389541235104123,0.121973037264321,0.0761257194576314,0.161484770587043,0.0728522153255228,0.0107299124198813,0.0102539396756358,0.00047597274424549,0.994699898483066,-1.46147948565956
0.36,0.384312077583458,0.112674428280624,0.0760414293947156,0.153774136483316,0.0727742251227505,0.0115821938501047,0.0111070111897703,0.000475182660334417,0.994690457569276,-1.46146353661273
0.362,0.343600849904464,0.0424589270961918,0.0759576991788441,0.0936698975453678,0.072696786705222,0.0177377025687878,0.0172633157842992,0.000474386784488634,0.994681038943514,-1.46144763296069
0.364,0.265142699981879,-0.0921755516709233,0.0758745285803397,-0.021775405475865,0.0726198997782086,0.0331339566691487,0.0326603715174174,0.000473585151731348,0.99467164292224,-1.46143177525266
0.366,0.299169965887502,-0.0326533396307567,0.0757919173601531,0.0299740763672114,0.0725435640392921,0.0263475238861172,0.0258747460889847,0.000472777797132506,0.994662269820956,-1.46141596403591
0.368,0.286333713170568,-0.0540366221073365,0.0757098652699525,0.0120510985980495,0.0724677791784444,0.0293162033002828,0.0288442385444748,0.000471964755808019,0.994652919954179,-1.46140019985573
0.37,0.288440617923297,-0.0496047821169039,0.0756283720522136,0.0163668995380845,0.0723925448781064,0.0292451541652101,0.0287740081022923,0.00047114606291776,0.994643593635404,-1.46138448325537
0.372,0.287645102387866,-0.0501862949814792,0.0755474374403107,0.0163673071770046,0.0723178608132687,0.0297855580498617,0.029315236296197,0.000470321753664682,0.994634291177082,-1.46136881477601
0.374,0.218626870653234,-0.167983163557975,0.0754670611586089,-0.084492210961803,0.0722437266515523,0.0466534763619468,0.0461839844986535,0.000469491863293259,0.994625012890578,-1.46135319495668
0.376,0.25113796780863,-0.11058661768539,0.0753872429225566,-0.0344575089463306,0.0721701420532897,0.0389077939570097,0.0384391375299211,0.000468656427088598,0.994615759086151,-1.46133762433422
0.378,0.188048849664717,-0.217802243689122,0.0753079824387789,-0.126143455838613,0.0720971066716066,0.0562476486279073,0.0557798331475321,0.000467815480375222,0.994606530072919,-1.46132210344325
0.38,0.246832042990899,-0.114954745204275,0.0752292794051715,-0.0369233912327998,0.0720246201525047,0.040935867941808,0.0404688988832923,0.000466969058515732,0.99459732615883,-1.46130663281609
0.382,0.206939741783918,-0.18227939765628,0.075151133510996,-0.0942719640948806,0.0719526821349438,0.0519976643620027,0.0515315471650925,0.000466117196910143,0.994588147650632,-1.46129121298272
0.384,0.184852861788074,-0.218585719367881,0.0750735444369746,-0.124844791974875,0.0718812922509254,0.0589902805251527,0.0585250205941577,0.000465259930994999,0.994578994853848,-1.46127584447074
0.386,0.262925499876353,-0.0826015857427403,0.0749965118553865,-0.00707628544604244,0.0718104501255761,0.0384933058667191,0.0380289085704771,0.000464397296242036,0.994569868072741,-1.46126052780533
0.388,0.380750677252808,0.120804782326314,0.0749200354301643,0.168582115831872,0.0717401553772311,0.0156975957817777,0.0152340664536199,0.000463529328157741,0.994560767610291,-1.46124526350919
0.39,0.37689859566108,0.113905484970005,0.0748441148169908,0.162982816010548,0.0716704076175189,0.0165533295103717,0.0160906734480891,0.000462656062282574,0.994551693768165,-1.46123005210247
0.392,0.385406878968476,0.128282714988208,0.0747687496633967,0.175709647303188,0.0716012064514457,0.0155035825592569,0.0150418050250671,0.000461777534189856,0.99454264684669,-1.46121489410278
0.394,0.265803670997485,-0.0774702694448846,0.0746939396088584,-0.00108845437301311,0.0715325514774796,0.039514809694383,0.0390539159148975,0.000460893779485549,0.994533627144826,-1.46119979002509
0.396,0.307346930346637,-0.00513401221448187,0.0746196842848963,0.0617653107358531,0.0714644422876363,0.030448870734967,0.0299888659011594,0.000460004833807592,0.994524634960137,-1.46118474038173
0.398,0.362270533630399,0.0897206866956869,0.0745459833151736,0.143930697626019,0.0713968784675637,0.0201699331968746,0.0197108224640496,0.000459110732825008,0.994515670588766,-1.4611697456823
0.4,0.397068257006411,0.149404808060541,0.0744728363155952,0.195710507791966,0.0713298595966278,0.0148541841493635,0.0143959726371259,0.000458211512237572,0.994506734325411,-1.46115480643369
0.402,0.477457349650516,0.28699885710629,0.074400242894407,0.314513063570361,0.0712633852479976,0.00554486826871156,0.00508756106093597,0.000457307207775592,0.994497826463295,-1.46113992313995
0.404,0.462597990186927,0.260144416865835,0.0743282026522957,0.291552534700308,0.0711974549887312,0.00709230341125579,0.00663590555605677,0.00045639785519902,0.994488947294144,-1.46112509630234
0.406,0.443461977371044,0.226121807896568,0.0742567151824886,0.262450244949993,0.0711320683798613,0.00934192113773001,0.00888643764743245,0.000455483490297559,0.994480097108159,-1.46111032641922
0.408,0.484611992703152,0.295834690787832,0.0741857800708533,0.322726515971497,0.0710672249764809,0.00532861319857413,0.00487404904968402,0.000454564148890113,0.994471276193995,-1.46109561398603
0.41,0.507742485846467,0.334158075316901,0.0741153968959987,0.355891381068963,0.0710029243278296,0.00364013416284341,0.00318649429601918,0.000453639866824229,0.994462484838731,-1.46108095949527
0.412,0.52435340990217,0.361040357378933,0.0740455652293745,0.379159828674187,0.0709391659773787,0.00266969179830888,0.00221698111833234,0.000452710679976542,0.994453723327853,-1.46106636343644
0.414,0.534009758973458,0.3758092574006,0.0739762846353724,0.391964776693793,0.0708759494629178,0.00221586091774688,0.00176408429349488,0.000451776624251998,0.994444991945223,-1.46105182629599
0.416,0.471444221106411,0.266498148201507,0.0739075546714264,0.297869837279455,0.07081327431664,0.00710903986376229,0.00665820212817821,0.000450837735584075,0.994436290973063,-1.46103734855731
0.418,0.450211982008669,0.228854258405344,0.0738393748881135,0.265636912887211,0.0707511400652282,0.00961142658445607,0.00916153253452184,0.00044989404993423,0.994427620691925,-1.46102293070066
0.42,0.526789838549169,0.359353031950673,0.0737717448292545,0.378304068898301,0.0706895462299402,0.00288308757879826,0.0024341419755057,0.000448945603292561,0.994418981380674,-1.46100857320318
0.422,0.542137167736058,0.383903295338462,0.0737046640320146,0.399544989624274,0.0706284923266947,0.00210774221375704,0.00165974978208,0.000447992431677036,0.994410373316463,-1.4609942765388
0.424,0.530130139993109,0.361343906372138,0.073638132027004,0.380168699492466,0.0705679778661566,0.00285321209267415,0.00240617752154011,0.000447034571134042,0.994401796774712,-1.46098004117822
0.426,0.476696448871605,0.26783256102179,0.0735721483383787,0.299681840686561,0.0705080023538222,0.00733982627094515,0.00689375421320721,0.000446072057737945,0.994393252029087,-1.46096586758891
0.428,0.404507849965121,0.142745158804567,0.0735067124839411,0.192091633528803,0.0704485652901045,0.0170087253468948,0.016563620419303,0.000445104927591755,0.994384739351475,-1.46095175623502
0.43,0.420537115208703,0.169865598834269,0.0734418239752403,0.215810732725952,0.0703896661704177,0.0148157488308153,0.0143716156139884,0.000444133216826903,0.994376259011971,-1.46093770757738
0.432,0.401145667939212,0.136028562640037,0.0733774823176725,0.186967573262289,0.0703313044852625,0.0181242133375924,0.017681056375989,0.000443156961603353,0.99436781127885,-1.46092372207347
0.434,0.444814810055114,0.210621564914224,0.073313687010581,0.251617107510021,0.07027347972031,0.0119041185805829,0.011461942382473,0.000442176198109934,0.994359396418551,-1.46090980017737
0.436,0.54915104537767,0.388826924648212,0.0732504375473566,0.405490963416491,0.0702161913564864,0.0023366758044891,0.00189548484192454,0.000441190962564564,0.994351014695657,-1.46089594233972
0.438,0.615255438254702,0.50027323260799,0.0731877334155369,0.501620753959708,0.0701594388700564,0.000452606469709402,1.24051784950431e-05,0.000440201291214359,0.994342666372875,-1.46088214900771
0.44,0.675040303971199,0.600147086462443,0.0731255740969063,0.587648853680232,0.070103221732707,0.0015072728362815,0.00106806561594531,0.000439207220336191,0.994334351711017,-1.46086842062506
0.442,0.726574470765245,0.685209322284254,0.073063959067595,0.660794076324645,0.0700475394116311,0.00451754039429216,0.00407933160805548,0.000438208786236682,0.994326070968982,-1.46085475763193
0.444,0.709459357252129,0.651944045134222,0.0730028877981781,0.63182611131284,0.06999239136961,0.00320922829347041,0.00277202226821775,0.000437206025252657,0.994317824403739,-1.46084116046498
0.446,0.731911189967522,0.686771870277702,0.0729423597537745,0.661603794373993,0.0699377770650962,0.00477820303581549,0.00434200406206391,0.000436198973751578,0.994309612270305,-1.46082762955724
0.448,0.669336477260018,0.575525566810624,0.0728823743941452,0.565387223470667,0.0698836959522956,0.00114033762059501,0.000705149952463013,0.000435187668131998,0.994301434821735,-1.46081416533816
0.45,0.619819477032096,0.487412471634667,0.0728229311737911,0.489243563633273,0.0698301474812493,0.000457193038471653,2.30208936478784e-05,0.000434172144823775,0.994293292309096,-1.46080076823357
0.452,0.600730755359279,0.452068918599604,0.0727640295420514,0.45870579489657,0.0697771310979148,0.00073583033799728,0.000302677897708871,0.000433152440288409,0.994285184981457,-1.46078743866559
0.454,0.581304648288308,0.416380967614024,0.0727056689432003,0.427910804978798,0.0697246462442474,0.00134634306418578,0.000914214473165736,0.000432128591020042,0.994277113085871,-1.46077417705268
0.456,0.541180580872523,0.345434932630129,0.0726478488165442,0.366746786490419,0.0696726923582803,0.00355710589289828,0.00312600525935294,0.000431100633545345,0.994269076867357,-1.4607609838096
0.458,0.568063363336133,0.389858715315324,0.0725905685965179,0.405174637688397,0.0696212688742047,0.00204582587615631,0.00161575727173213,0.000430068604424183,0.994261076568888,-1.46074785934733
0.46,0.627403341193327,0.489645563852986,0.0725338277127814,0.491309035282813,0.0695703752224495,0.000448107344966391,1.90748047159951e-05,0.000429032540250396,0.994253112431373,-1.4607348040731
0.462,0.669291079777041,0.558853184011332,0.0724776255903145,0.550950955242228,0.0695200108297603,0.000858782111077885,0.000430789633425868,0.000427992477652017,0.994245184693643,-1.46072181839037
0.464,0.720422998923817,0.643453486834282,0.0724219616495126,0.623793184978035,0.0694701751192779,0.00309552757124893,0.0026685791179571,0.000426948453291831,0.994237293592435,-1.46070890269875
0.466,0.695726974773816,0.597498131433485,0.0723668353062811,0.583897066608057,0.0694208675106163,0.00170403408261715,0.00127813357874889,0.00042590050386826,0.994229439362383,-1.46069605739403
0.468,0.746639920796955,0.681461466726566,0.0723122459721295,0.656150912041329,0.0693720874199401,0.00485441775128351,0.00442956908516793,0.000424848666115585,0.994221622235997,-1.46068328286813
0.47,0.783199930710456,0.740265461931208,0.0722581930542647,0.706597397211135,0.0693238342600416,0.00826746117608933,0.00784366819928472,0.000423792976804616,0.994213842443655,-1.46067057950911
0.472,0.813120330556397,0.787298505491826,0.0722046759556845,0.746816590178542,0.0692761074404169,0.0117709283489157,0.0113481948761721,0.000422733472743575,0.994206100213588,-1.4606579477011
0.474,0.710752209873424,0.607286640367825,0.0721516940752695,0.591033662925584,0.0692289063673415,0.00225225282035855,0.00183058262958056,0.00042167019077799,0.994198395771869,-1.46064538782432
0.476,0.726868836646451,0.631534997845396,0.0720992468078753,0.611748748111249,0.0691822304439459,0.00313558075684593,0.00271497758905347,0.000420603167792466,0.994190729342397,-1.46063290025505
0.478,0.774405517685567,0.709468040035145,0.0720473335444234,0.678772674639323,0.0691360790702895,0.00695832721929888,0.00653879477858886,0.000419532440710024,0.994183101146887,-1.46062048536558
0.48,0.664523180194684,0.517132611418719,0.0719959536719922,0.512405811055852,0.0690904516434351,0.00057362400048753,0.000155165953993655,0.000418458046493875,0.994175511404862,-1.46060814352425
0.482,0.630188974143281,0.455526857551376,0.0719451065739064,0.45911287956588,0.0690453475575215,0.000506750616624647,8.93705944774509e-05,0.000417380022147196,0.994167960333635,-1.46059587509538
0.484,0.628240781098436,0.44981968248669,0.071894791629827,0.454149153100876,0.0690007662038363,0.000546657749071529,0.000130359344357063,0.000416298404714466,0.994160448148303,-1.46058368043927
0.486,0.635334619166599,0.459643240896673,0.0718450082158394,0.462601060729025,0.068956706970888,0.000476099146516888,6.08859152355349e-05,0.000415213231281353,0.994152975061735,-1.46057155991218
0.488,0.569692237411348,0.344797436962258,0.0717957557045415,0.363392836691029,0.0689131692444768,0.00282226752514229,0.00240814298616603,0.000414124538976268,0.99414554128456,-1.46055951386635
0.49,0.559099726525315,0.325013681296613,0.0717470334651311,0.346404927983444,0.0688701524077656,0.00360191288530059,0.00318888052033033,0.000413032364970256,0.994138147025162,-1.4605475426499
0.492,0.547857902173712,0.304250320652451,0.0716988408634924,0.328594176330171,0.0688276558413492,0.00454466261847627,0.00413272587199806,0.000411936746478214,0.994130792489664,-1.46053564660691
0.494,0.562521446226363,0.327995883140448,0.0716511772622817,0.349248978161185,0.0687856789233239,0.00356287279693842,0.0031520350761793,0.000410837720759116,0.994123477881925,-1.46052382607733
0.496,0.583644559316733,0.362649800413848,0.0716040420210127,0.379299788123038,0.0687442210293557,0.00234553449854112,0.00193579917342411,0.000409735325117011,0.994116203403526,-1.46051208139702
0.498,0.629020076465945,0.438609735653362,0.0715574344961408,0.444992450305371,0.0687032815327477,0.00069328937135968,0.000284659774458324,0.000408629596901355,0.994108969253765,-1.46050041289769
0.5,0.67523095803213,0.515499442702717,0.0715113540411466,0.511402369012114,0.0686628598045074,0.000524886641115914,0.00011736606760779,0.000407520573508124,0.994101775629646,-1.46048882090693
0.502,0.685270033402787,0.529944637741536,0.0714658000066188,0.523775952966927,0.0686229552134125,0.000672638236247893,0.000266229943868081,0.000406408292379812,0.994094622725875,-1.46047730574816
0.504,0.616502358954536,0.409366254083583,0.0714207717403364,0.419470285272835,0.0685835671260761,0.00112001095902493,0.000714718168018053,0.000405292791006873,0.994087510734848,-1.46046586774064
0.506,0.581906297933907,0.348092942694634,0.0713762685873495,0.366545750742217,0.0685446949070118,0.00278946358465006,0.00238528947772234,0.000404174106927724,0.994080439846648,-1.46045450719946
0.508,0.619974452395207,0.411621604969096,0.0713322898900602,0.42153888504504,0.0685063379186971,0.00109244865247302,0.000689396374743503,0.000403052277729521,0.994073410249034,-1.46044322443552
0.51,0.657885704613168,0.474463271514257,0.0712888349883021,0.475866648831662,0.0684684955216364,0.000415740639410189,1.38132983610318e-05,0.000401927341049158,0.994066422127438,-1.46043201975551
0.512,0.610994262647031,0.391737524460363,0.071245903219419,0.404310176119612,0.0684311670744233,0.0015101372936837,0.00110933795911044,0.000400799334573265,0.994059475664957,-1.46042089346192
0.514,0.533494165105931,0.257175231816445,0.0712034939183429,0.288042025873991,0.0683943519338018,0.00709006312753176,0.00669039483149232,0.000399668296039435,0.994052571042347,-1.46040984585303
0.516,0.619034636474942,0.402531413034644,0.0711616064176714,0.413898214917303,0.0683580494547274,0.00130635655354061,0.000907822290304169,0.000398534263236439,0.994045708438019,-1.46039887722287
0.518,0.686054905975357,0.515235613421599,0.0711202400477433,0.511362753407404,0.0683222589904259,0.000502845769956732,0.000105448495951947,0.000397397274004785,0.99403888802803,-1.46038798786126
0.52,0.708527475281233,0.550966592527043,0.0710793941367149,0.542149616391314,0.0682869798924532,0.000943104093915825,0.000546846727678218,0.000396257366237607,0.994032109986083,-1.46037717805377
0.522,0.735463710647396,0.594099184285052,0.0710390680106338,0.579294753469071,0.0682522115107528,0.00193772470722803,0.00154261012934715,0.000395114577880884,0.994025374483519,-1.46036644808172
0.524,0.767716013622444,0.64604146348866,0.0709992609935128,0.624007493501266,0.0682179531937134,0.00381298927624284,0.0034190203293084,0.000393968946934442,0.994018681689315,-1.46035579822215
0.526,0.732251368372099,0.581793440718137,0.070959972407403,0.568178305226238,0.0681842042882248,0.00169899290818339,0.00130617239673155,0.000392820511451841,0.994012031770075,-1.46034522874787
0.528,0.6842480418166,0.496527797125644,0.070921201572465,0.494243294945973,0.0681509641397339,0.000428463315376074,3.67940058346981e-05,0.000391669309541376,0.994005424890034,-1.4603347399274
0.53,0.742440035179949,0.593475475604437,0.0708829478070406,0.578009009751268,0.0681182320922988,0.00207788570881728,0.00168737032945087,0.000390515379366407,0.993998861211047,-1.460324332025
0.532,0.763537123955857,0.626335029872224,0.0708452104277223,0.606225817506418,0.068086007488643,0.00324333025229055,0.0028539714931443,0.000389358759146252,0.99399234089259,-1.46031400530063
0.534,0.765445136243568,0.626160436547323,0.0708079887494227,0.605825909835424,0.0680542896702082,0.003308018167928,0.00291981868077237,0.000388199487155627,0.993985864091758,-1.46030376000998
0.536,0.769585653949114,0.629806920592873,0.0707712820854427,0.608730382387604,0.0680230779772061,0.00352546077019369,0.00313842316846738,0.000387037601726314,0.993979430963258,-1.46029359640445
0.538,0.809335956978871,0.694320852238484,0.0707350897475388,0.664294342267442,0.0679923717486696,0.00675888619784301,0.00637301305659618,0.000385873141246829,0.993973041659412,-1.46028351473116
0.54,0.837030707739524,0.737793178343202,0.0706994110459894,0.701574838575937,0.0679621703225031,0.00966178579793673,0.00927707965377387,0.000384706144162861,0.99396669633015,-1.46027351523291
0.542,0.866280427744593,0.783634782555255,0.0706642452896602,0.740853524088791,0.0679324730355318,0.0133337639419466,0.0129502272929684,0.000383536648978167,0.993960395123012,-1.46026359814823
0.544,0.891735683618559,0.822684291637809,0.0706295917860689,0.774198462517272,0.0679032792235499,0.017024649932335,0.0166422852380807,0.000382364694254345,0.993954138183146,-1.46025376371132
0.546,0.870683408164428,0.781976014206656,0.0705954498414482,0.738460651976234,0.0678745882213686,0.0137927257242055,0.0134115354055941,0.000381190318611391,0.993947925653304,-1.46024401215212
0.548,0.89372891022111,0.816915578288632,0.0705618187608091,0.768249432353587,0.0678463993628621,0.017162416578141,0.0167824030174127,0.000380013560728254,0.993941757673844,-1.46023434369623
0.55,0.852328729168254,0.741481054511642,0.0705286978480018,0.7024428042151,0.0678187119810137,0.0111828407200277,0.0108040062606849,0.000378834459342725,0.99393563438273,-1.46022475856497
0.552,0.859033790695538,0.74876327225117,0.0704960864057767,0.708334693076114,0.0677915254079605,0.0119702824987065,0.0115926294454545,0.000377653053251992,0.993929555915527,-1.46021525697536
0.554,0.824549634351294,0.685616162232539,0.0704639837358439,0.653232768961641,0.0677648389750371,0.00781774720963573,0.00744127782832298,0.00037646938131275,0.993923522405408,-1.46020583914009
0.556,0.831256427197637,0.693274657772959,0.0704323891389322,0.659514359212479,0.0677386520128188,0.00846643141045293,0.00809114792801139,0.000375283482441535,0.993917533983147,-1.4601965052676
0.558,0.786092221035897,0.612264095778817,0.0704013019148463,0.588994764977876,0.0677129638511631,0.00421963334162131,0.00384553794600658,0.000374095395614726,0.993911590777123,-1.46018725556197
0.56,0.751603497315293,0.550035516575804,0.0703707213625239,0.534832614379522,0.0676877738192515,0.00201512390308033,0.00164221874321157,0.000372905159868764,0.993905692913323,-1.46017809022302
0.562,0.72956551981839,0.509493243908428,0.0703406467800915,0.499524162179118,0.067663081245629,0.00107815066407134,0.000706437849770964,0.000371712814300373,0.993899840515336,-1.46016900944627
0.564,0.802919075314177,0.632155137663814,0.0703110774649187,0.605639789802555,0.0676388854582436,0.00537018344056554,0.00499966504249864,0.000370518398066899,0.993894033704362,-1.46016001342293
0.566,0.871309018267865,0.745523463280489,0.0702820127136724,0.703562957003701,0.0676151857844844,0.0128951732957175,0.0125258513453319,0.000369321950385637,0.993888272599208,-1.46015110233992
0.568,0.864402427922274,0.729549153024483,0.0702534518223694,0.689287324360837,0.0675919815512193,0.0119050288532031,0.0115369053426686,0.000368123510534502,0.993882557316293,-1.46014227637989
0.57,0.934758178241176,0.845615488232167,0.0702253940864282,0.789442588719091,0.067569272084831,0.0228331170122058,0.0224661938943538,0.000366923117852025,0.993876887969645,-1.46013353572119
0.572,0.846789703512106,0.690578970636402,0.0701978388007197,0.654523912859823,0.0675470567112525,0.00962503145065039,0.00925931063891337,0.000365720811737025,0.993871264670912,-1.46012488053787
0.574,0.806143045813121,0.617377302606306,0.0701707852596171,0.590703938602908,0.0675253347560019,0.0054340647678531,0.00506954813620427,0.000364516631648826,0.993865687529353,-1.46011631099975
0.576,0.81186685809725,0.623827755419287,0.0701442327570444,0.596004867465729,0.0675041055442156,0.00588132017861641,0.00551800956150959,0.000363310617106816,0.99386015665185,-1.46010782727234
0.578,0.788917959483121,0.581294989032747,0.0701181805865245,0.558835237801171,0.0674833684006811,0.00395917578623015,0.00359707297853927,0.000362102807690889,0.993854672142906,-1.46009942951689
0.58,0.70208676843382,0.430015439202313,0.0700926280412257,0.427435488795413,0.0674631226498688,0.000408374299808517,4.74810567678454e-05,0.000360893243040672,0.993849234104652,-1.4600911178904
0.582,0.715122505551495,0.450183220511086,0.0700675744140076,0.444854492196829,0.0674433676159623,0.000562310251937172,0.00020262828908121,0.000359681962855962,0.993843842636843,-1.46008289254559
0.584,0.818054737885256,0.623626138522821,0.0700430189974657,0.595156000504163,0.0674241026228888,0.00614454712290885,0.005786078116013,0.000358469006895845,0.993838497836869,-1.46007475363097
0.586,0.910250286099405,0.777595246174221,0.0700189610839753,0.728372096972115,0.0674053269943472,0.017659127935117,0.0173018735201379,0.000357254414979025,0.993833199799757,-1.46006670129076
0.588,0.922740692762437,0.794545950595168,0.0699953999657339,0.742577266001937,0.0673870400538369,0.0196483358613481,0.019292297634365,0.000356038226983157,0.993827948618172,-1.46005873566497
0.59,0.871451483481568,0.702577866205935,0.0699723349348033,0.662287326944076,0.0673692411246836,0.0119546017072668,0.0115997812244222,0.000354820482844631,0.993822744382422,-1.46005085688938
0.592,0.922361144547131,0.785564288238456,0.06994976528315,0.733863375410707,0.0673519295300664,0.0194600583807951,0.0191064571582368,0.000353601222558342,0.993817587180465,-1.46004306509555
0.594,1.02148938562862,0.950242044320497,0.0699276903026851,0.876212228538037,0.067335104593042,0.0395386713608132,0.0391862908746361,0.000352380486177029,0.993812477097911,-1.46003536041081
0.596,1.03063947103678,0.960355274299004,0.0699061092853027,0.884264743900352,0.0673187656365694,0.0417621943129595,0.0414110359991484,0.000351158313811051,0.993807414218028,-1.4600277429583
0.598,1.0506709131516,0.988959600637306,0.0698850215229178,0.908345650166807,0.0673029119835326,0.0468449408917518,0.046495006146124,0.000349934745627833,0.993802398621747,-1.46002021285695
0.6,1.01099354795775,0.915559396948369,0.0698644263075026,0.843868823001966,0.0672875429567629,0.0371309369465932,0.0367822271247419,0.000348709821851312,0.993797430387664,-1.46001277022152
0.602,1.10670346037002,1.07349480955305,0.0698443229311227,0.980244926566714,0.0672726578790605,0.0625969285773185,0.0622494449945571,0.000347483582761376,0.993792509592051,-1.46000541516257
0.604,1.04691505107029,0.965264938852977,0.0698247106859711,0.885408760387353,0.0672582560732143,0.0460106718355807,0.0456644157668873,0.000346256068693429,0.993787636308857,-1.45999814778651
0.606,1.07490619282007,1.0074060705024,0.0698055888644023,0.921223158273812,0.0672443368620216,0.0535463145022781,0.0532012871822405,0.000345027320037605,0.993782810609716,-1.45999096819558
0.608,1.10020561715471,1.04467748674754,0.0697869567589645,0.952756257114746,0.0672308995683064,0.0608817033815649,0.0605379060043268,0.000343797377238109,0.993778032563949,-1.45998387648787
0.61,1.13139476091417,1.09173795812155,0.0697688136624313,0.992740254779106,0.067217943514937,0.0705784263492913,0.0702358600684987,0.000342566280792544,0.993773302238578,-1.45997687275732
0.612,1.14767286651113,1.11307181214284,0.0697511588678326,1.01032469298164,0.0672054680248422,0.076017284602259,0.0756759505310079,0.000341334071251143,0.993768619698324,-1.45996995709376
0.614,1.06575372106878,0.966935897932146,0.0697339916684835,0.882441960827028,0.0671934724210275,0.0515290922459485,0.0511889914567324,0.000340100789216091,0.993763985005617,-1.45996312958291
0.616,1.09825558614984,1.01674575971847,0.0697173113580137,0.924903525576039,0.0671819560265892,0.060833138328122,0.0604942718527816,0.000338866475340316,0.993759398220603,-1.45995639030635
0.618,1.08865694676632,0.994497567519104,0.0697011172303941,0.90471181012693,0.0671709181647283,0.058166562404237,0.0578289312339099,0.000337631170327146,0.993754859401151,-1.45994973934159
0.62,1.13230254739921,1.06310369291862,0.0696854085799643,0.963465422765663,0.0671603581587635,0.0715692762410169,0.0712328813260879,0.000336394914928984,0.993750368602856,-1.45994317676206
0.622,1.0293130845123,0.881484279590773,0.0696701847014574,0.804738570648274,0.0671502753321429,0.0426050603368678,0.0422699025869212,0.000335157749946635,0.993745925879052,-1.4599367026371
0.624,0.951175691416476,0.743420465728385,0.0696554448900249,0.68405788595824,0.0671406690084548,0.0256292565167511,0.025295336800523,0.000333919716228093,0.993741531280816,-1.459930317032
0.626,1.09713655938703,0.987917527757099,0.0696411884412602,0.895969732687562,0.0671315385114379,0.061032370272522,0.0606996894178543,0.000332680854667644,0.993737184856974,-1.45992402000802
0.628,1.1112934047181,1.00634007366586,0.0696274146512212,0.911122417468469,0.0671228831649906,0.065437995119922,0.0651065539137175,0.000331441206204541,0.993732886654112,-1.45991781162235
0.63,1.19484879831082,1.14280007698798,0.0696141228164516,1.02884337049226,0.0671147022931785,0.0936024452211446,0.0932722444093223,0.000330200811822334,0.99372863671658,-1.45991169192821
0.632,1.11472952084112,0.99969585108672,0.0696013122340018,0.903385474720953,0.0671069952202424,0.0669633973258108,0.0666344376132635,0.000328959712547316,0.993724435086504,-1.45990566097477
0.634,1.14914094439499,1.05252299603926,0.0695889822014482,0.948419552115447,0.067099761270604,0.0781958422843104,0.077868124334863,0.000327717949447415,0.993720281803791,-1.45989971880722
0.636,1.15619104919964,1.05842599365157,0.0695771320169119,0.952588533348941,0.0670929997688718,0.0808239585626954,0.0804974829990644,0.000326475563630968,0.993716176906137,-1.45989386546679
0.638,1.10679166744974,0.968221899287039,0.0695657609790762,0.873173636791283,0.0670867100398451,0.0652578379204315,0.0649326053241861,0.000325232596245395,0.993712120429039,-1.45988810099071
0.64,1.10793798327218,0.964644349112079,0.0695548683872034,0.8691896955185,0.0670808914085183,0.0658232927601255,0.0654993036716493,0.000323989088476195,0.993708112405796,-1.45988242541229
0.642,1.02584485274108,0.819460521172996,0.0695444535411502,0.742041954516424,0.0670755432000826,0.04341485493335,0.0430921098518051,0.000322745081544951,0.993704152867526,-1.45987683876089
0.644,1.080910061528,0.908609884866177,0.0695345157413825,0.818886557159727,0.0670706647399288,0.0582084036093179,0.0578869029926095,0.000321500616708326,0.99370024184317,-1.45987134106195
0.646,0.99914384563863,0.764392216097853,0.0695250542889888,0.692609363471948,0.0670662553536473,0.0373772417657473,0.0370569860304907,0.000320255735256625,0.993696379359501,-1.459865932337
0.648,0.987792892770465,0.740920467724837,0.0695160684856935,0.67154359402283,0.0670623143670287,0.0349379892952929,0.0346189788167809,0.000319010478512016,0.993692565441134,-1.45986061260369
0.65,0.986045425921651,0.733943055899473,0.0695075576338678,0.664852237418426,0.0670588411060626,0.0346560538514943,0.0343382889636668,0.000317764887827421,0.993688800110534,-1.45985538187577
0.652,0.989423085151513,0.735731921412538,0.0694995210365411,0.665793218170343,0.0670558348969359,0.0355068493712353,0.0351903303666509,0.000316519004584404,0.993685083388028,-1.45985024016317
0.654,1.06598617193022,0.861958468033386,0.0694919579974104,0.775030486252685,0.0670532950660299,0.0546846864989415,0.0543694136287496,0.000315272870191841,0.99368141529181,-1.45984518747192
0.656,1.1782173801454,1.04798795351425,0.0694848678208493,0.936175638507885,0.0670512209399169,0.0902760152235046,0.0899619886974201,0.000314026526084477,0.993677795837953,-1.45984022380427
0.658,1.18685486766563,1.05665675226122,0.0694782498119161,0.942706305718858,0.0670496118453558,0.0937571622653886,0.093444382251668,0.000312780013720593,0.993674225040418,-1.45983534915864
0.66,1.19109579665977,1.05779758541851,0.06947210327636,0.942666043581236,0.0670484671092865,0.0957114946590254,0.0953999612844446,0.000311533374580786,0.993670702911064,-1.45983056352965
0.662,1.20733978776511,1.07933591345155,0.0694664275206279,0.960378177474456,0.067047786058824,0.102164833183416,0.10185454653325,0.00031028665016597,0.993667229459659,-1.45982586690814
0.664,1.09771665391115,0.886825355305194,0.0694612218518688,0.791657414184311,0.0670475680212511,0.0655032358356928,0.0651941959536972,0.000309039881995599,0.993663804693886,-1.45982125928118
0.666,1.23090464844998,1.10821776653128,0.0694564855779381,0.983629913868354,0.0670478123240104,0.112047776080813,0.111739982969207,0.00030779311160567,0.993660428619356,-1.45981674063213
0.668,1.18477869183448,1.02345494255864,0.0694522180074005,0.908673734159953,0.0670485182946958,0.0951539549979201,0.0948474086173731,0.000306546380547057,0.993657101239619,-1.45981231094056
0.67,1.17572231316002,1.0022447938639,0.0694484184495328,0.889168924824854,0.0670496852610423,0.0923603273637786,0.0920550276333956,0.000305299730382957,0.99365382255617,-1.45980797018239
0.672,1.15838939281836,0.967122123145998,0.0694450862143242,0.857559821012513,0.0670513125509161,0.0867313204375648,0.0864272672348769,0.000304053202687893,0.993650592568463,-1.4598037183298
0.674,1.13421389312005,0.9206174707487,0.0694422206124773,0.816065750253173,0.0670533994923028,0.079008975522616,0.0787061686835713,0.000302806839044711,0.99364741127392,-1.45979955535132
0.676,1.12353710367449,0.89735404557922,0.0694398209554073,0.794870841429338,0.0670559454132951,0.0759268070333558,0.075625246352313,0.000301560681042812,0.993644278667944,-1.4597954812118
0.678,1.0699261490424,0.801343523792395,0.0694378865552403,0.710292955244665,0.0670589496420801,0.0599954354323216,0.0596951206620454,0.000300314770276255,0.993641194743922,-1.45979149587246
0.68,1.02418117978406,0.719334842252744,0.069436416724811,0.63802129234017,0.0670624115069253,0.0479102054314018,0.0476111362830605,0.000299069148341324,0.993638159493246,-1.45978759929091
0.682,1.11750162619772,0.873971273033957,0.0694354107776593,0.772133313498513,0.0670663303361633,0.0749785226976026,0.074680698840768,0.000297823856834634,0.993635172905315,-1.45978379142112
0.684,1.01649115482285,0.697699447856242,0.0694348680280258,0.617561029961688,0.0670707054581771,0.0465425516383419,0.0462459727009914,0.000296578937350467,0.993632234967551,-1.45978007221349
0.686,0.953268292845944,0.586744492139311,0.0694347877908468,0.52013372974492,0.067075536201383,0.032246131776228,0.0319507973447494,0.000295334431478667,0.993629345665409,-1.45977644161487
0.688,0.871423462486143,0.444925783073027,0.069435169381748,0.395909694884535,0.0670808218942138,0.0175949547892477,0.0173008644084452,0.000294090380802525,0.993626504982383,-1.45977289956853
0.69,0.86207664038146,0.427071152500237,0.0694360121170376,0.379957802253831,0.0670865618651004,0.0162763955919032,0.015983548765007,0.000292846826896231,0.993623712900027,-1.45976944601421
0.692,0.940748587125447,0.55868137647457,0.0694373153136984,0.494398949173526,0.0670927554424532,0.030046717765871,0.0297551139545487,0.000291603811322316,0.993620969397955,-1.45976608088817
0.694,0.902034156693142,0.490279573249903,0.0694390782893787,0.434203477315737,0.0670994019546425,0.0229327164635916,0.0226423550879621,0.000290361375629544,0.993618274453861,-1.45976280412314
0.696,0.86400504936574,0.423495586566552,0.0694413003623831,0.375491546078642,0.0671065007299777,0.0168814636788958,0.0165923441175453,0.00028911956135047,0.993615628043524,-1.45975961564838
0.698,0.84098224351698,0.382607368464754,0.0694439808516611,0.339446953890965,0.0671140510966861,0.01370028192817,0.0134124035181714,0.000287878409998554,0.993613030140825,-1.45975651538971
0.7,0.871335609247572,0.432512602265763,0.0694471190767966,0.382681400289925,0.0671220523828912,0.018164619968416,0.0178779820053502,0.000286637963065828,0.993610480717753,-1.45975350326951
0.702,0.942605468691993,0.551476468321327,0.0694507143579945,0.486134623585403,0.0671305039165893,0.0310234310739326,0.0307380328119121,0.000285398262020453,0.993607979744419,-1.45975057920672
0.704,0.936276783238604,0.538093808111863,0.0694547660160683,0.473925305899186,0.0671394050256264,0.0299264496647508,0.029642290316447,0.000284159348303836,0.993605527189069,-1.45974774311691
0.706,0.883475478208506,0.446018885385697,0.0694592733724256,0.393025839967711,0.067148755037673,0.0204980971953848,0.0202151759320565,0.000282921263328295,0.993603123018092,-1.45974499491226
0.708,0.92088529892938,0.507468527765386,0.0694642357490529,0.446273379222955,0.0671585532801999,0.027236894630931,0.0269552105824567,0.000281684048474284,0.993600767196034,-1.45974233450158
0.71,0.828249439173824,0.348107694163617,0.0694696524685002,0.306626748161755,0.0671687990804514,0.0126647682366113,0.012384320491524,0.000280447745087287,0.99359845968561,-1.45973976179036
0.712,0.717533315825723,0.159154910661633,0.069475522853864,0.141306590793483,0.0671794917654186,0.0025718365377,0.0022926241432244,0.000279212394475592,0.993596200447715,-1.45973727668077
0.714,0.790350978819091,0.282426119817404,0.0694818462287698,0.248910064329052,0.0671906306618124,0.00836157135377668,0.00808359331586927,0.000277978037907411,0.993593989441435,-1.45973487907165
0.716,0.86502337060011,0.408041788751429,0.0694886219173537,0.358427196847222,0.0672022150960349,0.0179890525873034,0.0177123078706955,0.00027674471660788,0.993591826624059,-1.45973256885861
0.718,0.929858212346532,0.516176728417629,0.0694958492442431,0.452533217549737,0.0672142443941502,0.0294175153369632,0.029142002865207,0.000275512471756167,0.993589711951093,-1.45973034593395
0.72,0.912662756754501,0.484663429429692,0.0695035275345365,0.42449298920137,0.0672267178818549,0.0263195916020891,0.0260453102576059,0.000274281344483152,0.99358764537627,-1.45972821018678
0.722,0.904270406202091,0.468269811023849,0.0695116561137827,0.409697109157555,0.0672396348844474,0.0249506493193114,0.0246775979434436,0.00027305137586775,0.993585626851563,-1.45972616150294
0.724,0.873155429960417,0.413509254659847,0.069520234307959,0.361381976189785,0.0672529947267966,0.0198147167567047,0.0195428941497703,0.00027182260693448,0.993583656327194,-1.45972419976512
0.726,0.852374516339448,0.376607873100623,0.0695292614434485,0.328734786407561,0.0672667967333102,0.0167516591798809,0.0164810641012305,0.00027059507865046,0.99358173375165,-1.45972232485279
0.728,0.884508469755336,0.429534124930009,0.0695387368470166,0.374657400013842,0.0672810402279015,0.0219224436077111,0.021653074775789,0.000269368831922079,0.993579859071696,-1.4597205366423
0.73,0.889352718127534,0.435925039896955,0.0695486598457868,0.379831193204227,0.0672957245339563,0.0228891379264865,0.0226209940188939,0.000268143907592666,0.993578032232381,-1.45971883500683
0.732,0.885558806032287,0.427658125275763,0.0695590297672157,0.372177229537587,0.0673108489742984,0.0223929462715526,0.022126025925114,0.000266920346438604,0.993576253177056,-1.45971721981647
0.734,0.821615843368024,0.317658007948896,0.0695698459390669,0.275553744538834,0.0673264128711551,0.013006627634782,0.012740929445615,0.000265698189166996,0.993574521847383,-1.45971569093819
0.736,0.819192003462063,0.312473029193685,0.0695811076893845,0.270729172773846,0.0673424155461213,0.0127861921103539,0.0125217146339416,0.000264477476412228,0.993572838183351,-1.45971424823591
0.738,0.9044106345114,0.455606111233555,0.0695928143464653,0.395660743551216,0.0673588563201231,0.0260809173010085,0.0258176590522759,0.000263258248732634,0.993571202123283,-1.45971289157048
0.74,0.90088516898204,0.447689323759097,0.0696049652388309,0.388276444097681,0.0673757345133811,0.0256186387257041,0.0253565981790962,0.000262040546607833,0.993569613603851,-1.45971162079971
0.742,0.885319621722583,0.419463254958555,0.069617559695198,0.363125827831989,0.0673930494453722,0.0230561199446177,0.0227952955341821,0.000260824410435512,0.993568072560092,-1.45971043577842
0.744,0.875106559962128,0.400476998080701,0.0696305970444491,0.346088977961895,0.0674108004347917,0.0215006795970161,0.0212410697164883,0.000259609880527756,0.993566578925412,-1.45970933635841
0.746,0.86409311987878,0.38026466616827,0.0696440766156012,0.327996524515888,0.0674289867995141,0.0198721155253366,0.0196137185282282,0.00025839699710839,0.993565132631607,-1.45970832238854
0.748,0.874526049191078,0.396448425230849,0.0696579977377749,0.341784363897952,0.0674476078565528,0.0217059763085836,0.0214487905082741,0.000257185800309423,0.993563733608869,-1.4597073937147
0.75,0.850230320605774,0.353821045595076,0.0696723597401616,0.304061888280594,0.0674666629220204,0.0180246707297925,0.0177686943996247,0.000255976330167829,0.993562381785804,-1.45970655017985
0.752,0.868208323454357,0.382929908406683,0.0696871619519909,0.329197349434535,0.067486151311087,0.0209701185764776,0.0207153499498548,0.00025476862662277,0.993561077089439,-1.45970579162406
0.754,0.892698809018141,0.422861664493014,0.0697024037024963,0.363777557073152,0.0675060723379387,0.0252952511374306,0.0250416884079193,0.000253562729511381,0.993559819445237,-1.45970511788449
0.756,0.931049959024028,0.485962458465659,0.0697180843208812,0.418605670460895,0.0675264253157349,0.0327900921412161,0.0325377334626495,0.000252358678566544,0.993558608777112,-1.45970452879547
0.758,0.95484069147002,0.524057444533644,0.069734203136283,0.451458544717741,0.0675472095565655,0.0380417959517029,0.0377906394382903,0.000251156513412565,0.993557445007437,-1.45970402418844
0.76,0.885326904476712,0.404279392476156,0.0697507594777372,0.345952921168445,0.0675684243714069,0.0246366244667251,0.0243866681931625,0.000249956273562613,0.993556328057059,-1.45970360389205
0.762,0.89782312877332,0.423811076949263,0.0697677526741408,0.362638588320903,0.0675900690700776,0.0270668309730788,0.0268180729746637,0.000248757998415061,0.993555257845313,-1.45970326773214
0.764,0.845148718975921,0.333150022294693,0.0697851820542141,0.282733251058466,0.0676121429611932,0.0184595284160479,0.0182119666887977,0.000247561727250156,0.993554234290029,-1.45970301553178
0.766,0.793689146183684,0.245128347542424,0.069803046946463,0.205234387352469,0.0676346453521208,0.0116465006542907,0.0114001331550642,0.000246367499226463,0.993553257307553,-1.45970284711126
0.768,0.726490507804085,0.131099623489203,0.0698213466791393,0.105028701628443,0.0676575755489324,0.00511254757546773,0.00486737222208975,0.00024517535337798,0.993552326812752,-1.45970276228815
0.77,0.676651852906039,0.0471114170709988,0.0698400805802013,0.0312782138252917,0.0676809328563582,0.0020387307164824,0.00179474538787215,0.000243985328610252,0.993551442719031,-1.4597027608773
0.772,0.690867777226955,0.0717880048955912,0.0698592479772728,0.0528956505037476,0.067704716577739,0.00279737015665779,0.00255457269296063,0.000242797463697153,0.993550604938342,-1.45970284269086
0.774,0.717235890721322,0.116821615970451,0.0698788481976024,0.0923392029238401,0.0677289260149778,0.00453038131799115,0.00428876952071349,0.000241611797277663,0.993549813381203,-1.45970300753831
0.776,0.714164794771894,0.111891217772009,0.0698988805680208,0.0879131323618243,0.0677535604684914,0.00435314501843289,0.0041127166505808,0.000240428367852097,0.993549067956702,-1.45970325522648
0.778,0.600302165703246,-0.0799486181753084,0.0699193444148985,-0.0804647026514942,0.0677786192371605,0.000241151859687598,1.90464590871663e-06,0.000239247213778881,0.993548368572517,-1.45970358555958
0.78,0.529728662886574,-0.197537925006355,0.069940239064102,-0.183502154725643,0.06780410161828,0.00164643392941679,0.00140836555614534,0.000238068373271449,0.993547715134926,-1.45970399833919
0.782,0.484739976357035,-0.271226895928273,0.06996156384095,-0.247897159828355,0.0678300069075086,0.00412671764450106,0.00388982576010715,0.000236891884393908,0.993547107548817,-1.45970449336432
0.784,0.476451597167751,-0.282552152175086,0.0699833180701682,-0.257486405538195,0.0678563343988169,0.00472458507365201,0.00448886728859341,0.000235717785058598,0.993546545717705,-1.45970507043141
0.786,0.49883505704089,-0.242079893269321,0.0700055010758438,-0.221599817675573,0.0678830833844364,0.00323026423431095,0.00299571812128886,0.000234546113022094,0.993546029543742,-1.45970572933434
0.788,0.452044912161412,-0.318497565397852,0.0700281121813792,-0.288359870591551,0.0679102531548067,0.00671849138308795,0.00648511447720596,0.000233376905881988,0.993545558927732,-1.4597064698645
0.79,0.459605514536507,-0.302805313569681,0.070051150709445,-0.27417301679328,0.0679378429985227,0.00608370878738673,0.0058514985863135,0.000232210201073224,0.99354513376914,-1.45970729181074
0.792,0.46380077841779,-0.292882451480237,0.0700746159819324,-0.265065558952388,0.0679658522022811,0.00575215734745159,0.00552111131158671,0.000231046035864879,0.993544753966107,-1.45970819495947
0.794,0.471513727482596,-0.277091122752113,0.0700985073199048,-0.250812211769339,0.0679942800508263,0.00515567522981226,0.00492579078245554,0.000229884447356721,0.993544419415463,-1.45970917909461
0.796,0.46471475519884,-0.285852386394821,0.0701228240435486,-0.258137400540902,0.0680231258268956,0.00570569000834424,0.00547696453586881,0.000228725472475433,0.993544130012739,-1.45971024399766
0.798,0.484619179805218,-0.249563214910993,0.0701475654721235,-0.225877471776933,0.0680523888111645,0.00422638524398886,0.00399881609601702,0.00022756914797184,0.99354388565218,-1.4597113894477
0.8,0.45801299465259,-0.291856107974959,0.0701727309239126,-0.262691334689531,0.0680820682821904,0.00628706036199526,0.00606064485157835,0.000226415510416911,0.993543686226755,-1.45971261522141
0.802,0.380810187803126,-0.419114818279214,0.0701983197161704,-0.374118550826084,0.0681121635163569,0.0146462941372176,0.0144210295410193,0.000225264596198316,0.993543531628174,-1.45971392109312
0.804,0.363115163946974,-0.445359844255477,0.070224331165072,-0.396642164742863,0.0681426737878163,0.0171229053492729,0.0168987889077554,0.000224116441517541,0.993543421746899,-1.45971530683478
0.806,0.392685701270774,-0.391847169576447,0.0702507645856599,-0.349033586078342,0.068173598368433,0.0132691133041844,0.0130461422217983,0.000222971082386114,0.993543356472153,-1.45971677221603
0.808,0.452654255281338,-0.287480338336989,0.0702776192917916,-0.256771070939021,0.068204936527725,0.00693135509823182,0.00670952654360966,0.000221828554622161,0.993543335691939,-1.45971831700419
0.81,0.537644401888447,-0.141631832821727,0.0703048945960856,-0.128140035729096,0.0682366875328058,0.00151525444176903,0.00129456554792184,0.000220688893847187,0.993543359293048,-1.45971994096431
0.812,0.573796384819751,-0.078892075210178,0.0703325898098669,-0.0727334531199086,0.0682688506483256,0.000489189768287519,0.000269637632804993,0.000219552135482526,0.993543427161071,-1.45972164385916
0.814,0.572058291399681,-0.0803093274771608,0.0703607042431123,-0.073811987570647,0.0683014251364115,0.000518411232063604,0.000299992917317266,0.000218418314746338,0.993543539180415,-1.45972342544927
0.816,0.586231802640978,-0.0549396267796155,0.0703892372043946,-0.0513267557743815,0.0683344102566081,0.000310006449116989,9.27189824671491e-05,0.00021728746664984,0.993543695234315,-1.45972528549295
0.818,0.677792941682651,0.100482513891584,0.0704181880008263,0.0855425431922019,0.0683678052658164,0.00180099680254708,0.00158483717655288,0.000216159625994194,0.993543895204844,-1.45972722374632
0.82,0.629243974759926,0.0192365436126955,0.0704475559380029,0.0140253511108937,0.0684016094182335,0.000407777690687618,0.000192742863320441,0.000215034827367178,0.993544138972926,-1.45972923996329
0.822,0.62618683524386,0.0150176891977129,0.070477340319945,0.0103715358282255,0.0684358219652907,0.00036705978345366,0.00015314667831392,0.00021391310513974,0.99354442641835,-1.45973133389565
0.824,0.717141338905632,0.16893549285657,0.0705075404490406,0.145898582836692,0.0684704421555918,0.00397621624866893,0.00376342175520581,0.00021279449346312,0.993544757419784,-1.45973350529302
0.826,0.621699388709361,0.00846791437541866,0.0705381556259861,0.0045388949578736,0.0685054692348508,0.000321103446612109,0.000109424420347043,0.000211679026265066,0.993545131854783,-1.45973575390293
0.828,0.546770452232563,-0.116512365831094,0.0705691851497267,-0.105418535725806,0.068540902445829,0.00108256962451198,0.000872002887264912,0.000210566737247064,0.993545549599803,-1.4597380794708
0.83,0.594226795263865,-0.0349851281489028,0.0706006283173969,-0.0334219188290581,0.0685767410282713,0.000226763620435532,1.730596055508e-05,0.000209457659880452,0.993546010530218,-1.45974048173999
0.832,0.575798328577423,-0.0646956526330075,0.0706324844242595,-0.0594642287006987,0.0686129842188429,0.000402085607141873,0.000193733779737566,0.000208351827404307,0.993546514520323,-1.45974296045179
0.834,0.612993151729523,-0.000744058446331214,0.0706647527636447,-0.00298255490857435,0.0686496312510649,0.000242704476550729,3.54552037296095e-05,0.000207249272821119,0.993547061443357,-1.45974551534547
0.836,0.643046646305876,0.0508170747171284,0.070697432626888,0.042521747228804,0.0686866813552493,0.000692818749254379,0.000486668720360142,0.000206150028894236,0.993547651171508,-1.4597481461583
0.838,0.718854443224664,0.17893165838321,0.0707305233032683,0.155420583719806,0.0687241337584342,0.00411263607447158,0.00390758194632661,0.000205054128144977,0.993548283575927,-1.45975085262555
0.84,0.67541855646627,0.105956839222181,0.0707640240799442,0.0910007505603893,0.068761987684318,0.00178445812610113,0.00158049652325216,0.000203961602848968,0.993548958526742,-1.45975363448052
0.842,0.737863278367984,0.211263969765671,0.0707979342418914,0.183770795639124,0.0688002423531934,0.00554112586521043,0.00533825338017718,0.000202872485033256,0.993549675893069,-1.45975649145458
0.844,0.750274567602223,0.231905742727493,0.0708322530718377,0.201809885037681,0.068838896981881,0.00659548890406749,0.00639370209759395,0.000201786806473536,0.993550435543025,-1.45975942327716
0.846,0.749340690483171,0.230017371232232,0.0708669798501988,0.199965824358232,0.0688779507836623,0.00657246949843151,0.0063717648997407,0.000200704598690815,0.993551237343739,-1.45976242967578
0.848,0.737358230715907,0.209596952870717,0.070902113855013,0.18178290887436,0.0689174029682122,0.0056551828669851,0.00545555697403635,0.000199625892948752,0.993552081161363,-1.45976551037611
0.85,0.697233398439308,0.14206994662337,0.0709376543618752,0.122079192557592,0.0689572527415319,0.0030153216701311,0.00281677094988067,0.000198550720250434,0.993552966861091,-1.45976866510192
0.852,0.772447433473925,0.268526733348309,0.0709736006438708,0.233527492155906,0.0689974993058798,0.00882707429131293,0.00862959517997744,0.000197479111335497,0.99355389430716,-1.45977189357515
0.854,0.787716454184175,0.293623568744972,0.0710099519715083,0.255441119481287,0.0690381418597037,0.0104618696084565,0.0102654585117791,0.000196411096677451,0.993554863362873,-1.45977519551595
0.856,0.771291608271415,0.265397005590304,0.0710467076126522,0.230284852107358,0.0690791795975718,0.00887177495795977,0.00867642825147919,0.000195346706480581,0.993555873890606,-1.45977857064262
0.858,0.763320492468382,0.25152918042576,0.0710838668324552,0.217824477972802,0.0691206117101026,0.00818489634447741,0.00799061037379991,0.000194285970677499,0.993556925751817,-1.45978201867171
0.86,0.786578377665753,0.290127528548258,0.0711214288932888,0.251678022582747,0.0691624373838963,0.0105864713776089,0.0103932424586829,0.000193228918926036,0.993558018807065,-1.45978553931802
0.862,0.791409280196986,0.297592348973114,0.071159393054675,0.25801255161428,0.0692046558014635,0.0111995794644665,0.01100740388386,0.000192175580606579,0.993559152916017,-1.4597891322946
0.864,0.79632191561711,0.305152694961773,0.0711977585732164,0.264422471727859,0.0692472661411558,0.0118414301371512,0.0116503041523316,0.000191125984819629,0.993560327937461,-1.45979279731278
0.866,0.723846191184607,0.182937508588785,0.0712365247025257,0.156242170355375,0.069290267577094,0.00519201622037469,0.00500193605999189,0.0001900801603828,0.99356154372932,-1.45979653408219
0.868,0.742843853308142,0.214795916495823,0.0712756906931556,0.184234908032143,0.0693336592790975,0.00674088792664945,0.00655184979082085,0.000189038135828601,0.993562800148661,-1.45980034231081
0.87,0.710835598186588,0.160984553206412,0.0713152557925272,0.136532727380273,0.0693774404126123,0.00437989254069318,0.00419189260129174,0.00018799993940144,0.993564097051709,-1.45980422170494
0.872,0.66424647233063,0.0830733355335995,0.0713552192448586,0.0675934399863423,0.0694216101386392,0.0018660800961445,0.00167911449708888,0.000186965599055622,0.993565434293856,-1.45980817196925
0.874,0.635187302640492,0.0350075844464448,0.0713955802910921,0.0250963222111463,0.0694661676136616,0.000873884723479227,0.000687949581026873,0.000185935142452354,0.993566811729677,-1.45981219280681
0.876,0.595510198384246,-0.0305497103791223,0.0714363381688223,-0.0328104569879476,0.0695111119895726,0.000220681533815319,3.57729368576856e-05,0.000184908596957634,0.993568229212938,-1.45981628391908
0.878,0.614739307423901,0.00294796723649306,0.0714774921122222,-0.00311436750668256,0.0695564424136023,0.000440973231037842,0.0002570872413977,0.000183885989640142,0.993569686596611,-1.45982044500595
0.88,0.623930965343093,0.0194383385655268,0.07151904135197,0.0115175614407509,0.0696021580282441,0.000621482778028718,0.000438615430760695,0.000182867347268023,0.993571183732882,-1.45982467576578
0.882,0.599506672228354,-0.0204499374591921,0.0715609851151743,-0.0237064291002968,0.0696482579711813,0.000255948502783302,7.40958064755309e-05,0.000181852696307772,0.993572720473165,-1.45982897589535
0.884,0.598293093214012,-0.021240670797553,0.0716033226253003,-0.0243232541001169,0.0696947413752134,0.000247195965706638,6.63539027858444e-05,0.000180842062920794,0.993574296668115,-1.45983334508997
0.886,0.619649030888917,0.0157512678411267,0.0716460531020936,0.00847278673330935,0.069741607368181,0.000549543816570535,0.000369708343608015,0.00017983547296252,0.993575912167635,-1.45983778304345
0.888,0.619952485282925,0.0172933571401279,0.0716891757615056,0.00988039230821462,0.069788855072892,0.000562098954241254,0.000383266002262296,0.000178832951978958,0.993577566820892,-1.4598422894481
0.89,0.674903509993864,0.110264782897755,0.0717326898156168,0.0921646423875616,0.0698364836070464,0.00246141741698668,0.00228358289178086,0.000177834525205811,0.993579260476326,-1.45984686399481
0.892,0.699500989198369,0.151901994510716,0.0717765944725602,0.128943653740899,0.0698844920831609,0.00384854834732749,0.0036717081297619,0.000176840217565588,0.993580992981664,-1.45985150637302
0.894,0.738265864763642,0.216989385435417,0.0718208889364447,0.186433327400269,0.0699328796084938,0.00667585789590785,0.0065000078422418,0.000175850053666049,0.993582764183927,-1.45985621627077
0.896,0.759817805444024,0.252902400153796,0.0718655724072775,0.218040675432037,0.0699816452849688,0.00863051124646968,0.00845564718867147,0.000174864057798207,0.993584573929445,-1.4598609933747
0.898,0.691464742641621,0.138272941882803,0.071910644080886,0.116358124455317,0.0700307882090992,0.00351315997156879,0.00333927771763412,0.000173882253934665,0.993586422063869,-1.45986583737006
0.9,0.706561441249291,0.163849704666105,0.0719561031488396,0.138908053994127,0.0700803074719115,0.00449558134651018,0.00432267668078279,0.000172904665727391,0.993588308432179,-1.45987074794079
0.902,0.720369332034639,0.187122531826214,0.0720019487983712,0.159393270608779,0.0701302021588688,0.00551145295791349,0.0053395216414071,0.000171931316506391,0.993590232878697,-1.45987572476945
0.904,0.669262401929178,0.101768917144257,0.0720481802122973,0.0836568769990471,0.0701804713497939,0.00244753602513968,0.00227657379586186,0.000170962229277816,0.993592195247097,-1.45988076753732
0.906,0.657688034857803,0.0829881926827421,0.0720947965689393,0.0669657430844254,0.0702311141187921,0.00195042336138124,0.00178042593465894,0.000169997426722301,0.993594195380421,-1.45988587592436
0.908,0.728636158770051,0.202195363937744,0.0721417970420427,0.172532859147679,0.070282129534174,0.00626719518685746,0.00609815825566349,0.000169036931193967,0.993596233121082,-1.45989104960928
0.91,0.74355648311878,0.227103404226888,0.0721891808006968,0.194436780246274,0.0703335166583777,0.00755913514748558,0.00739105438276783,0.000168080764717748,0.993598308310882,-1.45989628826951
0.912,0.69814006159914,0.15109372376529,0.0722369470092544,0.126885912414246,0.0703852745478908,0.0042233505548986,0.00405622160590919,0.000167128948989403,0.99360042079102,-1.45990159158127
0.914,0.697018577661282,0.149509004736554,0.0722850948272497,0.125368787134847,0.0704374022531729,0.00419709622749123,0.00403091472211839,0.000166181505372842,0.993602570402104,-1.45990695921953
0.916,0.78740635039845,0.300723018746186,0.0723336234093173,0.259302884092724,0.0704898988185763,0.0120243675420923,0.0118591290871925,0.000165238454899796,0.993604756984159,-1.4599123908581
0.918,0.772628268520211,0.27548281732913,0.0723825319051098,0.236649958000169,0.0705427632822686,0.0105811153397241,0.0104168155214563,0.000164299818267821,0.993606980376643,-1.45991788616959
0.92,0.824061370208533,0.360908110020207,0.0724318194592154,0.312152001957122,0.0705959946761527,0.0165729911865302,0.0164096255706904,0.00016336561583985,0.993609240418455,-1.45992344482545
0.922,0.84187854705371,0.389730951678506,0.0724814852110755,0.337372507957036,0.070649592025789,0.0190735179250192,0.0189110820573766,0.00016243586764253,0.993611536947943,-1.459929066496
0.924,0.827197081510025,0.364162567226985,0.0725315282949009,0.314316553218139,0.0707035543503153,0.0172894077367148,0.0171278971433497,0.000161510593365111,0.993613869802921,-1.45993475085043
0.926,0.848047970440907,0.398027366484081,0.0725819478395887,0.344010837698221,0.070757880662368,0.0202605283571481,0.0200999385447892,0.000160589812358891,0.993616238820674,-1.45994049755683
0.928,0.818460344707746,0.347566882292973,0.0726327429686382,0.298846266070193,0.0708125699680021,0.01650008936789,0.0163404158242537,0.000159673543636329,0.993618643837974,-1.45994630628221
0.93,0.844011641700509,0.389364357470211,0.0726839128000669,0.335603913146263,0.0708676212666119,0.0200406398072535,0.019881878001384,0.00015876180586949,0.993621084691083,-1.45995217669252
0.932,0.911815274171849,0.501368947538471,0.0727354564463254,0.434639697967378,0.0709230335508508,0.0307673603926593,0.0306095057752691,0.000157854617390152,0.993623561215772,-1.45995810845265
0.934,0.940516734250682,0.547525236656641,0.0727873730142131,0.475110979011992,0.070978805806551,0.0361784794471222,0.0360215274509337,0.000156951996188481,0.993626073247327,-1.45996410122647
0.936,0.961670209186289,0.580830943202057,0.0728396616047924,0.504126316411992,0.0710349370126438,0.040543389934412,0.0403873359744994,0.000156053959912583,0.993628620620558,-1.45997015467685
0.938,0.957617462382008,0.571936998367094,0.0728923213133034,0.495630863256499,0.0710914261410787,0.0400950756678874,0.0399399151420194,0.000155160525867948,0.993631203169814,-1.45997626846566
0.94,0.942273488748854,0.544288029875852,0.0729453512290778,0.470481132471598,0.071148272156743,0.0374935812945358,0.0373393095835187,0.000154271711017118,0.99363382072899,-1.4599824422538
0.942,1.00785425869914,0.651626679724798,0.0729987504354529,0.565273892577339,0.0712054740173809,0.0512282607568837,0.0510748732249047,0.00015338753197891,0.993636473131537,-1.45998867570121
0.944,0.967096993577285,0.581207991550752,0.0730525180096848,0.50202199219019,0.071263030673513,0.0430697315694484,0.0429172235644203,0.000152508005028085,0.993639160210474,-1.45999496846692
0.946,0.947844795651508,0.547028655771257,0.0731066530228615,0.471035507067648,0.0713209410683551,0.0396484396001056,0.0394968064540099,0.000151633146095675,0.9936418817984,-1.46000132020901
0.948,1.06140703354978,0.734207505307165,0.0731611545398163,0.636826967373078,0.071379204137737,0.064959534975393,0.0648087720046254,0.000150762970767659,0.993644637727497,-1.46000773058469
0.95,1.00462063095228,0.636681291625993,0.0732160216190396,0.549346737496716,0.0714378188100213,0.0522377068036088,0.0520878093093228,0.000149897494285955,0.993647427829549,-1.46001419925027
0.952,0.947286828492137,0.538830197855656,0.0732712533125918,0.461661504341991,0.0714967840060222,0.0407857597940047,0.0406367230624571,0.000149036731547647,0.993650251935945,-1.46002072586121
0.954,0.8710385642174,0.410085964819218,0.0733268486660149,0.346587754712172,0.071556098638924,0.0276416756457516,0.0274934949486464,0.000148180697105205,0.993653109877694,-1.46002731007212
0.956,0.957922367978729,0.553549155562298,0.0733828067182447,0.473737607898633,0.0716157616141992,0.0435490703942162,0.04340174098905,0.000147329405166263,0.993656001485431,-1.46003395153679
0.958,0.975895184313541,0.58152913757816,0.0734391265015217,0.498023599619397,0.0716757718295275,0.0476223666523206,0.0474758837827262,0.0001464828695944,0.993658926589429,-1.46004064990818
0.96,0.974171881782914,0.576588036888506,0.073495807041303,0.492989700191885,0.0717361281747136,0.0476904071237855,0.0475447660198765,0.000145641103908911,0.993661885019609,-1.46004740483849
0.962,0.884855754213263,0.426007576436319,0.0735528473561728,0.358353028332954,0.0717968295316054,0.0312594247212606,0.0311146205999757,0.000144804121284925,0.993664876605548,-1.46005421597912
0.964,0.876260322746962,0.410538206387695,0.0736102464577531,0.34410177825733,0.0718578747740124,0.0301248454889875,0.0299808735544334,0.000143971934554177,0.993667901176491,-1.46006108298074
0.966,1.00989839202551,0.631628381430538,0.0736680033506149,0.540446234173366,0.0719192627676236,0.0565732336062515,0.0564300890500462,0.000143144556205343,0.993670958561358,-1.46006800549326
0.968,1.03216824892389,0.666311079341352,0.0737261170321875,0.570623623414634,0.0719809923699254,0.0622376119058276,0.0620952899074432,0.000142321998384376,0.993674048588757,-1.46007498316587
0.97,1.01069342984892,0.628095812953231,0.0737845864926695,0.535850129629925,0.0720430624301197,0.0578044017442333,0.0576628974713379,0.000141504272895387,0.993677171086989,-1.46008201564708
0.972,1.0959158788771,0.767402913610687,0.0738434107149382,0.659217802826411,0.0721054717890419,0.079389591747305,0.0792489003561043,0.000140691391200765,0.993680325884064,-1.46008910258468
0.974,1.0849025126311,0.746017335999917,0.0739025886744592,0.639311060820242,0.0721682192790784,0.0771752712104209,0.0770353878459984,0.000139883364422499,0.993683512807701,-1.46009624362582
0.976,1.07688301137069,0.729737316358616,0.0739621193391961,0.623967126978565,0.0722313037240851,0.0757678822268887,0.0756288020235457,0.000139080203342967,0.993686731685347,-1.46010343841698
0.978,0.917243175731188,0.461755259804795,0.07402200166952,0.384336146005628,0.0722947239393043,0.040624347184567,0.0404860652661618,0.000138281918405148,0.993689982344181,-1.46011068660401
0.98,0.916430303259467,0.459069344837532,0.074082234618118,0.38138700954715,0.0723584787312837,0.0408661817568612,0.0407286932371467,0.000137488519714513,0.993693264611123,-1.46011798783215
0.982,0.927887726792104,0.476775105964252,0.0741428171299027,0.396614702369932,0.0724225668977931,0.0434698950124894,0.0433331949954504,0.000136700017039026,0.993696578312846,-1.46012534174603
0.984,0.87869798773277,0.393716913503272,0.0742037481419208,0.321984312120356,0.0724869872277428,0.03480779102188,0.0346718746020687,0.000135916419811366,0.993699923275783,-1.4601327479897
0.986,0.858751061014278,0.359674882620346,0.0742650265832618,0.291132227681682,0.0725517385011015,0.0317657434353144,0.0316306056981852,0.000135137737129143,0.993703299326136,-1.46014020620664
0.988,0.853175235669601,0.34967962864517,0.0743266513749663,0.281753855423632,0.0726168194888138,0.0311724275955249,0.0310380636177682,0.00013436397775668,0.993706706289886,-1.46014771603977
0.99,0.938604110460576,0.490722598289373,0.0743886214299346,0.407114924032818,0.0726822289527182,0.0471182216979798,0.0469846265478536,0.000133595150126231,0.993710143992803,-1.4601552771315
0.992,0.923096117703086,0.463535113679416,0.074450935652835,0.38225584881222,0.0727479656454653,0.0444997612372496,0.0443669299749103,0.000132831262339317,0.993713612260451,-1.46016288912369
0.994,0.988541032594441,0.57076202391296,0.0745135929400116,0.477362850215258,0.0728140283104353,0.0586677387906775,0.0585356664685092,0.000132072322168275,0.993717110918199,-1.46017055165774
0.996,0.949995883286404,0.504950092347312,0.0745765921793924,0.417934224852592,0.0728804156816562,0.0508963169417473,0.0507649986046898,0.000131318337057484,0.993720639791233,-1.46017826437452
0.998,1.03856603642295,0.650255826808741,0.0746399322503975,0.547017261009504,0.0729471264837218,0.071528018018446,0.0713974487043204,0.000130569314125584,0.993724198704559,-1.46018602691446
1,1.04573458604811,0.659805865344697,0.0747036120238465,0.554765375932719,0.0730141594317101,0.0739783589320441,0.0738485336718774,0.000129825260166694,0.993727787483013,-1.46019383891753
1.002,0.99602668838804,0.575050635545006,0.0747676303618667,0.47828746743997,0.0730815132311011,0.0627438210368773,0.0626147348552251,0.000129086181652194,0.993731405951275,-1.46020170002325
1.004,0.932093191833806,0.467219061451757,0.0748319861178003,0.381266913976469,0.0731491865776952,0.0494907440168657,0.049362391932133,0.000128352084732719,0.99373505393387,-1.46020960987075
1.006,0.898444324892852,0.410181289211335,0.0748966781361122,0.329708093289582,0.0732171781575317,0.0433600828320839,0.0432324598568437,0.00012762297524016,0.993738731255179,-1.46021756809873
1.008,0.842010176284671,0.315734511170467,0.0749617052522977,0.244770640998842,0.073285486646807,0.0337165220722101,0.0335896232135207,0.000126898858689328,0.993742437739451,-1.46022557434549
1.01,0.843546300524825,0.317829379438883,0.0750270662927897,0.246180738033481,0.0733541107117937,0.0343373522470561,0.0342111725067761,0.000126179740279952,0.993746173210805,-1.460233628249
1.012,0.826240041401075,0.288719106768862,0.0750927600748663,0.219696094276017,0.0734230490087585,0.0318474069201561,0.0317219412952568,0.000125465624899346,0.993749937493244,-1.46024172944683
1.014,0.799785797833208,0.244634134445693,0.0751587854065584,0.179846769916746,0.0734923001838817,0.0280483224708675,0.0279235659537437,0.000124756517123847,0.993753730410659,-1.46024987757623
1.016,0.796327328614568,0.238862973098506,0.0752251410865569,0.174287690467996,0.0735618628731759,0.02784063139056,0.0277165789693382,0.000124052421221821,0.993757551786839,-1.46025807227411
1.018,0.819197179072701,0.276697133646296,0.07529182590412,0.207725146162716,0.0736317357024047,0.0317146648833477,0.0315913115421924,0.000123353341155319,0.993761401445481,-1.46026631317707
1.02,0.75754949968753,0.174486170892985,0.0753588386389809,0.115871586225882,0.0737019172870029,0.0229180579209209,0.0227953986403381,0.00012265928058286,0.993765279210191,-1.46027459992144
1.022,0.660059160794836,0.0135608598331366,0.0754261780612553,-0.0284238754115194,0.0737724062319947,0.0118070246820001,0.0116850544391386,0.000121970242861535,0.993769184904501,-1.46028293214323
1.024,0.636150832156084,-0.0247649227342959,0.0754938429313485,-0.0628962787960454,0.0738432011319142,0.00975121271677771,0.0096299264857277,0.000121286231050011,0.99377311835187,-1.4602913094782
1.026,0.619146256139835,-0.0514594193022598,0.0755618319998629,-0.086929798078432,0.0739143005707247,0.00844589355467601,0.00832528630676538,0.000120607247910631,0.993777079375696,-1.46029973156188
1.028,0.576306273480438,-0.120718261738277,0.075630144007506,-0.149039401307155,0.0739857031217386,0.00542262679865333,0.00530269350274068,0.000119933295912644,0.993781067799319,-1.46030819802952
1.03,0.638932145449554,-0.0152558028833573,0.0756987776849974,-0.0546825865485921,0.0740574073475378,0.0103867437059874,0.0102674793287534,0.000119264377233974,0.993785083446034,-1.4603167085162
1.032,0.654279806935399,0.0114899115886078,0.0757677317529769,-0.0308914229359467,0.0741294117998937,0.0119717830724532,0.0118531825786881,0.000118600493765109,0.993789126139095,-1.46032526265674
1.034,0.650600273860394,0.00664965974537207,0.0758370049219119,-0.0354087196828346,0.0742017150196881,0.011780501910062,0.0116625602629509,0.000117941647111097,0.993793195701723,-1.46033386008582
1.036,0.695284066652469,0.0817405957681267,0.0759065958920055,0.0316697680925558,0.0742743155368333,0.0166315825099277,0.0165142946713328,0.000117287838594882,0.993797291957115,-1.46034250043791
1.038,0.658217578180955,0.0213839668734974,0.0759765033531041,-0.0226528729428583,0.0743472118701941,0.0128787640383353,0.0127621249690753,0.000116639069259961,0.993801414728449,-1.46035118334732
1.04,0.763290594609788,0.196107925388769,0.0760467259846057,0.133704290872826,0.074420402527508,0.0257200798706647,0.0256040845307908,0.000115995339873831,0.993805563838894,-1.46035990844822
1.042,0.681398391052946,0.0611529242739927,0.0761172624553677,0.0123973945420689,0.0744938860053074,0.0157300910932942,0.0156147344423636,0.000115356650930654,0.993809739111613,-1.46036867537465
1.044,0.698383600740559,0.090182248038407,0.0761881114236157,0.0381794906265844,0.0745676607888409,0.0178621558232209,0.0177474328205663,0.000114723002654582,0.993813940369775,-1.46037748376052
1.046,0.704279903572506,0.100751770421773,0.0762592715368512,0.0473881785145116,0.0746417253519956,0.0187850893039211,0.0186709949089181,0.000114094395002984,0.99381816743656,-1.46038633323963
1.048,0.714184543164953,0.11788137152782,0.0763307414317608,0.0624690119359988,0.0747160781572194,0.0202267930484316,0.020113322220762,0.000113470827669659,0.993822420135164,-1.46039522344571
1.05,0.687194303299752,0.0740436630278977,0.0764025197341246,0.0228588775600971,0.0747907176554433,0.0172581131664952,0.0171452608664072,0.000112852300088062,0.993826698288809,-1.4604041540124
1.052,0.66329400378904,0.0355463602794518,0.0764746050587249,-0.0119280305533782,0.0748656422860046,0.014847965679312,0.0147357268678772,0.00011223881143485,0.993831001720749,-1.46041312457326
1.054,0.683462513462623,0.069948718841614,0.0765469960092559,0.0187142692848129,0.0749408504765698,0.0172577559974317,0.0171461256367983,0.00011163036063333,0.993835330254274,-1.46042213476182
1.056,0.700044111287662,0.0982513398455544,0.0766196911782324,0.0438550334726466,0.0750163406430586,0.0194204113977512,0.0193093844513947,0.000111026946356452,0.993839683712722,-1.46043118421158
1.058,0.774330765769201,0.221546165204912,0.0766926891468996,0.154222870184262,0.0750921111895671,0.0296596991875719,0.0295492706205407,0.000110428567031251,0.99384406191948,-1.46044027255599
1.06,0.771128428970179,0.216432458955458,0.0767659884851427,0.149231392739398,0.0751681605082925,0.0295237943822569,0.0294139591614156,0.000109835220841292,0.993848464697994,-1.46044939942851
1.062,0.771933658391479,0.217955679384917,0.0768395877513969,0.150200175562042,0.0752444869794575,0.029981923429872,0.0298726765241406,0.000109246905731442,0.993852891871776,-1.46045856446261
1.064,0.800301094724492,0.264893479370429,0.0769134854925576,0.191944884027518,0.0753210889712352,0.0347027112589408,0.0345940476395303,0.000108663619410532,0.993857343264407,-1.46046776729176
1.066,0.798171848607525,0.26133384421016,0.0769876802438909,0.188299190696813,0.0753979648396742,0.0347503852501746,0.0346422998908185,0.000108085359356025,0.993861818699546,-1.46047700754946
1.068,0.710669775791516,0.117165759720348,0.0770621705289443,0.0583512182711849,0.0754751129286245,0.0225514055541349,0.022443893431318,0.0001075121228169,0.993866318000936,-1.46048628486927
1.07,0.62239022810056,-0.0274969774411832,0.0771369548594576,-0.0719317461607925,0.0755525315696638,0.0129052756193066,0.0127983317124884,0.000106943906818202,0.993870840992409,-1.46049559888479
1.072,0.692696246022445,0.0897586048150219,0.0772120317352745,0.033249921387968,0.0756302190820232,0.0207847078476909,0.0206783271395264,0.000106380708164489,0.993875387497894,-1.46050494922971
1.074,0.735583692496517,0.161245723525305,0.0772873996442541,0.0972064115672078,0.0757081737725149,0.0266368838280234,0.0265310613045795,0.000105822523443933,0.99387995734142,-1.46051433553777
1.076,0.687061983275622,0.08188667553527,0.0773630570621827,0.0255099528387568,0.075786393935459,0.0206469528262303,0.0205416834771981,0.000105269349032211,0.993884550347125,-1.46052375744284
1.078,0.683588430733561,0.0770956575365372,0.0774390024526863,0.0209140267840751,0.0758648778526114,0.0204844751425093,0.0203797539614129,0.00010472118109639,0.993889166339261,-1.46053321457888
1.08,0.650993352528237,0.0244154602824811,0.0775152342671432,-0.0267431901050758,0.0759436237930922,0.0169860692607223,0.0168818912451229,0.000104178015599365,0.993893805142198,-1.46054270657996
1.082,0.662192387403518,0.0440671628108315,0.0775917509445968,-0.00930718443171061,0.076022630013314,0.0184613963680759,0.0183577565197724,0.000103639848303416,0.993898466580433,-1.46055223308029
1.084,0.740823557985494,0.174531117845461,0.0776685509116695,0.10779423668259,0.0761018947569114,0.0287750160581005,0.0286719093833258,0.000103106674774756,0.993903150478592,-1.46056179371425
1.086,0.730830754197547,0.158555715369948,0.0777456325824759,0.0930414877750181,0.0761814162546705,0.0277061484581727,0.0276035699677855,0.000102578490387195,0.993907856661439,-1.46057138811634
1.088,0.726048287901998,0.15123620743928,0.0778229943585373,0.0860880484912115,0.0762611927244587,0.0273708763457659,0.0272688210554389,0.00010205529032703,0.993912584953877,-1.46058101592125
1.09,0.630157814552566,-0.00581507455613728,0.0779006346286961,-0.0556266037285874,0.076341222371156,0.0160268786943738,0.0159253416247771,0.000101537069596702,0.99391733518096,-1.46059067676384
1.092,0.581618309737293,-0.0842015552310552,0.0779785517690311,-0.126410929771266,0.0764215033865855,0.0115248785795996,0.0114238547565803,0.000101023823019242,0.993922107167892,-1.46060037027917
1.094,0.632975839019621,0.00199010238603402,0.0780567441427728,-0.0489574070168676,0.0765020339494457,0.0167271936296568,0.0166266780844143,0.000100515545242486,0.993926900740035,-1.46061009610251
1.096,0.66843534847037,0.0616083671619207,0.0781352101002192,0.0045010264886131,0.0765828122252421,0.0209692743380204,0.0208692621072767,0.00010001223074374,0.993931715722915,-1.46061985386933
1.098,0.63325098765477,0.0048671779289559,0.0782139479786526,-0.0468900521009975,0.0766638363662204,0.0172244061060009,0.0171248922321672,9.95138738336676e-05,0.993936551942226,-1.46062964321535
1.1,0.710215861188343,0.132621701750992,0.078292956102256,0.0679630379964028,0.0767451045113,0.0267983750892007,0.0266993546205397,9.90204686609486e-05,0.993941409223832,-1.4606394637765
1.102,0.692384163377347,0.104039652776946,0.0783722327820309,0.0418584661771172,0.0768266147860075,0.0247660694118849,0.0246675374026684,9.8532009216501e-05,0.99394628739378,-1.460649315189
1.104,0.781464546679783,0.251138763958143,0.078451776315715,0.174093240968702,0.0769083653024115,0.0379302869132851,0.0378322384239468,9.80484893382538e-05,0.993951186278297,-1.46065919708931
1.106,0.6481399759343,0.0323888322712574,0.0785315849877008,-0.023537194628659,0.0769903541590579,0.0200113439931022,0.0199137740903868,9.75699027153665e-05,0.993956105703796,-1.46066910911415
1.108,0.587663588690827,-0.065647219563817,0.0786116570689545,-0.112184952784501,0.0770725794409052,0.013872156418891,0.0137750601759984,9.70962428925581e-05,0.993961045496886,-1.46067905090056
1.11,0.556128551139067,-0.115679040723897,0.0786919908169354,-0.157478706290064,0.0771550392192615,0.0111982149920701,0.0111015874887952,9.6627503274882e-05,0.993966005484371,-1.46068902208584
1.112,0.488190314004298,-0.225170783922913,0.0787725844755163,-0.25635969414421,0.077237731551721,0.00627057148201081,0.00617440780487831,9.61636771324992e-05,0.993970985493255,-1.46069902230763
1.114,0.419607446750023,-0.335151382499802,0.0788534362749041,-0.355603175183174,0.0773206544821023,0.00274794062533157,0.00265223586772701,9.57047576045644e-05,0.993975985350751,-1.46070905120386
1.116,0.391389059964665,-0.378368824917613,0.0789345444315612,-0.394537290762197,0.0774038060403862,0.0017511752106335,0.00165592447292928,9.52507377042222e-05,0.993981004884281,-1.4607191084128
1.118,0.373465406251428,-0.404485055417324,0.0790159071481271,-0.418009614829264,0.0774871842426551,0.00125225024243341,0.00115744863211014,9.48016103232696e-05,0.993986043921479,-1.46072919357308
1.12,0.378972172032035,-0.392057374346848,0.0790975226133416,-0.406677935966977,0.0775707870910327,0.00144560589679602,0.00135124852855965,9.43573682363752e-05,0.993991102290202,-1.46073930632363
1.122,0.354782936103832,-0.428367003523503,0.0791793890019674,-0.439346814578179,0.0776546125736246,0.000855203562860685,0.000761285558754388,9.3918004106297e-05,0.993996179818528,-1.4607494463038
1.124,0.27906820689326,-0.548930069936526,0.0792615044747146,-0.5480536851321,0.0777386586644593,9.83285505265566e-05,4.8450400387881e-06,9.34835104877685e-05,0.99400127633476,-1.46075961315326
1.126,0.296109930436053,-0.51690679130426,0.0793438671781647,-0.518895072567447,0.0778229233234302,0.000117966091211719,2.49122113790024e-05,9.30538798327163e-05,0.994006391667435,-1.46076980651209
1.128,0.219100903613788,-0.639115808897092,0.0794264752446962,-0.629048979704759,0.0779074044962386,0.00073058420495353,0.000637955100458606,9.26291044949235e-05,0.994011525645324,-1.46078002602076
1.13,0.261886929122535,-0.564506199210037,0.0795093267924108,-0.561332681137366,0.0779921001143367,0.000155542733713466,6.33335569792176e-05,9.22091767342481e-05,0.994016678097436,-1.46079027132012
1.132,0.261469923827049,-0.561019656915362,0.0795924199250596,-0.557922917776306,0.0780770080948723,0.000152037220570043,6.02431318484239e-05,9.17940887216195e-05,0.994021848853021,-1.46080054205145
1.134,0.232743977057001,-0.603900979691747,0.079675752731971,-0.596412913523908,0.0781621263406336,0.000443254590028512,0.000351870757484811,9.13838325437011e-05,0.994027037741578,-1.46081083785645
1.136,0.293695545725151,-0.499772729578208,0.0797593232879788,-0.502008736083461,0.078247452739995,0.000122320974877376,3.1342574669823e-05,9.09784002075531e-05,0.994032244592853,-1.46082115837724
1.138,0.244476472910451,-0.57647672157106,0.0798431296533512,-0.571135704193332,0.0783329851668642,0.000269218492952576,0.000178640709307391,9.05777836451849e-05,0.994037469236846,-1.46083150325639
1.14,0.160031949722896,-0.710439913743479,0.0799271698737207,-0.691976644577727,0.0784187214806293,0.00222270029624557,0.00213251832152691,9.01819747186616e-05,0.994042711503814,-1.46084187213693
1.142,0.230154628437356,-0.590862304962639,0.0800114419800144,-0.583458352871709,0.0785046595261072,0.000432357635741762,0.000342566670517439,8.97909652243234e-05,0.994047971224271,-1.46085226466231
1.144,0.246822538016738,-0.559317652656597,0.080095943988386,-0.554638615876718,0.0785907971334933,0.000226074496308671,0.000136669749411001,8.940474689767e-05,0.994053248228998,-1.4608626804765
1.146,0.270200448919653,-0.516957606529496,0.0801806739001476,-0.516055712975807,0.0786771321183112,9.4095680747307e-05,5.07236932928311e-06,8.90233114180239e-05,0.99405854234904,-1.46087311922391
1.148,0.324166254276856,-0.42479388675051,0.0802656297017033,-0.432441086166443,0.0787636622813639,0.000452934946190697,0.000364288295777282,8.86466504134154e-05,0.994063853415709,-1.46088358054945
1.15,0.358808970664018,-0.364679506852064,0.0803508093644826,-0.377889751524309,0.0788503854086856,0.0011742038561228,0.00108592910065767,8.82747554651342e-05,0.994069181260592,-1.46089406409853
1.152,0.37606771218119,-0.333279829750306,0.0804362108448761,-0.34936731446694,0.078937299271495,0.00169668034490731,0.00160877272679503,8.79076181122818e-05,0.994074525715551,-1.46090456951705
1.154,0.361886795109273,-0.353416840498797,0.0805218320841706,-0.367518006886152,0.0790244016261486,0.00132225939579904,0.00123471416594216,8.7545229856878e-05,0.994079886612724,-1.46091509645145
1.156,0.397994519766206,-0.291284975245835,0.0806076710084866,-0.311169863297358,0.0791116902140958,0.00253986217178581,0.00245267458961806,8.7187582167747e-05,0.99408526378453,-1.46092564454867
1.158,0.382721180373457,-0.313400596974159,0.0806937255287153,-0.331153194571656,0.0791991627618346,0.00203961798014377,0.00195278331365748,8.68346664862907e-05,0.994090657063672,-1.46093621345619
1.16,0.343448208424539,-0.37460601677819,0.0807799935404577,-0.386525187879605,0.0792868169808684,0.000965829449626929,0.000879342975396777,8.64864742301519e-05,0.994096066283138,-1.46094680282202
1.162,0.361227034372998,-0.342339984695638,0.0808664729239643,-0.357183364975392,0.0793746505676636,0.00144842535042945,0.00136228235363101,8.61429967984328e-05,0.994101491276206,-1.46095741229474
1.164,0.27737870312642,-0.476165984969911,0.0809531615440755,-0.478345925244811,0.0794626612036085,0.000115155393038107,2.93511674620821e-05,8.5804225576025e-05,0.994106931876441,-1.46096804152346
1.166,0.264024471269702,-0.494255256742149,0.0810400572501633,-0.49454007086362,0.0795508465549732,8.59706395156209e-05,5.00487577016174e-07,8.54701519386047e-05,0.994112387917704,-1.46097869015787
1.168,0.246777992274875,-0.518609948137922,0.0811271578760742,-0.51639992203139,0.07963920427287,0.000115242988999991,3.01022217431387e-05,8.51407672568527e-05,0.99411785923415,-1.46098935784824
1.17,0.253799651259524,-0.503244662822113,0.0812144612400728,-0.502236492833332,0.0797277319932162,9.10736105765979e-05,6.25754767537055e-06,8.48160629012273e-05,0.994123345660232,-1.4610000442454
1.172,0.190003732430947,-0.603499749886919,0.0813019651447866,-0.59291050081983,0.0798164273366962,0.000774099261885385,0.000689603231638757,8.4496030246628e-05,0.994128847030701,-1.46101074900078
1.174,0.0812274881552854,-0.776644986372732,0.081389667377152,-0.749615644864438,0.0799052879087263,0.00457237508335767,0.00448819442268106,8.41806606766138e-05,0.994134363180611,-1.46102147176642
1.176,0.133962082496885,-0.685536875232135,0.0814775657083612,-0.666534641446433,0.0799943112994196,0.00229972461495212,0.0022158546693635,8.38699455886216e-05,0.994139893945317,-1.46103221219493
1.178,0.165300904630671,-0.629759210636526,0.0815656578938102,-0.615560383312359,0.0800834950835524,0.00131941915291601,0.00123585527651839,8.35638763976299e-05,0.994145439160481,-1.46104296993956
1.18,0.15366511520357,-0.644318085537879,0.0816539416730485,-0.628436561504342,0.0801728368205317,0.00162772435574785,0.00154446191120658,8.32624445412655e-05,0.994150998662071,-1.46105374465418
1.182,0.148754778751397,-0.647846133801185,0.081742414769729,-0.631291863459276,0.0802623340543643,0.001759230450427,0.00167626480894275,8.2965641484245e-05,0.994156572286364,-1.46106453599327
1.184,0.181181037813503,-0.590507983217281,0.0818310748915599,-0.57890068264837,0.0803519843136262,0.000905890229830284,0.000823216771107802,8.2673458722482e-05,0.994162159869946,-1.46107534361195
1.186,0.110020828087299,-0.702243466290024,0.0819199197302573,-0.680024144609492,0.0804417851114336,0.00309568385956676,0.0030132979717789,8.23858877878614e-05,0.994167761249715,-1.46108616716599
1.188,0.144291813536168,-0.641675348786878,0.0820089469614994,-0.624636041920942,0.0805317339454159,0.00185226330658114,0.00177016038632857,8.21029202525692e-05,0.994173376262882,-1.46109700631179
1.19,0.191956905488293,-0.559580370976193,0.0820981542448814,-0.54973695056184,0.0806218282976884,0.000671928712345017,0.000590104164611817,8.18245477332002e-05,0.994179004746971,-1.46110786070643
1.192,0.127994550449081,-0.659681751603964,0.0821875392238723,-0.640366089630757,0.0807120656348275,0.00235132791416508,0.00226977715226943,8.15507618956435e-05,0.994184646539822,-1.46111873000763
1.194,0.245016213707457,-0.46460063767732,0.0822770995257724,-0.462788770138444,0.0808024434078469,0.000101231601296642,1.99500468377858e-05,8.12815544588563e-05,0.994190301479593,-1.46112961387379
1.196,0.27858085592821,-0.406325746418575,0.0823668327616724,-0.409629368750604,0.0808929590521745,0.000147268830419643,6.62519132201155e-05,8.10169171995279e-05,0.994195969404757,-1.46114051196398
1.198,0.198540281428453,-0.53325589579867,0.0824567365264135,-0.524802591367565,0.0809836099876315,0.000514065015522226,0.000433308173565928,8.07568419562976e-05,0.994201650154107,-1.46115142393797
1.2,0.166317288690943,-0.581758219416975,0.0825468083985494,-0.568614403532796,0.0810743936184119,0.00112693727223996,0.0010464359516062,8.05013206337524e-05,0.994207343566756,-1.46116234945618
1.202,0.174161356807178,-0.564834496935173,0.0826370459403088,-0.552921184207454,0.0811653073330642,0.000938987601200749,0.000858737255993882,8.0250345206867e-05,0.994213049482135,-1.46117328817977
1.204,0.260104779601614,-0.420930838473888,0.0827274466975602,-0.421791377279632,0.0812563485044739,8.44796111690889e-05,4.47570344397646e-06,8.00039077251125e-05,0.994218767739999,-1.46118423977056
1.206,0.164225299493938,-0.573472111936774,0.0828180081997773,-0.560314845599063,0.0813475144898472,0.0011249070191623,0.00104514501884573,7.97620003165633e-05,0.994224498180421,-1.46119520389111
1.208,0.0934000230815947,-0.684545166954616,0.0829087279600059,-0.661026978554006,0.0814388026306972,0.00341515163092288,0.00333562701573099,7.95246151918949e-05,0.994230240643799,-1.46120618020469
1.21,0.160113408735159,-0.571450586379298,0.0829996034748327,-0.557759014675223,0.0815302102528299,0.00120856904164611,0.00112927729699729,7.92917446488239e-05,0.994235994970853,-1.46121716837525
1.212,0.176934345962275,-0.540003547466066,0.0830906322243553,-0.528841382254954,0.0816217346663328,0.000828810547902657,0.000749747166827106,7.90633810755503e-05,0.994241761002626,-1.46122816806752
1.214,0.142749927352329,-0.591615730905959,0.0831818116721531,-0.575520449683435,0.0817133731655647,0.00163601934043129,0.0015571798234761,7.88395169551981e-05,0.994247538580484,-1.46123917894693
1.216,0.140773594045098,-0.590642260387794,0.0832731392652606,-0.574308634661529,0.0818051230291468,0.00168050120591557,0.00160188106104576,7.86201448698121e-05,0.994253327546115,-1.46125020067965
1.218,0.150310208960451,-0.570967452309176,0.0833646124341413,-0.556073328375323,0.0818969815199549,0.0014089154181083,0.00133051016060461,7.84052575036887e-05,0.994259127741535,-1.46126123293259
1.22,0.0871869727552031,-0.669434526643165,0.083456228592664,-0.645403932705587,0.0819889458851143,0.0035379093275059,0.00345971447985808,7.81948476478167e-05,0.99426493900908,-1.46127227537342
1.222,0.192207676698428,-0.49431466418105,0.0835479851380795,-0.485560314576018,0.0820810133559948,0.000536639328560788,0.000458650420357025,7.79889082037633e-05,0.99427076119141,-1.46128332767054
1.224,0.171306710596573,-0.524522527120073,0.0836398794510001,-0.512813216841746,0.0821731811482081,0.000897420052977759,0.000819632620790977,7.77874321867822e-05,0.994276594131512,-1.46129438949314
1.226,0.153185087117246,-0.550077775458074,0.0837319088953796,-0.535808574324635,0.0822654464616065,0.00129343574381498,0.00121584533108484,7.75904127301441e-05,0.994282437672692,-1.46130546051115
1.228,0.102482772025762,-0.628412375180229,0.0838240708184955,-0.606868549072666,0.0823578064802833,0.00284591313243763,0.00276851528934883,7.73978430888e-05,0.994288291658583,-1.46131654039526
1.23,0.0250447251863003,-0.749785780800326,0.0839163625509325,-0.717093677569715,0.0824502583725747,0.00644529801999545,0.00636808830335263,7.72097166428232e-05,0.994294155933139,-1.46132762881696
1.232,0.00900071009489238,-0.770960780047723,0.0840087814065679,-0.735933531323219,0.0825427992910629,0.00737928736592982,0.00730226133902886,7.70260269009615e-05,0.994300030340636,-1.4613387254485
1.234,-0.0281789180387576,-0.826339501459826,0.0841013246825581,-0.785933167429432,0.0826354263725816,0.00978342294771503,0.00970657618021061,7.68467675044127e-05,0.994305914725674,-1.46134982996291
1.236,-0.0479477442729481,-0.853220941774009,0.0841939896593274,-0.809919576888489,0.0827281367382228,0.0112117197458318,0.0111350478136014,7.66719322303766e-05,0.994311808933173,-1.46136094203403
1.238,-0.115214246375327,-0.957034061829403,0.0842867736005579,-0.904028834651905,0.0828209274933449,0.0167431384505417,0.0166666369355466,7.65015149951642e-05,0.994317712808374,-1.46137206133645
1.24,-0.145048980278587,-0.999671157941414,0.0843796737531818,-0.942288343347245,0.0829137957275829,0.0195880689895377,0.0195117334796796,7.63355098580831e-05,0.994323626196838,-1.4613831875456
1.242,-0.0856448645534728,-0.897407940377112,0.0844726873473743,-0.84836660804732,0.0830067385148604,0.0143118538225141,0.0142356799114897,7.61739110244353e-05,0.994329548944445,-1.46139432033769
1.244,-0.121932861204835,-0.9507615898731,0.0845658115965495,-0.896452571391764,0.0830997529134029,0.0175149168589124,0.0174389001460633,7.60167128490696e-05,0.994335480897394,-1.46140545938972
1.246,-0.0613972209607099,-0.846918788128563,0.084659043697357,-0.801090868193092,0.083192835965753,0.0124797262374121,0.0124038623275727,7.58639098393799e-05,0.994341421902201,-1.46141660437953
1.248,-0.13397843614226,-0.959307206253529,0.0847523808296806,-0.903091510413598,0.0832859846987874,0.0187194658422594,0.0186437503456007,7.57154966587459e-05,0.994347371805699,-1.46142775498575
1.25,-0.0802536198965791,-0.866508443559439,0.0848458201566395,-0.817767462860948,0.0833791961237359,0.0140755728533761,0.0140000013852462,7.55714681298647e-05,0.994353330455034,-1.46143891088783
1.252,-0.135257080208935,-0.950301901065688,0.0849393588245899,-0.893680676273376,0.0834724672362017,0.0189475020899954,0.018872070270758,7.54318192374148e-05,0.994359297697668,-1.46145007176604
1.254,-0.116803465679954,-0.914722138735447,0.0850329939631295,-0.860566589915753,0.0835657950161838,0.0173205053239376,0.0172452087788062,7.52965451313869e-05,0.994365273381375,-1.46146123730147
1.256,-0.170371262158729,-0.995963831161975,0.0851267226851036,-0.934133387829956,0.0836591764281012,0.0225299460088403,0.0224547803677101,7.51656411301926e-05,0.99437125735424,-1.46147240717606
1.258,-0.165109373647399,-0.981574062093205,0.0852205420866125,-0.920321002426123,0.083752608420819,0.0220881431426265,0.0220131040399032,7.50391027233288e-05,0.994377249464659,-1.46148358107255
1.26,-0.145982585858607,-0.944802051443796,0.085314449247022,-0.886071878132461,0.0838460879276763,0.0202897415398229,0.0202148246142483,7.49169255745974e-05,0.994383249561335,-1.46149475867453
1.262,-0.135941675137338,-0.922907272351972,0.0854084412289741,-0.865431183199044,0.0839396118665156,0.0194142272509168,0.0193394281453921,7.47991055246588e-05,0.994389257493278,-1.46150593966642
1.264,-0.123056105399999,-0.896508990415085,0.0855025150784011,-0.840686061416207,0.0840331771397151,0.018297537908825,0.018222852270231,7.46856385940298e-05,0.994395273109804,-1.46151712373349
1.266,-0.180575231071254,-0.984179869186283,0.0855966678245409,-0.920183961854512,0.0841267806342218,0.0239976815863119,0.0239231050653262,7.45765209857474e-05,0.994401296260531,-1.46152831056185
1.268,-0.16514734208225,-0.95342500057531,0.0856908964799542,-0.891400756919444,0.0842204192215871,0.0225214699665831,0.022446998217495,7.44717490880342e-05,0.994407326795379,-1.46153949983844
1.27,-0.226156976143757,-1.04648286530796,0.0857851980405439,-0.975800434698279,0.0843140897580045,0.029193648951329,0.0291192776318521,7.43713194768514e-05,0.994413364564568,-1.46155069125108
1.272,-0.265784160353651,-1.10454801684604,0.0858795694855767,-1.02815466226004,0.0844077890843488,0.0340517663822917,0.0339774911533729,7.42752289187854e-05,0.994419409418616,-1.46156188448841
1.274,-0.292536207483834,-1.14154114595888,0.0859740077777059,-1.06120635279798,0.0845015140262177,0.0376069166749204,0.0375327332005473,7.41834743730463e-05,0.994425461208336,-1.46157307923994
1.276,-0.233527320121937,-1.03968712464739,0.0860685098629969,-0.967266470578844,0.0845952613939751,0.030542563231435,0.0304684671784404,7.40960529945767e-05,0.994431519784834,-1.46158427519605
1.278,-0.221421655893558,-1.01411997508569,0.0861630726709547,-0.943151373997479,0.0846890279827969,0.0293008161870632,0.0292268032249276,7.40129621356056e-05,0.994437584999509,-1.46159547204795
1.28,-0.162902679992668,-0.91363234834639,0.0862576931145531,-0.850517206848906,0.084782810572718,0.0231647504640339,0.0230908162646851,7.39341993487574e-05,0.994443656704047,-1.46160666948773
1.282,-0.173136830097432,-0.924722049876366,0.0863523680902659,-0.860013428934203,0.0848766059286823,0.0243187398788187,0.0242448801164297,7.38597623890502e-05,0.994449734750422,-1.46161786720835
1.284,-0.22878224947435,-1.00916176399265,0.086447094478101,-0.936614390201335,0.0849704108005942,0.0305150755928967,0.0304412859436808,7.3789649215894e-05,0.994455818990892,-1.4616290649036
1.286,-0.221247358373621,-0.991143796078266,0.0865418691416355,-0.919404089184204,0.0850642219233726,0.0298083805986711,0.0297346567406756,7.37238579955335e-05,0.994461909277997,-1.46164026226819
1.288,-0.169409154196593,-0.901626895779725,0.0866366889280536,-0.83676177698484,0.0851580360170063,0.0243560056318263,0.0242823432447234,7.36623871029352e-05,0.994468005464556,-1.46165145899767
1.29,-0.266553501621041,-1.05317798059574,0.0867315506681864,-0.974835887016068,0.0852518497866123,0.0354556754227458,0.0353820701876215,7.3605235124341e-05,0.994474107403666,-1.46166265478844
1.292,-0.236340898515335,-0.998370908006957,0.086826451176554,-0.923898402574373,0.0853456599224963,0.0320117117420053,0.031938159341147,7.35524008582678e-05,0.994480214948696,-1.46167384933783
1.294,-0.195201960206988,-0.926157795044579,0.0869213872514093,-0.857050902230821,0.0854394631002144,0.0275452388923269,0.0274717350090083,7.35038833185042e-05,0.994486327953288,-1.46168504234399
1.296,-0.243532344362066,-0.998729616624891,0.087016355674785,-0.922831066625275,0.085533255980638,0.0331740753497477,0.0331006156680126,7.34596817351107e-05,0.994492446271351,-1.46169623350598
1.298,-0.220181129906277,-0.95526434698076,0.0871113532125414,-0.882288991117603,0.0856270352100203,0.0306400587407759,0.0305666389452191,7.34197955567506e-05,0.994498569757061,-1.46170742252372
1.3,-0.19276997674122,-0.905435623252221,0.0872063766144176,-0.835939138880218,0.0857207974200657,0.0277649449082703,0.027691560683818,7.33842244522442e-05,0.994504698264855,-1.46171860909802
1.302,-0.227465425501315,-0.956066743552294,0.0873014226140842,-0.881651423342124,0.0858145392280005,0.0317889866668675,0.0317156336985554,7.33529683121237e-05,0.994510831649431,-1.46172979293056
1.304,-0.266967320848438,-1.01424261663116,0.0873964879291986,-0.934245651129656,0.0859082572366464,0.0366852920288658,0.0366119660016152,7.33260272505198e-05,0.994516969765744,-1.46174097372391
1.306,-0.222576109571938,-0.93680835518704,0.0874915692614626,-0.862529688278137,0.0860019480344966,0.0316038863156904,0.0315305829140839,7.33034016064948e-05,0.994523112469001,-1.46175215118151
1.308,-0.238784460938866,-0.957475107717218,0.0875866632966819,-0.880767029544454,0.0860956081957934,0.0336636117209413,0.0335903266289959,7.32850919453742e-05,0.994529259614659,-1.46176332500769
1.31,-0.313191942940788,-1.07194015648257,0.0876817667048281,-0.984971262937657,0.0861892342806085,0.0432041792038646,0.0431309081048039,7.32710990606344e-05,0.994535411058423,-1.46177449490768
1.312,-0.359364294588154,-1.14038686264182,0.0877768761401033,-1.04691993864506,0.0862828228349261,0.0498361731700778,0.0497629117461028,7.32614239750129e-05,0.994541566656242,-1.46178566058756
1.314,-0.405077165413212,-1.20781103433327,0.0878719882410065,-1.10788988810562,0.0863763703907273,0.0568845087965314,0.0568112527285899,7.32560679415073e-05,0.994547726264303,-1.46179682175432
1.316,-0.408142404988885,-1.2061936186377,0.0879670996304026,-1.10550586969925,0.0864698734660777,0.0576972009672758,0.0576239459348307,7.3255032445152e-05,0.994553889739031,-1.46180797811583
1.318,-0.424204606453415,-1.2255428779905,0.0880622069155936,-1.12234868330968,0.0865633285652171,0.0605364365020345,0.0604631781828307,7.3258319203795e-05,0.994560056937085,-1.46181912938084
1.32,-0.539641868536312,-1.40500922256934,0.0881573066883927,-1.28604842254866,0.0866567321786514,0.0803370153184309,0.0802637493882614,7.32659301694305e-05,0.994566227715352,-1.46183027525899
1.322,-0.533627098434225,-1.38799184108971,0.0882523955252,-1.2693935541936,0.0867500807832474,0.07976263684179,0.0796893589742608,7.32778675291978e-05,0.994572401930946,-1.4618414154608
1.324,-0.513675375908864,-1.34859153411675,0.0883474699870808,-1.23220703880664,0.0868433708423295,0.0767328224177026,0.0766595282839965,7.32941337060478e-05,0.994578579441203,-1.46185254969768
1.326,-0.488261933986344,-1.30055897257616,0.088442526619847,-1.18711644872971,0.0869365988057787,0.0728279425585764,0.0727546278272163,7.33147313600746e-05,0.994584760103676,-1.46186367768194
1.328,-0.45452185834329,-1.23931471290109,0.0885375619541397,-1.12992277605236,0.0870297611101352,0.0676525432431957,0.0675792035798064,7.33396633892935e-05,0.994590943776135,-1.46187479912675
1.33,-0.400630458161218,-1.14586612357253,0.0886325725055154,-1.04319912628319,0.0871228541787017,0.0595352125556801,0.0594618436227498,7.33689329303067e-05,0.994597130316559,-1.46188591374617
1.332,-0.478687680145194,-1.2653349333156,0.0887275547745339,-1.1519763648028,0.0872158744216509,0.0724870123172642,0.0724136097739054,7.34025433588581e-05,0.994603319583135,-1.46189702125517
1.334,-0.486224492553685,-1.2707490635769,0.0888225052468491,-1.15597206556116,0.0873088182361342,0.0742312186249884,0.0741577781266975,7.34404982909442e-05,0.994609511434252,-1.46190812136957
1.336,-0.551496783923128,-1.36911699339128,0.0889174203933018,-1.24531180439576,0.0874016820063934,0.0862642694574456,0.0861907866558626,7.34828015830358e-05,0.994615705728498,-1.46191921380611
1.338,-0.501632775673594,-1.28171675458998,0.0890122966700152,-1.16399966350645,0.0874944621038756,0.0779128508296393,0.0778393213723065,7.35294573327439e-05,0.994621902324656,-1.46193029828237
1.34,-0.430614147006603,-1.16062127986565,0.0891071305184934,-1.05178355327454,0.087587154887349,0.0665421709215875,0.0664685904517083,7.35804698791531e-05,0.994628101081699,-1.46194137451684
1.342,-0.465012173717809,-1.20970761217272,0.0892019183657215,-1.09594821952921,0.0876797567030228,0.07261243126277,0.0725387954189666,7.36358438033768e-05,0.994634301858786,-1.4619524422289
1.344,-0.409099196939431,-1.11324965295963,0.0892966566242687,-1.00637783809398,0.087772263884669,0.0640267328221349,0.0639530372382059,7.3695583929001e-05,0.99464050451526,-1.46196350113879
1.346,-0.43771246937023,-1.15321262094677,0.0893913416923944,-1.04219408967762,0.0878646727537469,0.0690128428985363,0.0689390832032143,7.37596953219732e-05,0.994646708910639,-1.46197455096764
1.348,-0.403685669885147,-1.09222795109454,0.0894859699541555,-0.985227302004772,0.0879569796195298,0.0640455262690221,0.0639716980857309,7.3828183291158e-05,0.994652914904615,-1.46198559143744
1.35,-0.443270059276228,-1.14992529298239,0.0895805377795179,-1.03735572991598,0.0880491807792349,0.0708030284010713,0.0707291273476832,7.39010533881146e-05,0.994659122357052,-1.46199662227109
1.352,-0.444875998052251,-1.14630002757216,0.089675041524469,-1.03308880990967,0.0881412725181555,0.071536336102041,0.0714623577906334,7.3978311407541e-05,0.994665331127974,-1.46200764319234
1.354,-0.482939778690521,-1.20133578383672,0.0897694775311344,-1.08274055325896,0.0882332511097958,0.0784126506659637,0.0783385907025767,7.4059963387052e-05,0.994671541077568,-1.46201865392582
1.356,-0.337507490709006,-0.961045017190581,0.0898638421278954,-0.860867635679119,0.0883251128160085,0.0559114412439276,0.0558372952283203,7.41460156072904e-05,0.994677752066175,-1.46202965419703
1.358,-0.292112225078964,-0.882597355995355,0.0899581316295107,-0.78791804421177,0.0884168538871348,0.0498983708659769,0.0498241343913854,7.42364745914825e-05,0.994683963954289,-1.46204064373234
1.36,-0.277236264711644,-0.853544629447487,0.0900523423372396,-0.760426087343341,0.0885084705621472,0.0482189029293143,0.0481445715822085,7.43313471057716e-05,0.994690176602547,-1.462051622259
1.362,-0.358078329963263,-0.978500004141012,0.0901464705389686,-0.874572177040231,0.0885999590687951,0.059982451338655,0.0599080206984967,7.44306401582184e-05,0.994696389871729,-1.46206258950513
1.364,-0.367904254441454,-0.988792387937396,0.0902405125093397,-0.883192281252464,0.0886913156237528,0.0618615423343565,0.0617870079733573,7.45343609992455e-05,0.994702603622754,-1.46207354519968
1.366,-0.370722539419017,-0.987783902347576,0.0903344645098824,-0.881408906844371,0.0887825364327704,0.0627065501157366,0.062631907598616,7.46425171206377e-05,0.994708817716669,-1.4620844890725
1.368,-0.378459373920885,-0.994688666231708,0.0904283227891476,-0.886901955866314,0.0888736176908271,0.0643133397380386,0.0642385846217832,7.47551162554316e-05,0.99471503201465,-1.46209542085428
1.37,-0.401615063188783,-1.02634770504396,0.0905220835828444,-0.915161494850697,0.0889645555822877,0.068358614916432,0.0682837427500546,7.48721663773599e-05,0.994721246377997,-1.46210634027658
1.372,-0.398326035520617,-1.01539284982894,0.0906157431139793,-0.904192063319787,0.0890553462810616,0.0683060454516582,0.0682310517759581,7.49936757001857e-05,0.994727460668125,-1.46211724707182
1.374,-0.340611512101172,-0.917045006410844,0.0907092975929989,-0.812807661783304,0.0891459859507641,0.0599665767762468,0.0598914571235699,7.51196526769249e-05,0.994733674746562,-1.46212814097325
1.376,-0.286080916428893,-0.824210311909012,0.0908027432179338,-0.72654625620972,0.0892364707448811,0.0525971642993943,0.052521914193395,7.52501059992916e-05,0.994739888474945,-1.46213902171499
1.378,-0.258394399665682,-0.774871837038553,0.0908960761745469,-0.680364067480382,0.089326796806936,0.049206870597994,0.0491314855533971,7.53850445969206e-05,0.994746101715012,-1.462149889032
1.38,-0.222957323535706,-0.713287256517818,0.090989292636483,-0.622933458942033,0.0894169602706597,0.0449368949741713,0.044861370496535,7.55244776363684e-05,0.9947523143286,-1.4621607426601
1.382,-0.188515246633567,-0.653552235007973,0.0910823887654216,-0.567235838796309,0.0895069572601635,0.0409755633116422,0.0408998948971218,7.56684145204467e-05,0.994758526177635,-1.46217158233592
1.384,-0.198057767596511,-0.664691096353986,0.0911753607112327,-0.576816771912499,0.0895967838901139,0.0424222185451841,0.0423464016802974,7.58168648866686e-05,0.994764737124134,-1.46218240779697
1.386,-0.0867673694464111,-0.48177577768894,0.0912682046121351,-0.407718874023959,0.0896864362659112,0.0301216193819034,0.0300456495432965,7.59698386069152e-05,0.994770947030196,-1.46219321878156
1.388,-0.0894495719408061,-0.482583402702988,0.0913609165948567,-0.407891666403675,0.0897759104838704,0.0306080860833814,0.0305319587375954,7.61273457859923e-05,0.994777155757994,-1.46220401502886
1.39,-0.111070508616572,-0.51379142525231,0.0914534927747989,-0.436057236795064,0.0898652026314047,0.033112775329486,0.033036485932726,7.62893967599654e-05,0.994783363169776,-1.46221479627884
1.392,-0.231070816195599,-0.702786740933719,0.0915459292562025,-0.609522056277106,0.0899543087872123,0.0475843106646127,0.0475078546625168,7.6456002095826e-05,0.994789569127854,-1.46222556227234
1.394,-0.222326905309175,-0.684388385893464,0.0916382221323172,-0.59185933252595,0.0900432250214653,0.0467908994373117,0.0467142722647223,7.6627172589383e-05,0.994795773494603,-1.46223631275097
1.396,-0.247639632551996,-0.720721556915967,0.0917303674855727,-0.624619242973093,0.0901319473960022,0.0504181184417787,0.0503413155225146,7.68029192641517e-05,0.994801976132452,-1.46224704745721
1.398,-0.25135570307285,-0.722255967616263,0.0918223613877541,-0.625299159269817,0.0902204719645223,0.0512661627879267,0.0511891795345568,7.69832533699111e-05,0.994808176903884,-1.46225776613432
1.4,-0.217415804136422,-0.663366470626139,0.0919141999001787,-0.570306600722066,0.0903087947727838,0.0471870782762697,0.0471099100898884,7.71681863813711e-05,0.994814375671425,-1.46226846852637
1.402,-0.247162902677407,-0.70689340371383,0.0920058790738761,-0.609707521153828,0.0903969118588041,0.0514061198919364,0.0513287621619405,7.73577299958417e-05,0.99482057229764,-1.46227915437828
1.404,-0.305494586203475,-0.796105803450655,0.0920973949497709,-0.691179167291421,0.0904848192530629,0.0598490523913248,0.0597715004951923,7.75518961324551e-05,0.99482676664513,-1.46228982343572
1.406,-0.384322250639695,-0.917844619675531,0.0921887435588684,-0.802573684376776,0.0905725129787086,0.0721439705612082,0.0720662198642783,7.77506969299457e-05,0.994832958576526,-1.46230047544519
1.408,-0.39065515190591,-0.922828159760136,0.0922799209224429,-0.806296849821798,0.0906599890517671,0.0736559658086155,0.0735780116638707,7.79541447448739e-05,0.994839147954481,-1.46231111015399
1.41,-0.342024407457091,-0.839643488495144,0.0923709230522283,-0.728750992905124,0.0907472434813531,0.0666421045179932,0.0665639422658436,7.81622521496272e-05,0.994845334641667,-1.46232172731019
1.412,-0.375231506476525,-0.888031221680041,0.0924617459506123,-0.772523596412895,0.0908342722698852,0.072227193755201,0.0721488187232701,7.83750319308663e-05,0.994851518500767,-1.46233232666266
1.414,-0.359307763092833,-0.857448266894892,0.0925523856108326,-0.743469838190206,0.0909210714133029,0.0702609120788569,0.0701823195817696,7.85924970873042e-05,0.994857699394476,-1.46234290796105
1.416,-0.379893115263504,-0.885528069458292,0.0926428380171763,-0.768509840066827,0.0910076369012867,0.0739823473190925,0.0739035326582651,7.88146608273754e-05,0.994863877185485,-1.46235347095579
1.418,-0.421514173688806,-0.947228125781341,0.0927330991451817,-0.824527798472745,0.091093964717481,0.0812548593428194,0.0811758178062518,7.90415365675701e-05,0.994870051736485,-1.46236401539808
1.42,-0.400638207402242,-0.908497883229623,0.0928231649618433,-0.787909709084084,0.0911800508397201,0.0784083613010634,0.0783290881631339,7.92731379295475e-05,0.994876222910156,-1.46237454103989
1.422,-0.415878010050824,-0.927817059490339,0.0929130314258192,-0.804835748810157,0.0912658912402562,0.0814696145292367,0.081390105050498,7.9509478738693e-05,0.994882390569164,-1.46238504763395
1.424,-0.444693994184386,-0.968826544715077,0.0930026944876411,-0.841749654096991,0.0913514818859915,0.0868973219247134,0.0868175713516924,7.97505730210091e-05,0.994888554576155,-1.46239553493376
1.426,-0.377130777042113,-0.855203178215733,0.0930921500899277,-0.73603274431926,0.0914368187387115,0.076357063305595,0.0762770668705939,7.99964350011173e-05,0.994894714793748,-1.46240600269356
1.428,-0.427205122622061,-0.930560218301773,0.0931813941675998,-0.804666153834402,0.0915218977553224,0.0851257414597026,0.0850454943806031,8.02470790994825e-05,0.99490087108453,-1.46241645066835
1.43,-0.399129123564246,-0.880386708803073,0.0932704226480995,-0.757473677845387,0.0916067148880907,0.0810687341065095,0.0809882315865795,8.05025199299703e-05,0.994907023311053,-1.46242687861386
1.432,-0.446232355389585,-0.950882808106672,0.0933592314516106,-0.821610029045899,0.0916912660848856,0.0895815606379967,0.0895007978656994,8.07627722972937e-05,0.994913171335823,-1.46243728628657
1.434,-0.425126652595288,-0.911815410879356,0.0934478164912833,-0.784637380089614,0.0917755472894243,0.0866226514163915,0.0865416235651974,8.10278511941265e-05,0.994919315021302,-1.46244767344369
1.436,-0.349903402286144,-0.786191333352755,0.09353617367346,-0.667832781269084,0.0918595544415203,0.0749654110574696,0.0748841132856712,8.12977717984387e-05,0.994925454229894,-1.46245803984315
1.438,-0.313434990762358,-0.72314566596426,0.0936242988979053,-0.608825445842937,0.0919432834773335,0.0698770897518972,0.0697955172024267,8.15725494704989e-05,0.994931588823946,-1.46246838524362
1.44,-0.247541543263289,-0.613206240786464,0.093712188058038,-0.506584163055587,0.0920267303296245,0.0607370758970597,0.0606552236973095,8.18521997502097e-05,0.994937718665737,-1.46247870940447
1.442,-0.288883857131532,-0.675482617142617,0.0937998370411654,-0.563298092363783,0.0921098909280103,0.0671684345233354,0.0670862977849816,8.21367383537774e-05,0.994943843617479,-1.46248901208577
1.444,-0.288058323044375,-0.669972300780906,0.0938872417287215,-0.557426797921068,0.0921927611992238,0.0675382912207067,0.067455865039536,8.24261811707139e-05,0.994949963541305,-1.46249929304834
1.446,-0.264553373068181,-0.628158548497086,0.0939743979965065,-0.518055751286317,0.0922753370673751,0.0645823407178661,0.0644996201736052,8.27205442609502e-05,0.994956078299267,-1.46250955205364
1.448,-0.305570197013046,-0.689851284639908,0.0940613017149301,-0.574221966720678,0.0923576144542164,0.0711544324157661,0.0710714125719146,8.30198438515062e-05,0.994962187753328,-1.46251978886386
1.45,-0.275633708089987,-0.637670295752195,0.0941479487492571,-0.52526155121989,0.0924395892794088,0.0671890126173944,0.0671056885210614,8.33240963329374e-05,0.99496829176536,-1.46253000324186
1.452,-0.318631822055161,-0.702496972962378,0.0942343349598552,-0.584313754977512,0.0925212574607925,0.07419288988174,0.0741092565634837,8.36333182563376e-05,0.994974390197133,-1.46254019495121
1.454,-0.31203044289874,-0.68764696887123,0.0943204562024465,-0.569789663371623,0.092602614914659,0.0737177329154388,0.0736337853891092,8.39475263295641e-05,0.994980482910317,-1.46255036375611
1.456,-0.376815133137072,-0.787168487374209,0.0944063083283606,-0.660834389644608,0.0926836575560266,0.084614127780384,0.0845298610429699,8.42667374141293e-05,0.994986569766469,-1.46256050942145
1.458,-0.313555103114212,-0.681280464976906,0.094491887184791,-0.562221745111195,0.0927643812989184,0.0750909179579529,0.0750063269894315,8.45909685214252e-05,0.99499265062703,-1.4625706317128
1.46,-0.258655168018606,-0.589185765423348,0.0945771886150538,-0.47639621090701,0.0928447820566422,0.0673394231157886,0.0672545028789798,8.49202368088386e-05,0.994998725353321,-1.46258073039635
1.462,-0.294499412064997,-0.64273681307352,0.0946622084588496,-0.525065057934226,0.0929248557420747,0.0732223711713295,0.0731371166117532,8.52545595763088e-05,0.995004793806537,-1.46259080523896
1.464,-0.284851107063923,-0.623249409495993,0.0947469425525271,-0.506276270054578,0.093004598267946,0.0722922266020393,0.0722066326477765,8.55939542627748e-05,0.995010855847739,-1.46260085600813
1.466,-0.279196376214438,-0.610232174347159,0.0948313867293499,-0.493468260777042,0.0930840055471291,0.0719704272265311,0.0718844887880895,8.5938438441624e-05,0.995016911337852,-1.46261088247198
1.468,-0.281728341035364,-0.610372654251664,0.0949155368197661,-0.492811707601139,0.0931630734929302,0.0728908922096957,0.0728046041798784,8.62880298172497e-05,0.995022960137656,-1.46262088439929
1.47,-0.242288642619783,-0.543325292810852,0.09499938865168,-0.430121401771672,0.0932417980193825,0.0675350817745913,0.0674484390283703,8.66427462210551e-05,0.995029002107785,-1.46263086155943
1.472,-0.233483396112096,-0.525575022202203,0.0950829380507263,-0.412979983494881,0.0933201750415419,0.0667532363243203,0.0666662337187134,8.70026056069007e-05,0.995035037108715,-1.46264081372239
1.474,-0.174207886924001,-0.427106596841453,0.0951661808405476,-0.321318528135901,0.0933982004757862,0.058885122151899,0.0587977545258513,8.7367626047663e-05,0.995041065000765,-1.46265074065879
1.476,-0.136228419037689,-0.363105732085179,0.0952491128430736,-0.261534229212575,0.0934758702401156,0.0542445162347677,0.0541567784090374,8.77378257302386e-05,0.99504708564409,-1.46266064213982
1.478,-0.126972994271126,-0.345328507767671,0.0953317298788031,-0.24446395801873,0.0935531802544564,0.0534473536825064,0.0533592404595545,8.811322295188e-05,0.99505309889867,-1.46267051793728
1.48,-0.0797125114942639,-0.266792242576586,0.0954140277670889,-0.171297790431,0.0936301264409675,0.0478759659929672,0.0477874721568521,8.84938361150889e-05,0.995059104624314,-1.46268036782356
1.482,-0.045033611888866,-0.208697685871159,0.0954960023264246,-0.117049440197253,0.0937067047243482,0.0440666417391117,0.0439777620553876,8.88796837240635e-05,0.995065102680647,-1.46269019157161
1.484,-0.000115071595085184,-0.134441367079575,0.0955776493747345,-0.047907742347642,0.0937829110321497,0.0392619657514223,0.0391726949670431,8.92707843792584e-05,0.995071092927108,-1.46269998895498
1.486,-0.0213679257705055,-0.166375762985951,0.0956589647296651,-0.0768666486247805,0.0938587412950879,0.0419669840207126,0.0418773168639392,8.96671567733875e-05,0.995077075222946,-1.46270975974775
1.488,-0.0133760681913127,-0.151383678498344,0.0957399442088799,-0.062470733557837,0.0939341914473596,0.0413764506079705,0.0412863817882839,9.00688196865396e-05,0.995083049427209,-1.46271950372458
1.49,0.0140632859500427,-0.105327844560331,0.0958205836303565,-0.0193948175866314,0.0940092574269601,0.0386233506978024,0.038532874905821,9.04757919814037e-05,0.995089015398746,-1.46272922066067
1.492,-0.0203220999216962,-0.15838931823208,0.0959008788126853,-0.0678765635178633,0.0940839351760037,0.0428045674007816,0.0427136793081834,9.08880925981626e-05,0.995094972996197,-1.46273891033177
1.494,-0.0820008056537731,-0.254920956383402,0.0959808255753718,-0.156470305342894,0.0941582206410466,0.050583321370738,0.0504920156301877,9.13057405502737e-05,0.995100922077991,-1.46274857251415
1.496,-0.0503309896830896,-0.20170011834518,0.0960604197391402,-0.106708643948087,0.0942321097734113,0.0470589408108172,0.0469672120558984,9.17287549188073e-05,0.995106862502336,-1.46275820698461
1.498,-0.0589093396927996,-0.213090610149649,0.0961396571262401,-0.116644993879795,0.0943055985295143,0.0484684317106109,0.0483762745557632,9.21571548476718e-05,0.99511279412722,-1.46276781352048
1.5,-0.0561704739068206,-0.206327927419061,0.0962185335607552,-0.109807562586501,0.0943786828711952,0.0485041624242403,0.0484115714647019,9.25909595383967e-05,0.995118716810401,-1.46277739189957
1.502,-0.00628563851361497,-0.124150589993964,0.0962970448689142,-0.0333238411226267,0.0944513587660483,0.0429266307507896,0.0428336005625446,9.30301882450246e-05,0.995124630409406,-1.46278694190022
1.504,0.00777782051437646,-0.0996105096824628,0.0963751868794042,-0.0101156852791262,0.0945236221877564,0.0416463052843813,0.0415528304241124,9.3474860268894e-05,0.995130534781522,-1.46279646330126
1.506,0.0112370235473477,-0.0921338487861752,0.0964529554236864,-0.00267847472328418,0.0945954691164265,0.0415766556877574,0.0414827306928047,9.39249949527543e-05,0.995136429783795,-1.462805955882
1.508,-0.0221596180354443,-0.143659957307763,0.0965303463363137,-0.049735127772275,0.0946668955389281,0.0457892006247261,0.0456948200130501,9.43806116759927e-05,0.995142315273021,-1.46281541942221
1.51,-0.10568274932423,-0.275194903801961,0.0966073554552512,-0.170651168976888,0.0947378974492328,0.0566608891062191,0.0565660473763701,9.48417298489712e-05,0.995148191105744,-1.46282485370217
1.512,-0.0938955942953468,-0.253719203447517,0.0966839786221978,-0.150176660307999,0.0948084708487564,0.0555391284959856,0.0554438201270787,9.53083689069212e-05,0.995154057138253,-1.46283425850259
1.514,-0.126453657981354,-0.303282868809839,0.0967602116829111,-0.19531972624128,0.0948786117467034,0.0603273568881567,0.0602315763398519,9.57805483048357e-05,0.995159913226571,-1.46284363360463
1.516,-0.200564988120705,-0.419147227486835,0.0968360504875339,-0.301662217171611,0.0949483161604123,0.0713647971182294,0.0712685388307176,9.62582875118079e-05,0.995165759226456,-1.46285297878992
1.518,-0.135927331187165,-0.312561007789939,0.0969114908909227,-0.202495490558655,0.0950175801157041,0.062599226977039,0.0625024853710345,9.67416060044801e-05,0.995171594993395,-1.46286229384051
1.52,-0.141762404295387,-0.319143130032187,0.0969865287529785,-0.207901333835282,0.0950863996472316,0.0638933957238533,0.0637961652005913,9.72305232619375e-05,0.995177420382598,-1.46287157853887
1.522,-0.125237155920913,-0.289922058613403,0.0970611599389797,-0.180236154840591,0.0951547707988317,0.062074098996709,0.0619763739379494,9.77250587596012e-05,0.995183235248994,-1.4628808326679
1.524,-0.164199434429043,-0.349599379819032,0.097135380319917,-0.234682943066437,0.0952226896238783,0.0680744219196141,0.0679761966876516,9.82252319625676e-05,0.995189039447228,-1.46289005601092
1.526,-0.156189414763409,-0.333889387223982,0.0972091857728299,-0.21947298690606,0.0952901521856379,0.0674334821850374,0.0673347511227171,9.87310623202786e-05,0.995194832831654,-1.46289924835163
1.528,-0.0526090784271694,-0.16531282089865,0.0972825721811462,-0.0631020410541344,0.0953571545576264,0.0537935645952599,0.0536943220259999,9.92425692599719e-05,0.995200615256333,-1.46290840947414
1.53,-0.142466864684259,-0.306910978336979,0.0973555354350221,-0.193260185881642,0.0954236928239678,0.0664365251549104,0.0663367653827298,9.97597721805743e-05,0.995206386575028,-1.46291753916294
1.532,-0.152582700427432,-0.320369438066098,0.0974280714316853,-0.205003083065408,0.095489763079755,0.0684039844396775,0.0683037017492315,0.000100282690446041,0.995212146641198,-1.46292663720289
1.534,-0.0913294408394007,-0.219571885170004,0.0975001760757795,-0.111229615497857,0.095555361431411,0.0602958174969533,0.0601950061535741,0.000100811343379248,0.995217895307996,-1.46293570337923
1.536,-0.0550347648393795,-0.159096317834183,0.0975718452797108,-0.054746729108353,0.095620483997053,0.0559004168656708,0.0557990711154154,0.000101345750255444,0.995223632428266,-1.46294473747755
1.538,-0.0321582770712454,-0.120323868587229,0.097643074963996,-0.0183376937218137,0.0956851269068574,0.0533631124305586,0.0532612265002629,0.000101885930295698,0.995229357854534,-1.46295373928379
1.54,-0.0203261500210001,-0.0993738855826704,0.0977138610576127,0.00159401475731351,0.0957492863034264,0.0522675842603906,0.0521651523577303,0.000102431902660349,0.995235071439009,-1.46296270858424
1.542,0.00386041029172894,-0.0587327891107194,0.097784199498351,0.0396964965222726,0.0958129583421556,0.0496422973993108,0.0495393137128688,0.000102983686442015,0.995240773033578,-1.46297164516551
1.544,0.0788812652889113,0.0631072475175173,0.0978540862331672,0.152746818975576,0.095876139191604,0.0411608598066952,0.0410573185060359,0.00010354130065926,0.995246462489798,-1.46298054881453
1.546,0.0693324626442825,0.0491325202157924,0.0979235172185387,0.140332466618695,0.0959388250338644,0.0425731176231832,0.0424690128589337,0.000104104764249491,0.9952521396589,-1.46298941931857
1.548,0.135989986079894,0.157177482100069,0.0979924884208213,0.240580754977273,0.0960010120649356,0.0355977309554656,0.0354930568594038,0.000104674096061852,0.995257804391779,-1.46299825646519
1.55,0.203331887566007,0.265901584483564,0.0980609958166074,0.34139154656417,0.0960626964950956,0.0291623393814713,0.0290570900666205,0.000105249314850786,0.99526345653899,-1.46300706004223
1.552,0.221217233170543,0.295045756670658,0.0981290353930862,0.368671621810338,0.0961238745492764,0.0277264424011193,0.0276206119618508,0.000105830439268484,0.995269095950751,-1.46301582983785
1.554,0.218419317024562,0.290970598382789,0.0981966031484052,0.365269359382046,0.0961845424674393,0.0282148535693066,0.0281084360814484,0.000106417487858113,0.995274722476932,-1.46302456564047
1.556,0.243601069361076,0.33169800187753,0.0982636950920334,0.403227614085799,0.0962446965049522,0.026141475282519,0.0260344648034725,0.000107010479046488,0.995280335967056,-1.46303326723878
1.558,0.235427006497948,0.318872984962492,0.0983303072451262,0.391730325269873,0.096304332932967,0.0270992470319064,0.0269916376007697,0.000107609431136635,0.995285936270295,-1.46304193442174
1.56,0.257966064609688,0.355263759498036,0.0983964356408906,0.425668749761953,0.0963634480387991,0.0252964369934176,0.0251882226311168,0.000108214362300796,0.995291523235467,-1.46305056697856
1.562,0.266798901364442,0.369571076478675,0.0984620763249535,0.439203370261427,0.0964220381263065,0.0247307737524634,0.0246219484618905,0.000108825290572878,0.99529709671103,-1.46305916469868
1.564,0.340180975626177,0.487162270613672,0.09852722535573,0.548052671622662,0.0964800995162711,0.0189247540506982,0.0188153118168571,0.000109442233841128,0.995302656545082,-1.4630677273718
1.566,0.315144486025958,0.446724388113274,0.0985918788047935,0.510988240850952,0.0965376285467803,0.021054197823779,0.0209441326139387,0.00011006520984036,0.995308202585359,-1.46307625478782
1.568,0.232184748377969,0.313704818201175,0.0986560327572471,0.388513833623597,0.096594621573609,0.0284738294244537,0.0283631351883091,0.000110694236144515,0.995313734679228,-1.46308474673687
1.57,0.201458869851495,0.264838514788508,0.0987196833120963,0.343779155824489,0.0966510749706034,0.0316735497410107,0.0315622204108514,0.000111329330159227,0.995319252673687,-1.46309320300929
1.572,0.241274479624896,0.329115731368831,0.0987828265826225,0.403476662250238,0.0967069851300642,0.0281003781749159,0.027988407665802,0.000111970509113823,0.995324756415363,-1.46310162339561
1.574,0.299362860422357,0.422404763362805,0.0988454586967579,0.489902906064001,0.0967623484631315,0.0231586905595071,0.0230460727694534,0.000112617790053671,0.995330245750508,-1.46311000768655
1.576,0.31158795564073,0.441884721960149,0.0989075757974618,0.508173554531928,0.0968171614001699,0.0223269858031983,0.0222137146133661,0.000113271189832176,0.995335720524996,-1.46311835567302
1.578,0.316778427263831,0.450022672502701,0.0989691740430974,0.515969068842609,0.0968714203911539,0.0220850506837607,0.0219711199586572,0.000113930725103462,0.995341180584321,-1.46312666714609
1.58,0.334780400713555,0.478647726664732,0.0990302496078097,0.542659592322699,0.096925121906054,0.0208028152204101,0.0206882188080964,0.000114596412313706,0.995346625773595,-1.46313494189701
1.582,0.331331232029015,0.472802722935333,0.0990907986819047,0.53753611599575,0.0969782624352233,0.0212595734547278,0.0211443051870343,0.00011526826769348,0.995352055937548,-1.46314317971716
1.584,0.309259417470734,0.43715077292562,0.0991508174722296,0.504924137304644,0.0970308384897841,0.0232787856884705,0.0231628393812206,0.00011594630724987,0.995357470920521,-1.46315138039809
1.586,0.327968552509337,0.46696458959387,0.099210302202553,0.532716005086364,0.0970828466020152,0.0219049355074667,0.0217883049607088,0.000116630546757923,0.995362870566466,-1.46315954373147
1.588,0.362267777195929,0.521637416973138,0.0992692491139468,0.583415546017839,0.0971342833257392,0.019340480551811,0.0192231595500579,0.000117321001753101,0.995368254718949,-1.46316766950911
1.59,0.311716330255229,0.440156421630285,0.0993276544651688,0.508522126516594,0.09718514523671,0.0236455520371874,0.023527534349665,0.000118017687522398,0.99537362322114,-1.46317575752292
1.592,0.295041229304746,0.41327044818715,0.0993855145330455,0.484025488319833,0.0972354289330004,0.025304864332791,0.0251861437136947,0.000118720619096346,0.995378975915816,-1.46318380756495
1.594,0.314020413531014,0.443618830983619,0.099442825612856,0.512319792052278,0.0972851310353895,0.0238507649913787,0.0237313351801378,0.000119429811240912,0.99538431264536,-1.46319181942733
1.596,0.354740253729827,0.508687350885077,0.0994995840187166,0.572605995180056,0.0973342481877508,0.0206508496467183,0.0205307043682693,0.000120145278448947,0.995389633251756,-1.46319979290229
1.598,0.235197055293367,0.316669084012864,0.0995557860839653,0.395843648473314,0.0973827770574395,0.0316037767887404,0.0314829097538087,0.000120867034931638,0.995394937576591,-1.46320772778213
1.6,0.234320345289339,0.315581616034945,0.099611428161548,0.395212465970349,0.0974307143356798,0.0319506350876466,0.0318290399930363,0.000121595094610294,0.995400225461053,-1.46321562385927
1.602,0.191334067067914,0.247003910954554,0.0996665066244039,0.33237483438881,0.0974780567379523,0.0366852371863513,0.0365629077152438,0.000122329471107574,0.995405496745929,-1.46322348092614
1.604,0.179051493074501,0.227906095032383,0.0997210178658523,0.315187637833172,0.0975248010043809,0.0383199712760318,0.0381969010982924,0.000123070177739382,0.995410751271603,-1.46323129877527
1.606,0.171752842044063,0.216870735321886,0.0997749582999792,0.305444795738538,0.0975709439001193,0.0394391139330437,0.0393152967055379,0.000123817227505874,0.995415988878058,-1.46323907719923
1.608,0.198050103252743,0.259738692068912,0.0998283243620244,0.345382639842029,0.097616482215737,0.036862068918463,0.0367374982853801,0.00012457063308291,0.995421209404872,-1.46324681599063
1.61,0.243775464324922,0.333591970007557,0.0998811125087691,0.413843767275847,0.0976614127676055,0.0323654146581046,0.0322400842512911,0.000125330406813506,0.995426412691221,-1.46325451494212
1.612,0.214181485474002,0.286386629309989,0.0999333192189232,0.370722096602023,0.0977057323982831,0.0357121808564909,0.0355860842957919,0.000126096560699063,0.995431598575875,-1.46326217384638
1.614,0.185638213327522,0.241047375207192,0.099984940993513,0.329352557720057,0.0977494379768994,0.0391217676438429,0.0389948985374521,0.000126869106390815,0.995436766897198,-1.46326979249609
1.616,0.162748063502896,0.204947910814511,0.10003597435627,0.29652619943296,0.0977925263995395,0.0420454831152746,0.041917835060094,0.000127648055180618,0.995441917493151,-1.46327737068396
1.618,0.169500786612355,0.216531221661426,0.100086415854016,0.307644471809983,0.097834994589627,0.0416007165535088,0.0414722831355161,0.000128433417992735,0.995447050201287,-1.46328490820269
1.62,0.198570458703666,0.263868022392526,0.100136262057055,0.351684387165988,0.0978768394983062,0.0386353256109985,0.0385061004056238,0.000129225205374728,0.995452164858754,-1.46329240484499
1.622,0.0782865668540673,0.0714237078546256,0.100185509559558,0.174885347905902,0.0979180581048237,0.0535524744843268,0.0534224510568384,0.000130023427488357,0.995457261302295,-1.46329986040356
1.624,-0.00808216532484474,-0.0658744786910952,0.100234154979952,0.0489958641894125,0.097958647416909,0.0659526813143163,0.065821853220215,0.000130828094101254,0.995462339368248,-1.46330727467104
1.626,-0.0592042877688713,-0.146100199780396,0.100282194961307,-0.0242530296517524,0.0979986044711538,0.074156409384831,0.0740247701702534,0.000131639214577595,0.995467398892544,-1.4633146474401
1.628,-0.0717140203026984,-0.16406386514853,0.100329626171722,-0.0401278896029199,0.0980379263333907,0.0766807637164662,0.0765483069185968,0.00013245679786944,0.995472439710711,-1.46332197850333
1.63,-0.149350515674978,-0.286482805068426,0.100376445304716,-0.152137263146572,0.09807661009907,0.0900384601975496,0.0899051793450419,0.000133280852507744,0.995477461657872,-1.4633292676533
1.632,-0.131835109267282,-0.255722785275414,0.100422649079608,-0.123078147476334,0.0981146528936362,0.0877368588649094,0.0876027474783161,0.000134111386593361,0.995482464568747,-1.46333651468253
1.634,-0.124004524040998,-0.24062392337814,0.100468234241911,-0.108449663948406,0.0981520518729024,0.087078025429195,0.0869430770214072,0.000134948407787827,0.995487448277652,-1.46334371938346
1.636,-0.0997323126072384,-0.199186210644825,0.100513197563711,-0.0695924557514513,0.0981888042234239,0.0836797528878268,0.0835439609645216,0.000135791923305151,0.995492412618505,-1.4633508815485
1.638,-0.044650232776729,-0.10843501340969,0.100557535844056,0.0146106578307186,0.0982249071628698,0.0754181068441445,0.0752814649042425,0.000136641939902038,0.99549735742482,-1.46335800096997
1.64,-0.122453724725134,-0.231407285789012,0.100601245909338,-0.0978617260327347,0.0982603579403937,0.0887766418930163,0.0886391434291469,0.000137498463869457,0.995502282529713,-1.46336507744012
1.642,-0.134613890081602,-0.248501909777095,0.10064432461368,-0.112855967439565,0.0982951538370023,0.0915484918946821,0.091410130393659,0.000138361501023088,0.995507187765902,-1.46337211075111
1.644,-0.183258068105454,-0.324132742528295,0.100686768839317,-0.181673203740309,0.0983292921659229,0.100920696315916,0.100781465259221,0.000139231056694999,0.995512072965711,-1.463379100695
1.646,-0.108521074456301,-0.201292944322826,0.100728575496977,-0.0679182623787998,0.0983627702729683,0.0884407988505798,0.0883006917148556,0.00014010713572421,0.995516937961066,-1.46338604706379
1.648,-0.0952313976067926,-0.177625536081247,0.100769741526265,-0.0454347246353481,0.0983955855369008,0.0868456411886886,0.0867046514462408,0.000140989742447806,0.995521782583502,-1.46339294964934
1.65,-0.0435456699375453,-0.0923547937583402,0.100810263896045,0.0336722443362981,0.0984277353697938,0.0789176588314602,0.0787757799507682,0.000141878880692059,0.995526606664164,-1.46339980824342
1.652,-0.0177460113373397,-0.0489997966547653,0.100850139604814,0.0741904631822152,0.0984592172173917,0.0753823338551687,0.0752395593014051,0.000142774553763547,0.995531410033807,-1.46340662263767
1.654,-0.0205957189375239,-0.0518511559860175,0.100889365681086,0.0722102770787506,0.0984900285594675,0.0764214839950653,0.0762778072306257,0.000143676764439604,0.995536192522801,-1.46341339262363
1.656,-0.0528995905091178,-0.102035427814799,0.100927939183766,0.026734392811592,0.0985201669101787,0.0822906534831248,0.0821460679681646,0.000144585514960216,0.99554095396113,-1.4634201179927
1.658,-0.00904838446724594,-0.0296101356913335,0.100965857202529,0.0939624929610754,0.0985496298184206,0.0757660866919846,0.075620585884966,0.000145500807018695,0.9955456941784,-1.46342679853615
1.66,0.0633761502722901,0.0884822197624276,0.101003116858194,0.203099560869722,0.0985784148681777,0.0651797369153615,0.0650333142736089,0.000146422641752575,0.995550413003834,-1.46343343404512
1.662,0.0615810788817844,0.0867863068229581,0.101039715303095,0.202111281337667,0.0986065196788724,0.0659623115375968,0.0658149605178616,0.000147351019735176,0.995555110266283,-1.4634400243106
1.664,0.0184228448508089,0.0185762053979063,0.101075649721458,0.14003157837221,0.098633941905712,0.0731203997239535,0.0729721137829872,0.000148285940966386,0.995559785794224,-1.46344656912343
1.666,-0.0397255554648521,-0.0734879767221336,0.101110917329769,0.0560955535606986,0.0986606792400322,0.0831862117583717,0.0830369843535077,0.000149227404864005,0.995564439415765,-1.46345306827432
1.668,-0.00937095988409385,-0.0228393414634406,0.101145515377145,0.10327555370187,0.0986867294096394,0.0787743572301402,0.0786241818198852,0.000150175410254971,0.995569070958645,-1.4634595215538
1.67,-0.0660903022644452,-0.112470513331988,0.101179441145699,0.0216267574375131,0.0987120901791487,0.0890134414299604,0.0888623114745937,0.000151129955366702,0.995573680250245,-1.46346592875224
1.672,-0.000574100288388182,-0.00508034930903135,0.10121269195091,0.12090944506286,0.0987367593503212,0.0785682855876597,0.0784161945498417,0.000152091037817992,0.995578267117583,-1.46347228965987
1.674,0.0462921951989329,0.0718933469161123,0.101245265141986,0.192199014377687,0.0987607347623965,0.0716302462696441,0.0714771876150334,0.000153058654610683,0.995582831387323,-1.46347860406673
1.676,-0.0345197764512535,-0.0569276573500618,0.101277158102225,0.074572842400434,0.0987840142924241,0.0855256099605948,0.0853715771584737,0.000154032802121118,0.995587372885779,-1.46348487176268
1.678,-0.102201941610367,-0.164129227030974,0.101308368249379,-0.0231195671086512,0.0988065958555907,0.0982896717229978,0.0981346582469066,0.000155013476091148,0.995591891438916,-1.46349109253744
1.68,-0.0896398301265761,-0.141736711543946,0.101338893036009,-0.00183626676618309,0.0988284774055454,0.0967237342566972,0.0965677335850772,0.000156000671620027,0.995596386872358,-1.4634972661805
1.682,-0.0214518158203906,-0.0298562242777343,0.101368729949847,0.101520790906454,0.0988496569347208,0.0852913357488115,0.0851343413656559,0.000156994383155529,0.995600859011389,-1.46350339248121
1.684,-0.00899068630930468,-0.0081434561648694,0.101397876514147,0.122100596338401,0.0988701324746523,0.083806261193717,0.0836482665892311,0.000157994604485956,0.995605307680959,-1.46350947122871
1.686,0.0280737549827461,0.0531166460774846,0.10142633028804,0.178932252180079,0.098889902096293,0.0781938010400528,0.0780347997113213,0.000159001328731478,0.995609732705691,-1.46351550221197
1.688,0.026851140360963,0.0524645320295378,0.101454088866883,0.178955830003015,0.0989089639103261,0.0790136548585279,0.0788536403101918,0.000160014548336029,0.995614133909883,-1.46352148521974
1.69,0.0944336581954907,0.162676427932199,0.10148114988261,0.280613194185184,0.0989273160674735,0.0686914009798198,0.0685303667247609,0.000161034255058867,0.995618511117513,-1.46352742004062
1.692,0.217644426144262,0.362115496863909,0.101507511004073,0.463973466103771,0.0989449567588013,0.0512668791624561,0.0511048187224895,0.000162060439966583,0.995622864152248,-1.46353330646297
1.694,0.16689608264818,0.280409237294132,0.101533169937393,0.389539283449792,0.0989618842160215,0.05881075957168,0.0586476664782551,0.000163093093424882,0.995627192837443,-1.46353914427497
1.696,0.243677729418677,0.40459699157196,0.101558124426296,0.503821921440451,0.0989780967117908,0.0486368012457267,0.0484726690406358,0.000164132205090928,0.995631496996155,-1.46354493326462
1.698,0.24841742944326,0.412153454285349,0.101582372252452,0.511164871220874,0.0989935925600045,0.0484179428165727,0.0482527650526677,0.000165177763905011,0.995635776451141,-1.46355067321968
1.7,0.327326168327526,0.539280986152124,0.101605911235813,0.628025484110209,0.0990083701160882,0.0389217796175514,0.0387555498594687,0.00016622975808267,0.995640031024868,-1.46355636392776
1.702,0.383444224732323,0.629156712319768,0.101628739234946,0.710675076849898,0.0990224277772848,0.0328610114550189,0.0326937232799114,0.000167288175107472,0.995644260539519,-1.46356200517621
1.704,0.377783857459045,0.619025204767713,0.101650854147363,0.701685650939536,0.0990357639829377,0.0337772656795219,0.033608912677799,0.00016835300172291,0.995648464816999,-1.46356759675223
1.706,0.376718191276367,0.616344166067089,0.10167225390985,0.699525606348127,0.0990483772147703,0.0341961706623535,0.0340267464384286,0.000169424223924963,0.995652643678939,-1.46357313844278
1.708,0.366801952134039,0.599389778923466,0.101692936498789,0.684303706066854,0.0990602659971619,0.0356222021670189,0.0354517003400643,0.00017050182695455,0.995656796946708,-1.46357863003463
1.71,0.399491738807556,0.651262499500206,0.101712899930485,0.73208372697716,0.0990714288974184,0.0322819219244628,0.0321103361291726,0.000171585795290197,0.995660924441416,-1.46358407131435
1.712,0.439695444027459,0.715058826858171,0.101732142261481,0.790734343228513,0.0990818645260404,0.0283190595987888,0.0281463834861476,0.000172676112641157,0.995665025983918,-1.4635894620683
1.714,0.407280958535828,0.661360556021167,0.101750661588874,0.741847750893792,0.0990915715369856,0.0320074160882074,0.0318336433262678,0.000173772761939639,0.99566910139483,-1.46359480208265
1.716,0.390001919966952,0.632311515774827,0.101768456050631,0.715549651774961,0.0991005486279282,0.0342158131319591,0.0340409374066251,0.000174875725334034,0.995673150494529,-1.46360009114335
1.718,0.429200872644596,0.694589830784815,0.101785523825896,0.772794017701074,0.0991087945405131,0.0302190334519309,0.0300430484677486,0.000175984984182365,0.995677173103163,-1.46360532903617
1.72,0.44063898206833,0.711777103483401,0.101801863135297,0.788761914574478,0.0991163080606065,0.029285905388619,0.0291088048695741,0.000177100519044959,0.995681169040657,-1.46361051554667
1.722,0.329721521407568,0.531210219760352,0.101817472241247,0.623937364045761,0.0991230880185408,0.0424024255729159,0.0422242032632379,0.000178222309678011,0.995685138126726,-1.46361565046022
1.724,0.299252581353585,0.481350565266688,0.101832349448247,0.578721488447495,0.0991291332893569,0.0467318296427002,0.0465524793076732,0.000179350335027029,0.995689080180876,-1.46362073356199
1.726,0.206762583710289,0.331442133247712,0.10184649310318,0.442119637390175,0.0991344427930396,0.0603176063825852,0.0601371218093647,0.000180484573220507,0.995692995022419,-1.46362576463697
1.728,0.218593460505633,0.350753138698768,0.101859901595601,0.460244103147878,0.0991390154947505,0.0590284877424648,0.0588468627409014,0.000181625001563379,0.995696882470475,-1.46363074346994
1.73,0.227012169054307,0.364470611288054,0.101872573358031,0.473245407198323,0.0991428504050547,0.0582551056669458,0.0580723340704145,0.000182771596531239,0.995700742343986,-1.46363566984553
1.732,0.313521166565524,0.504417109319293,0.101884506866236,0.601521643726385,0.0991459465801437,0.04645833293839,0.0462744086046258,0.00018392433376424,0.995704574461723,-1.46364054354814
1.734,0.340416599675904,0.547393791873992,0.101895700639513,0.64114305508565,0.0991483031220523,0.0433121449657808,0.04312706177772,0.000185083188060764,0.995708378642294,-1.46364536436204
1.736,0.362338014081668,0.582152939403856,0.101906153240966,0.673229083633616,0.0991499191788722,0.0408847917637373,0.0406985436303645,0.000186248133372757,0.995712154704153,-1.46365013207129
1.738,0.301529635173244,0.482909127844782,0.101915863277776,0.582975927022973,0.0991507939449591,0.0493130605087389,0.0491256413659399,0.000187419142798961,0.995715902465612,-1.46365484645981
1.74,0.352107187780186,0.564319380152511,0.101924829401475,0.6576644609905,0.0991509266611358,0.0429323720075693,0.0427437758189888,0.00018859618858047,0.995719621744847,-1.46365950731132
1.742,0.29414015602619,0.469704645747031,0.101933050308211,0.571684218219507,0.0991503166148897,0.0512028371768053,0.0510130579347104,0.000189779242094956,0.995723312359911,-1.46366411440941
1.744,0.266183880092996,0.424047337483274,0.101940524739004,0.530441157204546,0.0991489631405657,0.0557117972271266,0.0555208289532746,0.00019096827385201,0.995726974128742,-1.46366866753751
1.746,0.246147496872562,0.39139145403763,0.10194725148001,0.501094059547818,0.0991468656195528,0.0592161265335753,0.0590239632800875,0.000192163253487809,0.995730606869173,-1.46367316647889
1.748,0.169929421486416,0.267864247736069,0.101953229362768,0.388914769629392,0.099144023480467,0.0720558688601661,0.0718625047104054,0.000193364149760678,0.995734210398944,-1.46367761101668
1.75,0.226611700098541,0.360115348513089,0.101958457264453,0.473552450509154,0.0991404361993276,0.063298586303639,0.0631040153730925,0.000194570930546423,0.99573778453571,-1.46368200093389
1.752,0.256577242329458,0.408715593752295,0.101962934108115,0.518330656497712,0.0991361032997288,0.0591165182679644,0.0589207347051304,0.000195783562834007,0.995741329097054,-1.46368633601338
1.754,0.156016531924471,0.245583809839785,0.101966658862923,0.370124394759027,0.0991310243530057,0.0762530259375519,0.0760560239248306,0.000197002012721215,0.995744843900495,-1.46369061603789
1.756,0.0960740875257007,0.148927747993934,0.101969630544399,0.282618315491624,0.0991251989783948,0.0878378878899246,0.0876396616445137,0.000198226245410882,0.995748328763504,-1.46369484079006
1.758,0.131466675042915,0.207214064565213,0.101971848214646,0.336329454684257,0.0991186268431892,0.0819415461131024,0.0817420898878957,0.000199456225206673,0.995751783503509,-1.46369901005241
1.76,0.143674891536208,0.22767568987269,0.101973310982577,0.355548060756099,0.0991113076628879,0.0803753134796648,0.0801746215641548,0.000200691915509976,0.995755207937911,-1.46370312360737
1.762,0.164988516195679,0.262825148814239,0.101974018004134,0.388125341867027,0.0991032412013395,0.0771830049593958,0.0769810716805797,0.000201933278816013,0.995758601884092,-1.46370718123728
1.764,0.23145829673811,0.371095301523378,0.101973968482504,0.48723844599493,0.0990944272708809,0.0663437365798334,0.0661405563031227,0.000203180276710735,0.995761965159433,-1.46371118272438
1.766,0.252939118465682,0.405936814363256,0.101973161668332,0.519435032043992,0.0990848657324693,0.0633673534165602,0.0631629205466926,0.000204432869867599,0.995765297581317,-1.46371512785086
1.768,0.327089830049154,0.526124694505425,0.101971596859925,0.629262754605107,0.0990745564958088,0.0523646243322798,0.0521589333142346,0.00020569101804524,0.995768598967149,-1.46371901639884
1.77,0.314591688223168,0.505170693827232,0.101969273403458,0.610591412519196,0.099063499519472,0.0547014487496739,0.0544944940695896,0.000206954680084248,0.995771869134364,-1.4637228481504
1.772,0.305998626035134,0.490637691438109,0.101966190693166,0.597778935128755,0.0990516948110142,0.0564976959494361,0.0562894721355311,0.000208223813904951,0.99577510790044,-1.46372662288756
1.774,0.322103564620634,0.516271256411464,0.101962348171535,0.621504441496363,0.099039142427083,0.0545139717517275,0.0543044733752221,0.000209498376505413,0.995778315082914,-1.46373034039231
1.776,0.342459224503621,0.548705439985605,0.101957745329495,0.651392270509349,0.0990258424735216,0.0519213429747146,0.0517105646507559,0.000210778323958771,0.995781490499389,-1.46373400044664
1.778,0.339007706096742,0.542325879589999,0.101952381706591,0.645975213159604,0.0990117951054657,0.052899328830685,0.0526872652192725,0.000212063611412461,0.995784633967552,-1.46373760283252
1.78,0.393953021048757,0.630872720052514,0.101946256891167,0.72682629614766,0.0989970005274349,0.0453699349554179,0.0451565807623321,0.000213354193085769,0.995787745305188,-1.46374114733192
1.782,0.481270905814692,0.771684972541062,0.101939370520533,0.855087192590111,0.0989814589934178,0.0343326275690739,0.0341179775468053,0.000214650022268614,0.995790824330186,-1.46374463372684
1.784,0.520940961218944,0.834457743818978,0.101931722281129,0.912344242602353,0.0989651708069512,0.0299726673952367,0.0297567163439157,0.000215951051320995,0.995793870860561,-1.4637480617993
1.786,0.492265428796191,0.785826041225644,0.101923311908688,0.868380573256874,0.0989481363211928,0.0336504857603966,0.0334332285287252,0.000217257231671431,0.995796884714465,-1.46375143133137
1.788,0.494080112038607,0.786982920277991,0.101914139188386,0.869662245680029,0.0989303559389881,0.0337559702098665,0.0335374016960498,0.000218568513816741,0.995799865710198,-1.46375474210516
1.79,0.593784546520597,0.947394785542671,0.101904203954994,1.01549815176657,0.098911830112931,0.0229768875568245,0.0227570027095033,0.000219884847321161,0.995802813666228,-1.46375799390288
1.792,0.624357712092932,0.994648673503036,0.101893506093018,1.05850600050545,0.0988925593454177,0.0202311085202767,0.0200099023394599,0.00022120618081678,0.995805728401199,-1.4637611865068
1.794,0.607921342491882,0.965186071999549,0.10188204553684,1.03186943966392,0.0988725441886956,0.0220451779518508,0.0218226454898478,0.000222532462002989,0.995808609733949,-1.46376431969931
1.796,0.677947078269549,1.07660674312585,0.101869822270845,1.13304907753959,0.0988517852449042,0.0158601779211971,0.0156363142835501,0.000223863637647037,0.995811457483527,-1.46376739326289
1.798,0.686048373805237,1.08672199852146,0.101856836329549,1.14226126942783,0.098830283166111,0.015367092549372,0.0151418928957872,0.000225199653584807,0.995814271469202,-1.46377040698018
1.8,0.643083623685701,1.01361214522284,0.10184308779772,1.07600834509069,0.0988080386543405,0.0193406788912983,0.0191141384365776,0.000226540454720703,0.995817051510482,-1.46377336063396
1.802,0.737366389078426,1.16440353027113,0.101828576810491,1.21277108236048,0.0987850524615969,0.0117149369111695,0.0114870509261396,0.000227885985029874,0.995819797427131,-1.46377625400715
1.804,0.743803184448035,1.17141130724558,0.101813303553468,1.21910029186792,0.0987613253898804,0.0113979104910872,0.0111686743035287,0.000229236187558546,0.99582250903918,-1.46377908688288
1.806,0.774469951875965,1.21787774295527,0.101797268262832,1.26117232032674,0.0987368582911971,0.00943722523813841,0.0092066342337125,0.000230591004425906,0.995825186166943,-1.46378185904448
1.808,0.745192912763071,1.16641466794144,0.101780471225436,1.21449818678324,0.0987116520675623,0.0115898501604154,0.0113578997835897,0.000231950376825774,0.995827828631038,-1.46378457027546
1.81,0.783138571910725,1.22478260806898,0.101762912778895,1.26732965036047,0.0986857076709978,0.00912776684234806,0.00889445259731936,0.000233314245028704,0.995830436252397,-1.46378722035961
1.812,0.765141213029501,1.19165032823372,0.101744593311669,1.23726712592859,0.098659026103522,0.0104607405835273,0.0102260580351431,0.000234682548384213,0.995833008852286,-1.46378980908095
1.814,0.73947296713739,1.14613579867025,0.101725513263143,1.19602559109882,0.098631608417134,0.0124699152901393,0.0122338600648161,0.000236055225323217,0.995835546252319,-1.46379233622377
1.816,0.786444049033632,1.21934486242811,0.101705673123697,1.26226051767609,0.0986034557137913,0.00929176226594329,0.00905433005258237,0.000237432213360922,0.995838048274475,-1.46379480157265
1.818,0.811213465707416,1.25600059048309,0.101685073434772,1.29535845464397,0.0985745691453804,0.00785567115978057,0.00761685771068064,0.000238813449099928,0.995840514741117,-1.4637972049125
1.82,0.799142095772224,1.23234632475348,0.101663714788928,1.27387223712541,0.0985449499136811,0.00872110772495498,0.00848090885672163,0.000240198868233343,0.995842945475005,-1.46379954602855
1.822,0.812256161422756,1.24991443081567,0.101641597829901,1.28968264369073,0.0985145992703249,0.00802142849583563,0.0077798400902873,0.000241588405548332,0.995845340299315,-1.46380182470637
1.824,0.812141142023031,1.24579235368128,0.101618723252644,1.28586690442898,0.0984835185167453,0.0081449195819521,0.00790193758702177,0.000242981994930336,0.995847699037658,-1.46380404073194
1.826,0.750388769988939,1.14097527883299,0.101595091803373,1.19104221530492,0.0984517090041234,0.0125810883767958,0.0123367088074293,0.000244379569366515,0.995850021514095,-1.46380619389159
1.828,0.738992074987442,1.118888202938,0.101570704279594,1.17106790018696,0.0984191721333253,0.0136488623150651,0.0134030812541142,0.000245781060950856,0.995852307553152,-1.4638082839721
1.83,0.72745301628392,1.09665531122472,0.101545561530138,1.15098124147704,0.098385909354834,0.0147791199157976,0.0145319335149096,0.000247186400887944,0.995854556979846,-1.46381031076068
1.832,0.831852880663528,1.26407364752521,0.101519664455176,1.30220146327285,0.0983519221686739,0.00740844155271624,0.00715984603321761,0.000248595519498629,0.995856769619693,-1.46381227404501
1.834,0.775316702413584,1.16757493845689,0.101493014006236,1.21496428369554,0.0983172121243293,0.0113135779137304,0.0110635695675058,0.000250008346224684,0.995858945298733,-1.46381417361324
1.836,0.811676622604721,1.22344242416406,0.10146561118621,1.26535934789116,0.098281780820656,0.00890967105780979,0.00865824624817565,0.000251424809634138,0.995861083843545,-1.46381600925405
1.838,0.894622603528752,1.35529061071244,0.101437457049357,1.38427466689511,0.0982456299057863,0.00439369939567654,0.00414085455824916,0.00025284483742738,0.995863185081267,-1.46381778075664
1.84,0.889436066657016,1.34232547687965,0.101408552701295,1.3724051675334,0.0982087610770279,0.00471537033316922,0.00446110197672629,0.000254268356442933,0.995865248839613,-1.46381948791077
1.842,0.909134191825328,1.37014542622235,0.101378899298991,1.39733642259574,0.0981711760807549,0.0039021655586167,0.00364647026595337,0.000255695292663338,0.995867274946893,-1.46382113050679
1.844,0.94484928251963,1.42406430931357,0.10134849805074,1.4457769729699,0.0981328767122938,0.00258296054717224,0.00232583497595031,0.000257125571221928,0.995869263232029,-1.46382270833566
1.846,0.900586324200634,1.34674955941656,0.101317350216145,1.37584507871699,0.0980938648158019,0.00443627024661358,0.00417771113020388,0.000258559116409707,0.995871213524579,-1.46382422118898
1.848,0.958761364531732,1.43758114409127,0.101285457106078,1.45754671813951,0.0980541422841395,0.00222782103836389,0.0019678251866821,0.000259995851681794,0.995873125654752,-1.46382566885899
1.85,0.956497189944724,1.42897070999829,0.101252820082647,1.44954949639238,0.0980137110587352,0.00235266856166317,0.00209123286199787,0.000261435699665302,0.995874999453429,-1.46382705113864
1.852,0.920163393903242,1.36454644405426,0.101219440559147,1.3912745291011,0.0979725731294452,0.0037917981569251,0.00352891957475876,0.000262878582166337,0.99587683475218,-1.46382836782158
1.854,0.927035659926383,1.37122968200657,0.10118532000001,1.39710457335595,0.0979307305344054,0.00357266006778986,0.00330833564761154,0.000264324420178319,0.995878631383289,-1.46382961870222
1.856,0.980838496451063,1.45483674232012,0.101150459920745,1.47219411378268,0.0978881853598775,0.00175503153333373,0.00148925839944419,0.000265773133889535,0.995880389179768,-1.46383080357573
1.858,0.928506080876844,1.36397549277654,0.101114861887874,1.39013948523941,0.0978449397400881,0.00365225869612424,0.00338503405343267,0.000267224642691577,0.995882107975378,-1.46383192223807
1.86,0.910341558496951,1.32956275356632,0.101078527518856,1.35897331557668,0.097800995857062,0.00454743706931713,0.00427875820412891,0.000268678865188221,0.995883787604654,-1.46383297448605
1.862,0.912121559283473,1.3280234692264,0.101041458482011,1.35741710252377,0.097756355940448,0.00454553757602633,0.00427540185682268,0.000270135719203646,0.995885427902917,-1.46383396011732
1.864,1.0205427559358,1.50153941343912,0.101003656496431,1.51333257754583,0.0977110222673395,0.000960078709773418,0.000688483587981217,0.000271595121792201,0.995887028706302,-1.46383487893042
1.866,1.0205903839266,1.49633873365621,0.100965123331892,1.50835659918147,0.0976649971620871,0.000988299476043946,0.000715242486796657,0.000273056989247289,0.995888589851773,-1.46383573072481
1.868,1.05811022656048,1.55269518600983,0.100925860808746,1.55872917891531,0.0976182829961066,0.000454896564562659,0.000180375327451634,0.000274521237111025,0.995890111177147,-1.46383651530089
1.87,1.06183254074168,1.55326975141181,0.100885870797824,1.55890498165741,0.0975708821876788,0.00043337265315905,0.000157384872974822,0.000275987780184228,0.995891592521111,-1.46383723246005
1.872,1.0720719322878,1.5645407437492,0.100845155220315,1.56869000166873,0.0975227972017445,0.000362816812091374,8.53602795550718e-05,0.000277456532536302,0.995893033723249,-1.46383788200468
1.874,1.07883172923838,1.57003230937065,0.100803716047649,1.57326942995558,0.0974740305496919,0.000330904408424892,5.19770009092197e-05,0.000278927407515672,0.995894434624054,-1.46383846373821
1.876,1.06235352703124,1.53728466008076,0.100761555301369,1.54349548494141,0.0974245847891384,0.000471814321515933,0.000191414003755157,0.000280400317760776,0.995895795064958,-1.46383897746515
1.878,1.15197674293525,1.67915398378497,0.100718675052996,1.67054730194329,0.0973744625237064,0.00064960723823049,0.000367732063020657,0.000281875175209834,0.995897114888347,-1.46383942299109
1.88,1.13038370348052,1.63743798104113,0.100675077423892,1.63265161296953,0.0973236664027915,0.000397130394706422,0.00011377850359314,0.000283351891113282,0.995898393937587,-1.46383980012278
1.882,1.10601013336863,1.59132379845928,0.100630764585108,1.59084625683478,0.0972721991213262,0.000285963458973696,1.13308292981978e-06,0.000284830376043876,0.995899632057041,-1.46384010866815
1.884,1.09733098103269,1.57123508132928,0.10058573875723,1.57243443849458,0.0972200634195362,0.00029346094526343,7.15040535430119e-06,0.000286310539909129,0.995900829092092,-1.4638403484363
1.886,1.05571542680349,1.49700754204963,0.10054000221022,1.50547581614297,0.0971672620826912,0.000644424799140549,0.000356632507178031,0.000287792291962519,0.995901984889168,-1.46384051923759
1.888,1.03098354577234,1.45090351260069,0.100493557263245,1.46380796150892,0.0971137979408491,0.00111781025567809,0.000828534714862502,0.000289275540815592,0.995903099295758,-1.46384062088364
1.89,0.94749171045675,1.30821845376791,0.100446406284506,1.33559215265367,0.0970596738685947,0.00402070643347306,0.00372994623902222,0.000290760194450845,0.995904172160439,-1.46384065318739
1.892,0.990025516609442,1.37378039260098,0.10039855169105,1.39417110768642,0.0970048927847718,0.00236289984343958,0.00207065368320654,0.000292246160233045,0.995905203332895,-1.46384061596311
1.894,1.0134221750029,1.40750485575587,0.100349995948588,1.42415496639052,0.0969494576522097,0.00167502978407838,0.00138129643915549,0.000293733344922886,0.995906192663939,-1.46384050902644
1.896,0.960789000102083,1.31575020816285,0.100300741571294,1.34169156993216,0.0968933714774438,0.00364990398257595,0.0033546823278863,0.000295221654689648,0.995907140005538,-1.46384033219445
1.898,1.01943517500698,1.40786450721332,0.100250791121607,1.42399532161,0.0968366373104301,0.00159447219076644,0.00129776119564248,0.000296710995123961,0.995908045210831,-1.46384008528563
1.9,0.966975585997896,1.31632772417407,0.100200147210021,1.34176543042191,0.0967792582442538,0.0035271231699155,0.00322892189866382,0.000298201271251686,0.995908908134156,-1.46383976811997
1.902,0.985064176175468,1.34156658576838,0.100148812494868,1.36415765106664,0.0967212374148323,0.00284768181745876,0.00254798942991175,0.000299692387547013,0.995909728631069,-1.46383938051898
1.904,0.965427065107071,1.30443591720794,0.100096789682097,1.3307064563488,0.0966625780006124,0.00374855368378621,0.00344736943583987,0.00030118424794634,0.995910506558366,-1.46383892230571
1.906,0.981821608677975,1.32693013478318,0.100044081525044,1.35063689704051,0.096603283222262,0.00311149147112874,0.00280881471526603,0.000302676755862707,0.995911241774111,-1.46383839330484
1.908,0.95387698392874,1.27611707419968,0.0999906908241992,1.30497194271149,0.0965433563423556,0.00446757457703896,0.00416340476284006,0.000304169814198896,0.995911934137652,-1.46383779334263
1.91,0.908652035007038,1.19699016202601,0.0999366204269616,1.23403603256028,0.0964828006650547,0.00717199779704329,0.00686633447168043,0.000305663325362859,0.995912583509648,-1.46383712224705
1.912,0.877539626220844,1.14152086732685,0.0998818732273918,1.18432704500371,0.0964216195357829,0.00947983681820151,0.0091726796269198,0.000307157191281715,0.995913189752089,-1.46383637984775
1.914,0.87018224347468,1.12553888724511,0.0998264521659565,1.169964689383,0.0963598163408945,0.0101940667157078,0.00988541540229156,0.000308651313416286,0.995913752728324,-1.46383556597613
1.916,0.921963378411227,1.20734914398618,0.0997703602292664,1.2429993265161,0.0962973945073389,0.00667944962002609,0.00636930402724945,0.000310145592776645,0.995914272303076,-1.46383468046539
1.918,0.897837568065619,1.16330987145952,0.0997136004498084,1.20352819418087,0.0962343575023188,0.00842243662779041,0.00811079669785386,0.000311639929936547,0.995914748342473,-1.46383372315053
1.92,0.905869700653499,1.17263102638209,0.0996561759056702,1.21175506172891,0.0961707088329436,0.00799299012915445,0.00767985590410547,0.000313134225048972,0.995915180714066,-1.46383269386841
1.922,0.915781016929375,1.18500914206645,0.0995980897202595,1.22270097124579,0.0961064520458771,0.00744666269134497,0.00713203431348341,0.000314628377861559,0.995915569286853,-1.46383159245781
1.924,0.968035426108209,1.26736808572984,0.0995393450620165,1.29610004091313,0.0960415907269807,0.00446285063992343,0.00414672835219151,0.000316122287731924,0.995915913931306,-1.46383041875942
1.926,0.973248217054638,1.27150390746723,0.0994799451441196,1.29960969277168,0.0959761285009507,0.00428793955273539,0.00397032369909141,0.000317615853643982,0.995916214519388,-1.46382917261595
1.928,0.992391891089348,1.29866833869772,0.0994198932241856,1.32365895373481,0.0959100690309511,0.00345998360040959,0.00314087462618654,0.000319108974223048,0.99591647092458,-1.46382785387209
1.93,0.949629418477808,1.22321139940818,0.0993591926039631,1.25614790266967,0.0958434160182412,0.00577964976797161,0.00545904822021913,0.000320601547752486,0.995916683021907,-1.4638264623746
1.932,0.964004310678718,1.2427081719387,0.0992978466290199,1.27338157897876,0.0957761732017987,0.00505964786730224,0.00473755439511265,0.000322093472189589,0.995916850687954,-1.46382499797236
1.934,0.963073672449153,1.23675436048231,0.099235858688424,1.26790573401736,0.0957083443579372,0.00521298695371158,0.00488940230852946,0.000323584645182118,0.995916973800896,-1.46382346051637
1.936,0.887270963179317,1.10677021588654,0.0991732322144192,1.15189309002303,0.0956399332999196,0.0105903135011058,0.0102652385370213,0.000325074964084515,0.995917052240519,-1.4638218498598
1.938,0.93197239143792,1.17707760086597,0.0991099706820934,1.21447266903548,0.0955709438775665,0.00738130924103295,0.0070547449150585,0.000326564325974443,0.995917085888243,-1.46382016585808
1.94,0.974600597004146,1.24361634463735,0.0990460776090425,1.27362342220187,0.0955013799768603,0.00487353653626578,0.00454548390859601,0.000328052627669773,0.995917074627146,-1.46381840836887
1.942,1.01614294053323,1.30803798860404,0.0989815565550267,1.33082030070374,0.0954312455195441,0.00295141076208414,0.00262187099633879,0.000329539765745346,0.995917018341988,-1.46381657725214
1.944,1.02376438176392,1.31589273700889,0.0989164111216222,1.33758723714688,0.095360544462717,0.00271006128341862,0.00237903564686898,0.000331025636549631,0.995916916919234,-1.46381467237023
1.946,1.03036783723951,1.32201203249513,0.0988506449518664,1.3427996948782,0.0952892807984239,0.0025182667772787,0.00218575664105666,0.000332510136222042,0.995916770247077,-1.46381269358785
1.948,1.07775543303747,1.39576808383866,0.0987842617298975,1.40819221072212,0.0952174585532426,0.00111528628429563,0.00078129312358593,0.0003339931607097,0.995916578215464,-1.46381064077213
1.95,1.05371058832863,1.35060580159915,0.0987172651805883,1.3677125178682,0.0951450817878648,0.00181768615699911,0.0014822115512138,0.000335474605785313,0.995916340716115,-1.4638085137927
1.952,1.04505127200401,1.33118803264873,0.0986496590691744,1.35017444894828,0.0950721545966743,0.00216404635755623,0.00182709199049229,0.000336954367063935,0.995916057642551,-1.46380631252167
1.954,0.979878847961078,1.2180035288648,0.0985814472008771,1.24927770828719,0.0949986811073204,0.00529917458065021,0.00496074224062992,0.000338432340020289,0.995915728890114,-1.46380403683374
1.956,0.920421964402902,1.11483364257359,0.0985126334205201,1.15739742070934,0.0949246654802879,0.00953504992767541,0.00919514150766844,0.000339908420006974,0.995915354355996,-1.46380168660619
1.958,0.919063038093138,1.10866523427417,0.0984432216121413,1.15183000876431,0.0948501119084624,0.00980469407554468,0.00946331157327368,0.000341382502271004,0.995914933939254,-1.46379926171894
1.96,0.903579939746333,1.07904375827958,0.0983732156985991,1.12542954644832,0.0947750246166926,0.0112789681830195,0.0109361137010472,0.000342854481972243,0.995914467540841,-1.46379676205461
1.962,0.918883568805457,1.10072942256277,0.0983026196411732,1.14463389314625,0.0946994078613482,0.0101487554293396,0.00980443117513869,0.000344324254200945,0.995913955063625,-1.46379418749853
1.964,0.918741338306356,1.0966222164127,0.0982314374391604,1.14090951540998,0.0946232659298743,0.0103291784158786,0.00998338670188388,0.000345791713994736,0.995913396412416,-1.46379153793881
1.966,0.908833163500171,1.07628298845268,0.098159673129465,1.12277698929203,0.0945466031403428,0.0113583575736874,0.0110111008173298,0.000347256756357606,0.995912791493987,-1.46378881326637
1.968,1.00020824753528,1.22452384303884,0.0980873307861839,1.2542985870277,0.0944694238409991,0.00486783184920901,0.00451911257293234,0.000348719276276666,0.995912140217095,-1.46378601337497
1.97,0.98712019241153,1.19822841340539,0.0980144145201876,1.23078488775476,0.0943917324098067,0.00575715949530814,0.00540698032656767,0.000350179168740472,0.995911442492511,-1.4637831381613
1.972,0.9204080749895,1.08279458837328,0.0979409284786949,1.12821603762024,0.0943135332539876,0.0108840464444264,0.0105324101156693,0.000351636328757121,0.995910698233037,-1.46378018752496
1.974,0.927963577818901,1.09154189399798,0.0978668768448439,1.1359067633142,0.0942348308095597,0.0104087994514258,0.0100557088000543,0.000353090651371457,0.995909907353531,-1.46377716136855
1.976,0.96404052013357,1.14773448071352,0.0977922638372572,1.18565848167642,0.0941556295408713,0.00770803704550156,0.00735349501381761,0.000354542031683946,0.995909069770933,-1.46377405959769
1.978,0.88888089289315,1.01836669227574,0.0977170937096036,1.07085145675258,0.0940759339401322,0.0144510191751581,0.0140950288102906,0.000355990364867442,0.995908185404283,-1.46377088212108
1.98,0.8670351356278,0.978429992969786,0.0976413707501538,1.03543805784619,0.093995748526942,0.0169995588387197,0.0166421232925333,0.000357435546186391,0.995907254174749,-1.46376762885052
1.982,0.815059965274053,0.888463045583618,0.0975650992813326,0.955735384294574,0.0939150778478157,0.0235514308993247,0.023192553428311,0.000358877471013708,0.995906276005646,-1.46376429970096
1.984,0.869120986916426,0.975668285336552,0.0974882836592659,1.03307164321101,0.0938339264757059,0.0172605289198144,0.0169002128849651,0.000360316034849317,0.995905250822461,-1.46376089459058
1.986,0.916168143562872,1.05075769297862,0.0974109282733241,1.09958776825434,0.0937522990095233,0.0126005024402861,0.0122387513069483,0.000361751133337807,0.995904178552875,-1.46375741344076
1.988,0.945034806173663,1.09516005720255,0.0973330375456604,1.13885526869156,0.0936702000736538,0.0101711140451598,0.00980793138287339,0.00036318266228641,0.995903059126787,-1.4637538561762
1.99,0.910965632805328,1.03435334134248,0.0972546159307453,1.08494628869694,0.0935876343174731,0.0135241212386654,0.0131595107209824,0.000364610517682995,0.995901892476333,-1.46375022272491
1.992,0.838038213696275,0.908991023206123,0.0971756679148972,0.973969878091899,0.0935046064148597,0.0220908741201737,0.0217248395244601,0.000366034595713605,0.995900678535915,-1.46374651301825
1.994,0.829331606646263,0.891403616354248,0.0970961980158082,0.958477025094161,0.0934211210637045,0.0235343874427028,0.0231669326499224,0.000367454792780442,0.995899417242216,-1.46374272699103
1.996,0.821365829206029,0.875129018705886,0.097016210782067,0.944163532138553,0.0933371829854189,0.0249305602658368,0.0245616892603172,0.000368871005519633,0.995898108534226,-1.46373886458149
1.998,0.818475800470919,0.86739992192959,0.0969357107926771,0.937423862966364,0.0932527969244409,0.0256620578453443,0.0252917747145255,0.000370283130818772,0.995896752353265,-1.46373492573137
2,0.827004770008114,0.878772253957069,0.0968547026565716,0.947579947126287,0.0931679676477383,0.0248129340277641,0.024441242961929,0.000371691065835011,0.995895348643005,-1.46373091038595
2.002,0.93236911247647,1.05185766792311,0.0967731910121244,1.1006610949363,0.0930826999443108,0.0126790570480033,0.0123059623399915,0.000373094708011834,0.995893897349487,-1.4637268184941
2.004,0.909481194766675,1.00978654537766,0.0966911805266578,1.0634325822756,0.0929969986246901,0.0152563955886271,0.0148819016335296,0.000374493955097477,0.99589239842115,-1.46372265000829
2.006,0.940781825535655,1.05848288314212,0.0966086758959464,1.10643723191973,0.0929108685204379,0.0122776125687715,0.0119017238636098,0.000375888705161698,0.995890851808849,-1.46371840488468
2.008,0.948755690061074,1.0679351706004,0.0965256818437178,1.11472789995172,0.0928243144836427,0.0117191283951144,0.0113418495385009,0.000377278856613428,0.995889257465874,-1.46371408308311
2.01,0.961434631833618,1.08520015647987,0.0964422031211503,1.1299068156352,0.0927373413864147,0.0107407532493022,0.0103620889410841,0.000378664308218091,0.995887615347977,-1.46370968456719
2.012,0.969562159538157,1.09475854802892,0.0963582445063671,1.13826315519653,0.0926499541203794,0.0102009526277008,0.00982090766858643,0.000380044959114367,0.995885925413389,-1.46370520930431
2.014,0.881504121321737,0.943337974655476,0.0962738108039273,1.00452513002645,0.0925621575961701,0.0198252754348904,0.0194438547260584,0.000381420708831959,0.995884187622844,-1.46370065726568
2.016,0.884589141440784,0.945171142387895,0.0961889068443143,1.00617824573913,0.0924739567429183,0.0197294436930581,0.0193466522357502,0.000382791457307907,0.995882401939597,-1.46369602842639
2.018,0.905372684726326,0.976611395902068,0.0961035374834212,1.03394865771595,0.0923853565077442,0.0174884265126804,0.0171042694077764,0.000384157104904026,0.995880568329446,-1.46369132276544
2.02,0.970440221549668,1.08203116892565,0.0960177076020333,1.12693535901298,0.0922963618552451,0.0108855926831304,0.0105000751307076,0.000385517552422887,0.995878686760754,-1.46368654026578
2.022,0.88201009354152,0.929870965321782,0.0959314221053081,0.99267939088091,0.0922069777669831,0.0209479059613541,0.0205610332602286,0.000386872701125474,0.995876757204466,-1.46368168091434
2.024,0.968107737033055,1.07078957317666,0.0958446859222527,1.11695621260728,0.0921172092409723,0.0115070371048484,0.0111188146521018,0.000388222452746612,0.995874779634134,-1.46367674470211
2.026,0.979290993708635,1.08549145189371,0.0957575040051986,1.12983953505568,0.0920270612911646,0.0106590098229965,0.0102694431134843,0.000389566709512179,0.995872754025932,-1.46367173162411
2.028,1.0010547549333,1.11784185170623,0.0956698813292744,1.1582578492597,0.0919365389469358,0.00892782857060177,0.0085369231964469,0.000390905374154871,0.995870680358679,-1.4636666416795
2.03,1.01305970128128,1.13366392166976,0.0955818228918761,1.17208000894923,0.0918456472525696,0.00811230330167937,0.00772006495174885,0.000392238349930518,0.99586855861386,-1.46366147487157
2.032,1.04239217575651,1.17844838816712,0.0954933337121353,1.21139339523249,0.0917543912667427,0.00607654595583641,0.00568298041520278,0.000393565540633634,0.995866388775639,-1.4636562312078
2.034,1.07975888433338,1.23647202032732,0.0954044188303852,1.26231592851507,0.0916627760620088,0.00389528860666173,0.00350040175604789,0.00039488685061384,0.995864170830886,-1.46365091069991
2.036,1.10261117412803,1.2698476736239,0.095315083307625,1.29147608245018,0.0915708067242821,0.00285010586993417,0.00245390368514331,0.000396202184790861,0.995861904769192,-1.46364551336385
2.038,1.06562285860309,1.20264601079998,0.0952253322249823,1.23207459028536,0.0914784883523208,0.00494483761856589,0.0045473261698955,0.000397511448670396,0.995859590582886,-1.46364003921991
2.04,1.05055827130393,1.17256326262221,0.0951351706831738,1.20540637443176,0.0913858260572109,0.00606795870182343,0.00566914415346433,0.000398814548359105,0.99585722826706,-1.46363448829268
2.042,0.974931706126203,1.04096667124918,0.0950446038019643,1.08946060120623,0.0912928249618494,0.0127714673045849,0.0123713559140049,0.000400111390579938,0.995854817819579,-1.46362886061115
2.044,0.959702565201027,1.01142404728436,0.0949536367196244,1.06341715140545,0.0911994902004281,0.0146361535443231,0.0142347516616361,0.000401401882687002,0.995852359241106,-1.46362315620871
2.046,0.931693049647314,0.96055854110519,0.0948622745923864,1.01865380095815,0.0911058269179171,0.0181919453189055,0.0177892593862251,0.000402685932680447,0.995849852535118,-1.46361737512318
2.048,0.982192054278743,1.04180762247388,0.0947705225939,1.09009569166904,0.0910118402695491,0.0127059829104227,0.0123020194612021,0.000403963449220668,0.995847297707919,-1.4636115173969
2.05,0.908160281012985,0.91342100109226,0.0946783859146851,0.977185379746489,0.0909175354203037,0.0218773789387404,0.0214721445970975,0.000405234341642968,0.995844694768665,-1.46360558307669
2.052,0.897499254236887,0.89216207898874,0.0945858697615852,0.958553491564779,0.0908229175443924,0.0237071229946013,0.0233006244746297,0.000406498519971654,0.995842043729377,-1.46359957221393
2.054,0.831138581693005,0.77738210656086,0.0944929793572191,0.857777486475849,0.0907279918247441,0.0346082708730965,0.0342005149781624,0.000407755894934136,0.995839344604955,-1.46359348486461
2.056,0.867024286153902,0.835064617246235,0.0943997199394314,0.908614492418022,0.0906327634524911,0.0290615497396297,0.0286525433616554,0.000409006377974253,0.995836597413202,-1.46358732108931
2.058,0.897262661215312,0.882952718891883,0.094306096760743,0.950789089340606,0.0905372376264562,0.0248083180535243,0.0243980681722579,0.000410249881266478,0.995833802174834,-1.46358108095326
2.06,0.911292280260004,0.903328913538755,0.0942121150878009,0.968756954496757,0.0904414195526407,0.0231305842788167,0.022719097961088,0.000411486317728693,0.995830958913497,-1.46357476452641
2.062,0.936831211371258,0.942955068229807,0.0941177802008266,1.00360122111687,0.0903453144437125,0.0199518284666032,0.0195391128655676,0.000412715601035618,0.995828067655787,-1.4635683718834
2.064,0.978162755710041,1.0089441837243,0.0940230973930655,1.06154014628047,0.0902489275184964,0.0151248722665415,0.0147109346209101,0.000413937645631468,0.99582512843126,-1.46356190310361
2.066,0.928008717639544,0.920616353735509,0.0939280719702348,0.984002592076601,0.0901522640014651,0.0218028755827953,0.0213877232160524,0.000415152366742944,0.99582214127245,-1.46355535827124
2.068,0.934526572159172,0.928130729579829,0.0938327092499717,0.990638229130621,0.0900553291222306,0.0212363249746014,0.0208199652942101,0.000416359680391332,0.995819106214884,-1.46354873747525
2.07,1.02324976811823,1.07400945382884,0.0937370145612818,1.11862198794245,0.0899581281150384,0.0110338470465546,0.0106162875431495,0.000417559503405052,0.995816023297095,-1.46354204080949
2.072,1.12914712892992,1.24805176315926,0.0936409932439871,1.27114500372377,0.0898606662182619,0.00326631744712591,0.00284756569369471,0.000418751753431201,0.995812892560639,-1.46353526837266
2.074,1.16164967687303,1.29755143090069,0.0935446506481741,1.31429118747678,0.0897629486738989,0.00191772082024034,0.00149778447129268,0.000419936348947658,0.995809714050105,-1.46352842026835
2.076,1.17105801726733,1.30787187769604,0.0934479921336428,1.32304024635546,0.0896649807270695,0.00165216912890871,0.00123105591963408,0.000421113209274626,0.995806487813133,-1.46352149660509
2.078,1.24386822959783,1.42496854783267,0.0933510230693551,1.42534884913416,0.0895667676255155,0.000423056906405697,7.74651820403991e-07,0.000422282254585293,0.995803213900423,-1.46351449749638
2.08,1.27856578452242,1.47719779907466,0.0932537488328846,1.47069323827763,0.0894683146191017,0.000650293863361818,0.000226850457444328,0.00042344340591749,0.995799892365752,-1.46350742306068
2.082,1.29804055717772,1.50347412589288,0.0931561748098662,1.49324346852164,0.0893696269593193,0.000986375503550981,0.000561778918366748,0.000424596585184234,0.995796523265984,-1.46350027342147
2.084,1.33309236806296,1.55586354021162,0.0930583063934473,1.53863191210152,0.0892707098987908,0.00202113399574694,0.0015953922805631,0.000425741715183836,0.995793106661082,-1.46349304870728
2.086,1.46255296077088,1.76718630534811,0.0929601489837385,1.72312622120595,0.089171568690777,0.0108684014357287,0.010441522716118,0.000426878719610668,0.995789642614124,-1.46348574905168
2.088,1.35027428578504,1.56956949339518,0.0928617079872666,1.54937758509891,0.0890722085886865,0.00262327815442519,0.00219527063136037,0.000428007523064822,0.995786131191308,-1.46347837459334
2.09,1.42499466100727,1.68851267691269,0.0927629888164276,1.65291950329554,0.0889726348455865,0.00725768125048488,0.006828553199423,0.000429128051061878,0.99578257246197,-1.46347092547604
2.092,1.41928568756733,1.67106959171175,0.0926639968889412,1.63697492847322,0.0888728527137168,0.00670261191902768,0.00627237168898534,0.000430240230042345,0.99577896649859,-1.46346340184871
2.094,1.47429629762337,1.75619552657719,0.0925647376273066,1.71078585886567,0.0887728674440057,0.0115696995562866,0.0111383555689056,0.000431343987380983,0.995775313376804,-1.4634558038654
2.096,1.41838971480969,1.65358616125688,0.0924652164582593,1.62027595983932,0.0886726842855881,0.00643236852738955,0.00599992927599419,0.000432439251395356,0.995771613175417,-1.46344813168537
2.098,1.42997756367618,1.66548849624433,0.0923654388122297,1.63002508368801,0.0885723084853267,0.00724155743105526,0.00680803147970044,0.000433525951354818,0.995767865976408,-1.46344038547308
2.1,1.37353419423209,1.56240954387453,0.0922654101228027,1.53921568552937,0.088471745287335,0.00334986264051631,0.00291525862302746,0.000434604017488849,0.995764071864942,-1.46343256539821
2.102,1.34315058718745,1.50389618316122,0.09216513582618,1.48747732807573,0.0883709999325037,0.00189815048745122,0.00146247710645641,0.000435673380994817,0.99576023092938,-1.46342467163567
2.104,1.41249366423398,1.61418439899638,0.0920646213606425,1.58334542536875,0.0882700776580292,0.00560181411205109,0.00516508013800466,0.000436733974046422,0.995756343261286,-1.46341670436564
2.106,1.51309132123975,1.77667758637777,0.0919638721660159,1.72471053305644,0.0881689836969455,0.0151205876132796,0.0146828018834793,0.000437785729800355,0.995752408955435,-1.46340866377358
2.108,1.59379468311499,1.90463959150406,0.0918628936831379,1.83571970295567,0.0880677232776584,0.0262923089545025,0.0258534803720981,0.000438828582404405,0.995748428109823,-1.46340055005026
2.11,1.50613388543444,1.74724361196329,0.0917616913533269,1.69729852822408,0.087966301623483,0.0140321979663086,0.0135923354993045,0.000439862467004115,0.995744400825671,-1.46339236339174
2.112,1.56692571169249,1.84171947128903,0.0916602706178535,1.77903592820452,0.0878647239521843,0.0218745278007393,0.0214336404809899,0.000440887319749339,0.995740327207436,-1.46338410399944
2.114,1.63540650377102,1.94866057336971,0.0915586369174137,1.8715483099809,0.0877629954755204,0.0329145422800923,0.0324726392022914,0.000441903077800898,0.995736207362817,-1.4633757720801
2.116,1.6746865654222,2.0055949761537,0.0914567956916049,1.92027512067611,0.0876611213987893,0.0402402680039347,0.0397973583245982,0.000442909679336578,0.995732041402756,-1.46336736784585
2.118,1.62250568738146,1.90745176611826,0.0913547523784041,1.83356000167618,0.087559106920379,0.0303273707598336,0.0298834636962764,0.000443907063557125,0.995727829441453,-1.46335889151418
2.12,1.62936873489918,1.90975144743142,0.0912525124136482,1.83461230648111,0.0874569572313206,0.0313804297297742,0.0309355345590822,0.000444895170692017,0.995723571596363,-1.46335034330796
2.122,1.64759645892232,1.93125454943034,0.0911500812305178,1.85241325982415,0.0873546775148449,0.0345432047553894,0.0340973308133854,0.000445873942004016,0.995719267988205,-1.46334172345549
2.124,1.7072136980971,2.02268358706405,0.0910474642590226,1.93119133085646,0.0872522729459421,0.0464164538634857,0.0459696105436906,0.000446843319795054,0.995714918740968,-1.46333303219046
2.126,1.66936548996342,1.94855760010866,0.090944666925491,1.8654467159093,0.087149748690926,0.0384237467849084,0.0379759435374976,0.000447803247410783,0.99571052398191,-1.463324269752
2.128,1.64563916072597,1.89874427711368,0.0908416946520609,1.82098314203528,0.0870471099070003,0.0337307953123586,0.0332820416431141,0.000448753669244462,0.995706083841568,-1.46331543638466
2.13,1.61280324966912,1.83376333196785,0.0907385528561748,1.76334336488299,0.08694436174183,0.0277752998447957,0.0273256053140538,0.000449694530741951,0.995701598453758,-1.46330653233846
2.132,1.72389991730354,2.01295883291239,0.0906352469500775,1.91865307527323,0.0868415093331151,0.0495130833937908,0.0490624576153857,0.000450625778405045,0.995697067955575,-1.46329755786883
2.134,1.67883694877177,1.92653326715366,0.0905317823403168,1.84221645798478,0.0867385578081691,0.0397157931563548,0.0392642457965596,0.000451547359795246,0.995692492487403,-1.46328851323671
2.136,1.66741753642312,1.89759266007498,0.0904281644272473,1.81597098548563,0.0866355122835011,0.0372888685710325,0.0368364093474953,0.000452459223537205,0.995687872192908,-1.46327939870847
2.138,1.63419918296105,1.83184927683767,0.0903243986045385,1.75768240113475,0.0865323778644009,0.030903192906998,0.0304498315876764,0.00045336131932161,0.995683207219049,-1.46327021455597
2.14,1.63283584567754,1.82046253312477,0.0902204902586848,1.74681951182001,0.0864291596445294,0.0305100345593204,0.0300557809614121,0.000454253597908294,0.995678497716069,-1.46326096105655
2.142,1.61381559946235,1.77918447632352,0.0901164447685201,1.70992553413388,0.0863258627055119,0.0270695962550356,0.0266144602439073,0.000455136011128232,0.995673743837505,-1.46325163849303
2.144,1.71004112158641,1.93356046084774,0.0900122675047356,1.8434766121429,0.0862224921165357,0.0455337519264137,0.0450777434145275,0.000456008511886208,0.995668945740182,-1.4632422471537
2.146,1.68164651266124,1.87566705897498,0.0899079638294012,1.79200271087649,0.0861190529339519,0.0393840296984563,0.0389271586442937,0.000456871054162589,0.995664103584215,-1.46323278733236
2.148,1.67646968803787,1.85747294208734,0.0898035390954907,1.77515240437279,0.0860155502008816,0.0381882573663386,0.0377305337733237,0.00045772359301488,0.995659217533007,-1.4632232593283
2.15,1.69672845439415,1.88252090326395,0.0896989986464108,1.79595939801321,0.0859119889468255,0.0422254436659603,0.0417668775813808,0.000458566084579504,0.995654287753251,-1.46321366344628
2.152,1.66070460437321,1.81189631762559,0.0895943478155337,1.73346072460846,0.0858083741872782,0.0347927152741751,0.0343333167881025,0.000459398486072571,0.995649314414923,-1.46320399999657
2.154,1.62356165646601,1.73975961354622,0.0894895919257341,1.66971989909089,0.0857047109233472,0.027868780206228,0.0274085594504372,0.000460220755790774,0.995644297691286,-1.46319426929493
2.156,1.60582296716854,1.70095875555315,0.08938473628893,1.63506026228902,0.085601004141375,0.0247527161694049,0.0242916833162926,0.000461032853112275,0.995639237758882,-1.46318447166259
2.158,1.57444834121637,1.63921221965814,0.0892797862056274,1.58047717826068,0.085497258812567,0.019782025985459,0.0193201912469623,0.000461834738496703,0.995634134797532,-1.46317460742628
2.16,1.56529091065641,1.61553023590613,0.0891747469644696,1.55906803164735,0.0853934798926229,0.0183375327695241,0.0178749063960385,0.000462626373485597,0.995628988990331,-1.46316467691822
2.162,1.53823439152231,1.5615689418383,0.0890696238417902,1.51134709658021,0.0852896723213725,0.0146221839248498,0.0141587762041481,0.000463407720701747,0.995623800523647,-1.46315468047608
2.164,1.54396924073687,1.563602245753,0.0889644221011709,1.51237258843132,0.0851858410224166,0.0152143323856766,0.0147501536418275,0.000464178743849075,0.995618569587111,-1.46314461844302
2.166,1.52731759340711,1.5275759456873,0.0888591469930029,1.48030133606089,0.0850819909027717,0.0130403961330944,0.0125754567253826,0.000464939407711751,0.995613296373618,-1.46313449116766
2.168,1.59474270815839,1.63460210296161,0.0887538037540542,1.57262011540068,0.0849781268525201,0.022108518602132,0.0216428289239786,0.000465689678153414,0.995607981079314,-1.46312429900408
2.17,1.62655043577667,1.68046559870525,0.0886483976070395,1.61165305184168,0.0848742537444638,0.0271739997302102,0.0267075702080944,0.000466429522115841,0.995602623903601,-1.46311404231181
2.172,1.61000273694825,1.64385730535305,0.0885429337601959,1.57895830026467,0.0847703764337832,0.0242515575185213,0.0237843986109039,0.000467158907617393,0.995597225049119,-1.46310372145583
2.174,1.5932695658073,1.60712979801096,0.0884374174068632,1.54619609448357,0.0846664997577013,0.0214596499203103,0.0209917721165588,0.00046787780375146,0.995591784721747,-1.46309333680652
2.176,1.51976326027397,1.47407319213634,0.0883318537250681,1.42978212118094,0.0845626285351511,0.0115727285916506,0.0111041424109663,0.000468586180684349,0.995586303130593,-1.46308288873972
2.178,1.58873966717242,1.58406067164553,0.0882262478771136,1.52463390585341,0.0844587675664492,0.0204833987288386,0.0200141147191853,0.000469284009653292,0.995580780487984,-1.46307237763663
2.18,1.63304300004262,1.65143170251688,0.0881206050091736,1.58234307880529,0.0843549216329734,0.0275535229808926,0.027083551717929,0.000469971262963664,0.995575217009462,-1.4630618038839
2.182,1.71253708396322,1.77825160284965,0.0880149302508911,1.69159589666514,0.0842510954968448,0.0431293842950158,0.042658736381029,0.000470647913986766,0.995569612913771,-1.46305116787352
2.184,1.70079702315928,1.74910038457954,0.087909228714983,1.66527207224431,0.0841472939006157,0.0404397339295266,0.0399684199923703,0.000471313937156381,0.99556396842285,-1.46304047000285
2.186,1.70504480037045,1.7473059753022,0.0878035054968481,1.66272526696638,0.0840435215669616,0.041210070720362,0.0407381014123959,0.000471969307966114,0.995558283761825,-1.46302971067463
2.188,1.65048973512961,1.64543904765182,0.0876977656741811,1.57330768013737,0.0839397831983781,0.0301366204888022,0.0296640064858364,0.000472614002965721,0.995552559158991,-1.46301889029691
2.19,1.66876548179434,1.66811067483398,0.0875920143065916,1.59208968882426,0.0838360834768828,0.0334625014130969,0.0329892534133393,0.000473247999757564,0.995546794845812,-1.46300800928305
2.192,1.73334893739288,1.76945669533486,0.0874862564352277,1.67911384093528,0.0837324270637226,0.0471202342237636,0.0466463629467707,0.000473871276992832,0.995540991056901,-1.46299706805174
2.194,1.83194255821598,1.92808519751527,0.0873804970824051,1.81571913255495,0.083628818599085,0.0727224852348628,0.0722480014204951,0.000474483814367654,0.995535148030012,-1.46298606702692
2.196,1.80072984006453,1.86473219927104,0.0872747412512413,1.75955109601286,0.0835252627018151,0.0638557632319943,0.0633806776393757,0.000475085592618663,0.995529266006028,-1.46297500663782
2.198,1.89611414045052,2.01732134438831,0.0871689939252947,1.89076861672071,0.0834217639691371,0.0923408694729628,0.0918651928794445,0.000475676593518326,0.995523345228945,-1.46296388731887
2.2,1.95191987751903,2.1015674988888,0.0870632600682094,1.96252591827113,0.0833183269763814,0.111502200036508,0.111025943236637,0.000476256799870955,0.995517385945865,-1.46295270950975
2.202,1.88981010029982,1.98443095884787,0.086957544623365,1.85953201767831,0.083214956276716,0.0901743077242522,0.089697481528745,0.000476826195507152,0.995511388406975,-1.46294147365532
2.204,1.92852569086761,2.0397465234764,0.0868518525135316,1.90620170361614,0.0831116564008831,0.103147727396881,0.102670342631602,0.000477384765279032,0.995505352865537,-1.46293018020561
2.206,1.93107447336664,2.03308535548991,0.0867461886405305,1.89906455223674,0.0830084318569413,0.104007413075784,0.103529480580729,0.000477932495055011,0.995499279577873,-1.46291882961581
2.208,1.93976276417516,2.03690560721648,0.0866405578848999,1.9010128706777,0.0829052871300121,0.107050012161934,0.10657154279022,0.000478469371714363,0.995493168803349,-1.4629074223462
2.21,1.97882897924948,2.09245361546976,0.0865349651055665,1.94778551286177,0.0828022266820317,0.12140618294636,0.120927187563218,0.000478995383141445,0.99548702080436,-1.4628959588622
2.212,1.93694631077063,2.00966642433453,0.0864294151395217,1.87459102519439,0.082699254951508,0.106030169535262,0.105550659017042,0.000479510518219706,0.995480835846312,-1.46288443963425
2.214,1.93352891030596,1.99293441865493,0.0863239128015042,1.85872616829644,0.0825963763532827,0.104807158195225,0.104327143428399,0.000480014766826353,0.995474614197608,-1.46287286513786
2.216,1.95552757292511,2.01961592170075,0.0862184628836875,1.88048913212093,0.0824935952782983,0.112731776185815,0.11225126806599,0.000480508119825362,0.995468356129629,-1.46286123585353
2.218,1.96531728879928,2.02529602494205,0.0861130701553732,1.88401721644502,0.08239091609337,0.116373396299847,0.115892405730785,0.00048099056906159,0.995462061916719,-1.46284955226675
2.22,1.98637926957691,2.0501434153584,0.0860077393626897,1.90413403028574,0.0822883431409631,0.124416474742652,0.123935012635298,0.000481462107354114,0.995455731836162,-1.46283781486796
2.222,1.8720743945554,1.84394399009287,0.0859024752282962,1.72408490274274,0.0821858807389755,0.0841011710809134,0.0836192483524238,0.000481922728489681,0.995449366168168,-1.46282602415251
2.224,2.00360206829106,2.05831543209282,0.085797282451093,1.90851501218475,0.0820835331805247,0.131256711447945,0.130774339020729,0.000482372427215605,0.995442965195854,-1.46281418062063
2.226,2.05755377200869,2.13901010451643,0.0856921657059365,1.97692558672936,0.0819813047337407,0.15377215036952,0.153289339170287,0.000482811199232991,0.995436529205221,-1.46280228477742
2.228,2.11245992627878,2.22081262573064,0.0855871296433608,2.04619157389379,0.0818791996415631,0.178620488600027,0.178137249558837,0.000483239041189409,0.995430058485137,-1.46279033713279
2.23,2.15131945869201,2.27470341785567,0.0854821788893039,2.0911857630247,0.0817772221215441,0.197476351225026,0.196992695274354,0.000483655950671791,0.995423553327314,-1.46277833820141
2.232,2.19698808300518,2.33985466827589,0.0853773180448403,2.14585400037271,0.0816753763656562,0.220895407754092,0.220411345827893,0.000484061926198764,0.995417014026292,-1.46276628850272
2.234,2.05835740167109,2.09002369595244,0.0852725516859187,1.92778410065003,0.0815736665401049,0.154823020569955,0.154338563602742,0.000484456967213331,0.995410440879411,-1.46275418856085
2.236,2.03207265923819,2.0334967078228,0.085167884363106,1.87730372710706,0.0814720967851465,0.14370929362039,0.143224452546316,0.000484841074074649,0.995403834186797,-1.46274203890463
2.238,2.00968740010547,1.98395712095484,0.0850633206013365,1.83292674604128,0.0813706712149112,0.134562828343513,0.134077614095463,0.000485214248050814,0.995397194251332,-1.46272984006748
2.24,2.0860347786551,2.10327190691622,0.0849588648996666,1.93471352250007,0.0812693939172314,0.167695490315714,0.167209913824403,0.000485576491310313,0.995390521378636,-1.46271759258746
2.242,2.09178147542094,2.10127040652261,0.0848545217310358,1.93138242271371,0.0811682689534738,0.170553040636432,0.170067112829517,0.000485927806914588,0.995383815877043,-1.46270529700714
2.244,2.12790355944624,2.15113073356733,0.0847502955420331,1.97291204367871,0.0810673003583787,0.187871463863777,0.187385195664968,0.000486268198808926,0.995377078057577,-1.46269295387362
2.246,2.10609721884818,2.10172220964305,0.0846461907526686,1.928497784328,0.080966492139902,0.177734393815445,0.17724779614363,0.000486597671814915,0.995370308233928,-1.46268056373848
2.248,2.15391895158266,2.17152940969484,0.0845422117561515,1.98725109672017,0.0808658482790641,0.20132443826581,0.200837522034189,0.000486916231621559,0.995363506722429,-1.46266812715772
2.25,2.08172826140296,2.03586753685184,0.0844383629186738,1.86820043678852,0.0807653727298026,0.166953362449781,0.166466138565004,0.000487223884776733,0.99535667384203,-1.46265564469171
2.252,2.0496733184165,1.96960676790151,0.0843346485791988,1.80931835557317,0.0806650694188307,0.152811479768076,0.152323959129397,0.000487520638678962,0.995349809914269,-1.46264311690517
2.254,2.03677134684235,1.93646642549488,0.0842310730492562,1.77914470218564,0.0805649422454998,0.147405824573789,0.146918018072221,0.000487806501567989,0.995342915263256,-1.46263054436714
2.256,2.07643319892511,1.99333180248679,0.0841276406127428,1.82682462842069,0.0804649950816679,0.165265310545091,0.164777229062575,0.000488081482516445,0.995335990215635,-1.46261792765086
2.258,2.10276493465124,2.02703810213592,0.0840243555257282,1.85440498562202,0.0803652317715728,0.177830931147904,0.177342585556483,0.000488345591420969,0.995329035100568,-1.46260526733382
2.26,2.0408899855299,1.90975938744644,0.0839212220162665,1.75140837769622,0.080265656131709,0.149884911752864,0.149396312913871,0.00048859883899266,0.995322050249701,-1.46259256399763
2.262,1.98129984357863,1.79710803804431,0.0838182442842145,1.65253977882109,0.0801662719507116,0.125163258801279,0.124674417564531,0.000488841236748527,0.995315035997139,-1.46257981822803
2.264,2.01002627388181,1.8361165211181,0.0837154265010538,1.68488152877054,0.0800670829892432,0.137094856619167,0.136605783822165,0.000489072797001944,0.995307992679418,-1.46256703061481
2.266,2.00809037057151,1.822441006233,0.0836127728097202,1.6716349014647,0.0799680929798865,0.136488139589207,0.135998846056353,0.000489293532853652,0.99530092063548,-1.46255420175178
2.268,2.0122803327238,1.81930662732581,0.0835102873244379,1.66750481972907,0.0798693056270419,0.138459264597387,0.137969761139205,0.000489503458182328,0.995293820206637,-1.46254133223669
2.27,2.01834480664072,1.81937847857045,0.0834079741305591,1.66613981230436,0.0797707246068291,0.141256152581083,0.140766449993447,0.000489702587635255,0.995286691736551,-1.46252842267123
2.272,2.04458364511755,1.85392949389178,0.08330583728441,1.6945575089783,0.0796723535669947,0.152936768629889,0.15244687769327,0.000489890936618775,0.995279535571199,-1.46251547366093
2.274,2.13275117791725,1.99414977401351,0.0832038808131415,1.81422222181438,0.0795741961268231,0.195035826026739,0.19454575750545,0.000490068521289078,0.995272352058842,-1.46250248581511
2.276,2.11587302521508,1.95379296872904,0.0831021087145859,1.77770686125662,0.0794762558770534,0.187045773625813,0.186555538267271,0.000490235358542201,0.995265141550002,-1.46248945974687
2.278,2.21081154721418,2.10493207249674,0.0830005249571194,1.90665294072036,0.0793785363798003,0.237323918231668,0.236833526765663,0.000490391466004825,0.995257904397424,-1.462476396073
2.28,2.19106903064726,2.05890398526003,0.0828991334795292,1.86509837528308,0.0792810411684797,0.227034608446398,0.226544071584374,0.000490536862024715,0.995250640956051,-1.46246329541393
2.282,2.15183027895184,1.97979803337238,0.0827979381908872,1.79501679211204,0.0791837737477395,0.206680027651991,0.206189356086331,0.000490671565660628,0.995243351582988,-1.4624501583937
2.284,2.1250039978548,1.92241761291322,0.0826969429704283,1.74378122546774,0.0790867375933942,0.193429964647833,0.192939169051161,0.000490795596672755,0.995236036637475,-1.46243698563986
2.286,2.07978851202055,1.83392248400952,0.0825961516674345,1.66573241789689,0.0789899361523645,0.171733138594577,0.171242229619064,0.000490908975513182,0.995228696480851,-1.46242377778347
2.288,2.12528473402859,1.90120012272624,0.0824955681011244,1.72229266286463,0.0788933728426217,0.194488579901139,0.193997568177823,0.000491011723316226,0.995221331476525,-1.46241053545898
2.29,2.04837135808762,1.7585458651726,0.0823951960605483,1.5974930419938,0.0787970510531364,0.157891128948298,0.15740002508641,0.000491103861887998,0.995213941989944,-1.46239725930422
2.292,2.10129733131563,1.8390032757128,0.0822950393044878,1.66548900305367,0.0787009741438311,0.183413528430228,0.18292234301653,0.000491185413697304,0.995206528388556,-1.46238394996035
2.294,2.06529322859928,1.76671416386989,0.082195101561362,1.6015059245713,0.0786051454455384,0.166521602576228,0.166030346174363,0.000491256401865314,0.995199091041782,-1.46237060807176
2.296,2.01669425653568,1.67331541688495,0.0820953865291379,1.51937462986702,0.0785095682599627,0.144821996743409,0.144330679893253,0.000491316850156132,0.995191630320977,-1.46235723428603
2.298,2.09643760796221,1.80019944781272,0.0819958978752466,1.62750036302168,0.0784142458596468,0.182360061806225,0.181868695023258,0.000491366782966796,0.995184146599403,-1.46234382925388
2.3,2.09120874905151,1.78077810581988,0.0818966392365046,1.60917820164477,0.0783191814879423,0.180270011229291,0.179778605003974,0.000491406225316959,0.995176640252189,-1.46233039362909
2.302,2.14207353997007,1.85749961691954,0.0817976142190407,1.67385225182671,0.0782243783589849,0.206648760373877,0.206157325171037,0.000491435202840007,0.9951691116563,-1.46231692806849
2.304,2.13868017285329,1.84080395975836,0.081698826398227,1.65779890743123,0.0781298396576737,0.205456755287308,0.204965301545536,0.000491453741772285,0.995161561190502,-1.46230343323182
2.306,2.06306099582045,1.70052667950888,0.0816002793186161,1.5351012679881,0.0780355685396548,0.168172056870147,0.167680595001203,0.000491461868943777,0.995153989235325,-1.46228990978172
2.308,2.09606017035938,1.74714354546502,0.0815019764938833,1.57384369870612,0.0779415681313089,0.184737524422905,0.184246064811137,0.000491459611767886,0.99514639617303,-1.46227635838368
2.31,2.08326297696614,1.71501199961431,0.0814039214067728,1.54456738356977,0.0778478415297433,0.178931051850944,0.178439604852712,0.000491446998232226,0.995138782387574,-1.46226277970594
2.312,2.09723492009004,1.72891793988058,0.0813061175090503,1.55504341501692,0.0777543918027877,0.186408248785349,0.18591682472846,0.000491424056888068,0.995131148264573,-1.46224917441945
2.314,2.01486430159757,1.57770595881235,0.0812085682214598,1.42302574589071,0.0776612219889948,0.147803237297368,0.147311846480527,0.00049139081684102,0.995123494191265,-1.46223554319779
2.316,1.9863390656547,1.51969291405407,0.0811112769336854,1.37158748498584,0.0775683350976441,0.135708168868935,0.135216821561194,0.00049134730774103,0.995115820556477,-1.46222188671713
2.318,2.01217979857046,1.55516822453632,0.081014247004318,1.40086392948371,0.0774757341087497,0.147439616552981,0.146948322993208,0.000491293559772954,0.995108127750587,-1.46220820565615
2.32,2.01060684584061,1.54343548877271,0.080917481760827,1.389363898024,0.0773834219730733,0.147171863746477,0.146680634142831,0.000491229603646337,0.995100416165485,-1.46219450069599
2.322,2.00749423147891,1.52912600207992,0.080820984499537,1.37564591190124,0.0772914016121391,0.146221489164979,0.145730333694392,0.000491155470586313,0.995092686194541,-1.46218077252014
2.324,2.10895005833587,1.69404655046788,0.0807247584856084,1.51653861843089,0.0771996759182544,0.195654652522003,0.19516358132968,0.000491071192323389,0.995084938232563,-1.46216702181445
2.326,2.14941494363067,1.75336953818988,0.0806288069530239,1.56614201505474,0.0771082477545332,0.217870761669691,0.217379784868607,0.000490976801084342,0.995077172675765,-1.46215324926701
2.328,2.18790201459819,1.80889482773603,0.0805331331045789,1.61238837365356,0.0770171199549233,0.240235589860443,0.239744717530861,0.000490872329582004,0.995069389921724,-1.4621394555681
2.33,2.2169606493281,1.84787859550108,0.0804377401118765,1.64429053307209,0.0769262953242377,0.258131630776477,0.25764087296547,0.000490757811006604,0.995061590369344,-1.4621256414101
2.332,2.15979721621799,1.73883250080333,0.0803426311153275,1.54846865870277,0.0768357766381897,0.226014691156006,0.225524057876991,0.00049063327901544,0.995053774418824,-1.46211180748749
2.334,2.24263705607327,1.87041762648604,0.0802478092241548,1.66028479100507,0.076745566643431,0.27561208136404,0.275121582596316,0.000490498767724001,0.99504594247161,-1.4620979544967
2.336,2.17105064129631,1.73645336068661,0.0801532775164023,1.54293319960546,0.0766556680575942,0.23410558443881,0.233615230127114,0.000490354311696306,0.995038094930363,-1.4620840831361
2.338,2.10618733307455,1.61488499780974,0.0800590390389477,1.43641982660076,0.0765660835693381,0.199404761730502,0.198914561784567,0.000490199945935577,0.995030232198923,-1.46207019410593
2.34,2.06627616855172,1.53687398787571,0.0799650968075206,1.36760001749438,0.0764768158383974,0.179653684551512,0.179163648845637,0.000490035705875136,0.995022354682262,-1.46205628810818
2.342,2.09885663568489,1.58361855806523,0.0798714538067246,1.40643401894681,0.0763878674956348,0.19702040793854,0.196530546311171,0.000489861627369192,0.995014462786453,-1.4620423658466
2.344,2.15676468214798,1.67345218025588,0.0797781129900631,1.48235432755637,0.0762992411430976,0.229364415050327,0.228874737303644,0.000489677746683292,0.995006556918629,-1.46202842802657
2.346,2.12926827611385,1.61627040589786,0.0796850772799701,1.43140171359838,0.0762109393540764,0.214936370262381,0.214446886161895,0.000489484100485771,0.994998637486943,-1.46201447535507
2.348,2.09166616003152,1.54212917647554,0.079592349567845,1.36588507299165,0.0761229646731688,0.19562099992684,0.195131719201001,0.000489280725838204,0.99499070490053,-1.46200050854057
2.35,2.06534083216691,1.48779843401128,0.0794999327140913,1.31752590207227,0.0760353196163446,0.182833468108861,0.182344400448674,0.00048906766018697,0.994982759569465,-1.46198652829302
2.352,2.13221504666022,1.59359826553791,0.0794078295481596,1.40726971264799,0.0759480066710154,0.219096568005974,0.218607723064619,0.00048884494135415,0.994974801904731,-1.46197253532373
2.354,2.14152791791086,1.59998799590032,0.0793160428685945,1.4111782723777,0.075861028296107,0.225216866863428,0.2247282542559,0.000488612607528194,0.994966832318171,-1.46195853034532
2.356,2.13578872589995,1.58051117362876,0.0792245754430856,1.3927703316152,0.0757743869221349,0.222935910256997,0.222447539559741,0.000488370697256157,0.994958851222453,-1.46194451407166
2.358,2.11215024620903,1.53045813698726,0.0791334300085224,1.34801778375168,0.0756880849512831,0.210794196498551,0.210306077249117,0.000488119249434371,0.994950859031032,-1.4619304872178
2.36,2.05351289764196,1.42071235450581,0.0790426092710529,1.25186013759251,0.0756021247574854,0.180840401187908,0.180352542884608,0.000487858303299782,0.994942856158106,-1.46191645049986
2.362,1.9840453624093,1.29311493358485,0.0789521159061462,1.1404364390644,0.0755165086865101,0.148113287485367,0.147625699586945,0.000487587898421959,0.99493484301858,-1.46190240463503
2.364,1.97207847426044,1.26495887193613,0.0788619525586589,1.11486877571973,0.0754312390560481,0.143313070380609,0.142825762305915,0.000487308074694215,0.994926820028024,-1.46188835034146
2.366,1.91991145835038,1.16803947679753,0.0787721218429051,1.03005764976511,0.0753463181558026,0.121335512893928,0.120848494021603,0.000487018872325495,0.994918787602634,-1.46187428833817
2.368,1.86651512812591,1.06964539397428,0.07868262634273,0.9440828999054,0.0752617482475828,0.100673639920168,0.100186919588336,0.000486720331832058,0.994910746159195,-1.46186021934503
2.37,1.93064850854139,1.17345656214012,0.0785934686115869,1.03249397432796,0.0751775315653999,0.126899278052251,0.126412865558222,0.000486412494029143,0.994902696115034,-1.46184614408266
2.372,1.9835250824686,1.25725961320405,0.0785046511726187,1.10352972149437,0.0750936703155658,0.151005072633004,0.150518977232981,0.00048609540002309,0.994894637887988,-1.46183206327237
2.374,2.07356716679116,1.40423287898082,0.0784161765187413,1.22889960352944,0.0750101666767948,0.196502451141244,0.19601668205004,0.000485769091203458,0.99488657189636,-1.46181797763608
2.376,2.08154472242523,1.4094538699237,0.0783280471127322,1.23191886761608,0.0749270228003073,0.201682056059198,0.201196622449964,0.00048543360923492,0.994878498558878,-1.46180388789626
2.378,2.10077835006609,1.43393213886097,0.0782402653873207,1.25151781923206,0.074844240809937,0.213131249134649,0.2126461601386,0.000485088996049154,0.994870418294659,-1.46178979477587
2.38,2.16033854118065,1.52740080760202,0.078152833745283,1.33053224221184,0.0747618228022397,0.248442679884229,0.247957944590391,0.000484735293837746,0.994862331523166,-1.46177569899826
2.382,2.20266722666068,1.59066553436881,0.0780657545595393,1.38339430340891,0.0746797708466054,0.275645763260024,0.27516139071498,0.000484372545044298,0.99485423866417,-1.46176160128713
2.384,2.17631548389344,1.53567628748286,0.0779790301732551,1.33426191908875,0.0745980869853719,0.26060359772415,0.260119596931794,0.000484000792356887,0.994846140137706,-1.46174750236647
2.386,2.14770850715747,1.47717704133962,0.0778926628999448,1.2821595490341,0.0745167732339421,0.244613303730587,0.244129683651887,0.000483620078700397,0.994838036364041,-1.46173340296042
2.388,2.16231640159314,1.49319137474321,0.077806655023579,1.29432738736965,0.0744358315809022,0.254618853307025,0.254135622859795,0.000483230447229643,0.994829927763626,-1.46171930379331
2.39,2.12749331250658,1.42428658340594,0.0777210087986945,1.23328794544117,0.074355263988143,0.235171497646151,0.234688665704829,0.000482831941321815,0.99482181475706,-1.4617052055895
2.392,2.09988038982702,1.36820503014241,0.0776357264505074,1.18337053497168,0.0742750723909837,0.220508642989971,0.220026218385402,0.000482424604569487,0.994813697765052,-1.46169110907334
2.394,2.13571424728893,1.42133426974879,0.0775508101750289,1.22761733458057,0.0741952586982969,0.24242822984374,0.241946221362967,0.000482008480773732,0.994805577208377,-1.46167701496912
2.396,2.15954801373965,1.45350193027029,0.0774662621391844,1.25372687969492,0.0741158247926367,0.258078050322772,0.257596466708835,0.000481583613936576,0.99479745350784,-1.46166292400099
2.398,2.14700467748865,1.4230289726425,0.0773820844809349,1.22580987633228,0.0740367725303683,0.251801415005731,0.251320264957476,0.000481150048254997,0.994789327084235,-1.46164883689287
2.4,2.13227521063305,1.38899958281638,0.0772982793094015,1.1948539666145,0.0739581037417999,0.244292863979331,0.243812156151217,0.000480707828113602,0.994781198358306,-1.46163475436842
2.402,2.11032496173093,1.34280079768574,0.0772148487049923,1.15344209027747,0.0738798202313166,0.232668240738926,0.232187983740848,0.00048025699807841,0.994773067750706,-1.46162067715092
2.404,2.0746501744145,1.27335775751635,0.0771317947195321,1.09204639820418,0.073801923777516,0.2135813411049,0.21310154350201,0.000479797602889964,0.994764935681961,-1.46160660596328
2.406,2.08985812720999,1.29167367678007,0.0770491193763948,1.10634277612697,0.0737244161333459,0.223373134411546,0.222893804724089,0.00047932968745712,0.994756802572429,-1.46159254152788
2.408,2.13153632979804,1.35526698867275,0.0769668246706378,1.1596204999362,0.073647299026244,0.249141499305302,0.248662646008451,0.000478853296850712,0.994748668842258,-1.46157848456658
2.41,2.13819422441868,1.35832809539221,0.0768849125691395,1.16065271267451,0.0735705741582787,0.254595565380511,0.254117196904213,0.000478368476297564,0.994740534911354,-1.46156443580059
2.412,2.12104876595777,1.32051520103492,0.0768033850107387,1.12645088853379,0.0734942432062927,0.245655593553204,0.24517771828203,0.000477875271173822,0.994732401199336,-1.46155039595047
2.414,2.11306025609933,1.29865968174894,0.0767222439063767,1.10603356804957,0.0734183078220473,0.242290033196411,0.241812659469411,0.000477373726999852,0.994724268125498,-1.461536365736
2.416,2.0267763054554,1.14260562130856,0.0766414911392412,0.969999190586565,0.0733427696323689,0.194842732061671,0.194365868172238,0.000476863889433354,0.994716136108776,-1.46152234587615
2.418,2.00480094219217,1.09794677729023,0.076561128564913,0.930127307832605,0.0732676302392969,0.184403717676525,0.18392737187226,0.000476345804264366,0.994708005567703,-1.461508337089
2.42,2.01420953794698,1.10743026044806,0.0764811580115145,0.936951941947463,0.0731928912202335,0.190475930880886,0.190000111363477,0.00047581951740916,0.994699876920372,-1.46149434009168
2.422,1.97949549893846,1.04113324471348,0.0764015812798603,0.878458971490438,0.0731185541280942,0.173658344413108,0.173183059338203,0.000475285074905019,0.994691750584404,-1.4614803556003
2.424,1.95787057217414,0.997737344829586,0.0763224001436099,0.839769771863333,0.0730446204914608,0.163950694942475,0.163475952419571,0.00047474252290447,0.9946836269769,-1.46146638432989
2.426,1.95413994631572,0.985331165343115,0.076243616349423,0.82782685655385,0.0729710918147349,0.163160646688956,0.162686454781285,0.000474191907670174,0.994675506514413,-1.46145242699432
2.428,2.01187499930139,1.07846351718881,0.0761652316171154,0.906829708499384,0.0728979695782934,0.193856911050695,0.193383277775125,0.000473633275569485,0.994667389612903,-1.46143848430627
2.43,1.95859855557112,0.980473854686726,0.076087247639818,0.821026191276292,0.0728252552386446,0.167541518717736,0.167068452044667,0.000473066673069567,0.994659276687705,-1.46142455697713
2.432,2.01098112843949,1.06443668728732,0.0760096660841372,0.892116975857535,0.0727529502285869,0.195803457779279,0.195330965632547,0.000472492146731951,0.994651168153488,-1.46141064571693
2.434,1.95188958937502,0.956545658252214,0.0759324885903173,0.797779117432754,0.0726810559573668,0.166453658476461,0.165981748733252,0.000471909743208321,0.99464306442422,-1.46139675123433
2.436,1.96565105438406,0.974386929603502,0.0758557167724037,0.811905538413863,0.07260957381084,0.174487225008692,0.174015905499457,0.000471319509234958,0.994634965913131,-1.46138287423649
2.438,1.92940768598362,0.906298095702141,0.0757793522184093,0.751955319056981,0.0725385051516321,0.157648712627524,0.157177991135895,0.000470721491628523,0.994626873032678,-1.46136901542906
2.44,1.86761685726204,0.794832753117196,0.0757033964904811,0.654700410004344,0.0724678513193015,0.130167556649113,0.129697440911832,0.000470115737281174,0.994618786194503,-1.46135517551608
2.442,1.79230928366956,0.660930050972009,0.0756278511250693,0.538236883671551,0.0723976136305026,0.0999937719786948,0.0995242696855386,0.000469502293156232,0.994610705809404,-1.46134135519995
2.444,1.73986501781392,0.567162443586188,0.0755527176330973,0.456513016868724,0.0723277933791506,0.081493733894971,0.0810248526886872,0.000468881206283855,0.994602632287294,-1.46132755518134
2.446,1.69724210033438,0.490877919521959,0.0754779975001337,0.389961435216034,0.0722583918365864,0.0679325278223299,0.0674642752985733,0.000468252523756596,0.99459456603717,-1.46131377615915
2.448,1.69560972276451,0.485436100663835,0.075403692186565,0.384545201377796,0.0721894102517434,0.0679641357838439,0.0674965194911186,0.000467616292725292,0.994586507467072,-1.46130001883043
2.45,1.7744649058441,0.618122549914394,0.0753298031277705,0.498165935922949,0.0721208498513146,0.0959775715718221,0.0955105990114271,0.000466972560395074,0.994578456984051,-1.46128628389033
2.452,1.76191573551631,0.593073684239836,0.0752563317342977,0.475687915092357,0.0720527118399205,0.0920162181122465,0.0915498967382255,0.000466321374021028,0.994570414994135,-1.46127257203205
2.454,1.71429881801389,0.50802299075347,0.0751832793920394,0.401524056040445,0.0719849974002781,0.0758948219418591,0.0754291591609541,0.000465662780904985,0.994562381902294,-1.46125888394676
2.456,1.65048368600077,0.395755009117818,0.0751106474624121,0.303999952373311,0.0719177076933703,0.0565089181805592,0.0560439213521681,0.000464996828391073,0.994554358112401,-1.46124522032357
2.458,1.6140936198228,0.331298480097183,0.0750384372825348,0.247810688091982,0.071850843858616,0.046908597101033,0.0464442735371704,0.000464323563862612,0.994546344027206,-1.46123158184944
2.46,1.56512003511312,0.24568591420527,0.07496665016541,0.173460708502558,0.0717844070140413,0.0352556493954953,0.0347920063607571,0.000463643034738226,0.994538340048294,-1.46121796920912
2.462,1.50949898918407,0.149244956883965,0.0748952874001047,0.0898763761737197,0.071718398256451,0.0239933301485023,0.023530374860034,0.000462955288468292,0.994530346576057,-1.46120438308513
2.464,1.46250286198086,0.0682499721280059,0.0748243502519332,0.0197164751717615,0.0716528186616003,0.016202459377741,0.0157401990052091,0.000462260372531942,0.99452236400966,-1.46119082415768
2.466,1.40812661895892,-0.0248625420949905,0.0747538399626401,-0.0607937491416066,0.0715876692843676,0.00909691165188184,0.00863535331744844,0.000461558334433398,0.994514392747004,-1.4611772931046
2.468,1.3641458409999,-0.0995161350430811,0.074683757750585,-0.125284958503793,0.0715229511589279,0.00490647623987192,0.00444562701817261,0.000460849221699311,0.994506433184699,-1.46116379060132
2.47,1.3442852949058,-0.132290613567896,0.0746141048109273,-0.153591056428889,0.0714586652989257,0.00350050237414292,0.00304036929226805,0.000460133081874869,0.994498485718027,-1.46115031732076
2.472,1.29178481280088,-0.220841076648458,0.0745448823158122,-0.229936128432957,0.0713948126976497,0.00101424326826286,0.000554833305741057,0.000459409962521806,0.994490550740911,-1.46113687393333
2.474,1.33383683926599,-0.146595990581621,0.0744760914145573,-0.165847942936332,0.0713313943282064,0.00294697959523701,0.00248829968402217,0.000458679911214843,0.994482628645887,-1.46112346110687
2.476,1.3174325135915,-0.173129701391167,0.0744077332338403,-0.188719985989001,0.0712684111436952,0.00209122061536181,0.00163327763982278,0.000457942975539027,0.994474719824066,-1.46111007950654
2.478,1.34438540989897,-0.12511117250903,0.0743398088778865,-0.147293637535643,0.0712058640773834,0.0037667433227471,0.00330954411965981,0.000457199203087288,0.994466824665107,-1.46109672979483
2.48,1.31239168841442,-0.178533250542089,0.0742723194286578,-0.193372353809406,0.071143754042881,0.00193882449474982,0.00148237585329238,0.000456448641457441,0.994458943557187,-1.4610834126315
2.482,1.2356589133786,-0.308340613028345,0.0742052659460418,-0.305239114130479,0.0710820819343166,0.000520506788277972,6.48154500278969e-05,0.000455691338250075,0.994451076886966,-1.46107012867347
2.484,1.25107753035725,-0.279210155039345,0.0741386494680414,-0.279929552635919,0.0710208486265125,0.00045841764541898,3.49030435319954e-06,0.000454927341065781,0.994443225039563,-1.46105687857485
2.486,1.24767082278746,-0.282566675841999,0.0740724710109652,-0.282661494418072,0.0709600549751611,0.000454217385112499,6.0687609349603e-08,0.00045415669750315,0.994435388398519,-1.46104366298683
2.488,1.25650815714786,-0.264900608437514,0.0740067315696177,-0.267263398123606,0.0708997018170001,0.000491097477438099,3.77180222818772e-05,0.000453379455156222,0.994427567345773,-1.46103048255765
2.49,1.23279943458851,-0.303176962898625,0.0739414321174908,-0.300118520082714,0.0708397899699889,0.000515848916183934,6.32532545713355e-05,0.000452595661612598,0.994419762261631,-1.46101733793255
2.492,1.17692028857123,-0.396374337152777,0.0738765736069549,-0.380281909999542,0.0707803202334845,0.00220450042757043,0.00175269506311943,0.000451805364450997,0.994411973524737,-1.46100422975373
2.494,1.20054471906526,-0.352591475677583,0.0738121569694504,-0.342222251769153,0.0707212933884174,0.00117934936754399,0.000728340756304287,0.0004510086112397,0.994404201512043,-1.46099115866028
2.496,1.24980006379169,-0.265144732680982,0.0737481831156798,-0.266561381192425,0.0706627101974674,0.000463811839008663,1.36063894742169e-05,0.000450205449534447,0.994396446598785,-1.46097812528816
2.498,1.16303540204789,-0.411561454966034,0.0736846529357998,-0.392666286722961,0.0706045714052398,0.00287206719361317,0.00242267126673652,0.00044939592687665,0.99438870915845,-1.46096513027011
2.5,1.16611206414986,-0.402922208321092,0.0736215672996133,-0.38488547533525,0.0705468777384413,0.00265801238580501,0.0022094322950136,0.000448580090791406,0.994380989562752,-1.46095217423565
2.502,1.05595090795457,-0.588533694123644,0.0735589270567623,-0.544630560578279,0.0704896299060551,0.0135493978048131,0.0131016398160269,0.000447757988786157,0.994373288181605,-1.46093925781102
2.504,0.995186822978449,-0.688195541483927,0.0734967330369199,-0.63003155275597,0.0704328285995171,0.0234618954019046,0.0230149657335554,0.000446929668349139,0.994365605383092,-1.4609263816191
2.506,1.04283089509882,-0.601295433637908,0.0734349860499834,-0.554412735584733,0.0703764744928907,0.015411627922124,0.0149655327451764,0.000446095176947603,0.994357941533445,-1.46091354627943
2.508,1.04305090875549,-0.596294749649936,0.0733736868862662,-0.549527707756634,0.070320568243042,0.0153494818147754,0.014904227252749,0.000445254562026376,0.994350296997014,-1.4609007524081
2.51,0.993479366786854,-0.676704851162085,0.0733128363166912,-0.618312771560638,0.0702651104898149,0.0236984185701219,0.0232540106991151,0.000444407871006858,0.994342672136244,-1.46088800061776
2.512,1.02238823794816,-0.622013986593127,0.0732524350929825,-0.570468674348846,0.0702101018562056,0.0185789196001793,0.018135364448894,0.000443555151285246,0.994335067311647,-1.46087529151752
2.514,1.06755698712181,-0.539809370147572,0.0731924839478582,-0.498951122260299,0.0701555429485363,0.011846848423043,0.011404151972811,0.000442696450231983,0.994327482881781,-1.46086262571298
2.516,0.981727714415868,-0.682752655586765,0.0731329835952228,-0.621743410264545,0.0701014343566298,0.0258895014698842,0.0254476696546942,0.000441831815189975,0.99431991920322,-1.46085000380612
2.518,0.914901695785974,-0.79216134820005,0.073073934730359,-0.715436004483493,0.0700477766539828,0.04072056571156,0.0402796044180864,0.000440961293473596,0.994312376630537,-1.4608374263953
2.52,0.904749704389603,-0.803680571628125,0.0730153380301196,-0.724547347786877,0.0699945703979386,0.0433219456787087,0.0428818607463405,0.000440084932368134,0.994304855516272,-1.46082489407522
2.522,0.99097873717238,-0.649894746297389,0.0729571941531195,-0.591025188808407,0.0699418161298605,0.0241902861313413,0.0237510833522127,0.000439202779128567,0.994297356210917,-1.46081240743684
2.524,1.00497308135091,-0.620962844867043,0.0728995037399267,-0.565397722287677,0.0698895143753032,0.0216146102524442,0.0211762953714657,0.000438314880978452,0.994289879062886,-1.46079996706739
2.526,0.877615967151508,-0.83452889661407,0.0728422674132533,-0.749030448363033,0.0698376656441854,0.0506142273684769,0.0501768060833673,0.000437421285109596,0.994282424418494,-1.46078757355031
2.528,0.860974420773587,-0.856891241056846,0.0727854857781466,-0.767428616023771,0.0697862704309603,0.0554169978316421,0.0549804757929612,0.000436522038680942,0.99427499262194,-1.46077522746521
2.53,0.883079027203712,-0.812691993546198,0.0727291594221793,-0.728359046858934,0.0697353292147867,0.0493296643183395,0.0488940471295214,0.000435617188818127,0.994267584015275,-1.46076292938783
2.532,0.83593547693664,-0.887477368393431,0.0726732889156393,-0.792011019055398,0.0696848424596989,0.0631387896163402,0.0627040828337276,0.000434706782612593,0.994260198938391,-1.46075067989001
2.534,0.80631441482896,-0.931734030565288,0.0726178748117193,-0.829224442241315,0.0696348106147762,0.0727866084454084,0.0723528175782871,0.000433790867121253,0.994252837728994,-1.46073847953968
2.536,0.825651798698842,-0.891790096744974,0.0725629176467056,-0.793712904201515,0.0695852341143121,0.0667142154520542,0.0662813459626885,0.000432869489365717,0.994245500722582,-1.46072632890077
2.538,0.815047189337466,-0.903425142842366,0.0725084179401671,-0.802756884304427,0.0695361133779823,0.0703141616507158,0.0698822189543834,0.000431942696332399,0.99423818825243,-1.46071422853322
2.54,0.746853222212822,-1.01367405531713,0.0724543761951428,-0.896895327533653,0.0694874488110123,0.0945403796226225,0.0941093690876512,0.000431010534971299,0.994230900649566,-1.46070217899292
2.542,0.762279969264343,-0.979898509500056,0.0724007928983296,-0.866583712472294,0.0694392408043444,0.0891048148017376,0.0886747417495412,0.000430073052196445,0.994223638242751,-1.46069018083169
2.544,0.776367240189707,-0.948642055226141,0.0723476685202686,-0.838477963117858,0.0693914897348038,0.0843027881353044,0.0838736578404197,0.000429130294884783,0.994216401358464,-1.46067823459727
2.546,0.749690220263433,-0.987441300085084,0.0722950035155321,-0.870876227568472,0.0693441959652641,0.0944002099056963,0.0939720275958195,0.000428182309876735,0.994209190320877,-1.46066634083323
2.548,0.734017988399996,-1.00712843278698,0.0722427983229084,-0.886722869729573,0.0692973598448122,0.100765947685659,0.100338718541683,0.000427229143975638,0.994202005451843,-1.460654500079
2.55,0.707122285949657,-1.0459149005954,0.0721910533655871,-0.919028250457868,0.0692509817089119,0.111937470864747,0.111511200020799,0.000426270843947307,0.994194847070874,-1.4606427128698
2.552,0.719635478811974,-1.01692903698494,0.0721397690513432,-0.892767109003433,0.0692050618795671,0.107274723269823,0.106849415813302,0.000425307456520474,0.994187715495122,-1.46063097973662
2.554,0.719893428283524,-1.00913035708397,0.0720889457727206,-0.88482498773492,0.0691596006654843,0.107596282544658,0.107171943516271,0.000424339028386345,0.994180611039368,-1.46061930120621
2.556,0.724607341768599,-0.993750551497392,0.0720385839072146,-0.870337614140395,0.0691145983622338,0.106135834404165,0.105712468797966,0.0004233656061986,0.994173534015998,-1.46060767780103
2.558,0.800379178996514,-0.856753158157716,0.071988683817454,-0.750839056479203,0.0690700552524105,0.0783360004567576,0.077913613220184,0.000422387236573618,0.994166484734991,-1.46059611003921
2.56,0.741816420224104,-0.950765097630599,0.0719392458513823,-0.830987101254701,0.0690259716057936,0.100135880021783,0.0997144760556922,0.000421403966090361,0.994159463503902,-1.46058459843457
2.562,0.76370089634317,-0.906363809181526,0.0718902703424378,-0.791480798312025,0.0689823476795051,0.0922138262956879,0.0917934104543973,0.0004204158412906,0.994152470627844,-1.46057314349656
2.564,0.72410334050569,-0.967558580936324,0.0718417576097329,-0.843219905734434,0.0689391837181681,0.108017751967841,0.107598329059162,0.000419422908678913,0.994145506409477,-1.46056174573021
2.566,0.811817384831221,-0.810312420707959,0.0717937079582331,-0.706205158979383,0.0688964799540635,0.0759008195140085,0.0754823942992856,0.000418425214722906,0.994138571148988,-1.46055040563618
2.568,0.828585387764018,-0.775608895731565,0.0717461216789343,-0.675215617441115,0.0688542366072863,0.0706568315017453,0.0702394086958919,0.00041742280585344,0.994131665144082,-1.46053912371065
2.57,0.863208993178226,-0.710561199589765,0.0716989990490395,-0.618046983228614,0.0688124538859001,0.0601026062083614,0.0596861904798967,0.000416415728464736,0.994124788689963,-1.46052790044537
2.572,0.920753980515542,-0.606699714191569,0.071652340332135,-0.52741632186402,0.0687711319860917,0.0442789838493845,0.0438635798204695,0.000415404028914934,0.994117942079323,-1.46051673632757
2.574,0.939171593072119,-0.570530085477292,0.0716061457783647,-0.495382875061156,0.0687302710923236,0.0398460815833121,0.039431693829786,0.000414387753526091,0.994111125602326,-1.46050563184001
2.576,0.87301635683943,-0.679405263133135,0.0715604156246043,-0.588705616476279,0.0686898713774865,0.0578922526696591,0.0574788857210745,0.000413366948584626,0.9941043395466,-1.46049458746089
2.578,0.759031814894524,-0.869438025154679,0.071515150094634,-0.752021386926614,0.06864993300305,0.0968021759439641,0.0963898342836224,0.000412341660341764,0.994097584197218,-1.46048360366386
2.58,0.686364316486829,-0.987471456432892,0.0714703493993102,-0.852894927111777,0.0686104561192124,0.127113100833025,0.126701788898012,0.000411311935013647,0.994090859836691,-1.46047268091801
2.582,0.742103254753002,-0.884909853887269,0.0714260137367366,-0.762992669804956,0.0685714408650497,0.104460602042011,0.104050324223229,0.000410277818782112,0.994084166744954,-1.46046181968785
2.584,0.73624863555761,-0.888462958245007,0.0713821432924337,-0.764907617819221,0.0685328873686636,0.107340198863953,0.106930959506159,0.000409239357794688,0.994077505199353,-1.46045102043324
2.586,0.675887038947849,-0.985290322099023,0.0713387382395071,-0.847426189452073,0.0684947957473275,0.133621367587291,0.133213170989126,0.000408196598165378,0.994070875474638,-1.46044028360945
2.588,0.659619993903268,-1.00600648525547,0.0712957987388158,-0.864038911306969,0.0684571661076327,0.141753430919172,0.141346281333197,0.000407149585975097,0.994064277842947,-1.46042960966708
2.59,0.632951867768086,-1.04438753786954,0.0712533249391377,-0.895888589639852,0.0684199985456325,0.155149316625228,0.154743218257956,0.00040609836727179,0.994057712573801,-1.46041899905208
2.592,0.707375236037969,-0.909514654857403,0.0712113169773357,-0.777914068246819,0.0683832931469853,0.122005900347315,0.121600857359244,0.000405042988071536,0.994051179934091,-1.4604084522057
2.594,0.772336809942232,-0.791728520100448,0.0711697749785212,-0.674857527182646,0.0683470499870974,0.0963634620069367,0.0959594785125784,0.000403983494358329,0.994044680188066,-1.46039796956452
2.596,0.739650245380028,-0.841815237818068,0.0711286990562173,-0.717068225191993,0.068311269131263,0.109794890863754,0.109391970931668,0.000402919932085632,0.99403821359733,-1.46038755156039
2.598,0.745463745458716,-0.825695753010671,0.0710880893125207,-0.701969089696258,0.0682759506348051,0.108073104753603,0.107671252406427,0.000401852347175491,0.994031780420829,-1.46037719862044
2.6,0.835573129337194,-0.665463101174838,0.0710479458382622,-0.562265986279491,0.0682410945432129,0.0753476662800492,0.0749468854945284,0.000400780785520749,0.994025380914843,-1.46036691116704
2.602,0.83817258543446,-0.656012625287866,0.0710082687131657,-0.55313137615167,0.0682067008922802,0.0749301199590538,0.0745304146660696,0.000399705292984165,0.994019015332978,-1.46035668961784
2.604,0.909268287579898,-0.529451839274798,0.070969058006007,-0.442721372620603,0.0681727697082412,0.0533947770367642,0.0529961511213645,0.000398625915399742,0.994012683926158,-1.4603465343857
2.606,0.929699449255545,-0.490406298454686,0.0709303137747703,-0.408142688258116,0.0681393010079053,0.0481014171242661,0.0477038744256926,0.000397542698573505,0.994006386942619,-1.46033644587871
2.608,0.929827110833746,-0.486353026158558,0.0708920360668038,-0.403870507299541,0.0681062947987912,0.0483804486357915,0.0479839929475082,0.000396455688283281,0.994000124627899,-1.46032642450016
2.61,1.0020007633322,-0.359105741992076,0.0708542249189744,-0.293033350878761,0.0680737510792592,0.0312020025896656,0.0308066376593856,0.000395364930280029,0.993993897224837,-1.46031647064854
2.612,1.08497370216456,-0.214248563440615,0.0708168803578205,-0.167105389707456,0.0680416698386426,0.0160860011593919,0.0156917306891036,0.000394270470288283,0.993987704973558,-1.46030658471754
2.614,1.08490482022242,-0.212383624701555,0.0707800023997041,-0.165051253314977,0.0680100510573774,0.0162193471570631,0.0158261748030566,0.000393172354006488,0.993981548111475,-1.46029676709601
2.616,1.06163456241897,-0.250207287466295,0.070743591050961,-0.197335169177415,0.0679788947071315,0.020149767761394,0.0197576971342862,0.000392070627107777,0.993975426873279,-1.46028701816799
2.618,0.90739570394048,-0.511715335523122,0.0707076463080505,-0.423119879510326,0.0679482007509318,0.0558952511936542,0.0555042858584134,0.000390965335240856,0.993969341490936,-1.46027733831265
2.62,0.908053134820831,-0.506627240849719,0.0706721681577028,-0.417900294055767,0.0679179691432906,0.056086966805192,0.055697110281162,0.000389856524030008,0.99396329219368,-1.46026772790434
2.622,0.933175457472922,-0.459749319157728,0.0706371565770657,-0.37651589715256,0.0678881998303303,0.0494266930637302,0.0490379488246539,0.000388744239076311,0.993957279208009,-1.46025818731254
2.624,0.834211381203066,-0.625314531701198,0.0706026115338501,-0.51904422887785,0.0678588927499071,0.0803660954467717,0.079978466920814,0.000387628525957751,0.993951302757681,-1.46024871690187
2.626,0.819495161732562,-0.645758508027205,0.0705685329864735,-0.535766966187534,0.0678300478317336,0.08610558820566,0.0857190787754297,0.000386509430230331,0.993945363063712,-1.46023931703208
2.628,0.88218403125981,-0.533762449556996,0.0705349208842029,-0.437818165688781,0.0678016649974991,0.0656389202231686,0.0652535332257406,0.000385386997428072,0.993939460344368,-1.46022998805806
2.63,0.892254316124601,-0.512450841031305,0.0705017751672953,-0.418495698257714,0.06777374416099,0.0629895561940688,0.0626052949210046,0.000384261273064235,0.993933594815165,-1.46022073032979
2.632,0.878961132798869,-0.531212441797625,0.0704690957671383,-0.433885238589928,0.0677462852282076,0.067594044980822,0.0672109126781906,0.000383132302631428,0.993927766688866,-1.46021154419239
2.634,0.844971690819237,-0.585217278399863,0.0704368826063877,-0.479761396083014,0.0677192880974854,0.0793246130335017,0.0789426129018994,0.000382000131602278,0.993921976175476,-1.46020242998607
2.636,0.875646574870198,-0.528366874036621,0.0704051355991052,-0.429580973524863,0.0676927526596049,0.0696844323426463,0.0693035675372161,0.000380864805430203,0.993916223482244,-1.46019338804618
2.638,0.860637581139683,-0.549955895363809,0.0703738546508932,-0.447385016395429,0.0676666787979096,0.0751289728371263,0.0747492464675767,0.000379726369549638,0.993910508813654,-1.46018441870314
2.64,0.813310858020164,-0.626616453041951,0.0703430396590296,-0.512851521479027,0.0676410663884183,0.0923738961059407,0.0919953112365636,0.000378584869377141,0.993904832371433,-1.46017552228249
2.642,0.88355920558998,-0.501905556258148,0.0703126905126005,-0.403815362292766,0.0676159152999366,0.0687981342678761,0.0684206939175651,0.000377440350311065,0.993899194354539,-1.46016669910487
2.644,0.913914116495379,-0.446179249929454,0.0702828070926311,-0.354668848767006,0.0675912253941674,0.0599509873479179,0.0595746944901851,0.000376292857732885,0.993893594959169,-1.460157949486
2.646,0.954928736020694,-0.372621586857095,0.0702533892722161,-0.29013453278662,0.0675669965258196,0.0488006643919774,0.04842552195497,0.000375142437007425,0.993888034378753,-1.46014927373673
2.648,0.858376650993664,-0.534518729154637,0.0702244369166478,-0.429658581372442,0.067543228542716,0.0786633359455826,0.0782893468120995,0.000373989133483077,0.993882512803954,-1.46014067216297
2.65,0.846342308330119,-0.550988753905303,0.0701959498835436,-0.442993509027644,0.0675199212858991,0.083447233549324,0.0830744005568315,0.000372832992492578,0.993877030422671,-1.46013214506575
2.652,0.775588218927337,-0.667625170706183,0.0701679280229712,-0.543093770120849,0.0674970745897366,0.110878497965199,0.110506823905846,0.000371674059353566,0.993871587420035,-1.46012369274119
2.654,0.826796847652127,-0.575226945846951,0.0701403711775728,-0.461916303435188,0.0674746882820242,0.091896273280044,0.0915257609006755,0.000370512379368582,0.993866183978413,-1.46011531548051
2.656,0.821645227377631,-0.579678232234059,0.0701132791826881,-0.464768837477373,0.0674527621840884,0.0945324591607123,0.0941631111628865,0.000369347997825842,0.993860820277407,-1.46010701357002
2.658,0.827783577663582,-0.564826885704148,0.0700866518664752,-0.450879994704681,0.0674312961108868,0.0929956187293226,0.0926274377693229,0.000368180959999687,0.993855496493855,-1.46009878729116
2.66,0.859022296160555,-0.50722753919617,0.0700604890500305,-0.399948793138674,0.0674102898711075,0.0825012463965658,0.0821342350854152,0.000367011311150578,0.993850212801831,-1.46009063692044
2.662,0.915918122588287,-0.406219706865013,0.0700347905475074,-0.311448738791169,0.0673897432672675,0.0644878013344284,0.0641219622379027,0.000365839096525766,0.993844969372652,-1.46008256272949
2.664,0.829639401061853,-0.550268325981982,0.0700095561662326,-0.43550298150325,0.0673696560958089,0.0944309962635951,0.0940663319022355,0.000364664361359623,0.993839766374872,-1.46007456498505
2.666,0.752323136618172,-0.678057034410213,0.0699847857068218,-0.54528833955433,0.0673500281471943,0.126301761846601,0.125938274695727,0.000363487150873754,0.993834603974291,-1.46006664394899
2.668,0.726048899350481,-0.717888925000375,0.0699604789632935,-0.578655045513421,0.067330859206001,0.138912482439463,0.138550174929186,0.000362307510277438,0.993829482333954,-1.46005879987827
2.67,0.79216600146084,-0.59980055914656,0.0699366357231817,-0.475027177860819,0.0673121490510127,0.111664711341391,0.111303585856623,0.000361125484767966,0.993824401614153,-1.46005103302499
2.672,0.792621563282939,-0.594537313660839,0.0699132557676467,-0.469371726181329,0.0672938974553116,0.112401814417188,0.112041873297657,0.000359941119530527,0.993819361972433,-1.46004334363638
2.674,0.841444624650468,-0.506790916184805,0.0698903388715845,-0.392176341513909,0.0672761041863673,0.0943381294283399,0.0939793749686011,0.000358754459738875,0.993814363563594,-1.4600357319548
2.676,0.81745147121524,-0.543855271208812,0.0698678848037351,-0.423333842171336,0.0672587690061257,0.104306718283877,0.103949152733322,0.000357565550554995,0.993809406539692,-1.46002819821774
2.678,0.769400158755135,-0.621713036408578,0.069845893326789,-0.489829153546996,0.0672418916710955,0.124868766864189,0.12451239242706,0.000356374437129769,0.993804491050045,-1.46002074265786
2.68,0.834821608395107,-0.505506725364573,0.0698243641974919,-0.38786767536572,0.0672254719324342,0.099453441805334,0.0990982606407311,0.000355181164602869,0.99379961724124,-1.46001336550294
2.682,0.793220449272218,-0.572607314729093,0.0698032971667488,-0.445074419392779,0.0672095095360323,0.11685736064025,0.116503374862147,0.000353985778102528,0.99379478525713,-1.46000606697597
2.684,0.822613059401627,-0.518191862587208,0.0697826919797258,-0.396756299242605,0.0671940042225955,0.106013630764204,0.105660842441457,0.000352788322746433,0.993789995238844,-1.45999884729506
2.686,0.820413287871774,-0.518013678565065,0.069762548375951,-0.395559805861914,0.067178955727727,0.107822941948401,0.10747135310476,0.000351588843640838,0.993785247324791,-1.45999170667351
2.688,0.856198885908658,-0.453071700836508,0.0697428660894132,-0.338149334285478,0.0671643637820069,0.0950349843506599,0.0946845969647789,0.000350387385881001,0.993780541650664,-1.45998464531983
2.69,0.975979027635593,-0.245363167489687,0.0697236448486601,-0.156890224390156,0.0671502281110715,0.056481229857063,0.0561320458625118,0.000349183994551194,0.993775878349445,-1.4599776634377
2.692,0.985645419914443,-0.226766367421163,0.069704884376894,-0.140020186539011,0.0671365484356898,0.0543248267140128,0.053976847999288,0.000347978714724806,0.993771257551411,-1.45997076122601
2.694,0.986077233764897,-0.224037992903934,0.069686584392067,-0.136942390547121,0.0671233244718403,0.0547736316253699,0.0544268600339064,0.000346771591463457,0.993766679384139,-1.45996393887886
2.696,0.986565346714407,-0.221234108691663,0.0696687446069737,-0.133797322479282,0.0671105559307849,0.0552137221743349,0.054868159504517,0.000345562669817889,0.993762143972514,-1.45995719658557
2.698,0.996611666089082,-0.20216134042615,0.0696513647293434,-0.116524393795866,0.0670982425191425,0.0529900299126678,0.0526456779178409,0.000344351994826964,0.993757651438733,-1.45995053453071
2.7,0.91855144023158,-0.333362959766046,0.0696344444619301,-0.229764091640157,0.0670863839389606,0.0774079138040736,0.0770647741925554,0.000343139611518217,0.99375320190231,-1.45994395289408
2.702,0.895983783311112,-0.369128729530208,0.0696179835026015,-0.259965669904737,0.067074979887786,0.0859273805526181,0.0855854549877113,0.000341925564906864,0.993748795480087,-1.45993745185075
2.704,0.909442231651888,-0.343276100396186,0.0696019815444263,-0.236601600371876,0.0670640300587336,0.0820872974463096,0.0817465875463135,0.000340709899996128,0.993744432286237,-1.45993103157104
2.706,0.873155881647299,-0.402345714956747,0.0695864382757597,-0.287027728855221,0.0670535341405543,0.0958914295622766,0.0955519369005003,0.000339492661776353,0.993740112432274,-1.45992469222055
2.708,0.842857432032164,-0.450822416796198,0.0695713533803285,-0.328178055150724,0.0670434918177016,0.108440522253088,0.108102248357862,0.000338273895225338,0.993735836027055,-1.45991843396019
2.71,0.821464776272089,-0.48380868623125,0.0695567265373131,-0.355808292795038,0.0670339027703962,0.118112152729621,0.117775099084314,0.00033705364530745,0.993731603176794,-1.45991225694616
2.712,0.927216664215504,-0.300032260185835,0.0695425574214299,-0.195048483185265,0.0670247666746898,0.0795793473091201,0.0792435153521467,0.000335831956973398,0.993727413985064,-1.45990616132998
2.714,0.9325396835279,-0.288513109916148,0.0695288457030107,-0.184180483912814,0.0670160832025278,0.0786136076035979,0.0782789987284383,0.000334608875159681,0.99372326855281,-1.4599001472585
2.716,0.947609750860451,-0.260475884258771,0.0695155910480813,-0.158964264739449,0.0670078520218098,0.0744506345614442,0.0741172501166559,0.000333384444788254,0.993719166978352,-1.45989421487392
2.718,1.03584656800323,-0.108051649448248,0.0695027931184388,-0.0256610363518105,0.0670000727964495,0.0491662617865885,0.0488341030758228,0.00033215871076564,0.993715109357394,-1.45988836431378
2.72,1.0400451883259,-0.0997253957415645,0.0694904515717271,-0.0177845416216377,0.066992745186433,0.0486419112989165,0.0483109795809336,0.00033093171798293,0.993711095783038,-1.459882595711
2.722,1.15624275826055,0.0991993625956951,0.0694785660615109,0.155783088635027,0.0669858688478756,0.0233707522403543,0.0230410487290397,0.000329703511314561,0.993707126345784,-1.45987690919391
2.724,1.15895132969804,0.103606840442627,0.0694671362373489,0.160006438485878,0.0669794434330779,0.0232235784376879,0.0228951043020698,0.000328474135618095,0.993703201133545,-1.4598713048862
2.726,1.12423794844882,0.0442918396182514,0.0694561617448645,0.108818890918998,0.0669734685905795,0.0303011166872272,0.0299738730514939,0.000327243635733221,0.993699320231653,-1.45986578290701
2.728,1.13147461793239,0.0567660427178199,0.0694456422258162,0.120131309273051,0.0669679439652124,0.0292346438793353,0.0289086318228541,0.000326012056481195,0.99369548372287,-1.45986034337088
2.73,1.24840051131983,0.255803621875422,0.0694355773181655,0.293688905678557,0.0669628691981527,0.0106602211879475,0.0103354417452833,0.00032477944266418,0.993691691687395,-1.45985498638784
2.732,1.18522558183377,0.147060315345796,0.0694259666561444,0.199312343097526,0.0669582439269707,0.0199867535383546,0.0196632076992906,0.000323545839064021,0.993687944202874,-1.45984971206333
2.734,1.22106170953921,0.207496851295959,0.0694168098703205,0.252230886016731,0.0669540677856804,0.0147362109362017,0.0144138996457597,0.000322311290441912,0.993684241344412,-1.45984452049832
2.736,1.11361250528027,0.0237804048102008,0.0694081065876614,0.0926720963504121,0.0669503404047867,0.0345106352215888,0.0341895593800517,0.000321075841537066,0.993680583184579,-1.45983941178924
2.738,0.99587516759563,-0.176196247136744,0.0693998564315973,-0.0808224095815445,0.0669470614113324,0.0658543331060194,0.0655344935689536,0.000319839537065825,0.993676969793422,-1.45983438602805
2.74,0.991729547483532,-0.181642224304446,0.0693920590220824,-0.0848100426409876,0.0669442304289431,0.0678801616105128,0.0675615591887917,0.000318602421721104,0.993673401238476,-1.45982944330223
2.742,0.98644843574897,-0.18898481312246,0.0693847139756546,-0.0904369566739533,0.0669418470778713,0.0703016554172871,0.0699842908771164,0.000317364540170728,0.99366987758477,-1.45982458369481
2.744,1.03662510082388,-0.10198076296491,0.069377820905494,-0.0139343496095153,0.0669399109750385,0.0561853562153395,0.0558692302782825,0.000316125937056988,0.993666398894844,-1.45981980728439
2.746,0.965022949585174,-0.222609855644993,0.0693713794214805,-0.118261415048774,0.0669384217340773,0.0787953576067415,0.0784804709497464,0.000314886656995084,0.993662965228753,-1.45981511414514
2.748,0.990804341553911,-0.176880238246538,0.0693653891302485,-0.0776228568277481,0.0669373789653709,0.0713290903948329,0.0710154436502609,0.000313646744572016,0.99365957664408,-1.45981050434683
2.75,0.933934456746586,-0.271952146551563,0.0693598496352421,-0.159619409496668,0.0669367822760919,0.0912774521650379,0.0909650459206922,0.000312406244345698,0.99365623319595,-1.45980597795487
2.752,0.942769636273417,-0.254716170792323,0.0693547605367675,-0.143711571448327,0.0669366312702402,0.0891444405243784,0.088833275323535,0.0003111652008434,0.993652934937034,-1.45980153503027
2.754,0.970993469506338,-0.204646499897576,0.0693501214320447,-0.0992239989025537,0.066936925548679,0.0804388656600244,0.0801289420014635,0.000309923658560862,0.993649681917568,-1.45979717562972
2.756,0.931348020574713,-0.270242218406862,0.0693459319152578,-0.155524650050867,0.0669376647091699,0.0951961546978301,0.0948874730358697,0.000308681661960408,0.993646474185357,-1.45979289980559
2.758,1.02251729247026,-0.113135176373,0.0693421915776033,-0.017762989180761,0.0669388483464067,0.0658941612993793,0.0655867220439091,0.000307439255470165,0.993643311785791,-1.45978870760591
2.76,1.10752828182244,0.03246110943935,0.0693389000073379,0.109800623374221,0.066940476052048,0.0434378326577589,0.0431316361742767,0.00030619648348218,0.993640194761855,-1.45978459907445
2.762,1.14008239384293,0.0879714708402895,0.0693360567898247,0.158718761367361,0.0669425474147483,0.0363985773189077,0.0360936239285564,0.000304953390351304,0.993637123154139,-1.45978057425071
2.764,1.20462761262902,0.197446438603447,0.0693336615075774,0.254599153977197,0.0669450620201883,0.0238596048308522,0.0235558948104587,0.000303710020393533,0.993634097000852,-1.45977663316993
2.766,1.23378764278504,0.246087407582897,0.069331713740304,0.297346140790584,0.066948019451104,0.0192509215209744,0.0189484551030895,0.000302466417884895,0.993631116337834,-1.45977277586311
2.768,1.30045446543582,0.35809240845433,0.0693302130649488,0.39526433838784,0.0669514192873137,0.0102662314875348,0.00996500886047564,0.000301222627059117,0.993628181198563,-1.45976900235708
2.77,1.36191316390987,0.460497037746204,0.069329159055733,0.484689496399773,0.0669552611057452,0.00452096639537736,0.00422098770327062,0.000299978692106739,0.993625291614175,-1.45976531267444
2.772,1.34558652910389,0.430144214202164,0.0693285512841939,0.458270121208637,0.0669595444804606,0.00600393569111644,0.00570520103394355,0.000298734657172894,0.993622447613469,-1.45976170683364
2.774,1.28082694333704,0.317775964721768,0.0693283893192231,0.360381535221479,0.0669642689826803,0.0133890585043302,0.013091567937974,0.000297490566356196,0.993619649222922,-1.45975818484898
2.776,1.32509937073543,0.391237129055278,0.0693286727271035,0.424652344930014,0.0669694341808064,0.00834902324446476,0.00805277678075825,0.000296246463706518,0.993616896466703,-1.45975474673064
2.778,1.31393586044421,0.370114751173616,0.0693294010715438,0.406360938348931,0.0669750396404437,0.0097699586487397,0.00947495625551614,0.000295002393223553,0.993614189366683,-1.45975139248467
2.78,1.2811897740665,0.312507719035777,0.0693305739137136,0.35627453230979,0.0669810849244207,0.0141082549191512,0.0138144965202963,0.000293758398854815,0.993611527942446,-1.45974812211307
2.782,1.35676073624779,0.439082700162695,0.0693321908122755,0.466905774687753,0.0669875695928091,0.00587522774152579,0.00558271321703205,0.000292514524493748,0.993608912211307,-1.45974493561374
2.784,1.37140213947542,0.461428116227252,0.0693342513234167,0.486471234821251,0.0669944932029412,0.00481398344837042,0.00452271263439236,0.000291270813978062,0.993606342188318,-1.45974183298057
2.786,1.42158325774344,0.543912164887201,0.0693367550008794,0.558479813648173,0.0670018553094279,0.00182035844945969,0.00153033113837206,0.000290027311087626,0.993603817886288,-1.4597388142034
2.788,1.39352430202391,0.493123742822587,0.0693397013959897,0.514107963777243,0.0670096554641739,0.00346400345195899,0.00317521939241641,0.000288784059542579,0.993601339315789,-1.45973587926808
2.79,1.39734143302179,0.49674089460374,0.069343090057685,0.51727057615887,0.0670178932163928,0.00332654487687699,0.00303900377387588,0.00028754110300111,0.993598906485174,-1.4597330281565
2.792,1.39605027768719,0.491669800493131,0.0693469205325404,0.512846330049684,0.0670265681126204,0.00351964612772049,0.00323334764266259,0.000286298485057901,0.993596519400585,-1.45973026084656
2.794,1.36595686047248,0.437793836065663,0.0693511923647942,0.465827591990554,0.0670356796967277,0.00595108335316276,0.00566602710392129,0.000285056249241467,0.993594178065973,-1.45972757731227
2.796,1.40297437497326,0.498062598596137,0.0693559050963712,0.518514812410155,0.0670452275099318,0.00329936912979955,0.00301555469078718,0.000283814439012375,0.993591882483104,-1.45972497752368
2.798,1.45203616129844,0.578341870254914,0.0693610582669056,0.588605414834213,0.0670552110908062,0.00104193541116389,0.000759362313402859,0.00028257309776103,0.993589632651578,-1.45972246144698
2.8,1.41474096331748,0.511700191223102,0.0693666514137624,0.530316368698589,0.0670656299752903,0.00277937748747711,0.00249804521867155,0.000281332268805556,0.993587428568837,-1.4597200290445
2.802,1.46063810825209,0.586504470105473,0.0693726840720574,0.595625201569232,0.067076483696697,0.000879663307547182,0.000599571312157929,0.000280091995389253,0.993585270230185,-1.4597176802747
2.804,1.40878534865153,0.495153568867451,0.0693791557746761,0.515730007970458,0.0670877717857199,0.00333012789064093,0.00305127556996223,0.000278852320678702,0.993583157628794,-1.45971541509224
2.806,1.40556527703463,0.486822366057982,0.0693860660522914,0.508454872986846,0.0670994937704393,0.00364979867491591,0.00337218538715459,0.000277613287761325,0.993581090755723,-1.45971323344797
2.808,1.42827734535407,0.522481040597134,0.06939341443338,0.539619227450447,0.0671116491763266,0.00239269571026199,0.00211632077061916,0.000276374939642832,0.993579069599929,-1.45971113528896
2.81,1.45746023597474,0.568860472861727,0.0694012004442377,0.580110642146858,0.0671242375262485,0.00118698256207928,0.000911845242834062,0.000275137319245222,0.993577094148283,-1.45970912055855
2.812,1.43100579294463,0.520688178423758,0.0694094236089933,0.537927596112982,0.0671372583404691,0.00241480228655337,0.00214090181714925,0.00027390046940412,0.99357516438558,-1.45970718919631
2.814,1.42243645829585,0.503129721523102,0.0694180834496217,0.522552476775507,0.067150711136652,0.00298984850687374,0.0027171840740073,0.000272664432866443,0.993573280294555,-1.45970534113815
2.816,1.47012007627797,0.58094642581938,0.0694271794859552,0.590559354546514,0.0671645954298607,0.000936935178044641,0.000665505925756794,0.000271429252287847,0.993571441855899,-1.45970357631626
2.818,1.49135892740358,0.613463359974197,0.0694367112356944,0.618879984796515,0.067178910732558,0.000481465233061154,0.000211270262830868,0.000270194970230286,0.993569649048268,-1.45970189465918
2.82,1.48682826614617,0.602133864294988,0.069446678214417,0.608829911648903,0.0671936565546046,0.000591778006549282,0.000322816377389824,0.000268961629159459,0.993567901848301,-1.45970029609183
2.822,1.41320344001589,0.473920945397475,0.0694570799355862,0.496590853727371,0.0672088324032564,0.00396731428252039,0.00369958501107803,0.000267729271442363,0.993566200230631,-1.45969878053549
2.824,1.36541434472211,0.390296755129275,0.0694679159105576,0.423486071366576,0.067224437783161,0.00819483937481949,0.00792834143547508,0.000266497939344412,0.9935645441679,-1.45969734790787
2.826,1.40340965159473,0.452406705305944,0.0694791856485851,0.477933709312351,0.0672404721963535,0.00495464282716941,0.00468937515214253,0.000265267675026881,0.993562933630776,-1.45969599812311
2.828,1.43242034674758,0.498897722811146,0.0694908886568253,0.518651230473465,0.06725693514225,0.00307160849487815,0.00280756997433347,0.000264038520544685,0.993561368587963,-1.4596947310918
2.83,1.47785283774969,0.572860940931551,0.0695030244403412,0.583350963189546,0.0672738261176422,0.00105443482383034,0.000791624305987403,0.000262810517842937,0.993559849006214,-1.45969354672102
2.832,1.48508675551053,0.581708031118893,0.0695155925021045,0.59099590771712,0.0672911446166886,0.000882053509837786,0.000620469801082944,0.000261583708754842,0.993558374850353,-1.45969244491435
2.834,1.4338604646174,0.491611906792211,0.0695285923429969,0.512049778193348,0.0673088901309069,0.00326420571290458,0.00300384757790566,0.000260358134998917,0.993556946083279,-1.4596914255719
2.836,1.33024840265753,0.313521317176919,0.0695420234618102,0.356192724632995,0.067327062149164,0.0133508510735994,0.0130917172354236,0.000259133838175774,0.993555562665988,-1.45969048859034
2.838,1.352810554356,0.349981722689333,0.0695558853552451,0.388324060427295,0.0673456601576657,0.01082592286697,0.0105680120072043,0.000257910859765675,0.993554224557583,-1.4596896338629
2.84,1.42797265259947,0.47513579535086,0.0695701775179093,0.49805874360949,0.0673646836399449,0.00403317491081192,0.00377648566968616,0.000256689241125763,0.993552931715291,-1.45968886127943
2.842,1.49407201705979,0.584134475158987,0.0695848994423145,0.593512803830722,0.0673841320768496,0.000887452754008898,0.000631983730521956,0.000255469023486943,0.993551684094475,-1.45968817072641
2.844,1.49599072775946,0.583915388899391,0.0696000506188714,0.593213222754255,0.0674040049465294,0.000875296595073056,0.000621046347121607,0.000254250247951449,0.993550481648649,-1.45968756208694
2.846,1.54162939875942,0.65759094987083,0.0696156305358852,0.657625589084632,0.0674243017244209,0.000253041573346648,8.61785725151811e-09,0.000253032955489396,0.993549324329493,-1.45968703524082
2.848,1.50066793832751,0.584425011007819,0.0696316386795484,0.593344086895843,0.0674450218832329,0.000823036794896565,0.000571219607960222,0.000251817186936343,0.993548212086869,-1.45968659006454
2.85,1.49161427797469,0.565663181288103,0.0696480745339336,0.576798129195881,0.06746616489293,0.00114069984308725,0.000890096860097183,0.000250602982990067,0.99354714486883,-1.45968622643131
2.852,1.40113384302732,0.409457005484824,0.0696649375809848,0.43985854112283,0.0674877302207158,0.00688295241155121,0.00663356202734342,0.000249390384207793,0.993546122621639,-1.4596859442111
2.854,1.32746182666088,0.282683608855184,0.0696822273005077,0.328878292891635,0.0675097173310142,0.0155601816150378,0.0153120021840346,0.000248179431003193,0.993545145289784,-1.45968574327062
2.856,1.29117965181006,0.219901717486618,0.0696999431701592,0.274113864793219,0.0675321256854516,0.0213298920565472,0.0210829218929041,0.000246970163643168,0.99354421281599,-1.45968562347342
2.858,1.31660188548363,0.261740367808233,0.0697180846654352,0.311112862384472,0.0675549547428361,0.0177279068347446,0.0174821442124993,0.000245762622245294,0.993543325141232,-1.45968558467983
2.86,1.35519146380812,0.325536854484674,0.0697366512596581,0.367316039499408,0.0675782039591375,0.0127594989107126,0.0125149420639383,0.00024455684677438,0.993542482204755,-1.45968562674704
2.862,1.29112269249721,0.215587861675194,0.0697556424239628,0.271133211481464,0.0676018727874655,0.0223583085844864,0.0221149557074469,0.000243352877039471,0.993541683944083,-1.45968574952911
2.864,1.32117340208865,0.26524849123405,0.069775057627282,0.315015700226534,0.0676259606780473,0.017990434846785,0.0177482840940939,0.000242150752691073,0.993540930295036,-1.45968595287701
2.866,1.22707344216323,0.105027653863715,0.06979489633633,0.174798466476725,0.0676504670782045,0.0351143191132782,0.0348733686000602,0.00024095051321793,0.993540221191745,-1.45968623663858
2.868,1.27959761263271,0.193310720733827,0.0698151580155861,0.252702166297825,0.0676753914323285,0.0255017719830588,0.0252620197851151,0.000239752197943699,0.993539556566664,-1.45968660065866
2.87,1.2500543549104,0.142530748605977,0.0698358421272767,0.208534285284211,0.0677007331818561,0.0314293220867699,0.0311907662407454,0.000238555846024502,0.993538936350589,-1.45968704477901
2.872,1.21119883252151,0.0763706664753348,0.0698569481313558,0.150930689369023,0.0677264917652434,0.0400272260883966,0.0397898645919518,0.000237361496444821,0.993538360472666,-1.45968756883841
2.874,1.26592730726685,0.168516142075783,0.069878475485486,0.232297502579613,0.067752666617939,0.0293442881005732,0.0291081189125578,0.000236169188015389,0.993537828860412,-1.45968817267264
2.876,1.27675422873628,0.186008322966082,0.069900423645017,0.248059617301971,0.0677792571723569,0.0277767514406981,0.0275417724813287,0.000234978959369414,0.993537341439727,-1.45968885611454
2.878,1.26616560990945,0.167267831884282,0.0699227920629636,0.232006477727652,0.0678062628578478,0.0302032195715663,0.0299694287226064,0.000233790848959914,0.993536898134905,-1.45968961899398
2.88,1.29534644059971,0.215711541455646,0.0699455801899835,0.274947613995892,0.0678336831006703,0.0253157644060823,0.0250831595110264,0.000232604895055943,0.993536498868656,-1.45969046113797
2.882,1.33948790299614,0.289062714930063,0.0699687874743529,0.339705698447156,0.0678615173239608,0.0185589631161746,0.0183275419804345,0.00023142113574004,0.993536143562112,-1.45969138237058
2.884,1.36116015163098,0.324055110166725,0.069992413361942,0.370708655834625,0.0678897649477027,0.0157787342159665,0.0155484946070617,0.000230239608904781,0.993535832134849,-1.45969238251305
2.886,1.37588495218829,0.347107793332303,0.0700164572961892,0.391191474615245,0.0679184253886953,0.0141070186959215,0.0138779583436716,0.000229060352249899,0.993535564504898,-1.45969346138379
2.888,1.45613540142894,0.480442415607965,0.0700409187180746,0.50850679288849,0.0679474980605211,0.0058503772722829,0.00562249386900439,0.000227883403278506,0.993535340588757,-1.45969461879837
2.89,1.41129236580471,0.402107499243659,0.070065797066092,0.43975551214951,0.0679769823735129,0.0103412934833322,0.0101145846840377,0.000226708799294539,0.993535160301411,-1.45969585456959
2.892,1.41101269960183,0.399369537816398,0.0700910917762209,0.437500071401621,0.0680068777347199,0.0105973081866628,0.0103717716092633,0.000225536577399543,0.993535023556343,-1.45969716850749
2.894,1.37737910692286,0.340460592992778,0.0701168022818966,0.38589513766501,0.0680371835478736,0.0149447888587264,0.0147204220842374,0.000224366774489004,0.993534930265549,-1.45969856041936
2.896,1.30784218369801,0.221461339654581,0.07014292801398,0.281549152731257,0.0680678992133515,0.0259602579060315,0.0257370584787818,0.000223199427249798,0.993534880339552,-1.45970003010978
2.898,1.42127226015553,0.411379536046093,0.0701694684007264,0.448830830472528,0.0680990241281419,0.0102164059574821,0.00999437138532559,0.000222034572156526,0.993534873687418,-1.45970157738064
2.9,1.42297574624648,0.411923906040644,0.0701964228677532,0.449454145251033,0.0681305576858069,0.0102535690528441,0.0100326968073754,0.000220872245468628,0.993534910216768,-1.45970320203118
2.902,1.33292087290761,0.257974649002257,0.0702237908380067,0.314257899042447,0.0681624992764445,0.0227747767804122,0.0225550642971849,0.000219712483227386,0.993534989833796,-1.45970490385796
2.904,1.3768035734053,0.330500181882949,0.0702515717317284,0.378353988316528,0.0681948482866505,0.0165170290331805,0.0162984737119284,0.000218555321252034,0.993535112443279,-1.45970668265496
2.906,1.40962808326602,0.383941770936661,0.0702797649664198,0.425593867392801,0.0682276040994799,0.0125601934895961,0.0123427926944585,0.000217400795137546,0.993535277948595,-1.45970853821356
2.908,1.51607468481504,0.560937040909755,0.070308369956807,0.581445840620969,0.0682607660944067,0.0032074352375088,0.00299118629725795,0.000216248940250852,0.993535486251735,-1.45971047032256
2.91,1.59838907745357,0.696171584520526,0.0703373861148038,0.700378372720183,0.0682943336472837,0.000340901075613344,0.000125801283885387,0.000215099791727957,0.99353573725332,-1.45971247876822
2.912,1.61091734003036,0.713110013187246,0.0703668128494744,0.715095114761232,0.0683283061303014,0.000241954000808767,2.80006163379337e-05,0.000213953384470833,0.993536030852612,-1.4597145633343
2.914,1.62980814666792,0.740641209926075,0.070396649566995,0.739113205736214,0.0683626829119466,0.000229392906025392,1.6583152881531e-05,0.000212809753143861,0.993536366947528,-1.45971672380203
2.916,1.67710794557244,0.815775212009028,0.0704268956706147,0.804992403306727,0.0683974633569592,0.00103712746192286,0.000825458529751246,0.000211668932171616,0.993536745434661,-1.45971895995021
2.918,1.72698112775115,0.894744525112318,0.0704575505606151,0.874166383277299,0.0684326468262898,0.003215602222141,0.00300507126640614,0.000210530955734867,0.993537166209284,-1.45972127155515
2.92,1.73056227516946,0.895357533234179,0.0704886136342701,0.874279171840647,0.0684682326770557,0.00336094967709534,0.00315155381932754,0.000209395857767802,0.993537629165374,-1.45972365839078
2.922,1.70620882220407,0.849003892219127,0.0705200842858036,0.833038440081743,0.0685042202624961,0.00201551946675884,0.00180725579480347,0.000208263671955367,0.993538134195618,-1.4597261202286
2.924,1.631644010854,0.718553017666343,0.0705519619063472,0.717792434914673,0.0685406089319276,0.000211234148495131,4.0997167655368e-06,0.000207134431729594,0.993538681191434,-1.45972865683775
2.926,1.68237210875312,0.799538212811616,0.0705842458838968,0.788886602839459,0.0685773980306983,0.00100970589047457,0.000803697720207849,0.000206008170266725,0.993539270042978,-1.45973126798502
2.928,1.7617722590952,0.928176958607579,0.0706169356032687,0.90186790907108,0.0686145869001413,0.00510573541478122,0.00490085049429658,0.000204884920484649,0.993539900639166,-1.45973395343487
2.93,1.81360070900594,1.00964737115581,0.0706500304460543,0.973160047017628,0.0686521748775277,0.00962573392268878,0.00942196920764965,0.000203764715039134,0.993540572867683,-1.45973671294945
2.932,1.77142924244692,0.932668260978391,0.0706835297905745,0.904758935484224,0.0686901612960193,0.00571263309388777,0.00550998550756617,0.000202647586321603,0.993541286614997,-1.45973954628865
2.934,1.84162296795347,1.0449360446217,0.0707174330118331,1.00319871186728,0.06872854548462,0.0125181920710265,0.0123166585045709,0.000201533566455581,0.993542041766374,-1.4597424532101
2.936,1.84840056043976,1.04996380467772,0.0707517394814696,1.00700377802714,0.0687673267681275,0.0132429563645178,0.0130425336772237,0.000200422687294033,0.993542838205894,-1.45974543346918
2.938,1.8402221909033,1.02984616603057,0.070786448567711,0.988634638600222,0.0688065044670833,0.0121958907905281,0.0119965758101117,0.000199314980416365,0.993543675816461,-1.45974848681909
2.94,1.81934329716203,0.988538990327717,0.0708215596353228,0.951601626237131,0.0688460778977231,0.00983065060542826,0.00963244012830262,0.000198210477125649,0.99354455447982,-1.45975161301083
2.942,1.84987495514654,1.03380626417401,0.0708570720455598,0.990942901698892,0.0688860463719263,0.0131617137964837,0.0129646045880382,0.000197109208445512,0.99354547407657,-1.45975481179325
2.944,1.81620644758295,0.971023295601391,0.070892985156115,0.934947579982107,0.0689264091971644,0.00937503825961002,0.00917902705449244,0.000196011205117586,0.993546434486177,-1.45975808291307
2.946,1.83262823985849,0.992713073120258,0.0709292983210691,0.953518147911551,0.0689671656764498,0.011024307161821,0.0108293906642227,0.000194916497598285,0.993547435586988,-1.45976142611486
2.948,1.85682450339992,1.02730742982667,0.0709660108908381,0.983446082593159,0.0690083151082832,0.0137483264681021,0.0135545013520456,0.000193825116056479,0.993548477256246,-1.45976484114116
2.95,1.74536688630256,0.834097434029051,0.0710031222121212,0.812349682743791,0.0690498567866008,0.00352332785335506,0.00333059076298458,0.000192737090370487,0.993549559370102,-1.45976832773239
2.952,1.70357937969063,0.759013152152754,0.071040631627847,0.745683002850351,0.0690917900007209,0.00144229504966742,0.00125064259954233,0.00019165245012509,0.993550681803631,-1.45977188562697
2.954,1.65664829022074,0.675791038713673,0.0710785384771195,0.671908699698306,0.0691341140352904,0.000296598701771713,0.000106027477162409,0.000190571224609304,0.993551844430842,-1.45977551456128
2.956,1.76795263094144,0.858448718217956,0.0711168420951634,0.83290290436575,0.0691768281702296,0.00477763730681062,0.00458814386399702,0.000189493442813604,0.993553047124695,-1.4597792142697
2.958,1.74758961443407,0.819170824787403,0.0711555418132685,0.797781447666834,0.0692199316806781,0.00340324570875172,0.00321482657532501,0.000188419133426709,0.993554289757114,-1.45978298448465
2.96,1.7415882868038,0.804224305534145,0.0711946369587336,0.784180552985871,0.0692634238369384,0.00300885309947945,0.00282150477464543,0.000187348324834025,0.993555572198999,-1.45978682493661
2.962,1.74372893949617,0.803022709187259,0.0712341268548095,0.782730177132792,0.0693073039044207,0.00307665729708136,0.00289037625196749,0.000186281045113867,0.993556894320239,-1.4597907353541
2.964,1.72058199280363,0.759452900498573,0.0712740108206413,0.743857869032472,0.069351571143586,0.00189134416706984,0.00170612684503392,0.000185217322035913,0.993558255989728,-1.45979471546378
2.966,1.68928879146737,0.702516353635089,0.0713142881712102,0.693219592609561,0.0693962248098892,0.00079013508581925,0.000605977902761052,0.000184157183058198,0.993559657075379,-1.4597987649904
2.968,1.77536577801653,0.842577524094391,0.0713549582172747,0.816683982242463,0.0694412641537217,0.00488127108656463,0.00469817043123984,0.000183100655324786,0.99356109744413,-1.45980288365687
2.97,1.69581981977913,0.704314441066549,0.0713960202653106,0.694067043028563,0.0694866884203533,0.000917447064942827,0.000735399299279609,0.000182047765663218,0.993562576961969,-1.45980707118425
2.972,1.7314594999806,0.759851892470173,0.071437473617451,0.742863197057639,0.0695324968498738,0.00220105718211117,0.00202005864152888,0.000180998540582289,0.993564095493936,-1.45981132729181
2.974,1.68347587981923,0.675007010211475,0.0714793175714252,0.667515407274954,0.0695786886771343,0.000572542894263439,0.000392589887993833,0.000179953006269606,0.993565652904144,-1.45981565169701
2.976,1.67574635456878,0.658102655019655,0.0715215514204971,0.652313758718604,0.0696252631316875,0.000413185471786059,0.0002342742831968,0.000178911188589259,0.993567249055788,-1.45982004411557
2.978,1.72570381457758,0.737873801570734,0.0715641744534031,0.722607296184056,0.0696722194377284,0.00180624504988764,0.00162837193680793,0.000177873113079707,0.993568883811159,-1.45982450426143
2.98,1.63204210596165,0.576761015954372,0.071607185954289,0.579797352492737,0.0697195568140336,0.000241213207124322,6.43744021730924e-05,0.000176838804951229,0.993570557031659,-1.45982903184685
2.982,1.53410215345213,0.409519398656767,0.0716505852026467,0.431725328188968,0.0697672744739009,0.00361683605595055,0.00344102776686629,0.000175808289084256,0.99357226857781,-1.45983362658236
2.984,1.48788041971601,0.329872984778136,0.0716943714732497,0.361306393532073,0.0698153716250879,0.00706555394487441,0.0068907723548477,0.000174781590026707,0.993574018309272,-1.45983828817684
2.986,1.53921749524697,0.413935125800697,0.0717385440360889,0.435808579417717,0.069863847469751,0.00350842337820526,0.00333466464621327,0.000173758731991991,0.993575806084851,-1.4598430163375
2.988,1.62469449643982,0.554570587937099,0.0717831021563069,0.56029028595136,0.0699127012043828,0.00040061332185702,0.000227873582999456,0.000172739738857564,0.993577631762515,-1.45984781076991
2.99,1.64571324110975,0.586520663094359,0.0718280450941318,0.588442409332898,0.0699619320197504,0.000197432619117628,2.57079849555879e-05,0.00017172463416204,0.993579495199407,-1.45985267117806
2.992,1.67636523617317,0.634376970031506,0.0718733721048112,0.630642053237231,0.0700115391008321,0.000267756358749391,9.70429176456376e-05,0.000170713441103754,0.993581396251855,-1.45985759726433
2.994,1.75482596177689,0.761857885354635,0.0719190824385448,0.74328704749024,0.0700615216267547,0.00256737316668283,0.00239766698414408,0.000169706182538754,0.993583334775386,-1.45986258872955
2.996,1.83171481318593,0.88590270344868,0.0719651753404166,0.852762241808989,0.0701118787707298,0.00779940893079153,0.00763070604981238,0.000168702880979144,0.993585310624742,-1.45986764527299
2.998,1.81142803234764,0.846752951400199,0.0720116500503266,0.8175856178415,0.0701626096999897,0.00607461824760193,0.00590691468901107,0.000167703558590859,0.993587323653885,-1.45987276659241
3,1.78412037135515,0.796123308945027,0.0720585058029222,0.772276041570816,0.0702137135757237,0.00411275287744968,0.00394604464025734,0.000166708237192337,0.993589373716019,-1.45987795238407
3.002,1.79177056077225,0.804222325403894,0.0721057418275286,0.779040921944934,0.0702651895530128,0.00456275290301406,0.00439703596476177,0.000165716938252292,0.993591460663592,-1.45988320234276
3.004,1.74640600683393,0.72371425177505,0.0721533573480787,0.707285602752271,0.0703170367807652,0.00203505504704073,0.00187032536415178,0.000164729682888942,0.99359358434832,-1.45988851616179
3.006,1.7700909498022,0.759042248043727,0.0722013515830428,0.738258770289411,0.0703692544016509,0.00315505439742167,0.00299130790555444,0.000163746491867234,0.993595744621189,-1.45989389353306
3.008,1.77039548567842,0.75510587587851,0.0722497237453576,0.734394033178772,0.0704218415520358,0.00313150142208151,0.00296873403648312,0.000162767385598395,0.993597941332473,-1.45989933414706
3.01,1.78147690048277,0.769189447249721,0.0722984730423545,0.746504966410277,0.070474797361916,0.00372055129909885,0.00355875891496091,0.000161792384137938,0.993600174331746,-1.45990483769285
3.012,1.85492838633547,0.887301858337256,0.0723475986756874,0.850833969975948,0.0705281209548513,0.00935191358125824,0.00919109207407436,0.000160821507183884,0.993602443467891,-1.45991040385817
3.014,1.72959730565004,0.672890404409194,0.0723970998412604,0.660174262272628,0.0705818114478986,0.00127661408620276,0.00111675931212644,0.000159854774076318,0.993604748589116,-1.45991603232938
3.016,1.62865666192884,0.500537879209478,0.0724469757291543,0.507021933173713,0.070635867951545,0.000449055839943897,0.000290163636148839,0.000158892203795058,0.993607089542963,-1.45992172279151
3.018,1.60450087392537,0.457382722067243,0.0724972255235534,0.468639564525166,0.0706902895696405,0.00103187417065812,0.000873940355699026,0.000157933814959099,0.993609466176324,-1.45992747492831
3.02,1.62221111959444,0.484339611400914,0.072547848402671,0.492501709352186,0.0707450753993305,0.000616123793660242,0.000459144167835182,0.00015697962582506,0.993611878335446,-1.45993328842221
3.022,1.63375917795149,0.500851542647597,0.0725988435386752,0.507069299659537,0.070800224530988,0.000422290798231996,0.000266261143946036,0.000156029654285961,0.993614325865952,-1.45993916295441
3.024,1.60239361275508,0.445696928606686,0.0726502100976134,0.4580164906506,0.0708557360481453,0.00119962053207951,0.00104453661420895,0.000155083917870558,0.993616808612844,-1.45994509820484
3.026,1.55802654255092,0.369208538973013,0.0727019472393372,0.390078697353458,0.070911609027426,0.00314968469474193,0.00299554226100003,0.0001541424337419,0.993619326420521,-1.45995109385222
3.028,1.55726013731138,0.365881839125859,0.0727540541174261,0.387165792200243,0.0709678425384759,0.00326647955074523,0.0031132743320488,0.000153205218696439,0.993621879132789,-1.45995714957405
3.03,1.59791967590909,0.431625659114325,0.0728065298791111,0.445586906653436,0.0710244356438945,0.00149086398672086,0.00133859169755783,0.000152272289163036,0.99362446659287,-1.45996326504667
3.032,1.70483562554829,0.607381450244499,0.0728593736651978,0.601646743923567,0.0710813873991656,0.000377030864735565,0.000225687203533058,0.000151343661202508,0.993627088643419,-1.45996943994525
3.034,1.61659283416199,0.456866284206589,0.0729125846099895,0.46773307947028,0.0711386968525882,0.00096020575387286,0.000809786403366557,0.000150419350506303,0.99362974512653,-1.45997567394381
3.036,1.70037232410567,0.593868155635725,0.0729661618412085,0.589387178461546,0.0711963630452064,0.000287091620150525,0.00013759224775458,0.000149499372395945,0.993632435883751,-1.45998196671527
3.038,1.56763625950435,0.369378656330469,0.073020104479919,0.389712845776092,0.0712543850107401,0.00297985372805117,0.00283126998622847,0.000148583741822694,0.993635160756093,-1.45998831793142
3.04,1.51398287614956,0.27798170866603,0.0730744116404475,0.308525873771821,0.0713127617755145,0.00653120674388637,0.00638353427052015,0.000147672473366223,0.993637919584045,-1.45999472726299
3.042,1.53231241168469,0.307005876280972,0.0731290824303047,0.334459201064062,0.0713714923583902,0.00529987988677854,0.00515311430554382,0.00014676558123472,0.993640712207581,-1.46000119437965
3.044,1.4885423125489,0.232468485631092,0.0731841159501054,0.268301348054801,0.0714305757706924,0.00891821765926513,0.00877235458000101,0.000145863079264119,0.993643538466172,-1.46000771895002
3.046,1.55222767651678,0.337250572250684,0.0732395112934892,0.361652995279692,0.0714900110161406,0.00421024504061423,0.00406528005969647,0.000144964980917761,0.993646398198803,-1.4600143006417
3.048,1.61116753387074,0.433495046604892,0.0732952675470398,0.447316182215106,0.0715497970907773,0.00144718264568575,0.00130311134640001,0.000144071299285731,0.993649291243973,-1.4600209391213
3.05,1.63851242229688,0.476578080990032,0.0733513837902052,0.485606622102031,0.0716099329828973,0.00069882633352528,0.000555644286440424,0.000143182047084855,0.993652217439719,-1.46002763405444
3.052,1.64522138167787,0.485066715747546,0.073407859095216,0.493082029696638,0.0716704176729766,0.000579888378086597,0.000437591141428001,0.000142297236658595,0.993655176623616,-1.46003438510577
3.054,1.64247526148044,0.477777358793169,0.0734646925270048,0.486510718394621,0.0717312501336005,0.000660520460926181,0.000519103580949806,0.000141416879976375,0.993658168632793,-1.46004119193901
3.056,1.64805407119503,0.48437932834351,0.0735218831431241,0.492307365869245,0.0717924293293929,0.0005679904521295,0.000427449463495802,0.000140540988633697,0.993661193303945,-1.46004805421696
3.058,1.72781822625963,0.614297931695669,0.0735794299936647,0.607854804770034,0.0718539542169438,0.000421772089347768,0.000282102515495293,0.000139669573852474,0.99366425047334,-1.4600549716015
3.06,1.66769533767813,0.51085740739892,0.0736373321211732,0.515546159307747,0.0719158237447382,0.00028807743570236,0.000149274789222108,0.000138802646480252,0.993667339976832,-1.46006194375365
3.062,1.58062761067127,0.363264515529357,0.0736955885605695,0.384020193619215,0.0719780368530836,0.00306076220256829,0.00292282198557731,0.000137940216990984,0.993670461649872,-1.46006897033354
3.064,1.63009890097757,0.443491558614235,0.0737541983390638,0.455502821885258,0.0720405924740385,0.00111513133279229,0.000978049037307586,0.000137082295484703,0.993673615327517,-1.46007605100047
3.066,1.7230117324541,0.595416128701908,0.0738131604760737,0.590770286503597,0.0721034895313398,0.000282434863579747,0.000146205971891674,0.000136228891688073,0.993676800844443,-1.4600831854129
3.068,1.68686256877945,0.531998132646669,0.0738724739831402,0.534069585807325,0.0721667269403308,0.000164422755541169,2.90427405867795e-05,0.000135380014954389,0.99368001803495,-1.4600903732285
3.07,1.7150924723587,0.575906623863825,0.0739321378638442,0.573049318342915,0.0722303036078887,0.000189749787339304,5.52141130752792e-05,0.000134535674264025,0.993683266732981,-1.46009761410413
3.072,1.77796093705172,0.677075822888858,0.0739921511137226,0.663014153657147,0.0722942184323524,0.00146985477214655,0.0013361588939219,0.000133695878224649,0.993686546772124,-1.46010490769589
3.074,1.78882647945505,0.691279780732636,0.0740525127201835,0.675376223621169,0.0723584703034496,0.00184058883703988,0.00170772820196787,0.000132860635072007,0.993689857985626,-1.46011225365912
3.076,1.73702872395391,0.601366715838961,0.074113221662422,0.594911060026455,0.0724230581022244,0.000413190932011855,0.000281160979341712,0.000132029952670143,0.993693200206403,-1.46011965164845
3.078,1.73072312336326,0.587516059241578,0.0741742769113352,0.582341090916688,0.0724879807009646,0.000311726644252445,0.000180522805740494,0.000131203838511951,0.993696573267052,-1.46012710131776
3.08,1.77424218176099,0.656440397432875,0.0742356774294369,0.64359551479274,0.0725532369631293,0.00124164723156963,0.00111126493184946,0.000130382299720178,0.993699976999856,-1.46013460232025
3.082,1.84748013207238,0.774260310936229,0.0742974221707729,0.748395917725508,0.0726188257432757,0.00463151720499205,0.00450195186194452,0.000129565343047533,0.993703411236797,-1.46014215430844
3.084,1.82384706256268,0.730654869282463,0.0743595100808349,0.70908981148852,0.0726847458869863,0.00325580234052443,0.0031270493656463,0.000128752974878132,0.993706875809568,-1.4601497569342
3.086,1.7696267387783,0.63658235483603,0.0744219400964747,0.624793808218872,0.0727509962307965,0.00106160690881514,0.000933661707587419,0.000127945201227719,0.993710370549578,-1.46015740984873
3.088,1.78676481793162,0.661425697186509,0.074484711145819,0.646695133634027,0.0728175756021214,0.00158374633778209,0.00145660431003698,0.000127142027745109,0.993713895287966,-1.46016511270262
3.09,1.8830659951732,0.817382676541053,0.0745478221481822,0.785592939270624,0.0728844828191831,0.00690445827649474,0.00677811481678233,0.000126343459712408,0.993717449855608,-1.46017286514587
3.092,1.83280894427624,0.729426695139949,0.074611272013981,0.706616409247024,0.0729517166909378,0.00361234934121514,0.00348679983916834,0.000125549502046796,0.993721034083126,-1.46018066682785
3.094,1.83725892171757,0.732686304773041,0.0746750596446474,0.709155059161373,0.073019276017003,0.00383228662577873,0.00370752646647754,0.000124760159301185,0.993724647800903,-1.4601885173974
3.096,1.89120240511909,0.817950906823337,0.0747391839325421,0.784917346117408,0.0730871595875846,0.00742413631176746,0.00730016087610213,0.000123975435665336,0.993728290839083,-1.46019641650277
3.098,1.89391843394455,0.817820400067645,0.074803643760868,0.784332036809304,0.0731553661834041,0.00761929056067394,0.00749609522570664,0.000123195334967297,0.993731963027591,-1.4602043637917
3.1,1.9027587839047,0.827839215564413,0.0748684380035827,0.79281034184382,0.0732238945756259,0.00831694098902041,0.00819452112834623,0.000122419860674183,0.993735664196133,-1.4602123589114
3.102,1.8798797703253,0.785261966148919,0.0749335655253122,0.754284954017354,0.0732927435257845,0.00652448914416072,0.00640284012826655,0.000121649015894176,0.993739394174212,-1.46022040150856
3.104,1.72335861231794,0.521628036269634,0.0749990251812627,0.518256347102071,0.0733619117857118,0.000196672374076317,7.57895706990189e-05,0.000120882803377298,0.993743152791132,-1.46022849122941
3.106,1.68260271279856,0.45125976323544,0.0750648158171343,0.455190797249925,0.0734313980974647,0.00022305246070911,0.000102931235192032,0.000120121225517078,0.993746939876012,-1.4602366277197
3.108,1.70337876371967,0.483176387591246,0.0751309362690329,0.483620387646052,0.0735012011932523,0.000120676234252229,1.31194990012137e-06,0.000119364284352108,0.993750755257791,-1.46024481062473
3.11,1.67231616878875,0.429103905418857,0.075197385363383,0.435140362797207,0.0735713197953635,0.000360899778573434,0.000242287797006171,0.000118611981567263,0.993754598765238,-1.46025303958937
3.112,1.56448872834806,0.248320778865702,0.07526416191684,0.273396818533473,0.0736417526160948,0.00429520283795213,0.00417733851945644,0.000117864318495697,0.993758470226962,-1.46026131425805
3.114,1.52430988814535,0.180537140649196,0.0753312647362027,0.212875122403919,0.0737124983576778,0.00705809771295613,0.00694097641683572,0.000117121296120404,0.993762369471421,-1.46026963427482
3.116,1.58533698047614,0.280573256301535,0.0753986926183254,0.30253620563384,0.0737835557122072,0.00331518601511885,0.00319880310004309,0.000116382915075763,0.993766296326926,-1.46027799928334
3.118,1.51910538311553,0.169542305438403,0.0754664443500302,0.203267905307298,0.0738549233615685,0.00765155534105211,0.00753590616540268,0.000115649175649435,0.993770250621658,-1.46028640892691
3.12,1.44210935428052,0.0413639209967241,0.0755345187080196,0.088749970363537,0.0739265999773664,0.014978572570718,0.0148636524929339,0.000114920077784131,0.993774232183669,-1.46029486284845
3.122,1.4100856828313,-0.0117102446758359,0.0756029144587879,0.0415625019154095,0.0739985842208531,0.0188832176203707,0.0187690219992912,0.000114195621079505,0.993778240840893,-1.46030336069056
3.124,1.47307597860763,0.0925870078902279,0.0756716303585343,0.13529909970594,0.0740708747428561,0.0121676814471874,0.0120542056423931,0.000113475804794261,0.993782276421157,-1.46031190209554
3.126,1.44589554030033,0.047248614699923,0.0757406651530742,0.0949735000822606,0.0741434701837072,0.0151487038701866,0.015035943242339,0.000112760627847597,0.993786338752184,-1.46032048670534
3.128,1.47644189044761,0.0975645407591913,0.0758100175777522,0.140346920535232,0.0742163691731712,0.0121838849055342,0.0120718348167123,0.000112050088821869,0.993790427661607,-1.46032911416166
3.13,1.44109194032974,0.038718364214849,0.0758796863573537,0.0879066681973232,0.0742895703303745,0.016054275455328,0.0159429312693634,0.00011134418596459,0.993794542976972,-1.46033778410592
3.132,1.47249730699535,0.0904831048931841,0.0759496702060174,0.134605649297239,0.0743630722637345,0.0129270180206432,0.0128163751034532,0.000110642917189985,0.993798684525751,-1.46034649617926
3.134,1.40109987474455,-0.0278347803854663,0.0760199678271477,0.0288709975609842,0.0744368735708883,0.0212592925927742,0.0211493463126923,0.000109946280081874,0.993802852135345,-1.46035525002261
3.136,1.42010886668175,0.00381365691150551,0.0760905779133267,0.0576285394059894,0.0745109728386229,0.0191394788891531,0.0190302246172577,0.000109254271895454,0.993807045633096,-1.46036404527665
3.138,1.38682295732627,-0.0510558573433768,0.0761614991462271,0.00881515992747647,0.0745853686428042,0.023641052129672,0.0235324852401122,0.000108566889559847,0.993811264846291,-1.46037288158186
3.14,1.39605825071,-0.0354229149707637,0.0762327301965241,0.0232524770595733,0.0746600595483076,0.0226887468446741,0.0225808627149938,0.000107884129680325,0.993815509602175,-1.46038175857853
3.142,1.34901345907748,-0.112760749734861,0.0763042697238086,-0.0456811808873337,0.0747350441089473,0.0295922438052788,0.0294850378167383,0.000107205988540526,0.993819779727954,-1.46039067590675
3.144,1.38572232770201,-0.0514600204540331,0.0763761163764995,0.00978072060324862,0.0748103208674074,0.024658896101264,0.0245523636391586,0.000106532462105347,0.993824075050804,-1.46039963320647
3.146,1.33390295415236,-0.136557479961245,0.0764482687917567,-0.066116995996051,0.0748858883551725,0.0325582778365721,0.0324524142905491,0.000105863546022933,0.993828395397878,-1.46040863011747
3.148,1.35328729282034,-0.103724595421509,0.076520725595394,-0.0361460908351479,0.074961745092458,0.0299458355246517,0.0298406362890246,0.000105199235627129,0.993832740596316,-1.46041766627939
3.15,1.36138885393029,-0.0896857187593622,0.0765934854017921,-0.0230624537917188,0.0750378895881422,0.0290799766121667,0.0289754370862261,0.000104539525940583,0.993837110473251,-1.46042674133178
3.152,1.25473720021097,-0.264934409980884,0.0766665468138119,-0.179860737492148,0.0751143203396971,0.0473052391844275,0.0472013547727507,0.000103884411676858,0.993841504855813,-1.46043585491406
3.154,1.20160553558365,-0.350962630386195,0.076739908422708,-0.256430855616644,0.0751910358331206,0.0583275439284886,0.0582243100412453,0.000103233887243315,0.99384592357114,-1.46044500666555
3.156,1.20626544810952,-0.341255268575643,0.0768135688080422,-0.246981077614872,0.0752680345428685,0.0579544962698557,0.0578519083231122,0.000102587946743449,0.993850366446387,-1.46045419622552
3.158,1.1442802226689,-0.441429128285325,0.0768875265375975,-0.336199420918921,0.0753453149317867,0.0721116197460121,0.0720096731620318,0.000101946583980217,0.993854833308726,-1.46046342323315
3.16,1.20739084088414,-0.334935797825252,0.0769617801672915,-0.239730380163178,0.0754228754510446,0.0589881464307706,0.0588868366383123,0.00010130979245826,0.993859323985359,-1.46047268732759
3.162,1.11441978449819,-0.486152930095419,0.0770363282410914,-0.374827657299642,0.0755007145400676,0.0805388075101845,0.0804381299447979,0.000100677565386564,0.993863838303524,-1.46048198814794
3.164,1.12843299439814,-0.46032612568614,0.0771111692909279,-0.350744393993435,0.075578830626471,0.0779626736322468,0.0778626237365648,0.000100049895681908,0.993868376090498,-1.4604913253333
3.166,1.14394980804939,-0.432169033187666,0.0771863018366103,-0.324582846575171,0.0756572221259936,0.0750789715553049,0.0749795447793334,9.94267759715228e-05,0.99387293717361,-1.46050069852274
3.168,1.17421055511768,-0.379896080228064,0.0772617243857409,-0.276765282625567,0.075735887442432,0.0689295358239943,0.068830727625399,9.88081985953126e-05,0.993877521380241,-1.46051010735536
3.17,1.1810744052763,-0.366428533714076,0.0773374354336308,-0.263866029977034,0.0758148249675756,0.0681057969021339,0.0680076027465243,9.81941556096322e-05,0.993882128537836,-1.46051955147026
3.172,1.13611416470963,-0.438328589535739,0.0774134334632151,-0.327722835066237,0.075894033081141,0.0791125073368066,0.0790149226980166,9.75846387900603e-05,0.993886758473906,-1.46052903050658
3.174,1.20057008750647,-0.329790415899844,0.077489716944969,-0.229266980930065,0.075973510150708,0.0652989275658325,0.0652019479261984,9.6979639634065e-05,0.993891411016038,-1.46053854410352
3.176,1.1430988016694,-0.422446055626889,0.0775662843368234,-0.311839747782892,0.0760532545316552,0.0789563853974221,0.078860006248058,9.6379149364112e-05,0.993896085991898,-1.46054809190032
3.178,1.17620356828936,-0.365605339668737,0.077643134084082,-0.259858947858104,0.0761332645670965,0.0721066538745461,0.0720108707156151,9.57831589309954e-05,0.993900783229242,-1.46055767353631
3.18,1.25226590523924,-0.238433377159889,0.0777202646193378,-0.144640833584558,0.0762135385878179,0.0566894484684654,0.0565942568094489,9.51916590165025e-05,0.993905502555916,-1.46056728865091
3.182,1.29147729220502,-0.172558363507581,0.0777976743623901,-0.0846758644055639,0.0762940749122144,0.0497319087864302,0.0496373041463931,9.4604640037077e-05,0.993910243799867,-1.46057693688362
3.184,1.25637111502129,-0.22922407485725,0.0778753617201625,-0.135047817734342,0.0763748718462283,0.0570386526516201,0.056944630559474,9.4022092146151e-05,0.993915006789147,-1.46058661787408
3.186,1.2937031933284,-0.166513378840526,0.0779533250866203,-0.0779117140993709,0.076455927683287,0.0504457220266111,0.0503522780213731,9.34440052380303e-05,0.993919791351917,-1.46059633126203
3.188,1.21086222114674,-0.301636329943794,0.0780315628426893,-0.198939383556473,0.0765372407042418,0.0676723370172245,0.0675794666482739,9.28703689505594e-05,0.993924597316457,-1.46060607668737
3.19,1.16838993538912,-0.369687467662438,0.0781100733561743,-0.259460921432084,0.0766188091773072,0.0778664663464109,0.0777741651737421,9.2301172668785e-05,0.993929424511169,-1.46061585379015
3.192,1.18957991884381,-0.332786156672729,0.0781888549816781,-0.225398673571766,0.0767006313580008,0.0738367191748879,0.0737449827693603,9.17364055276204e-05,0.993934272764582,-1.46062566221055
3.194,1.26231151012435,-0.211434394137033,0.0782679060605215,-0.115284384131344,0.0767827054890833,0.0591500220727211,0.0590588460163057,9.11760564153985e-05,0.99393914190536,-1.46063550158898
3.196,1.23970402999673,-0.24730837851671,0.0783472249206632,-0.146918280414777,0.0768650298004997,0.0644079702634004,0.0643173501494231,9.06201139772023e-05,0.993944031762305,-1.460645371566
3.198,1.24631092465876,-0.235021342314154,0.0784268098766204,-0.135120515202633,0.0769476025093203,0.0637173872938916,0.0636273187272738,9.00685666178624e-05,0.993948942164363,-1.46065527178238
3.2,1.26482124689987,-0.203262592921339,0.0785066592293896,-0.105778013969673,0.0770304218196832,0.060614598043557,0.0605250766410516,8.95214025053992e-05,0.993953872940632,-1.46066520187911
3.202,1.26958094011207,-0.194246126003829,0.0785867712663684,-0.0969576123455532,0.0771134859227367,0.0603093868113239,0.0602204082017496,8.89786095743528e-05,0.993958823920362,-1.4606751614974
3.204,1.31704237819754,-0.115209468039291,0.0786671442612778,-0.0250070180690535,0.0771967929965822,0.051803054053017,0.0517146138774882,8.84401755287811e-05,0.993963794932965,-1.46068515027869
3.206,1.32487837040834,-0.101615654785953,0.078747776474084,-0.0121294107449038,0.0772803412062186,0.050932439299584,0.0508445332117378,8.79060878461457e-05,0.993968785808018,-1.46069516786468
3.208,1.34546890147795,-0.0671749290403762,0.0788286661509226,0.0195444522106907,0.0773641287034864,0.0477873530793582,0.047699976745578,8.7376333780198e-05,0.993973796375265,-1.46070521389732
3.21,1.37801072501536,-0.0133224173734903,0.0789098115240215,0.0687075440176057,0.0774481536270128,0.0427235929978681,0.042636742097504,8.68509003640883e-05,0.993978826464629,-1.46071528801884
3.212,1.42222030407171,0.0593671955028023,0.0789912108116254,0.134829755905757,0.0775324141021575,0.0361320997028553,0.0360457699284407,8.63297744145841e-05,0.993983875906211,-1.46072538987174
3.214,1.38612811666397,1.20349970934158e-05,0.0790728622179211,0.0817354242136067,0.0776169082409593,0.0423171939606358,0.0422313810181013,8.58129425345133e-05,0.993988944530294,-1.46073551909884
3.216,1.29345530865393,-0.151758732028949,0.0791547639329626,-0.0547280180559451,0.0777016341420833,0.059557143817272,0.0594718434261554,8.53003911166494e-05,0.993994032167352,-1.46074567534323
3.218,1.29898576307474,-0.141767724997414,0.0792369141325974,-0.0450401938198782,0.0777865898907681,0.0591242902375094,0.0590394981311625,8.47921063469315e-05,0.993999138648053,-1.46075585824834
3.22,1.27369181952533,-0.182336693025277,0.079319310978393,-0.081009093068869,0.0778717735587751,0.064805491437426,0.0647212033632183,8.42880742076835e-05,0.99400426380326,-1.46076606745792
3.222,1.33957279886675,-0.073324335873371,0.0794019526175651,0.0181429917318468,0.0779571832043375,0.0527668253056278,0.0526830370251466,8.37882804811674e-05,0.994009407464041,-1.46077630261606
3.224,1.40332219102879,0.0316066586159438,0.0794848371829049,0.113531625327833,0.0780428168721101,0.0423032959756503,0.0422200032648973,8.32927107530246e-05,0.994014569461669,-1.4607865633672
3.226,1.37951611191347,-0.00741136664725101,0.0795679627927084,0.0787982473872612,0.0781286725931205,0.0467856280354581,0.0467028266850426,8.28013504154956e-05,0.994019749627627,-1.46079684935614
3.228,1.36389244027793,-0.0328200352133747,0.0796513275507058,0.0563935732510746,0.0782147483847202,0.0500442431316886,0.049961928947018,8.23141846705289e-05,0.994024947793612,-1.46080716022804
3.23,1.34459890221237,-0.0640981949463522,0.0797349295459921,0.0287058498102831,0.0783010422505374,0.0540894710888011,0.0540076398902675,8.18311985336662e-05,0.994030163791542,-1.46081749562845
3.232,1.30610844391712,-0.126626393806128,0.0798187668529573,-0.0272033078140625,0.0783875521804298,0.0620025672610244,0.0619212148841871,8.13523768372626e-05,0.994035397453555,-1.46082785520332
3.234,1.28761885742948,-0.156088752195903,0.0799028375312192,-0.0531697574170861,0.0784742761504387,0.0663633766339085,0.0662824989296749,8.08777042335951e-05,0.994040648612015,-1.46083823859898
3.236,1.31712140526597,-0.106873961206738,0.0799871396255551,-0.00796873066257816,0.0785612121227437,0.0612292660616859,0.0611488588964877,8.0407165198193e-05,0.994045917099518,-1.46084864546219
3.238,1.30939294570092,-0.118824878459927,0.0800716711658357,-0.0181178901647286,0.0786483580456186,0.0634100632694173,0.0633301225253838,7.9940744033502e-05,0.994051202748893,-1.46085907544011
3.24,1.42163765857597,0.0655024584653604,0.0801564301669591,0.149289898783218,0.0787357118533875,0.0438709443147312,0.0437914658898591,7.94784248721037e-05,0.994056505393204,-1.46086952818036
3.242,1.41040600652669,0.0469339408083078,0.0802414146287855,0.133004081304966,0.0788232714663825,0.0462401523164423,0.0461611321247623,7.90201916799349e-05,0.994061824865758,-1.46088000333097
3.244,1.47249162500024,0.148331492923887,0.0803266225360737,0.225289076068887,0.0789110347909018,0.0369434896148325,0.0368649235865729,7.8566028259619e-05,0.994067161000104,-1.46089050054043
3.246,1.47637012580654,0.15403970777623,0.0804120518584171,0.230900799399099,0.0789989997191692,0.0368115860196054,0.0367334701013517,7.8115918253685e-05,0.99407251363004,-1.46090101945771
3.248,1.40894231399546,0.0431834400487596,0.0804977005501817,0.130996442553807,0.0790871641292937,0.0479742144436139,0.0478965445984659,7.76698451480096e-05,0.994077882589613,-1.46091155973223
3.25,1.4498997583239,0.110023838392267,0.0805835665504444,0.192053564804199,0.0791755258852308,0.0418281473858146,0.0417509195935395,7.72277922751474e-05,0.994083267713123,-1.46092212101389
3.252,1.43520533585239,0.0855891339593118,0.0806696477829325,0.170413994473982,0.0792640828367447,0.0446738417883058,0.0445970520454884,7.67897428173292e-05,0.994088668835128,-1.46093270295307
3.254,1.53777439933681,0.252823842266196,0.0807559421559639,0.322385591354372,0.0793528328193708,0.0300359896523855,0.0299596339725757,7.6355679809792e-05,0.994094085790446,-1.46094330520068
3.256,1.48207629883478,0.160697157340858,0.0808424475623887,0.239300068469077,0.0794417736543801,0.0382886332918486,0.0382127077057045,7.59255861441099e-05,0.994099518414154,-1.46095392740809
3.258,1.48315706050894,0.161774928550198,0.0809291618795309,0.240725410614674,0.079530903148744,0.0385855894631212,0.0385100900185498,7.54994445714141e-05,0.994104966541596,-1.46096456922722
3.26,1.52585353949184,0.230786129246796,0.081016082969132,0.303710717902294,0.0796202190951002,0.0328956940564662,0.0328206168187609,7.50772377052789e-05,0.994110430008385,-1.4609752303105
3.262,1.46941918568228,0.137627440142092,0.0811032086772954,0.219671613138175,0.0797097192717199,0.0415726861678511,0.0414980272198261,7.46589480249416e-05,0.994115908650403,-1.46098591031089
3.264,1.43706840310088,0.0842700629103117,0.0811905368344312,0.171779459530116,0.0797994014424754,0.0472342634180736,0.0471600188601946,7.42445578790774e-05,0.994121402303803,-1.4609966088819
3.266,1.42882820290389,0.0705368745653519,0.0812780652552027,0.159852016183528,0.07988926335681,0.0491473109908222,0.0490734769413344,7.38340494877976e-05,0.994126910805015,-1.46100732567759
3.268,1.47477605359933,0.145275832707642,0.0813657917384739,0.228162905018087,0.0799793027497075,0.0422918253914088,0.0422183979864621,7.34274049466466e-05,0.994132433990748,-1.46101806035256
3.27,1.43659961864862,0.0824104151118103,0.0814537140672577,0.171623235723557,0.080069517341664,0.0489285461293601,0.0488555215231308,7.30246062292661e-05,0.994137971697987,-1.46102881256199
3.272,1.49451900387474,0.176586217262245,0.0815418300086655,0.257583817730538,0.08015990483866,0.040301127257757,0.0402285016225666,7.26256351903931e-05,0.994143523764001,-1.46103958196163
3.274,1.46960280995406,0.135205985256029,0.081630137313858,0.220495350759294,0.080250462932134,0.0446285432969871,0.0445563128234178,7.22304735693013e-05,0.994149090026342,-1.46105036820782
3.276,1.44333422205625,0.0918416045225022,0.0817186337179965,0.181637504106837,0.0803411892989577,0.0494076099994168,0.0493357708964248,7.18391029920218e-05,0.99415467032285,-1.46106117095748
3.278,1.43085888502111,0.0711883783836321,0.0818073169401964,0.163424493172617,0.0804320816014112,0.052068639467917,0.0519971879629421,7.14515049748954e-05,0.994160264491649,-1.46107198986813
3.28,1.43013812309823,0.0697998679442529,0.0818961846834807,0.162715765224507,0.0805231374871605,0.0527802628497003,0.0527091951887728,7.10676609274596e-05,0.994165872371156,-1.4610828245979
3.282,1.41793952945215,0.0497191829955924,0.0819852346347359,0.145040086922892,0.0806143545892355,0.0554835601626806,0.0554128726105259,7.0687552154669e-05,0.994171493800077,-1.46109367480553
3.284,1.46606852000527,0.128017727602245,0.0820744644646676,0.2167147005008,0.0807057305260101,0.0479972336970994,0.0479269225372386,7.03111598607808e-05,0.99417712861741,-1.46110454015037
3.286,1.48934685350808,0.165432628168545,0.0821638718277591,0.251207251921745,0.0807972629011819,0.0448419648822257,0.0447720264170743,6.99384651513535e-05,0.994182776662451,-1.46111542029242
3.288,1.4914059645988,0.168098934501644,0.0822534543622297,0.25411206236674,0.0808889493037553,0.0450418944565472,0.0449723250075108,6.95694490363552e-05,0.994188437774788,-1.4611263148923
3.29,1.47380930655615,0.138750799641023,0.082343209689995,0.227931508797658,0.0809807873080238,0.0483621897291501,0.0482929856367173,6.92040924328285e-05,0.994194111794309,-1.46113722361126
3.292,1.4913002366555,0.166674582458588,0.0824331354166284,0.253815128218572,0.0810727744735553,0.0461272306503083,0.0460583882741408,6.8842376167555e-05,0.994199798561197,-1.46114814611123
3.294,1.46597818098836,0.124773667972585,0.082523229131324,0.216223095710738,0.0811649083451775,0.0507390525662273,0.0506705682852473,6.84842809799413e-05,0.994205497915938,-1.46115908205478
3.296,1.46688012652656,0.125766314785499,0.0826134884068604,0.217651697081914,0.0812571864529651,0.051167070424059,0.0510989406365347,6.81297875243514e-05,0.994211209699316,-1.46117003110513
3.298,1.42491008034571,0.0570036022663667,0.0827039107995663,0.155664557416133,0.0813496063122286,0.0589161693391564,0.0588483904627834,6.77788763729925e-05,0.994216933752418,-1.46118099292619
3.3,1.36487072243157,-0.040793532734879,0.082794493849287,0.0673255675382764,0.081442165423504,0.0706623424961059,0.0705949109680879,6.74315280180249e-05,0.994222669916634,-1.46119196718254
3.302,1.39995630814506,0.016627664613883,0.0828852350793528,0.120218682931334,0.0815348612725439,0.0648017721680159,0.0647346844451411,6.70877228747813e-05,0.994228418033657,-1.46120295353943
3.304,1.42645298684593,0.0597867712226329,0.0829761319965481,0.160103602600199,0.0816276913303105,0.0607074787907133,0.0606407313494299,6.67474412834324e-05,0.994234177945483,-1.46121395166282
3.306,1.45062806591999,0.0989494571663802,0.0830671820910829,0.196326786506001,0.0817206530529694,0.0571427675990317,0.0570763569355197,6.64106635119843e-05,0.994239949494413,-1.46122496121935
3.308,1.52141706901065,0.21368443188319,0.0831583828365645,0.301290530494494,0.0818137438818851,0.0462119273256037,0.0461458499558452,6.60773697584993e-05,0.994245732523056,-1.46123598187636
3.31,1.48165065223303,0.148143991811764,0.0832497316899717,0.242118169270104,0.0819069612436181,0.0531058345752648,0.0530400870351115,6.57475401533159e-05,0.994251526874323,-1.46124701330192
3.312,1.49939306100411,0.176395947875106,0.0833412260916298,0.268363094908642,0.0820003025499234,0.0508083519354344,0.050742930780673,6.54211547613803e-05,0.994257332391435,-1.46125805516478
3.314,1.54246800944224,0.245661556392725,0.0834328634651874,0.331929085006559,0.0820937651977501,0.0446643495200348,0.04459925132645,6.50981935848005e-05,0.994263148917916,-1.46126910713444
3.316,1.44246071569271,0.0821431912833863,0.0835246412175947,0.183497500689361,0.0821873465692429,0.0615597811017653,0.0614950024652009,6.47786365643999e-05,0.9942689762976,-1.4612801688811
3.318,1.40147429632596,0.0153283652098235,0.0836165567390831,0.12324152608949,0.0822810440317453,0.0696992976277388,0.0696348351641562,6.44624635826041e-05,0.994274814374626,-1.4612912400757
3.32,1.33450628164869,-0.093333928576143,0.0837086074031465,0.024917051400808,0.0823748549378037,0.0835877841963989,0.0835236345419339,6.41496544649955e-05,0.994280662993441,-1.46130232038992
3.322,1.29789080369272,-0.152161254809522,0.0838007905665242,-0.0279348815201081,0.0824687766251738,0.0921404883704226,0.0920766481814399,6.38401889827556e-05,0.994286521998799,-1.46131340949618
3.324,1.38077434040091,-0.0167041658308633,0.0838931035691852,0.0962710519891196,0.0825628064168279,0.0761329563143644,0.0760694222675099,6.3534046854441e-05,0.994292391235759,-1.46132450706764
3.326,1.4978282120202,0.173526685813908,0.0839855437343142,0.270305651195808,0.0826569416209643,0.0558238283530163,0.0557605971452686,6.32312077477604e-05,0.99429827054969,-1.46133561277821
3.328,1.44627343300742,0.0891743629987296,0.0840781083682994,0.193959503969611,0.0827511795310182,0.0653589164288568,0.0652959847775746,6.29316512822387e-05,0.994304159786266,-1.46134672630259
3.33,1.41107859629478,0.0317984570689559,0.0841707947607214,0.142261829897932,0.0828455174256738,0.0725471400563226,0.0724845046992926,6.26353570299942e-05,0.994310058791466,-1.46135784731618
3.332,1.49034195341295,0.160393016905991,0.0842636001843445,0.260155680672367,0.082939952568879,0.0591186196294218,0.0590562773249034,6.23423045184035e-05,0.994315967411576,-1.4613689754952
3.334,1.50173150227535,0.178246389382563,0.0843565218951087,0.276988506067025,0.0830344822098605,0.0578525195781424,0.0577904671049108,6.20524732316552e-05,0.994321885493188,-1.46138011051663
3.336,1.53770840479214,0.235883420106319,0.0844495571321247,0.330095125862635,0.0831291035831421,0.0526129324972117,0.0525511666545994,6.17658426123047e-05,0.994327812883196,-1.4613912520582
3.338,1.54858952992611,0.25253759765625,0.0845427031176689,0.345784140954988,0.0832238139085631,0.051484712999332,0.0514232306072693,6.14823920627172e-05,0.9943337494288,-1.46140239979844
3.34,1.69750937808386,0.49289004336757,0.0846359570571821,0.565543747591315,0.0833186103912999,0.0312451156583081,0.0311839135573609,6.12021009471775e-05,0.994339694977502,-1.46141355341668
3.342,1.70288466931172,0.499344391622032,0.084729316139268,0.571730359062071,0.083413490221888,0.0309813225216008,0.0309203975730075,6.09249485933328e-05,0.994345649377108,-1.461424712593
3.344,1.71388512954841,0.514884365993189,0.084822777535695,0.586205477858355,0.0835084505762472,0.0300449378326443,0.0299842869183511,6.06509142931921e-05,0.994351612475724,-1.46143587700832
3.346,1.75452274347639,0.578369580337517,0.0849163384013988,0.644432822289671,0.0836034886157071,0.0257583317460133,0.0256979517687082,6.0379977305125e-05,0.994357584121756,-1.46144704634431
3.348,1.71805040365833,0.51660618113632,0.0850099958744873,0.588283753192093,0.0836986014870357,0.030278172257665,0.0302180601408101,6.01121168548602e-05,0.994363564163911,-1.46145822028348
3.35,1.7554523983478,0.574826190791485,0.0851037470762472,0.641722815442829,0.083793786322469,0.026352217175319,0.0262923698631818,5.98473121371512e-05,0.994369552451191,-1.46146939850913
3.352,1.79306782917348,0.633095653825916,0.0851975891111521,0.695170417997149,0.0838890402397427,0.0226733495414772,0.0226137639991605,5.95855423166647e-05,0.994375548832899,-1.46148058070536
3.354,1.75197550438605,0.563617126668057,0.0852915190668733,0.631908695124335,0.0839843603421257,0.0273993154116701,0.0273399886251404,5.93267865296454e-05,0.994381553158631,-1.46149176655709
3.356,1.70940072800908,0.492098058498683,0.0853855340142912,0.566828919219412,0.084079743718456,0.0327619264228227,0.0327028553989381,5.90710238845826e-05,0.994387565278278,-1.46150295575006
3.358,1.75918649997435,0.570458478820085,0.08547963100751,0.63872388837728,0.0841751874431773,0.0273177458112055,0.0272589275777419,5.88182334635423e-05,0.994393585042022,-1.46151414797083
3.36,1.78195013240149,0.604685436219184,0.0855738070838733,0.670243826293105,0.0842706885763789,0.0251708232743235,0.0251122548800002,5.85683943232773e-05,0.994399612300339,-1.46152534290677
3.362,1.79404643068627,0.621477550563462,0.0856680592639818,0.685809645860765,0.0843662441638365,0.0242132896317244,0.0241549681462282,5.83214854961156e-05,0.994405646903993,-1.4615365402461
3.364,1.86875431677886,0.739492492652197,0.0857623845517132,0.793883482213452,0.0844618512370556,0.0173056141590686,0.0172475366730777,5.80774859908484e-05,0.994411688704035,-1.46154773967785
3.366,1.89592605406928,0.780003843646762,0.0858567799342441,0.831032840412005,0.0845575068133167,0.0152223843165026,0.0151645479417088,5.78363747938404e-05,0.994417737551804,-1.46155894089188
3.368,1.93349302382595,0.83712436413561,0.0859512423820735,0.883341860835422,0.084653207895722,0.0124835790823832,0.0124259809515138,5.7598130869474e-05,0.994423793298922,-1.46157014357889
3.37,1.94667011423355,0.854509775247406,0.0860457688490486,0.899279840569686,0.084748951473245,0.0117044127611383,0.0116470500279773,5.73627331610371e-05,0.994429855797292,-1.46158134743043
3.372,1.92739563545988,0.819334875570872,0.0861403562723925,0.867137471353067,0.0848447345207815,0.0133208793624756,0.013263749201884,5.71301605916119e-05,0.9944359248991,-1.46159255213888
3.374,1.97457066412064,0.891775718082657,0.0862350015727339,0.933452574587486,0.0849405539992028,0.0101279871691608,0.0100710867770964,5.69003920644073e-05,0.994442000456809,-1.46160375739745
3.376,2.04332496747186,0.998730225530805,0.086329701654139,1.03129507299786,0.0850364068554109,0.00619864581128483,0.00614197240482118,5.66734064636476e-05,0.994448082323156,-1.46161496290022
3.378,2.16241287725811,1.18648824878607,0.0864244534041454,1.20300030156676,0.0851322900223961,0.00163382616505387,0.00157737698239919,5.64491826546831e-05,0.994454170351154,-1.46162616834211
3.38,2.18149465177819,1.21166643269215,0.0865192536937977,1.22580810347361,0.0852282004192965,0.00121196381574274,0.00115573611625786,5.62276994848787e-05,0.994460264394087,-1.46163737341887
3.382,2.23652205022342,1.29479631538809,0.086614099377686,1.30163712875616,0.0853241349514593,0.000326153911446072,0.000270144975662236,5.60089357838356e-05,0.994466364305508,-1.46164857782714
3.384,2.20159857633807,1.23217963788634,0.0867089872939859,1.24400069919481,0.0854200905105047,0.000861577223402,0.000805784353038498,5.57928703635024e-05,0.994472469939236,-1.46165978126437
3.386,2.25913885179759,1.31924624876353,0.0868039142645005,1.32343647520748,0.0855160639743921,0.000156715460737969,0.000101135978719128,5.55794820188416e-05,0.994478581149356,-1.46167098342891
3.388,2.24538448247435,1.29071992228434,0.0868988770947052,1.29697523447987,0.0856120522074878,0.000280509349566226,0.000225140600038508,5.53687495277178e-05,0.99448469779021,-1.46168218401994
3.39,2.30650226205623,1.38324811556467,0.0869938725737942,1.38138630927192,0.0857080520606355,7.5083449482965e-05,1.99227978315115e-05,5.51606516514536e-05,0.994490819716405,-1.4616933827375
3.392,2.24562740985772,1.27833400748451,0.0870888974747292,1.28490241159883,0.0858040603712287,0.000302655699924107,0.000247700532789722,5.49551671343851e-05,0.9944969467828,-1.46170457928251
3.394,2.24368425549811,1.26910336462065,0.0871839485542905,1.27613099228266,0.0859000739632856,0.000337989908321563,0.000283237633617257,5.47522747043061e-05,0.994503078844508,-1.46171577335674
3.396,2.25158467478258,1.27581201853953,0.0872790225531298,1.2819663722892,0.0859960896475259,0.0002715346195144,0.000216982666441821,5.45519530725791e-05,0.994509215756892,-1.46172696466282
3.398,2.1940375718353,1.176866880182,0.0873741161958264,1.19098898222858,0.0860921042214503,0.0011956176059445,0.00114126342501092,5.43541809335801e-05,0.994515357375564,-1.46173815290426
3.4,2.1111410043003,1.03753190069588,0.087469226190944,1.06306039851965,0.0861881144694219,0.0037794931460241,0.00372533420905929,5.41589369648099e-05,0.99452150355638,-1.46174933778541
3.402,2.15453865439803,1.10267608506489,0.0875643492310912,1.12262777323109,0.08628411716275,0.00232697949905524,0.00227301329922846,5.39661998267826e-05,0.994527654155437,-1.46176051901152
3.404,2.17427117611509,1.1293141666875,0.0876594819929836,1.1468565853801,0.0863801090597764,0.00180907067835029,0.00175529473018759,5.37759481626932e-05,0.99453380902907,-1.4617716962887
3.406,2.1769116636283,1.12825050375874,0.0877546211375078,1.14567135666919,0.0864760869059639,0.001782762716841,0.00172917455624303,5.35881605979727e-05,0.99453996803385,-1.46178286932391
3.408,2.14249567693991,1.06743445499738,0.0878497633097892,1.08969931991184,0.0865720474339873,0.00287483449058152,0.00282143167484123,5.34028157402888e-05,0.994546131026579,-1.461794037825
3.41,2.0680664086441,0.942412194476895,0.0879449051392599,0.974886852231085,0.0866679873638262,0.00604903849350555,0.00599581860132678,5.32198921787685e-05,0.994552297864288,-1.46180520150069
3.412,2.08155616485374,0.959776096110838,0.0880400432397312,0.990739428005617,0.0867639034028614,0.00549787950455441,0.00544484013607107,5.30393684833319e-05,0.994558468404232,-1.46181636006055
3.414,2.15964799657199,1.08119482018669,0.0881351742094668,1.10202519822099,0.0868597922459721,0.00251444737733365,0.00246158615412874,5.28612232049142e-05,0.994564642503889,-1.46182751321506
3.416,2.22997473099629,1.18948340382146,0.0882302946312592,1.20118852395987,0.0869556505756371,0.000829118507138384,0.000776433072264251,5.26854348741335e-05,0.994570820020956,-1.46183866067555
3.418,2.2581033547087,1.22921624029745,0.0883254010725081,1.237382902096,0.0870514750620374,0.000430061158805808,0.000377549176805072,5.25119820007358e-05,0.994577000813342,-1.46184980215421
3.42,2.34690004015626,1.3665069268331,0.0884204900853015,1.36307083320118,0.0871472623631613,0.00011910556828531,6.67647252120482e-05,5.23408430732619e-05,0.994583184739168,-1.46186093736412
3.422,2.25577581023814,1.21321606870275,0.0885155582064989,1.22199508517755,0.087243009124913,0.000487525576348692,0.000435353579790755,5.2171996557937e-05,0.994589371656762,-1.46187206601924
3.424,2.2941384808913,1.26930881434709,0.0886106019578171,1.27319609657797,0.087338711981222,0.000137271533578862,8.5266112680968e-05,5.20054208978937e-05,0.994595561424657,-1.46188318783438
3.426,2.30231142349594,1.27649021163578,0.0887056178459185,1.27946139164128,0.0874343675541569,0.000101600686066472,4.97595915540768e-05,5.18410945123948e-05,0.994601753901584,-1.46189430252523
3.428,2.3290576653434,1.31354997525936,0.0888006023625017,1.31315096755152,0.0875299724540399,5.25754263753787e-05,8.96430579766639e-07,5.16789957956121e-05,0.99460794894647,-1.46190540980838
3.43,2.41891480582034,1.45205024047644,0.0888955519843946,1.43995685723178,0.0876255232795654,0.00087411323205515,0.000822594128939078,5.15191031160711e-05,0.994614146418434,-1.46191650940124
3.432,2.44425296169104,1.48596056944291,0.0889904631736498,1.47062789613523,0.0877210166179199,0.00137223816281956,0.00132087676800435,5.13613948152081e-05,0.994620346176783,-1.46192760102214
3.434,2.48993502855122,1.55245002708265,0.0890853323776429,1.53119606630929,0.0878164490449056,0.00258658870348394,0.00253538285427746,5.12058492064815e-05,0.994626548081008,-1.46193868439025
3.436,2.51079007475846,1.57863525860831,0.089180156029173,1.55469895698583,0.0879118171250653,0.00326335079026626,0.00321229834569233,5.10524445739291e-05,0.994632751990778,-1.46194975922562
3.438,2.56638083052735,1.66059379854887,0.0892749305465658,1.62941764487211,0.0880071174118111,0.00549449294987093,0.00544359179069953,5.09011591713904e-05,0.994638957765941,-1.46196082524917
3.44,2.55200483426104,1.62953444876744,0.089369652333779,1.60024670238955,0.0881023464475554,0.00484976408269382,0.00479901211147298,5.07519712208415e-05,0.994645165266513,-1.46197188218269
3.442,2.59808392160259,1.69591464742264,0.0894643177805106,1.66062478948187,0.0881975007638434,0.00701077682677314,0.00696017196786197,5.06048589111741e-05,0.994651374352679,-1.46198292974884
3.444,2.62765018697816,1.73538596744393,0.0895589232623096,1.69622927129116,0.0882925768814903,0.00861044912223143,0.00855998932183446,5.04598003969736e-05,0.994657584884786,-1.46199396767112
3.446,2.66815612770734,1.79225281220102,0.089653465140689,1.7477927761382,0.0883875713107193,0.0110744015852714,0.0110240848114745,5.03167737968546e-05,0.99466379672334,-1.46200499567393
3.448,2.75645473667198,1.9257000430956,0.0897479397632419,1.8697067973539,0.0884824805513031,0.0175171147028739,0.0174669389456817,5.0175757192128e-05,0.994670009729001,-1.46201601348252
3.45,2.7943516577376,1.97739225717313,0.0898423434637595,1.91637631970008,0.0885773010927082,0.020769357274937,0.0207193205463118,5.00367286252468e-05,0.994676223762578,-1.46202702082299
3.452,2.88215156956953,2.10906456253793,0.0899366725623523,2.03654023479759,0.0886720294142414,0.0292914646714148,0.0292415650053168,4.989966609803e-05,0.994682438685026,-1.46203801742231
3.454,2.93177978471908,2.17866961791496,0.0900309233655737,2.0995453700399,0.0887666619851993,0.0348191880287294,0.0347694234811591,4.97645475703301e-05,0.994688654357439,-1.46204900300832
3.456,2.99742256120813,2.27365540273506,0.0901250921665457,2.18584018313204,0.0888611952650207,0.0428319054576876,0.0427822741067294,4.96313509582569e-05,0.99469487064105,-1.4620599773097
3.458,2.97285223658703,2.22311717259672,0.0902191752450884,2.13823269787406,0.0889556257034411,0.0399821087782103,0.0399326087240781,4.95000541322899e-05,0.994701087397219,-1.462070940056
3.46,2.99178824762017,2.24277619269502,0.0903131688678506,2.15521816124904,0.0890499497406507,0.0424928424275666,0.042443471792651,4.93706349156131e-05,0.994707304487437,-1.4620818909776
3.462,2.95736293620992,2.17656941978064,0.0904070692884444,2.09319941382737,0.0891441638074545,0.0384895882086554,0.0384403451375733,4.92430710821168e-05,0.994713521773315,-1.46209282980576
3.464,2.95052340499037,2.15504162457672,0.0905008727475817,2.0723212713675,0.0892382643254357,0.0378534866647476,0.0378043693243927,4.91173403549539e-05,0.994719739116581,-1.46210375627256
3.466,2.91801305417368,2.09237797948286,0.0905945754732132,2.01360376544596,0.0893322477071215,0.0342970527811283,0.0342480593607242,4.89934204040976e-05,0.994725956379074,-1.46211467011096
3.468,2.89717503518922,2.04879607710481,0.0906881736806709,1.9724795889075,0.0894261103561517,0.0321600393408033,0.0321111680519587,4.88712888445653e-05,0.994732173422745,-1.46212557105473
3.47,2.93334155707634,2.09701860650902,0.0907816635728124,2.01586198557667,0.0895198486674503,0.0363247832294422,0.0362760323062076,4.87509232346417e-05,0.994738390109642,-1.46213645883851
3.472,2.9032404202806,2.03854232601637,0.0908750413401683,1.96100816195156,0.0896134590273999,0.0331245270053522,0.0330758947042789,4.86323010733258e-05,0.994744606301916,-1.46214733319776
3.474,2.92009295994791,2.05578536471745,0.0909683031610919,1.97588187421279,0.0897069378140184,0.0351407814582418,0.0350922660584431,4.85153997986654e-05,0.994750821861807,-1.46215819386878
3.476,2.92683080824137,2.05669415206992,0.0910614452019126,1.97570331367231,0.0898002813971395,0.0360653769194898,0.0360169767227044,4.84001967854253e-05,0.994757036651644,-1.46216904058872
3.478,3.03210588439672,2.21582962280151,0.0911544636170904,2.12118569696544,0.0898934861385949,0.0491817703311647,0.0491334836618217,4.82866693429784e-05,0.994763250533839,-1.46217987309555
3.48,3.07806984805092,2.2788990475289,0.0912473545493746,2.17811170249666,0.0899865483924002,0.0557105497140295,0.0556623749193166,4.8174794712863e-05,0.994769463370881,-1.46219069112805
3.482,3.14381446343741,2.37339316212596,0.0913401141299642,2.26392687675603,0.0900794645049433,0.0656428349684692,0.0655947704184026,4.80645500666732e-05,0.994775675025334,-1.46220149442586
3.484,3.14871639834459,2.36971507218164,0.0914327384786716,2.25927002815623,0.0901722308151756,0.0667533174314594,0.0667053615189555,4.79559125038387e-05,0.994781885359826,-1.46221228272941
3.486,3.10429966656207,2.28688950241121,0.0915252237040885,2.18171721939199,0.0902648436548061,0.0604749566432232,0.0604271077841741,4.78488590490711e-05,0.994788094237049,-1.46222305577998
3.488,3.10567878280584,2.27800111048016,0.0916175659037553,2.17231134628259,0.0903572993484985,0.0610094494868132,0.060961706120163,4.77433666501437e-05,0.994794301519752,-1.46223381331963
3.49,3.02246211270276,2.13339302746713,0.0917097611643323,2.03788979673758,0.090449594214071,0.0497744458283356,0.0497268064161603,4.76394121753376e-05,0.994800507070737,-1.46224455509126
3.492,2.97234085912762,2.04264874515021,0.091801805561774,1.95317546506263,0.0905417245626991,0.0436494454569011,0.0436019084844901,4.75369724109997e-05,0.994806710752851,-1.46225528083857
3.494,3.0215599310343,2.1117731931866,0.0918936951615066,2.01579930486283,0.0906336866991213,0.0501650595661083,0.0501176235420491,4.74360240592109e-05,0.994812912428982,-1.46226599030605
3.496,2.98292850357021,2.0395881678233,0.0919854260186075,1.94817540720004,0.0907254769218473,0.0454691667534257,0.0454218302096905,4.73365437351214e-05,0.994819111962057,-1.46227668323902
3.498,3.01179540430534,2.07606256186948,0.0920769941779881,1.98071605992316,0.0908170915233699,0.0494132908783652,0.0493660523704011,4.72385079641757e-05,0.99482530921503,-1.46228735938357
3.5,2.97366008752019,2.00486597599255,0.0921683956745787,1.91400692942173,0.0909085267903788,0.0448312909680176,0.0447841490748376,4.71418931800027e-05,0.994831504050883,-1.46229801848659
3.502,3.00294148414394,2.04217282707954,0.092259626533517,1.94733435411529,0.090999779003978,0.048791748405703,0.0487447017299817,4.70466757213073e-05,0.994837696332618,-1.46230866029577
3.504,3.10169699624222,2.19071133587102,0.0923506827703384,2.08315112074954,0.0910908444399063,0.0626842800822943,0.0626373272504647,4.69528318296497e-05,0.99484388592325,-1.46231928455957
3.506,3.11649290557511,2.20382846635698,0.09244156039117,2.09404322157164,0.0911817193687594,0.0652383170892151,0.0651914567515685,4.68603376465593e-05,0.994850072685805,-1.46232989102725
3.508,3.16401909844821,2.26936063911688,0.0925322553929265,2.15323757774511,0.0912724000562169,0.0729109035464112,0.0728641343772008,4.67691692104255e-05,0.994856256483311,-1.46234047944881
3.51,3.12159189522678,2.19031191965435,0.0926227637635094,2.07909714258234,0.0913628827632702,0.0668160464461392,0.0667693671436845,4.66793024547218e-05,0.994862437178797,-1.46235104957507
3.512,3.08755534931435,2.12512590153459,0.0927130814820085,2.01778243931897,0.0914531637464546,0.0621878694639848,0.0621412787507806,4.65907132042309e-05,0.994868614635283,-1.46236160115759
3.514,3.09275322390844,2.12317693080239,0.0928032045189069,2.01480945210912,0.0915432392580842,0.0633175428806852,0.0632710395035122,4.65033771729351e-05,0.994874788715776,-1.46237213394868
3.516,3.0680773226696,2.07334578286713,0.0928931288362876,1.96768068614822,0.0916331055464889,0.0601429647998293,0.0600965475298684,4.64172699609078e-05,0.994880959283267,-1.46238264770143
3.518,3.06420709025875,2.05712099814642,0.0929828503880439,1.95156828461362,0.0917227588562555,0.0599572475930348,0.0599109152259832,4.63323670516491e-05,0.994887126200722,-1.46239314216969
3.52,3.02862357433041,1.99014668200666,0.0930723651200918,1.88865911599831,0.0918121954284704,0.0553780651341695,0.0553318164903605,4.62486438089771e-05,0.994893289331079,-1.46240361710802
3.522,3.10294996893816,2.09967036041734,0.0931616689705859,1.98856621845607,0.0919014115009663,0.0662972889747907,0.0662511228993163,4.61660754744742e-05,0.99489944853724,-1.46241407227177
3.524,3.0890814000638,2.06728472176606,0.0932507578701371,1.95750976701883,0.0919904033085713,0.0646597186975822,0.0646136340604177,4.60846371644896e-05,0.994905603682067,-1.46242450741699
3.526,3.16199051803563,2.17412440817102,0.0933396277420339,2.05488819274461,0.0920791670833611,0.0762048417298331,0.0761588374259658,4.60043038673641e-05,0.994911754628378,-1.46243492230049
3.528,3.19184193459387,2.21141333142114,0.0934282745024656,2.08803449833847,0.0921676990549135,0.0815112872970685,0.0814653622466285,4.59250504399877e-05,0.99491790123894,-1.46244531667979
3.53,3.18912911075262,2.19632850675733,0.0935166940607492,2.07283541219318,0.0922559954505671,0.0815850017490357,0.0815391548974301,4.58468516055799e-05,0.99492404337646,-1.46245569031314
3.532,3.194957958195,2.19500373461155,0.0936048823195579,2.07033424605199,0.0923440524956813,0.0830675148759782,0.0830217451940276,4.57696819505804e-05,0.994930180903585,-1.46246604295951
3.534,3.13964351722344,2.09572663641343,0.0936928351751536,1.97745591624162,0.0924318664139003,0.0746936813999966,0.0746479878840754,4.5693515921208e-05,0.994936313682896,-1.46247637437857
3.536,3.09637924185145,2.01626389184466,0.0937805485176206,1.90291810017523,0.0925194334274197,0.068542063978042,0.0684964456502208,4.56183278212396e-05,0.994942441576897,-1.46248668433071
3.538,3.13314335244712,2.06540262973178,0.0938680182311034,1.94708819902093,0.0926067497572558,0.074609302751173,0.0745637586593643,4.55440918086802e-05,0.994948564448015,-1.462496972577
3.54,3.14868078643603,2.0802850851221,0.0939552401940465,1.95961006841849,0.092693811623518,0.077542264075921,0.0774967932940284,4.54707818926536e-05,0.994954682158592,-1.46250723887924
3.542,3.1452244875221,2.06466567517743,0.0940422102794365,1.94396884667902,0.0927806152456838,0.0774985141924042,0.0774531158204735,4.53983719307383e-05,0.99496079457088,-1.46251748299987
3.544,3.0788459698954,1.9483476419143,0.0941289243550483,1.83540164201239,0.092867156842877,0.067807701585197,0.067762374749571,4.53268356259695e-05,0.994966901547036,-1.46252770470205
3.546,3.0962142478853,1.96674455510323,0.0942153782836921,1.85123289804662,0.0929534326341484,0.0708561108022599,0.0708108546557359,4.52561465239532e-05,0.994973002949114,-1.46253790374961
3.548,3.20129273679538,2.12550517848897,0.0943015679234647,1.99659409932182,0.0930394388387596,0.0881564801725492,0.0881112938945396,4.51862780095347e-05,0.994979098639063,-1.46254807990703
3.55,3.1894308364832,2.09618538957918,0.0943874891280022,1.96824993334178,0.0931251716764694,0.0867487741915536,0.0867036569882493,4.51172033043568e-05,0.994985188478719,-1.46255823293948
3.552,3.22537768249647,2.14356689081026,0.0944731377467366,2.01071596772364,0.0932106273678234,0.0934544993801142,0.0934094504846508,4.50488954634176e-05,0.994991272329801,-1.46256836261276
3.554,3.19371389244652,2.08244339629265,0.0945585096251536,1.95298742304606,0.093295802134446,0.0886612733758362,0.0886162920484635,4.49813273727395e-05,0.994997350053903,-1.46257846869335
3.556,3.24891007307655,2.16070255798869,0.0946436006050545,2.02395715225942,0.0933806921993352,0.0988329247995307,0.0987880103277848,4.49144717459271e-05,0.995003421512491,-1.46258855094836
3.558,3.19993806395764,2.07177770933606,0.0947284065248193,1.94053499072294,0.0934652937871605,0.0909608249382328,0.0909159766371111,4.48483011217249e-05,0.995009486566898,-1.46259860914554
3.56,3.24951214808878,2.1410750442837,0.0948129232196738,2.00323148386257,0.0935496031245637,0.100246561745506,0.100201778957645,4.47827878604645e-05,0.995015545078315,-1.46260864305326
3.562,3.19421433894388,2.04212256401948,0.094897146521958,1.9105466289243,0.0936336164404615,0.091260456894587,0.0912157389904448,4.47179041421775e-05,0.995021596907789,-1.46261865244053
3.564,3.2114347043976,2.05976374630624,0.094981072261398,1.92556446884108,0.0937173299663521,0.0948501008725796,0.0948054472506167,4.46536219629312e-05,0.995027641916216,-1.46262863707698
3.566,3.19121129273285,2.01737139887782,0.0950646962653803,1.88513738856345,0.0938007399366239,0.0920126609781666,0.0919680710650343,4.45899131322758e-05,0.995033679964336,-1.46263859673284
3.568,3.12584049192782,1.90292422857325,0.095148014359228,1.77820428516162,0.0938838425888665,0.0817859292859177,0.0817414025366471,4.45267492705792e-05,0.995039710912726,-1.46264853117895
3.57,3.10900503553224,1.86674577840493,0.0952310223664805,1.74360827000417,0.0939666341641855,0.079655317783472,0.0796108536816658,4.44641018062519e-05,0.995045734621799,-1.46265844018675
3.572,3.1682018037269,1.95244495434218,0.0953137161091751,1.82156588373185,0.094049110907519,0.0899020416556708,0.0898576397136978,4.44019419729713e-05,0.995051750951794,-1.46266832352826
3.574,3.07056076803452,1.78667759624438,0.0953960914081312,1.66726361446967,0.094131269067957,0.0747837705088824,0.0747394302680756,4.4340240806795e-05,0.995057759762771,-1.46267818097609
3.576,3.1616019757699,1.92373463941683,0.0954781440832374,1.79269195457655,0.094213104899064,0.0899715885907988,0.0899273096216549,4.42789691439405e-05,0.995063760914609,-1.46268801230342
3.578,3.13741506019697,1.87567512614477,0.0955598699537403,1.74708399489836,0.0942946146592034,0.0865642135896492,0.0865199954920313,4.42180976178985e-05,0.995069754266998,-1.46269781728401
3.58,3.17274389235209,1.92310567117269,0.0956412648385365,1.78968095593946,0.0943757946118652,0.0931114892820115,0.0930673316853547,4.41575966567687e-05,0.995075739679434,-1.46270759569217
3.582,3.13753179270293,1.85739949095457,0.095722324556467,1.72776390988765,0.0944566410259959,0.0878260435834525,0.0877819461469715,4.40974364809277e-05,0.995081717011215,-1.46271734730278
3.584,3.10657816995218,1.79883801562299,0.0958030449266131,1.67248274933779,0.0945371501763309,0.0833694336130577,0.083325396025957,4.40375871006982e-05,0.995087686121435,-1.46272707189123
3.586,3.11003344114863,1.79563377858584,0.0958834217685962,1.66835645423361,0.09461731834373,0.0845190467812902,0.0844750687629765,4.3978018313684e-05,0.995093646868978,-1.46273676923349
3.588,3.06491266862544,1.71470749405203,0.0959634509028785,1.59245058626824,0.0946971418155148,0.0779212321988796,0.0778773134991772,4.39186997024388e-05,0.995099599112515,-1.46274643910603
3.59,3.05986278622895,1.69830876639529,0.0960431281510675,1.57618503330586,0.0947766168858091,0.0776871354435407,0.0776432758429085,4.38596006321346e-05,0.995105542710495,-1.46275608128587
3.592,3.04742284930695,1.6701635660711,0.0961224493362213,1.54907695736875,0.0948557398558812,0.0763109313568367,0.076267130666588,4.38006902486743e-05,0.995111477521146,-1.46276569555051
3.594,3.0367007293231,1.64490532016098,0.0962014102831578,1.52464855259583,0.0949345070344892,0.0752073497403766,0.0751636078029007,4.37419374759163e-05,0.995117403402465,-1.462775281678
3.596,3.0106086186352,1.59517607696169,0.096280006818765,1.47763201867432,0.0950129147382289,0.0717958886503467,0.0717522053393323,4.3683311014453e-05,0.995123320212213,-1.46278483944685
3.598,2.96093704207982,1.50796218756393,0.0963582347723141,1.39602518423065,0.0950909592918831,0.0650608635490281,0.0650172387696896,4.36247793385025e-05,0.995129227807913,-1.46279436863609
3.6,2.85223290017264,1.32672095959235,0.0964360899757751,1.22763377293665,0.0951686370287744,0.050949148244845,0.0509055819341501,4.35663106949091e-05,0.995135126046844,-1.46280386902522
3.602,2.86488221993193,1.34055576453516,0.0965135682641341,1.23952049816505,0.0952459442911198,0.0529279117661475,0.0528844038930467,4.35078731008121e-05,0.995141014786035,-1.46281334039421
3.604,2.81413242626087,1.25287502670914,0.0965906654757129,1.15763959264046,0.0953228774303877,0.0469930581650587,0.0469496087307168,4.3449434341869e-05,0.99514689388226,-1.46282278252351
3.606,2.77615672136734,1.18606429632626,0.0966673774524916,1.09508762239771,0.0953994328076573,0.042853878932273,0.0428104879703022,4.33909619708128e-05,0.995152763192038,-1.46283219519403
3.608,2.85175647903415,1.30131147512476,0.096743700040432,1.20071416764843,0.09547560679398,0.0523455405632528,0.0523022081399471,4.33324233056753e-05,0.995158622571619,-1.46284157818713
3.61,2.94734783023823,1.44797944725466,0.0968196290898045,1.33527738218323,0.0955513957707437,0.0656382135242675,0.0655949397388391,4.32737854283438e-05,0.995164471876989,-1.46285093128458
3.612,2.90222692222091,1.36876758853702,0.096895160455516,1.26113038036298,0.0956267961300382,0.0598282885370996,0.0597850735219164,4.32150151832289e-05,0.99517031096386,-1.46286025426864
3.614,2.89024058945064,1.34296367437634,0.0969702899974408,1.23635578384107,0.0957018042750242,0.0586448284299554,0.0586016723507797,4.31560791757102e-05,0.995176139687665,-1.46286954692196
3.616,2.83833523587555,1.25341009033147,0.0970450135807529,1.15272062803779,0.0957764166203031,0.0522784846412211,0.0522353876974496,4.30969437714701e-05,0.995181957903556,-1.46287880902761
3.618,2.80848584538133,1.19958700362246,0.0971193270762608,1.1021390464788,0.0958506295922898,0.0489318871859197,0.0488888496108245,4.30375750951617e-05,0.9951877654664,-1.46288804036908
3.62,2.84140224125599,1.24645923181015,0.0971932263607441,1.14458076747476,0.0959244396295873,0.0534377559702444,0.0533947780312151,4.29779390292984e-05,0.995193562230772,-1.46289724073026
3.622,2.77356240130217,1.13187552855354,0.0972667073172916,1.03788624898842,0.0959978431833633,0.0454540608106124,0.0454111428093985,4.29180012138097e-05,0.995199348050951,-1.46290640989541
3.624,2.79173689320939,1.15548727879287,0.0973397658356428,1.0588833053124,0.0960708367177288,0.0479797292209181,0.0479368714938731,4.28577270450425e-05,0.995205122780918,-1.46291554764921
3.626,2.7836852804657,1.13701573770181,0.0974123978125293,1.040999002273,0.0961434167101191,0.0473633316821448,0.047320534600469,4.27970816757606e-05,0.995210886274349,-1.46292465377668
3.628,2.81877187767809,1.18766282607576,0.0974845991520202,1.08694892407642,0.0962155796516758,0.0520678258604362,0.0520250898304222,4.27360300140345e-05,0.995216638384613,-1.46293372806323
3.63,2.76566752295974,1.09693478625744,0.0975563657658672,1.00231451072851,0.096287322047632,0.0459289499780356,0.0458862754413121,4.26745367235748e-05,0.995222378964767,-1.46294277029461
3.632,2.82681763752777,1.1894847615627,0.0976276935738538,1.08697295471286,0.0963586404176983,0.0538627437140976,0.0538201311478741,4.261256622351e-05,0.995228107867551,-1.46295178025694
3.634,2.85127942385518,1.22286985253416,0.097698578504144,1.11693380615492,0.0964295312964509,0.0574765787773187,0.0574340286946304,4.25500826882752e-05,0.995233824945387,-1.46296075773665
3.636,2.85286929411367,1.21948707847339,0.097769016493635,1.11291869998798,0.0964999912337222,0.0581223353512154,0.0580798483011673,4.24870500480568e-05,0.99523953005037,-1.46296970252054
3.638,2.87501742253204,1.24901959063065,0.0978390034883096,1.13929228683373,0.0965700167949919,0.0615724920614209,0.0615300686294318,4.24234319891248e-05,0.995245223034271,-1.4629786143957
3.64,2.87988663381372,1.25075197647275,0.0979085354435917,1.13997406639259,0.096639604561781,0.0627117950390413,0.0626694358470867,4.23591919546107e-05,0.995250903748527,-1.46298749314954
3.642,2.91682843676773,1.30380442356846,0.0979776083247029,1.18803084264742,0.0967087511320468,0.0684432395114636,0.0684009452183185,4.22942931450621e-05,0.99525657204424,-1.46299633856978
3.644,2.83688357877191,1.16951634988009,0.0980462181070208,1.0630924156051,0.0967774531205797,0.0578009776091857,0.0577587489106662,4.2228698519442e-05,0.995262227772174,-1.46300515044445
3.646,2.76602524702935,1.05042574555229,0.0981143607764389,0.952273241275781,0.0968457071594016,0.049137493673526,0.0490953313027295,4.21623707964613e-05,0.995267870782751,-1.46301392856183
3.648,2.76824490442941,1.04888134294314,0.0981820323297279,0.9500440749705,0.0969135098981662,0.0497905334973281,0.0497484382248724,4.20952724556889e-05,0.995273500926046,-1.46302267271052
3.65,2.7850169984209,1.07063649509552,0.0982492287748988,0.969319899327006,0.09698085800456,0.0522818907525481,0.0522398633868085,4.20273657396608e-05,0.995279118051785,-1.46303138267936
3.652,2.76473771658704,1.0329754137275,0.0983159461315672,0.933732067634654,0.0970477481647054,0.0501317056539149,0.0500897470412599,4.19586126549909e-05,0.995284722009343,-1.46304005825746
3.654,2.70290633592251,0.92897874694253,0.0983821804313193,0.83693802578734,0.0971141770835653,0.043095896894028,0.0430540079190531,4.18889749749241e-05,0.995290312647737,-1.46304869923418
3.656,2.66130910405243,0.857874328801968,0.0984479277180792,0.770571981470275,0.0971801414853487,0.0387511139082486,0.038709295494007,4.18184142415567e-05,0.995295889815628,-1.46305730539913
3.658,2.55488812045005,0.683332387868194,0.098513184048477,0.608787106369032,0.0972456381139176,0.0282460885109304,0.0282043416191624,4.17468917680575e-05,0.995301453361313,-1.46306587654215
3.66,2.54874695362448,0.67017063931528,0.0985779454922197,0.596056457940386,0.0973106637331959,0.0279024288885467,0.027860754519905,4.16743686416643e-05,0.995307003132724,-1.46307441245329
3.662,2.45804995110344,0.521691396484119,0.0986422081324612,0.458456830074951,0.0973752151275781,0.0203098534364158,0.0202682526306889,4.16008057269046e-05,0.995312538977426,-1.46308291292283
3.664,2.39788181715868,0.422795838810307,0.0987059680661759,0.366713922904533,0.0974392891023413,0.0159735987286913,0.0159320725650228,4.15261636684816e-05,0.995318060742615,-1.46309137774127
3.666,2.32984835663792,0.311771507503555,0.0987692214045314,0.26384664860658,0.0975028824840559,0.0116685143183222,0.0116270639154272,4.14504028949381e-05,0.995323568275112,-1.46309980669928
3.668,2.35112711405175,0.344283861634121,0.0988319642732638,0.293493716515211,0.0975659921209997,0.0130920037132691,0.0130506302296464,4.13734836226531e-05,0.995329061421362,-1.46310819958774
3.67,2.38766459212123,0.401081103516517,0.0988941928130535,0.345522182457405,0.0976286148835712,0.0156478422289697,0.0156065468631095,4.12953658601722e-05,0.995334540027432,-1.46311655619769
3.672,2.36243940406388,0.358701843924419,0.0989559031799019,0.306011846124596,0.0976907476647052,0.0140688575089707,0.0140276414995586,4.12160094120928e-05,0.995340003939009,-1.46312487632037
3.674,2.30225704514196,0.260534859490564,0.0990170915455097,0.21506492084612,0.0977523873802884,0.0104813295265234,0.010440194152639,4.11353738843934e-05,0.995345453001397,-1.46313315974715
3.676,2.32422311260469,0.294401189940826,0.0990777540976555,0.245979824662788,0.0978135309695769,0.0118733190808583,0.0118322656621694,4.10534186888745e-05,0.995350887059514,-1.46314140626958
3.678,2.38404281596074,0.388744507247342,0.0991378870405758,0.332652514018955,0.0978741753956132,0.0159093318275921,0.0158683617245425,4.09701030495979e-05,0.995356305957891,-1.46314961567935
3.68,2.39875523254831,0.410393094317983,0.0991974865953459,0.352208330530244,0.0979343176456454,0.0171051621798604,0.017064276793853,4.08853860074387e-05,0.99536170954067,-1.46315778776827
3.682,2.45535528500681,0.499044581874471,0.0992565490002609,0.433540866823794,0.0979939547315462,0.0216551749460031,0.0216143757195762,4.07992264268575e-05,0.9953670976516,-1.4631659223283
3.684,2.35387559485553,0.334024017804162,0.0993150705112188,0.280873296234706,0.0980530836902331,0.0142631210764077,0.014222409493405,4.07115830026727e-05,0.995372470134039,-1.4631740191515
3.686,2.29682787586942,0.240964315157914,0.0993730474021029,0.194679014722513,0.0981117015840885,0.010819848232543,0.0107792258182771,4.0622414265945e-05,0.995377826830949,-1.46318207803005
3.688,2.23772177684385,0.145039789638132,0.0994304759651659,0.105908359006453,0.0981698055013815,0.00774073047789333,0.00770019879930136,4.05316785919707e-05,0.995383167584896,-1.46319009875624
3.69,2.26066531952911,0.181038580428209,0.0994873525114143,0.13883615723782,0.0982273925566894,0.00899154959184759,0.00895111025763976,4.04393342078313e-05,0.995388492238048,-1.46319808112242
3.692,2.22398895549856,0.121329440325053,0.0995436733709932,0.0835029448361525,0.0982844598913197,0.0072273604076469,0.00718701506844696,4.03453391999431e-05,0.995393800632174,-1.46320602492107
3.694,2.24490250921603,0.154194735808532,0.0995994348935719,0.113549775125253,0.0983410046737329,0.00833353379872003,0.00829328414719709,4.02496515229389e-05,0.995399092608641,-1.46321392994471
3.696,2.25154920732428,0.164043734345424,0.0996546334487299,0.122356360880161,0.0983970240999655,0.00875945130367935,0.0087192990746708,4.01522290085499e-05,0.995404368008417,-1.46322179598595
3.698,2.26285232829822,0.181312986919971,0.0997092654263435,0.137993718410374,0.098452515394053,0.00945020672062193,0.00941015369124755,4.00530293743762e-05,0.995409626672065,-1.46322962283745
3.7,2.25621047629015,0.169737593302088,0.0997633272369721,0.127034151736078,0.0985074758084538,0.00917950244468411,0.00913955043444968,3.99520102344342e-05,0.995414868439744,-1.46323741029191
3.702,2.28400569629851,0.213426324993742,0.0998168153122461,0.167008516422404,0.0985619026244726,0.0108326847141018,0.010792835584993,3.98491291088154e-05,0.995420093151211,-1.46324515814209
3.704,2.28025822623173,0.206342024415094,0.0998697261052534,0.160165789545609,0.0986157931526841,0.0107148745849786,0.0106751302415443,3.97443434343447e-05,0.995425300645816,-1.46325286618079
3.706,2.30421909804618,0.243721336091506,0.0999220560909278,0.194293278687425,0.0986691447333574,0.012264830697666,0.0122251930870896,3.96376105763485e-05,0.995430490762503,-1.46326053420082
3.708,2.35888417025546,0.330167023882063,0.0999738017664365,0.273594748969905,0.0987219547368795,0.0160458337006433,0.0160063048128034,3.95288878398681e-05,0.99543566333981,-1.463268161995
3.71,2.39963637908259,0.393900744973949,0.100024959651568,0.331909211931653,0.0987742205641792,0.0192493742390418,0.0192099561065599,3.94181324819831e-05,0.995440818215869,-1.46327574935619
3.712,2.35021743798019,0.312713330660052,0.100075526289119,0.256690546931359,0.0988259396471511,0.0157202235696164,0.0156809182678918,3.93053017245792e-05,0.995445955228406,-1.46328329607723
3.714,2.38951725415685,0.374213902154705,0.100125498245286,0.312944312997426,0.0988771094490791,0.0187854768696415,0.0187462865168738,3.91903527676707e-05,0.995451074214738,-1.46329080195097
3.716,2.34514531952217,0.30120281746313,0.100174872110048,0.245279386669391,0.0989277274650595,0.0156489265217105,0.0156098532789069,3.90732428036111e-05,0.995456175011777,-1.46329826677023
3.718,2.39881742173504,0.385830411918485,0.100223644497557,0.322820717307546,0.0989777912224247,0.0198457651603893,0.0198068112313584,3.89539290309715e-05,0.995461257456028,-1.46330569032782
3.72,2.36687133145676,0.332689197471008,0.100271812046528,0.273452791322318,0.0990272982811654,0.0175360319394938,0.0174971995708242,3.8832368669639e-05,0.99546632138359,-1.46331307241653
3.722,2.39383335743609,0.374325261443391,0.100319371420621,0.311375155971287,0.0990762462343532,0.0197892099567012,0.0197505014377241,3.87085189771375e-05,0.995471366630154,-1.4633204128291
3.724,2.34318923283125,0.291221877023173,0.100366319308832,0.234441231025481,0.0991246327085627,0.0160999552266831,0.0160613728894189,3.85823372642813e-05,0.99547639303101,-1.46332771135824
3.726,2.37855061532763,0.346546488783195,0.100412652425878,0.284977451900346,0.0991724553642925,0.0189142936830589,0.0188758399021468,3.84537809120511e-05,0.995481400421038,-1.46333496779659
3.728,2.2974559970956,0.21468022082473,0.100458367512586,0.163198760521613,0.0992197118963861,0.0132295622260943,0.0131912394187045,3.83228073898012e-05,0.995486388634719,-1.46334218193676
3.73,2.30134169204631,0.219850908322325,0.100503461336274,0.167618639968866,0.0992664000344523,0.0136109052841229,0.0135727159098501,3.81893742728012e-05,0.995491357506128,-1.46334935357127
3.732,2.3441260472615,0.287453275295636,0.100547930691141,0.229475556304018,0.0993125175432844,0.0167535436356561,0.0167154901963944,3.80534392616649e-05,0.995496306868942,-1.46335648249259
3.734,2.44027342375174,0.440431692022647,0.10059177239865,0.369823312013596,0.099358062223279,0.0248189840706291,0.0247810691104272,3.79149602018902e-05,0.995501236556432,-1.46336356849311
3.736,2.48028573464156,0.502551637380006,0.10063498330791,0.426474277354131,0.0994030319108538,0.0287940002006123,0.0287562263055082,3.77738951040651e-05,0.995506146401476,-1.46337061136513
3.738,2.50127037864405,0.533821214874651,0.100677560296063,0.454700286452918,0.0994474244788645,0.0311275835935066,0.0310899533913411,3.76302021655173e-05,0.99551103623655,-1.46337761090085
3.74,2.48481071934777,0.504797664032052,0.100719500268664,0.427451571891887,0.099491237837021,0.0297358935489204,0.0296984097091287,3.7483839791741e-05,0.995515905893737,-1.46338456689239
3.742,2.46543838572757,0.471230890219286,0.100760800160064,0.39604521414984,0.0995344699323021,0.0280883520126103,0.0280510172459913,3.7334766619046e-05,0.995520755204724,-1.46339147913177
3.744,2.45280087895902,0.448642053746421,0.100801456933791,0.374755707969349,0.0995771187493697,0.0271161174051286,0.02707893446359,3.71829415385383e-05,0.995525584000806,-1.46339834741088
3.746,2.46086571667802,0.459425400937873,0.100841467582928,0.384160169607544,0.0996191823109814,0.0281249527807364,0.0280879244570161,3.70283237203228e-05,0.995530392112892,-1.4634051715215
3.748,2.35990263203958,0.29494103923894,0.100880829130493,0.232452883846786,0.0996606586784024,0.0193902485062768,0.0193533776336386,3.68708726381506e-05,0.995535179371497,-1.46341195125532
3.75,2.40035541712746,0.358519515755421,0.100919538629819,0.290473032531004,0.0997015459518151,0.0229773816117808,0.0229406710636844,3.6710548096397e-05,0.995539945606755,-1.46341868640386
3.752,2.43678625872472,0.415338677241495,0.100957593164926,0.342230177390713,0.0997418422707291,0.026507328669418,0.0264707813591618,3.6547310256263e-05,0.995544690648416,-1.46342537675853
3.754,2.357015243729,0.285074821825865,0.100994989850899,0.222048311599661,0.0997815458143879,0.0197024110740118,0.019666029954348,3.63811196637531e-05,0.995549414325851,-1.46343202211061
3.756,2.27261897938183,0.14798001587281,0.101031725834265,0.0956915393625311,0.0998206548021755,0.0135670348208307,0.0135308228835517,3.62119372789849e-05,0.995554116468052,-1.46343862225122
3.758,2.2709459461293,0.144550254080707,0.101067798293358,0.0922187773787185,0.099859167494021,0.0135842890188145,0.0135482492943094,3.60397245051658e-05,0.995558796903638,-1.46344517697135
3.76,2.29726377619853,0.186157509385673,0.101103204438698,0.130110177172564,0.0998970821908017,0.0155709974078298,0.0155351329646096,3.58644432201238e-05,0.995563455460857,-1.46345168606182
3.762,2.31225906659366,0.209361659065143,0.101137941513356,0.151067916339415,0.0999343972347446,0.0168353182715995,0.0167996322157921,3.56860558073935e-05,0.995568091967588,-1.46345814931331
3.764,2.21607633352847,0.0535963371868266,0.101172006793325,0.00768395174287098,0.0999711110098259,0.0104531447597084,0.0104176402345191,3.55045251893005e-05,0.995572706251349,-1.46346456651633
3.766,2.14640326230079,-0.058795901922944,0.101205397587884,-0.0957602727263534,0.100007221942169,0.00678577355279253,0.00675045373793148,3.53198148610456e-05,0.995577298139293,-1.46347093746123
3.768,2.12222052551554,-0.0974662808937249,0.101238111239966,-0.131447969392339,0.100042728500441,0.00573829613741491,0.00570316424849001,3.51318889248997e-05,0.99558186745822,-1.46347726193818
3.77,2.02650480637532,-0.251090002668105,0.101270145126518,-0.272603890051484,0.100077629196248,0.00232015196449778,0.00228521125237082,3.49407121269518e-05,0.995586414034574,-1.46348353973718
3.772,1.93897025900036,-0.390845244958696,0.101301496658865,-0.400912249016826,0.100111922584524,0.000534958853107972,0.000500212603214004,3.47462498939688e-05,0.995590937694454,-1.46348977064808
3.774,1.93504054189596,-0.39536702292847,0.101332163283068,-0.405036877462786,0.100145607263925,0.000495932513107867,0.00046138404473628,3.45484683715869e-05,0.995595438263611,-1.46349595446051
3.776,1.89011505872909,-0.465876320003681,0.101362142480282,-0.469689776635664,0.100178681877215,0.000106082457302531,7.17351228385843e-05,3.43473344639467e-05,0.995599915567458,-1.46350209096394
3.778,1.88207185807115,-0.476668826352698,0.101391431767109,-0.479514681123217,0.100211145111655,7.40815426175815e-05,3.99387267431432e-05,3.41428158744383e-05,0.995604369431072,-1.46350817994764
3.78,1.79904047264799,-0.608192431899322,0.101420028695957,-0.600045730846152,0.100242995699383,0.00036113227451798,0.000327197393370311,3.39348811476681e-05,0.9956087996792,-1.46351422120072
3.782,1.76015145891792,-0.668015454120701,0.101447930855385,-0.654729062313221,0.1002742324178,0.000903766909043212,0.000870043409330455,3.37234997127567e-05,0.99561320613626,-1.46352021451205
3.784,1.81892061029103,-0.570221570143599,0.101475135870456,-0.564868530733166,0.100304854089944,0.000174701017201646,0.00014119237527423,3.35086419274155e-05,0.995617588626355,-1.46352615967036
3.786,1.80550872291697,-0.589172427609919,0.101501641403081,-0.582093253304051,0.100334859584874,0.000280156773893187,0.0002468664947685,3.3290279124687e-05,0.995621946973269,-1.46353205646413
3.788,1.82099768941431,-0.561454316420236,0.101527445152366,-0.556532034744626,0.100364247818038,0.000152390094442607,0.000119321710783144,3.30683836594625e-05,0.995626281000475,-1.46353790468169
3.79,1.76596664809819,-0.647530870258713,0.10155254485495,-0.635261826217969,0.100393017751653,0.000773983596031261,0.000741140667073928,3.28429289573329e-05,0.995630590531145,-1.46354370411114
3.792,1.86522639593291,-0.4844673196235,0.10157693828535,-0.485672943391025,0.100421168395064,3.97687058711818e-05,7.15481630652294e-06,3.26138895646588e-05,0.995634875388151,-1.4635494545404
3.794,1.92990063751612,-0.377892267482676,0.10160062325629,-0.38795802811235,0.100448698805123,0.000530997951445925,0.000498616710245507,3.23812412004187e-05,0.995639135394071,-1.46355515575715
3.796,1.94223560949752,-0.35620071398141,0.101623597619042,-0.368068526024848,0.100475608086545,0.00072511866966292,0.000692973708854309,3.21449608086111e-05,0.995643370371199,-1.46356080754892
3.798,1.94422146422332,-0.351295851163341,0.101645859263754,-0.363567596964213,0.100501895392273,0.000772691449651512,0.000740786423037857,3.19050266136545e-05,0.995647580141546,-1.46356640970299
3.8,1.93484181859626,-0.364744970004092,0.101667406119777,-0.375873767470735,0.100527559923835,0.000640756003059819,0.000609094584884142,3.16614181756769e-05,0.995651764526853,-1.46357196200647
3.802,1.9403344097584,-0.354131755657236,0.101688236155997,-0.366142941319067,0.100552600931707,0.000740781229384455,0.000709367112935542,3.14141164489135e-05,0.99565592334859,-1.46357746424624
3.804,1.91165890309567,-0.39870481163587,0.101708347381147,-0.406926731811463,0.100577017715655,0.000363485735730694,0.000332322631890257,3.1163103840437e-05,0.995660056427968,-1.46358291620899
3.806,1.88719075129612,-0.436282144802476,0.10172773784414,-0.441271961339671,0.100600809625096,0.000153285356047166,0.000122376991774947,3.09083642722197e-05,0.995664163585947,-1.46358831768119
3.808,1.88457534570055,-0.438406797771488,0.101746405634372,-0.443151031814215,0.100623976059441,0.000141257017282719,0.000110607134039968,3.06498832427504e-05,0.995668244643238,-1.46359366844914
3.81,1.89338897481825,-0.422062646269523,0.101764348882046,-0.428134296354919,0.100646516468438,0.000211516575481022,0.000181128927588484,3.0387647892538e-05,0.995672299420314,-1.46359896829891
3.812,1.85291469012344,-0.485387433835943,0.101781565758477,-0.485990612728172,0.100668430352518,3.19089293409314e-05,1.7872822712062e-06,3.01216470697252e-05,0.995676327737417,-1.46360421701638
3.814,1.8855076994238,-0.430398669948924,0.101798054476401,-0.435611494063219,0.100689717263128,0.000163319722952177,0.000133467851553477,2.98518713987006e-05,0.995680329414566,-1.46360941438721
3.816,1.87931847532474,-0.438307469621329,0.101813813290276,-0.442778450102923,0.10071037680307,0.000127746065940762,9.81677525907193e-05,2.95783133500427e-05,0.995684304271564,-1.4636145601969
3.818,1.95027719076596,-0.321513820877059,0.101828840496585,-0.335956894722985,0.100730408626833,0.00105358044011,0.00102427947279754,2.93009673124622e-05,0.995688252128004,-1.46361965423073
3.82,1.95082684218073,-0.319034806510967,0.101843134434132,-0.333700161592643,0.100749812440919,0.00108492134363043,0.00105590151396391,2.90198296665212e-05,0.995692172803284,-1.46362469627379
3.822,1.93807484533189,-0.338064676281644,0.101856693484333,-0.351097548222866,0.100768588004171,0.000862532586699995,0.000833797687838868,2.87348988611269e-05,0.995696066116608,-1.46362968611098
3.824,1.97409314961616,-0.27815321169429,0.101869516071509,-0.296365204138034,0.100786735128094,0.0016563947589422,0.0016279485834514,2.84461754908039e-05,0.995699931886998,-1.46363462352702
3.826,1.94867587314535,-0.317855191747438,0.101881600663168,-0.332663529593236,0.100804253677173,0.00110433850992451,0.0010761848475481,2.81536623764067e-05,0.995703769933303,-1.46363950830644
3.828,1.89062304772951,-0.410158338711931,0.101892945770289,-0.416960722422914,0.100821143569188,0.000254921288462572,0.000227063923815517,2.78573646470548e-05,0.995707580074207,-1.46364434023359
3.83,1.85667438633041,-0.463047492639089,0.101903549947602,-0.465194798015217,0.10083740477553,5.01812336455098e-05,2.26239438210007e-05,2.75572898245091e-05,0.995711362128238,-1.46364911909265
3.832,1.7537881555815,-0.627236889303879,0.101913411793856,-0.614977268733103,0.100853037321502,0.000764635770285121,0.000737382322374907,2.72534479102138e-05,0.99571511591378,-1.46365384466762
3.834,1.8285454684133,-0.503200103304818,0.101922529952098,-0.501579453790943,0.100868041286631,3.98306613781057e-05,1.28848099044359e-05,2.69458514736698e-05,0.995718841249079,-1.46365851674235
3.836,1.77364568701841,-0.589581802235216,0.10193090310993,-0.58027911354508,0.100882416804962,0.000451137851951704,0.000424503336207343,2.66345157443615e-05,0.995722537952253,-1.4636631351005
3.838,1.80775228635002,-0.53147295148136,0.101938529999779,-0.5270924011139,0.100896164065362,0.000120440992152155,9.41215334471399e-05,2.63194587050153e-05,0.995726205841304,-1.4636676995256
3.84,1.89983025290084,-0.379745580614233,0.101945409399148,-0.388568585683036,0.100909283311809,0.000407800229499138,0.000381799528310948,2.60007011881891e-05,0.995729844734127,-1.46367220980102
3.842,1.96108839932085,-0.278611526306982,0.101951540130877,-0.296310176290417,0.100921774843683,0.00156190916076002,0.00153623089378561,2.5678266974416e-05,0.99573345444852,-1.46367666570997
3.844,2.00175578760797,-0.211286589769515,0.101956921063384,-0.234962892602239,0.100933639016054,0.00277439221853001,0.002749040035636,2.53521828940118e-05,0.995737034802196,-1.46368106703556
3.846,2.00023514951277,-0.212619837039628,0.101961551110917,-0.236256576872823,0.100944876239964,0.00276475850616276,0.00273973602723244,2.50224789303255e-05,0.995740585612791,-1.46368541356073
3.848,2.00428133668578,-0.204921532316596,0.10196542923379,-0.229318636167103,0.100955486982701,0.00294341703935012,0.00291872785102335,2.46891883267653e-05,0.995744106697877,-1.46368970506832
3.85,1.9455312769499,-0.299043156149171,0.101968554438621,-0.315158179077086,0.100965471768082,0.00129775455191925,0.00127340220422342,2.43523476958218e-05,0.99574759787497,-1.46369394134103
3.852,1.9696548074507,-0.25837183672321,0.101970925778565,-0.278127571942087,0.100974831176717,0.00193773922407582,0.00191372722694473,2.40119971310904e-05,0.995751058961547,-1.46369812216147
3.854,1.97002199333114,-0.256404675776936,0.101972542353534,-0.276382147961078,0.100983565846279,0.00198056454505404,0.00195689636473186,2.36681803221783e-05,0.99575448977505,-1.46370224731215
3.856,1.9592664378927,-0.272482817048849,0.101973403310428,-0.291069522643815,0.100991676471764,0.00171722157787128,0.00169390063319867,2.33209446726113e-05,0.995757890132904,-1.46370631657548
3.858,1.90503372908842,-0.359015944193102,0.101973507843346,-0.369881474413365,0.100999163805756,0.000601844940639264,0.000578874599218528,2.29703414207361e-05,0.995761259852524,-1.46371032973378
3.86,1.91943470850947,-0.333784201056232,0.101972855193799,-0.346892796498398,0.101006028658675,0.000865170427707484,0.000842554001944084,2.26164257633998e-05,0.995764598751331,-1.4637142865693
3.862,1.81664540303213,-0.498859257411496,0.10197144465092,-0.497097905344951,0.101012271899034,3.74711680867011e-05,1.52119111038528e-05,2.22592569828484e-05,0.99576790664676,-1.46371818686425
3.864,1.81080321197726,-0.505805605229734,0.101969275551667,-0.503295908511537,0.101017894453679,5.27835821409501e-05,3.08846835639949e-05,2.18988985769553e-05,0.995771183356275,-1.46372203040074
3.866,1.88684003572641,-0.379770649784607,0.101966347281015,-0.388531704784682,0.101022897308041,0.000397914913986734,0.00037637949559373,2.15354183930039e-05,0.995774428697382,-1.46372581696087
3.868,1.86404873978533,-0.414799958701955,0.101962659272154,-0.420345580381704,0.101027281506364,0.000171978606921716,0.000150809718157804,2.11688887639117e-05,0.995777642487639,-1.46372954632671
3.87,1.89384561052086,-0.364242459688574,0.101958211006675,-0.374314999137894,0.10103104815195,0.000518336808874481,0.000497537422226141,2.07993866483402e-05,0.995780824544671,-1.46373321828027
3.872,1.9141570684455,-0.329320945313246,0.101953002014751,-0.342541840616776,0.101034198407383,0.000877645855273533,0.000857218861498619,2.04269937749135e-05,0.995783974686182,-1.46373683260359
3.874,1.86458126649798,-0.408126578335255,0.101947031875314,-0.41415057133765,0.101036733494756,0.000198028982712673,0.000177977185923795,2.0051796788878e-05,0.995787092729969,-1.4637403890787
3.876,1.77802439896396,-0.546679221435183,0.101940300216226,-0.539971282596707,0.101038654695895,0.000240373862610351,0.00022069997520748,1.96738874028712e-05,0.995790178493935,-1.46374388748763
3.878,1.81024577942092,-0.49148841347558,0.101932806714449,-0.489678533356345,0.101039963352576,3.53611338196524e-05,1.60677712680768e-05,1.92933625515757e-05,0.995793231796102,-1.46374732761245
3.88,1.83581478859858,-0.447359526760675,0.101924551096198,-0.449480525068361,0.101040660866741,4.09787750502827e-05,2.20684505000241e-05,1.89103245502587e-05,0.995796252454625,-1.46375070923527
3.882,1.88684602743484,-0.362010381461945,0.101915533137104,-0.37189609026283,0.101040748700702,0.000497977009345583,0.000479452128089384,1.85248812561989e-05,0.995799240287809,-1.46375403213825
3.884,1.89721312051645,-0.343201322800857,0.101905752662361,-0.354789547426871,0.101040228377352,0.000677015308040111,0.000658878161804447,1.81371462356639e-05,0.995802195114117,-1.46375729610362
3.886,1.91529862536695,-0.311913490549781,0.101895209546866,-0.326374936610518,0.101039101480365,0.00104396536585824,0.0010262181269248,1.7747238933441e-05,0.995805116752191,-1.46376050091369
3.888,2.00156459620554,-0.169791363005451,0.101883903715364,-0.197426602785536,0.101037369654391,0.00376528037336949,0.00374792508852201,1.73552848474756e-05,0.995808005020861,-1.46376364635086
3.89,1.99459360740867,-0.180109187992815,0.101871835142576,-0.20688878145882,0.10103503460525,0.00353680880630708,0.00351984739060001,1.69614157070619e-05,0.995810859739162,-1.46376673219766
3.892,1.9131969671995,-0.311568558173339,0.101859003853329,-0.326204837405842,0.10103209810012,0.00106812067235379,0.00105155490269787,1.65657696559185e-05,0.995813680726351,-1.46376975823673
3.894,1.90774493605671,-0.318723087347411,0.101845409922674,-0.332693616474279,0.101028561967723,0.000974364271852408,0.000958195780412925,1.61684914394833e-05,0.995816467801918,-1.46377272425086
3.896,1.93455956099407,-0.273273525062694,0.101831053476004,-0.291491120926253,0.101024428098503,0.00164533550707888,0.00162956577448245,1.57697325964268e-05,0.995819220785604,-1.463775630023
3.898,1.91507004658207,-0.303481393657699,0.101815934689161,-0.318896131404255,0.101019698444802,0.00118225055551632,0.00116688090386116,1.53696516551616e-05,0.995821939497416,-1.46377847533629
3.9,1.86520689681376,-0.383051074795101,0.101800053788542,-0.390997152134253,0.101014375021034,0.000325086841240968,0.000310118426906397,1.49684143345707e-05,0.995824623757642,-1.46378125997404
3.902,1.92983459038704,-0.275599443328303,0.101783411051195,-0.293613070075781,0.101008459903847,0.00160859190602619,0.00159402571227568,1.45661937505093e-05,0.995827273386865,-1.46378398371979
3.904,1.91649979282871,-0.295767177448604,0.10176600680491,-0.311903667577592,0.101001955232294,0.00129350153644236,0.0012793383658165,1.41631706258583e-05,0.995829888205983,-1.46378664635731
3.906,1.89428718274278,-0.330317200162628,0.101747841428306,-0.343197009988279,0.100994863207986,0.000828958651327058,0.000815199117820262,1.37595335067964e-05,0.995832468036224,-1.4637892476706
3.908,1.88895661514135,-0.337161345706488,0.101728915350907,-0.349378612779963,0.100987186095247,0.00074697980904628,0.000733624330062657,1.33554789836232e-05,0.995835012699159,-1.46379178744396
3.91,1.96206757319182,-0.21596773720871,0.101709229053218,-0.239682766654046,0.10097892622127,0.00277770828867555,0.00276475707675886,1.29512119166897e-05,0.995837522016722,-1.46379426546195
3.912,1.948754544022,-0.236391401794368,0.101688783066792,-0.258229818815973,0.100970085976256,0.00235752759951426,0.00234498065384605,1.25469456682126e-05,0.995839995811226,-1.46379668150944
3.914,1.95838726179616,-0.21925507138699,0.101667577974287,-0.242783210511186,0.100960667813561,0.0027346102890781,0.00272246738673902,1.21429023390851e-05,0.995842433905377,-1.46379903537165
3.916,1.86408160710741,-0.371922832300901,0.101645614409523,-0.380909692423702,0.100950674249836,0.000409019881071606,0.000397280568059701,1.17393130119048e-05,0.995844836122296,-1.46380132683412
3.918,1.81790992424649,-0.4452574619522,0.101622893057531,-0.447166375293692,0.100940107865156,2.9265203706403e-05,1.79287857080719e-05,1.13364179983311e-05,0.995847202285532,-1.46380355568279
3.92,1.81126376970437,-0.453672940330564,0.101599414654591,-0.454673966871433,0.100928971303153,1.58658642827578e-05,4.93139718832111e-06,1.09344670944367e-05,0.995849532219081,-1.46380572170395
3.922,1.75621525254561,-0.541141022329196,0.10157517998827,-0.533609211600717,0.100917267271142,0.00028977601533087,0.000279242295490814,1.05337198400557e-05,0.995851825747403,-1.46380782468433
3.924,1.71840722790194,-0.600020048436067,0.101550189897449,-0.586632090219325,0.100904998540242,0.000892641043725662,0.000882506597940536,1.0134445785126e-05,0.995854082695442,-1.4638098644111
3.926,1.65760413141636,-0.696218258955202,0.101524445272346,-0.673305017880732,0.100892167945495,0.00259540294405639,0.00258566601929403,9.73692476236021e-06,0.995856302888638,-1.46381184067188
3.928,1.67926397184313,-0.657113647544871,0.101497947054533,-0.63770774815087,0.100878778385981,0.00186449685778628,0.00185515541062015,9.3414471661335e-06,0.995858486152952,-1.46381375325476
3.93,1.63700073874968,-0.722743153891355,0.10147069623694,-0.69669660481565,0.100864832824924,0.00335189728331241,0.0033429489690746,8.94831423781106e-06,0.99586063231488,-1.46381560194836
3.932,1.59459296506802,-0.788301868379319,0.101442693863865,-0.755557340968254,0.100850334289804,0.00529333505855263,0.00528477722019534,8.55783835729262e-06,0.995862741201472,-1.4638173865418
3.934,1.5934891736975,-0.785957770731774,0.101413941030966,-0.753083490995081,0.100835285872454,0.0053364233291741,0.00532825298583133,8.17034334277267e-06,0.99586481264035,-1.46381910682477
3.936,1.57683527073213,-0.809071676632651,0.101384438885247,-0.773575307916639,0.100819690729162,0.00622171902209117,0.00621393285733523,7.78616475594074e-06,0.995866846459729,-1.46382076258754
3.938,1.58975665694477,-0.783647007287901,0.101354188625048,-0.7502672828041,0.100803552080765,0.00550400140876002,0.00549659575854518,7.4056502148423e-06,0.995868842488432,-1.46382235362099
3.94,1.63676381562705,-0.702506152423911,0.101323191500017,-0.676745066025388,0.10078687321274,0.00328186467667517,0.00327483551696088,7.02915971428908e-06,0.995870800555914,-1.4638238797166
3.942,1.6762887044744,-0.633986946580435,0.101291448811079,-0.614676100184729,0.100769657475289,0.0018474283891777,0.00184077132322432,6.6570659533749e-06,0.995872720492276,-1.46382534066654
3.944,1.70342612971124,-0.586073977737318,0.101258961910398,-0.571241597644266,0.100751908283428,0.0010926108815824,0.00108632112691141,6.28975467098503e-06,0.995874602128288,-1.46382673626365
3.946,1.70564483120948,-0.579217242779761,0.101225732201339,-0.564842196528804,0.100733629117061,0.00102662636543349,0.00102069874044553,5.92762498796695e-06,0.995876445295404,-1.46382806630147
3.948,1.64691214383857,-0.672309578221153,0.101191761138407,-0.648476207050564,0.10071482352106,0.00281226985142043,0.00280669876166158,5.57108975884901e-06,0.995878249825788,-1.46382933057429
3.95,1.70660381517428,-0.570770632801896,0.1011570502272,-0.556750303083124,0.10069549510534,0.000976826830667781,0.000971606254737449,5.22057593033143e-06,0.995880015552328,-1.46383052887717
3.952,1.71921798406511,-0.546912681265574,0.101121601024335,-0.535056487209634,0.100675647544923,0.000699927513363478,0.000695050988454374,4.87652490910317e-06,0.995881742308658,-1.46383166100593
3.954,1.7662444810066,-0.466700916417126,0.101085415137386,-0.462662875351089,0.100655284580009,8.5192846399206e-05,8.06534534623306e-05,4.53939293687533e-06,0.995883429929179,-1.46383272675725
3.956,1.75552825406527,-0.481615887043089,0.101048494224799,-0.475944286416482,0.100634410016036,0.000163376069117155,0.000159166417641859,4.2096514752954e-06,0.995885078249078,-1.46383372592864
3.958,1.67872196713071,-0.604939776974344,0.101010839995809,-0.586734744432964,0.100613027723744,0.00164442067420044,0.00164053288660136,3.88778759907726e-06,0.995886687104347,-1.46383465831851
3.96,1.64581520786763,-0.655604094282908,0.100972454210353,-0.632055102215119,0.100591141639224,0.0027496451597897,0.00274607085539136,3.57430439834605e-06,0.995888256331806,-1.46383552372614
3.962,1.67960981018635,-0.596482302229203,0.100933338678963,-0.57861085399054,0.10056875576398,0.00158544596923612,0.0015821762478457,3.26972139041981e-06,0.995889785769121,-1.4638363219518
3.964,1.66428020240295,-0.618325889833835,0.100893495262668,-0.59800374891038,0.100545874164972,0.00204963482116108,0.00204666024622094,2.97457494013997e-06,0.995891275254828,-1.4638370527967
3.966,1.73426267830221,-0.499881609339277,0.10085292587288,-0.491299289780522,0.100522500974668,0.000367855864637728,0.000365166445946313,2.68941869141504e-06,0.995892724628349,-1.46383771606306
3.968,1.66912915507048,-0.60405508653135,0.100811632471273,-0.584721728368737,0.100498640391088,0.00185626208687349,0.00185384726286618,2.41482400731297e-06,0.995894133730019,-1.46383831155413
3.97,1.76801652522256,-0.438088351584201,0.100769617069658,-0.435393873425558,0.100474296677841,3.81751977108421e-05,3.60238172900304e-05,2.15138042081175e-06,0.9958955024011,-1.46383883907422
3.972,1.73800953150286,-0.484847434555786,0.100726881729854,-0.477255167327251,0.100449474164171,0.000288032457676132,0.000286132761580368,1.89969609576401e-06,0.995896830483809,-1.46383929842877
3.974,1.81504286603727,-0.355318932609166,0.100683428563541,-0.360804806857493,0.100424177244985,0.000151113077343354,0.000149452679044723,1.66039829863074e-06,0.995898117821334,-1.46383968942431
3.976,1.73656581796682,-0.482247794069196,0.100639259732121,-0.474660853824718,0.100398410380895,0.000287414289271667,0.000285980155391127,1.43413388054014e-06,0.995899364257859,-1.46384001186855
3.978,1.72238282615237,-0.502764208168758,0.100594377446561,-0.492905548829522,0.100372178098242,0.000484315985354703,0.000483094415583699,1.22156977100385e-06,0.995900569638583,-1.46384026557039
3.98,1.67520380489272,-0.577491385245868,0.100548783967234,-0.559759342528505,0.100345484989127,0.00156456959724768,0.00156354620376539,1.02339348229119e-06,0.995901733809743,-1.46384045033998
3.982,1.63584630265361,-0.638981323020655,0.100502481603751,-0.614665516246475,0.100318335711439,0.00294235205365624,0.00294151174003045,8.40313625793954e-07,0.995902856618637,-1.46384056598871
3.984,1.5988057138219,-0.696358998393702,0.100455472714791,-0.665821571033732,0.100290734988877,0.00464220450001177,0.00464153143957161,6.73060440159468e-07,0.995903937913641,-1.46384061232928
3.986,1.61367932639493,-0.667939095176482,0.100407759707914,-0.640011695141215,0.10026268761097,0.00388438392750389,0.00388386154117292,5.22386330970015e-07,0.995904977544238,-1.46384058917571
3.988,1.65109403915465,-0.602502831864351,0.10035934503938,-0.581056299784586,0.100234198433102,0.0022919232432753,0.00229153417685189,3.89066423411855e-07,0.995905975361033,-1.46384049634342
3.99,1.76741375219301,-0.407317414001022,0.100310231213953,-0.405920963233341,0.100205272376524,9.99411770782955e-06,9.72021858067285e-06,2.73899127156696e-07,0.995906931215781,-1.46384033364919
3.992,1.73307826808827,-0.461425515226948,0.100260420784697,-0.454267935706501,0.100175914428373,0.000255667082235333,0.000255489375521101,1.77706714232784e-07,0.995907844961405,-1.46384010091128
3.994,1.75217984855345,-0.427149515906492,0.100209916352775,-0.423415910658738,0.100146129641685,6.96543734409848e-05,6.95530375306552e-05,1.01335910329681e-07,0.995908716452022,-1.4638397979494
3.996,1.76920993301201,-0.396447987327224,0.100158720567228,-0.395797425110577,0.100115923135408,2.15846103512445e-06,2.11280253647588e-06,4.56584986485709e-08,0.995909545542961,-1.46383942458477
3.998,1.82571759999653,-0.300753814635946,0.100106836124758,-0.310041732498229,0.100085300094413,0.000430878341662008,0.000430866769722935,1.15719390736402e-08,0.995910332090789,-1.46383898064018
4,1.77125150791359,-0.388656227706345,0.100054265769501,-0.388656227706345,0.100054265769501,0,0,0,0.995911075953334,-1.46383846593998
