x,L_x,f_x,f_y
1,2,0,-1
1.00573362474247,2.01146724948494,-0.0028668123712341,-1.02300024787525
0.990658000221914,1.98131600044383,0.00467099988904301,-0.962806546807363
0.987497592991585,1.97499518598317,0.00625120350420766,-0.950302992328347
0.975039739502355,1.95007947900471,0.0124801302488226,-0.90140498721764
0.968871178077998,1.937742356156,0.0155644109610009,-0.877422719420496
0.93038503165791,1.86077006331582,0.0348074841710448,-0.731232614266182
0.919247539974118,1.83849507994824,0.0403762300129411,-0.690032079496935
0.917486706373546,1.83497341274709,0.0412566468132271,-0.683563712744354
0.944732452615459,1.88946490523092,0.0276337736922704,-0.785038814049641
0.974115147409114,1.94823029481823,0.0129424262954428,-0.897800640823761
0.954380703631178,1.90876140726236,0.0228096481844108,-0.821685054927086
0.93351651287921,1.86703302575842,0.0332417435603952,-0.742906159636319
0.907895301373271,1.81579060274654,0.0460523493133643,-0.648547756511327
0.889163379874837,1.77832675974967,0.0554183100625813,-0.581223032220889
0.87420470953639,1.74840941907278,0.0628976452318049,-0.528467748351209
0.880544402928161,1.76108880585632,0.0597277985359196,-0.550716891056223
0.849533019617773,1.69906603923555,0.0752334901911133,-0.443412702841784
0.827047798224472,1.65409559644894,0.0864761008877641,-0.368016121095893
0.828883945553425,1.65776789110685,0.0855580272232874,-0.374097190392427
0.819027655063253,1.63805531012651,0.0904861724683734,-0.341612599516823
0.854284976156468,1.70856995231294,0.0728575119217658,-0.459605640973316
0.87502316125517,1.75004632251034,0.0624884193724149,-0.531331065465983
0.8898729212064,1.7797458424128,0.0550635393967999,-0.583747631792825
0.894026997939197,1.78805399587839,0.0529865010304015,-0.598568546088346
0.882861733996875,1.76572346799375,0.0585691330015624,-0.558889682711939
0.887976430989281,1.77595286197856,0.0560117845053597,-0.577004283984922
0.875682492068661,1.75136498413732,0.0621587539656693,-0.533639653831162
0.873291684317943,1.74658336863589,0.0633541578410283,-0.525276731797741
0.850201883470289,1.70040376694058,0.0748990582648557,-0.445686485312852
0.84251275342563,1.68502550685126,0.078743623287185,-0.419655479369673
0.84011628242973,1.68023256485946,0.0799418587851348,-0.411590736007101
0.84156802997653,1.68313605995306,0.0792159850117348,-0.416473498157157
0.85083696723272,1.70167393446544,0.0745815163836399,-0.447847089619546
0.845922387445538,1.69184477489108,0.0770388062772309,-0.431169371163119
0.821292808250714,1.64258561650143,0.0893535958746428,-0.349043753768689
0.782652969954391,1.56530593990878,0.108673515022805,-0.225091342756856
0.770103052302322,1.54020610460464,0.114948473848839,-0.186117422330705
0.775176634216094,1.55035326843219,0.112411682891953,-0.201797628469184
0.787833400304658,1.57566680060932,0.106083299847671,-0.241362933271198
0.779650893819059,1.55930178763812,0.11017455309047,-0.215711032465717
0.792926718340399,1.5858534366808,0.103536640829801,-0.257465561316149
0.809560187199681,1.61912037439936,0.0952199064001593,-0.310775393397567
0.803286218827456,1.60657243765491,0.098356890586272,-0.290537498716223
0.796495826452089,1.59299165290418,0.101752086773956,-0.268811203111191
0.798109902546999,1.596219805094,0.1009450487265,-0.273958833087161
0.79539522944701,1.59079045889402,0.102302385276495,-0.265307142054124
0.796054652406866,1.59210930481373,0.101972673796567,-0.267406019237231
0.783985534851457,1.56797106970291,0.108007232574272,-0.229266637712649
0.79883310070602,1.59766620141204,0.10058344964699,-0.27626864556719
0.8124938123038,1.6249876246076,0.0937530938481001,-0.320292390063925
0.841480259915891,1.68296051983178,0.0792598700420543,-0.416178055656232
0.812909917219174,1.62581983443835,0.093545041390413,-0.321645067026569
0.789721826170474,1.57944365234095,0.105139086914763,-0.247321125460056
0.801419391061982,1.60283878212396,0.0992903044690089,-0.284546080740317
0.795219602366454,1.59043920473291,0.102390198816773,-0.264748431975721
0.805889195387384,1.61177839077477,0.0970554023063078,-0.298914790484252
0.787536589422935,1.57507317884587,0.106231705288533,-0.240427759359816
0.804800272574063,1.60960054514813,0.0975998637129686,-0.295406957470571
0.841165954473444,1.68233190894689,0.0794170227632779,-0.415120325930441
0.841399675386514,1.68279935077303,0.0793001623067432,-0.415906827481061
0.830751139275542,1.66150227855108,0.0846244303622288,-0.380294910815223
0.853312986566397,1.70662597313279,0.0733435067168016,-0.456286106085728
0.85443937481652,1.70887874963304,0.0727803125917401,-0.460133290473691
0.889013861451728,1.77802772290346,0.0554930692741358,-0.580691291706626
0.907732807102708,1.81546561420542,0.0461335964486459,-0.647957698181125
0.93085411387111,1.86170822774222,0.0345729430644451,-0.732978762621538
0.934236235252496,1.86847247050499,0.0328818823737518,-0.745594686517516
0.939184800874012,1.87836960174802,0.0304075995629938,-0.764136180385517
0.910637632655873,1.82127526531175,0.0446811836720633,-0.658521796018187
0.903981583176237,1.80796316635247,0.0480092084118813,-0.634365405443633
0.893362375098517,1.78672475019703,0.0533188124507414,-0.596192666483328
0.907675928022502,1.815351856045,0.0461620359887489,-0.647751180623022
0.916913019443344,1.83382603888669,0.0415434902783282,-0.681458970449419
0.935309688563702,1.8706193771274,0.0323451557181488,-0.74960842704226
0.964872127243858,1.92974425448772,0.017563936378071,-0.861956443864176
0.988403037015727,1.97680607403145,0.00579848149213658,-0.953881127163825
0.976106732731177,1.95221346546235,0.0119466336344116,-0.905568707366266
0.987703700892154,1.97540740178431,0.00614814955392312,-0.951117201512114
0.983254291916821,1.96650858383364,0.00837285404158933,-0.933578005145699
0.990907882259256,1.98181576451851,0.00454605887037202,-0.963796862247047
0.999702043059764,1.99940408611953,0.0001489784701178,-0.998808349795734
1.00068018690128,2.00136037380256,-0.00034009345063879,-1.00272167291355
0.988109279223164,1.97621855844633,0.00594536038841786,-0.952719895373842
0.959037764065903,1.91807552813181,0.0204811179670487,-0.839506865809052
0.967495117521247,1.93499023504249,0.0162524412393766,-0.872093604854902
0.987123744896071,1.97424748979214,0.00643812755196471,-0.948826575475285
0.989566727549943,1.97913345509989,0.0052166362250286,-0.958484616547805
1.00229734286008,2.00459468572016,-0.00114867143003916,-1.00919992700875
0.990708602115965,1.98141720423193,0.00464569894201733,-0.96300706861314
0.981398655141623,1.96279731028325,0.00930067242918847,-0.926286640627573
0.990393815067109,1.98078763013422,0.00480309246644556,-0.961759817846365
0.979149308310077,1.95829861662015,0.0104253458449616,-0.917466735928203
0.998331187734445,1.99666237546889,0.000834406132777521,-0.993330320806535
1.00037622592717,2.00075245185433,-0.000188112963583453,-1.00150518680056
1.02452600004019,2.04905200008037,-0.0122630000200932,-1.09930704951669
1.00920266203212,2.01840532406424,-0.00460133101606108,-1.03698002610544
0.998482463995292,1.99696492799058,0.000758768002354082,-0.993934461812219
0.989790971923336,1.97958194384667,0.00510451403833195,-0.959372336201885
0.982772340354405,1.96554468070881,0.00861382982279774,-0.931682945931347
0.989347072395307,1.97869414479061,0.00532646380234653,-0.957615259314329
0.985353596596349,1.9707071931927,0.00732320170182554,-0.941843420650721
0.997228594721978,1.99445718944396,0.00138570263901122,-0.98892974026234
1.00790997920905,2.01581995841809,-0.0039549896045229,-1.03176505237836
0.985484598880415,1.97096919776083,0.00725770055979263,-0.942359789260984
0.995490314611252,1.9909806292225,0.00225484269437398,-0.982001932969619
1.02634347403349,2.05268694806698,-0.0131717370167455,-1.10676185338227
0.9977467619807,1.9954935239614,0.00112661900965022,-0.990997202085941
0.986742690852749,1.9734853817055,0.00662865457362538,-0.947322275902649
1.00174762636747,2.00349525273494,-0.000873813183734473,-1.00699661386572
1.01812016927025,2.0362403385405,-0.00906008463512464,-1.07313735814976
1.01947284265245,2.0389456853049,-0.0097364213262261,-1.07864975381174
1.00376835255733,2.00753670511467,-0.00188417627866677,-1.01510181119133
1.01058541806608,2.02117083613217,-0.00529270903304235,-1.04256577441561
1.02915447217855,2.05830894435709,-0.0145772360892735,-1.11831785521021
1.02362922379578,2.04725844759157,-0.0118146118978915,-1.09563357561751
1.04143464199667,2.08286928399334,-0.020717320998335,-1.16917222710146
1.07864087752581,2.15728175505163,-0.0393204387629063,-1.32693228533931
1.06230384113564,2.12460768227128,-0.0311519205678203,-1.25697890178307
1.04688571749146,2.09377143498293,-0.023442858745732,-1.19193941097524
1.0629058554885,2.12581171097701,-0.0314529277442518,-1.2595377152635
1.05608985213348,2.11217970426695,-0.028044926066738,-1.23065155155861
1.0517153904358,2.10343078087161,-0.0258576952179024,-1.21221052495907
1.09132602117558,2.18265204235116,-0.045663010587791,-1.38198496898985
1.08851671010961,2.17703342021923,-0.0442583550548072,-1.36973725637572
1.10304507882237,2.20609015764474,-0.0515225394111861,-1.43341689182851
1.10511356130256,2.21022712260512,-0.0525567806512789,-1.44255196674964
1.10292231274977,2.20584462549954,-0.0514611563748849,-1.4328752559226
1.08768110384199,2.17536220768397,-0.0438405519209936,-1.36610036730985
1.09266242933878,2.18532485867755,-0.0463312146693883,-1.38782236897703
1.09610330597865,2.19220661195729,-0.0480516529893235,-1.40288491475464
1.09350428657792,2.18700857315583,-0.0467521432889579,-1.39150324952855
1.09184432569147,2.18368865138294,-0.0459221628457357,-1.38424806308933
1.11342981272781,2.22685962545561,-0.0567149063639026,-1.47945189574215
1.12452442189618,2.24904884379235,-0.062262210948088,-1.52911035088186
1.14738403321543,2.29476806643087,-0.0736920166077168,-1.63298023935543
1.13775089500708,2.27550179001417,-0.0688754475035421,-1.58895419817884
1.14444789751587,2.28889579503174,-0.072223948757934,-1.61952198025698
1.14863291762754,2.29726583525508,-0.0743164588137707,-1.63871515891512
1.15710583785309,2.31421167570618,-0.0785529189265448,-1.6777878399874
1.14169232906171,2.28338465812341,-0.0708461645308537,-1.60692274847669
1.14492018900211,2.28984037800422,-0.0724600945010547,-1.62168447836925
1.13673551888811,2.27347103777623,-0.0683677594440567,-1.58433527980366
1.13816863712642,2.27633727425283,-0.0690843185632081,-1.59085569307641
1.14859029204913,2.29718058409825,-0.0742951460245629,-1.63851931797899
1.17116152812205,2.3423230562441,-0.0855807640610259,-1.74323864990636
1.17701934567405,2.35403869134809,-0.0885096728370237,-1.77074908018193
1.20723214531849,2.41446429063698,-0.103616072659245,-1.91481890538057
1.22693528383843,2.45387056767685,-0.113467641919213,-2.01074038145536
1.20750886646887,2.41501773293774,-0.103754433234434,-1.91615532520187
1.1936691556224,2.38733831124479,-0.0968345778111984,-1.84969210616857
1.19161223013057,2.38322446026114,-0.0958061150652858,-1.83987941399351
1.16750178474108,2.33500356948217,-0.0837508923705422,-1.72612083474724
1.18622573525179,2.37245147050358,-0.0931128676258948,-1.8142629899473
1.17827394771529,2.35654789543057,-0.0891369738576437,-1.77665899172914
1.18182675068323,2.36365350136645,-0.090913375341613,-1.79342893726094
1.18528865401158,2.37057730802317,-0.0926443270057917,-1.80981838665718
1.21021049770578,2.42042099541156,-0.105105248852889,-1.92921889751453
1.22290192945047,2.44580385890094,-0.111450964725236,-1.99097825810737
1.22356057796428,2.44712115592856,-0.111780288982139,-1.99420097589656
1.2081909570147,2.4163819140294,-0.104095478507349,-1.91945077722418
1.23736353058792,2.47472706117584,-0.11868176529396,-2.062137013658
1.21874396425117,2.43748792850234,-0.109371982125586,-1.97067370079733
1.20787094316881,2.41574188633761,-0.103935471584403,-1.917904430703
1.2242916233229,2.4485832466458,-0.112145811661449,-1.99777995787723
1.2244634008426,2.44892680168521,-0.112231700421302,-1.99862124000607
1.26821052705153,2.53642105410306,-0.134105263525766,-2.21671588184864
1.27384218580651,2.54768437161303,-0.136921092903257,-2.24534782868064
1.29586155074131,2.59172310148261,-0.147930775370653,-2.35851431737933
1.28003712237665,2.56007424475329,-0.140018561188323,-2.27699006932457
1.29499291767331,2.58998583534661,-0.147496458836653,-2.35401331364804
1.27929525928276,2.55859051856553,-0.139647629641382,-2.27319272084671
1.30386055279475,2.60772110558951,-0.151930276397377,-2.40010468226849
1.29918879408615,2.59837758817231,-0.149594397043077,-2.37578304535807
1.3126124416779,2.6252248833558,-0.156306220838949,-2.44590284409523
1.30367152681561,2.60734305363122,-0.151835763407805,-2.39911889965949
1.29606206548484,2.59212413096968,-0.14803103274242,-2.35955375517766
1.30169558796785,2.6033911759357,-0.150847793983924,-2.38882280746992
1.32390885554968,2.64781771109937,-0.161954427774842,-2.50546931560575
1.32515643031766,2.65031286063532,-0.16257821515883,-2.51207912962449
1.34046533630952,2.68093067261905,-0.170232668154761,-2.5936946356948
1.33583437908923,2.67166875817846,-0.167917189544614,-2.56890697671341
1.33683816243083,2.67367632486166,-0.168419081215414,-2.57427254506287
1.33487428501292,2.66974857002583,-0.167437142506459,-2.56377871357749
1.34332921079051,2.68665842158102,-0.171664605395256,-2.60906673712612
1.33948120603068,2.67896241206137,-0.169740603015341,-2.58841980261883
1.33355803689379,2.66711607378759,-0.166779018446897,-2.55675407552806
1.35996296756505,2.71992593513011,-0.179981483782527,-2.69899854629669
1.36615213476348,2.73230426952696,-0.183076067381741,-2.73274331063764
1.36994762390239,2.73989524780478,-0.184973811951195,-2.7535129844716
1.36771421732551,2.73542843465101,-0.183857108662753,-2.74128436054864
1.35664005208925,2.7132801041785,-0.178320026044626,-2.68094446186545
1.3515176607143,2.7030353214286,-0.17575883035715,-2.65319997444531
1.33947545098411,2.67895090196823,-0.169737725492057,-2.58838896757819
1.33893905671622,2.67787811343245,-0.169469528358112,-2.58551559520027
1.36002050040004,2.72004100080008,-0.18001025020002,-2.69931152301675
1.36001329177433,2.72002658354866,-0.180006645887166,-2.69927230760571
1.36201665883816,2.72403331767632,-0.18100832941908,-2.71017875790533
1.36455609174341,2.72911218348683,-0.182278045871707,-2.72402665502812
1.37322994110981,2.74645988221962,-0.186614970554905,-2.7715209423209
1.35730224336695,2.7146044867339,-0.178651121683476,-2.68453875969792
1.36556650822823,2.73113301645645,-0.182783254114113,-2.72954377678926
1.37290153939216,2.74580307878432,-0.186450769696081,-2.76971727373074
1.38246427594027,2.76492855188053,-0.191232137970133,-2.82241494850209
1.38209339225847,2.76418678451694,-0.191046696129235,-2.82036428984905
1.37485359204793,2.74970718409585,-0.187426796023963,-2.78044479913417
1.35350957812364,2.70701915624728,-0.176754789061821,-2.66397635614488
1.34094999657516,2.68189999315031,-0.170474998287578,-2.59629378662982
1.34368715223306,2.68737430446612,-0.17184357611653,-2.61099032615238
1.31367038103214,2.62734076206429,-0.156835190516072,-2.45145974000228
1.33760794178473,2.67521588356946,-0.168803970892364,-2.57839001185115
1.3535688545437,2.7071377090874,-0.176784427271849,-2.66429728798148
1.35278998606186,2.70557997212371,-0.176394993030929,-2.66008149277848
1.35211262895136,2.70422525790272,-0.17605631447568,-2.65641712273951
1.32728783251613,2.65457566503225,-0.163643916258063,-2.52338598069071
1.34795422738615,2.6959084547723,-0.173977113693076,-2.63396119825639
1.34549986185074,2.69099972370148,-0.172749930925369,-2.62073975648071
1.33547482259956,2.67094964519913,-0.167737411299782,-2.56698600359468
1.33261420563253,2.66522841126506,-0.166307102816266,-2.55172124210725
1.33443217103002,2.66886434206005,-0.167216085515012,-2.5614184381598
1.34712469423481,2.69424938846962,-0.173562347117406,-2.62948988363447
1.33185322325827,2.66370644651655,-0.165926611629136,-2.5476660166069
1.34152231528889,2.68304463057777,-0.170761157644443,-2.59936424483611
1.34246240604994,2.68492481209989,-0.171231203024972,-2.60441062331481
1.33961878261745,2.6792375652349,-0.169809391308726,-2.58915696548293
1.35816840335019,2.71633680670038,-0.179084201675094,-2.6892428237176
1.38367251772041,2.76734503544082,-0.191836258860205,-2.82909927258948
1.37695786804358,2.75391573608715,-0.188478934021788,-2.79202594073422
1.36265323327632,2.72530646655264,-0.18132661663816,-2.71364766831682
1.35158096885276,2.70316193770552,-0.17579048442638,-2.65354223072994
1.3615722990589,2.7231445981178,-0.180786149529451,-2.70775825112908
1.34821066888271,2.69642133776542,-0.174105334441354,-2.63534401537832
1.3391625745268,2.67832514905361,-0.169581287263402,-2.58671280202652
1.31750028014211,2.63500056028422,-0.158750140071054,-2.47161397634907
1.3668954710692,2.73379094213841,-0.183447735534601,-2.736806457659
1.38354757052921,2.76709514105842,-0.191773785264604,-2.82840775983455
1.37441988939942,2.74883977879884,-0.187209944699709,-2.77806006475342
1.36987385242368,2.73974770484736,-0.18493692621184,-2.75310874310819
1.37251557402593,2.74503114805186,-0.186257787012965,-2.76759800188746
1.41380715611459,2.82761431222919,-0.206903578057297,-2.99770134936167
1.43410346310533,2.86820692621067,-0.217051731552667,-3.11330548578143
1.43464470768254,2.86928941536509,-0.217322353841271,-3.11641087456306
1.42870821099908,2.85741642199815,-0.214354105499538,-3.08241430435236
1.44853372174348,2.89706744348697,-0.224266860871742,-3.19649988605606
1.43578041081258,2.87156082162516,-0.217890205406289,-3.12293077614627
1.40699335144937,2.81398670289874,-0.203496675724684,-2.95926058204545
1.40011809864107,2.80023619728214,-0.200059049320536,-2.92066138028458
1.38257113560202,2.76514227120404,-0.191285567801011,-2.82300588999972
1.40448473904173,2.80896947808345,-0.202242369520863,-2.94515476440221
1.41016047106017,2.82032094212034,-0.205080235530084,-2.97710510828128
1.39450131816004,2.78900263632007,-0.197250659080018,-2.88926785270015
1.41412257160921,2.82824514321842,-0.207061285804605,-2.99948529506929
1.42304637773674,2.84609275547348,-0.21152318886837,-3.05012198637932
1.42249217781416,2.84498435562831,-0.211246088907079,-3.04696799188493
1.43545540515796,2.87091081031592,-0.21772770257898,-3.12106444039441
1.4215211100392,2.8430422200784,-0.210760555019599,-3.04144453257415
1.44995294198646,2.89990588397292,-0.22497647099323,-3.20472706795038
1.45765115305954,2.91530230611909,-0.228825576529771,-3.24949376803163
1.44363336930911,2.88726673861823,-0.221816684654557,-3.16815460996557
1.4629825484305,2.92596509686099,-0.231491274215248,-3.28063587402438
1.49289558030402,2.98579116060805,-0.246447790152012,-3.45747442738258
1.50920853717157,3.01841707434314,-0.254604268585786,-3.55542081734311
1.50498085603818,3.00996171207636,-0.252490428019091,-3.52993475408283
1.52407467898938,3.04814935797877,-0.262037339494692,-3.64560725427319
1.50305104905068,3.00610209810136,-0.251525524525339,-3.51832491210469
1.52073826062644,3.04147652125289,-0.260369130313222,-3.62528971466629
1.47913543902485,2.95827087804969,-0.239567719512423,-3.37568329395844
1.45145201380315,2.9029040276063,-0.225726006901575,-3.21342589674644
1.45538080876865,2.91076161753731,-0.227690404384327,-3.2362665970642
1.46820373771213,2.93640747542426,-0.234101868856065,-3.31124443086373
1.48384918437986,2.96769836875973,-0.241924592189932,-3.40361680396958
1.50586798869153,3.01173597738306,-0.252933994345764,-3.53527679873173
1.52351929084906,3.04703858169812,-0.261759645424529,-3.64222205917844
1.54246865389661,3.08493730779323,-0.271234326948307,-3.75841909650726
1.55336406816221,3.10672813632442,-0.276682034081105,-3.8258798565149
1.55076357498291,3.10152714996581,-0.275381787491453,-3.80973533098752
1.56426811008291,3.12853622016582,-0.282134055041454,-3.89386944044471
1.54317693536888,3.08635387073777,-0.271588467684442,-3.76279010770901
1.50874532083677,3.01749064167355,-0.254372660418387,-3.55262488629373
1.51107246217989,3.02214492435979,-0.255536231089947,-3.56667997191681
1.52666842152958,3.05333684305915,-0.263334210764789,-3.66143293859122
1.51443412931709,3.02886825863418,-0.257217064658545,-3.58702146408083
1.49914361303666,2.99828722607333,-0.249571806518332,-3.49486314501725
1.50455660680432,3.00911321360864,-0.25227830340216,-3.52738116615706
1.51615933959204,3.03231867918408,-0.258079669796019,-3.59747828606433
1.52630077007369,3.05260154014739,-0.263150385036847,-3.6591880814551
1.54399094849704,3.08798189699409,-0.271995474248522,-3.76781609808161
1.53637262849738,3.07274525699476,-0.268186314248689,-3.72088170719189
1.52046115763277,3.04092231526553,-0.260230578816383,-3.62360426373994
1.52567040740942,3.05134081481884,-0.262835203704711,-3.65534038408966
1.5238742342951,3.0477484685902,-0.26193711714755,-3.64438536389696
1.50021032589945,3.00042065179889,-0.250105162949723,-3.50126204387064
1.51789220237956,3.03578440475913,-0.258946101189782,-3.60799347608937
1.50811240716455,3.01622481432911,-0.254056203582277,-3.54880606528733
1.51429871215552,3.02859742431104,-0.257149356077759,-3.58620117927172
1.49052810079832,2.98105620159663,-0.245264050399158,-3.44334803853887
1.4836782209971,2.9673564419942,-0.24183911049855,-3.40260212692224
1.47247545746229,2.94495091492458,-0.236237728731145,-3.33636794565756
1.50009102571916,3.00018205143831,-0.250045512859578,-3.5005461708863
1.52299001004786,3.04598002009571,-0.261495005023928,-3.63899714141113
1.50954420210703,3.01908840421407,-0.254772101053517,-3.55744739622992
1.52727137839777,3.05454275679554,-0.263635689198884,-3.66511572654604
1.52239812607536,3.04479625215071,-0.261199063037678,-3.63539210855551
1.51663751958679,3.03327503917359,-0.258318759793397,-3.60037873163677
1.54050440751448,3.08100881502895,-0.270252203757238,-3.74630765914305
1.56209745348512,3.12419490697023,-0.281048726742558,-3.88029690836937
1.56436482588601,3.12872965177203,-0.282182412943007,-3.89447461693876
1.5679827630189,3.1359655260378,-0.283991381509451,-3.91713989024878
1.57034314321724,3.14068628643449,-0.285171571608622,-3.93195517489882
1.5867105880822,3.17342117616439,-0.293355294041098,-4.0353009806643
1.61328545347133,3.22657090694265,-0.306642726735664,-4.20537990876437
1.60585589855148,3.21171179710295,-0.302927949275738,-4.15754633382513
1.5995211480649,3.19904229612979,-0.299760574032449,-4.11693580621369
1.63143152114506,3.26286304229012,-0.315715760572529,-4.32313761637135
1.63661902576027,3.27323805152053,-0.318309512880133,-4.35704367096097
1.63647455431899,3.27294910863798,-0.318237277159496,-4.35609793386709
1.64635802266577,3.29271604533153,-0.323179011332883,-4.42098947759186
1.6625793335281,3.32515866705619,-0.331289666764048,-4.52834008054946
1.67019772039935,3.3403954407987,-0.335098860199675,-4.57912085045438
1.66640329057674,3.33280658115348,-0.333201645288371,-4.55379985368999
1.66428140463335,3.32856280926671,-0.332140702316677,-4.53966518761673
1.66786297988752,3.33572595977503,-0.333931489943758,-4.56353383935854
1.69962995488324,3.39925990976648,-0.349814977441619,-4.7774839670728
1.70646492867328,3.41292985734657,-0.353232464336642,-4.82404510558383
1.69921778274998,3.39843556549995,-0.349608891374988,-4.77468214642749
1.68416434993747,3.36832869987493,-0.342082174968733,-4.67281911520057
1.6680468409802,3.33609368196041,-0.334023420490102,-4.56476052740807
1.68478041174224,3.36956082348449,-0.342390205871121,-4.67697007158072
1.70187643747557,3.40375287495113,-0.350938218737783,-4.79276681686905
1.69985028131231,3.39970056262462,-0.349925140656156,-4.77898195775509
1.71027258787187,3.42054517574375,-0.355136293935936,-4.8500646496519
1.71516593616627,3.43033187233255,-0.357582968083136,-4.88358837717025
1.72028323332925,3.4405664666585,-0.360141616664624,-4.91874880574747
1.70658476750147,3.41316953500295,-0.353292383750737,-4.82486313733612
1.71981101254195,3.4396220250839,-0.359905506270974,-4.91549983772112
1.71228791786249,3.42457583572499,-0.356143958931247,-4.86385982731574
1.74440783397698,3.48881566795395,-0.372203916988488,-5.08591738248049
1.77709101211522,3.55418202423043,-0.388545506057608,-5.31610493068136
1.75452504383286,3.50905008766573,-0.377262521916432,-5.15671625887343
1.7640193094048,3.5280386188096,-0.3820096547024,-5.22352824790597
1.74873222060539,3.49746444121077,-0.374366110302693,-5.11612875876688
1.74857144433486,3.49714288866972,-0.37428572216743,-5.1150041918866
1.73189284878933,3.46378569757866,-0.365946424394665,-4.99890567937524
1.73318209201209,3.46636418402418,-0.366591046006044,-5.0078403281428
1.73654234481849,3.47308468963699,-0.368271172409247,-5.03115863069542
1.75314542103223,3.50629084206445,-0.376572710516114,-5.14703773457253
1.76025313748431,3.52050627496862,-0.380126568742155,-5.19698221604672
1.7891616775104,3.57832335502079,-0.394580838755198,-5.40219901654363
1.78211554904707,3.56423109809413,-0.391057774523533,-5.35187166031066
1.77814042488863,3.55628084977726,-0.389070212444315,-5.32356674124623
1.76934160362964,3.53868320725928,-0.384670801814821,-5.26113942066943
1.76554600919407,3.53109201838814,-0.382773004597036,-5.23430542116222
1.77407653599329,3.54815307198659,-0.387038267996647,-5.29469511112392
1.78370469861405,3.5674093972281,-0.391852349307026,-5.36320490371569
1.78715077121343,3.57430154242686,-0.393575385606716,-5.38781575809753
1.7790177672778,3.5580355345556,-0.389508883638901,-5.32980843258019
1.78377228118364,3.56754456236728,-0.391886140591819,-5.36368710223817
1.79007550315038,3.58015100630076,-0.395037751575189,-5.40874061395816
1.80179513355235,3.6035902671047,-0.400897566776175,-5.49293140658586
1.80294317320807,3.60588634641614,-0.401471586604034,-5.50120817163515
1.82334497652285,3.64668995304569,-0.411672488261423,-5.6491738068222
1.82134208678625,3.6426841735725,-0.410671043393124,-5.63457399419777
1.84534501534529,3.69069003069058,-0.422672507672644,-5.8105964513194
1.83020548436151,3.66041096872302,-0.415102742180755,-5.69930422997391
1.85429316396077,3.70858632792155,-0.427146581980387,-5.87680627582331
1.84646813814512,3.69293627629023,-0.423234069072558,-5.81888917037018
1.83093472424256,3.66186944848512,-0.41546736212128,-5.70464392887436
1.82747279508681,3.65494559017362,-0.413736397543405,-5.6793136335648
1.82439796988164,3.64879593976328,-0.412198984940819,-5.65685590501648
1.82183245405798,3.64366490811596,-0.41091622702899,-5.63814698131785
1.82427343861411,3.64854687722822,-0.412136719307054,-5.65594715766588
1.8411582960585,3.682316592117,-0.42057914802925,-5.77972774229007
1.83838418547172,3.67676837094343,-0.419192092735859,-5.75931282678502
1.84876386642186,3.69752773284372,-0.424381933210929,-5.8358556675742
1.83660196155777,3.67320392311554,-0.418300980778885,-5.7462135303957
1.84092297523559,3.68184595047118,-0.420461487617795,-5.77799480150052
1.8227971473348,3.64559429466959,-0.411398573667398,-5.64517888066374
1.7997829405221,3.59956588104421,-0.399891470261052,-5.47843726598878
1.78427349443108,3.56854698886216,-0.39213674721554,-5.3672638058586
1.77825187051624,3.55650374103248,-0.38912593525812,-5.32435942998901
1.79547097613045,3.59094195226089,-0.397735488065224,-5.44743205225364
1.78516786657725,3.5703357331545,-0.392583933288625,-5.37364862371994
1.77404694314869,3.54809388629737,-0.387023471574343,-5.29448511299039
1.77148622524347,3.54297245048695,-0.385743112621737,-5.27632689245474
1.76735672691504,3.53471345383008,-0.38367836345752,-5.24709960034369
1.77616051410678,3.55232102821356,-0.38808025705339,-5.30949234374412
1.75308980560651,3.50617961121302,-0.376544902803255,-5.14664773304295
1.74426161151515,3.48852322303029,-0.372130805757574,-5.08489713881084
1.76415181491468,3.52830362982936,-0.382075907457339,-5.22446325213351
1.75959378788407,3.51918757576814,-0.379796893942036,-5.19234059672043
1.75935895227384,3.51871790454768,-0.37967947613692,-5.19068784589221
1.75851186576977,3.51702373153954,-0.379255932884886,-5.18472796410617
1.76649339905612,3.53298679811224,-0.38324669952806,-5.24099785781769
1.75922263309927,3.51844526619854,-0.379611316549636,-5.18972854561747
1.7718562404776,3.5437124809552,-0.3859281202388,-5.27894907383884
1.7974603213417,3.59492064268339,-0.398730160670849,-5.46172721359559
1.83076984266659,3.66153968533319,-0.415384921333297,-5.70343643363493
1.82676854314085,3.6535370862817,-0.413384271570424,-5.67416662041787
1.82416136703089,3.64832273406178,-0.412080683515444,-5.655129385936
1.81657237726255,3.6331447545251,-0.408286188631275,-5.59987040366662
1.81490944251607,3.62981888503214,-0.407454721258034,-5.58779256906797
1.81468327608839,3.62936655217677,-0.407341638044193,-5.58615078502976
1.82535331161246,3.65070662322492,-0.41267665580623,-5.66382942442915
1.81385651192521,3.62771302385042,-0.406928255962606,-5.58015089170699
1.8038431197996,3.6076862395992,-0.4019215598998,-5.50770000169671
1.80607577343721,3.61215154687441,-0.403037886718603,-5.5238193987936
1.8045553260399,3.60911065207981,-0.402277663019952,-5.51283984947797
1.8271553047539,3.65431060950779,-0.413577652376948,-5.67699301538061
1.86295229893019,3.72590459786038,-0.431476149465095,-5.94118253617856
1.85633187671488,3.71266375342975,-0.428165938357438,-5.89193607301555
1.88253072246924,3.76506144493849,-0.441265361234622,-6.08784384208115
1.87249152554537,3.74498305109074,-0.436245762772686,-6.01244902647846
1.88383795498895,3.7676759099779,-0.441918977494474,-6.09769088131388
1.88797842194584,3.77595684389169,-0.443989210972921,-6.12892504346623
1.86248985019528,3.72497970039055,-0.431244925097638,-5.93773688416085
1.8442961158489,3.6885922316978,-0.42214805792445,-5.80285632587068
1.85667198421602,3.71334396843203,-0.428335992108008,-5.89446171394527
1.86565529991943,3.73131059983885,-0.432827649959713,-5.96133939623488
1.88269642254636,3.76539284509271,-0.441348211273179,-6.0890916389377
1.90453572014241,3.80907144028482,-0.452267860071206,-6.25451261859675
1.89064044789721,3.78128089579441,-0.445320223948603,-6.1490426064499
1.87631006857444,3.75262013714889,-0.438155034287222,-6.04107894686767
1.87528466704328,3.75056933408656,-0.43764233352164,-6.03338516489524
1.8773933777175,3.754786755435,-0.438696688858751,-6.04921178939507
1.88246419230398,3.76492838460796,-0.441232096151991,-6.08734287061336
1.85491844568154,3.70983689136308,-0.427459222840771,-5.88144488025925
1.86471441630388,3.72942883260776,-0.432357208151941,-5.95431970874305
1.84233986647701,3.68467973295402,-0.421169933238505,-5.78843236722106
1.83768798110223,3.67537596220447,-0.418843990551117,-5.75419423177522
1.86554437944639,3.73108875889278,-0.432772189723195,-5.96051166336804
1.86938878869264,3.73877757738528,-0.434694394346321,-5.98922888657948
1.87090151320725,3.7418030264145,-0.435450756603624,-6.00054494424235
1.87834556292701,3.75669112585402,-0.439172781463505,-6.05636410753517
1.8836156660578,3.7672313321156,-0.441807833028901,-6.09601595483675
1.86520453156624,3.73040906313248,-0.432602265783121,-5.95797588915049
1.83821794253243,3.67643588506486,-0.419108971266215,-5.75809040849632
1.85608867667952,3.71217735335904,-0.428044338339759,-5.89013035139585
1.88042591892962,3.76085183785925,-0.440212959464812,-6.07200327316465
1.85544885700134,3.71089771400267,-0.427724428500669,-5.88538092189514
1.84582202986092,3.69164405972184,-0.42291101493046,-5.81411793183978
1.89213227965998,3.78426455931997,-0.446066139829991,-6.16032912746257
1.90001958767934,3.80003917535867,-0.450009793839668,-6.2201488671303
1.89510772910832,3.79021545821663,-0.447553864554158,-6.18286660985216
1.88924126144624,3.77848252289249,-0.444620630723122,-6.13846508790198
1.8762562749806,3.7525125499612,-0.438128137490299,-6.04067521880814
1.89684885020897,3.79369770041794,-0.448424425104486,-6.1960711210782
1.90734846482025,3.81469692964049,-0.453674232410123,-6.2759563325043
1.88126192281432,3.76252384562863,-0.440630961407159,-6.07829284446204
1.87448499096048,3.74896998192095,-0.437242495480238,-6.02738796267219
1.84715499280793,3.69430998561586,-0.423577496403965,-5.82396313491053
1.85997909788722,3.71995819577443,-0.429989548943608,-5.91904448915468
1.86125090227485,3.7225018045497,-0.430625451137424,-5.92850984243787
1.84641546562066,3.69283093124132,-0.42320773281033,-5.81850014336631
1.86800518365158,3.73601036730315,-0.434002591825788,-5.97888673229831
1.85337240747904,3.70674481495809,-0.426686203739522,-5.86997856160933
1.82131683731979,3.64263367463957,-0.410658418659894,-5.6343900438091
1.83822276335188,3.67644552670377,-0.419111381675942,-5.75812585541008
1.86701059057403,3.73402118114807,-0.433505295287017,-5.9714570906312
1.86702858498943,3.73405716997886,-0.433514292494715,-5.97159147433527
1.88622511389925,3.7724502277985,-0.443112556949625,-6.11569036060847
1.90812808670949,3.81625617341898,-0.454064043354744,-6.28190559057923
1.89852158908922,3.79704317817845,-0.449260794544612,-6.20876844847574
1.91866212466905,3.8373242493381,-0.459331062334525,-6.3625286972791
1.93845802660446,3.87691605320892,-0.46922901330223,-6.51523904181451
1.92996510702526,3.85993021405051,-0.464982553512628,-6.44953062867002
1.94495077598529,3.88990155197058,-0.472475387992644,-6.56566704201154
1.95159092224368,3.90318184448735,-0.475795461121839,-6.61741425556785
1.97178364980146,3.94356729960291,-0.485891824900728,-6.77586152324871
1.99535502594103,3.99071005188207,-0.497677512970517,-6.96288335909628
1.99272917096302,3.98545834192603,-0.496364585481508,-6.9419390976139
2.0075981169544,4.01519623390881,-0.503799058477202,-7.06090039839774
1.99584472692514,3.99168945385027,-0.497922363462568,-6.96679234798974
1.9956014537336,3.9912029074672,-0.4978007268668,-6.96485032428731
2.00899425838673,4.01798851677346,-0.504497129193366,-7.07211586046171
1.99474569530806,3.98949139061613,-0.497372847654031,-6.95802077790009
1.97824419434833,3.95648838869666,-0.489122097174165,-6.82690018494575
1.99342925236273,3.98685850472546,-0.496714626181364,-6.94752036835085
1.96447489211396,3.92894978422793,-0.482237446056981,-6.71832320349233
1.96728791044404,3.93457582088808,-0.483643955222019,-6.74044344515854
1.98797549018152,3.97595098036304,-0.493987745090759,-6.90409309912489
1.97355871214755,3.9471174242951,-0.486779356073775,-6.78986798058699
1.97218340005097,3.94436680010195,-0.486091700025486,-6.77901472687323
1.94188740219247,3.88377480438495,-0.470943701096237,-6.54185336558767
1.94419615529656,3.88839231059312,-0.472098077648279,-6.55979738053984
1.93346312900728,3.86692625801456,-0.46673156450364,-6.47655934246124
1.93803205761701,3.87606411523401,-0.469016028808504,-6.51193651270242
1.94863371978903,3.89726743957807,-0.474316859894517,-6.59434674779769
1.96155270633509,3.92310541267018,-0.480776353167545,-6.69537803946103
1.93667119256546,3.87334238513093,-0.468335596282732,-6.50139061622588
1.92202903174592,3.84405806349185,-0.461014515872961,-6.38839119774834
1.94377527934556,3.88755055869111,-0.471887639672778,-6.5565246731898
1.95680223011811,3.91360446023622,-0.478401115059056,-6.65814993559043
1.92573281637145,3.85146563274289,-0.462866408185723,-6.4168937600998
1.90133869996569,3.80267739993138,-0.450669349982845,-6.23017770397444
1.90731093018724,3.81462186037448,-0.453655465093619,-6.27566996882341
1.8958260640293,3.7916521280586,-0.44791303201465,-6.18831293010566
1.90818343938932,3.81636687877864,-0.454091719694659,-6.28232807671929
1.90642524275735,3.8128504855147,-0.453212621378674,-6.26891441244483
1.88871803433523,3.77743606867046,-0.444359017167615,-6.13451162644627
1.86307580143365,3.72615160286729,-0.431537900716823,-5.94210288377524
1.83631715269064,3.67263430538128,-0.418158576345321,-5.74412137053173
1.83358428389801,3.66716856779603,-0.416792141949007,-5.72406265231558
1.84582880568611,3.69165761137222,-0.422914402843054,-5.81416795980121
1.87636378697623,3.75272757395245,-0.438181893488113,-6.04148212215153
1.85000140824265,3.70000281648529,-0.425000704121324,-5.84501042099956
1.83945610186999,3.67891220373997,-0.419728050934993,-5.76719750141344
1.8198047284185,3.63960945683701,-0.409902364209252,-5.62337849914869
1.82218425425225,3.6443685085045,-0.411092127126126,-5.64071091288967
1.83855040190783,3.67710080381566,-0.419275200953914,-5.76053516071088
1.83866324144292,3.67732648288584,-0.419331620721461,-5.76136503086678
1.81507550362395,3.63015100724789,-0.407537751811973,-5.58899816771144
1.7972423479091,3.5944846958182,-0.39862117395455,-5.46016011423563
1.80939321501795,3.6187864300359,-0.404696607508976,-5.547807613106
1.81345258698896,3.62690517397793,-0.406726293494481,-5.57722057051392
1.79256951091963,3.58513902183926,-0.396284755459816,-5.42661090295729
1.77749103352474,3.55498206704948,-0.388745516762369,-5.31894874852168
1.79217599890094,3.58435199780188,-0.396087999450471,-5.42378962207318
1.80522731931869,3.61045463863738,-0.402613659659346,-5.5176913488291
1.77631647905441,3.55263295810882,-0.388158239527204,-5.3106004675205
1.77487090125053,3.54974180250105,-0.387435450625263,-5.3003334322117
1.76991170863425,3.5398234172685,-0.384955854317126,-5.26517491272123
1.76408231122807,3.52816462245615,-0.382041155614037,-5.22397280157557
1.75137720914877,3.50275441829754,-0.375688604574385,-5.13464425745146
1.75831394839025,3.5166278967805,-0.379156974195125,-5.18333588220743
1.77566304667809,3.55132609335619,-0.387831523339046,-5.30595851067625
1.76664414523888,3.53328829047776,-0.38332207261944,-5.24206307181363
1.77186194209719,3.54372388419439,-0.385930971048596,-5.27898948370487
1.75022664079226,3.50045328158452,-0.37511332039613,-5.12658658827792
1.76202888772592,3.52405777545185,-0.381014443862962,-5.20949160236132
1.76726213774841,3.53452427549683,-0.383631068874207,-5.24643092703818
1.76332114706534,3.52664229413068,-0.381660573532669,-5.21860293537564
1.76950778526667,3.53901557053335,-0.384753892633337,-5.26231560423874
1.76996339629726,3.53992679259452,-0.384981698148631,-5.26554084846428
1.77664756474035,3.5532951294807,-0.388323782370174,-5.31295313859562
1.76603956359137,3.53207912718275,-0.383019781795687,-5.23779148034002
1.75442355244564,3.50884710489128,-0.37721177622282,-5.15600400275195
1.73852000646134,3.47704001292268,-0.369260003230671,-5.04490362573269
1.74254542790444,3.48509085580888,-0.371272713952221,-5.07292913662134
1.73667023217282,3.47334046434564,-0.36833511608641,-5.03204699063039
1.72965277878254,3.45930555756508,-0.364826389391271,-4.98339747030033
1.70896234626749,3.41792469253499,-0.354481173133746,-4.84110460192019
1.72275420031515,3.44550840063029,-0.361377100157573,-4.93576406940695
1.71474716770552,3.42949433541104,-0.357373583852759,-4.88071569830819
1.68255855440518,3.36511710881037,-0.341279277202592,-4.66200657800413
1.66827792585838,3.33655585171677,-0.334138962929192,-4.5663024758127
1.68657196190998,3.37314392381995,-0.343285980954988,-4.68904996540174
1.71187195162487,3.42374390324974,-0.355935975812434,-4.86101115751987
1.702321359706,3.40464271941199,-0.351160679852998,-4.79579602342254
1.70894793901656,3.41789587803312,-0.35447396950828,-4.8410061165379
1.71860556162524,3.43721112325049,-0.359302780812622,-4.90721015289844
1.71233519035545,3.42467038071091,-0.356167595177727,-4.86418360825929
1.71899136506794,3.43798273013588,-0.35949568253397,-4.90986262635627
1.71204663015615,3.4240932603123,-0.356023315078074,-4.86220732765805
1.7282828186071,3.4565656372142,-0.364141409303551,-4.97392300218502
1.74112317905073,3.48224635810146,-0.370561589525365,-5.06301984925543
1.73269604254879,3.46539208509759,-0.366348021274396,-5.0044711517285
1.74856459571828,3.49712919143656,-0.374282297859141,-5.11495629079887
1.75866955462948,3.51733910925895,-0.379334777314739,-5.18583720476129
1.74962818762068,3.49925637524135,-0.374814093810338,-5.12239758983362
1.71191112310159,3.42382224620319,-0.355955561550797,-4.86127938679793
1.70596721643378,3.41193443286757,-0.352983608216892,-4.82064828709366
1.69944704377842,3.39889408755684,-0.34972352188921,-4.77624050921442
1.69423100845918,3.38846201691836,-0.347115504229591,-4.74083742004924
1.72199291245044,3.44398582490088,-0.36099645622522,-4.9305191810591
1.72222944858475,3.4444588971695,-0.361114724292375,-4.93214854714507
1.68854416828458,3.37708833656915,-0.344272084142289,-4.70236281649571
1.65580609654894,3.31161219309787,-0.327903048274468,-4.48338765873724
1.64395704663934,3.28791409327868,-0.321978523319669,-4.40518954239027
1.6335300690789,3.2670601381578,-0.31676503453945,-4.33684097316983
1.63528940750379,3.27057881500759,-0.317644703751897,-4.34834289258822
1.65887335899214,3.31774671798428,-0.32943667949607,-4.50372164234773
1.67946045384289,3.35892090768578,-0.339730226921445,-4.64117483204434
1.68274021690512,3.36548043381025,-0.341370108452561,-4.6632292751798
1.69752308348569,3.39504616697138,-0.348761541742846,-4.76316923793355
1.69452391259333,3.38904782518666,-0.347261956296665,-4.74282258070122
1.66866505697838,3.33733011395677,-0.334332528489192,-4.56888614476135
1.67199833701402,3.34399667402804,-0.33599916850701,-4.59115687795529
1.69087988334448,3.38175976668896,-0.345439941672239,-4.71814955979808
1.70718520178159,3.41437040356318,-0.353592600890796,-4.82896262636411
1.7079946966898,3.41598939337961,-0.353997348344902,-4.83449176784099
1.71971972229702,3.43943944459405,-0.359859861148512,-4.91487184651471
1.73155374823799,3.46310749647598,-0.365776874118995,-4.99655676607406
1.7396764765935,3.479352953187,-0.36983823829675,-5.05294848642555
1.7489993837334,3.4979987674668,-0.374499691866699,-5.11799768859962
1.76269569916321,3.52539139832643,-0.381347849581607,-5.21419225569699
1.79302999305351,3.58605998610703,-0.396514996526756,-5.42991311197896
1.78989855207566,3.57979710415133,-0.394949276037832,-5.40747365344512
1.77428885364517,3.54857770729034,-0.387144426822585,-5.29620187233898
1.76683402610675,3.53366805221351,-0.383417013053377,-5.24340495161721
1.75233061517654,3.50466123035309,-0.376165307588272,-5.14132516977001
1.73078255068948,3.46156510137897,-0.365391275344742,-4.99121647554239
1.75675537088231,3.51351074176463,-0.378377685441157,-5.17237886624772
1.72666727200446,3.45333454400891,-0.363333636002228,-4.96275973642262
1.75052544888113,3.50105089776227,-0.375262724440567,-5.12867869436099
1.75047702788544,3.50095405577088,-0.37523851394272,-5.12833965030929
1.77731479995506,3.55462959991012,-0.38865739997753,-5.3176957962786
1.75983714924388,3.51967429848776,-0.37991857462194,-5.19405358371766
1.78976531428214,3.57953062856427,-0.394882657141068,-5.40651976041487
1.80043428109518,3.60086856219036,-0.400217140547589,-5.48312720108542
1.79113657726953,3.58227315453906,-0.395568288634766,-5.41634047686562
1.76986354545009,3.53972709090018,-0.384931772725044,-5.26483393902632
1.77272448016171,3.54544896032341,-0.386362240080853,-5.28510416512918
1.76469158641241,3.52938317282483,-0.382345793206207,-5.22827279030953
1.76765996697821,3.53531993395641,-0.383829983489103,-5.24924351771479
1.74547202310434,3.49094404620869,-0.372736011552172,-5.09334516687994
1.74978117032919,3.49956234065838,-0.374890585164595,-5.12346828807718
1.72758838124107,3.45517676248214,-0.363794190620536,-4.96912322999829
1.74274724836038,3.48549449672076,-0.371373624180189,-5.07433594333534
1.77122031275552,3.54244062551103,-0.385610156377758,-5.2744427926355
1.76769055400538,3.53538110801076,-0.383845277002691,-5.2494597894397
1.74867626743082,3.49735253486164,-0.374338133715409,-5.11573737655156
1.75383510677913,3.50767021355826,-0.376917553389566,-5.15187516354194
1.78235241170559,3.56470482341118,-0.391176205852794,-5.35356023902545
1.7690395290899,3.53807905817979,-0.384519764544948,-5.2590017109652
1.79122149891043,3.58244299782086,-0.395610749455214,-5.41694891631785
1.80701634298017,3.61403268596033,-0.403508171490083,-5.53061612759483
1.78539946801164,3.57079893602329,-0.392699734005822,-5.37530252075253
1.76961263874554,3.53922527749109,-0.384806319372772,-5.26305778241594
1.76149852196992,3.52299704393985,-0.380749260984961,-5.20575408580444
1.77242493138447,3.54484986276893,-0.386212465692233,-5.28298027478645
1.78222707860823,3.56445415721645,-0.391113539304113,-5.35266671944882
1.8060449281796,3.6120898563592,-0.403022464089799,-5.5235965652065
1.79413909616766,3.58827819233532,-0.39706954808383,-5.43787019279461
1.77079733814355,3.54159467628709,-0.385398669071773,-5.27144642555254
1.76169970011716,3.52339940023433,-0.380849850058582,-5.20717166678581
1.74592715721953,3.49185431443905,-0.372963578609763,-5.09652327663331
1.75467773625673,3.50935547251346,-0.377338868128364,-5.15778791623007
1.78189914615805,3.5637982923161,-0.390949573079024,-5.35032913415756
1.78098195997872,3.56196391995743,-0.390490979989358,-5.34379348353926
1.78189706725092,3.56379413450184,-0.39094853362546,-5.35031431655486
1.78197028520795,3.56394057041591,-0.390985142603976,-5.35083619472823
1.78591221692431,3.57182443384863,-0.392956108462157,-5.37896489311904
1.80927669540309,3.61855339080619,-0.404638347701547,-5.54696432105748
1.81887355558131,3.63774711116261,-0.409436777790653,-5.61660202238596
1.82069274697448,3.64138549394896,-0.41034637348724,-5.62984415777095
1.80274728077159,3.60549456154319,-0.401373640385797,-5.49979551665875
1.79528748671552,3.59057497343103,-0.397643743357758,-5.44611431991462
1.8034803329274,3.6069606658548,-0.4017401664637,-5.50508262251185
1.81298908254114,3.62597816508228,-0.406494541270569,-5.57385882682672
1.81399250363106,3.62798500726211,-0.406996251815528,-5.58113760645934
1.83601606417274,3.67203212834549,-0.418008032086372,-5.74190997580075
1.8370335184391,3.6740670368782,-0.418516759219551,-5.74938429573749
1.84112111503448,3.68224223006896,-0.420560557517239,-5.7794539204516
1.83481787276066,3.66963574552133,-0.417408936380331,-5.73311325240393
1.8311882311941,3.6623764623882,-0.41559411559705,-5.70650067612755
1.8255336055271,3.65106721105421,-0.412766802763552,-5.66514588981757
1.81254524706406,3.62509049412812,-0.406272623532031,-5.57064054530904
1.82101108884118,3.64202217768236,-0.41050554442059,-5.63216277136507
1.82459882093019,3.64919764186037,-0.412299410465094,-5.65832171467966
1.82456606588222,3.64913213176444,-0.412283032941111,-5.65808265753785
1.81638883397699,3.63277766795398,-0.408194416988495,-5.59853679239258
1.81647860606793,3.63295721213586,-0.408239303033964,-5.59918905260497
1.82594558517161,3.65189117034322,-0.412972792585805,-5.66815456001538
1.81393741388833,3.62787482777666,-0.406968706944165,-5.58073788300776
1.81257586986078,3.62515173972155,-0.406287934930388,-5.5708625680031
1.8090147101721,3.61802942034421,-0.404507355086052,-5.54506844323813
1.81530052333798,3.63060104667595,-0.407650261668988,-5.59063198006227
1.79648467162127,3.59296934324253,-0.398242335810633,-5.45471435074034
1.82427839542598,3.64855679085196,-0.412139197712989,-5.65598332803596
1.79750706455424,3.59501412910847,-0.398753532277118,-5.46206329424477
1.79561373570637,3.59122747141273,-0.397806867853184,-5.44845737571475
1.77372335404308,3.54744670808615,-0.386861677021538,-5.29218907335564
1.77339474231294,3.54678948462588,-0.386697371156469,-5.28985782412634
1.78833636705719,3.57667273411438,-0.394168183528594,-5.39629392347861
1.75847407543017,3.51694815086034,-0.379237037715084,-5.18446214791997
1.72718266725753,3.45436533451505,-0.363591333628764,-4.96631993214965
1.73716771766439,3.47433543532878,-0.368583858832195,-5.03550335859061
1.74098128141091,3.48196256282181,-0.370490640705453,-5.06203164444632
1.72579850114378,3.45159700228756,-0.362899250571889,-4.95676093310022
1.7410316044124,3.4820632088248,-0.370515802206201,-5.06238209512565
1.7288368399573,3.4576736799146,-0.364418419978649,-4.97775363838707
1.7070911419655,3.41418228393099,-0.353545570982749,-4.82832033395413
1.71082745530887,3.42165491061773,-0.355413727654434,-4.85386116367723
1.71576414725874,3.43152829451749,-0.357882073629372,-4.88769321803705
1.70677072201251,3.41354144402502,-0.353385361006256,-4.82613259503822
1.70262340050137,3.40524680100275,-0.351311700250686,-4.79785288786972
1.68727203129422,3.37454406258843,-0.343636015647108,-4.69377381517542
1.68141873797151,3.36283747594302,-0.340709368985755,-4.6543379448034
1.68404384193098,3.36808768386195,-0.342021920965488,-4.67200732309128
1.6545249325459,3.3090498650918,-0.32726246627295,-4.47490550483203
1.64987257612513,3.29974515225027,-0.324936288062567,-4.44415903489957
1.63860195793029,3.27720391586059,-0.319300978965147,-4.37003275306598
1.61329278500825,3.2265855700165,-0.306646392504126,-4.20542722031936
1.62264066664535,3.2452813332907,-0.311320333322675,-4.26592546610253
1.61356364279084,3.22712728558168,-0.306781821395419,-4.20717525867288
1.59243784366866,3.18487568733732,-0.29621892183433,-4.07171657189619
1.59980512120991,3.19961024241981,-0.299902560604953,-4.11875285169889
1.60069639905382,3.20139279810765,-0.300348199526912,-4.12445792388776
1.57898807871008,3.15797615742016,-0.289494039355041,-3.98640670541711
1.58002160069897,3.16004320139794,-0.290010800349485,-3.99293651735067
1.55837044143973,3.11674088287947,-0.279185220719867,-3.85703686550614
1.56692125208796,3.13384250417592,-0.283460626043979,-3.91048442048979
1.52225355744312,3.04450711488623,-0.261126778721558,-3.63451178629644
1.51344905035263,3.02689810070526,-0.256724525176316,-3.58105605602656
1.52559245812131,3.05118491624262,-0.262796229060656,-3.65486469655325
1.51206148239554,3.02412296479109,-0.256030741197772,-3.57265985308842
1.50730993071908,3.01461986143816,-0.25365496535954,-3.54396645448872
1.51761935536512,3.03523871073024,-0.258809677682561,-3.6063370155577
1.52310806447832,3.04621612895664,-0.261554032239161,-3.6397163521578
1.50055516986148,3.00111033972296,-0.250277584930739,-3.50333163559602
1.46916095171713,2.93832190343425,-0.234580475858563,-3.31686780410074
1.46700549862078,2.93401099724156,-0.233502749310391,-3.30421026596722
1.45952733047583,2.91905466095165,-0.229763665237913,-3.26044005681178
1.48179643031038,2.96359286062075,-0.240898215155188,-3.39144132176115
1.46699724686075,2.93399449372151,-0.233498623430377,-3.30416184459406
1.44146481999501,2.88292963999003,-0.220732409997507,-3.15564165456651
1.45211320377242,2.90422640754483,-0.226056601886209,-3.21726551314039
1.44392481411401,2.88784962822802,-0.221962407057004,-3.16983773762835
1.42783890567905,2.8556778113581,-0.213919452839526,-3.0774478811415
1.42629410616105,2.85258821232211,-0.213147053080527,-3.06862975453952
1.42244883817654,2.84489767635308,-0.211224419088269,-3.04672139445957
1.44879252713989,2.89758505427978,-0.224396263569946,-3.19799957339279
1.40065945142485,2.8013189028497,-0.200329725712425,-2.92369379773152
1.39952393814455,2.79904787628909,-0.199761969072273,-2.91733450687923
1.40126782753414,2.80253565506829,-0.200633913767072,-2.92710304896452
1.40530255576509,2.81060511153017,-0.202651277882543,-2.94975054647976
1.41728971614907,2.83457943229814,-0.208644858074535,-3.01742027900382
1.41775179029384,2.83550358058767,-0.208875895146918,-3.02004027776275
1.4221941648672,2.84438832973439,-0.211097082433598,-3.0452724851646
1.41459072900505,2.82918145801011,-0.207295364502527,-3.00213386117411
1.40018258153418,2.80036516306836,-0.200091290767089,-2.92102252326343
1.39639772016208,2.79279544032415,-0.198198860081038,-2.89985318574769
1.39605275731635,2.7921055146327,-0.198026378658175,-2.89792660242116
1.42059849372268,2.84119698744537,-0.210299246861342,-3.03620016073432
1.40213900064672,2.80427800129344,-0.201069500323361,-2.93198755426917
1.37592822500732,2.75185645001463,-0.187964112503658,-2.78635696074356
1.37781838226881,2.75563676453763,-0.188909191134407,-2.7967669890357
1.3841281020478,2.7682562040956,-0.1920640510239,-2.83162120575689
1.35520581470873,2.71041162941746,-0.177602907354365,-2.67316560044071
1.34529884846997,2.69059769693993,-0.172649424234983,-2.61965798338923
1.35981924431576,2.71963848863152,-0.179909622157879,-2.69821675442296
1.3457069402861,2.69141388057219,-0.172853470143048,-2.62185433826833
1.34424249967418,2.68848499934836,-0.17212124983709,-2.61397579586058
1.35216107948552,2.70432215897104,-0.176080539742761,-2.6566791697509
1.34207790806564,2.68415581613128,-0.171038954032821,-2.6023462226357
1.34198809213001,2.68397618426001,-0.170994046065004,-2.60186407883747
1.32452090277263,2.64904180554525,-0.162260451386313,-2.50871124376323
1.30574611782178,2.61149223564355,-0.152873058910888,-2.40994584841328
1.30575289408977,2.61150578817953,-0.152876447044883,-2.4099812408476
1.286877122009,2.573754244018,-0.1434385610045,-2.31210545430033
1.27952321395181,2.55904642790362,-0.139761606975904,-2.27435931008313
1.29151470993681,2.58302941987362,-0.145757354968406,-2.33602049196633
1.28131022746004,2.56262045492009,-0.140655113730022,-2.28351179798742
1.25727846715059,2.51455693430118,-0.128639233575294,-2.16149828792107
1.22967290119034,2.45934580238069,-0.114836450595172,-2.02419088784376
1.22408299875197,2.44816599750394,-0.112041499375984,-1.99675837566722
1.20563583413695,2.41127166827391,-0.102817917068476,-1.90711552911021
1.21431960762911,2.42863921525823,-0.107159803814557,-1.94914421894505
1.2062187371868,2.4124374743736,-0.1031093685934,-1.90992728388104
1.19335742077031,2.38671484154061,-0.0966787103851531,-1.84820386741512
1.20287503612361,2.40575007224721,-0.101437518061803,-1.89381670505874
1.22349823796532,2.44699647593065,-0.111749118982661,-1.9938958766085
1.19774850842888,2.39549701685777,-0.0988742542144417,-1.86920297888723
1.2058556474192,2.41171129483839,-0.102927823709598,-1.90817568482553
1.20557661317706,2.41115322635412,-0.102788306588531,-1.90682994047895
1.21805573133764,2.43611146267528,-0.109027865668819,-1.96731952928894
1.19884277514083,2.39768555028166,-0.099421387570416,-1.87444799901474
1.19936345217689,2.39872690435378,-0.0996817260884453,-1.87694538083534
1.18971496849407,2.37942993698815,-0.094857484247037,-1.83084341251771
1.19948676899459,2.39897353798917,-0.0997433844972933,-1.87753701798615
1.22484007456483,2.44968014912966,-0.112420037282415,-2.00046641651995
1.2115919490352,2.4231838980704,-0.1057959745176,-1.93591010193383
1.18649910510046,2.37299821020093,-0.0932495525502324,-1.81556025280841
1.19739959464181,2.39479918928362,-0.0986997973209051,-1.86753157849674
1.19585056356851,2.39170112713701,-0.0979252817842535,-1.86011714077423
1.19580591984231,2.39161183968463,-0.0979029599211568,-1.85990359585984
1.21223769110111,2.42447538220221,-0.106118845550553,-1.93904043945228
1.19455724038211,2.38911448076421,-0.0972786201910534,-1.85393400109863
1.20820299314388,2.41640598628777,-0.104101496571941,-1.91950894528367
1.20592680587765,2.4118536117553,-0.102963402938825,-1.90851892226854
1.20025920133939,2.40051840267879,-0.100129600669696,-1.88124430079975
1.186206190295,2.37241238059,-0.0931030951474991,-1.81417025178835
1.16892122374599,2.33784244749197,-0.084460611872993,-1.73275365464763
1.1727955060105,2.34559101202099,-0.0863977530052477,-1.75089859783683
1.14143430891216,2.28286861782432,-0.0707171544560793,-1.60574456312355
1.12897147378033,2.25794294756066,-0.0644857368901659,-1.54915317721947
1.11826312589882,2.23652625179763,-0.0591315629494077,-1.50102483748998
1.09492988722485,2.18985977444969,-0.0474649436124229,-1.39774291587643
1.09910065251153,2.19820130502306,-0.0495503262557642,-1.41604448870253
1.08750901432208,2.17501802864415,-0.0437545071610383,-1.36535171246355
1.06107729428784,2.12215458857568,-0.0305386471439208,-1.25177004890641
1.04133251557945,2.0826650311589,-0.0206662577897251,-1.16874681600605
1.02286847584205,2.04573695168411,-0.0114342379210275,-1.0925198377429
1.04822827382336,2.09645654764671,-0.0241141369116786,-1.19756502808539
1.0243580721978,2.04871614439559,-0.012179036098898,-1.09861892015357
1.01866572379761,2.03733144759523,-0.00933286189880667,-1.07535971368023
1.0388622693014,2.07772453860281,-0.0194311346507021,-1.15846962915613
1.003613076706,2.00722615341199,-0.00180653835299838,-1.01447841547055
0.991051320623452,1.9821026412469,0.00447433968827377,-0.964365440218978
0.953564601119018,1.90712920223804,0.0232176994404909,-0.818570897014545
0.954209071212415,1.90841814242483,0.0228954643937924,-0.82102990316812
0.924265911043905,1.84853182208781,0.0378670444780476,-0.708534948635638
0.931781362555482,1.86356272511096,0.034109318722259,-0.736433015211501
0.921642848259818,1.84328569651964,0.039178575870091,-0.698851079496939
0.93496518047514,1.86993036095028,0.0325174097624298,-0.748319777401824
0.955809775033465,1.91161955006693,0.0220951124832675,-0.827144652099046
0.922588988899894,1.84517797779979,0.0387055055500528,-0.702340884878659
0.92713952711273,1.85427905422546,0.036430236443635,-0.719175405469634
0.927212234377167,1.85442446875433,0.0363938828114165,-0.719445055157397
0.924106400014791,1.84821280002958,0.0379467999926044,-0.707945277096594
0.911681721168937,1.82336344233787,0.0441591394155315,-0.662327121427111
0.919168026525647,1.83833605305129,0.0404159867371767,-0.689739721974103
0.907410286667989,1.81482057333598,0.0462948566660057,-0.646786856701762
0.899890379768667,1.79978075953733,0.0500548101156663,-0.619605391200393
0.894990898633874,1.78998179726775,0.052504550683063,-0.602017417274939
0.873631181844591,1.74726236368918,0.0631844090777045,-0.526462883782354
0.899716706521756,1.79943341304351,0.0501416467391221,-0.618980303988711
0.889763005475911,1.77952601095182,0.0551184972620447,-0.583356411827051
0.852207841657068,1.70441568331414,0.0738960791714659,-0.452516410763597
0.835474560180989,1.67094912036198,0.0822627199095053,-0.396035481419235
0.80999913373434,1.61999826746868,0.0950004331328302,-0.312197193300761
0.807307639164561,1.61461527832912,0.0963461804177193,-0.303491248506915
0.81343852190467,1.62687704380934,0.0932807390476648,-0.32336445783691
0.81555395008125,1.6311079001625,0.0922230249593751,-0.330256490986259
0.810994869707718,1.62198973941544,0.0945025651461408,-0.315425357384478
0.830603661555792,1.66120732311158,0.0846981692221041,-0.379804885179777
0.843304926975875,1.68660985395175,0.0783475365120627,-0.422326399723571
0.852474698471091,1.70494939694218,0.0737626507644547,-0.453426223066754
0.853114322042644,1.70622864408529,0.0734428389786781,-0.45560809294856
0.846432462177588,1.69286492435518,0.0767837689112061,-0.432895826056027
0.840301474627368,1.68060294925474,0.0798492626863161,-0.412213136521858
0.859892602557757,1.71978520511551,0.0700536987211217,-0.478830575867104
0.859839428804763,1.71967885760953,0.0700802855976184,-0.478647686654603
0.873490505699834,1.74698101139967,0.063254747150083,-0.525971327095504
0.879107147008765,1.75821429401753,0.0604464264956175,-0.54565875184378
0.887396596643846,1.77479319328769,0.0563017016780771,-0.574945439470161
0.915479944138435,1.83095988827687,0.0422600279307825,-0.676207056239424
0.903877805588284,1.80775561117657,0.0480610972058582,-0.633990174870182
0.922192472905893,1.84438494581179,0.0389037635470535,-0.700877914168572
0.917206903087541,1.83441380617508,0.0413965484562296,-0.682537006142875
0.908953234655985,1.81790646931197,0.0455233826720073,-0.652391965583157
0.915929473882252,1.8318589477645,0.042035263058874,-0.677853602252438
0.940179591939715,1.88035918387943,0.0299102040301425,-0.767875330199858
0.937110994447925,1.87422198889585,0.0314445027760376,-0.756354031830357
0.933935636450791,1.86787127290158,0.0330321817746043,-0.74447154606549
0.943584043097159,1.88716808619432,0.0282079784514206,-0.780701692775161
0.958544021254782,1.91708804250956,0.0207279893726089,-0.837613281366577
0.967876087465859,1.93575217493172,0.0160619562670706,-0.873568241376437
0.962011999970142,1.92402399994028,0.0189940000149288,-0.850934176173106
0.963359890281188,1.92671978056238,0.0183200548594062,-0.856124556405163
0.974678537879409,1.94935707575882,0.0126607310602957,-0.899996504405484
0.964471211605158,1.92894242321032,0.0177643941974212,-0.860409436030242
0.98108826407111,1.96217652814222,0.0094558679644452,-0.925068363796127
0.969970258556491,1.93994051711298,0.0150148707217546,-0.881684604968291
0.955417446901466,1.91083489380293,0.022291276549267,-0.825644995687431
0.951388440414727,1.90277688082945,0.0243057797926367,-0.810279929109532
0.926881236753162,1.85376247350632,0.0365593816234189,-0.718217654090143
0.903767977592169,1.80753595518434,0.0481160112039153,-0.63359311464208
0.912063090293954,1.82412618058791,0.0439684548530231,-0.663718161353114
0.91438978550918,1.82877957101836,0.0428051072454098,-0.67221735968705
0.90384621253733,1.80769242507466,0.0480768937313351,-0.633875951836152
0.897060874956218,1.79412174991244,0.0514695625218911,-0.60943642675443
0.925386936927851,1.8507738738557,0.0373065315360744,-0.712681966073421
0.925386962983854,1.85077392596771,0.0373065185080731,-0.712682062520961
0.931818608540045,1.86363721708009,0.0340906957299775,-0.736571838443011
0.918103807467259,1.83620761493452,0.0409480962663706,-0.685829202571755
0.903272277182392,1.80654455436478,0.0483638614088038,-0.63180161345253
0.931909225179305,1.86381845035861,0.0340453874103475,-0.736909607948586
0.920546418066408,1.84109283613282,0.039726790966796,-0.694811415629788
0.909842352114744,1.81968470422949,0.0450788239426282,-0.655626211403378
0.895504694944199,1.7910093898884,0.0522476525279005,-0.603857317334206
0.883020131777708,1.76604026355542,0.0584899341111461,-0.559449106249441
0.861346878050684,1.72269375610137,0.0693265609746581,-0.483836888655319
0.874805601559695,1.74961120311939,0.0625971992201524,-0.53056968104044
0.883607568810076,1.76721513762015,0.058196215594962,-0.561524671316906
0.903309746264808,1.80661949252962,0.0483451268675961,-0.631936995393983
0.912960709704432,1.82592141940886,0.0435196451477839,-0.666994514928041
0.905612352584011,1.81122470516802,0.0471938237079945,-0.640267466305494
0.898602119189336,1.79720423837867,0.0506989404053321,-0.61497153722313
0.915816746340827,1.83163349268165,0.0420916268295865,-0.677440625756597
0.90039698801877,1.80079397603754,0.0498015059906148,-0.621429472066548
0.905558577056878,1.81111715411376,0.0472207114715611,-0.640072672962555
0.900812573302307,1.80162514660461,0.0495937133488464,-0.622926584439049
0.909893695857281,1.81978739171456,0.0450531520713596,-0.655813075521644
0.901292828385185,1.80258565677037,0.0493535858074073,-0.624657524997135
0.901850014857096,1.80370002971419,0.0490749925714518,-0.62666689859549
0.903516684133143,1.80703336826629,0.0482416579334287,-0.632684797013898
0.909469250910621,1.81893850182124,0.0452653745446895,-0.654268636703852
0.909214081937587,1.81842816387517,0.0453929590312064,-0.653340493587219
0.88494684851976,1.76989369703952,0.0575265757401199,-0.566261849410111
0.869096928143094,1.73819385628619,0.0654515359284528,-0.510658941015526
0.870197006394572,1.74039401278914,0.064901496802714,-0.51448565987615
0.83237275628128,1.66474551256256,0.08381362185936,-0.38568881079859
0.8069988361325,1.613997672265,0.09650058193375,-0.302494243038419
0.782606300614216,1.56521260122843,0.108696849692892,-0.224945243522138
0.797612232133815,1.59522446426763,0.101193883933092,-0.272370545698975
0.799071124891084,1.59814224978217,0.100464437554458,-0.277029325269405
0.781767943116705,1.56353588623341,0.109116028441648,-0.222322233769846
0.799593232125569,1.59918646425114,0.100203383937216,-0.278698673722027
0.795862303791773,1.59172460758355,0.102068848104113,-0.266793613193497
0.790758742409277,1.58151748481855,0.104620628795361,-0.250598777393404
0.77533614945066,1.55067229890132,0.11233192527467,-0.202292289289952
0.743916831441709,1.48783366288342,0.128041584279145,-0.106824504204545
0.737847039422728,1.47569407884546,0.131076480288636,-0.0888365071697688
0.740222508674834,1.48044501734967,0.129888745662583,-0.0958587246977307
0.730014853377811,1.46002970675562,0.134992573311095,-0.0658433723044529
0.712094715543284,1.42418943108657,0.143952642228358,-0.0141577678093401
0.729413783028193,1.45882756605639,0.135293108485904,-0.0640889337429984
0.752457666930316,1.50491533386063,0.123771166534842,-0.132385081044429
0.745219301387924,1.49043860277585,0.127390349306038,-0.11070361432221
0.711779917465424,1.42355983493085,0.144110041267288,-0.0132613018141716
0.711977292168384,1.42395458433677,0.144011353915808,-0.0138233291268488
0.69831493625027,1.39662987250054,0.150842531874865,0.0247124996195631
0.727115025180374,1.45423005036075,0.136442487409813,-0.0573925196861127
0.724314764805298,1.4486295296106,0.137842617597351,-0.0492637570299084
0.729164106221471,1.45832821244294,0.135417946889265,-0.0633605876035133
0.70398785121427,1.40797570242854,0.148006074392865,0.00880221068542852
0.701246153256001,1.402492306512,0.149376923371999,0.0165076650873209
0.681645047879118,1.36329009575824,0.159177476060441,0.0707200574037491
0.690207652992442,1.38041530598488,0.154896173503779,0.0472267915013295
0.695578059753064,1.39115611950613,0.152210970123468,0.0323423255803247
0.690025714530691,1.38005142906138,0.154987142734654,0.0477290265728176
0.701469186401433,1.40293837280287,0.149265406799283,0.0158819610586222
0.703518830839819,1.40703766167964,0.148240584580091,0.0101225093075491
0.680819134003115,1.36163826800623,0.159590432998442,0.0729706135504971
0.667938392371338,1.33587678474268,0.166030803814331,0.107716607992785
0.683430644585324,1.36686128917065,0.158284677707338,0.0658451080833781
0.685600924954608,1.37120184990922,0.157199537522696,0.0599027434027728
0.707260088421646,1.41452017684329,0.146369955789177,-0.000433665348388512
0.70838208027335,1.4167641605467,0.145808959863325,-0.00361034330479715
0.690329286694354,1.38065857338871,0.154835356652823,0.0468909518641301
0.682442907509008,1.36488581501802,0.158778546245496,0.068543355981303
0.692850890491865,1.38570178098373,0.153574554754067,0.0399152870892585
0.698047043466353,1.39609408693271,0.150976478266824,0.0254606502157672
0.715488479439038,1.43097695887808,0.142255760280481,-0.0238475284199735
0.747944142584661,1.49588828516932,0.126027928707669,-0.118840880853408
0.740410466171294,1.48082093234259,0.129794766914353,-0.0964153168319848
0.72125929073074,1.44251858146148,0.13937035463463,-0.040429928930821
0.716920006714353,1.43384001342871,0.141539996642824,-0.0279485920546154
0.712827356599926,1.42565471319985,0.143586321700037,-0.0162456806344764
0.704433941350549,1.4088678827011,0.147783029324725,0.00754564454666184
0.71958106821519,1.43916213643038,0.140209465892405,-0.0355938274674266
0.721027152310208,1.44205430462042,0.139486423844896,-0.039760308737135
0.723951750975827,1.44790350195165,0.138024124512086,-0.0482122754819319
0.717761487263216,1.43552297452643,0.141119256368392,-0.0303631051966065
0.723516435129175,1.44703287025835,0.138241782435413,-0.046952063804059
0.716369738490489,1.43273947698098,0.141815130754756,-0.026371204449863
0.723933088824968,1.44786617764994,0.138033455587516,-0.0481582341913174
0.730363224229084,1.46072644845817,0.134818387885458,-0.0668608786126057
0.725648716682892,1.45129743336578,0.137175641658554,-0.0531321200470565
0.728796045948205,1.45759209189641,0.135601977025898,-0.0622873531794761
0.721273300443033,1.44254660088607,0.139363349778484,-0.0404703478639701
0.707912475994245,1.41582495198849,0.146043762002878,-0.00228014733660387
0.719420805316616,1.43884161063323,0.140289597341692,-0.0351325902448156
0.731617367485991,1.46323473497198,0.134191316257004,-0.0705279448142633
0.71130559859307,1.42261119718614,0.144347200703465,-0.0119113091796903
0.715339280412195,1.43067856082439,0.142330359793903,-0.0234205722012737
0.709432429781709,1.41886485956342,0.145283785109146,-0.00658874485195882
0.708418848447051,1.4168376968941,0.145790575776475,-0.00371452967009156
0.731195720079626,1.46239144015925,0.134402139960187,-0.0692943621255262
0.729101054399158,1.45820210879832,0.135449472800421,-0.0631766950519275
0.752272835354912,1.50454567070982,0.123863582322544,-0.131828837625838
0.764516508270439,1.52903301654088,0.117741745864781,-0.168970982836048
0.757353566557149,1.5147071331143,0.121323216721425,-0.147168849553669
0.754035621474568,1.50807124294914,0.122982189262716,-0.137139436905075
0.736698091545735,1.47339618309147,0.131650954227132,-0.0854481561742568
0.746571500685316,1.49314300137063,0.126714249657342,-0.11473801127105
0.764026490491114,1.52805298098223,0.117986754754443,-0.167472956344336
0.789892023738606,1.57978404747721,0.105053988130697,-0.24785881833174
0.786060459008379,1.57212091801676,0.10696977049581,-0.235782090432927
0.789146656806156,1.57829331361231,0.105426671596922,-0.245504891896666
0.784165329765518,1.56833065953104,0.107917335117241,-0.229830528812526
0.776649781044854,1.55329956208971,0.111675109477573,-0.206369764794039
0.745856767959871,1.49171353591974,0.127071616020065,-0.112604636623089
0.723965861055175,1.44793172211035,0.138017069472413,-0.0482531359467206
0.737336766265316,1.47467353253063,0.131331616867342,-0.087331013773186
0.7525720478155,1.505144095631,0.12371397609225,-0.132729374306432
0.747494545251969,1.49498909050394,0.126252727374016,-0.117496190362895
0.773850105666029,1.54770021133206,0.113074947166985,-0.19768797207865
0.799313995270688,1.59862799054138,0.100343002364656,-0.277805726071177
0.794877589179095,1.58975517835819,0.102561205410452,-0.263660763558341
0.79765870875952,1.59531741751904,0.10117064562024,-0.272518831319811
0.809512199653742,1.61902439930748,0.0952439001731291,-0.310620002776479
0.812522893105376,1.62504578621075,0.0937385534473118,-0.320386903640662
0.787956703501672,1.57591340700334,0.106021648249164,-0.241751533186443
0.769453162377601,1.5389063247552,0.115273418811199,-0.184116338185782
0.762494235451319,1.52498847090264,0.11875288227434,-0.162794918192984
0.766515891524908,1.53303178304982,0.116742054237546,-0.17509322392045
0.754489727840492,1.50897945568098,0.122755136079754,-0.138509498833638
0.747460475093527,1.49492095018705,0.126269762453237,-0.117394323654081
0.743007369610217,1.48601473922043,0.128496315194892,-0.104119902590186
0.770817422451716,1.54163484490343,0.114591288774142,-0.188318997510213
0.755636517297379,1.51127303459476,0.12218174135131,-0.141973092546625
0.744722603840939,1.48944520768188,0.12763869807953,-0.109223513343258
0.729184820130635,1.45836964026127,0.135407589934682,-0.0634210038178944
0.745424351311229,1.49084870262246,0.127287824344386,-0.111314927055532
0.760207884676081,1.52041576935216,0.119896057661959,-0.155832055847364
0.744699681712422,1.48939936342484,0.127650159143789,-0.109155231885166
0.715587600634763,1.43117520126953,0.142206199682618,-0.0241312283644355
0.704265151057487,1.40853030211497,0.147867424471256,0.00802119401194878
0.713884788153188,1.42776957630638,0.143057605923406,-0.019262981513045
0.704388484630709,1.40877696926142,0.147805757684646,0.00767372543930744
0.728763137797741,1.45752627559548,0.135618431101129,-0.0621914220256192
0.738643628962309,1.47728725792462,0.130678185518846,-0.091188821213217
0.756531258135654,1.51306251627131,0.121734370932173,-0.144679089072632
0.763049117788857,1.52609823557771,0.118475441105572,-0.164487912316705
0.770165597750368,1.54033119550074,0.114917201124816,-0.186310095916363
0.764937222944841,1.52987444588968,0.11753138852758,-0.170257910093129
0.793949467527047,1.58789893505409,0.103025266236477,-0.260711513972962
0.797469698129735,1.59493939625947,0.101265150935133,-0.27191583887026
0.829407532270616,1.65881506454123,0.0852962338646919,-0.375833709174466
0.829934173830689,1.65986834766138,0.0850329130846555,-0.377581465784056
0.811312966929204,1.62262593385841,0.0943435165353978,-0.316457460614937
0.836637662154192,1.67327532430838,0.0816811689229039,-0.399925155469664
0.813481704720138,1.62696340944028,0.0932591476399309,-0.323504967828764
0.812802277278763,1.62560455455753,0.0935988613606187,-0.321295083899085
0.813860061189658,1.62772012237932,0.0930699694051712,-0.324736398399266
0.805794537524646,1.61158907504929,0.0971027312376768,-0.298609673409118
0.798573405567987,1.59714681113597,0.100713297216006,-0.275438968160906
0.807356865845561,1.61471373169112,0.0963215670772195,-0.303650217655934
0.819819960471339,1.63963992094268,0.0900900197643305,-0.344209535174456
0.810697350271669,1.62139470054334,0.0946513248641653,-0.314460387475011
0.826516467845571,1.65303293569114,0.0867417660772147,-0.366258943239836
0.820278103561089,1.64055620712218,0.0898609482194555,-0.345712334363553
0.831936210025421,1.66387242005084,0.0840318949872897,-0.384235715102921
0.824832285573475,1.64966457114695,0.0875838572132625,-0.360696598648726
0.8179138235237,1.6358276470474,0.0910430882381499,-0.337966045422317
0.789134410748095,1.57826882149619,0.105432794625952,-0.245466236453487
0.779448869194519,1.55889773838904,0.110275565402741,-0.215081079377228
0.778899789419865,1.55779957883973,0.110550105290067,-0.213369763916621
0.784354777686235,1.56870955537247,0.107822611156883,-0.230424834558446
0.769728465519168,1.53945693103834,0.115135767240416,-0.184963821260986
0.780627885911008,1.56125577182202,0.109686057044496,-0.218759792523778
0.782577696679392,1.56515539335878,0.108711151660304,-0.224855702680044
0.790952697913884,1.58190539582777,0.104523651043058,-0.251212340674503
0.762329993735574,1.52465998747115,0.118835003132213,-0.16229403869776
0.758087800846021,1.51617560169204,0.120956099576989,-0.149394227583113
0.747227374815654,1.49445474963131,0.126386312592173,-0.116697499347787
0.764921094365861,1.52984218873172,0.11753945281707,-0.170208561211733
0.767592505557917,1.53518501111583,0.116203747221041,-0.178396509177363
0.7685233794159,1.5370467588318,0.11573831029205,-0.18125636941767
0.771929698542585,1.54385939708517,0.114035150728708,-0.191750918984092
0.784445472711902,1.5688909454238,0.107777263644049,-0.2307093993164
0.783327381189538,1.56665476237908,0.108336309405231,-0.227203572242521
0.780525345855278,1.56105069171056,0.109737327072361,-0.218439631045002
0.779071637437895,1.55814327487579,0.110464181281053,-0.213905232520325
0.751418240712298,1.5028364814246,0.124290879643851,-0.129258744950329
0.76890809541319,1.53781619082638,0.115545952293405,-0.182439318383877
0.758545580973341,1.51709116194668,0.12072720951333,-0.150782796828365
0.765404224543678,1.53080844908736,0.117297887728161,-0.171687253898619
0.756517615495779,1.51303523099156,0.121741192252111,-0.144637805110837
0.761225556323963,1.52245111264793,0.119387221838018,-0.158928695201454
0.765195838516321,1.53039167703264,0.11740208074184,-0.17104934256539
0.755414811335869,1.51082962267174,0.122292594332065,-0.141303074371214
0.750898841129313,1.50179768225863,0.124550579435344,-0.12769813921869
0.738337507648677,1.47667501529735,0.130831246175662,-0.0902845504017193
0.724604165113338,1.44920833022668,0.137697917443331,-0.0501023921991941
0.735372146151618,1.47074429230324,0.132313926924191,-0.0815443866712744
0.743776753042944,1.48755350608589,0.128111623478528,-0.106407716734208
0.731202852504109,1.46240570500822,0.134398573747945,-0.0693152230202929
0.729095664991682,1.45819132998336,0.135452167504159,-0.0631609774193269
0.709568195654798,1.4191363913096,0.145215902172601,-0.00697404856961015
0.698210113024426,1.39642022604885,0.150894943487787,0.0250052761408377
0.704144164256581,1.40828832851316,0.147927917871709,0.00836199188680087
0.712062711446475,1.42412542289295,0.143968644276762,-0.014066610065012
0.71739039940375,1.4347807988075,0.141304800298125,-0.0292979703133442
0.737377570896672,1.47475514179334,0.131311214551664,-0.0874513641229533
0.748264003348869,1.49652800669774,0.125867998325565,-0.119798037415353
0.747429389921952,1.4948587798439,0.126285305039024,-0.117301385838204
0.748872967807247,1.49774593561449,0.125563516096376,-0.121621443824868
0.763817751130176,1.52763550226035,0.118091124434912,-0.166835113883118
0.756089225199924,1.51217845039985,0.121955387400038,-0.143341832926844
0.757368049133027,1.51473609826605,0.121315975433486,-0.147212723695135
0.770329548856464,1.54065909771293,0.114835225571768,-0.186815227682806
0.750082977076298,1.5001659541526,0.124958511461851,-0.125248944999284
0.768453765640071,1.53690753128014,0.115773117179964,-0.181042379852811
0.762166956539277,1.52433391307855,0.118916521730361,-0.161796939280689
0.7396676171779,1.4793352343558,0.13016619141105,-0.094216367803265
0.738632305379067,1.47726461075813,0.130683847310467,-0.0911553650991899
0.732125055479575,1.46425011095915,0.133937472260212,-0.0720141937219418
0.745492368615859,1.49098473723172,0.127253815692071,-0.111517743328967
0.71991484480776,1.43982968961552,0.14004257759612,-0.036554767549162
0.731742768115191,1.46348553623038,0.134128615942405,-0.0708949573777631
0.733899878186583,1.46779975637317,0.133050060906709,-0.0772180624045626
0.739763138794719,1.47952627758944,0.13011843060264,-0.0944990030388304
0.734935190512151,1.4698703810243,0.132532404743925,-0.0802594685062619
0.721720186658932,1.44344037331786,0.139139906670534,-0.0417600556620066
0.751756873592597,1.50351374718519,0.124121563203701,-0.130276793987432
0.747626346353962,1.49525269270792,0.126186826823019,-0.117890307525147
0.746733799867663,1.49346759973533,0.126633100066168,-0.115222735729599
0.729344757756463,1.45868951551293,0.135327621121768,-0.0638875513336674
0.730020044693976,1.46004008938795,0.134989977653012,-0.0658585313099891
0.743074098445767,1.48614819689153,0.128462950777116,-0.10431823156198
0.780833128861924,1.56166625772385,0.109583435569038,-0.219400750256603
0.762057492642295,1.52411498528459,0.118971253678853,-0.161463244184523
0.753516293303346,1.50703258660669,0.123241853348327,-0.135573608547229
0.790787266173999,1.581574532348,0.104606366913001,-0.250689000685894
0.78473431803218,1.56946863606436,0.10763284098391,-0.231615899794862
0.781165270570947,1.56233054114189,0.109417364714526,-0.220438359892362
0.76663459598388,1.53326919196776,0.11668270200806,-0.175457207518734
0.771981090315774,1.54396218063155,0.114009454842113,-0.191909607610264
0.769860318728825,1.53972063745765,0.115069840635588,-0.185369820706496
0.750159602474068,1.50031920494814,0.124920198762966,-0.125478858368103
0.767439719859909,1.53487943971982,0.116280140070045,-0.177927447237312
0.768018913362759,1.53603782672552,0.115990543318621,-0.179706102565825
0.752607109508304,1.50521421901661,0.123696445245848,-0.132834922564887
0.774622232135178,1.54924446427036,0.112688883932411,-0.200079205036172
0.789783843759091,1.57956768751818,0.105108078120454,-0.247517039725769
0.781377550994674,1.56275510198935,0.109311224502663,-0.221101754396868
0.77894406097801,1.55788812195602,0.110527969510995,-0.213507700265826
0.796014997349217,1.59202999469843,0.101992501325391,-0.267279752009749
0.772705871014014,1.54541174202803,0.113647064492993,-0.194148726199053
0.795498030768432,1.59099606153686,0.102250984615784,-0.265634233912907
0.796555644042871,1.59311128808574,0.101722177978565,-0.269001788113106
0.777877124787337,1.55575424957467,0.111061437606332,-0.210185642534827
0.754437670583986,1.50887534116797,0.122781164708007,-0.138352397592383
0.77007060941974,1.54014121883948,0.11496469529013,-0.18601748698418
0.768548539402011,1.53709707880402,0.115725730298995,-0.181333714833928
0.759534367671341,1.51906873534268,0.120232816164329,-0.153784911347809
0.749485752443511,1.49897150488702,0.125257123778245,-0.123457786231632
0.769631060196018,1.53926212039204,0.115184469901991,-0.184663937636893
0.772285593746985,1.54457118749397,0.113857203126507,-0.192850076618266
0.782836157203806,1.56567231440761,0.108581921398097,-0.225664898051244
0.747262228855305,1.49452445771061,0.126368885572348,-0.116801677347596
0.780990767156731,1.56198153431346,0.109504616421635,-0.219893156768118
0.811459145586849,1.6229182911737,0.0942704272065755,-0.316931889913078
0.806695836741998,1.613391673484,0.0966520816290011,-0.301516346033744
0.82451928360111,1.64903856720222,0.0877403581994449,-0.359664098060176
0.833764552063397,1.66752910412679,0.0831177239683013,-0.390326656554955
0.819056311429743,1.63811262285949,0.0904718442851287,-0.341706482585791
0.817288697856279,1.63457739571256,0.0913556510718603,-0.335921631287225
0.802989746389114,1.60597949277823,0.0985051268054429,-0.289585065612108
0.796668052109605,1.59333610421921,0.101665973945198,-0.269359970504224
0.785054646174972,1.57010929234994,0.107472676912514,-0.232621594961821
0.782964321049033,1.56592864209807,0.108517839475484,-0.226066256071545
0.797810532425574,1.59562106485115,0.101094733787213,-0.273003291298356
0.807576251630203,1.61515250326041,0.0962118741848987,-0.304358804394176
0.823602633535106,1.64720526707021,0.0881986832324468,-0.356642595931926
0.83119816719025,1.6623963343805,0.084400916404875,-0.381780786280862
0.840214369590657,1.68042873918131,0.0798928152046714,-0.411920373733251
0.857023528772355,1.71404705754471,0.0714882356138227,-0.468978657738838
0.862400682604648,1.7248013652093,0.0687996586976758,-0.487469874713927
0.84988525546813,1.69977051093626,0.0750573722659349,-0.444609894924258
0.849098412264767,1.69819682452953,0.0754507938676163,-0.441936227421098
0.841608027022446,1.68321605404489,0.079195986488777,-0.416608142297229
0.843756919416665,1.68751383883333,0.0781215402916675,-0.423851478127001
0.859696079522328,1.71939215904466,0.0701519602388362,-0.478154698292121
0.852919142259434,1.70583828451887,0.0735404288702831,-0.454942126465137
0.844331586878637,1.68866317375727,0.0778342065606813,-0.425791657201996
0.872636170498522,1.74527234099704,0.0636819147507389,-0.522987772124652
0.887759803725193,1.77551960745039,0.0561200981374036,-0.576234938220386
0.916913401054068,1.83382680210814,0.041543299472966,-0.681460370065076
0.931503974715873,1.86300794943175,0.0342480126420635,-0.73539930982294
0.895092257848773,1.79018451569755,0.0524538710756137,-0.602380300121627
0.88494017054823,1.76988034109646,0.0575299147258849,-0.566238210899861
0.87381610596756,1.74763221193512,0.0630919470162198,-0.527109174096622
0.862058584712606,1.72411716942521,0.0689707076436972,-0.486290006953401
0.854461030965339,1.70892206193068,0.0727694845173306,-0.4602073068767
0.860184480801614,1.72036896160323,0.0699077595991932,-0.479834682023883
0.837881639596801,1.6757632791936,0.0810591802015996,-0.404091283946846
0.819820422878118,1.63964084575624,0.0900897885609409,-0.344211051536113
0.810833100462499,1.621666200925,0.0945834497687503,-0.314900633611259
0.826387192951447,1.65277438590289,0.0868064035242765,-0.365831585348344
0.832744324080312,1.66548864816062,0.0836278379598439,-0.386926218575952
0.852197280249451,1.7043945604989,0.0739013598752747,-0.452480408929121
0.852308239384892,1.70461647876978,0.073845880307554,-0.452858669846749
0.858389463241656,1.71677892648331,0.0708052683791721,-0.473664941208596
0.842100367805206,1.68420073561041,0.0789498160973972,-0.418266058915325
0.865192617129177,1.73038523425835,0.0674036914354113,-0.497116529469671
0.861251339177423,1.72250267835485,0.0693743304112886,-0.483507738469808
0.870368452767943,1.74073690553589,0.0648157736160284,-0.515082487147327
0.866378230024793,1.73275646004959,0.0668108849876036,-0.501222474921786
0.853536746097316,1.70707349219463,0.0732316269513421,-0.457049953876787
0.858261140668194,1.71652228133639,0.0708694296659032,-0.473224371162138
0.846983308996593,1.69396661799319,0.0765083455017033,-0.434761451437637
0.842972832372851,1.6859456647457,0.0785135838135745,-0.421206392237413
0.829954706528375,1.65990941305675,0.0850226467358123,-0.377649629777204
0.816749909118859,1.63349981823772,0.0916250454405705,-0.334160828091329
0.806030207241822,1.61206041448364,0.0969848963790889,-0.29936938997259
0.810380178592134,1.62076035718427,0.0948099107039332,-0.313432067710037
0.789983590803435,1.57996718160687,0.105008204598282,-0.248148147477379
0.797845632342415,1.59569126468483,0.101077183828793,-0.273115306095736
0.82146754696061,1.64293509392122,0.0892662265196951,-0.349617861418964
0.832910554667377,1.66582110933475,0.0835447226663114,-0.387479984152636
0.840084558948183,1.68016911789637,0.0799577205259086,-0.411484132366326
0.848742357442941,1.69748471488588,0.0756288212785293,-0.440727178635604
0.873501536113625,1.74700307222725,0.0632492319431873,-0.526009867185726
0.867512754494795,1.73502550898959,0.0662436227526026,-0.505156758422292
0.848099723996946,1.69619944799389,0.0759501380015271,-0.438546283687392
0.831868779445952,1.6637375588919,0.0840656102770241,-0.384011332433795
0.819454431324408,1.63890886264882,0.0902727843377958,-0.343011130034419
0.815814470981303,1.63162894196261,0.0920927645093484,-0.331106502125007
0.805837522784987,1.61167504556997,0.0970812386075063,-0.29874822625649
0.817861781459427,1.63572356291885,0.0910691092702863,-0.337795787143976
0.800706543125948,1.6014130862519,0.0996467284370258,-0.282261936409412
0.788535489283214,1.57707097856643,0.105732255358393,-0.243576435718236
0.77226011101118,1.54452022202236,0.11386994449441,-0.192771358118001
0.763731375412482,1.52746275082496,0.118134312293759,-0.166571227578883
0.785533649302029,1.57106729860406,0.107233175348985,-0.234126228371526
0.795113526535222,1.59022705307044,0.102443236732389,-0.264411040158554
0.764870883448826,1.52974176689765,0.117564558275587,-0.170054936695576
0.765123636518331,1.53024727303666,0.117438181740835,-0.17082835831807
0.778747244589319,1.55749448917864,0.11062637770534,-0.212894541910914
0.765805138756581,1.53161027751316,0.117097430621709,-0.172915021091973
0.770172849458235,1.54034569891647,0.114913575270882,-0.186332436085235
0.78662475844868,1.57324951689736,0.10668762077566,-0.237557021208887
0.779096508514233,1.55819301702847,0.110451745742883,-0.213982739158137
0.751630152094169,1.50326030418834,0.124184923952916,-0.129895771074206
0.753578586380738,1.50715717276148,0.123210706809631,-0.135761371703183
0.738801095533288,1.47760219106658,0.130599452233356,-0.0916541175223731
0.768159414489227,1.53631882897845,0.115920292755386,-0.180137772136865
0.753527416589866,1.50705483317973,0.123236291705067,-0.135607135105196
0.744471429498502,1.488942858997,0.127764285250749,-0.108475418679086
0.750284905151263,1.50056981030253,0.124857547424368,-0.125854877795679
0.759780322394471,1.51956064478894,0.120109838802765,-0.154532276595692
0.71459154244884,1.42918308489768,0.14270422877558,-0.0212821450788239
0.710934889916809,1.42186977983362,0.144532555041596,-0.01085683540205
0.749875289474889,1.49975057894978,0.125062355262556,-0.124625899530096
0.763039211731659,1.52607842346332,0.11848039413417,-0.164457677280144
0.743165993465633,1.48633198693127,0.128417003267184,-0.104591387687521
0.740736850219938,1.48147370043988,0.129631574890031,-0.0973821625475102
0.702120938445956,1.40424187689191,0.148939530777022,0.0140523755915388
0.710012081024624,1.42002416204925,0.144993959487688,-0.00823431040183564
0.727439390049139,1.45487878009828,0.136280304975431,-0.0583361323901264
0.728416790177139,1.45683358035428,0.13579160491143,-0.0611820404239323
0.741304679884682,1.48260935976936,0.129347660057659,-0.0990652568378612
0.741339540209622,1.48267908041924,0.129330229895189,-0.0991686277564261
0.750462018734082,1.50092403746816,0.124768990632959,-0.126386483124867
0.746588428285748,1.4931768565715,0.126705785857126,-0.114788562500366
0.772487362841901,1.5449747256838,0.11375631857905,-0.193473451500869
0.775923518454453,1.55184703690891,0.112038240772773,-0.204114612981476
0.770685124547917,1.54137024909583,0.114657437726041,-0.187911122398878
0.792590377155884,1.58518075431177,0.103704811422058,-0.256399011920212
0.810921943052239,1.62184388610448,0.0945390284738806,-0.315188795447237
0.809772108117737,1.61954421623547,0.0951139459411317,-0.311461734170887
0.798845408830889,1.59769081766178,0.100577295584556,-0.27630797442038
0.780142903612941,1.56028580722588,0.10992854819353,-0.217245900115261
0.774296918811701,1.5485938376234,0.112851540594149,-0.199071436962589
0.76705577153911,1.53411154307822,0.116472114230445,-0.17674911330292
0.750854669681236,1.50170933936247,0.124572665159382,-0.127565469964235
0.754461285703798,1.5089225714076,0.122769357148101,-0.138423663251656
0.746455313051215,1.49291062610243,0.126772343474392,-0.114391068764776
0.742760077383656,1.48552015476731,0.128619961308172,-0.10338506510995
0.750054707882984,1.50010941576597,0.124972646058508,-0.125164129634858
0.765440342203884,1.53088068440777,0.117279828898058,-0.171797834946398
0.772726776976669,1.54545355395334,0.113636611511666,-0.194213343713501
0.755520218936239,1.51104043787248,0.122239890531881,-0.141621602442924
0.734036794242254,1.46807358848451,0.132981602878873,-0.0776200306028896
0.742529455361513,1.48505891072303,0.128735272319243,-0.102699984158931
0.71551215852262,1.43102431704524,0.14224392073869,-0.023915297987398
0.703432164535994,1.40686432907199,0.148283917732003,0.0103663797924138
0.714406844024353,1.42881368804871,0.142796577987824,-0.0207542775776717
0.710147928212693,1.42029585642539,0.144926035893653,-0.00862015988956166
0.695512963765616,1.39102592753123,0.152243518117192,0.0325234344679382
0.713162702824278,1.42632540564856,0.143418648587861,-0.0172020813992582
0.680677810185745,1.36135562037149,0.159661094907128,0.073355437441479
0.686009371230139,1.37201874246028,0.156995314384931,0.0587822851688589
0.685000539786488,1.37000107957298,0.157499730106756,0.0615485209844404
0.678174950933433,1.35634990186687,0.160912524533284,0.0801574718528719
0.713578619731784,1.42715723946357,0.143210690134108,-0.0183888930766367
0.732064090244828,1.46412818048966,0.133967954877586,-0.0718356644519751
0.727128365749582,1.45425673149916,0.136435817125209,-0.057431320555317
0.711345434678792,1.42269086935758,0.144327282660604,-0.0120246548767196
0.718384483863381,1.43676896772676,0.14080775806831,-0.0321525333113124
0.708910272448639,1.41782054489728,0.14554486377568,-0.00510754876640807
0.696633576743406,1.39326715348681,0.151683211628297,0.0294033195073788
0.684234732389943,1.36846946477989,0.157882633805028,0.0636456619825261
0.675918226399835,1.35183645279967,0.162040886800082,0.0862691024410027
0.654292121555286,1.30858424311057,0.172853939222357,0.143803639341367
0.663902731261532,1.32780546252306,0.168048634369234,0.118466326846956
0.662900896333719,1.32580179266744,0.16854955183314,0.121124803279903
0.672478068163235,1.34495613632647,0.163760965918382,0.0955464956788864
0.678969360294355,1.35793872058871,0.160515319852823,0.0780012155629495
0.673201960975247,1.34640392195049,0.163399019512377,0.0935982394781644
0.645042657083867,1.29008531416773,0.177478671458067,0.16783994108437
0.662485142216628,1.32497028443326,0.168757428891686,0.122226872684429
0.675576761729055,1.35115352345811,0.162211619135472,0.087192078023366
0.686335448776319,1.37267089755264,0.156832275611841,0.0578873035060178
0.685391940974821,1.37078388194964,0.15730402951259,0.0604757744935351
0.700345126863555,1.40069025372711,0.149827436568223,0.0190334065569427
0.708210455222628,1.41642091044526,0.145894772388686,-0.00312409777328537
0.694023843902559,1.38804768780512,0.152988078048721,0.0366618081894334
0.724234761809476,1.44846952361895,0.137882619095262,-0.0490319804264572
0.713295759121726,1.42659151824345,0.143352120439137,-0.0175816799620783
0.738751133193125,1.47750226638625,0.130624433403438,-0.0915064735882518
0.759997175536324,1.51999435107265,0.120001412231838,-0.155191413646379
0.798520518546972,1.59704103709394,0.100739740726514,-0.275270037081049
0.818716424446238,1.63743284889248,0.0906417877768809,-0.340593167316066
0.849852564243888,1.69970512848778,0.0750737178780561,-0.444498761903823
0.826469321213165,1.65293864242633,0.0867653393934176,-0.366103077813098
0.841923970163758,1.68384794032752,0.079038014918121,-0.417671943072609
0.856899511037326,1.71379902207465,0.0715502444813368,-0.468553544032018
0.850002067982699,1.7000041359654,0.0749989660086507,-0.445007031149729
0.858570465584658,1.71714093116932,0.0707147672076709,-0.474286488748513
0.884301218356498,1.768602436713,0.0578493908217511,-0.563977289573573
0.848548792189939,1.69709758437988,0.0757256039050303,-0.44007010545401
0.846351638345224,1.69270327669045,0.0768241808273882,-0.432622191459288
0.834059259077505,1.66811851815501,0.0829703704612474,-0.391309695305833
0.839803871566931,1.67960774313386,0.0800980642165343,-0.410541085397614
0.828639792426874,1.65727958485375,0.085680103786563,-0.373287811186505
0.813925959900829,1.62785191980166,0.0930370200495855,-0.324950936400972
0.819965114073503,1.63993022814701,0.0900174429632486,-0.344685576595145
0.82385168010487,1.64770336020974,0.0880741599475651,-0.357463181623234
0.808851513900318,1.61770302780064,0.0955742430498409,-0.308481543077674
0.807878371725801,1.6157567434516,0.0960608141370995,-0.305334927004663
0.791056029295693,1.58211205859139,0.104471985352154,-0.251539282970136
0.80471194666563,1.60942389333126,0.0976440266671851,-0.295122634212775
0.831030026395182,1.66206005279036,0.084484986802409,-0.381221809540754
0.812032478207301,1.6240649564146,0.0939837608963497,-0.31879349132698
0.851327598200602,1.7026551964012,0.074336200899699,-0.449517358916011
0.855190331817248,1.7103806636345,0.0724048340913758,-0.462701007267391
0.852391424103838,1.70478284820768,0.0738042879480812,-0.453142279771536
0.854071951002419,1.70814390200484,0.0729640244987904,-0.458877794978157
0.837851027900901,1.6757020558018,0.0810744860495494,-0.403988689909193
0.845389252150966,1.69077850430193,0.0773053739245169,-0.42936597530474
0.865093092197675,1.73018618439535,0.0674534539011623,-0.496772116336271
0.840703849694194,1.68140769938839,0.0796480751529032,-0.413565925781275
0.842139061260999,1.684278122522,0.0789304693695006,-0.418396397003113
0.856600305534858,1.71320061106972,0.0716998472325711,-0.467528166884823
0.840427344668006,1.68085468933601,0.0797863276659972,-0.412636243331429
0.855828261057896,1.71165652211579,0.0720858694710518,-0.464884024850766
0.854934429259785,1.70986885851957,0.0725327853701073,-0.46182575666751
0.842513810088149,1.6850276201763,0.0787430949559255,-0.419659040378499
0.87128448693572,1.74256897387144,0.0643577565321398,-0.518273314349683
0.855058734825358,1.71011746965072,0.0724706325873212,-0.462250880002283
0.856219384024442,1.71243876804888,0.071890307987779,-0.46622326715839
0.83136803718509,1.66273607437018,0.0843159814074551,-0.382345626505978
0.861945177621573,1.72389035524315,0.0690274111892135,-0.48589897845017
0.863054540724278,1.72610908144856,0.0684727296378611,-0.489726280529589
0.845233747349724,1.69046749469945,0.0773831263251379,-0.428840175317715
0.843716611513722,1.68743322302744,0.0781416942431388,-0.423715441088395
0.849328959655032,1.69865791931006,0.0753355201724838,-0.442719363417399
0.862053201023797,1.72410640204759,0.0689733994881014,-0.48627144279075
0.846473357484671,1.69294671496934,0.0767633212576647,-0.433034289862742
0.849051779826222,1.69810355965244,0.075474110086889,-0.441777849652151
0.854252756430014,1.70850551286003,0.072873621784993,-0.459495543736554
0.830779880081302,1.6615597601626,0.084610059959349,-0.380390418295805
0.858692626356029,1.71738525271206,0.0706536868219856,-0.474706053116429
0.859056412477957,1.71811282495591,0.0704717937610214,-0.475955839638996
0.849675735964151,1.6993514719283,0.0751621320179245,-0.443897712572443
0.831358329947221,1.66271665989444,0.0843208350263896,-0.382313345545264
0.853928577526991,1.70785715505398,0.0730357112365043,-0.458388031034542
0.828575940372079,1.65715188074416,0.0857120298139603,-0.373076177926952
0.82576468174236,1.65152936348472,0.0871176591288199,-0.363774619226123
0.799015511427482,1.59803102285496,0.100492244286259,-0.27685157500344
0.793216666010935,1.58643333202187,0.103391666994532,-0.258385358475007
0.805964489980189,1.61192897996038,0.0970177550099053,-0.299157518218053
0.821416786981243,1.64283357396249,0.0892916065093783,-0.349451075869179
0.821987934938716,1.64397586987743,0.089006032530642,-0.351328330369629
0.821921054988617,1.64384210997723,0.0890394725056913,-0.351108441267203
0.813499229950718,1.62699845990144,0.0932503850246408,-0.323561994260823
0.802575067721225,1.60515013544245,0.0987124661393877,-0.288253478655456
0.776936238995497,1.55387247799099,0.111531880502251,-0.207259838928936
0.789558590138927,1.57911718027785,0.105220704930536,-0.246805534524341
0.797479341984951,1.5949586839699,0.101260329007525,-0.271946601785499
0.76467947117501,1.52935894235002,0.117660264412495,-0.169469387272987
0.781140141861186,1.56228028372237,0.109429929069407,-0.220359842453826
0.783850024283137,1.56770004856627,0.108074987858431,-0.22884172113735
0.790804511443593,1.58160902288719,0.104597744278203,-0.25074355063908
0.785837718253581,1.57167543650716,0.107081140873209,-0.235081838859989
0.810057872817159,1.62011574563432,0.0949710635914204,-0.312387514626121
0.811472346050804,1.62294469210161,0.0942638269745981,-0.316974736810391
0.815896332872023,1.63179266574405,0.0920518335639884,-0.33137365198803
0.79046882358834,1.58093764717668,0.10476558820583,-0.249681922130269
0.78019801011594,1.56039602023188,0.10990099494203,-0.217417869977746
0.788805435807885,1.57761087161577,0.105597282096058,-0.244428031120134
0.746804997773952,1.4936099955479,0.126597501113024,-0.115435409400305
0.736314412277516,1.47262882455503,0.131842793861242,-0.0843178274551664
0.722943323662831,1.44588664732566,0.138528338168585,-0.0452940984573209
0.704687498583494,1.40937499716699,0.147656250708253,0.006831058680275
0.669177706087659,1.33835541217532,0.16541114695617,0.104402395350517
0.678640183969941,1.35728036793988,0.16067990801503,0.0788950014024894
0.680212319968735,1.36042463993747,0.159893840015632,0.0746223995255016
0.678595709060864,1.35719141812173,0.160702145469568,0.0790157272883654
0.668052217100171,1.33610443420034,0.165973891449914,0.107412470455092
0.676071418285204,1.35214283657041,0.161964290857398,0.0858548747556667
0.706773262957817,1.41354652591563,0.146613368521091,0.000943109535920139
0.718614396969118,1.43722879393824,0.140692801515441,-0.0328133030625772
0.711329657419279,1.42265931483856,0.14433517129036,-0.0119797630484588
0.690463684227652,1.3809273684553,0.154768157886174,0.0465198015255548
0.682085374625585,1.36417074925117,0.158957312687207,0.0695190834437506
0.666932465206818,1.33386493041364,0.166533767396591,0.110402173706314
0.643312504134671,1.28662500826934,0.178343747932664,0.172298044047958
0.647138983220366,1.29427796644073,0.176430508389817,0.162422272793023
0.602780709467685,1.20556141893537,0.198609645266158,0.273310832587269
0.599337448277621,1.19867489655524,0.200331275861189,0.281589246184139
0.595320854974572,1.19064170994914,0.202339572512714,0.29118615926469
0.588291818717025,1.17658363743405,0.205854090641488,0.307825472061231
0.577437854859271,1.15487570971854,0.211281072570365,0.333131047551047
0.579056515815373,1.15811303163075,0.210471742092313,0.329387102983521
0.592263076514592,1.18452615302918,0.203868461742704,0.298448896394941
0.576042769448802,1.1520855388976,0.211978615275599,0.33634945553151
0.579959050018936,1.15991810003787,0.210020474990532,0.327295000602267
0.577203791693776,1.15440758338755,0.211398104153112,0.333671565708657
0.558926845756117,1.11785369151223,0.220536577121942,0.375201562186236
0.544823403066326,1.08964680613265,0.227588298466837,0.406334918942456
0.546153235568181,1.09230647113636,0.226923382215909,0.403433286556814
0.563948386811661,1.12789677362332,0.218025806594169,0.36392443402505
0.572120159644164,1.14424031928833,0.213939920177918,0.345357045857472
0.551569952862194,1.10313990572439,0.224215023568903,0.391541174199193
0.549692667458991,1.09938533491798,0.225153666270504,0.395675942683638
0.542713493288941,1.08542698657788,0.228643253355529,0.410924128404229
0.5343547861728,1.0687095723456,0.2328226069136,0.428929924988443
0.534869082611192,1.06973816522238,0.232565458694404,0.427830128933324
0.548204623886599,1.0964092477732,0.225897688056701,0.398943380698706
0.531254836168581,1.06250967233716,0.234372581915709,0.435536598094987
0.555508078540746,1.11101615708149,0.222245960729627,0.382821549351937
0.55167442305886,1.10334884611772,0.22416278847057,0.391310661885348
0.562659613818769,1.12531922763754,0.218670193090616,0.366828317954628
0.583809711014356,1.16761942202871,0.208095144492822,0.318332442650669
0.571534785277529,1.14306957055506,0.214232607361236,0.346695978435538
0.564885282416851,1.1297705648337,0.217557358791574,0.361809235417669
0.575995776620542,1.15199155324108,0.212002111689729,0.336457730630598
0.562280420383627,1.12456084076725,0.218859789808186,0.367681457706423
0.535130843451102,1.0702616869022,0.232434578274449,0.427269960774625
0.522635615286803,1.04527123057361,0.238682192356598,0.453704027267569
0.550008799829319,1.10001759965864,0.22499560008534,0.394980640220623
0.553433671471257,1.10686734294251,0.223283164264371,0.387422342563689
0.547465403290628,1.09493080658126,0.226267298354686,0.40056326439966
0.564914538004247,1.12982907600849,0.217542730997876,0.361743129502895
0.560027237287568,1.12005447457514,0.219986381356216,0.372738986992109
0.539574420867083,1.07914884173417,0.230212789566459,0.417718888691904
0.523224761084549,1.0464495221691,0.238387619457725,0.452471698776032
0.540566354117649,1.0811327082353,0.229716822941175,0.415576033591904
0.523913672266348,1.0478273445327,0.238043163866826,0.45102892802478
0.510022142884722,1.02004428576944,0.244988928557639,0.479754827534553
0.511504324502393,1.02300864900479,0.244247837748804,0.476726652030702
0.505035757240851,1.0100715144817,0.247482121379575,0.489877767816321
0.478085764817248,0.956171529634496,0.260957117591376,0.542868002958214
0.460729183173739,0.921458366347478,0.26963540841313,0.575457239544118
0.437515428296807,0.875030856593614,0.281242285851597,0.617160500004523
0.419439373825133,0.838878747650267,0.290280313087433,0.64814122337036
0.424400454365986,0.848800908731973,0.287799772817007,0.639768508667889
0.426933936777525,0.853867873555049,0.286533031611238,0.635454827255289
0.424850563029042,0.849701126058083,0.287574718485479,0.639003998187813
0.429911014115308,0.859822028230615,0.285044492942346,0.630353039884695
0.430385639902931,0.860771279805861,0.284807180048535,0.62953640193069
0.396516709621027,0.793033419242054,0.301741645189486,0.685548997982628
0.388394910167929,0.776789820335858,0.305802544916036,0.698298787511293
0.388984584936399,0.777969169872799,0.3055077075318,0.697381985363714
0.401146407648278,0.802292815296557,0.299426796175861,0.678163119261763
0.40233803994049,0.804676079880979,0.298830980029755,0.67624820323369
0.387836349762869,0.775672699525738,0.306081825118566,0.699165931605227
0.396904727818399,0.793809455636798,0.3015476360908,0.684933274070805
0.37911339928546,0.758226798570921,0.31044330035727,0.712546060964446
0.338935626929771,0.677871253859542,0.330532186535114,0.770245281595446
0.355316546297301,0.710633092594602,0.322341726851349,0.747500303854716
0.362706119949101,0.725412239898201,0.31864694002545,0.736888541102937
0.359025120294058,0.718050240588117,0.320487439852971,0.742201925995674
0.363243163088645,0.72648632617729,0.318378418455677,0.736108808938712
0.349509138545792,0.699018277091584,0.325245430727104,0.755686724145956
0.360155106529817,0.720310213059635,0.319922446735091,0.740576598480992
0.371307184630156,0.742614369260313,0.314346407684922,0.724261949284054
0.359685488885115,0.719370977770231,0.320157255557442,0.741252698170951
0.38510920978956,0.770218419579119,0.30744539510522,0.703381793070522
0.378495314319984,0.756990628639969,0.310752342840008,0.713482594075632
0.381253851754672,0.762507703509345,0.309373074122664,0.709291001044453
0.391286373821812,0.782572747643623,0.304356813089094,0.693789947322755
0.380363494210646,0.760726988421291,0.309818252894677,0.710647224543736
0.363808861615616,0.727617723231232,0.318095569192192,0.735286224419899
0.385007212848134,0.770014425696269,0.307496393575933,0.703538892109823
0.381879431353475,0.76375886270695,0.309060284323262,0.708336199818293
0.382506417102455,0.765012834204911,0.308746791448772,0.707377681750885
0.384763665343625,0.76952733068725,0.307618167328187,0.703913843662678
0.396462903081972,0.792925806163943,0.301768548459014,0.68563433295963
0.408618908532038,0.817237817064075,0.295690545733981,0.666061175180173
0.363062657658986,0.726125315317973,0.318468671170507,0.736371013227187
0.367403456577199,0.734806913154398,0.3162982717114,0.730029400190253
0.368414944911245,0.736829889822489,0.315792527544378,0.728540856732089
0.346733959305256,0.693467918610512,0.326633020347372,0.759551122929002
0.377494980005328,0.754989960010656,0.311252509997336,0.714995080141554
0.384226117385724,0.768452234771448,0.307886941307138,0.704740581437384
0.383192689248227,0.766385378496455,0.308403655375886,0.706326725813423
0.386281959431302,0.772563918862604,0.306859020284349,0.701572495635828
0.377588333446575,0.755176666893149,0.311205833276713,0.714854100890077
0.370760903365076,0.741521806730152,0.314619548317462,0.725072705071826
0.380692487783781,0.761384975567563,0.309653756108109,0.710146459489991
0.376696805572818,0.753393611145637,0.311651597213591,0.716199033342468
0.373685016067176,0.747370032134351,0.313157491966412,0.720719017533749
0.380790561687893,0.761581123375786,0.309604719156053,0.709997096258838
0.397869394102911,0.795738788205821,0.301065302948545,0.683399890472366
0.400461016693693,0.800922033387386,0.299769491653153,0.679261948217307
0.392353916961849,0.784707833923697,0.303823041519076,0.69211680768939
0.387976720124251,0.775953440248502,0.306011639937875,0.698948129283257
0.395009530239056,0.790019060478113,0.302495234880472,0.68793494204064
0.382601079399387,0.765202158798773,0.308699460300307,0.707232828084849
0.386374620175442,0.772749240350884,0.306812689912279,0.701429305768566
0.400906890945089,0.801813781890179,0.299546554527455,0.678547329585484
0.370618914324061,0.741237828648122,0.31469054283797,0.725283240690509
0.381505953569397,0.763011907138794,0.309247023215301,0.70890641478221
0.397430787360268,0.794861574720537,0.301284606319866,0.684097538516394
0.397759418699203,0.795518837398406,0.301120290650398,0.683574889672144
0.380615306658552,0.761230613317103,0.309692346670724,0.710263976674433
0.386340033608182,0.772680067216364,0.306829983195909,0.701482756863258
0.403881461936301,0.807762923872602,0.298059269031849,0.673759529408392
0.385551235240961,0.771102470481922,0.30722438237952,0.702700490008338
0.407396231891493,0.814792463782986,0.296301884054253,0.668056620481225
0.390429227801057,0.780858455602114,0.304785386099471,0.69513003615734
0.384983153186501,0.769966306373002,0.307508423406749,0.703575943525158
0.389104356594774,0.778208713189548,0.305447821702613,0.697195599357934
0.367086565195191,0.734173130390383,0.316456717402404,0.730494907306393
0.343981954152224,0.687963908304447,0.328009022923888,0.763352830435235
0.348935410881718,0.697870821763437,0.325532294559141,0.756488158065613
0.347565742755489,0.695131485510978,0.326217128622255,0.75839610892565
0.34187350168693,0.683747003373859,0.329063249156535,0.766245017688634
0.368957578579093,0.737915157158186,0.315521210710453,0.727740610418105
0.367270808684681,0.734541617369361,0.31636459565766,0.730224306176202
0.404429402314538,0.808858804629076,0.297785298842731,0.672873717087011
0.39619865080931,0.79239730161862,0.301900674595345,0.686053258193765
0.414614954052473,0.829229908104945,0.292692522973764,0.656188879752132
0.39090996749405,0.7818199349881,0.304545016252975,0.694378794627601
0.382595160557722,0.765190321115443,0.308702419721139,0.707241886235622
0.388533054893787,0.777066109787573,0.305733472553107,0.698084130509803
0.362897140241137,0.725794280482275,0.318551429879431,0.736611331209609
0.356449019293952,0.712898038587904,0.321775490353024,0.745888193288759
0.333457773432837,0.666915546865675,0.333271113283581,0.777611826674429
0.340615581529226,0.681231163058451,0.329692209235387,0.767962051239015
0.331922257257366,0.663844514514731,0.334038871371317,0.77965523027435
0.341445993094414,0.682891986188828,0.329277003452793,0.766829267599539
0.357572594266228,0.715145188532456,0.321213702866886,0.744283679659439
0.346581987197227,0.693163974394454,0.326709006401387,0.759761852300843
0.355166136706003,0.710332273412007,0.322416931646998,0.747714030674665
0.343077430125015,0.68615486025003,0.328461284937492,0.764595753877631
0.325504151539745,0.651008303079489,0.337247924230128,0.788094094660782
0.319321050965742,0.638642101931484,0.340339474517129,0.796068132820268
0.325273936826016,0.650547873652032,0.337363031586992,0.78839373204341
0.315442320310725,0.63088464062145,0.342278839844638,0.800992285113972
0.289950822732112,0.579901645464223,0.355024588633944,0.831857040793943
0.298392208327298,0.596784416654596,0.350803895836351,0.821924180019117
0.288413557461581,0.576827114923162,0.35579322126921,0.833635239744711
0.271829526558652,0.543659053117303,0.364085236720674,0.852217416981799
0.30446764056839,0.608935281136781,0.347766179715805,0.814598911693435
0.323010830139244,0.646021660278488,0.338494584930378,0.791328007225513
0.341689604482338,0.683379208964675,0.329155197758831,0.766496428377408
0.316545130741204,0.633090261482408,0.341727434629398,0.799598360408068
0.28777588360297,0.575551767205939,0.356112058198515,0.83437008163306
0.298289732092521,0.596579464185041,0.35085513395374,0.822046471456345
0.311100172662021,0.622200345324041,0.34444991366899,0.806433365139322
0.333593638095675,0.66718727619135,0.333203180952162,0.777430569244184
0.315620677329339,0.631241354658677,0.342189661335331,0.800767176084339
0.310238848209529,0.620477696419058,0.344880575895235,0.80750371412325
0.333100855854142,0.666201711708285,0.333449572072929,0.778087639658476
0.338290127208046,0.676580254416092,0.330854936395977,0.771119579667128
0.315694747847703,0.631389495695405,0.342152626076149,0.800673652362751
0.292902184237089,0.585804368474177,0.353548907881456,0.828416620938285
0.287024246567779,0.574048493135557,0.356487876716111,0.835234163764398
0.319596495506636,0.639192991013271,0.340201752246682,0.795716160119754
0.313107660669131,0.626215321338262,0.343446169665435,0.803927185660609
0.318847700945087,0.637695401890174,0.340576149527457,0.796672287204065
0.336584014591105,0.67316802918221,0.331707992704447,0.773422402243469
0.339087188601978,0.678174377203956,0.330456405699011,0.770039757052013
0.337442188438811,0.674884376877622,0.331278905780594,0.772265538923252
0.347970700585386,0.695941401170772,0.326014649707307,0.757832783068231
0.37721852818823,0.754437056376459,0.311390735905885,0.715412363983012
0.376553626445018,0.753107252890037,0.311723186777491,0.716414732822211
0.372603571283405,0.74520714256681,0.313698214358297,0.722333157333705
0.363295735033259,0.726591470066518,0.31835213248337,0.736032417813288
0.350056430194606,0.700112860389212,0.324971784902697,0.754920991358818
0.329273901915464,0.658547803830928,0.335363049042268,0.783157395034731
0.287706418996398,0.575412837992797,0.356146790501801,0.834450032936538
0.301506101150913,0.603012202301825,0.349246949424544,0.818188141937551
0.276714990874351,0.553429981748702,0.361642504562825,0.846857627650816
0.294720106633821,0.589440213267643,0.352639946683089,0.826280117491498
0.299274848538422,0.598549697076844,0.350362575730789,0.820869130064609
0.292663849436646,0.585327698873291,0.353668075281677,0.828695742465849
0.324781146996113,0.649562293992225,0.337609426501944,0.789034413111779
0.313018432573022,0.626036865146044,0.343490783713489,0.804038921739057
0.308772220540197,0.617544441080393,0.345613889729902,0.809319431645352
0.318677754497896,0.637355508995791,0.340661122751052,0.796888977576358
0.337507381565466,0.675014763130933,0.331246309217267,0.772177534777645
0.32827757791805,0.6565551558361,0.335861211040975,0.784467663672517
0.329254529326562,0.658509058653125,0.335372735336719,0.783182909835888
0.303018117015504,0.606036234031009,0.348490941492248,0.816360041520756
0.322552746155108,0.645105492310216,0.338723626922446,0.791919451895597
0.322298941487322,0.644597882974644,0.338850529256339,0.792246784632304
0.335489808715985,0.67097961743197,0.332255095642008,0.774893176495424
0.344646794173903,0.689293588347805,0.327676602913049,0.762437174531303
0.315552064247395,0.63110412849479,0.342223967876303,0.800853789498416
0.308064694311209,0.616129388622418,0.345967652844395,0.810192288237883
0.302433782576865,0.60486756515373,0.348783108711567,0.817067614312499
0.312804365735196,0.625608731470392,0.343597817132402,0.804306857554004
0.310085648510134,0.620171297020268,0.344957175744933,0.807693781176099
0.276153326762957,0.552306653525915,0.361923336618521,0.847478680235503
0.276824907251087,0.553649814502175,0.361587546374456,0.846735941450854
0.2859466922316,0.571893384463201,0.3570266538842,0.836468978403613
0.269460676531998,0.538921353063995,0.365269661734001,0.854781887605836
0.262387482605919,0.524774965211839,0.36880625869704,0.862305617943457
0.259236372431202,0.518472744862405,0.370381813784399,0.865593006417422
0.260632426420903,0.521264852841807,0.369683786789548,0.864141476595905
0.26169031304969,0.523380626099381,0.369154843475155,0.86303636011191
0.268661603615851,0.537323207231702,0.365669198192075,0.855641885485119
0.233120227248388,0.466240454496776,0.383439886375806,0.89130991929532
0.235112285596948,0.470224571193896,0.382443857201526,0.889444426322758
0.230686615812301,0.461373231624603,0.384656692093849,0.893567370570135
0.210212144176034,0.420424288352067,0.394893927911983,0.911621708881829
0.198493631041392,0.396987262082784,0.400753184479304,0.921200556872008
0.187714090101388,0.375428180202776,0.406142954949306,0.929526840754816
0.192557635275984,0.385115270551968,0.403721182362008,0.925843114193842
0.207909618864005,0.415819237728011,0.396045190567997,0.913547180767648
0.227235690681927,0.454471381363855,0.386382154659036,0.896727881760615
0.217059583356978,0.434119166713957,0.391470208321511,0.90577027454579
0.218212050398504,0.436424100797008,0.390893974800748,0.904767002121761
0.194056502218179,0.388113004436358,0.40297174889091,0.924684147893692
0.182830287545243,0.365660575090487,0.408584856227378,0.933146171912247
0.184014740791779,0.368029481583558,0.40799262960411,0.932277150342669
0.18530645378938,0.37061290757876,0.40734677310531,0.931323036368009
0.20035241091988,0.400704821839759,0.39982379454006,0.919717822877183
0.190914526952796,0.381829053905592,0.404542736523602,0.92710328679678
0.205861076025742,0.411722152051483,0.397069461987129,0.915242434755048
0.197381794727686,0.394763589455371,0.401309102636157,0.922080854220156
0.204200517051127,0.408401034102254,0.397899741474437,0.916604297672105
0.183960611644004,0.367921223288008,0.408019694177998,0.932316986727128
0.16647615856025,0.332952317120499,0.416761920719875,0.944571377262045
0.173019353156541,0.346038706313081,0.41349032342173,0.940128606866585
0.156003073484848,0.312006146969695,0.421998463257576,0.951326082126562
0.129051112569386,0.258102225138771,0.435474443715307,0.966691620689208
0.125184587598228,0.250369175196455,0.437407706200886,0.968657638055723
0.147558985978362,0.295117971956724,0.426220507010819,0.956452691314075
0.160263633170865,0.320527266341731,0.419868183414567,0.948631135765749
0.165858711005562,0.331717422011125,0.417070644497219,0.944981775967147
0.16695489705651,0.33390979411302,0.416522551471745,0.9442521246977
0.148426557250269,0.296853114500537,0.425786721374866,0.955939114205665
0.129787307530745,0.25957461506149,0.435106346234628,0.96631050960784
0.167336581233842,0.334673162467685,0.416331709383079,0.943996937161939
0.179532557561094,0.359065115122188,0.410233721219453,0.935536121551145
0.213027038185184,0.426054076370367,0.393486480907408,0.909238962004097
0.201598412725576,0.403196825451151,0.399200793637212,0.918716159973057
0.198444609190169,0.396889218380338,0.400777695404916,0.921239474166722
0.215067164867788,0.430134329735577,0.392466417566106,0.907492229191463
0.231285210421056,0.462570420842112,0.384357394789472,0.893014302880976
0.237721300830813,0.475442601661626,0.381139349584594,0.886977166262612
0.24632691035398,0.49265382070796,0.37683654482301,0.878646106470925
0.256013263573509,0.512026527147019,0.371993368213245,0.868914417748882
0.24108157734635,0.482163154692701,0.379459211326825,0.883759346128391
0.236937042655926,0.473874085311852,0.381531478672037,0.887721675634928
0.259959430325735,0.519918860651469,0.370020284837133,0.864842189169439
0.263804872978856,0.527609745957712,0.368097563510572,0.860813977985219
0.258011476504313,0.516022953008625,0.370994261747844,0.866860155984129
0.259181957051366,0.518363914102733,0.370409021474317,0.865649426278047
0.240014459048461,0.480028918096923,0.379992770475769,0.884786118895349
0.257152468387529,0.514304936775059,0.371423765806235,0.867745216004401
0.244382778686434,0.488765557372868,0.377808610656783,0.880554114962995
0.248280041048014,0.496560082096029,0.375859979475993,0.876714042434393
0.221180760219978,0.442361520439956,0.389409619890011,0.902158142617025
0.230087324045422,0.460174648090844,0.384956337977289,0.894119646627234
0.225099382037046,0.450198764074092,0.387450308981477,0.89866053641308
0.251313913652781,0.502627827305562,0.37434304317361,0.873682633609045
0.271592445258746,0.543184890517491,0.364203777370627,0.85247508735675
0.237008399429305,0.474016798858609,0.381495800285348,0.887654037199918
0.233925325063119,0.467850650126238,0.383037337468441,0.890557884588228
0.236219169686866,0.472438339373733,0.381890415156567,0.888401007744895
0.234877614433309,0.469755228866618,0.382561192783345,0.889665012476236
0.256846067826399,0.513692135652798,0.371576966086801,0.868060194884234
0.271790333052685,0.54358066610537,0.364104833473657,0.852260029718221
0.290662976706402,0.581325953412805,0.354668511646799,0.831030067944347
0.291020941808123,0.582041883616245,0.354489529095939,0.830613622858227
0.281301025537503,0.562602051075007,0.359349487231248,0.841739466063098
0.280396498095087,0.560792996190174,0.359801750952457,0.842755607712024
0.298376812441957,0.596753624883914,0.350811593779021,0.821942555593954
0.303828789296952,0.607657578593903,0.348085605351524,0.815376133588697
0.311193556389237,0.622387112778475,0.344403221805381,0.806317140923637
0.316623369595377,0.633246739190755,0.341688315202311,0.799499283652138
0.319501331829327,0.639002663658653,0.340249334085337,0.795837797918573
0.33475455084339,0.66950910168678,0.332622724578305,0.77587878137928
0.335366788242135,0.670733576484271,0.332316605878932,0.775058234688309
0.332636697979293,0.665273395958586,0.333681651010353,0.778705654314865
0.330861117119787,0.661722234239574,0.334569441440106,0.781061842356493
0.33258640522409,0.665172810448181,0.333706797387955,0.778772566120234
0.325909433159079,0.651818866318159,0.33704528342046,0.787566082755855
0.354498988400813,0.708997976801627,0.322750505799593,0.7486609344456
0.372323674776915,0.74464734955383,0.313838162611543,0.722750162401228
0.368682870325391,0.737365740650783,0.315658564837304,0.728145882257261
0.3666837707139,0.7333675414278,0.31665811464305,0.731086024590072
0.373239610419153,0.746479220838305,0.313380194790424,0.721384386428318
0.366597285927625,0.73319457185525,0.316701357036187,0.731212859900998
0.397485661422275,0.79497132284455,0.301257169288863,0.684010297927393
0.364230692127082,0.728461384254164,0.317884653936459,0.734672005825253
0.365721283910844,0.731442567821687,0.317139358044578,0.732495884989208
0.374214285124388,0.748428570248776,0.312892857437806,0.719927337617687
0.38667447348308,0.773348946966159,0.30666276325846,0.700965703113166
0.36352884081306,0.72705768162612,0.31823557959347,0.735693563794225
0.37131360953741,0.742627219074819,0.314343195231295,0.7242524067446
0.34468363341162,0.68936726682324,0.32765818329419,0.762386385716328
0.347311414709054,0.694622829418107,0.326344292645473,0.758749562425591
0.354186974557203,0.708373949114406,0.322906512721399,0.749103174108031
0.344488684466811,0.688977368933623,0.327755657766594,0.762655092548651
0.356421746044904,0.712843492089807,0.321789126977548,0.745927077892604
0.3634914629651,0.7269829259302,0.31825426851745,0.735747912702983
0.336458275616879,0.672916551233758,0.331770862191561,0.773591657537833
0.33298189491466,0.665963789829319,0.33350905254267,0.778246115318085
0.345407866335985,0.690815732671971,0.327296066832007,0.761386811746444
0.348738555373203,0.697477110746406,0.325630722313399,0.756762839992423
0.336435755161754,0.672871510323508,0.331782122419123,0.773621965297481
0.335666371382368,0.671332742764736,0.332166814308816,0.774656174245988
0.342757855519107,0.685515711038215,0.328621072240446,0.765034104959885
0.344525687151339,0.689051374302678,0.327737156424331,0.762604101785795
0.349981204804693,0.699962409609386,0.325009397597653,0.755026312566911
0.347219782385459,0.694439564770918,0.32639010880727,0.758876845440389
0.370477700307142,0.740955400614284,0.314761149846429,0.725492547150263
0.36658782205258,0.73317564410516,0.31670608897371,0.731226737445492
0.373039794497682,0.746079588995364,0.313480102751159,0.721682623442254
0.375950106904138,0.751900213808277,0.312024946547931,0.717323034237534
0.382017172290964,0.764034344581929,0.308991413854518,0.708125760149631
0.360692486886519,0.721384973773039,0.31965375655674,0.739801859807236
0.367447557866114,0.734895115732229,0.316276221066943,0.729964584436457
0.374891614915691,0.749783229831383,0.312554192542154,0.71891255413181
0.360311510571166,0.720623021142331,0.319844244714417,0.74035123069985
0.34595890029299,0.691917800585981,0.327020549853505,0.76062487861613
0.342728356151781,0.685456712303562,0.328635821924109,0.765074547778996
0.316185652454943,0.632371304909886,0.341907173772528,0.800053266363284
0.319829171676435,0.63965834335287,0.340085414161783,0.795418601889531
0.349012897678613,0.698025795357226,0.325493551160694,0.756379994507956
0.313196707360563,0.626393414721125,0.343401646319719,0.803815644997004
0.313912995243831,0.627825990487662,0.343043502378084,0.802917262834093
0.321602794445589,0.643205588891178,0.339198602777206,0.793143285209577
0.316218290627852,0.632436581255703,0.341890854686074,0.800011985344799
0.295916787661191,0.591833575322383,0.352041606169404,0.824866509560563
0.284732485406713,0.569464970813425,0.357633757296644,0.837854823508232
0.312915546804635,0.62583109360927,0.343542226597682,0.804167721135912
0.288410757910929,0.576821515821858,0.355794621044535,0.833638469442487
0.320144486575389,0.640288973150777,0.339927756712306,0.795015015430762
0.337624534644855,0.675249069289711,0.331187732677572,0.77201934721169
0.331629247835792,0.663258495671585,0.334185376082104,0.780044083959733
0.364467768882944,0.728935537765888,0.317766115558528,0.734326490890978
0.358249887172604,0.716499774345208,0.320875056413698,0.743314036681633
0.362925565460886,0.725851130921772,0.318537217269557,0.736570067869792
0.35257972419661,0.70515944839322,0.323710137901695,0.751375076170885
0.334688324498268,0.669376648996535,0.332655837750866,0.775967450889085
0.331713595131082,0.663427190262164,0.334143202434459,0.779932181610426
0.341460586393154,0.682921172786307,0.329269706803423,0.766809335880087
0.363127284467933,0.726254568935867,0.318436357766033,0.736277150549889
0.370930339394761,0.741860678789522,0.314534830302619,0.724821366632975
0.344168894283543,0.688337788567086,0.327915552858229,0.763095544415287
0.364259171528305,0.728518343056611,0.317870414235847,0.734630511915025
0.383626413065026,0.767252826130053,0.308186793467487,0.705661550397723
0.370140109187601,0.740280218375203,0.314929945406199,0.725992599141181
0.377161262084751,0.754322524169502,0.311419368957625,0.715498764765276
0.397249212690997,0.794498425381995,0.301375393654501,0.684386126032765
0.382511391495138,0.765022782990277,0.308744304252431,0.707370070752906
0.361137951167607,0.722275902335214,0.319431024416197,0.739158760452926
0.381635295681139,0.763270591362278,0.309182352159431,0.708709002180739
0.419247045351789,0.838494090703579,0.290376477324105,0.648463829927589
0.400120711928564,0.800241423857128,0.299939644035718,0.679806831771558
0.380916818885774,0.761833637771549,0.309541590557113,0.709804754179884
0.353095581037307,0.706191162074613,0.323452209481347,0.750647021303854
0.337717032854516,0.675434065709031,0.331141483572742,0.771894411439884
0.329873160170473,0.659746320340946,0.335063419914764,0.782367396398291
0.349749115677187,0.699498231354373,0.325125442161407,0.755351112166052
0.331829806241271,0.663659612482542,0.334085096879365,0.779777959379761
0.326534029323254,0.653068058646507,0.336732985338373,0.786751055387841
0.322009145182467,0.644018290364935,0.338995427408766,0.792620220837713
0.337329279999648,0.674658559999296,0.331335360000176,0.772417913709838
0.35042867880104,0.700857357602079,0.32478566059948,0.754399482147516
0.345122068404082,0.690244136808164,0.327438965797959,0.761781515800977
0.323030951639242,0.646061903278485,0.338484524180379,0.791302008566091
0.334724042525196,0.669448085050393,0.332637978737402,0.775919630711181
0.333847908534603,0.667695817069207,0.333076045732698,0.777091147934142
0.335201873862637,0.670403747725273,0.332399063068682,0.775279407517954
0.34397332486372,0.68794664972744,0.32801333756814,0.763364703564395
0.351704436367826,0.703408872735651,0.324147781816087,0.75260797887838
0.349235031768401,0.698470063536803,0.325382484115799,0.756069785171447
0.361334508582464,0.722669017164927,0.319332745708768,0.738874745814939
0.376085298382607,0.752170596765214,0.311957350808697,0.717119696680931
0.379082258315889,0.758164516631778,0.310458870842056,0.712593282860252
0.367780936983577,0.735561873967153,0.316109531508212,0.729474364782965
0.365709275476913,0.731418550953826,0.317145362261544,0.732513451660303
0.378709478886469,0.757418957772939,0.310645260556765,0.713158261203078
0.398246072769052,0.796492145538105,0.300876963615474,0.682800131048053
0.362783323718114,0.725566647436229,0.318608338140943,0.736776520064076
0.345104351257357,0.690208702514713,0.327447824371322,0.761805973486478
0.364064018642332,0.728128037284664,0.317967990678834,0.734914780659992
0.3532590420736,0.7065180841472,0.3233704789632,0.750416098386485
0.329686220167226,0.659372440334452,0.335156889916387,0.782613992463695
0.313230282401729,0.626460564803457,0.343384858799136,0.803773580373067
0.321820208397558,0.643640416795117,0.339089895801221,0.792863506933904
0.305483116785833,0.610966233571666,0.347258441607084,0.813360130717626
0.295453059099691,0.590906118199382,0.352273470450154,0.825414979737269
0.329441200059847,0.658882400119694,0.335279399970076,0.782936991406256
0.351232087795197,0.702464175590395,0.324383956102401,0.753272041006053
0.379510371976142,0.759020743952284,0.310244814011929,0.711943755125061
0.3748183282824,0.7496366565648,0.3125908358588,0.719022441567174
0.37819867404001,0.75639734808002,0.310900662979995,0.713931525908756
0.379630919235645,0.75926183847129,0.310184540382177,0.711760730320598
0.375531548444878,0.751063096889755,0.312234225777561,0.717952112245185
0.361716574402089,0.723433148804178,0.319141712798956,0.738322239605636
0.321521227067448,0.643042454134896,0.339239386466276,0.793248201090085
0.32259445914211,0.64518891828422,0.338702770428945,0.791865629861619
0.31782999495949,0.63565998991898,0.341085002520255,0.797968188608101
0.315081021079778,0.630162042159556,0.342459489460111,0.801447900310649
0.310007280422238,0.620014560844476,0.344996359788881,0.807790972170416
0.292983146800013,0.585966293600025,0.353508426599994,0.828321751382324
0.280280203309188,0.560560406618377,0.359859898345406,0.84288601526592
0.259540166619439,0.519080333238878,0.370229916690281,0.865277803822308
0.245957357904654,0.491914715809307,0.377021321047673,0.879009956185124
0.239704363660446,0.479408727320892,0.380147818169777,0.885083636084281
0.227474278080368,0.454948556160737,0.386262860959816,0.896510905623631
0.233914068489435,0.467828136978871,0.383042965755282,0.89056841712544
0.250870636455598,0.501741272911197,0.374564681772201,0.874127847528726
0.273485204604615,0.54697040920923,0.363257397697692,0.850411685724744
0.298976006045507,0.597952012091013,0.350511996977247,0.821226695618154
0.263544120920125,0.52708824184025,0.368227939539937,0.861088992656877
0.277337266704596,0.554674533409191,0.361331366647702,0.846168080993648
0.269465057067055,0.53893011413411,0.365267471466473,0.854777166039698
0.303403248835355,0.60680649767071,0.348298375582323,0.815892937192303
0.300054524093749,0.600109048187498,0.349972737953126,0.819934565141748
0.283269766856821,0.566539533713642,0.35836511657159,0.839516478369765
0.289112550320943,0.578225100641886,0.355443724839528,0.83282786649384
0.297522871547777,0.595045743095554,0.351238564226111,0.82296028181193
0.304577233887307,0.609154467774615,0.347711383056346,0.814465417195113
0.311440422132675,0.62288084426535,0.344279788933663,0.806009726923643
0.299864710277984,0.599729420555969,0.350067644861008,0.820162311059801
0.302916706235249,0.605833412470499,0.348541646882375,0.816482938167175
0.290316094420892,0.580632188841784,0.354841952789554,0.831433130640399
0.303088929144203,0.606177858288406,0.348455535427899,0.816274202060441
0.287800762952112,0.575601525904223,0.356099618523944,0.834341441688365
0.276969154021055,0.55393830804211,0.361515422989472,0.846576175441722
0.294523077838455,0.58904615567691,0.352738461080773,0.826512313241127
0.308852818255529,0.617705636511059,0.345573590872235,0.809219873311234
0.324585613910846,0.649171227821692,0.337707193044577,0.789288358484239
0.340881348868918,0.681762697737836,0.329559325565541,0.767599811986614
0.348924645584656,0.697849291169312,0.325537677207672,0.756503183407245
0.369579114963636,0.739158229927273,0.315210442518182,0.726822555565391
0.367111283959444,0.734222567918888,0.316444358020278,0.730458610379297
0.379264452933405,0.75852890586681,0.310367773533297,0.71231694948225
0.398063728126289,0.796127456252579,0.300968135936855,0.683090536700399
0.403912500060125,0.807825000120249,0.298043749969938,0.67370938459036
0.3983620099757,0.796724019951401,0.30081899501215,0.68261541801624
0.402788860280181,0.805577720560362,0.298605569859909,0.675522268068385
0.384567078875009,0.769134157750017,0.307716460562496,0.704216323691086
0.386184742247924,0.772369484495848,0.306907628876038,0.701722689709809
0.408702450926989,0.817404901853978,0.295648774536505,0.665924613212544
0.368270923217517,0.736541846435034,0.315864538391242,0.728753054225036
0.406579965735491,0.813159931470981,0.296710017132255,0.669385462925054
0.421564821156089,0.843129642312178,0.289217589421956,0.644566203127269
0.410135084360597,0.820270168721195,0.294932457819701,0.663578425153051
0.414425638370521,0.828851276741041,0.29278718081474,0.656502780522373
0.408889656686239,0.817779313372478,0.295555171656881,0.665618497310019
0.41639957041728,0.83279914083456,0.29180021479136,0.65322279551261
0.422300290600171,0.844600581200341,0.288849854699915,0.643324929118023
0.427278296119703,0.854556592239405,0.286360851940149,0.634866515330087
0.412402221784876,0.824804443569753,0.293798889107562,0.659848814933795
0.436231370079586,0.872462740159172,0.281884314960207,0.619404383516974
0.448532407211852,0.897064814423703,0.275733796394074,0.597637359361483
0.455377010803913,0.910754021607827,0.272311494598043,0.585263556062585
0.463544729816801,0.927089459633602,0.268227635091599,0.570252566918138
0.467056182303298,0.934112364606597,0.266471908848351,0.563717045144536
0.478749731392099,0.957499462784197,0.260625134303951,0.541597389383987
0.458212309954115,0.916424619908231,0.270893845022942,0.580082958013027
0.45597883826023,0.91195767652046,0.272010580869885,0.584166598117702
0.468690332058565,0.937380664117131,0.265654833970717,0.560658745269664
0.485859388914177,0.971718777828355,0.257070305542911,0.527881308407884
0.531942260109368,1.06388452021874,0.234028869945316,0.434074863819475
0.504961730807561,1.00992346161512,0.247519134596219,0.490027300839664
0.482877626022806,0.965755252045613,0.258561186988597,0.533658396573158
0.493003614550779,0.986007229101559,0.25349819272461,0.513894872079733
0.494585074060746,0.989170148121491,0.252707462969627,0.510771209032654
0.491347123767934,0.982694247535869,0.254326438116033,0.517156007929956
0.488470015418851,0.976940030837702,0.255764992290574,0.522794088073415
0.499701216308308,0.999402432616615,0.250149391845846,0.500597388839996
0.514548539279705,1.02909707855941,0.242725730360147,0.470479601450243
0.500516108686159,1.00103221737232,0.24974194565692,0.49896724989133
0.512389654570359,1.02477930914072,0.24380517271482,0.474913683778536
0.515626930693722,1.03125386138744,0.242186534653139,0.468257736686743
0.490625041886725,0.981250083773451,0.254687479056637,0.518574136547298
0.476878733115195,0.953757466230389,0.261560633442403,0.545173347804894
0.477585824686435,0.95517164937287,0.261207087656782,0.543823560117155
0.475159192494006,0.950318384988013,0.262420403752997,0.548447483576887
0.465837310788298,0.931674621576596,0.267081344605851,0.565991199755053
0.484484694028712,0.968969388057423,0.257757652985644,0.530549162503812
0.499543137214022,0.999086274428043,0.250228431392989,0.500913308124746
0.491768945142211,0.983537890284422,0.254115527428894,0.516326609187434
0.494205332356532,0.988410664713064,0.252897333821734,0.511522178940739
0.486438317800481,0.972876635600963,0.256780841099759,0.526755525950876
0.484038567475683,0.968077134951366,0.257980716262158,0.531413330392177
0.492550685045904,0.985101370091808,0.253724657477048,0.514787645321622
0.495703030729998,0.991406061459995,0.252148484635001,0.50855701065019
0.494993268929363,0.989986537858727,0.252503365535318,0.509963327429246
0.491126667712299,0.982253335424597,0.254436666143851,0.517589192523627
0.47396893948288,0.947937878965759,0.26301553025856,0.550706888810949
0.455230217197457,0.910460434394914,0.272384891401272,0.585530898700712
0.452683200855461,0.905366401710923,0.273658399572269,0.590155839326508
0.468287322719405,0.93657464543881,0.265856338640297,0.561413966760583
0.478542585205485,0.957085170410971,0.260728707397257,0.541993988289702
0.460198059865389,0.920396119730778,0.269900970067305,0.576435491392263
0.420151612629244,0.840303225258489,0.289924193685378,0.646945244810091
0.413729736133775,0.82745947226755,0.293135131933112,0.657655410877354
0.419771722297373,0.839543444594746,0.290114138851314,0.647583402318995
0.418898178903113,0.837796357806227,0.290550910548443,0.649048631423311
0.421275989484297,0.842551978968594,0.289362005257852,0.645053081368053
0.397038526249919,0.794077052499839,0.30148073687504,0.684720817346584
0.369622658794825,0.739245317589651,0.315188670602587,0.726758180210888
0.348500014199388,0.697000028398776,0.325749992900306,0.757095480206053
0.349875140561607,0.699750281123215,0.325062429719196,0.755174772033991
0.334624056000971,0.669248112001941,0.332687971999515,0.776053482290919
0.325764412493753,0.651528824987506,0.337117793753124,0.7877550951052
0.344569870788037,0.689139741576075,0.327715064605981,0.76254320829023
0.338901606273268,0.677803212546537,0.330549196863366,0.770291402530797
0.343178148063099,0.686356296126198,0.32841092596845,0.764457517383963
0.329203488844274,0.658406977688548,0.335398255577863,0.783250125865516
0.350490859122913,0.700981718245825,0.324754570438544,0.754312315342565
0.36138972524183,0.722779450483659,0.319305137379085,0.73879493297927
0.324885128560984,0.649770257121967,0.337557435719508,0.788899306479826
0.312569019704223,0.625138039408446,0.343715490147888,0.804601215842282
0.306077763977405,0.61215552795481,0.346961118011298,0.812632804797184
0.294838191889432,0.589676383778864,0.352580904055284,0.826140881206741
0.317820531613744,0.635641063227488,0.341089734193128,0.797980219369514
0.326031860076572,0.652063720153144,0.336984069961714,0.787406452430021
0.324341433773096,0.648682867546193,0.337829283113452,0.789605268676024
0.299020529069024,0.598041058138048,0.350489735465488,0.821173446390562
0.320247969717467,0.640495939434935,0.339876015141266,0.79488247578368
0.314396155288984,0.628792310577968,0.342801922355508,0.80231011507901
0.307593999367076,0.615187998734151,0.346203000316462,0.810771863106735
0.277241134645161,0.554482269290321,0.36137943267742,0.846274706521328
0.252031785398436,0.504063570796872,0.373984107300782,0.872959958297753
0.218396861225569,0.436793722451138,0.390801569387215,0.904605622013639
0.22585966911006,0.45171933822012,0.38707016544497,0.897974819738989
0.219693231855892,0.439386463711784,0.390153384072054,0.903469767753427
0.222130521675898,0.444261043351797,0.388934739162051,0.901316062679986
0.215002661723647,0.430005323447294,0.392498669138177,0.907547710903494
0.231625688766701,0.463251377533403,0.384187155616649,0.892699080606702
0.199570145199721,0.399140290399443,0.400214927400139,0.920343514289924
0.187349361869762,0.374698723739524,0.406325319065119,0.929800433213986
0.198733901581621,0.397467803163242,0.40063304920919,0.921009672724293
0.179599176751521,0.359198353503042,0.410200411624239,0.935488271420352
0.191755938659695,0.38351187731939,0.404122030670153,0.926459319977479
0.196194001157997,0.392388002315993,0.401902999421002,0.923015827819232
0.189711424814816,0.379422849629632,0.405144287592592,0.928019150589465
0.207028018151031,0.414056036302062,0.396485990924484,0.914278799400913
0.210238500225863,0.420477000451726,0.394880749887069,0.91159954604556
0.205057374836738,0.410114749673476,0.397471312581631,0.915902946050131
0.219625049362917,0.439250098725835,0.390187475318541,0.903529675384672
0.233104419693216,0.466208839386431,0.383447790153392,0.891324659038978
0.20472610408113,0.40945220816226,0.397636947959435,0.916174444615524
0.215070794539398,0.430141589078797,0.392464602730301,0.907489106672384
0.206716634121878,0.413433268243756,0.396641682939061,0.914536466354643
0.210129285572346,0.420258571144691,0.394935357213827,0.911691366689711
0.182146875430446,0.364293750860891,0.408926562284777,0.933645031541852
0.189953271207111,0.379906542414221,0.405023364396445,0.927835509515436
0.198420420274867,0.396840840549734,0.400789789862566,0.92125867363589
0.191150007982891,0.382300015965782,0.404424996008555,0.926923348896281
0.178531848397626,0.357063696795251,0.410734075801187,0.936252758215454
0.183333931490367,0.366667862980734,0.408333034254817,0.932777339128571
0.185816463623492,0.371632927246983,0.407091768188254,0.930944483692919
0.186121545577155,0.37224309115431,0.406939227211423,0.930717540543942
0.167540937812445,0.335081875624889,0.416229531093778,0.943860068313853
0.16265838003318,0.32531676006636,0.41867080998341,0.947084502809963
0.160930716960605,0.321861433921209,0.419534641519698,0.948202608677092
0.170002695036389,0.340005390072777,0.414998652481806,0.942198167360729
0.152681323824723,0.305362647649446,0.423659338087638,0.95337682671026
0.165603027096085,0.331206054192171,0.417198486451957,0.945151274833226
0.128553273836444,0.257106547672888,0.435723363081778,0.966948111571864
0.143725458448482,0.287450916896963,0.428137270775759,0.958685985187548
0.182443072958434,0.364886145916869,0.408778463520783,0.933429050258967
0.194980889614899,0.389961779229798,0.40250955519255,0.923964905369965
0.21271344597845,0.4254268919569,0.393643277010775,0.909505979799946
0.201215348111447,0.402430696222895,0.399392325944276,0.919024767368778
0.215841151953834,0.431682303907668,0.392079424023083,0.906825194246484
0.226577555844362,0.453155111688724,0.386711222077819,0.89732522237519
0.216391630671171,0.432783261342341,0.391804184664415,0.906349324350943
0.229860009377386,0.459720018754771,0.385069995311307,0.894328752178056
0.207229989668839,0.414459979337678,0.396385005165581,0.914111462763706
0.196147715051922,0.392295430103844,0.401926142474039,0.92305214775982
0.196988160499957,0.393976320999914,0.401505919750022,0.922391329245686
0.20466552582031,0.40933105164062,0.397667237089845,0.916224045081392
0.188759058814414,0.377518117628828,0.405620470592793,0.928740035430993
0.192484962922277,0.384969925844554,0.403757518538862,0.92589907809762
0.198797458616012,0.397594917232024,0.400601270691994,0.92095914089563
0.195672300477657,0.391344600955314,0.402163849761172,0.923424701651563
0.211195545934188,0.422391091868377,0.394402227032906,0.91079288275512
0.233101913922414,0.466203827844828,0.383449043038793,0.891326995451415
0.235192406378848,0.470384812757695,0.382403796810576,0.889369063963454
0.220003635175088,0.440007270350175,0.389998182412456,0.903196801019494
0.216300682155764,0.432601364311528,0.391849658922118,0.906428029797902
0.248200693727636,0.496401387455273,0.375899653136182,0.87679283126624
0.226282522826461,0.452565045652922,0.386858738586769,0.897592439726584
0.204758583197532,0.409517166395064,0.397620708401234,0.916147845213879
0.205862496256458,0.411724992512916,0.397068751871771,0.915241265270119
0.212781229567834,0.425562459135668,0.393609385216083,0.909448296687201
0.205963417668643,0.411926835337287,0.397018291165678,0.915158141164504
0.197053467940387,0.394106935880775,0.401473266029806,0.922339861545334
0.201590871794695,0.403181743589389,0.399204564102653,0.91872224081811
0.188342292143242,0.376684584286484,0.405828853928379,0.929054361980459
0.178381513050447,0.356763026100894,0.410809243474777,0.936360071603666
0.169364976894151,0.338729953788302,0.415317511552925,0.942631009203288
0.177000812403466,0.354001624806932,0.411499593798267,0.937341424817026
0.170567046546593,0.341134093093186,0.414716476726703,0.941813765264745
0.171339946347097,0.342679892694194,0.414330026826451,0.941285245571548
0.173561002805496,0.347122005610992,0.413219498597252,0.939753156610301
0.209349613480781,0.418699226961562,0.39532519325961,0.912345478670895
0.186827339384889,0.373654678769778,0.406586330307555,0.930191090516727
0.200081555985808,0.400163111971616,0.399959222007096,0.919934741908596
0.170758818862485,0.341517637724969,0.414620590568758,0.941682851561378
0.146425970299248,0.292851940598496,0.426787014850376,0.957118870443848
0.134651575231896,0.269303150463791,0.432674212384052,0.963737906575138
0.121589162189036,0.243178324378072,0.439205418905482,0.970432151276337
0.125737986282375,0.251475972564751,0.437131006858812,0.968379917611306
0.140234026943016,0.280468053886031,0.429882986528492,0.960668835374691
0.141832598786439,0.283665197572879,0.42908370060678,0.95976702784297
0.14971275663015,0.2994255132603,0.425143621684925,0.955172181004403
0.142288038015492,0.284576076030983,0.428855980992254,0.959508228475404
0.147386873755879,0.294773747511758,0.426306563122061,0.956554218888937
0.156028891384069,0.312057782768138,0.421985554307966,0.951309970106917
0.16242752124644,0.32485504249288,0.41878623937678,0.947234600683474
0.167047179194423,0.334094358388846,0.416476410402789,0.944190479846373
0.176394005401028,0.352788010802057,0.411802997299486,0.937770309717164
0.146303477927704,0.292606955855407,0.426848261036148,0.957190584692516
0.160703839192529,0.321407678385059,0.419648080403735,0.948348552137563
0.165481450195754,0.330962900391507,0.417259274902123,0.945231779282221
0.186608871793229,0.373217743586457,0.406695564103386,0.930354257936117
0.169172743924426,0.338345487848852,0.415413628037787,0.942761165426161
0.171734195182158,0.343468390364316,0.414132902408921,0.941014732410273
0.156231462779666,0.312462925559333,0.421884268610167,0.951183460075452
0.148937645478706,0.297875290957411,0.425531177260647,0.955635155518519
0.147032482234782,0.294064964469564,0.426483758882609,0.956762898335757
0.139300709667045,0.278601419334091,0.430349645166477,0.961190624572515
0.131930815192437,0.263861630384874,0.434034592403782,0.965188520005318
0.131002026992886,0.262004053985772,0.434498986503557,0.96567693784751
0.118876014211883,0.237752028423767,0.440561992894058,0.971736986490192
0.162097842005334,0.324195684010668,0.418951078997333,0.947448579234428
0.164995505275345,0.329991010550689,0.417502247362328,0.945552966477868
0.161173400499764,0.322346800999529,0.419413299750118,0.948046269942685
0.13285392423071,0.26570784846142,0.433573037884645,0.964699669633001
0.112242279610707,0.224484559221413,0.443878860194647,0.974803341335584
0.115710543238667,0.231421086477335,0.442144728380666,0.973222140366825
0.125649122621496,0.251298245242993,0.437175438689252,0.968424595968896
0.113354717510008,0.226709435020016,0.443322641244996,0.974301416036453
0.132033087077236,0.264066174154472,0.433983456461382,0.96513452783371
0.0990394286282678,0.198078857256536,0.450480285685866,0.980382383153973
0.0669844389987063,0.133968877997413,0.466507780500647,0.991026169864057
0.0690633512021504,0.138126702404301,0.465468324398925,0.990460507041457
0.0698665386993206,0.139733077398641,0.46506673065034,0.990237333540353
0.0628335242727712,0.125667048545542,0.468583237863614,0.992103896454926
0.035333368180592,0.0706667363611841,0.482333315909704,0.997503106186029
0.0178695484960849,0.0357390969921698,0.491065225751958,0.999361358473092
0.0416426482406552,0.0832852964813105,0.479178675879672,0.99653177969501
-0.00621290437674391,-0.0124258087534878,0.503106452188372,0.999922799638411
0.0157319869113585,0.0314639738227171,0.492134006544321,0.999505009175642
0.0148230873118937,0.0296461746237875,0.492588456344053,0.999560552165088
0.0396097165739689,0.0792194331479379,0.480195141713016,0.99686214070586
0.0375942436091949,0.0751884872183898,0.481202878195403,0.997173345694905
0.0619743609903797,0.123948721980759,0.46901281950481,0.992318357159668
0.03532913567286,0.0706582713457199,0.48233543216357,0.997503704345217
0.0489540820500106,0.0979081641000213,0.475522958974995,0.995206995701282
0.0626096286502542,0.125219257300508,0.468695185674873,0.992160068800555
0.0340524764513687,0.0681049529027374,0.482973761774316,0.997680857695058
0.0485682736497639,0.0971365472995278,0.475715863175118,0.995282245589363
0.0475192561403469,0.0950385122806938,0.476240371929827,0.995483840591736
0.0579755303327807,0.115951060665561,0.47101223483361,0.993277675765266
0.0706884988872309,0.141376997774462,0.464655750556385,0.99000627225014
0.0604325260905873,0.120865052181175,0.469783736954706,0.992695819580621
0.0837330590558384,0.167466118111677,0.458133470472081,0.985977549642303
0.0506056239584866,0.101211247916973,0.474697188020757,0.994878141647545
0.0257699170395333,0.0515398340790666,0.487115041480233,0.998671822751551
0.013556502728326,0.0271130054566519,0.493221748635837,0.999632442467554
0.0190685730518416,0.0381371461036832,0.490465713474079,0.999272779043533
0.0192254411717448,0.0384508823434895,0.490387279414128,0.999260764823504
0.0244980553987805,0.0489961107975609,0.48775097230061,0.998799690563357
0.0329171428832389,0.0658342857664777,0.483541428558381,0.997832923408809
0.0425427899836147,0.0850855799672294,0.478728605008193,0.99638022204082
0.0233646996478406,0.0467293992956811,0.48831765017608,0.998908181620732
0.0323934374806283,0.0647868749612566,0.483803281259686,0.997901330416377
0.0351775153826008,0.0703550307652016,0.4824112423087,0.997525084823014
0.032462462835075,0.0649249256701499,0.483768768582463,0.997892377013363
0.068001239028818,0.136002478057636,0.465999380485591,0.990751662981091
0.0732432982468593,0.146486596493719,0.46337835087657,0.989270838523843
0.0615540395649717,0.123108079129943,0.469222980217514,0.992422200426468
0.07758000006086,0.15516000012172,0.46120999996957,0.987962687181114
0.0729289683570298,0.14585793671406,0.463535515821485,0.989362731148759
0.0660240033867818,0.132048006773564,0.466987998306609,0.991281661953564
0.0708007563127891,0.141601512625578,0.464599621843605,0.989974505811074
0.0631225694803906,0.126245138960781,0.468438715259805,0.992031082444387
0.062784414607857,0.125568829215714,0.468607792696072,0.992116234564697
0.0450365452029763,0.0900730904059527,0.477481727398512,0.995943419192361
0.0539263655075661,0.107852731015132,0.473036817246217,0.994183894206289
0.0617353346720551,0.12347066934411,0.469132332663972,0.992377496905859
0.0393670475052599,0.0787340950105197,0.48031647624737,0.996900471141437
0.029020522424693,0.058041044849386,0.485489738787654,0.998315618556396
0.0235405177445783,0.0470810354891566,0.488229741127711,0.998891688048634
0.0198145476962518,0.0396290953925037,0.490092726151874,0.999214767399186
0.0277656023974149,0.0555312047948297,0.486117198801293,0.998458142647017
0.0348293123843767,0.0696586247687534,0.482585343807812,0.997573837997663
0.0270277779835194,0.0540555559670387,0.48648611100824,0.998538998434547
0.0342476753134747,0.0684953506269494,0.482876162343263,0.997654193471246
0.0344326650794486,0.0688653301588971,0.482783667460276,0.997628783151053
0.0487360660015159,0.0974721320030319,0.475631966999242,0.995249591741392
0.0517749911303535,0.103549982260707,0.474112504434823,0.994638700586904
0.053188046726938,0.106376093453876,0.473405976636531,0.994342063370746
0.0478548235702686,0.0957096471405372,0.476072588214866,0.995419831722117
0.0380933860134153,0.0761867720268306,0.480953306993292,0.997097787884066
0.0239280092990491,0.0478560185980982,0.488035995350475,0.998854900741969
0.0052549211904299,0.0105098423808598,0.497372539404785,0.999944771606565
-0.00592695428771315,-0.0118539085754263,0.502963477143857,0.999929742425743
-8.01459192304099e-05,-0.00016029183846082,0.500040072959615,0.999999987153263
0.0127755752896787,0.0255511505793575,0.493612212355161,0.999673569352036
0.0246229767296428,0.0492459534592856,0.487688511635179,0.998787418033943
0.0090047759106091,0.0180095518212182,0.495497612044695,0.999837828021599
0.00480204978119345,0.0096040995623869,0.497598975109403,0.999953880635798
8.05333464787752e-05,0.00016106669295755,0.499959733326761,0.99999998702876
0.0166101346986073,0.0332202693972146,0.491694932650696,0.999448206850588
0.0115966872204423,0.0231933744408845,0.494201656389779,0.999731033691022
0.0161703188735885,0.032340637747177,0.491914840563206,0.999477041575053
-0.00783981561774932,-0.0156796312354986,0.503919907808875,0.999877074582159
-0.0161172446208008,-0.0322344892416016,0.5080586223104,0.999480468851667
-0.00156443081608236,-0.00312886163216473,0.500782215408041,0.999995105112443
0.0269690506365058,0.0539381012730115,0.486515474681747,0.998545340615531
0.0268886010212594,0.0537772020425187,0.48655569948937,0.998554006270239
0.0278881003489961,0.0557762006979922,0.486055949825502,0.998444507717849
0.0282760007753113,0.0565520015506225,0.485861999612344,0.998400935560309
-0.000811126289223522,-0.00162225257844704,0.500405563144612,0.999998684148286
-0.0175293210294802,-0.0350586420589604,0.50876466051474,0.999385445808491
-0.019602079990631,-0.039204159981262,0.509801039995315,0.999231516920082
-0.00176075814623387,-0.00352151629246775,0.500880379073117,0.999993799461501
-0.00418138917616368,-0.00836277835232736,0.502090694588082,0.999965031969115
-0.00158419579727693,-0.00316839159455385,0.500792097898638,0.999994980647352
-0.0130230452550483,-0.0260460905100966,0.506511522627524,0.99966080058457
-0.0102844415658457,-0.0205688831316914,0.505142220782923,0.999788460523357
-0.0448544514321242,-0.0897089028642484,0.522427225716062,0.995976156373446
-0.0103857021615618,-0.0207714043231235,0.505192851080781,0.999784274381223
0.00601335425685767,0.0120267085137153,0.496993322871571,0.999927679141163
0.00930657385325074,0.0186131477065015,0.495346713073375,0.999826775366228
0.0115658090269855,0.023131618053971,0.494217095486507,0.999732464123103
-0.0025358744422203,-0.00507174888444061,0.50126793722111,0.999987138681627
-0.0145947654073679,-0.0291895308147357,0.507297382703684,0.999573985645408
-0.0292578381841135,-0.058515676368227,0.514628919092057,0.998287957809584
-0.000593058220323742,-0.00118611644064748,0.500296529110162,0.999999296563895
0.00837141883953951,0.016742837679079,0.49581429058023,0.999859838693226
-0.000411921669278184,-0.000823843338556368,0.500205960834639,0.999999660641077
-0.00883544089514816,-0.0176708817902963,0.504417720447574,0.999843869968377
-0.0140476491976525,-0.0280952983953051,0.507023824598826,0.999605327104039
-0.0177583939208993,-0.0355167878417986,0.50887919696045,0.9993692788907
-0.0229446508584429,-0.0458893017168858,0.511472325429221,0.998947085993968
-0.0320132201752023,-0.0640264403504046,0.516006610087601,0.997950307468028
-0.0517140080366026,-0.103428016073205,0.525857004018301,0.99465132274558
-0.0605060928658245,-0.121012185731649,0.530253046432912,0.992678025452224
-0.055610944723837,-0.111221889447674,0.527805472361918,0.993814845653845
-0.0612630891111687,-0.122526178222337,0.530631544555584,0.992493667825114
-0.0598264775155625,-0.119652955031125,0.529913238757781,0.99284158517616
-0.0137537687416254,-0.0275075374832508,0.506876884370813,0.999621667690804
-0.0127995706579082,-0.0255991413158163,0.506399785328954,0.999672341981946
-0.030237330344837,-0.060474660689674,0.515118665172419,0.998171407707234
-0.0075959482850783,-0.0151918965701566,0.503797974142539,0.999884603139301
0.00188870648890609,0.00377741297781219,0.499055646755547,0.999992865575598
0.0307654803843783,0.0615309607687567,0.484617259807811,0.998106970433437
0.0228900083618897,0.0457800167237795,0.488554995819055,0.998952095034385
0.0240715862993976,0.0481431725987952,0.487964206850301,0.998841117466061
0.00535037483399702,0.010700749667994,0.497324812583001,0.999942746978271
-0.0336254799033157,-0.0672509598066314,0.516812739951658,0.997738654202543
-0.0180915762503191,-0.0361831525006382,0.50904578812516,0.999345389737558
-0.0228720514700996,-0.0457441029401992,0.51143602573505,0.998953738523098
-0.00982328638659108,-0.0196465727731822,0.504911643193296,0.999807006089134
-0.00598762250532459,-0.0119752450106492,0.502993811252662,0.999928296753468
-0.0202812456423556,-0.0405624912847112,0.510140622821178,0.999177342150389
-0.00638498775937189,-0.0127699755187438,0.503192493879686,0.999918463862625
0.0129558466728466,0.0259116933456933,0.493522076663577,0.999664292073979
0.0202032409306478,0.0404064818612957,0.489898379534676,0.999183658111796
0.00786257382684,0.01572514765368,0.49606871308658,0.999876359865635
0.00505393608978216,0.0101078721795643,0.497473031955109,0.999948915460001
0.0102279990403446,0.0204559980806892,0.494886000479828,0.999790776071261
0.0185614791260341,0.0371229582520683,0.490719260436983,0.999310942985308
0.0186276315709329,0.0372552631418658,0.490686184214534,0.999306022684115
0.0406686034479306,0.0813372068958612,0.479665698276035,0.99669212938719
0.0340871654458865,0.068174330891773,0.482956417277057,0.997676130303729
0.0383144476565257,0.0766288953130515,0.480842776171737,0.997064006201551
0.080384374546955,0.16076874909391,0.459807812726522,0.98707670465739
0.0875874801237927,0.175174960247585,0.456206259938104,0.984656866651129
0.10307114897937,0.206142297958741,0.448464425510315,0.978752676496145
0.111041870054216,0.222083740108432,0.444479064972892,0.975339406189725
0.108019951743028,0.216039903486056,0.445990024128486,0.976663380050868
0.0931013245053477,0.186202649010695,0.453449337747326,0.9826642867507
0.0856662212959162,0.171332442591832,0.457166889352042,0.985322597057758
0.100424144026108,0.200848288052216,0.449787927986946,0.979829982593247
0.127708105617877,0.255416211235754,0.436145947191061,0.967381279518986
0.119087357622012,0.238174715244023,0.440456321188994,0.971636402509214
0.112905579999308,0.225811159998615,0.443547210000346,0.97450466001004
0.117018938419755,0.234037876839511,0.441490530790122,0.972613136102227
0.136581736731029,0.273163473462059,0.431709131634485,0.962690858383071
0.134386561394645,0.26877312278929,0.432806719302677,0.963880504233047
0.160360234998413,0.320720469996826,0.419819882500793,0.948569190062508
0.160325406948024,0.320650813896049,0.419837296525988,0.948591527773901
0.177199742299647,0.354399484599293,0.411400128850177,0.937200502657878
0.196364629236529,0.392729258473059,0.401817685381735,0.922881864769601
0.195455447996777,0.390910895993554,0.402272276001612,0.923594335696758
0.212873107579367,0.425746215158734,0.393563446210316,0.909370080139006
0.2279829905199,0.4559659810398,0.38600850474005,0.896047512067206
0.24509058477111,0.49018116954222,0.377454707614445,0.879861210513111
0.24207987752677,0.48415975505354,0.378960061236615,0.882794665793248
0.225160939765504,0.450321879531008,0.387419530117248,0.89860510240783
0.234712717806314,0.469425435612628,0.382643641096843,0.889819880199947
0.216793896031616,0.433587792063232,0.391603051984192,0.906000813286866
0.212825814212923,0.425651628425846,0.393587092893538,0.909410345609213
0.217449446109268,0.434898892218537,0.391275276945366,0.905431476773545
0.225545321653906,0.451090643307811,0.387227339173047,0.898258615760072
0.220434294956953,0.440868589913906,0.389782852521524,0.902817443213662
0.19196296359585,0.3839259271917,0.404018518202075,0.926300441214997
0.191878079702271,0.383756159404542,0.404060960148864,0.926365605059538
0.213290100539264,0.426580201078529,0.393354949730368,0.909014666023901
0.212633659855794,0.425267319711589,0.393683170072103,0.909573853392661
0.233089765424536,0.466179530849072,0.383455117287732,0.89133832250867
0.276793334102601,0.553586668205202,0.3616033329487,0.846770900392732
0.240084569495736,0.480169138991473,0.379957715252132,0.884718798980094
0.233932276316989,0.467864552633979,0.383033861841505,0.890551380194303
0.229790839039377,0.459581678078755,0.385104580480311,0.894392340587158
0.235383366689043,0.470766733378086,0.382308316655479,0.889189341372263
0.231547419700905,0.46309483940181,0.384226290149548,0.892771584859706
0.22478531833842,0.449570636676839,0.38760734083079,0.898943121318991
0.223396953267117,0.446793906534235,0.388301523366441,0.900187602541939
0.199316770506859,0.398633541013719,0.40034161474657,0.920545649989432
0.209300461231235,0.41860092246247,0.395349769384382,0.912386633856784
0.193820688070548,0.387641376141095,0.403089655964726,0.924867081751719
0.231038248901818,0.462076497803635,0.384480875549091,0.893242655088763
0.219487571506077,0.438975143012155,0.390256214246961,0.903650411908729
0.23522345370322,0.470446907406439,0.38238827314839,0.889339853655859
0.224695016597532,0.449390033195064,0.387652491701234,0.899024299032469
0.235531199057492,0.471062398114984,0.382234400471254,0.88905010854108
0.228109829878869,0.456219659757737,0.385945085060566,0.895931811025267
0.225064594369541,0.450129188739082,0.38746770281523,0.898691856722548
0.22384291251602,0.447685825032041,0.38807854374199,0.89978870103269
0.245844093815065,0.491688187630131,0.377077953092467,0.879121363072499
0.238282836391998,0.476565672783996,0.380858581804001,0.886442579761968
0.22070331106951,0.441406622139019,0.389648344465245,0.90258009696591
0.223595649509089,0.447191299018178,0.388202175245456,0.900009971041217
0.237874548238367,0.475749096476733,0.381062725880817,0.886831398600786
0.211119480289228,0.422238960578456,0.394440259855386,0.910857130084813
0.235207743686308,0.470415487372615,0.382396128156846,0.889354634619992
0.237784380574415,0.47556876114883,0.381107809712793,0.886917176709684
0.264219009120667,0.528438018241334,0.367890495439667,0.860376630438586
0.29039787017447,0.580795740348939,0.354801064912765,0.831338153996264
0.305979411442262,0.611958822884524,0.347010294278869,0.812753199546894
0.314912555593039,0.629825111186078,0.342543722203481,0.801660164659722
0.351868722790927,0.703737445581855,0.324065638604536,0.752376803842963
0.348910921236517,0.697821842473033,0.325544539381742,0.756522338083771
0.34138503783405,0.682770075668101,0.329307481082975,0.766912511886088
0.308950019999623,0.617900039999247,0.345524990000188,0.809099770284465
0.297636026057349,0.595272052114698,0.351181986971325,0.822825591985578
0.307263782428212,0.614527564856424,0.346368108785894,0.811177936015817
0.284905833603308,0.569811667206616,0.357547083198346,0.837657331957609
0.290889172435616,0.581778344871231,0.354555413782192,0.830766978719445
0.319579379093937,0.639158758187874,0.340210310453031,0.795738040915867
0.33917400773656,0.678348015473121,0.33041299613172,0.769921984951839
0.337959035747444,0.675918071494888,0.331020482126278,0.771567380313315
0.313261593103613,0.626523186207226,0.343369203448193,0.803734348572373
0.290954413383611,0.581908826767223,0.354522793308194,0.830691058665197
0.277299115591952,0.554598231183905,0.361350442204024,0.846210400983842
0.297777590750295,0.59555518150059,0.351111204624853,0.8226570128939
0.306795823780957,0.613591647561915,0.346602088109521,0.811752645021127
0.292397765991584,0.584795531983168,0.353801117004208,0.829007092886262
0.278177646671861,0.556355293343721,0.36091117666407,0.845234393784211
0.261191630691532,0.522383261383064,0.369404184654234,0.863557864113397
0.237051931664607,0.474103863329213,0.381474034167697,0.887612763388157
0.261324080490442,0.522648160980885,0.369337959754779,0.863419449911649
0.271236119942989,0.542472239885978,0.364381940028506,0.852861934476545
0.267442879474174,0.534885758948348,0.366278560262913,0.856948612437125
0.272102822974263,0.544205645948527,0.363948588512868,0.851920107458873
0.29041199464432,0.580823989288639,0.35479400267784,0.831321746733415
0.298670444313978,0.597340888627956,0.350664777843011,0.821591931386582
0.280858123227064,0.561716246454127,0.359570938386468,0.842237429234743
0.260246454563075,0.52049290912615,0.369876772718463,0.864543565774699
0.281480668112031,0.562961336224063,0.359259665943984,0.841537266958409
0.28410215798361,0.56820431596722,0.357948921008195,0.838571927658112
0.267092997172474,0.534185994344949,0.366453501413763,0.857322661722849
0.287186686035284,0.574373372070568,0.356406656982358,0.835047614728142
0.271330941847393,0.542661883694786,0.364334529076303,0.852759039992413
0.266148124631151,0.532296249262302,0.366925937684424,0.858330351510643
0.260075740800559,0.520151481601118,0.36996212959972,0.864721218094081
0.238611178659847,0.477222357319693,0.380694410670077,0.886129410837117
0.223766627392162,0.447533254784325,0.388116686303919,0.899856992931074
0.226754019896354,0.453508039792708,0.386622990051823,0.897165228921688
0.243101852447636,0.486203704895272,0.378449073776182,0.881802978673056
0.247600826892219,0.495201653784438,0.37619958655389,0.877387661044579
0.248364309679576,0.496728619359152,0.375817845160212,0.876630339354775
0.269790538395405,0.53958107679081,0.365104730802298,0.854426130784635
0.255731891805324,0.511463783610648,0.372134054097338,0.86920239902734
0.286892621102561,0.573785242205122,0.35655368944872,0.835385247913805
0.291198438565451,0.582396877130901,0.354400780717275,0.830406938754087
0.267988708257751,0.535977416515501,0.366005645871125,0.856364104492685
0.241887530144905,0.483775060289809,0.379056234927548,0.882980845520796
0.240768863695098,0.481537727390197,0.379615568152451,0.884060708549942
0.241705098655204,0.483410197310408,0.379147450672398,0.883157290568156
0.23913499090341,0.478269981806819,0.380432504548295,0.885628912251252
0.249889097603442,0.499778195206883,0.375055451198279,0.875110877797875
0.251187450019249,0.502374900038498,0.374406274990375,0.873809729905655
0.263729460753684,0.527458921507369,0.368135269623158,0.860893543061142
0.25510585962342,0.510211719246839,0.37244707018829,0.869842000771592
0.246811503803977,0.493623007607953,0.376594248098012,0.878168163180039
0.263248884548715,0.526497769097429,0.368375557725643,0.861400049567715
0.253796878804187,0.507593757608373,0.373101560597907,0.871174288618506
0.266806748956026,0.533613497912052,0.366596625521987,0.857628317423032
0.280858816682784,0.561717633365569,0.359570591658608,0.842236650183092
0.258151642144708,0.516303284289416,0.370924178927646,0.866715459315981
0.27554251677185,0.551085033543701,0.362228741614075,0.848152642902069
0.27140116553872,0.542802331077439,0.36429941723064,0.852682814688449
0.270824122430438,0.541648244860877,0.364587938784781,0.853308589419566
0.286224750784833,0.572449501569666,0.356887624607583,0.83615078407632
0.288918154961212,0.577836309922424,0.355540922519394,0.833052599467618
0.299355985754013,0.598711971508026,0.350322007122993,0.820771987586486
0.295835019845551,0.591670039691102,0.352082490077225,0.824963282065965
0.287099288474027,0.574198576948055,0.356450355762986,0.835147997115414
0.295211291891716,0.590422583783432,0.352394354054142,0.825700586279248
0.326116288661213,0.652232577322427,0.336941855669393,0.787296332539672
0.332411270112002,0.664822540224004,0.333794364943999,0.779005495005051
0.326414260152402,0.652828520304804,0.336792869923799,0.78690746153832
0.304102144654347,0.608204289308695,0.347948927672826,0.815043771233253
0.322259962987885,0.64451992597577,0.338870018506058,0.792297032510094
0.301611008892641,0.603222017785282,0.349194495553679,0.818061598629526
0.308210042071655,0.61642008414331,0.345894978964173,0.810013139932378
0.30410053976325,0.6082010795265,0.347949730118375,0.8150457234314
0.318224258659368,0.636448517318736,0.340887870670316,0.797466642401391
0.304863465786972,0.609726931573945,0.347568267106514,0.814116534456711
0.310069039620435,0.62013807924087,0.344965480189783,0.807714381337722
0.317908339811754,0.635816679623508,0.341045830094123,0.797868574956269
0.311377822952195,0.622755645904391,0.344311088523902,0.806087702747103
0.323909376414341,0.647818752828681,0.33804531179283,0.790165431741746
0.300890172786301,0.601780345572602,0.34955491360685,0.81893020784126
0.299465929108771,0.598931858217543,0.350267035445614,0.820640314606041
0.29969691085622,0.59939382171244,0.35015154457189,0.820363523246478
0.292374789868255,0.584749579736509,0.353812605065873,0.829033964498988
0.298564388834117,0.597128777668234,0.350717805582942,0.82171861144022
0.303194056732692,0.606388113465384,0.348402971633654,0.816146727923946
0.316229700619561,0.632459401239122,0.341885149690219,0.799997552892125
0.282310442001149,0.564620884002298,0.358844778999426,0.840601628674232
0.258650253824446,0.517300507648892,0.370674873087777,0.866200092393099
0.246810748008742,0.493621496017484,0.376594625995629,0.87816890933473
0.230398581875509,0.460797163751018,0.384800709062246,0.893832986939509
0.249480611184304,0.498961222368607,0.375259694407848,0.875518849286213
0.216139256011928,0.432278512023857,0.391930371994036,0.90656764402122
0.188093855114351,0.376187710228703,0.405953072442824,0.929241403336443
0.211093983348712,0.422187966697424,0.394453008325644,0.910878660387948
0.212769439591418,0.425538879182836,0.393615280204291,0.909458331151908
0.208402990337822,0.416805980675644,0.395798504831089,0.913136387236507
0.188374393119115,0.37674878623823,0.405812803440443,0.92903017603401
0.201908520148208,0.403817040296416,0.399045739925896,0.918465898983121
0.210840105209705,0.421680210419409,0.394579947395148,0.911092900070321
0.206199600831025,0.41239920166205,0.396900199584488,0.914963449234252
0.227437998556288,0.454875997112576,0.386281000721856,0.89654391362542
0.228940394619714,0.457880789239428,0.385529802690143,0.895172591422739
0.21553501506772,0.43107003013544,0.39223249246614,0.907089314559515
0.228067032803382,0.456134065606764,0.385966483598309,0.895970857096522
0.203136376837719,0.406272753675437,0.398431811581141,0.917471224810489
0.202639463792055,0.405278927584111,0.398680268103972,0.917874495428137
0.187649054426759,0.375298108853519,0.40617547278662,0.929575664745486
0.209138256540678,0.418276513081356,0.395430871729661,0.912522379302251
0.189412010534682,0.378824021069363,0.405293994732659,0.928246180530419
0.186563830785181,0.373127661570363,0.406718084607409,0.930387874085516
0.161299095822097,0.322598191644194,0.419350452088952,0.947965203373948
0.137038138698364,0.274076277396729,0.431480930650818,0.962441097084176
0.139524611878298,0.279049223756595,0.430237694060851,0.961065765360421
0.143194202087825,0.286388404175651,0.428402898956087,0.958990840976862
0.160809548543474,0.321619097086949,0.419595225728263,0.948280578194488
0.17278872617253,0.34557745234506,0.413605636913735,0.940288112215349
0.148978244488831,0.297956488977662,0.425510877755584,0.955610965338052
0.164473178738585,0.328946357477169,0.417763410630708,0.945897146951251
0.185285972259406,0.370571944518813,0.407357013870297,0.931338216967773
0.178703966373892,0.357407932747783,0.410648016813054,0.936129784804478
0.187024879986958,0.374049759973916,0.406487560006521,0.930043388531728
0.207127707397395,0.41425541479479,0.396436146301303,0.914196225656598
0.197697851250733,0.395395702501466,0.401151074374634,0.921831119221686
0.173907855424397,0.347815710848795,0.413046072287801,0.939512115643374
0.149806859168729,0.299613718337457,0.425096570415636,0.955115809892001
0.143071150113859,0.286142300227718,0.42846442494307,0.959061292010195
0.141970095886812,0.283940191773624,0.429014952056594,0.959688983747779
0.154043089830242,0.308086179660484,0.422978455084879,0.952541452951104
0.152334538428081,0.304669076856162,0.42383273078596,0.953588376803807
0.1383090402221,0.2766180804442,0.43084547988895,0.961741218785683
0.148644555051698,0.297289110103396,0.425677722474151,0.955809592506965
0.128528245353456,0.257056490706912,0.435735877323272,0.966960980292724
0.141887051557239,0.283774103114478,0.42905647422138,0.959736129200787
0.156807809442689,0.313615618885379,0.421596095278655,0.95082262179557
0.137883622577266,0.275767245154531,0.431058188711367,0.96197621324994
0.135674609838604,0.271349219677208,0.432162695080698,0.963184800490285
0.143863252253454,0.287726504506907,0.428068373873273,0.958606729302118
0.142623852425817,0.285247704851633,0.428688073787092,0.959316873438438
0.121185649188315,0.24237129837663,0.439407175405843,0.970628076861613
0.121209288722863,0.242418577445727,0.439395355638568,0.970616616654595
0.0906074295794296,0.181214859158859,0.454696285210285,0.983580587410017
0.082245304417837,0.164490608835674,0.458877347791081,0.986471419802435
0.101175149950971,0.202350299901941,0.449412425024515,0.979527178064797
0.102150797348674,0.204301594697349,0.448924601325663,0.97913042920206
0.101855786470398,0.203711572940796,0.449072106764801,0.979250797524993
0.108483308486382,0.216966616972764,0.445758345756809,0.976462743559697
0.0859886848334479,0.171977369666896,0.457005657583276,0.985211892161228
0.0788178017289277,0.157635603457855,0.460591099135536,0.987575508261239
0.0779536299232914,0.155907259846583,0.461023185038354,0.987846463163565
0.0910283987525949,0.18205679750519,0.454485800623703,0.983427661241077
0.090075122769498,0.180150245538996,0.454962438615251,0.98377294451612
0.0759312159368852,0.15186243187377,0.462034392031557,0.988468900892692
0.0913840301900951,0.18276806038019,0.454307984904952,0.983297918052432
0.0706606586693503,0.141321317338701,0.464669670665325,0.990014142632827
0.0624442278908369,0.124888455781674,0.468777886054582,0.992201436806235
0.0610055969929414,0.122011193985883,0.469497201503529,0.99255663427107
0.0453430620177671,0.0906861240355342,0.477328468991116,0.995888013453706
0.0343851979461045,0.0687703958922091,0.482807401026948,0.997635316324414
0.0592429060049566,0.118485812009913,0.470378546997522,0.992980556176176
0.0547855331180944,0.109571066236189,0.472607233440953,0.993997090721932
0.0658328547612891,0.131665709522578,0.467083572619355,0.991332070467958
0.04776251850698,0.09552503701396,0.47611874074651,0.995437483651741
0.0522283272534667,0.104456654506933,0.473885836373267,0.99454440366461
0.0653333199254953,0.130666639850991,0.467333340037252,0.991463114615026
0.0648038685860084,0.129607737172017,0.467598065706996,0.991600917232575
0.0520690225883542,0.104138045176708,0.473965488705823,0.994577633773387
0.0612885052898906,0.122577010579781,0.469355747355055,0.992487438238662
0.0550193645460164,0.110038729092033,0.472490317726992,0.993945739049905
0.0720454230571842,0.144090846114368,0.463977288471408,0.989618914033023
0.0485910938810294,0.0971821877620589,0.475704453059485,0.99527781119089
0.070865950898671,0.141731901797342,0.464567024550665,0.989956034006454
0.0815923180454846,0.163184636090969,0.459203840977258,0.986685387271929
0.103413869346647,0.206827738693293,0.448293065326677,0.978611143253509
0.0587399635471275,0.117479927094255,0.470630018226436,0.993099233364964
0.03743086104182,0.0748617220836399,0.48128456947909,0.997197861283336
0.0634105003061842,0.126821000612368,0.468294749846908,0.991958216901839
0.0623794864130226,0.124758972826045,0.468810256793489,0.992217599349695
0.0358582932831478,0.0717165865662956,0.482070853358426,0.99742836560564
0.0435929226455394,0.0871858452910788,0.47820353867723,0.99619931419044
0.0275930021934412,0.0551860043868824,0.486203498903279,0.998477252459905
-0.000309247365771693,-0.000618494731543386,0.500154623682886,0.999999808732134
-0.0104273794301922,-0.0208547588603845,0.505213689715096,0.999782539516438
-0.0222267134290235,-0.0444534268580469,0.511113356714512,0.999011946420288
0.01516554940484,0.03033109880968,0.49241722529758,0.999540012222499
0.00386622114329333,0.00773244228658667,0.498066889428353,0.999970104668142
0.00194992308892613,0.00389984617785227,0.499025038455537,0.999992395599895
-0.00877068176384446,-0.0175413635276889,0.504385340881922,0.999846150282795
-0.033467123805299,-0.066934247610598,0.51673356190265,0.997759903248402
-0.0218393837468372,-0.0436787674936745,0.510919691873419,0.999046082635117
-0.0413897957318519,-0.0827795914637038,0.520694897865926,0.996573769618551
-0.0387600956957164,-0.0775201913914328,0.519380047847858,0.996995309963318
-0.0603162037638323,-0.120632407527665,0.530158101881916,0.99272391112704
-0.0396795340350283,-0.0793590680700566,0.519839767017514,0.996851069157526
-0.0162713092031432,-0.0325426184062864,0.508135654601572,0.999470488993631
-0.0209155595509486,-0.0418311191018972,0.510457779775474,0.999125078737341
-0.0396023080685967,-0.0792046161371934,0.519801154034298,0.99686331439128
-0.0459405575996462,-0.0918811151992924,0.522970278799823,0.995778930334867
-0.0744446747910949,-0.14888934958219,0.537222337395547,0.988915980790496
-0.0641203794595686,-0.128240758919137,0.532060189729784,0.991777153875922
-0.0830363519372529,-0.166072703874506,0.541518175968627,0.986209928513905
-0.116903448884241,-0.233806897768481,0.55845172444212,0.972667167277939
-0.100307035078725,-0.20061407015745,0.550153517539362,0.979876997427431
-0.0863270841250534,-0.172654168250107,0.543163542062527,0.985095269092932
-0.113349569929932,-0.226699139859864,0.556674784964966,0.974303749993399
-0.102018972625267,-0.204037945250534,0.551009486312633,0.97918425844897
-0.0952928467515256,-0.190585693503051,0.547646423375763,0.98183854671598
-0.0820273817178399,-0.16405476343568,0.54101369085892,0.986543017297032
-0.0900075989405978,-0.180015197881196,0.545003799470299,0.983797264265897
-0.0800866981123381,-0.160173396224676,0.540043349056169,0.987172241570926
-0.0731655061813606,-0.146331012362721,0.53658275309068,0.989293617410451
-0.0625478620225918,-0.125095724045184,0.531273931011296,0.992175529912806
-0.056037623955849,-0.112075247911698,0.528018811977924,0.993719569402766
-0.0499148215774159,-0.0998296431548319,0.524957410788708,0.995017021173789
-0.0673932517612228,-0.134786503522446,0.533696625880611,0.990916299234097
-0.0662067110201644,-0.132413422040329,0.533103355510082,0.991233342831785
-0.0688262012068622,-0.137652402413724,0.534413100603431,0.990525908054865
-0.0760108882706333,-0.152021776541267,0.538005444135317,0.988444689728619
-0.0451437680651908,-0.0902875361303815,0.522571884032595,0.995924080409753
-0.0612039114293132,-0.122407822858626,0.530601955714657,0.992508162451506
-0.0782675603109816,-0.156535120621963,0.539133780155491,0.987748378005934
-0.10233598893231,-0.204671977864619,0.551167994466155,0.979054690738492
-0.0830936440448749,-0.16618728808975,0.541546822022437,0.986190892638687
-0.0927560739854778,-0.185512147970956,0.546378036992739,0.982792621477601
-0.0858430615272294,-0.171686123054459,0.542921530763615,0.985261937575265
-0.10040500936248,-0.20081001872496,0.55020250468124,0.979837668189841
-0.130437545540301,-0.260875091080601,0.56521877277015,0.965972093426844
-0.126647445920168,-0.253294891840337,0.563323722960084,0.967920848883796
-0.115351583016822,-0.230703166033643,0.557675791508411,0.973388024591027
-0.129766928086709,-0.259533856173418,0.564883464043355,0.966321088749878
-0.111718967015974,-0.223437934031948,0.555859483507987,0.975037744817767
-0.0884099344739543,-0.176819868947909,0.544204967236977,0.984367366972622
-0.0905192072832384,-0.181038414566477,0.545259603641619,0.983612546225628
-0.0753098525308236,-0.150619705061647,0.537654926265412,0.988656852223571
-0.0697296350469547,-0.139459270093909,0.534864817523477,0.990275555992437
-0.0591569480982558,-0.118313896196512,0.529578474049128,0.993000910983401
-0.0723928119713971,-0.144785623942794,0.536196405985699,0.989518561549748
-0.0954840718176645,-0.190968143635329,0.547742035908832,0.981765584058238
-0.120761481498407,-0.241522962996815,0.560380740749204,0.97083332917262
-0.150623711985885,-0.301247423971771,0.575311855992943,0.954624994775186
-0.169557077214879,-0.339114154429758,0.584778538607439,0.942500795132695
-0.184991350375948,-0.369982700751895,0.592495675187974,0.931556400572167
-0.183810154533178,-0.367620309066357,0.591905077266589,0.932427654180978
-0.191557861011681,-0.383115722023363,0.595778930505841,0.926611171769259
-0.194506069916136,-0.389012139832272,0.597253034958068,0.924334777531558
-0.193356436110931,-0.386712872221863,0.596678218055466,0.925226577228959
-0.194262799907873,-0.388525599815745,0.597131399953936,0.924523929143908
-0.220179781733024,-0.440359563466048,0.610089890866512,0.903041727431996
-0.241063908417551,-0.482127816835102,0.620531954208775,0.883776384116909
-0.239885489038296,-0.479770978076592,0.619942744519148,0.884909904297715
-0.246102691751239,-0.492205383502477,0.623051345875619,0.87886693022559
-0.245205045841289,-0.490410091682577,0.622602522920644,0.879748970987943
-0.232106742486442,-0.464213484972885,0.616053371243221,0.892252920184665
-0.22621803589818,-0.45243607179636,0.61310901794909,0.897650800468739
-0.224751253515281,-0.449502507030562,0.612375626757641,0.89897374808662
-0.221752195079286,-0.443504390158571,0.610876097539643,0.901651927955037
-0.204779444259005,-0.409558888518009,0.602389722129502,0.916130758417946
-0.212191112250057,-0.424382224500114,0.606095556125029,0.909949863764167
-0.233071168305743,-0.466142336611487,0.616535584152872,0.891355661009192
-0.24862033771227,-0.497240675424541,0.624310168856135,0.876375855351673
-0.252733145545764,-0.505466291091529,0.626366572772882,0.872251914285087
-0.246089495566325,-0.49217899113265,0.623044747783163,0.878879920343823
-0.252955178702851,-0.505910357405702,0.626477589351426,0.872027355134817
-0.257982077484565,-0.51596415496913,0.628991038742283,0.866890495393496
-0.260656264866159,-0.521312529732318,0.63032813243308,0.864116623172045
-0.246128573075548,-0.492257146151097,0.623064286537774,0.878841451031589
-0.274851015016739,-0.549702030033479,0.63742550750837,0.848913839088536
-0.277760060499313,-0.555520120998625,0.638880030249656,0.845698697582836
-0.287890763223675,-0.57578152644735,0.643945381611838,0.83423781690098
-0.297782158369966,-0.595564316739933,0.648891079184983,0.822651572313049
-0.275000537976203,-0.550001075952406,0.637500268988102,0.848749408225598
-0.268256453509343,-0.536512907018687,0.634128226754672,0.856076950301179
-0.286650420598087,-0.573300841196174,0.643325210299044,0.83566307274188
-0.314345139197663,-0.628690278395326,0.657172569598832,0.802374266925604
-0.304883132746628,-0.609766265493256,0.652441566373314,0.814092550733204
-0.30351707411317,-0.60703414822634,0.651758537056585,0.815754771443561
-0.327313052208447,-0.654626104416895,0.663656526104224,0.785732331707981
-0.327790623435902,-0.655581246871804,0.663895311717951,0.785106614375006
-0.362803079844278,-0.725606159688557,0.681401539922139,0.736747850511012
-0.3705288209998,-0.741057641999599,0.6852644104999,0.725416785616997
-0.380370110891593,-0.760740221783186,0.690185055445796,0.710637157480635
-0.36315415173733,-0.72630830347466,0.681577075868665,0.736238124151881
-0.345754666303576,-0.691509332607152,0.672877333151788,0.760907421458606
-0.357045347253389,-0.714090694506778,0.678522673626694,0.745037240009414
-0.344898819916528,-0.689797639833055,0.672449409958264,0.762089608040373
-0.33338333152053,-0.666766663041061,0.666691665760265,0.777711108528544
-0.350651979951998,-0.701303959903995,0.675325989975999,0.754086377911488
-0.349294228005677,-0.698588456011354,0.674647114002838,0.755987084563836
-0.364527570697474,-0.729055141394948,0.682263785348737,0.734239300402796
-0.365281676097989,-0.730563352195977,0.682640838048994,0.733138594214088
-0.352433284632227,-0.704866569264453,0.676216642316113,0.75158155976668
-0.369739189799276,-0.739478379598552,0.684869594899638,0.72658586305315
-0.39058714587103,-0.781174291742059,0.695293572935515,0.694883362960646
-0.40480774927523,-0.80961549855046,0.702403874637615,0.672261372253445
-0.382506660717291,-0.765013321434583,0.691253330358646,0.707377309013814
-0.354665492673485,-0.70933098534697,0.677332746336742,0.748424776613348
-0.34788790045914,-0.695775800918279,0.67394395022957,0.757948017428264
-0.334661763437704,-0.669323526875408,0.667330881718852,0.776003008185532
-0.309525978942855,-0.61905195788571,0.654762989471428,0.808387336718934
-0.299308061382329,-0.598616122764657,0.649654030691164,0.820829368783104
-0.290168094539821,-0.580336189079642,0.64508404726991,0.831604953822259
-0.310009811933165,-0.62001962386633,0.655004905966582,0.807787833010327
-0.31170100559279,-0.62340201118558,0.655850502796395,0.805684966224887
-0.302582771662679,-0.605165543325359,0.65129138583134,0.816887332585862
-0.284129693019891,-0.568259386039782,0.642064846509945,0.838540635088845
-0.302328847735277,-0.604657695470553,0.651164423867638,0.81719453565412
-0.32706612916415,-0.6541322583283,0.663533064582075,0.786055494307159
-0.336075811570483,-0.672151623140965,0.668037905785241,0.774106097754483
-0.346626571459177,-0.693253142918355,0.673313285729589,0.759700039916911
-0.352027975635315,-0.70405595127063,0.676013987817658,0.752152608740204
-0.360125352170428,-0.720250704340855,0.680062676085214,0.740619461448251
-0.336727071265453,-0.673454142530906,0.668363535632726,0.773229758953981
-0.324644332381003,-0.649288664762006,0.662322166190501,0.789212114905786
-0.332687842062345,-0.66537568412469,0.666343921031172,0.778637599487801
-0.342899730728789,-0.685799461457577,0.671449865364394,0.764839549332248
-0.355819657581926,-0.711639315163852,0.677909828790963,0.746784742556562
-0.357279328777763,-0.714558657555526,0.678639664388882,0.744702962456222
-0.34796730010337,-0.69593460020674,0.673983650051685,0.757837516117542
-0.336003590643965,-0.672007181287929,0.668001795321982,0.774203174148726
-0.329776819529688,-0.659553639059375,0.664888409764844,0.782494498601768
-0.31558201826059,-0.63116403652118,0.657791009130295,0.800815979501145
-0.339329562343364,-0.678659124686728,0.669664781171682,0.769710896239722
-0.329250858427413,-0.658501716854827,0.664625429213707,0.783187744449623
-0.313490783916003,-0.626981567832005,0.656745391958001,0.80344705679946
-0.288832746856919,-0.577665493713837,0.644416373428459,0.833151288686174
-0.285773718279779,-0.571547436559557,0.642886859139889,0.836666763881099
-0.288470747390151,-0.576941494780301,0.644235373695075,0.833569255800336
-0.306924428209112,-0.613848856418223,0.653462214104556,0.81159479073702
-0.316080161440751,-0.632160322881503,0.658040080720376,0.800186663087177
-0.32009824921583,-0.64019649843166,0.660049124607915,0.795074221697921
-0.329387814398062,-0.658775628796125,0.664693907199031,0.783007335452135
-0.337738028883442,-0.675476057766884,0.668869014441721,0.771866047691855
-0.338734712628503,-0.677469425257005,0.669367356314251,0.770517588920971
-0.329848450055971,-0.659696900111941,0.664924225027985,0.782399999991348
-0.346453985518148,-0.692907971036297,0.673226992759074,0.759939271837181
-0.324742885815921,-0.649485771631842,0.662371442907961,0.789084116223895
-0.322333313546635,-0.64466662709327,0.661166656773318,0.792202469956093
-0.320173279500953,-0.640346559001906,0.660086639750477,0.794978142187209
-0.313469300180856,-0.626938600361712,0.656734650090428,0.803473995688249
-0.322833931388481,-0.645667862776963,0.661416965694241,0.791556505488514
-0.322096611578794,-0.644193223157587,0.661048305789397,0.792507545618919
-0.305012824343893,-0.610025648687786,0.652506412171947,0.813934353971523
-0.297759309702939,-0.595518619405877,0.648879654851469,0.822678786970459
-0.303617418077163,-0.607234836154325,0.651808709038581,0.815632926880315
-0.313609762451747,-0.627219524903495,0.656804881225874,0.803297833789917
-0.323632788154054,-0.647265576308107,0.661816394077027,0.790523636863267
-0.306780098564781,-0.613560197129562,0.653390049282391,0.811771942249166
-0.283621299565107,-0.567242599130214,0.641810649782554,0.839117916866
-0.25149690907762,-0.50299381815524,0.62574845453881,0.873498609448807
-0.242477491446325,-0.48495498289265,0.621238745723163,0.882409332283795
-0.241510802745059,-0.483021605490118,0.620755401372529,0.883345064314875
-0.245361224838625,-0.490722449677251,0.622680612419313,0.879595738691379
-0.23143147413999,-0.46286294827998,0.615715737069995,0.892878945554782
-0.20871296391045,-0.417425927820901,0.604356481955225,0.91287779739143
-0.206753553509245,-0.41350710701849,0.603376776754622,0.9145059362226
-0.217623709163118,-0.435247418326236,0.608811854581559,0.905279842420173
-0.213307759876948,-0.426615519753896,0.606653879938474,0.908999599152557
-0.193665358007251,-0.387330716014502,0.596832679003625,0.924987458215847
-0.209249547766189,-0.418499095532379,0.604624773883095,0.91242925351929
-0.216317248967138,-0.432634497934275,0.608158624483569,0.906413695598579
-0.222529988402636,-0.445059976805273,0.611264994201318,0.900960808523045
-0.236411749497459,-0.472823498994917,0.618205874748729,0.888218969399102
-0.225402285133061,-0.450804570266121,0.61270114256653,0.898387619713589
-0.212999325803674,-0.425998651607348,0.606499662901837,0.909262574414361
-0.209934873989601,-0.419869747979203,0.604967436994801,0.91185469736594
-0.193037649303471,-0.386075298606941,0.596518824651735,0.925472931902781
-0.200672070524693,-0.401344141049387,0.600336035262347,0.919461440222665
-0.209710603831321,-0.419421207662643,0.604855301915661,0.912042925281405
-0.197890340694202,-0.395780681388404,0.598945170347101,0.921678826119865
-0.220118320244691,-0.440236640489382,0.610059160122346,0.903095850185311
-0.193938395214685,-0.38787679042937,0.596969197607343,0.924775797723105
-0.159737772258212,-0.319475544516423,0.579868886129106,0.948967688227968
-0.165072016950921,-0.330144033901842,0.58253600847546,0.94550245843951
-0.161892601364033,-0.323785202728066,0.580946300682016,0.947581571247173
-0.136485026740787,-0.272970053481575,0.568242513370394,0.962743674951133
-0.137237950640458,-0.274475901280916,0.568618975320229,0.962331489808014
-0.124224371790348,-0.248448743580696,0.562112185895174,0.969136610906587
-0.134993158991044,-0.269986317982089,0.567496579495522,0.963553694051237
-0.144781618863193,-0.289563237726387,0.572390809431597,0.958076565678706
-0.121678031035843,-0.243356062071685,0.560839015517921,0.970388913526481
-0.104825285041177,-0.209650570082355,0.552412642520589,0.978023319232072
-0.0884675520025042,-0.176935104005008,0.544233776001252,0.984346984485368
-0.066443728027482,-0.132887456054964,0.533221864013741,0.99117046201162
-0.054199653363019,-0.108399306726038,0.527099826681509,0.994124795150657
-0.0533214519229756,-0.106642903845951,0.526660725961488,0.994313645529652
-0.0682573184259444,-0.136514636851889,0.534128659212972,0.990681876962598
-0.0587837709055857,-0.117567541811171,0.529391885452793,0.993088936556239
-0.0477852592870177,-0.0955705185740355,0.523892629643509,0.995433137989745
-0.0419598542785132,-0.0839197085570263,0.520979927139257,0.996478741257852
-0.0257331844167174,-0.0514663688334348,0.512866592208359,0.99867560643955
-0.030325248299599,-0.0606504965991981,0.5151626241498,0.998160758631135
-0.0244700613206827,-0.0489401226413653,0.512235030660341,0.998802432197924
-0.0307329157973472,-0.0614658315946944,0.515366457898674,0.998110975773186
-0.0382160872089438,-0.0764321744178876,0.519108043604472,0.997079061356877
-0.0335269941398557,-0.0670539882797115,0.516763497069928,0.997751881327892
-0.0754446317290434,-0.150889263458087,0.537722315864522,0.988616215086538
-0.0646729241716847,-0.129345848343369,0.532336462085842,0.991634825758167
-0.0750932566064439,-0.150186513212888,0.537546628303222,0.988722005624478
-0.077397237815714,-0.154794475631428,0.538698618907857,0.988019335156996
-0.0954742309150189,-0.190948461830038,0.547737115457509,0.981769342462371
-0.0828458460992613,-0.165691692198523,0.541422923049631,0.986273131568195
-0.0722555097470374,-0.144511019494075,0.536127754873519,0.989558282622392
-0.0865479035748882,-0.173095807149776,0.543273951787444,0.985018920773584
-0.0932399547126145,-0.186479909425229,0.546619977356307,0.982612621690379
-0.115389508723285,-0.230779017446569,0.557694754361642,0.973370522553198
-0.0847929240093413,-0.169585848018683,0.542396462004671,0.985620320075892
-0.0523819310362776,-0.104763862072555,0.526190965518139,0.994512266601821
-0.070028111233579,-0.140056222467158,0.535014055616789,0.990192127274115
-0.0840968404624336,-0.168193680924867,0.542048420231217,0.985855442848472
-0.0896977100802986,-0.179395420160597,0.544848855040149,0.983908641612701
-0.0981190978642655,-0.196238195728531,0.549059548932133,0.980745285268605
-0.0874592831345668,-0.174918566269134,0.543729641567283,0.984701747587175
-0.085717586207834,-0.171435172415668,0.542858793103917,0.985304990829405
-0.0958815977147054,-0.191763195429411,0.547940798857353,0.981613438439351
-0.0917916067464616,-0.183583213492923,0.545895803373231,0.983148601861806
-0.0815375046275424,-0.163075009255085,0.540768752313771,0.986703270678227
-0.0853639140278076,-0.170727828055615,0.542681957013904,0.985426004363706
-0.11420320610898,-0.22840641221796,0.55710160305449,0.97391525542886
-0.135768247666929,-0.271536495333858,0.567884123833465,0.963133965850903
-0.131883569421373,-0.263767138842745,0.565941784710686,0.965213448233356
-0.12623711920201,-0.25247423840402,0.563118559601005,0.968128379471155
-0.137862278867484,-0.275724557734968,0.568931139433742,0.961987984130928
-0.155937581242335,-0.31187516248467,0.577968790621167,0.95136694151258
-0.151059205052835,-0.302118410105669,0.575529602526417,0.954362233137611
-0.165783265869359,-0.331566531738719,0.58289163293468,0.945031817515379
-0.146054737728586,-0.292109475457171,0.573027368864293,0.957336027174068
-0.160763489068851,-0.321526978137703,0.580381744534426,0.948310201164819
-0.173792553237499,-0.347585106474999,0.58689627661875,0.939592296878382
-0.182025926344719,-0.364051852689438,0.591012963172359,0.933733124276694
-0.196345057777239,-0.392690115554479,0.59817252888862,0.922897236572905
-0.187227778924638,-0.374455557849276,0.593613889462319,0.929891517597894
-0.225980571967711,-0.451961143935423,0.612990285983856,0.897865562186292
-0.220686668527788,-0.441373337055575,0.610343334263894,0.902594788668213
-0.213752822791149,-0.427505645582297,0.606876411395574,0.908619461497632
-0.227018657311251,-0.454037314622501,0.613509328655625,0.896925058465194
-0.195282540643791,-0.390565081287581,0.597641270321895,0.923729458639412
-0.211314812501304,-0.422629625002607,0.605657406250652,0.910692100035078
-0.228710842876193,-0.457421685752385,0.614355421438096,0.895382700701723
-0.2418390156623,-0.483678031324599,0.62091950783115,0.88302778100698
-0.193733010693037,-0.387466021386075,0.596866505346519,0.924935041135623
-0.179008834995313,-0.358017669990626,0.589504417497656,0.935911673987242
-0.166111372308733,-0.332222744617467,0.583055686154367,0.944814023979419
-0.153086845198333,-0.306173690396667,0.576543422599167,0.953128835654443
-0.171186552249883,-0.342373104499767,0.585593276124942,0.941390328657596
-0.1913930196963,-0.3827860393926,0.59569650984815,0.926737424023063
-0.212863365823583,-0.425726731647166,0.606431682911792,0.909378374980511
-0.220140344148413,-0.440280688296827,0.610070172074207,0.903076457756436
-0.195916072013152,-0.391832144026304,0.597958036006576,0.923233785453875
-0.239666821926689,-0.479333643853378,0.619833410963344,0.885119628935122
-0.244617021050134,-0.489234042100268,0.622308510525067,0.880325026025117
-0.253185333911263,-0.506370667822527,0.626592666955632,0.871794373384484
-0.258753556652668,-0.517507113305335,0.629376778326334,0.866093193839189
-0.253082084277327,-0.506164168554654,0.626541042138664,0.871898917235688
-0.26129706723319,-0.52259413446638,0.630648533616595,0.863447685310667
-0.302375550875008,-0.604751101750016,0.651187775437504,0.817138052466071
-0.325312043976321,-0.650624087952641,0.66265602198816,0.788344148087897
-0.329124506378832,-0.658249012757663,0.664562253189416,0.783354118601781
-0.333751392137318,-0.667502784274636,0.666875696068659,0.777220016492804
-0.32520296764215,-0.6504059352843,0.662601483821075,0.788486059673477
-0.304023141094696,-0.608046282189393,0.652011570547348,0.815139859357829
-0.316407408636238,-0.632814817272475,0.658203704318119,0.799772703520202
-0.304037876588186,-0.608075753176372,0.652018938294093,0.815121939199494
-0.320376704733893,-0.640753409467786,0.660188352366947,0.794717534127704
-0.293322643142864,-0.586645286285727,0.646661321571432,0.827923654039369
-0.30108990420421,-0.602179808408421,0.650544952102105,0.818689739172599
-0.315558615362356,-0.631117230724712,0.657779307681178,0.800845520541185
-0.319803688030019,-0.639607376060037,0.659901844015009,0.795451202244797
-0.316623877353123,-0.633247754706246,0.658311938676561,0.799498640579749
-0.305680243768801,-0.611360487537602,0.652840121884401,0.813119177138893
-0.301715169567046,-0.603430339134093,0.650857584783523,0.817935912906257
-0.289923868340344,-0.579847736680689,0.644961934170172,0.831888301133141
-0.275124371521718,-0.550248743043435,0.637562185760859,0.84861316038956
-0.282897699306415,-0.565795398612829,0.641448849653207,0.839937783454275
-0.245387347781277,-0.490774695562553,0.622693673890638,0.879570099097742
-0.234456751143498,-0.468913502286997,0.617228375571749,0.890060063686471
-0.203767999948207,-0.407535999896413,0.601883999974103,0.916957204394215
-0.203998831029905,-0.40799766205981,0.601999415514952,0.916768953876865
-0.206891727369863,-0.413783454739726,0.603445863684932,0.914391626291828
-0.21911388951067,-0.438227779021341,0.609556944755335,0.903978206847011
-0.233714667860216,-0.467429335720432,0.616857333930108,0.890754908053978
-0.255049185669371,-0.510098371338742,0.627524592834685,0.869899825778782
-0.259451626016818,-0.518903252033636,0.629725813008409,0.865369707514459
-0.249098805149915,-0.49819761029983,0.624549402574958,0.875899570545769
-0.247803027491827,-0.495606054983654,0.623901513745914,0.87718731913177
-0.237708153299434,-0.475416306598868,0.618854076649717,0.886989667709946
-0.267621145585823,-0.535242291171647,0.633810572792912,0.856757844870663
-0.258781799457816,-0.517563598915633,0.629390899728908,0.866063960538749
-0.255280585096942,-0.510561170193883,0.627640292548471,0.869663645745126
-0.263581085721579,-0.527162171443158,0.631790542860789,0.861050022499667
-0.277528318988811,-0.555056637977622,0.638764159494406,0.845956064318489
-0.303707750410261,-0.607415500820522,0.65185387520513,0.815523204681477
-0.288128800653713,-0.576257601307426,0.644064400326857,0.833963588467706
-0.286435474331547,-0.572870948663094,0.643217737165773,0.835909438088923
-0.288341245326544,-0.576682490653089,0.644170622663272,0.833718652487075
-0.279230535497886,-0.558461070995771,0.639615267748943,0.844060616091128
-0.272518759275464,-0.545037518550928,0.636259379637732,0.851467051685924
-0.275301019542143,-0.550602039084285,0.637650509771071,0.848418697278114
-0.251326948735113,-0.502653897470227,0.625663474367557,0.873669529678995
-0.267691177529514,-0.535382355059029,0.633845588764757,0.856682866945724
-0.253606963171764,-0.507213926343527,0.626803481585882,0.871367016461592
-0.231849406162192,-0.463698812324385,0.615924703081096,0.892491705724477
-0.250324216298793,-0.500648432597586,0.625162108149397,0.87467557346879
-0.263867976878826,-0.527735953757651,0.631933988439413,0.860747381555751
-0.276178590957972,-0.552357181915945,0.638089295478986,0.847450771792938
-0.274219662918076,-0.548439325836152,0.637109831459038,0.849607152938193
-0.269053211499269,-0.538106422998537,0.634526605749634,0.85522073876386
-0.269302790375167,-0.538605580750334,0.634651395187584,0.854952014192297
-0.265923268061216,-0.531846536122432,0.632961634030608,0.858569631007286
-0.267769467076643,-0.535538934153286,0.633884733538321,0.856599025002981
-0.291820399671426,-0.583640799342852,0.645910199835713,0.829681708671218
-0.282700301027854,-0.565400602055707,0.641350150513927,0.840161079597522
-0.264677787270393,-0.529355574540787,0.632338893635197,0.859891337851297
-0.272378220847128,-0.544756441694256,0.636189110423564,0.851620209616306
-0.283917157725665,-0.56783431545133,0.641958578862832,0.83878209509796
-0.288285914756045,-0.576571829512091,0.644142957378023,0.83378246270654
-0.285688188504287,-0.571376377008574,0.642844094252144,0.836764517898278
-0.288010084630331,-0.576020169260662,0.644005042315166,0.834100382302459
-0.26656901815884,-0.53313803631768,0.63328450907942,0.857881917115664
-0.253417624421348,-0.506835248842696,0.626708812210674,0.871559015265281
-0.253237539351691,-0.506475078703383,0.626618769675846,0.871741497326201
-0.237905215613336,-0.475810431226673,0.618952607806668,0.886802216767944
-0.238350081849327,-0.476700163698654,0.619175040924663,0.886378476964838
-0.246347484614321,-0.492694969228641,0.62317374230716,0.878625833648394
-0.25251993836255,-0.505039876725099,0.626259969181275,0.872467361458748
-0.277299553509546,-0.554599107019091,0.638649776754773,0.846209915246813
-0.286421620476868,-0.572843240953737,0.643210810238434,0.83592531064681
-0.281719454176117,-0.563438908352234,0.640859727088058,0.841268298277421
-0.252625001292386,-0.505250002584772,0.626312500646193,0.872361217444044
-0.263559469227327,-0.527118938454653,0.631779734613663,0.86107281236122
-0.273430183114508,-0.546860366229015,0.636715091557254,0.850471869923934
-0.25376040536139,-0.50752081072278,0.626880202680695,0.871211313341646
-0.232585162177271,-0.465170324354542,0.616292581088635,0.891808284669945
-0.248228037138984,-0.496456074277969,0.624114018569492,0.876765683156254
-0.234292516645218,-0.468585033290437,0.617146258322609,0.8902140332881
-0.205979166232852,-0.411958332465704,0.602989583116426,0.915145166156038
-0.213867526468362,-0.427735052936724,0.606933763234181,0.908521362244609
-0.235460992129907,-0.470921984259815,0.617730496064954,0.889116242370399
-0.226643427598199,-0.453286855196397,0.613321713799099,0.89726551345308
-0.241585844992404,-0.483171689984807,0.620792922496202,0.883272558998613
-0.253222122228118,-0.506444244456237,0.626611061114059,0.871757113628576
-0.246140076113056,-0.492280152226113,0.623070038056528,0.878830125862118
-0.256640518265451,-0.513281036530902,0.628320259132725,0.868271288768882
-0.25311602109185,-0.506232042183701,0.626558010545925,0.87186455973326
-0.27898144452168,-0.557962889043361,0.63949072226084,0.844338707225193
-0.293065515715687,-0.586131031431373,0.646532757857843,0.828225206996597
-0.278960010381351,-0.557920020762701,0.639480005190675,0.844362625216074
-0.312147847704041,-0.624295695408082,0.656073923852021,0.80512744234747
-0.3319986661509,-0.663997332301801,0.66599933307545,0.779553771348046
-0.34327387466781,-0.686547749335619,0.671636937333905,0.764326093941098
-0.347669393587445,-0.69533878717489,0.673834696793722,0.758251985525077
-0.339710445699999,-0.679420891399997,0.669855222849999,0.769193626164617
-0.328352641151496,-0.656705282302991,0.664176320575748,0.784369086097674
-0.336900853160651,-0.673801706321302,0.668450426580325,0.772995630279251
-0.333384955379173,-0.666769910758345,0.666692477689586,0.777708943053654
-0.297224789151713,-0.594449578303425,0.648612394575856,0.82331484942744
-0.267496717304795,-0.534993434609591,0.633748358652398,0.856891012462317
-0.29795945224071,-0.59591890448142,0.648979726120355,0.822440329640832
-0.293602092362756,-0.587204184725512,0.646801046181378,0.827595622720424
-0.287911533997403,-0.575823067994805,0.643955766998701,0.834213897182525
-0.317612916505682,-0.635225833011364,0.658806458252841,0.798244070537509
-0.310832484401959,-0.621664968803918,0.655416242200979,0.806766333281012
-0.315724155130971,-0.631448310261942,0.657862077565486,0.800636515733669
-0.326680619938844,-0.653361239877687,0.663340309969422,0.786559545112746
-0.323353209393144,-0.646706418786289,0.661676604696572,0.790885403950307
-0.323334869252896,-0.646669738505791,0.661667434626448,0.790909124650426
-0.346544389031823,-0.693088778063646,0.673272194515911,0.759813972861121
-0.379606290791055,-0.759212581582111,0.689803145395528,0.711798127983713
-0.378034197463637,-0.756068394927274,0.689017098731818,0.714180291096048
-0.367770323336321,-0.735540646672641,0.68388516166816,0.729489978546196
-0.35873144741291,-0.71746289482582,0.679365723706455,0.742623497274077
-0.35923463630158,-0.71846927260316,0.67961731815079,0.741900952162543
-0.370085562101891,-0.740171124203783,0.685042781050946,0.726073353447454
-0.37644236544077,-0.75288473088154,0.688221182720385,0.716582291002716
-0.377249252421198,-0.754498504842396,0.688624626210599,0.715366003095294
-0.353821509676684,-0.707643019353368,0.676910754838342,0.749620678580224
-0.356015585468678,-0.712031170937355,0.678007792734339,0.746505805806789
-0.365872658720705,-0.73174531744141,0.682936329360353,0.732274395201285
-0.377019735917381,-0.754039471834763,0.688509867958691,0.715712237457576
-0.393164245455463,-0.786328490910926,0.696582122727732,0.690843752190873
-0.414290547097231,-0.828581094194461,0.707145273548615,0.656726685171755
-0.450412661606406,-0.900825323212813,0.725206330803203,0.594256868529266
-0.442014072565451,-0.884028145130902,0.721007036282726,0.609247119308208
-0.46421191413416,-0.928423828268321,0.73210595706708,0.569014597551798
-0.481844639408939,-0.963689278817879,0.74092231970447,0.535651486945738
-0.513898798504768,-1.02779759700954,0.756949399252384,0.471816049790712
-0.516730045710416,-1.03346009142083,0.758365022855208,0.465980119720222
-0.529774246964341,-1.05954849392868,0.76488712348217,0.438678494506731
-0.524107484620969,-1.04821496924194,0.762053742310485,0.450622689128562
-0.508487387810107,-1.01697477562021,0.754243693905054,0.482881152876107
-0.526140203509195,-1.05228040701839,0.763070101754598,0.446352972502606
-0.527281830342337,-1.05456366068467,0.763640915171168,0.443947742781671
-0.521753298902452,-1.0435065978049,0.760876649451226,0.455546990168818
-0.505406412329505,-1.01081282465901,0.752703206164753,0.489128716752436
-0.532100678237253,-1.06420135647451,0.766050339118627,0.433737736438911
-0.557492112603583,-1.11498422520717,0.778746056301791,0.378405088769589
-0.558173483253173,-1.11634696650635,0.779086741626586,0.37688472518604
-0.547646479964119,-1.09529295992824,0.773823239982059,0.40016666596582
-0.546866633838394,-1.09373326767679,0.773433316919197,0.401873769588528
-0.525940327692172,-1.05188065538434,0.762970163846086,0.446773543414102
-0.541229889718092,-1.08245977943618,0.770614944859046,0.414140412951485
-0.549026661838594,-1.09805332367719,0.774513330919297,0.397139449180741
-0.529359155494306,-1.05871831098861,0.764679577747153,0.43955776898871
-0.528576089582088,-1.05715217916418,0.764288044791044,0.441214635044218
-0.51345476144295,-1.0269095228859,0.756727380721475,0.472728415903126
-0.518022351584153,-1.03604470316831,0.759011175792076,0.463305686518449
-0.521653333825279,-1.04330666765056,0.76082666691264,0.455755598617944
-0.495197494984532,-0.990394989969063,0.747598747492266,0.509558881922089
-0.458085671200201,-0.916171342400402,0.729042835600101,0.580315035682123
-0.421481796429642,-0.842963592859284,0.710740898214821,0.644706190556883
-0.416246906146932,-0.832493812293864,0.708123453073466,0.653477026246214
-0.404441180136813,-0.808882360273626,0.702220590068406,0.672854663619084
-0.433172352297943,-0.866344704595886,0.716586176148971,0.624723426409334
-0.411138292187405,-0.822276584374811,0.705569146093703,0.661930609394447
-0.420585217966517,-0.841170435933034,0.710292608983258,0.646216148856115
-0.422827671519912,-0.845655343039824,0.711413835759956,0.642433520394099
-0.405615503596658,-0.811231007193315,0.702807751798329,0.670952126484059
-0.405205536469707,-0.810411072939415,0.702602768234854,0.671616946428593
-0.412850792270425,-0.82570158454085,0.706425396135212,0.659108446643365
-0.456741562989431,-0.913483125978862,0.728370781494715,0.582774289275944
-0.483751437904031,-0.967502875808062,0.741875718952016,0.531969092651565
-0.489119548217362,-0.978239096434724,0.744559774108681,0.521524135103287
-0.508812354525625,-1.01762470905125,0.754406177262813,0.482219975764179
-0.51228241456831,-1.02456482913662,0.756141207284155,0.475133455448123
-0.52544407556958,-1.05088815113916,0.76272203778479,0.447817046897659
-0.547740522488115,-1.09548104497623,0.773870261244058,0.399960640048893
-0.527666057513113,-1.05533211502623,0.763833028756557,0.443137063497136
-0.558370431998788,-1.11674086399758,0.779185215999394,0.376444921338975
-0.557063867213831,-1.11412773442766,0.778531933606916,0.379359695689542
-0.540378966132898,-1.0807579322658,0.770189483066449,0.415981145922281
-0.554409196171577,-1.10881839234315,0.777204598085788,0.385260886400772
-0.549836496368131,-1.09967299273626,0.774918248184066,0.395359654523236
-0.556307263801802,-1.1126145276036,0.778153631900901,0.381044456482704
-0.573666710219023,-1.14733342043805,0.786833355109511,0.341813011172967
-0.571906858854324,-1.14381371770865,0.785953429427162,0.34584508959076
-0.558154332361355,-1.11630866472271,0.779077166180678,0.3769274825325
-0.570849138105389,-1.14169827621078,0.785424569052694,0.34826252304867
-0.574983561931467,-1.14996712386293,0.787491780965733,0.338787807017206
-0.583243126377242,-1.16648625275448,0.791621563188621,0.319654911067401
-0.602712320770219,-1.20542464154044,0.80135616038511,0.273475716783553
-0.620667784681606,-1.24133556936321,0.810333892340803,0.229543002116855
-0.608873059783116,-1.21774611956623,0.804436529891558,0.258547194140693
-0.611405574774398,-1.2228111495488,0.805702787387199,0.252366446269576
-0.60261442432086,-1.20522884864172,0.80130721216043,0.273711711200876
-0.622837103057018,-1.24567420611404,0.811418551528509,0.224147886111083
-0.624790749440943,-1.24958149888189,0.812395374720471,0.21927303882605
-0.648067115259841,-1.29613423051968,0.82403355762992,0.160018028237577
-0.65967479834761,-1.31934959669522,0.829837399173805,0.129658320850079
-0.69099307485496,-1.38198614970992,0.84549653742748,0.045057141004975
-0.681028049582878,-1.36205609916576,0.840514024791439,0.0724015913626819
-0.696735878169851,-1.3934717563397,0.848367939084925,0.0291182321417736
-0.711288886405948,-1.4225777728119,0.855644443202974,-0.0118637598492266
-0.735485041158428,-1.47097008231686,0.867742520579214,-0.0818764915356278
-0.740830917490425,-1.48166183498085,0.870415458745212,-0.0976608966194097
-0.717464229069724,-1.43492845813945,0.858732114534862,-0.0295098399892273
-0.743460126648372,-1.48692025329674,0.871730063324186,-0.105465919832026
-0.756457285850212,-1.51291457170042,0.878228642925106,-0.14445525063174
-0.738688573761951,-1.4773771475239,0.869344286880976,-0.0913216180129313
-0.760250807051317,-1.52050161410263,0.880125403525659,-0.155962579244359
-0.763003631203947,-1.52600726240789,0.881501815601973,-0.164349082460818
-0.814018905460861,-1.62803781092172,0.90700945273043,-0.325253556895396
-0.845802481516728,-1.69160496303346,0.922901240758364,-0.430763675479708
-0.855064292933865,-1.71012858586773,0.927532146466932,-0.462269890100981
-0.855601818566403,-1.71120363713281,0.927800909283202,-0.464108943868273
-0.879394311468201,-1.7587886229364,0.9396971557341,-0.546668710085262
-0.874019477602405,-1.74803895520481,0.937009738801203,-0.527820094456762
-0.87086488227259,-1.74172976454518,0.935432441136295,-0.516811286351305
-0.853948433360785,-1.70789686672157,0.926974216680393,-0.458455853678679
-0.833943387742534,-1.66788677548507,0.916971693871267,-0.390923147918988
-0.804438641062185,-1.60887728212437,0.902219320531093,-0.294243054467951
-0.827883565935922,-1.65576713187184,0.913941782967961,-0.370782397493558
-0.799229129959687,-1.59845825991937,0.899614564979843,-0.277534404352237
-0.79120264198238,-1.58240528396476,0.89560132099119,-0.252003241359796
-0.772421742361539,-1.54484348472308,0.886210871180769,-0.193270696145672
-0.771265034568173,-1.54253006913635,0.885632517284086,-0.18969950709489
-0.7602655184009,-1.5205310368018,0.88013275920045,-0.156007316938778
-0.773253451299185,-1.54650690259837,0.886626725649592,-0.195841799892202
-0.769003246735072,-1.53800649347014,0.884501623367536,-0.182731986978165
-0.784563667365595,-1.56912733473119,0.892281833682798,-0.231080296300304
-0.767851551842517,-1.53570310368503,0.883925775921258,-0.179192011333922
-0.785950971281985,-1.57190194256397,0.892975485640992,-0.235437858518191
-0.764691344762405,-1.52938268952481,0.882345672381203,-0.169505705509071
-0.784541576731191,-1.56908315346238,0.892270788365595,-0.231010971239725
-0.781189393540593,-1.56237878708119,0.890594696770296,-0.220513737160638
-0.795882652016349,-1.5917653040327,0.897941326008175,-0.266858391561155
-0.785930533574398,-1.5718610671488,0.892965266787199,-0.235373607209075
-0.81541541624755,-1.6308308324951,0.907707708123775,-0.329804602108331
-0.817550016286627,-1.63510003257325,0.908775008143314,-0.336776058260529
-0.80990495856079,-1.61980991712158,0.904952479280395,-0.31189208380271
-0.803856581888755,-1.60771316377751,0.901928290944378,-0.292370808491746
-0.815418141830407,-1.63083628366081,0.907709070915204,-0.329813492052308
-0.807051998163962,-1.61410399632792,0.903525999081981,-0.302665855480889
-0.810665080641335,-1.62133016128267,0.905332540320668,-0.314355745942446
-0.82409037641559,-1.64818075283118,0.912045188207795,-0.358249897001578
-0.835380740004955,-1.67076148000991,0.917690370002478,-0.395721961542453
-0.833626305534081,-1.66725261106816,0.91681315276704,-0.389865634556802
-0.844289512422234,-1.68857902484447,0.922144756211117,-0.425649561572349
-0.871703259304557,-1.74340651860911,0.935851629652278,-0.519733144564374
-0.87170415742869,-1.74340831485738,0.935852078714345,-0.519736276156924
-0.872311172503561,-1.74462234500712,0.936155586251781,-0.521853563349076
-0.874579947591959,-1.74915989518392,0.93728997379598,-0.529780169459909
-0.878405662794969,-1.75681132558994,0.939202831397485,-0.543193016860538
-0.891621457480742,-1.78324291496148,0.945810728740371,-0.589977646880165
-0.901341578479594,-1.80268315695919,0.950670789239797,-0.624833282192173
-0.907881300428884,-1.81576260085777,0.953940650214442,-0.648496911336885
-0.888338701529865,-1.77667740305973,0.944169350764932,-0.578291297271533
-0.891193592493588,-1.78238718498718,0.945596796246794,-0.588452038603256
-0.859977025171506,-1.71995405034301,0.929988512585753,-0.479120967645667
-0.872761663899409,-1.74552332779882,0.936380831949704,-0.52342584394493
-0.879028835840213,-1.75805767168043,0.939514417920107,-0.545383388477201
-0.892805004050543,-1.78561000810109,0.946402502025271,-0.59420155051538
-0.889093557296949,-1.7781871145939,0.944546778648474,-0.580974707253885
-0.884642160699557,-1.76928432139911,0.942321080349779,-0.565183504974363
-0.888663947471909,-1.77732789494382,0.944331973735955,-0.579447223072713
-0.910297591243368,-1.82059518248674,0.955148795621684,-0.657283409246957
-0.893186077220567,-1.78637215444113,0.946593038610283,-0.595562737081329
-0.874144859674404,-1.74828971934881,0.937072429837202,-0.528258471390367
-0.859061067648254,-1.71812213529651,0.929530533824127,-0.475971835897917
-0.86783688393973,-1.73567376787946,0.933918441969865,-0.506281714252441
-0.876891771102305,-1.75378354220461,0.938445885551152,-0.537878356453874
-0.853691370949688,-1.70738274189938,0.926845685474844,-0.457577913667915
-0.894671989942791,-1.78934397988558,0.947335994971396,-0.600875939176388
-0.885284626073765,-1.77056925214753,0.942642313036883,-0.567457738325132
-0.901097580270976,-1.80219516054195,0.950548790135488,-0.623953698340414
-0.902780475288011,-1.80556095057602,0.951390237644005,-0.630025173122493
-0.906350970262497,-1.81270194052499,0.953175485131249,-0.64294416259154
-0.918719458857693,-1.83743891771539,0.959359729428847,-0.688090888167544
-0.918179804564624,-1.83635960912925,0.959089902282312,-0.686108307020662
-0.900915553394205,-1.80183110678841,0.950457776697102,-0.623297668695172
-0.912388327833842,-1.82477665566768,0.956194163916921,-0.664904921534869
-0.936185615110252,-1.8723712302205,0.968092807555126,-0.752887011878721
-0.938743473989293,-1.87748694797859,0.969371736994647,-0.762478619914974
-0.938130814089592,-1.87626162817918,0.969065407044796,-0.7601788486888
-0.961202198304392,-1.92240439660878,0.980601099152196,-0.84781933205039
-0.94966059564355,-1.8993211912871,0.974830297821775,-0.803710493836124
-0.962927445379394,-1.92585489075879,0.981463722689697,-0.85445853012977
-0.958241161916411,-1.91648232383282,0.979120580958206,-0.836452248781827
-0.957315665538526,-1.91463133107705,0.978657832769263,-0.832906566970942
-0.981300422024264,-1.96260084404853,0.990650211012132,-0.925901036529996
-0.994858328209094,-1.98971665641819,0.997429164104547,-0.979486186413989
-0.990785708012806,-1.98157141602561,0.995392854006403,-0.963312638404876
-0.981999815585601,-1.9639996311712,0.9909999077928,-0.928647275620309
-0.99962145835189,-1.99924291670378,0.999810729175945,-0.998486119995119
-1.02572355441167,-2.05144710882333,1.01286177720583,-1.1042176201498
-1.01660180472262,-2.03320360944524,1.00830090236131,-1.06695845873058
-1.03971277813428,-2.07942555626855,1.01985638906714,-1.16200532203139
-1.06776681828375,-2.1355336365675,1.03388340914187,-1.2802519564556
-1.09395931625456,-2.18791863250913,1.04697965812728,-1.3934939712403
-1.08980643422474,-2.17961286844948,1.04490321711237,-1.37535612815529
-1.08941286334956,-2.17882572669912,1.04470643167478,-1.37364077366297
-1.10588233510378,-2.21176467020756,1.05294116755189,-1.44595147818918
-1.09980537689658,-2.19961075379317,1.04990268844829,-1.41914373410128
-1.12571701892152,-2.25143403784303,1.06285850946076,-1.53447761337909
-1.13149332756511,-2.26298665513021,1.06574666378255,-1.56055430064871
-1.13795937758581,-2.27591875517163,1.06897968879291,-1.58990309007098
-1.16223723950961,-2.32447447901921,1.0811186197548,-1.70159080180582
-1.18346776296182,-2.36693552592363,1.09173388148091,-1.80119189193969
-1.18112548869548,-2.36225097739096,1.09056274434774,-1.79011484009227
-1.18553347959141,-2.37106695918282,1.0927667397957,-1.81097926246423
-1.18187873650338,-2.36375747300676,1.09093936825169,-1.79367469559766
-1.19632608515523,-2.39265217031047,1.09816304257762,-1.86239220404569
-1.23865197987,-2.47730395974,1.119325989935,-2.06851745447174
-1.23249386369655,-2.46498772739311,1.11624693184828,-2.03808224809932
-1.26903607985032,-2.53807215970065,1.13451803992516,-2.22090514392376
-1.31578833638342,-2.63157667276684,1.15789416819171,-2.4625978923253
-1.31578319313103,-2.63156638626206,1.15789159656552,-2.46257082265218
-1.31828499493338,-2.63656998986676,1.15914249746669,-2.47575065573301
-1.33468806261882,-2.66937612523764,1.16734403130941,-2.56278444899435
-1.34820904434173,-2.69641808868345,1.17410452217086,-2.63533525448966
-1.34658018179299,-2.69316036358598,1.17329009089649,-2.62655637199528
-1.36354647539892,-2.72709295079784,1.18177323769946,-2.71851798114564
-1.3624725219502,-2.72494504390041,1.1812362609751,-2.7126627461387
-1.37468744430917,-2.74937488861835,1.18734372215459,-2.77953113908257
-1.36228826279896,-2.72457652559791,1.18114413139948,-2.7116586219196
-1.37268925681513,-2.74537851363026,1.18634462840757,-2.76855159155135
-1.3838903025794,-2.7677806051588,1.1919451512897,-2.83030473914661
-1.40851795572834,-2.81703591145668,1.20425897786417,-2.96784566321829
-1.42320917394955,-2.84641834789909,1.21160458697477,-3.0510487056283
-1.43157062842638,-2.86314125685277,1.21578531421319,-3.09878892834623
-1.4334728924445,-2.86694578488901,1.21673644622225,-3.10968906674642
