t,online_mean,online_cov
0,4.07473791194269,0.0845182067758395
0.005,4.06489785688064,0.0844061716153926
0.01,4.055170471953,0.0842986049814907
0.015,4.04529616368006,0.0841846188279511
0.02,4.03566726220715,0.0840783759985601
0.025,4.02631252123943,0.0839819785836584
0.03,4.01695908133652,0.0838848210777343
0.035,4.00770774314245,0.0837923806176126
0.04,3.99815101442638,0.0836874524078067
0.045,3.98883256043188,0.0835909654026527
0.05,3.97954817357085,0.0834948778499537
0.055,3.97042237899972,0.0834039843297326
0.06,3.96140370525811,0.0833164598970492
0.065,3.95244277273394,0.0832314232660957
0.07,3.94331403300317,0.0831397714047021
0.075,3.93423496399514,0.0830479936416049
0.08,3.92560406401802,0.0829717984860073
0.085,3.91712481432005,0.0829027824094237
0.09,3.90818814790133,0.0828166851419984
0.095,3.89913718034615,0.0827252479866982
0.1,3.89027650474722,0.0826403656481124
0.105,3.88148231144791,0.0825575420983796
0.11,3.87269417541905,0.0824753611252118
0.115,3.86371142292205,0.0823859127100297
0.12,3.85463016204432,0.0822923766129817
0.125,3.84557445927711,0.0821991610903245
0.13,3.83658915964556,0.0821087960947765
0.135,3.82744001926902,0.0820134097495449
0.14,3.81790866011969,0.0819039945871103
0.145,3.8082290333183,0.0817879970245032
0.15,3.79877219508987,0.0816794262557245
0.155,3.78950764435635,0.0815771799204268
0.16,3.78042451954349,0.081480757713694
0.165,3.77152386079696,0.0813909095693114
0.17,3.76262187159051,0.0813010176858026
0.175,3.75361877820465,0.0812079031854926
0.18,3.74440917681495,0.08110601351494
0.185,3.73533973536265,0.0810097809780288
0.19,3.72616611295212,0.0809075153866518
0.195,3.71747249886542,0.0808215414444835
0.2,3.7091568256887,0.080749860014106
0.205,3.70082646300449,0.0806762268579401
0.21,3.69274009072415,0.0806109895352503
0.215,3.68478682076559,0.0805506642302219
0.22,3.67680398775014,0.0804886287935243
0.225,3.66883792797317,0.0804275529651434
0.23,3.6607209439469,0.0803602181703949
0.235,3.65260663347612,0.0802924956273072
0.24,3.64452156593998,0.0802253295863727
0.245,3.63649893093698,0.0801594571965991
0.25,3.62863148929082,0.0800994694053032
0.255,3.62071877508901,0.0800372251028567
0.26,3.61284570877616,0.0799753054522152
0.265,3.60513863749665,0.0799198044338238
0.27,3.59740029888129,0.0798613259251739
0.275,3.58997609549712,0.0798132600788194
0.28,3.58284457827159,0.0797768484711166
0.285,3.57558949699726,0.0797359008400335
0.29,3.56819340194645,0.0796880313941177
0.295,3.56097020702228,0.0796465602378839
0.3,3.55373234385127,0.0796048442041269
0.305,3.54636430458237,0.0795566066482614
0.31,3.53917359826393,0.0795148540728687
0.315,3.53203358684388,0.079473760373294
0.32,3.52507852091834,0.0794392834073211
0.325,3.51820912462759,0.0794068950717349
0.33,3.51148992322626,0.0793807256320326
0.335,3.50465498307848,0.0793493318033408
0.34,3.497838493763,0.0793179360971438
0.345,3.49105323730993,0.0792881399265827
0.35,3.48412384995735,0.0792518994762206
0.355,3.47725897035007,0.079216175861899
0.36,3.47068339932761,0.0791922376281214
0.365,3.4640288961103,0.0791640511552908
0.37,3.45744188370421,0.0791393658317054
0.375,3.45066547380094,0.0791052926283027
0.38,3.44406568989472,0.0790793016671189
0.385,3.43722618902707,0.079043096422571
0.39,3.43038657446631,0.0790057878283362
0.395,3.42367576941674,0.0789728090899053
0.4,3.41704722692274,0.0789429559384292
0.405,3.41042430113109,0.0789111077301661
0.41,3.40412778207449,0.0788915832581777
0.415,3.39799537374307,0.07887619353266
0.42,3.39222512441301,0.078875597810195
0.425,3.38641739694113,0.0788728264463458
0.43,3.38061998521076,0.0788700468683524
0.435,3.37479986777534,0.078866167066962
0.44,3.36887544612536,0.0788591909349903
0.445,3.36267435605612,0.0788393185202009
0.45,3.35657052891186,0.078824210520025
0.455,3.35028693825915,0.0788004231266364
0.46,3.34406568487772,0.0787805951060611
0.465,3.33754385438664,0.0787475639742331
0.47,3.33109401429535,0.078714669984269
0.475,3.32501517141396,0.0786986103655487
0.48,3.31866395588978,0.0786700406595005
0.485,3.31237612666401,0.0786445260096545
0.49,3.30592772784114,0.0786126277217161
0.495,3.29932390430719,0.0785741953786943
0.5,3.29267593535144,0.0785319810112986
0.505,3.28627717390792,0.0785000238237198
0.51,3.27989871177514,0.0784662571346396
0.515,3.27391811324903,0.0784476331466083
0.52,3.26814037682784,0.0784371904676962
0.525,3.26233999882858,0.0784262383532982
0.53,3.25638932491113,0.0784083530346252
0.535,3.25044629068098,0.0783898348135294
0.54,3.24456821478279,0.0783740756402687
0.545,3.23861476020672,0.0783548120819694
0.55,3.23265819398884,0.0783335424109153
0.555,3.22693595343907,0.0783212297210125
0.56,3.22125007128222,0.0783128609265851
0.565,3.21508896386882,0.0782851425297759
0.57,3.20863308173486,0.0782448207440709
0.575,3.2020832592319,0.078200155952833
0.58,3.19553320515746,0.0781543033512862
0.585,3.18912903382642,0.0781134557625391
0.59,3.18286300207588,0.0780781424485408
0.595,3.17657164049209,0.0780424064002146
0.6,3.17006470791262,0.0779986801170016
0.605,3.16333676356081,0.077942262378757
0.61,3.15706765470572,0.0779048143849409
0.615,3.15079849410876,0.0778696245802231
0.62,3.14412551303484,0.0778157848405498
0.625,3.1375417573214,0.0777660118618364
0.63,3.1308863346956,0.0777117489343542
0.635,3.12435115105772,0.0776640630040469
0.64,3.11754026859954,0.0776039098051558
0.645,3.11073736013885,0.0775439725646858
0.65,3.10391860957874,0.0774820752922872
0.655,3.09723274447528,0.0774262959180194
0.66,3.09043001104335,0.0773652066852434
0.665,3.08361742886986,0.0773027389383085
0.67,3.07688648864588,0.0772441210852819
0.675,3.07002851451595,0.0771806298988464
0.68,3.06300936771537,0.0771096088643343
0.685,3.05600860740762,0.0770394404732336
0.69,3.04893943895342,0.07696630780549
0.695,3.04177957978243,0.0768904918043992
0.7,3.0343743468434,0.0768031553518679
0.705,3.02705988102307,0.0767195714720278
0.71,3.01973666384387,0.0766350980962531
0.715,3.01247715696439,0.0765520640554498
0.72,3.00541861525496,0.0764763644227203
0.725,2.99853079209923,0.0764083653472282
0.73,2.99158088445299,0.0763362665314853
0.735,2.98478746366113,0.0762711182946137
0.74,2.97792816912666,0.076202883407907
0.745,2.97106808643059,0.0761332625362287
0.75,2.96436862750868,0.0760703562185511
0.755,2.95767143676604,0.0760073804729351
0.76,2.95095036539786,0.0759428763138153
0.765,2.94423511603242,0.0758788776356469
0.77,2.93744041523259,0.0758105867623088
0.775,2.93073461085623,0.0757448389135897
0.78,2.92417472257467,0.0756859748744746
0.785,2.91751268052397,0.0756218919008828
0.79,2.91092108357975,0.0755594569776162
0.795,2.90450329779617,0.075504320162726
0.8,2.89808835080528,0.075449603711623
0.805,2.89155090798907,0.0753902136965628
0.81,2.88483944872641,0.0753226058919301
0.815,2.87814147488437,0.0752549864640785
0.82,2.87149616321576,0.0751889466269256
0.825,2.86494852182167,0.0751255608956672
0.83,2.85862360977569,0.0750709853569449
0.835,2.85237727068325,0.0750216516311044
0.84,2.8458497919728,0.0749589248243337
0.845,2.83935976365992,0.0748973038611425
0.85,2.83292999048889,0.0748369009926257
0.855,2.82667195063177,0.0747836089891573
0.86,2.82044901938625,0.0747320036527787
0.865,2.8141693053681,0.0746771186267517
0.87,2.80793595804451,0.0746237813174685
0.875,2.8017210766855,0.074571314897507
0.88,2.79550857136187,0.0745159659320168
0.885,2.78970842696913,0.0744765890358318
0.89,2.784203998685,0.0744523206281837
0.895,2.77847940008475,0.0744167038148249
0.9,2.77284063919748,0.0743842461612127
0.905,2.76722120298104,0.0743537221263302
0.91,2.76138279995148,0.0743140872365831
0.915,2.75536425520881,0.0742647072359202
0.92,2.74949666605858,0.0742206234834552
0.925,2.74379384291997,0.0741840917919962
0.93,2.73807121837627,0.0741454723046741
0.935,2.7324733359331,0.0741107673094982
0.94,2.72708374311039,0.0740844845342466
0.945,2.72180123560154,0.0740631543029317
0.95,2.71647217281769,0.0740393899952054
0.955,2.71107601436071,0.0740137612545
0.96,2.70549116140801,0.0739775047479713
0.965,2.70003434712871,0.0739477902205157
0.97,2.69447517662062,0.0739123932629172
0.975,2.68894410718247,0.0738787041508367
0.98,2.68328808060508,0.0738399612175592
0.985,2.67748147514018,0.0737931451372809
0.99,2.67172907606566,0.0737488763077998
0.995,2.66590630755105,0.0737020253712943
1,2.65992557625224,0.0736479947460637
1.005,2.65384721495825,0.073589382572138
1.01,2.64778425379474,0.0735279729693816
1.015,2.64215236435155,0.0734852508108069
1.02,2.6366496322351,0.073449934965888
1.025,2.6309532377299,0.0734049040905802
1.03,2.62525985445748,0.0733593191300662
1.035,2.61961961792993,0.0733150575627391
1.04,2.61405027630204,0.0732751304546861
1.045,2.60831846450807,0.0732272430481545
1.05,2.60255766968647,0.0731773127054725
1.055,2.59683136545402,0.0731284938958376
1.06,2.59110094389018,0.0730802243619239
1.065,2.58529213257927,0.073025090092529
1.07,2.57978337353896,0.0729851032856999
1.075,2.57419581691088,0.0729386368551786
1.08,2.56886267806591,0.0729043442361012
1.085,2.56347107148728,0.0728683170751647
1.09,2.55793921196474,0.0728233038155945
1.095,2.55256844666161,0.0727873381919576
1.1,2.54703752491351,0.0727421419905852
1.105,2.54156669950037,0.0727017943157978
1.11,2.53582621804227,0.0726482760328512
1.115,2.53006474539635,0.0725917482688322
1.12,2.52449073442145,0.0725439982845141
1.125,2.5188977896291,0.0724958112591027
1.13,2.51321056423606,0.0724423410120704
1.135,2.50756103045606,0.0723899787636476
1.14,2.50199392002559,0.072339275072978
1.145,2.49664441330669,0.072299318370292
1.15,2.49124935412301,0.0722566313815367
1.155,2.48587382998118,0.0722138209739422
1.16,2.48055054158281,0.0721742794726486
1.165,2.47506950379235,0.0721284874586469
1.17,2.4693395801727,0.0720713812433787
1.175,2.46344417233126,0.0720059535763189
1.18,2.45747308971667,0.071938997624852
1.185,2.45121431598391,0.0718574995130234
1.19,2.44496705168704,0.0717760672947196
1.195,2.43874239438804,0.0716956871834615
1.2,2.43248736085439,0.0716137855480595
1.205,2.42617524458239,0.0715302325037635
1.21,2.41972911513072,0.0714382601133832
1.215,2.41345760687777,0.0713554082356015
1.22,2.40708752700867,0.0712674858090392
1.225,2.40074322696422,0.0711791214924342
1.23,2.39458376578672,0.0710989635473084
1.235,2.38852441993387,0.0710220013393026
1.24,2.38260522754446,0.0709529588443581
1.245,2.37654866236449,0.0708765601826002
1.25,2.37049549292306,0.0708009273143652
1.255,2.36436100640872,0.0707200487588533
1.26,2.35829533865264,0.0706439371468163
1.265,2.35203762474542,0.0705584976329038
1.27,2.34572800935812,0.0704698229429688
1.275,2.33944429504699,0.0703831803610826
1.28,2.33308133833325,0.0702906830918621
1.285,2.32689444880724,0.0702073860536978
1.29,2.32062422210988,0.0701197999710907
1.295,2.31429909686957,0.0700312120773417
1.3,2.30774842271634,0.0699313364429514
1.305,2.30118535067714,0.0698302234139649
1.31,2.29468988219156,0.0697313462322731
1.315,2.28828302165123,0.0696374380632423
1.32,2.28177097806412,0.069538908609992
1.325,2.27514968978216,0.0694354410591939
1.33,2.26845639272999,0.0693278451577701
1.335,2.26179025056384,0.0692222278744058
1.34,2.25506450888207,0.0691118625692705
1.345,2.24852859258971,0.0690105989830294
1.35,2.24201973719711,0.0689098521185485
1.355,2.23558542663199,0.0688124092775665
1.36,2.22917854848099,0.0687158983841875
1.365,2.22279446070937,0.0686203663096907
1.37,2.21637460984799,0.0685242648022152
1.375,2.20982608810692,0.0684200368611617
1.38,2.20341779150298,0.0683235074657496
1.385,2.19690114290684,0.0682219713617828
1.39,2.19034407969054,0.0681165745027728
1.395,2.18398170273594,0.068019901434204
1.4,2.1777222057676,0.0679275169700515
1.405,2.17150362765477,0.0678384248963914
1.41,2.16513855044407,0.0677413716926829
1.415,2.15881000517117,0.0676453807929428
1.42,2.15251472973889,0.0675520729584149
1.425,2.14612010678179,0.0674520519290825
1.43,2.13987836812526,0.0673592406141059
1.435,2.13367503016845,0.0672677989391893
1.44,2.12751081750296,0.0671777941351391
1.445,2.12137183711793,0.0670890340926603
1.45,2.11524565735909,0.0669988453648
1.455,2.10933155752355,0.0669175480920213
1.46,2.10361930008004,0.066844473851153
1.465,2.09811739553157,0.066780264390717
1.47,2.09273375114961,0.0667239026647171
1.475,2.08715271509283,0.0666576445687537
1.48,2.08150611646675,0.0665864933451639
1.485,2.07598048017284,0.0665200116408265
1.49,2.07058474985751,0.0664592896310646
1.495,2.06528366240708,0.0664013780016457
1.5,2.06017676741034,0.0663512471463836
1.505,2.05525343190284,0.0663102013023867
1.51,2.05037518206855,0.0662699219046674
1.515,2.04558544912556,0.0662342718359193
1.52,2.04075806445736,0.0661966484151805
1.525,2.03587905436675,0.0661559792778576
1.53,2.03103396585058,0.0661136409380418
1.535,2.02645099237618,0.0660838664953521
1.54,2.02195389323183,0.0660586324872777
1.545,2.01743864656492,0.0660313440410683
1.55,2.0129861538501,0.0660055712746826
1.555,2.00862416195295,0.0659850630929488
1.56,2.00420705094396,0.0659606796210065
1.565,1.99985806300847,0.0659366753037773
1.57,1.99572161218772,0.0659237987701352
1.575,1.99162524934941,0.0659109916707337
1.58,1.98768619415519,0.0659039224809477
1.585,1.98393973659222,0.0659062793415233
1.59,1.98027976849026,0.0659114680845778
1.595,1.97671620228935,0.0659216743303697
1.6,1.97312261356706,0.0659307440896719
1.605,1.96948696149534,0.0659343599308658
1.61,1.96600344684574,0.0659462589553409
1.615,1.9625218760831,0.0659569728932369
1.62,1.95909947128465,0.0659693617246133
1.625,1.95573961009135,0.0659852139779667
1.63,1.95236618593867,0.0659986228287534
1.635,1.94904333655342,0.0660149155737927
1.64,1.94571049587748,0.0660283673845822
1.645,1.94250012831847,0.0660469073884816
1.65,1.93939716432794,0.0660701420379341
1.655,1.93637021911396,0.0660962928396113
1.66,1.93341678936974,0.0661250632480098
1.665,1.93054145666724,0.0661569941569217
1.67,1.92765523130065,0.0661911578842086
1.675,1.92451339852137,0.0662118803969996
1.68,1.9212438093461,0.0662219001908679
1.685,1.91807459099896,0.0662395997897945
1.69,1.9147648284913,0.0662481675966294
1.695,1.91144284962473,0.0662558881772367
1.7,1.90810965372225,0.0662609140383516
1.705,1.90486246962325,0.0662702136450558
1.71,1.90167324943443,0.066279726368362
1.715,1.89865297348889,0.0662980389138437
1.72,1.89573096612021,0.0663184192487303
1.725,1.89299759950199,0.0663495774928376
1.73,1.89028743046345,0.0663803788307511
1.735,1.88767914211046,0.0664141608785671
1.74,1.88523796432236,0.0664562402403751
1.745,1.88288844375188,0.06650234370451
1.75,1.8805888774731,0.0665510583919321
1.755,1.87829350750579,0.0665983545550536
1.76,1.87599797677632,0.0666480002226727
1.765,1.87351135238111,0.0666865868854818
1.77,1.87088763569837,0.0667181151698549
1.775,1.86816385842174,0.066740881425848
1.78,1.86551255948133,0.0667687826008379
1.785,1.86275937352442,0.0667916121607693
1.79,1.85986630819921,0.0668065561988908
1.795,1.85692563301682,0.0668150470273228
1.8,1.85412564852185,0.0668325005951271
1.805,1.85128390541235,0.0668464923805028
1.81,1.84842023485019,0.0668602017007666
1.815,1.84544014336353,0.0668670265380522
1.82,1.84241552532927,0.066869038181373
1.825,1.83948571414217,0.0668750134726735
1.83,1.83663529372453,0.0668850543929879
1.835,1.83377785325269,0.066895439876524
1.84,1.83084457329536,0.0669000673996828
1.845,1.82791805638785,0.0669047961695658
1.85,1.8249495742037,0.0669076646091732
1.855,1.82192138855214,0.0669046979300049
1.86,1.81893526446489,0.0669057621223441
1.865,1.81584211592792,0.0668991992870302
1.87,1.81270193504822,0.0668923446448628
1.875,1.80940152003243,0.0668731097369747
1.88,1.80617877055839,0.066858539360932
1.885,1.80293434084288,0.0668420645291505
1.89,1.79965014187854,0.0668245785047899
1.895,1.79622627876614,0.0667988680318293
1.9,1.79270890196926,0.0667678802642071
1.905,1.7891328477949,0.066731758012972
1.91,1.78563617307577,0.0666980847890633
1.915,1.78223553999332,0.0666710480315066
1.92,1.77876456989032,0.0666393483445119
1.925,1.77527043948968,0.0666055101778171
1.93,1.77180264128643,0.0665713360081492
1.935,1.76839446926076,0.0665416804063353
1.94,1.7649261156972,0.0665067756087518
1.945,1.76146795852259,0.0664740760200924
1.95,1.75789282457163,0.066433158920364
1.955,1.75432341513859,0.0663920748127179
1.96,1.75072597511229,0.0663502632702251
1.965,1.74703379984581,0.066301995063728
1.97,1.74332800121378,0.0662525287613273
1.975,1.73965006157657,0.0662016929411451
1.98,1.7361215344042,0.0661597099211689
1.985,1.73259613465314,0.0661175766332896
1.99,1.72900936409551,0.0660740323510579
1.995,1.7252762937544,0.0660188335734261
2,1.72162470877833,0.0659689873457713
2.005,1.71791428050862,0.0659160976046499
2.01,1.71413546706932,0.0658579778912245
2.015,1.71038431646748,0.0658003302826592
2.02,1.70668928858122,0.0657448721198695
2.025,1.70308942650358,0.0656919564309803
2.03,1.69966829685022,0.0656492223384902
2.035,1.69623978713529,0.0656086487327442
2.04,1.69265759280264,0.0655563036098328
2.045,1.68914281464785,0.0655071591975367
2.05,1.68567124900189,0.0654595064890932
2.055,1.68227054537686,0.0654137903061913
2.06,1.67898683315245,0.0653746635229022
2.065,1.67574718693524,0.065336516242172
2.07,1.67257139628642,0.0653020824241495
2.075,1.66938178579984,0.06526658746681
2.08,1.66613790598453,0.0652287383038077
2.085,1.66281407207034,0.0651838942300095
2.09,1.65952289477967,0.0651418311475434
2.095,1.65620400123351,0.0650949764677469
2.1,1.65303796819369,0.0650552074805438
2.105,1.650020014287,0.065022864304218
2.11,1.64712701121838,0.0649958002029376
2.115,1.64435010331696,0.0649759589110903
2.12,1.64154914327033,0.0649552864575143
2.125,1.63868135954207,0.0649290891688772
2.13,1.6358368102722,0.064902880595791
2.135,1.63305213235239,0.0648787676539188
2.14,1.6303186994572,0.0648579839895112
2.145,1.62757419895776,0.0648348372197096
2.15,1.62486200214731,0.0648136523484634
2.155,1.62221175760387,0.0647903213378033
2.16,1.61979328368126,0.0647838188436827
2.165,1.61735578772159,0.0647719871623479
2.17,1.61507393443717,0.0647689669131056
2.175,1.61289735461496,0.0647691674638927
2.18,1.61084066269251,0.0647786606247029
2.185,1.60871397567956,0.0647828855655873
2.19,1.6066153655935,0.0647846012101573
2.195,1.60465001362179,0.0647961875037473
2.2,1.60259420934603,0.0648037839786177
2.205,1.60040307370657,0.0648009376141909
2.21,1.59822327089208,0.064796753598528
2.215,1.59614912085687,0.0647956646303674
2.22,1.59426374489851,0.0648044094472959
2.225,1.59254157763326,0.0648208228048299
2.23,1.59096185719013,0.06484590393441
2.235,1.58939268766877,0.0648728195305363
2.24,1.58778892949752,0.0648937049085415
2.245,1.58628097135193,0.0649206826930945
2.25,1.58477605201611,0.064947289525518
2.255,1.58326279754166,0.0649722952878902
2.26,1.5817700290619,0.0649967037549023
2.265,1.5802966474125,0.0650236326443388
2.27,1.57872700401676,0.065044548136733
2.275,1.57705446763855,0.0650588698926439
2.28,1.57532022985048,0.0650668602939575
2.285,1.57364667447527,0.0650762813541993
2.29,1.5720502305785,0.0650910195669112
2.295,1.57048098344,0.0651038835843187
2.3,1.56900307443876,0.065124122494705
2.305,1.56751792909138,0.0651399577158537
2.31,1.56620042127968,0.065162816068948
2.315,1.56510207916382,0.0651976509878257
2.32,1.56414911415836,0.0652418697846184
2.325,1.56322086660686,0.0652877752660065
2.33,1.5622893897842,0.0653311233068153
2.335,1.56142978766311,0.0653770404291714
2.34,1.5606018551222,0.0654275161476194
2.345,1.55967618559839,0.0654697147005326
2.35,1.55877205090563,0.0655099303416236
2.355,1.55796635061516,0.0655561839444995
2.36,1.55719045966314,0.0656036604496276
2.365,1.55648127862355,0.0656508182180547
2.37,1.55593967111964,0.0657087424150072
2.375,1.5554653728684,0.0657700610480581
2.38,1.55504663124592,0.0658332079135556
2.385,1.55465960274192,0.065899678195042
2.39,1.55421857238673,0.0659612784558382
2.395,1.55374056775008,0.06602073704672
2.4,1.55319409249778,0.0660749117464555
2.405,1.55265803489245,0.0661251146383986
2.41,1.55222872494895,0.0661837861518266
2.415,1.55178589448978,0.0662399796156329
2.42,1.55137687112629,0.066296276757092
2.425,1.55105190089435,0.0663558483709385
2.43,1.55079190690898,0.0664210401231114
2.435,1.5504859731996,0.0664826255422615
2.44,1.55016182821519,0.066540529999792
2.445,1.54988047804127,0.0666003896378293
2.45,1.54963301017074,0.0666609621646369
2.455,1.54935291574972,0.0667234252798098
2.46,1.54887517513067,0.0667719843046625
2.465,1.54831074022635,0.0668108850175154
2.47,1.54775004263913,0.0668524215033325
2.475,1.54706543950397,0.0668852882198051
2.48,1.54629132483624,0.0669110434958503
2.485,1.54552161667654,0.0669329386608239
2.49,1.54488537046061,0.0669620816110697
2.495,1.54431766576165,0.0669972838255239
2.5,1.54374783136636,0.0670285296577494
2.505,1.54323561225857,0.0670657273810474
2.51,1.5426476046089,0.0670971318417094
2.515,1.54200215010742,0.0671240514777659
2.52,1.54127160862999,0.0671470842898755
2.525,1.54041374578857,0.0671592474230592
2.53,1.53955663202314,0.0671688914107328
2.535,1.5388014541337,0.067181813114825
2.54,1.53820185985525,0.067204324777271
2.545,1.53773635686946,0.0672318800170799
2.55,1.53743828771753,0.0672712041076677
2.555,1.53722702260892,0.0673130871531492
2.56,1.53712256113395,0.0673631777203952
2.565,1.53704484603061,0.0674124571399958
2.57,1.53699688913451,0.0674657899169363
2.575,1.53691275599974,0.0675127609618083
2.58,1.53681702889164,0.0675639030635832
2.585,1.53649988171986,0.0676002979820561
2.59,1.53602970613525,0.0676231074360684
2.595,1.53554965905034,0.0676436426290624
2.6,1.53506370099611,0.0676644808231108
2.605,1.53452365268038,0.0676803723975258
2.61,1.53397831768975,0.0676939382544272
2.615,1.5334671172442,0.0677088820250831
2.62,1.53300582584475,0.0677244113893655
2.625,1.53265083624222,0.0677455661948137
2.63,1.53244154635654,0.0677718462524484
2.635,1.53241920797389,0.0678123068781128
2.64,1.53247803524502,0.0678544643362155
2.645,1.53263611853327,0.0679057854409054
2.65,1.53278173562712,0.0679532715583222
2.655,1.53292984481401,0.0680036983122834
2.66,1.53296973570403,0.0680451601114547
2.665,1.53295355154223,0.068081969010972
2.67,1.53290007604154,0.0681149898629634
2.675,1.53283838362844,0.0681460388636623
2.68,1.53281385656935,0.0681768395735182
2.685,1.53291229801197,0.0682125339656891
2.69,1.53316045522829,0.068258605537799
2.695,1.5334339832453,0.0683082633432473
2.7,1.53361502612891,0.0683521382898163
2.705,1.53373653782893,0.068387370526547
2.71,1.5338945784548,0.068426681489992
2.715,1.53406568075033,0.0684612671105289
2.72,1.53438934999146,0.0685057181295242
2.725,1.53478610531105,0.0685556281685084
2.73,1.53518148414795,0.0686051351398226
2.735,1.53553471619983,0.0686522609428793
2.74,1.53586862374888,0.0686932529344662
2.745,1.53622256401082,0.0687405670407921
2.75,1.53643182306291,0.0687753460057406
2.755,1.53659816133465,0.0688054576997824
2.76,1.5367699075894,0.0688342157333623
2.765,1.53699444922178,0.0688639956858935
2.77,1.53729074605346,0.0688989822187943
2.775,1.53761364424336,0.0689338754975379
2.78,1.53806502489808,0.0689712144717146
2.785,1.53871519122539,0.0690255078686392
2.79,1.53936482680255,0.0690797595709542
2.795,1.54001425906242,0.0691310692067504
2.8,1.5407013511558,0.0691854755707497
2.805,1.54134489121895,0.0692378635746634
2.81,1.5419156969114,0.0692830545811667
2.815,1.54245648489589,0.0693260279383108
2.82,1.54294486952552,0.0693648377094786
2.825,1.54339081891951,0.0693991650699179
2.83,1.54381591308413,0.0694316343210485
2.835,1.54415430886352,0.0694609892300742
2.84,1.54443143633421,0.0694769866405544
2.845,1.54491656026207,0.0695062743850611
2.85,1.54547956554821,0.0695450468925847
2.855,1.54597613938496,0.0695762906397612
2.86,1.54649263752287,0.0696072281830849
2.865,1.54699193508508,0.0696397590963725
2.87,1.54742286502984,0.06966272884764
2.875,1.54790061163072,0.0696892694867047
2.88,1.54840668403239,0.069714561481427
2.885,1.5489784454861,0.0697450476848269
2.89,1.5495674821886,0.0697746264025113
2.895,1.55014093792807,0.069806510555805
2.9,1.55059084318055,0.0698277488637866
2.905,1.55107337132202,0.06984388082564
2.91,1.55169353701965,0.0698740900347301
2.915,1.55226361945743,0.0698989332533798
2.92,1.5528249453918,0.0699221115576341
2.925,1.55330925498199,0.0699440972165169
2.93,1.5536037312603,0.0699506893679587
2.935,1.55386186215662,0.0699490412412963
2.94,1.55423148181964,0.069954714462222
2.945,1.55466611797414,0.0699638344582109
2.95,1.55512390513522,0.0699755277852233
2.955,1.55557644872806,0.0699834847475678
2.96,1.55609007279196,0.0699952293495879
2.965,1.55658904445228,0.0700080955972967
2.97,1.55705593381625,0.0700129242222455
2.975,1.55760338950049,0.0700251181614235
2.98,1.55817186745055,0.0700348374935383
2.985,1.55883073294927,0.0700507609845483
2.99,1.55945306560397,0.0700685614439765
2.995,1.55992137413568,0.0700726907688647
3,1.56037005154094,0.0700717713942455
3.005,1.56087829188397,0.0700745069405014
3.01,1.56144553531554,0.0700783430036593
3.015,1.56216160441665,0.0700884075080954
3.02,1.56304161315438,0.0701114920103009
3.025,1.56396215007983,0.0701368989680336
3.03,1.5649189960962,0.0701625512294513
3.035,1.56590991327623,0.0701917097653464
3.04,1.56684663214076,0.0702176205522819
3.045,1.56771006290122,0.070236718642234
3.05,1.56862650960699,0.0702523071733508
3.055,1.569694526519,0.0702819201164601
3.06,1.5707595541695,0.0703098817314229
3.065,1.57182261948343,0.070337582100315
3.07,1.57289159296788,0.0703625581635897
3.075,1.57406002140268,0.0703909896864464
3.08,1.57536030937988,0.0704285591195968
3.085,1.57675794967644,0.0704705246621988
3.09,1.57828605486823,0.0705194905662742
3.095,1.57991997925761,0.070576765281424
3.1,1.58156915328643,0.0706355081899417
3.105,1.58318001741962,0.0706916227179434
3.11,1.58470808018797,0.0707426874495065
3.115,1.58616495893794,0.0707849095349309
3.12,1.5876504277003,0.0708273250181492
3.125,1.58918007883107,0.070871855165373
3.13,1.59073000472864,0.0709178547540256
3.135,1.5922682241918,0.0709621248613324
3.14,1.59381013735396,0.0710046078636262
3.145,1.59544281861269,0.0710482322839886
3.15,1.59727461859539,0.0711036306618144
3.155,1.59924886723679,0.0711713447851417
3.16,1.60124484175513,0.0712403569294953
3.165,1.60319985566485,0.0713083371237413
3.17,1.60512987183091,0.0713680250930046
3.175,1.60713621982435,0.0714349442016475
3.18,1.60919508084873,0.0715003040976573
3.185,1.61141159482747,0.0715751610795027
3.19,1.61369164447289,0.071659266362045
3.195,1.61589284874918,0.0717363222545724
3.2,1.61808077601713,0.0718085714996236
3.205,1.62036488746044,0.0718839990679113
3.21,1.62274403359456,0.0719686073952775
3.215,1.62513010084083,0.0720520175296196
3.22,1.62753404437604,0.0721360912157616
3.225,1.63000301370533,0.0722196576453228
3.23,1.63260967984412,0.0723130984285829
3.235,1.63523552429669,0.0724119798058397
3.24,1.63775045471355,0.0725027410015082
3.245,1.6402487182135,0.0725846400222244
3.25,1.64284014328524,0.0726757215602854
3.255,1.64543137032961,0.0727655334152275
3.26,1.64805523700306,0.0728548858355464
3.265,1.65067917967188,0.0729482706053595
3.27,1.65326062564319,0.0730325298191601
3.275,1.65594303366793,0.0731217154456037
3.28,1.65874468005144,0.0732181531884113
3.285,1.66154642077817,0.0733213118324466
3.29,1.66419980237306,0.073411119826651
3.295,1.66682258848362,0.0734938434211336
3.3,1.66943929626468,0.073580232504342
3.305,1.67194048146114,0.073657063557396
3.31,1.67438908727234,0.0737265869844012
3.315,1.67685449707935,0.0737963142601392
3.32,1.67927369128476,0.0738661591655223
3.325,1.6816591128748,0.0739251345143885
3.33,1.6841086890874,0.0739935511477128
3.335,1.68649469036946,0.0740551137936385
3.34,1.68885310692021,0.0741142154278992
3.345,1.69117258743278,0.0741699944649292
3.35,1.69350914665506,0.0742218740840467
3.355,1.69587195646059,0.0742807113643703
3.36,1.6981431179972,0.0743301173801456
3.365,1.70041167500539,0.0743763994393842
3.37,1.70272101084223,0.0744248837044153
3.375,1.70507153884325,0.0744743575734282
3.38,1.70750828253405,0.07452691143579
3.385,1.70998252962871,0.0745869891794791
3.39,1.71238940700415,0.074638806027642
3.395,1.71476797969621,0.0746897952295466
3.4,1.71706646716986,0.0747346921929737
3.405,1.71936341562188,0.0747730538754857
3.41,1.72177935133835,0.0748194069035974
3.415,1.72427837158523,0.0748708221212763
3.42,1.72683274347977,0.0749259282088742
3.425,1.72938732549342,0.0749821758294602
3.43,1.73194732345488,0.0750341541293897
3.435,1.7346297079951,0.0750914675387274
3.44,1.73739978556403,0.0751588564680532
3.445,1.740102783711,0.0752228231969772
3.45,1.74272563651756,0.0752782478310692
3.455,1.74537212778958,0.0753309815134721
3.46,1.74814387389798,0.0753896203418834
3.465,1.7510156800466,0.0754578889383443
3.47,1.75395815605312,0.0755256439706871
3.475,1.75701341334014,0.0756038461787686
3.48,1.76009771338702,0.0756825757112731
3.485,1.76327720006782,0.0757630600913685
3.49,1.76651508211682,0.0758546146367358
3.495,1.76964956085181,0.0759367850368508
3.5,1.77275115771972,0.0760134016716256
3.505,1.77587257693219,0.0760905983676176
3.51,1.77903154079897,0.076167914723167
3.515,1.78225135644583,0.0762490403513891
3.52,1.78554933610464,0.0763322827719092
3.525,1.78889378898491,0.0764231322803674
3.53,1.7921863969073,0.076508021123642
3.535,1.79539063396348,0.0765908752791644
3.54,1.79845516692543,0.0766597223160091
3.545,1.80144562812775,0.0767239297820184
3.55,1.80437984435403,0.076780450282811
3.555,1.8072593727726,0.0768369216530991
3.56,1.81007668523783,0.0768819688131362
3.565,1.81291256119381,0.0769317443718122
3.57,1.81576197406805,0.0769749737505058
3.575,1.81873217901577,0.077028180395939
3.58,1.82177751287149,0.0770838246871
3.585,1.8248273306802,0.0771459180125864
3.59,1.82781435549568,0.0771966933668673
3.595,1.83083761176685,0.0772517739425309
3.6,1.83383336955489,0.0773040073719411
3.605,1.83683442405764,0.0773536690221539
3.61,1.83985194391617,0.0774057681405299
3.615,1.84280247307138,0.0774545894729025
3.62,1.84570117322183,0.0774949881820716
3.625,1.84866563174272,0.0775372250775549
3.63,1.85174495716011,0.0775851760989745
3.635,1.85492850837943,0.0776410365847071
3.64,1.85813072691415,0.0776998073017475
3.645,1.86132111451453,0.0777550330757433
3.65,1.86454886372992,0.077811283152225
3.655,1.86786933960619,0.0778698154643551
3.66,1.87126368048386,0.0779377520004903
3.665,1.87463938029831,0.0780016221903411
3.67,1.87795030127136,0.0780661382007522
3.675,1.88115642218967,0.0781170485479762
3.68,1.88439148374853,0.0781685494672959
3.685,1.88766708070083,0.0782215861150386
3.69,1.89097027114615,0.0782766406925333
3.695,1.89424450438664,0.0783309372195164
3.7,1.89744453114869,0.0783794511311429
3.705,1.90069399355374,0.0784222145341856
3.71,1.90418739838739,0.0784790228996494
3.715,1.90774515171625,0.0785519993996785
3.72,1.91113378734711,0.0786098534787774
3.725,1.91441245593042,0.0786600687554254
3.73,1.91765610078098,0.0787015325498888
3.735,1.92098926051171,0.0787477989024229
3.74,1.92442457297832,0.0787990634007396
3.745,1.9279288284041,0.0788570557606445
3.75,1.93141992503962,0.0789141070636376
3.755,1.93495896958446,0.0789682247267827
3.76,1.9386479995066,0.0790318038304618
3.765,1.94238503664616,0.0791032836393713
3.77,1.94608298031222,0.07916906443886
3.775,1.94986418241425,0.0792344979379852
3.78,1.95381432059917,0.0793111761918346
3.785,1.95785421498088,0.0793962963921997
3.79,1.96190382987567,0.0794816099828459
3.795,1.96595049673155,0.0795660636967729
3.8,1.96994155237886,0.079649138039887
3.805,1.97391486172277,0.0797234582128667
3.81,1.9779743264927,0.0798047829296956
3.815,1.98198810151817,0.0798876990808894
3.82,1.98594292124802,0.0799594250296844
3.825,1.9899862019641,0.0800350931839224
3.83,1.99410940514355,0.0801168165975496
3.835,1.99833825002698,0.0802004751013511
3.84,2.00268698871933,0.0802954986405743
3.845,2.0070902580773,0.0803915135841466
3.85,2.01150131749676,0.0804924342201272
3.855,2.01589794003963,0.0805860941861776
3.86,2.0203412186744,0.0806850623325326
3.865,2.02477397679039,0.0807820924250709
3.87,2.02922930462808,0.0808780823797934
3.875,2.03372273168611,0.0809768133213346
3.88,2.03828841473078,0.0810756962646948
3.885,2.04295543288826,0.0811831775552114
3.89,2.04761444088806,0.0812926873025931
3.895,2.05218059018671,0.0813964813598063
3.9,2.05675150503463,0.0814918833011742
3.905,2.06140037018162,0.0815967677041013
3.91,2.0660852836137,0.0816990787783616
3.915,2.07077887905223,0.0818080508401834
3.92,2.07543004882126,0.0819079283018078
3.925,2.0801482166451,0.0820111489086679
3.93,2.0849083821368,0.0821180454747893
3.935,2.08966080967787,0.082224554810911
3.94,2.09440155477618,0.0823285329445129
3.945,2.09912607376118,0.0824320930796962
3.95,2.1038574417156,0.0825319295697395
3.955,2.10862589400888,0.0826355270383485
3.96,2.11337813456228,0.0827379229135178
3.965,2.11808905486893,0.082837594151367
3.97,2.12284740581758,0.0829328051017256
3.975,2.12758045842794,0.0830385153994261
3.98,2.13213108251779,0.0831256877001764
3.985,2.13664551886994,0.0832075887078945
3.99,2.14118037558095,0.0832889468888946
3.995,2.14569230137479,0.0833720089861765
4,2.1500992791487,0.0834477759172732
4.005,2.15448245660571,0.0835156768005567
4.01,2.15882213259963,0.0835880566185605
4.015,2.16305199226486,0.0836467289945334
4.02,2.16728971922478,0.0837048711193392
4.025,2.17162667931379,0.0837628695283113
4.03,2.17615116875688,0.0838332408247166
4.035,2.18074458076192,0.0839128103286552
4.04,2.18535980891513,0.0839888907619171
4.045,2.19006704222907,0.0840704281170435
4.05,2.19487976872842,0.0841563518914825
4.055,2.19976407672492,0.0842498703915245
4.06,2.20466640750288,0.0843423943440562
4.065,2.20957481967423,0.0844367995833116
4.07,2.21437885625428,0.0845279901079309
4.075,2.21900628782122,0.0846067172940586
4.08,2.22359463889361,0.0846739754821425
4.085,2.22831771496766,0.0847477419550408
4.09,2.23315572494153,0.0848304367944905
4.095,2.23796172155579,0.0849164526921328
4.1,2.24266342825885,0.0849923173574814
4.105,2.24739721939823,0.0850640454218918
4.11,2.25224125641329,0.085143267943011
4.115,2.25718405552228,0.085226840692743
4.12,2.26215774726219,0.0853169488001197
4.125,2.26715899104764,0.085401814024194
4.13,2.27216636220402,0.0854947454407833
4.135,2.27707119074051,0.0855773382099651
4.14,2.28200093742336,0.0856562601333365
4.145,2.28701968723683,0.0857410336306065
4.15,2.29209380425971,0.0858292126918336
4.155,2.29727640722991,0.0859191324763604
4.16,2.3025310020432,0.0860198328364297
4.165,2.3077205588241,0.0861160801406986
4.17,2.31293442590206,0.0862069894037057
4.175,2.31823535506312,0.0863054670087407
4.18,2.32355829379022,0.0864051868291079
4.185,2.32887276586881,0.0865047154901021
4.19,2.33425970907255,0.0866016403191257
4.195,2.33975800911099,0.0867093467355843
4.2,2.34516652196247,0.0868179426701235
4.205,2.3504419015942,0.0869120989462623
4.21,2.355732569396,0.0870031219047643
4.215,2.36116010253947,0.0870979449463247
4.22,2.36674725324311,0.087204718046075
4.225,2.37248582275993,0.087317365948107
4.23,2.37827787982968,0.0874415903159726
4.235,2.38404453020859,0.0875584947318281
4.24,2.3898448793134,0.0876784426997779
4.245,2.3957459641198,0.0877978403541473
4.25,2.40177342908135,0.0879292110720361
4.255,2.40785522249521,0.0880623542209524
4.26,2.41394592551302,0.0881990265419218
4.265,2.41992591439463,0.088331542294309
4.27,2.42583578657082,0.0884527957770803
4.275,2.43189299046742,0.088575502788994
4.28,2.43803926708422,0.0887138448529321
4.285,2.44413757678932,0.0888454047223248
4.29,2.45037767296347,0.0889764995474307
4.295,2.45671820305008,0.0891244879760599
4.3,2.46299080275529,0.08926596179564
4.305,2.46930498039778,0.0894041826269323
4.31,2.47570238809309,0.0895495303373717
4.315,2.48217182886543,0.0896964727458816
4.32,2.48880573578191,0.0898493489628282
4.325,2.49551123581907,0.0900152640751433
4.33,2.50221138802339,0.0901753510766858
4.335,2.50896641347771,0.0903393407193681
4.34,2.51570899886571,0.0905048185843356
4.345,2.52236734029871,0.0906658834191521
4.35,2.52893112023616,0.0908196128677467
4.355,2.53549962238874,0.090967682217573
4.36,2.54218721241663,0.0911206353182358
4.365,2.5489697374931,0.0912819435030819
4.37,2.5557574452347,0.0914451940134379
4.375,2.5625215813131,0.0916058136877158
4.38,2.56936796388406,0.0917648348604246
4.385,2.57634846983326,0.0919341381465431
4.39,2.58338232504062,0.0921083176932038
4.395,2.59046647870735,0.0922829147572685
4.4,2.59755230401553,0.0924619504474377
4.405,2.60465329190542,0.0926355954187355
4.41,2.61184537869811,0.0928150725853698
4.415,2.61914548851277,0.0929986485364028
4.42,2.62648116019879,0.0931900723802788
4.425,2.63385598837767,0.0933770030163239
4.43,2.64126356535113,0.0935717843851176
4.435,2.64869279243457,0.0937617878186301
4.44,2.65627225963685,0.0939577944422201
4.445,2.66401383339644,0.0941649107548719
4.45,2.67178338387849,0.0943797500329925
4.455,2.6795424562038,0.0945895085030883
4.46,2.68732129927753,0.0948017721396693
4.465,2.69505306053317,0.0950129678643606
4.47,2.70291026911569,0.0952185178620613
4.475,2.7109020069017,0.0954431401287718
4.48,2.71883578037179,0.0956648382921714
4.485,2.72671692413721,0.095881407245306
4.49,2.73452145841926,0.0960955274602044
4.495,2.74231079297092,0.0963018905746717
4.5,2.75004949038676,0.0965125662462991
4.505,2.75774319513485,0.0967123565015588
4.51,2.76549329387483,0.0969157704187441
4.515,2.7732064488627,0.0971214151857369
4.52,2.78097887252243,0.0973197464388304
4.525,2.78884419964977,0.0975304559834302
4.53,2.79677175688751,0.0977397762978697
4.535,2.80464956776681,0.0979565240268393
4.54,2.81234395519562,0.0981599482647478
4.545,2.81993776080678,0.0983531875352421
4.55,2.82742060919542,0.0985429162817838
4.555,2.83479935071543,0.0987220880692564
4.56,2.8422239020965,0.0988976456717312
4.565,2.84964039731537,0.0990804703831897
4.57,2.85714207119455,0.099255005197277
4.575,2.86488386169385,0.099445249907513
4.58,2.87259724841471,0.0996478423497964
4.585,2.8802126090295,0.0998356088271109
4.59,2.88780154198912,0.10002410514812
4.595,2.89534423671272,0.100208028355988
4.6,2.90290956716057,0.100389694785466
4.605,2.91049585338447,0.100574788655403
4.61,2.91803621231912,0.100758304096887
4.615,2.9256038178431,0.100937075551818
4.62,2.93339747458259,0.101121849578626
4.625,2.94126732300024,0.101325508065856
4.63,2.94915085841575,0.1015207902395
4.635,2.95702312320927,0.101723609310293
4.64,2.96483081450475,0.101918012495809
4.645,2.97261522169804,0.102111375170706
4.65,2.9804260827591,0.102302123814236
4.655,2.98827056926635,0.102496969613048
4.66,2.99603264246961,0.102691192966798
4.665,3.00372752642694,0.102876066233392
4.67,3.01128451113008,0.103060336929374
4.675,3.0187984066169,0.103229259460484
4.68,3.02642631301809,0.103405003759751
4.685,3.03404807424089,0.103586514606956
4.69,3.04156355592653,0.103761766939128
4.695,3.04902691870388,0.103929712046106
4.7,3.05650411194452,0.10409699059436
4.705,3.06394046402548,0.104265320282937
4.71,3.07131174598277,0.104427491898219
4.715,3.07863032580516,0.104586691224369
4.72,3.08591902318372,0.104741689272259
4.725,3.09321126260076,0.104895893385251
4.73,3.10046914367663,0.105050127434267
4.735,3.10772402870467,0.105199719327757
4.74,3.11501289377509,0.105351711604317
4.745,3.12246317109088,0.105504398812663
4.75,3.1298918923686,0.105672569744396
4.755,3.13711231174701,0.105825297285015
4.76,3.14428035389344,0.105967292332667
4.765,3.15153653611025,0.106111278209792
4.77,3.15895062674853,0.106261945913664
4.775,3.16642138153421,0.106422878107629
4.78,3.17386163151359,0.106580734950185
4.785,3.18126868119061,0.106736874046688
4.79,3.18879178697522,0.106889962027404
4.795,3.19631283042199,0.107056518166932
4.8,3.20372834736022,0.10721152050821
4.805,3.21122737652251,0.107363562622035
4.81,3.21884350252641,0.10752557880363
4.815,3.22664157636734,0.107691048866748
4.82,3.23464448775795,0.10787165600094
4.825,3.24280219789883,0.108060857631807
4.83,3.25113798316358,0.108258563646169
4.835,3.25948301712818,0.108467243195418
4.84,3.26787128333189,0.10866796887061
4.845,3.27636558974893,0.108878160929141
4.85,3.28501560674741,0.109091363920233
4.855,3.29367160943425,0.109317350546894
4.86,3.30230085052393,0.109533927581221
4.865,3.31094209930649,0.109753925725434
4.87,3.31956929717288,0.109971960300726
4.875,3.3280874796538,0.110189308658599
4.88,3.3365111814254,0.11039555334754
4.885,3.34495698851647,0.110599598546534
4.89,3.3534952494986,0.110806697724804
4.895,3.36223898487197,0.111020095415176
4.9,3.37104060271271,0.111248711595615
4.905,3.37976011086881,0.111471626791088
4.91,3.38846816165552,0.111689779251633
4.915,3.39734892818115,0.111909482659771
4.92,3.40644260207912,0.112144465182627
4.925,3.41565743935538,0.112389108385474
4.93,3.42484103492722,0.112638379623937
4.935,3.43394355868858,0.112880835631334
4.94,3.44300879203504,0.113119479055759
4.945,3.45227315232492,0.113356521024863
4.95,3.46177702850862,0.113613499233632
4.955,3.47106988446162,0.113879685905119
4.96,3.48013093747071,0.114118571863858
4.965,3.489160827504,0.114352828864313
4.97,3.49794566651648,0.114586622379448
4.975,3.50660876725799,0.114796452860402
4.98,3.51544964458574,0.115009982490566
4.985,3.52444148335107,0.115237540381506
4.99,3.53346185461756,0.115469604517832
4.995,3.54257496035863,0.115700840084021
5,3.55169460549784,0.115940960439671
5.005,3.56072325487903,0.116175287190785
5.01,3.5698201379186,0.116404188304452
5.015,3.57900428855105,0.116642618884638
5.02,3.58804842380362,0.116882572195881
5.025,3.59698155286407,0.117107689318781
5.03,3.60594777585868,0.117331361352107
5.035,3.61494381600036,0.117558560172956
5.04,3.62395430809399,0.11778573730331
5.045,3.6330137010063,0.118013752429342
5.05,3.64202280900453,0.118245308016534
5.055,3.6511174002191,0.118469305189994
5.06,3.66038686243038,0.118705685161221
5.065,3.66972611132798,0.118950030734592
5.07,3.67894350607531,0.11919536260862
5.075,3.68800596843922,0.119428178876672
5.08,3.69705388845101,0.119653904136617
5.085,3.70604133957917,0.11988225080751
5.09,3.71506130226587,0.120102761200047
5.095,3.72404700121573,0.120330749694981
5.1,3.73299260395056,0.12055028190795
5.105,3.74191274904449,0.120770887525735
5.11,3.75084364800882,0.120987915048002
5.115,3.75970918741792,0.121207673455758
5.12,3.76853021358721,0.121419104112576
5.125,3.77724087195219,0.12163110450725
5.13,3.7858555353088,0.121831943493061
5.135,3.79449116404435,0.12203034523995
5.14,3.80315057089906,0.122231679920299
5.145,3.81175322969642,0.122432790327014
5.15,3.82040185528458,0.122628211627004
5.155,3.82889270450069,0.122830947108393
5.16,3.83709809832937,0.123013850706058
5.165,3.84524933171745,0.123182161626218
5.17,3.85326904970497,0.123354235366435
5.175,3.8612869098124,0.123510909545915
5.18,3.86930901564705,0.123676882626212
5.185,3.87723111610775,0.123836429848236
5.19,3.88512401214313,0.123990182840224
5.195,3.89306041081621,0.124144384604211
5.2,3.90095899571851,0.124301711093327
5.205,3.90911325802479,0.124452748013844
5.21,3.91750790859215,0.124631342739129
5.215,3.92614582166998,0.124813309227619
5.22,3.93493225253735,0.125014987869818
5.225,3.94364565532305,0.125217148145141
5.23,3.95215923113015,0.125411789364994
5.235,3.96049263649594,0.125592275130413
5.24,3.9687743029875,0.125764558368697
5.245,3.97720752329598,0.125936747131276
5.25,3.98561552245136,0.126122406870021
5.255,3.99399152966839,0.126296474025066
5.26,4.00222576239989,0.126474433897632
5.265,4.01043970387609,0.12663623866856
5.27,4.01866895408624,0.126806035684939
5.275,4.02696242065403,0.126971393963176
5.28,4.03539725517292,0.127144982192913
5.285,4.0437944318438,0.127325611089486
5.29,4.05209750597916,0.127497668842421
5.295,4.06021546648829,0.127666009883391
5.3,4.06811541875107,0.127819118149684
5.305,4.07611970130897,0.127961383141499
5.31,4.08430494709134,0.128120050454159
5.315,4.09260834675959,0.128283756052871
5.32,4.10119267260174,0.128454414547323
5.325,4.10997239380175,0.128645697468174
5.33,4.11868363712676,0.128840862492028
5.335,4.1274031787316,0.129026850521659
5.34,4.13640592567398,0.129218864318837
5.345,4.14549592271203,0.129432172991642
5.35,4.15446299273046,0.1296394775608
5.355,4.16334502694296,0.129838962560123
5.36,4.17232049746501,0.130035153684794
5.365,4.18136930287863,0.130241341392375
5.37,4.19044652307253,0.130447375667813
5.375,4.19943365631792,0.130655584389483
5.38,4.20840449098247,0.13085389987445
5.385,4.21755816296271,0.131056414908179
5.39,4.22697338677908,0.131272236141423
5.395,4.2361962463846,0.131502691512295
5.4,4.24508193144337,0.131706731324045
5.405,4.25365462318872,0.13189618639084
5.41,4.26193283275563,0.132066031676333
5.415,4.26991985789683,0.132221058380468
5.42,4.27786963322634,0.132358491501329
5.425,4.28598068614412,0.132503801276201
5.43,4.29426350635532,0.13265799415366
5.435,4.30261713566547,0.132821351434421
5.44,4.31101440184118,0.132984464316593
5.445,4.31945692864502,0.133151170378524
5.45,4.32790196316388,0.133319063464079
5.455,4.33644567084205,0.133485850393674
5.46,4.34513842159466,0.133661821383512
5.465,4.35368244221887,0.133844708239371
5.47,4.36207464319822,0.134009127374473
5.475,4.37059511562811,0.134171246786947
5.48,4.37936475603111,0.13434607975155
5.485,4.38840688574478,0.134534493872772
5.49,4.39730334718611,0.134738040020461
5.495,4.40603546299364,0.134918414293905
5.5,4.41468751509414,0.135098266517088
5.505,4.42348564763168,0.135270715648839
5.51,4.43237068212342,0.135460782437534
5.515,4.44118115874983,0.135646566880954
5.52,4.44996042401874,0.135827929247186
5.525,4.45875811522141,0.136008870171338
5.53,4.46759971943318,0.136191255488401
5.535,4.47643636892927,0.136376159094262
5.54,4.48527638794859,0.136558474637991
5.545,4.49408860015171,0.136742306347852
5.55,4.502788700408,0.136922144786553
5.555,4.51143576034159,0.137093994089267
5.56,4.52015286243685,0.137265847983327
5.565,4.52887868059719,0.137443549834502
5.57,4.53754774989544,0.137617606677267
5.575,4.54619900462642,0.13778845658497
5.58,4.55512643220067,0.137959344245173
5.585,4.56425864043905,0.138154798041576
5.59,4.57350989320284,0.138351659551019
5.595,4.58266097982583,0.138557810328354
5.6,4.59171709428803,0.138748567232946
5.605,4.60074825279567,0.138940365870143
5.61,4.6098911895786,0.139128781104908
5.615,4.6194284782278,0.139329038294388
5.62,4.62945327093221,0.139556248113014
5.625,4.63973259660001,0.139808606351677
5.63,4.65004643796851,0.140067141180715
5.635,4.66039519150313,0.14032464257159
5.64,4.67083970503909,0.14058555082762
5.645,4.68126749425907,0.140852451349474
5.65,4.69177025314536,0.141114041983858
5.655,4.70230120368527,0.141385110880713
5.66,4.71278749233897,0.141652664514115
5.665,4.72353617182726,0.141918252132206
5.67,4.73450115075199,0.142207526331467
5.675,4.74556593115282,0.142500987164795
5.68,4.75661731039716,0.142800405081764
5.685,4.76770954222234,0.143095058533967
5.69,4.77849532697707,0.143395892356298
5.695,4.78932706356023,0.143666740827071
5.7,4.8003869122723,0.143959089785125
5.705,4.81144492881779,0.144257989849443
5.71,4.82255516599168,0.144552767161309
5.715,4.83375003878919,0.14485433267179
5.72,4.84501455696267,0.145159051895783
5.725,4.85648373780899,0.145467798321127
5.73,4.86815077852937,0.145791592926622
5.735,4.87979756726012,0.146123453581813
5.74,4.89150960352124,0.146448981800421
5.745,4.90351136247931,0.146783682281471
5.75,4.91556006177366,0.147137697870569
5.755,4.92747345777658,0.147484790835675
5.76,4.93956797637728,0.147824444706571
5.765,4.95208873419057,0.148183688117193
5.77,4.96501949726305,0.148567867908743
5.775,4.97813731542775,0.148972727521313
5.78,4.99130192518783,0.149382125907984
5.785,5.00483494128124,0.149793286517814
5.79,5.01856306265284,0.150234618577709
5.795,5.03215793742885,0.15067622523228
5.8,5.0455586495875,0.151107042510867
5.805,5.05893777447561,0.151527944696724
5.81,5.07246502071399,0.151952804555288
5.815,5.08592730828175,0.152388281672137
5.82,5.09921369067914,0.152813085552947
5.825,5.11227627180287,0.153229387121993
5.83,5.1252785063909,0.153631989929281
5.835,5.13830062383446,0.15403724877596
5.84,5.15132333835437,0.154443070745424
5.845,5.16426709223708,0.154848980244209
5.85,5.17727652645069,0.155248604302127
5.855,5.19041924965768,0.155657398569284
5.86,5.20374846677495,0.156072719572605
5.865,5.21740039350931,0.156500445819866
5.87,5.23118493741296,0.156948796411632
5.875,5.24527164114952,0.157397740450461
5.88,5.25957765943632,0.157871932601466
5.885,5.27387978989722,0.158351652936696
5.89,5.28832929221955,0.158828830313708
5.895,5.30289333537552,0.159320175951622
5.9,5.31783465771843,0.1598143441074
5.905,5.3334547165757,0.160338946175823
5.91,5.34922498284282,0.160904773628659
5.915,5.36511201930842,0.161462699003979
5.92,5.38115945354056,0.162035486486
5.925,5.39745276606572,0.162615004902934
5.93,5.41389759995798,0.163212609591227
5.935,5.43009785812654,0.163814690667283
5.94,5.44598621449286,0.164395375812703
5.945,5.46162392547863,0.164962459440494
5.95,5.47702555526174,0.165516871670838
5.955,5.4924901798405,0.166059253022124
5.96,5.50806113020329,0.166613773078854
5.965,5.52378100367265,0.167172016542571
5.97,5.53975873005505,0.167741684488843
5.975,5.55583941050669,0.168327975596844
5.98,5.57168940977851,0.168915690078997
5.985,5.58759297591085,0.169484923154519
5.99,5.60369730745713,0.170068708642699
5.995,5.61998023659655,0.170663016947566
6,5.63598534538237,0.171268062505452
6.005,5.65189497528883,0.171846315777147
6.01,5.66834304494997,0.172430870429308
6.015,5.68495939697375,0.1730575880482
6.02,5.70163320397379,0.173679146409268
6.025,5.71821604140822,0.174309267813262
6.03,5.73470264936616,0.174929196092283
6.035,5.75140296300199,0.175547467566128
6.04,5.76860875078825,0.176185334591566
6.045,5.78598787240845,0.176856727263549
6.05,5.80310454870211,0.177527981680493
6.055,5.82001952622076,0.178179326041788
6.06,5.8368473543394,0.178825104840504
6.065,5.85350284294818,0.179467828383488
6.07,5.86990884657135,0.180099331590118
6.075,5.88618015004865,0.180717048204626
6.08,5.90280197071826,0.18133143029071
6.085,5.91948422227603,0.181977171782792
6.09,5.9359316468937,0.182614903534167
6.095,5.95238201385758,0.183238540838039
6.1,5.9690699785259,0.183870151258713
6.105,5.98593838692171,0.184518863211617
6.11,6.00286995348823,0.185175981677902
6.115,6.01949248824047,0.185835933451227
6.12,6.03603778825238,0.186470877610278
6.125,6.05245917282948,0.187112129391337
6.13,6.06856985120561,0.187741838761627
6.135,6.08467942129083,0.188352685552693
6.14,6.10069358233637,0.188973101941543
6.145,6.11685819183943,0.189582722410317
6.15,6.13314116531606,0.190210688591547
6.155,6.14939711710351,0.190841446124954
6.16,6.16603000125487,0.191470077329936
6.165,6.18281678781763,0.192131791636096
6.17,6.19949116913158,0.192792861316968
6.175,6.21627340614723,0.193446490701701
6.18,6.23298927349917,0.194113662168985
6.185,6.24983904842892,0.194770916172775
6.19,6.26653484420796,0.195444947159581
6.195,6.28315592342337,0.196100491785567
6.2,6.29956767537631,0.196759451676151
6.205,6.31593281002818,0.19740116116242
6.21,6.33209424954693,0.198047973501203
6.215,6.34790805954033,0.198677138331266
6.22,6.36358387113053,0.199286666674855
6.225,6.37926289088935,0.199894683977959
6.23,6.39502431456286,0.200504838297956
6.235,6.41103371438327,0.201122084237187
6.24,6.42742245554863,0.201757989432422
6.245,6.44360286551358,0.202418329523966
6.25,6.45979338172349,0.20305193653455
6.255,6.47606078735747,0.203699545724233
6.26,6.49221271117172,0.204348655885524
6.265,6.50865172127863,0.204988844496819
6.27,6.52533592466295,0.205658319672753
6.275,6.54219153119855,0.20633657231779
6.28,6.55895732613428,0.207026716771636
6.285,6.57559337496699,0.207705667247871
6.29,6.59222978056424,0.208380236024787
6.295,6.60882610067871,0.209058264031809
6.3,6.62548671600216,0.20973288733559
6.305,6.6423449932836,0.210415903891512
6.31,6.65927778932787,0.211113280194258
6.315,6.67614008641344,0.211812090138957
6.32,6.69329447864681,0.21250592438232
6.325,6.71075929516949,0.213228123687469
6.33,6.72814444002903,0.213965463529268
6.335,6.74543294232661,0.214691172002651
6.34,6.76310266357624,0.215415590299314
6.345,6.78108699777014,0.216174430455378
6.35,6.79936296122068,0.216946373514568
6.355,6.81764263507565,0.217739049672366
6.36,6.8357445393563,0.218524964966134
6.365,6.85417267032636,0.219300849883399
6.37,6.87256017478889,0.220110643171313
6.375,6.89065066067436,0.220904216217353
6.38,6.90895597955672,0.221681781020624
6.385,6.9276162497787,0.222486527593787
6.39,6.94643500246595,0.223311494194432
6.395,6.96494097749497,0.224143233315613
6.4,6.98298855772178,0.224947663589423
6.405,7.00094698984829,0.225727068027121
6.41,7.0190759908611,0.22651177500949
6.415,7.03742123235197,0.227310678531191
6.42,7.05584356604868,0.228123832056628
6.425,7.07414358762801,0.228939400574381
6.43,7.09258126215399,0.229745529708919
6.435,7.11103942979552,0.230569682823287
6.44,7.12937703057026,0.231389779829944
6.445,7.14743057179709,0.232203402060383
6.45,7.16563968645653,0.232997449186849
6.455,7.18371867297805,0.233815623516941
6.46,7.2017850895205,0.234613849214294
6.465,7.21989566404607,0.23542185086305
6.47,7.2380226943627,0.236231339248718
6.475,7.25628010068301,0.237043630055237
6.48,7.27447783930466,0.237868084636975
6.485,7.2924231764608,0.238683959699996
6.49,7.31044700441245,0.239483634879915
6.495,7.32857162143695,0.240299530988042
6.5,7.34698038284348,0.241118940967478
6.505,7.36548746982166,0.241963849129955
6.51,7.38442365472666,0.242807995380306
6.515,7.40334446093205,0.243692495471492
6.52,7.42212993799591,0.244559737711548
6.525,7.44075359341487,0.245425102077675
6.53,7.45918378102398,0.246279272439589
6.535,7.4776644757171,0.247123568547435
6.54,7.49656921617879,0.247979064105632
6.545,7.51572727805504,0.248869437653971
6.55,7.53516454522262,0.249768727782835
6.555,7.55488441451798,0.25069127097529
6.56,7.57517127452889,0.251630954152889
6.565,7.59569158079054,0.252616024441126
6.57,7.61618652390516,0.253604213281539
6.575,7.6371240786916,0.25459165404521
6.58,7.65815562427172,0.255621876125653
6.585,7.67897134902171,0.256644302319407
6.59,7.69957134834039,0.257654023615413
6.595,7.72010279894722,0.258653142231301
6.6,7.74093135045533,0.259653835281347
6.605,7.76172820575984,0.260683508307324
6.61,7.7826266191953,0.261700300827826
6.615,7.80389652031237,0.262735113470536
6.62,7.82504110521776,0.263798454889467
6.625,7.84620424879251,0.264840813616494
6.63,7.86782929432062,0.265897498743293
6.635,7.88908703543069,0.266992835547643
6.64,7.91047328216626,0.268040685260319
6.645,7.93179482779427,0.269124886636894
6.65,7.95303267471211,0.270190041397866
6.655,7.97452198963668,0.271259418949886
6.66,7.99648164661205,0.272353151809975
6.665,8.01862078143263,0.273482297431043
6.67,8.04079537201931,0.274615423482651
6.675,8.06221075888268,0.275753621322881
6.68,8.08305282310245,0.276823207950742
6.685,8.10374848341181,0.277874160472011
6.69,8.12485682824909,0.278923144472934
6.695,8.14642963082557,0.280014492705828
6.7,8.16856740342367,0.281132772715732
6.705,8.19073851137184,0.282294682462022
6.71,8.21340079708278,0.283443416118911
6.715,8.23615218575379,0.284647583139001
6.72,8.25867065396643,0.285838612972131
6.725,8.28133577568352,0.287017755259087
6.73,8.3043093163173,0.288219867823857
6.735,8.32725586924599,0.289444306031039
6.74,8.35056747700421,0.290660017670993
6.745,8.37445827028652,0.29191806964405
6.75,8.39854718004947,0.293215533988198
6.755,8.42237223357679,0.294518082897062
6.76,8.44624512497708,0.295797815685349
6.765,8.46993058915166,0.297096935720235
6.77,8.49380413501629,0.298373805164735
6.775,8.51785580526812,0.299683060137061
6.78,8.54197825633707,0.300998911567206
6.785,8.56653864468192,0.302323013556534
6.79,8.59167010460528,0.3036897323111
6.795,8.6168314539379,0.305096393337073
6.8,8.64217857923198,0.306492543730322
6.805,8.66793242045532,0.307916469013216
6.81,8.69347239372916,0.309371967522164
6.815,8.71845765405283,0.310797469439881
6.82,8.74345157369101,0.312188442706398
6.825,8.76848713176425,0.313601034359068
6.83,8.79348025256605,0.31501277599743
6.835,8.81815381155264,0.316425788930804
6.84,8.84223021268985,0.317812138448022
6.845,8.86606078104225,0.319157314014246
6.85,8.88967820405169,0.320501770392501
6.855,8.91322307136132,0.321830159226394
6.86,8.93691089388394,0.323163135720877
6.865,8.96046033392767,0.324512424930698
6.87,8.9838335502609,0.325844994861895
6.875,9.00715599411171,0.32717218306389
6.88,9.03102398208885,0.328501115173329
6.885,9.0547595661393,0.329887788644928
6.89,9.07826099091143,0.331238927702048
6.895,9.1018164966482,0.332587627216202
6.9,9.12512265525553,0.333947267262117
6.905,9.14832058514291,0.335281099883147
6.91,9.17154073211838,0.336620469071816
6.915,9.19485305567281,0.337963726830691
6.92,9.21753180931277,0.339318783512282
6.925,9.24025384497345,0.340607911271269
6.93,9.26326120262819,0.341937412444444
6.935,9.2862284683116,0.343280548568687
6.94,9.30877207965262,0.344617115704876
6.945,9.33124225708068,0.345917236366618
6.95,9.35392757979433,0.347231823879692
6.955,9.37677664328492,0.348565680172893
6.96,9.40000283809166,0.349911123280086
6.965,9.42266208369142,0.351294530293153
6.97,9.44491739855683,0.352603598212359
6.975,9.46739362721455,0.353911530335859
6.98,9.49012581798124,0.355247647015673
6.985,9.51302558551987,0.356600497888829
6.99,9.53586182351619,0.357966779518949
6.995,9.55854738554405,0.359323528631131
7,9.58083175138984,0.360673288381277
7.005,9.60301054349944,0.361987447227357
7.01,9.62463831095497,0.363313219979019
7.015,9.64599405363919,0.364576133508423
7.02,9.66737398716227,0.365847338559524
7.025,9.68887464465122,0.367120265506372
7.03,9.71061093298112,0.368409534257224
7.035,9.73230612698442,0.369719740853802
7.04,9.75419010205258,0.371017174439056
7.045,9.77560892974752,0.372347325460505
7.05,9.79666407685212,0.373609624432836
7.055,9.81756906946925,0.374873711782672
7.06,9.8381239640644,0.376122983301008
7.065,9.85828844483255,0.377344031535135
7.07,9.87796803693257,0.378540083470025
7.075,9.89751047699242,0.379697509520193
7.08,9.91738869304354,0.380867140584777
7.085,9.93718662140598,0.382072665810748
7.09,9.95721127729492,0.383247430773084
7.095,9.97761696343247,0.384474384755212
7.1,9.99818995949796,0.385715495633024
7.105,10.0184869466374,0.386971073929687
7.11,10.0383492282825,0.388186593373301
7.115,10.0576505651786,0.389379079531044
7.12,10.0768473050668,0.390520535734813
7.125,10.096021772437,0.391689227602255
7.13,10.1151503923346,0.392837784550879
7.135,10.133492565773,0.393998809603996
7.14,10.1508794704603,0.395050799561723
7.145,10.1680358858293,0.396062955718754
7.15,10.1850528661432,0.397079892948358
7.155,10.2018261380988,0.398075718571664
7.16,10.2186251033548,0.399058489661265
7.165,10.2354302470868,0.40005945080926
7.17,10.2524017260646,0.401046896743775
7.175,10.2694294788102,0.402073657418738
7.18,10.2861348122536,0.40307415071962
7.185,10.3030269746791,0.404054972940671
7.19,10.3201760376571,0.40508515619923
7.195,10.3369145743938,0.406107512880322
7.2,10.3531653773363,0.407079515156395
7.205,10.3692418982587,0.408030513567779
7.21,10.3851595419003,0.408979003665839
7.215,10.4006699228522,0.409907909358839
7.22,10.4157479241926,0.410796221730399
7.225,10.4306675966204,0.411662621322773
7.23,10.4453470720602,0.412530799168323
7.235,10.459497935779,0.413359174815085
7.24,10.4732566321227,0.414148647850865
7.245,10.4868242837126,0.414921696854907
7.25,10.5004507276816,0.415684627373425
7.255,10.5139739253888,0.41647386193017
7.26,10.5274097105258,0.417210339333061
7.265,10.5416627942234,0.41800707012462
7.27,10.5559048788201,0.418868024142329
7.275,10.5695957371194,0.419642494340048
7.28,10.5831385430241,0.420437215412497
7.285,10.5959085247276,0.421177456137136
7.29,10.6080906235075,0.421852463254123
7.295,10.6200018809976,0.422515247272274
7.3,10.6313729661676,0.423144776388292
7.305,10.6422603427527,0.423719949154754
7.31,10.6527834700353,0.424290382524639
7.315,10.6627388439719,0.424790144456064
7.32,10.672481640621,0.425301208416053
7.325,10.6814606429232,0.425739371456985
7.33,10.690029830994,0.426149300462542
7.335,10.6978995376202,0.426520714084829
7.34,10.7049693882468,0.426799408513086
7.345,10.7123345951859,0.427102591040654
7.35,10.719887224164,0.427423040973805
7.355,10.7275014926107,0.427750028680987
7.36,10.7351257195621,0.428077458411854
7.365,10.7427646282663,0.428407618898358
7.37,10.7502374748499,0.42873527625754
7.375,10.7572713164898,0.429021262715002
7.38,10.7641943599658,0.429298543345816
7.385,10.771039026458,0.429569139019723
7.39,10.7777414453934,0.429837103380353
7.395,10.7839969332,0.430067744039477
7.4,10.7900024751965,0.430275062074464
7.405,10.796211091908,0.430479656514583
7.41,10.8034009630078,0.430770245980384
7.415,10.8108072694247,0.431090822060401
7.42,10.8179488520458,0.431384474164438
7.425,10.8253403008829,0.431681234894304
7.43,10.8333847929058,0.432052746684856
7.435,10.841077782896,0.43239217967158
7.44,10.8486425278717,0.432722292424946
7.445,10.8561581828583,0.433042352009059
7.45,10.863909679509,0.433381484338218
7.455,10.8716995487481,0.433735981622627
7.46,10.8790280913421,0.434053369019295
7.465,10.8862501148427,0.434342241507381
7.47,10.8941855608124,0.43469873183937
7.475,10.902102534769,0.435061484709747
7.48,10.9096559274301,0.435398321173987
7.485,10.9170140652351,0.435701812648428
7.49,10.924974850364,0.436059547812276
7.495,10.9329594472105,0.436432743658514
7.5,10.9405107408771,0.43676200428521
7.505,10.9480781323917,0.437097880858637
7.51,10.9555387635999,0.437416695093811
7.515,10.9631372363975,0.437762556085479
7.52,10.9701547128136,0.438058726102605
7.525,10.9768239483902,0.438330828757518
7.53,10.983098745663,0.43856696856552
7.535,10.9892468998858,0.438799057628782
7.54,10.995021578643,0.43899803833331
7.545,11.0007218720045,0.439190844819696
7.55,11.0064695258684,0.439382129423781
7.555,11.0123546974032,0.439603876981155
7.56,11.0174577640603,0.439742835307549
7.565,11.023328955201,0.439939645884469
7.57,11.0296408694872,0.440195327152113
7.575,11.0350892509856,0.440366664880124
7.58,11.0407047639351,0.440561494024202
7.585,11.0457946777781,0.440715489277229
7.59,11.0504171714849,0.44083351818921
7.595,11.0547225415525,0.44091836061072
7.6,11.0592832107871,0.441036534857726
7.605,11.0631138846579,0.441091540313068
7.61,11.0668984186248,0.441138281275067
7.615,11.0710245381657,0.441216940448951
7.62,11.0749505356862,0.441283031592975
7.625,11.0785575223249,0.441318290163958
7.63,11.082313676906,0.44137818099008
7.635,11.0850689087443,0.441358348716309
7.64,11.087141530405,0.441283596151956
7.645,11.088874379127,0.441183920059804
7.65,11.0901383611545,0.441052570372558
7.655,11.0904897928803,0.440843399761285
7.66,11.0914070557585,0.440684056091335
7.665,11.0916838342979,0.440474456673746
7.67,11.0916874546145,0.440242997535596
7.675,11.0917609099759,0.440019068284969
7.68,11.0915094589747,0.439770438381493
7.685,11.0910887444894,0.439508175967499
7.69,11.0908517620181,0.439261457571012
7.695,11.0904629329939,0.439004648929061
7.7,11.0897226280999,0.438719531159363
7.705,11.0893341406899,0.438461777726202
7.71,11.0891335916011,0.438218433144783
7.715,11.0891353716388,0.437992596570783
7.72,11.0888823108785,0.437748031728508
7.725,11.0884016266482,0.437485362101062
7.73,11.0881041282164,0.437238363473832
7.735,11.0876095707252,0.436975122929333
7.74,11.0874902242368,0.436740611279899
7.745,11.0876707769003,0.436527532614909
7.75,11.0883730339366,0.436361070143343
7.755,11.0881142536071,0.43612042823039
7.76,11.0873498890966,0.435841284304445
7.765,11.0864122358793,0.435548959496643
7.77,11.0855662775824,0.435265100163629
7.775,11.0844318721439,0.434959889090101
7.78,11.083120940839,0.434643760734814
7.785,11.0809133531703,0.434260939772027
7.79,11.0775533502788,0.433792035484454
7.795,11.0742387561732,0.433327188805047
7.8,11.0706578000277,0.43284306984508
7.805,11.0663455600108,0.432305862990496
7.81,11.0618432242166,0.431755350850368
7.815,11.057091468093,0.431185768177286
7.82,11.0513017067732,0.430540509538093
7.825,11.0448120522594,0.429844665108303
7.83,11.0376929104784,0.42910443364506
7.835,11.0301785008185,0.428335783935452
7.84,11.0221532563941,0.427530731178693
7.845,11.0135248712467,0.426688037116957
7.85,11.0052556526639,0.425866584435468
7.855,10.9961245514254,0.424990548297257
7.86,10.9872588142678,0.424136136357241
7.865,10.9789332554368,0.423312474680184
7.87,10.9692868704026,0.422401890031789
7.875,10.9596342911961,0.421492347194324
7.88,10.9499761229099,0.420581491594341
7.885,10.9398545872726,0.419643598287378
7.89,10.9299634168417,0.418722908935434
7.895,10.920250126922,0.417808728038529
7.9,10.9094410010944,0.416822271543359
7.905,10.898255995101,0.415812958643982
7.91,10.887028851982,0.414798749174932
7.915,10.8751874700889,0.413748153942949
7.92,10.8634345576689,0.412704262936129
7.925,10.85158314181,0.411653651199832
7.93,10.8393017540097,0.410582188843675
7.935,10.8274524573822,0.409545837099868
7.94,10.8163559313633,0.408564880567102
7.945,10.8062097088854,0.407645995531929
7.95,10.7961296975085,0.406726888378797
7.955,10.7849912633156,0.405739581995403
7.96,10.77347153395,0.404734361837552
7.965,10.7625290568445,0.403771009668975
7.97,10.7522144438448,0.402846828422976
7.975,10.7415195441145,0.401896110220288
7.98,10.7300618428437,0.400903919455878
7.985,10.7194169528649,0.399962641056549
7.99,10.7085165194255,0.399000328808813
7.995,10.6965252537103,0.397969395833349
8,10.6843448884092,0.39692346158384
8.005,10.6713039580329,0.395830164102906
8.01,10.6588552175764,0.394769065576678
8.015,10.6454369362165,0.393653404591117
8.02,10.6324256902375,0.392561905719374
8.025,10.6189929336338,0.391447469587116
8.03,10.6057118637863,0.390338097814565
8.035,10.5915624368289,0.389175777844941
8.04,10.5769621496015,0.387993015585591
8.045,10.562803295299,0.386842023224637
8.05,10.5492126342211,0.385717190891056
8.055,10.534176430955,0.384508376270604
8.06,10.5191312175509,0.383302155330748
8.065,10.5040409245068,0.382101016956906
8.07,10.4896171035651,0.380940012552431
8.075,10.4750227118454,0.379767834717982
8.08,10.4598630210378,0.378568509608322
8.085,10.4452295950979,0.377397660493058
8.09,10.4298152071224,0.376189056834025
8.095,10.4151531190105,0.37502329771131
8.1,10.3999121783891,0.373830286571738
8.105,10.385243738877,0.372670282043181
8.11,10.3702265541864,0.371487991998428
8.115,10.3546179134018,0.370271745156114
8.12,10.3387487625184,0.369039822933142
8.125,10.3224926050847,0.367783742880301
8.13,10.3055726003771,0.366494267860425
8.135,10.2888766013001,0.365216459259182
8.14,10.2717589987635,0.363911799037761
8.145,10.2539592923086,0.362566918181901
8.15,10.2355809188862,0.361189857201568
8.155,10.216745138924,0.359792950460554
8.16,10.1982072493649,0.358409662253215
8.165,10.1788669832095,0.356988846523972
8.17,10.1597787065571,0.355587430565394
8.175,10.1409198998074,0.35420163688338
8.18,10.1220293847974,0.352815449289297
8.185,10.1027644827236,0.351417226348293
8.19,10.0840337522515,0.350050933328071
8.195,10.0653356605475,0.34868374822562
8.2,10.0458349878347,0.347278173158867
8.205,10.0264425974092,0.345883947080893
8.21,10.0073116312602,0.34450409614461
8.215,9.98770612697923,0.343105191494695
8.22,9.96847689843247,0.341726093720113
8.225,9.94881298637567,0.340323598979276
8.23,9.92875330689235,0.338898826625411
8.235,9.9081743256159,0.337444757017324
8.24,9.88679840829233,0.335957630009716
8.245,9.86601006544882,0.334499335517682
8.25,9.84454767433747,0.333008907876835
8.255,9.82289618641978,0.331513690335789
8.26,9.80150323096996,0.330025264096474
8.265,9.7788940052505,0.328476002553961
8.27,9.75603507417002,0.326913332966487
8.275,9.73266276580308,0.325323671202288
8.28,9.70857096821743,0.323704921212755
8.285,9.6848626174989,0.322098832939423
8.29,9.66008727148495,0.32043582346964
8.295,9.63436243845951,0.318728633496706
8.3,9.60806823599297,0.317008022578465
8.305,9.58274293722099,0.315331425167497
8.31,9.55675805668425,0.313618933275876
8.315,9.52962586043162,0.311862318156769
8.32,9.50268876634276,0.310130899847619
8.325,9.47672728365189,0.308452773760967
8.33,9.45095464492455,0.30678734330716
8.335,9.42502014056753,0.305116380794519
8.34,9.39875872351229,0.303431711648051
8.345,9.37197736140151,0.301731042209428
8.35,9.34546767363672,0.300047022914721
8.355,9.3187913580872,0.298357866119219
8.36,9.29178492948513,0.296656707911675
8.365,9.26468157178193,0.294946712752962
8.37,9.23642526101484,0.29318991486569
8.375,9.2080883574271,0.291436479994076
8.38,9.17985431366893,0.289690412047873
8.385,9.1513449380242,0.287931273019364
8.39,9.12207188971473,0.286142938018525
8.395,9.09276740890866,0.28435133959579
8.4,9.06261764770639,0.28252460548361
8.405,9.03208399788192,0.280680939637364
8.41,9.00044267122057,0.278809548274294
8.415,8.97011481696147,0.276998208315298
8.42,8.93937970180132,0.275176592427077
8.425,8.90848265003026,0.273360430911052
8.43,8.87818206056848,0.271572535365982
8.435,8.84740278869612,0.26976945217417
8.44,8.81622394887745,0.267962885900471
8.445,8.78570853908555,0.266189391813383
8.45,8.75494763978867,0.264410792586597
8.455,8.72400270456752,0.26262858223867
8.46,8.6926318540409,0.260837209739433
8.465,8.66139892458899,0.259057077811483
8.47,8.62998465671766,0.25727341398941
8.475,8.598285611632,0.255479426300701
8.48,8.56588994891294,0.253663388325678
8.485,8.53326620974084,0.251847738236557
8.49,8.50083403696752,0.250045684983503
8.495,8.46820095649522,0.248240191312856
8.5,8.43518039454115,0.24642610953612
8.505,8.40179422216276,0.244613327526802
8.51,8.36920903141223,0.242840745851288
8.515,8.33666542155278,0.24107572460886
8.52,8.30401248273156,0.239307494332009
8.525,8.27042883256241,0.237514461185028
8.53,8.23739916850657,0.23574463698347
8.535,8.20366775524757,0.233950849837075
8.54,8.16939939573971,0.232142431355767
8.545,8.13498613886755,0.230330282642208
8.55,8.09993723931271,0.228495196875002
8.555,8.06415469044624,0.226635007520729
8.56,8.02751683711771,0.224754626636787
8.565,7.99121792906385,0.222890669399335
8.57,7.95443278706558,0.221010756520216
8.575,7.91653720517211,0.219107122269639
8.58,7.87917164282429,0.21723831073631
8.585,7.84229862447627,0.21540094004594
8.59,7.80566227666188,0.213587542071516
8.595,7.76953852400614,0.211806372266469
8.6,7.73421994939307,0.210051188126184
8.605,7.69741387666444,0.208248812868764
8.61,7.66017366469207,0.206442963853007
8.615,7.62305493362163,0.204654259009529
8.62,7.58621031202467,0.202886383958129
8.625,7.54940556845849,0.201132600645099
8.63,7.51295822044703,0.199399847414106
8.635,7.47625074908364,0.19767016498979
8.64,7.43965510352821,0.195960013191468
8.645,7.40402833210549,0.194284719098065
8.65,7.36719273145601,0.192579559383388
8.655,7.33059640957146,0.190895571413612
8.66,7.29443459977596,0.189234620382703
8.665,7.25806911972603,0.187575464643322
8.67,7.22148018559781,0.185921766809356
8.675,7.18531358090936,0.184292662781831
8.68,7.14917508445934,0.182675314054087
8.685,7.11330865876405,0.181072935326835
8.69,7.07687951893607,0.179462194972297
8.695,7.04064183766701,0.177866092743426
8.7,7.00429702954899,0.176272765634875
8.705,6.96754691049883,0.174673832072867
8.71,6.93052382565636,0.173076090399693
8.715,6.89372004178258,0.171489610516373
8.72,6.85605717696579,0.169886018979398
8.725,6.81849801948648,0.168296665172619
8.73,6.78101370206152,0.166720526498357
8.735,6.74372138247252,0.165157481119273
8.74,6.70609826623355,0.163589906560421
8.745,6.66780197603172,0.162014012583688
8.75,6.62994995487399,0.160460717206353
8.755,6.5916788266171,0.158909721703767
8.76,6.5540504336101,0.15739252461069
8.765,6.51695824516281,0.155902008596322
8.77,6.47987600716488,0.154421183466611
8.775,6.44273306748463,0.152948191594191
8.78,6.40559111281943,0.151484739641045
8.785,6.36841189424049,0.150029782833177
8.79,6.33110345214967,0.148584031719074
8.795,6.2942466222175,0.14716467970809
8.8,6.25778760348955,0.145769436741823
8.805,6.22184247866265,0.144396205378707
8.81,6.18525288447119,0.143016744836189
8.815,6.14949222725699,0.141668631076803
8.82,6.11310586653908,0.140313650068419
8.825,6.07731943186017,0.138984027121841
8.83,6.04102064972672,0.137653614132991
8.835,6.00566145557815,0.136362224685074
8.84,5.97072141938928,0.135090306049562
8.845,5.93536874210213,0.133817136484558
8.85,5.90051327310043,0.13256735078257
8.855,5.86558634347898,0.131325986898722
8.86,5.83104265480373,0.130105548728077
8.865,5.79671582052348,0.128900407081214
8.87,5.76235583122447,0.127707524908841
8.875,5.72894594348129,0.126553863915029
8.88,5.69627007307975,0.125427898650408
8.885,5.66319451428307,0.124298075031731
8.89,5.63021152634333,0.123180876248551
8.895,5.59775033286785,0.122087288812996
8.9,5.56545122810435,0.12100670961484
8.905,5.53333501528936,0.119940829392556
8.91,5.50172959497496,0.118897881378607
8.915,5.47034422005185,0.117868567324116
8.92,5.43911185676163,0.116849202137662
8.925,5.40757796318731,0.115827948686632
8.93,5.37610566441829,0.114816999910733
8.935,5.34508915728805,0.1138267930961
8.94,5.31423139119992,0.112849799312328
8.945,5.28395368093056,0.111896560174746
8.95,5.25376640687481,0.110953915731638
8.955,5.22404283761716,0.11003333327891
8.96,5.19502451646481,0.10914068780401
8.965,5.16645594495085,0.108267491024341
8.97,5.13811439521014,0.107406718183442
8.975,5.10987305935407,0.106555622037759
8.98,5.08212330772025,0.105725155138362
8.985,5.0547408398085,0.104910492289945
8.99,5.02735767118302,0.10410108840906
8.995,5.00010701498329,0.103302133633838
9,4.97353197167483,0.102527991823669
9.005,4.94702166284178,0.101760960078621
9.01,4.92079466373538,0.101007712008784
9.015,4.89500444200609,0.100271756585602
9.02,4.86923493679558,0.0995412332371009
9.025,4.84379085725309,0.0988244200115453
9.03,4.81835982265037,0.0981114591390325
9.035,4.79269944897178,0.0973951984227283
9.04,4.76677363698253,0.0966760730669241
9.045,4.74128871789716,0.0959733869423151
9.05,4.71553463593872,0.0952666059920748
9.055,4.68969153067205,0.0945613019156149
9.06,4.66384320435845,0.0938603616324975
9.065,4.63819536501704,0.0931700030888502
9.07,4.612921165706,0.0924947628144173
9.075,4.58785597574106,0.0918290855388343
9.08,4.56257183917592,0.0911618241176799
9.085,4.53785982844024,0.090514649238474
9.09,4.51300510745882,0.0898675094690552
9.095,4.48848539987408,0.0892337375610338
9.1,4.46402539863719,0.0886048587110229
9.105,4.43931202126023,0.0879723642009377
9.11,4.41470063304178,0.087346546407287
9.115,4.39021385766469,0.0867276595891823
9.12,4.36559873597179,0.0861087096365324
9.125,4.34105678839297,0.0854953452435452
9.13,4.31646713221239,0.0848849154591887
9.135,4.29244593895392,0.0842945970966288
9.14,4.26886624490941,0.0837203343008992
9.145,4.24548173064924,0.0831546505295793
9.15,4.22196038968386,0.0825880115149192
9.155,4.19830471411149,0.0820207118567124
9.16,4.17466908785102,0.0814575352143733
9.165,4.1514337657946,0.0809090091939973
9.17,4.12844377743553,0.0803702475527467
9.175,4.10520867181088,0.0798274083481561
9.18,4.08190413683794,0.0792858492456669
9.185,4.05889596281817,0.0787557657558783
9.19,4.03607518178042,0.0782339706786441
9.195,4.01341076561671,0.0777196211719273
9.2,3.99109591654514,0.0772179040975491
9.205,3.96878044199449,0.0767188657265606
9.21,3.94653243637602,0.0762243724694431
9.215,3.92423578681622,0.0757311689242301
9.22,3.90200019185128,0.0752422762896807
9.225,3.87961635790858,0.0747519690878126
9.23,3.85755892998968,0.0742734320616856
9.235,3.83544409406821,0.07379590519221
9.24,3.81357109061556,0.0733277251480895
9.245,3.7918264946688,0.0728655975935451
9.25,3.76982743334625,0.0723988868881949
9.255,3.74841358922002,0.0719509805383227
9.26,3.72690542000358,0.0715027641427166
9.265,3.70534250053717,0.0710553633828412
9.27,3.68429931808545,0.0706247977703496
9.275,3.66330222209,0.0701977484952645
9.28,3.64220471845946,0.0697701473710868
9.285,3.62077346629948,0.0693354958525394
9.29,3.5990330912022,0.0688945796729429
9.295,3.5774647587666,0.0684607818670949
9.3,3.55609871077997,0.0680348816695962
9.305,3.53486354107869,0.0676148685694669
9.31,3.51366268636488,0.0671980255784271
9.315,3.49251240328015,0.0667848595583465
9.32,3.47120985200478,0.0663696558184375
9.325,3.45004836985915,0.0659605087014291
9.33,3.42905680627778,0.0655581234177783
9.335,3.40830287273818,0.0651641416776738
9.34,3.38804080728964,0.0647856909493981
9.345,3.36791161153974,0.064412669925881
9.35,3.34799215697164,0.0640474254500418
9.355,3.32798354289802,0.0636813291273653
9.36,3.30818262994866,0.063322650578254
9.365,3.28857780219258,0.062970797255831
9.37,3.26935024924744,0.0626311533692939
9.375,3.25015043536745,0.0622931805920319
9.38,3.23153579079371,0.0619729702047806
9.385,3.21305479143417,0.0616579506103246
9.39,3.19457021444868,0.0613441507659053
9.395,3.17613487839799,0.0610327138112069
9.4,3.15797938984789,0.0607300253518734
9.405,3.140135662055,0.0604374473872941
9.41,3.12231647648861,0.0601461053288263
9.415,3.10486648365403,0.0598663478277197
9.42,3.08747274815993,0.0595892429217028
9.425,3.07010303635023,0.0593138326630489
9.43,3.05278964054978,0.0590404033027716
9.435,3.03583069021325,0.0587777602588737
9.44,3.01905988388275,0.0585215171413509
9.445,3.00229664841624,0.0582658507991452
9.45,2.98579343898593,0.0580179686270981
9.455,2.96953427538828,0.0577785029638202
9.46,2.95308607689665,0.0575340283745537
9.465,2.93673675558539,0.0572936624799917
9.47,2.92024297068496,0.0570494082011148
9.475,2.90394502474469,0.056811677600725
9.48,2.88767184493776,0.0565746858658999
9.485,2.87168073961026,0.0563470379995474
9.49,2.85556450020903,0.05611637160053
9.495,2.83948676259209,0.0558872865164351
9.5,2.82352210860552,0.0556620299692622
9.505,2.8076443728013,0.0554397063712563
9.51,2.79186073472571,0.0552213617368529
9.515,2.77590467306434,0.0549984944392347
9.52,2.75999119745867,0.0547777016586455
9.525,2.74405825722609,0.0545565686021912
9.53,2.72830708595082,0.054340884767623
9.535,2.71275746471724,0.0541315178720454
9.54,2.69731971266525,0.0539253344278392
9.545,2.68213300284965,0.0537264660239856
9.55,2.66718125441521,0.0535343009578524
9.555,2.65243679331737,0.0533495307896473
9.56,2.63750351143313,0.0531591356480785
9.565,2.62270221026824,0.0529724975289319
9.57,2.60807697383648,0.052791801049069
9.575,2.59340844684094,0.0526097859482776
9.58,2.57887516661353,0.0524315967668846
9.585,2.56459730418154,0.05225903284275
9.59,2.55097358424924,0.0521057863276592
9.595,2.53756396697264,0.0519587598257475
9.6,2.52430234854609,0.051815660194085
9.605,2.51121805151535,0.0516780361898951
9.61,2.49818292633316,0.0515413478691073
9.615,2.48530461683897,0.0514091670425034
9.62,2.47249599890223,0.0512799693661014
9.625,2.45954508791941,0.051145839804984
9.63,2.44671593178757,0.0510148921513114
9.635,2.43403304368142,0.0508884537662093
9.64,2.42139809185925,0.0507628361614214
9.645,2.40887077869327,0.0506416189754925
9.65,2.39617858351188,0.0505142575369344
9.655,2.38365076500701,0.0503924081857791
9.66,2.37108864669206,0.0502688395574442
9.665,2.35868373326086,0.0501490490505667
9.67,2.34653304717719,0.0500366808538394
9.675,2.33450712341087,0.0499282661308965
9.68,2.32247323684256,0.0498196746287915
9.685,2.31045754848881,0.0497099457663158
9.69,2.29874938141892,0.0496095023713889
9.695,2.28713684862239,0.0495122195462215
9.7,2.27548721874368,0.0494137266331542
9.705,2.26381621308837,0.0493141023509264
9.71,2.25220621574532,0.0492158291672485
9.715,2.24067595927322,0.0491201734640409
9.72,2.22914742858907,0.0490235773744988
9.725,2.21774938129017,0.0489312853833488
9.73,2.20634050329474,0.0488380434344284
9.735,2.19498602860486,0.0487467633348889
9.74,2.18360855446424,0.0486535943170687
9.745,2.17243956030671,0.0485651504178201
9.75,2.16160566041459,0.0484872130361518
9.755,2.15087387302556,0.0484117665521217
9.76,2.14027182779669,0.0483394957694889
9.765,2.12979919152813,0.0482715944170724
9.77,2.1193302937744,0.0482021570202583
9.775,2.10907200597848,0.0481387761313864
9.78,2.0989482989681,0.0480791995699274
9.785,2.0889529653627,0.0480215946702401
9.79,2.07925558323455,0.0479734148666314
9.795,2.06966506781818,0.0479275756531843
9.8,2.0602247877621,0.0478856745984494
9.805,2.05088526090614,0.0478474113324823
9.81,2.04150325347353,0.047806338319913
9.815,2.03225792384909,0.0477681441270355
9.82,2.02319324912189,0.0477361477022314
9.825,2.01410502836328,0.0477028692563341
9.83,2.00504669895714,0.0476685735469573
9.835,1.99618660796508,0.0476404466395301
9.84,1.98744196294631,0.0476141005009646
9.845,1.97888398121727,0.0475951407671964
9.85,1.97020080443271,0.0475713201139654
9.855,1.96146225633728,0.0475452377989458
9.86,1.95268647575272,0.0475170736948892
9.865,1.94397287155534,0.0474889340573885
9.87,1.93545165837101,0.0474674401178787
9.875,1.92695021129592,0.0474454884202854
9.88,1.91852004025494,0.0474254959631735
9.885,1.91012536776104,0.0474056218829233
9.89,1.90179672550125,0.0473877733117365
9.895,1.893467573955,0.0473690387776091
9.9,1.88521821825289,0.0473508430073562
9.905,1.87721307705201,0.0473396980208746
9.91,1.86936846628213,0.0473348664530979
9.915,1.86150138347036,0.0473268369659723
9.92,1.85382715402743,0.0473244837602755
9.925,1.84629648919401,0.0473262615941971
9.93,1.83883908037738,0.0473307110268625
9.935,1.83133595441444,0.0473329414289228
9.94,1.82379112371648,0.0473334273410418
9.945,1.8161894598638,0.0473310807186039
9.95,1.80858615704632,0.0473277033461215
9.955,1.80101571322276,0.0473249016411957
9.96,1.79343637403148,0.0473219222442392
9.965,1.7857813176816,0.0473153787385846
9.97,1.77814024677022,0.047307741422012
9.975,1.77062400195633,0.0473033754765718
9.98,1.76318776728618,0.0473028185906068
9.985,1.75561211321452,0.0472975693450958
9.99,1.74790196932931,0.0472857112780124
9.995,1.74025002909875,0.0472749942932492
10,1.73271491532332,0.0472662310255188
10.005,1.72541883409889,0.0472651743447702
10.01,1.71825505148053,0.0472693085654425
10.015,1.71107439189794,0.0472719277357131
10.02,1.70393701997071,0.047274513173068
10.025,1.69687485101753,0.0472807749727141
10.03,1.68969731209476,0.0472826350791375
10.035,1.68243439298094,0.0472799040659551
10.04,1.67524616312954,0.0472777461173448
10.045,1.66822605743045,0.0472820090218474
10.05,1.66117723307876,0.0472863562942531
10.055,1.65403307798715,0.0472835643010144
10.06,1.64710798920952,0.0472882992097694
10.065,1.64025859455237,0.0472970897433907
10.07,1.63329714302577,0.0473007703916183
10.075,1.62629382020773,0.0473023709955078
10.08,1.6192852762272,0.0473022133406827
10.085,1.61239855684918,0.0473046482379329
10.09,1.60568006666707,0.0473138439095871
10.095,1.59899461385958,0.0473228425354434
10.1,1.59237409636075,0.0473346881079321
10.105,1.58573190241599,0.0473441941552097
10.11,1.57921065376677,0.047355468988066
10.115,1.57288041214892,0.0473760749536549
10.12,1.56652902309859,0.0473921068447443
10.125,1.56037128144353,0.0474167280842222
10.13,1.55425588281485,0.0474397671675618
10.135,1.5483516401227,0.0474710445635091
10.14,1.54251372213255,0.047504600695839
10.145,1.53663678883334,0.0475379516643094
10.15,1.53061937452693,0.0475635549292
10.155,1.52462856462659,0.047589533294735
10.16,1.51864029310184,0.0476155613308219
10.165,1.51264364828894,0.0476391756473855
10.17,1.50674990625069,0.0476662440999863
10.175,1.50095846005699,0.0476952054520322
10.18,1.49532662866059,0.0477306562519652
10.185,1.48972615244891,0.0477672337501981
10.19,1.48411086514201,0.04780233611045
10.195,1.47852166538241,0.0478369287229061
10.2,1.47301462421601,0.047874115233352
10.205,1.46754495091312,0.0479129785172808
10.21,1.46208257282989,0.0479497553937131
10.215,1.45676773853187,0.0479909264530655
10.22,1.45157481146191,0.0480381482017578
10.225,1.4463280318671,0.0480831154584298
10.23,1.44102265997765,0.0481239814412023
10.235,1.43573213304073,0.04816527592481
10.24,1.43048658186877,0.0482049336765211
10.245,1.42543143829984,0.0482531250606308
10.25,1.42039673758662,0.0483024168062537
10.255,1.41536651316084,0.0483490108616443
10.26,1.41048600786108,0.0484010472153468
10.265,1.40569753191276,0.0484571940166187
10.27,1.40096360142096,0.048512847050164
10.275,1.3964418891845,0.04857504408856
10.28,1.39212965926248,0.0486476229403634
10.285,1.38782846950791,0.0487201872714708
10.29,1.38356957361,0.0487916305765883
10.295,1.37942807720543,0.0488693184594397
10.3,1.37529239870886,0.0489450379815229
10.305,1.37115957993512,0.0490238967658071
10.31,1.3668617610307,0.0490924713830105
10.315,1.36258288909361,0.0491607055713031
10.32,1.35834921408881,0.04922996821937
10.325,1.35413427539998,0.0493005794128781
10.33,1.34990364529207,0.0493678970913578
10.335,1.34580897064251,0.049438766734067
10.34,1.34195572043307,0.049517906001592
10.345,1.33830777024408,0.0496087814318124
10.35,1.33462824039218,0.049697721209638
10.355,1.33089783507673,0.04978416111605
10.36,1.32712741809928,0.0498666876312197
10.365,1.3234258875169,0.0499503792834337
10.37,1.31981273158433,0.0500387710825739
10.375,1.31621600304342,0.0501261005355107
10.38,1.31268419486422,0.0502158787750959
10.385,1.30920087361989,0.0503067539536739
10.39,1.30579083635293,0.0503996100752812
10.395,1.3024886313894,0.0504960147961245
10.4,1.2992843342853,0.0505973659835219
10.405,1.29610628370605,0.0506989528497853
10.41,1.29299587541344,0.0508013506274637
10.415,1.28993966013987,0.0509093753769485
10.42,1.28675640072861,0.0510098253935761
10.425,1.28353134341829,0.0511064145066607
10.43,1.28032437709253,0.0512033310663269
10.435,1.27713808625408,0.0512997852626628
10.44,1.27400791500789,0.0513980401178517
10.445,1.27089923551933,0.0514981764777263
10.45,1.26778000525817,0.0515948104929704
10.455,1.26473335535291,0.0516956079071986
10.46,1.26168450676947,0.0517954292546678
10.465,1.25862456009618,0.0518948286279803
10.47,1.25558034742318,0.0519911867712972
10.475,1.25263799246496,0.0520946753023284
10.48,1.24969401911338,0.0521950783904552
10.485,1.24688066001326,0.05229999093873
10.49,1.24418376750712,0.0524124372623497
10.495,1.24145081463482,0.0525234860307483
10.5,1.23865737252109,0.0526298265335294
10.505,1.23589335487695,0.0527351040591688
10.51,1.23319329340176,0.0528451225355334
10.515,1.23044670457531,0.0529522243793546
10.52,1.22762514383374,0.0530563724016266
10.525,1.22464244670897,0.0531532081323983
10.53,1.22154036782879,0.053238947893781
10.535,1.21857031601957,0.05332890547587
10.54,1.21574594187745,0.0534281452272213
10.545,1.21292692294806,0.0535273549104043
10.55,1.21006795589249,0.053625404652958
10.555,1.20717575634206,0.0537176226115203
10.56,1.2043867465719,0.0538155893733371
10.565,1.2016541372087,0.0539151377638112
10.57,1.19898936258459,0.0540181852271099
10.575,1.19635863186651,0.0541223372327162
10.58,1.19374958448039,0.0542275102368538
10.585,1.19115708533472,0.0543319248960518
10.59,1.18861686270234,0.054438680663198
10.595,1.18608147255679,0.054546784958298
10.6,1.18349825719794,0.0546507595802157
10.605,1.18090646939843,0.0547539747088235
10.61,1.17825477382547,0.054855513836129
10.615,1.17548516180742,0.0549489845989237
10.62,1.17268482188064,0.055038817163867
10.625,1.16990957587015,0.0551297736450541
10.63,1.16715056142385,0.0552205891162874
10.635,1.164417776295,0.0553126100159605
10.64,1.16175169211107,0.0554045464226973
10.645,1.15920503522168,0.0555060120290264
10.65,1.15666031013565,0.0556047579805046
10.655,1.15422634814711,0.055707890353346
10.66,1.15191352285889,0.0558182544140901
10.665,1.1496683044402,0.0559315637933514
10.67,1.14751003015638,0.0560481141273526
10.675,1.1454350305492,0.0561705615799749
10.68,1.14337698645781,0.0562928201057322
10.685,1.1413782920894,0.05641649480151
10.69,1.13946655243167,0.0565453977275572
10.695,1.13758450391215,0.0566763700452313
10.7,1.13567976559329,0.056806335944013
10.705,1.13372236208039,0.0569327484164523
10.71,1.13178323059719,0.0570557075834802
10.715,1.13000177306719,0.0571870707519607
10.72,1.12831300816671,0.0573263691977209
10.725,1.12656920040729,0.0574637399561744
10.73,1.12476883462655,0.057593861057129
10.735,1.12307671394607,0.0577270704143548
10.74,1.12156397399314,0.0578709593285455
10.745,1.12016470035654,0.0580226350225848
10.75,1.11875057259223,0.0581768088381779
10.755,1.1172304345307,0.0583219395841653
10.76,1.11569855368128,0.0584646434082736
10.765,1.11423473520792,0.0586084267947344
10.77,1.11286183568474,0.0587603035938444
10.775,1.11148279343059,0.0589106123200742
10.78,1.11016417466306,0.0590612804693111
10.785,1.10901121383858,0.0592202338403927
10.79,1.107913640898,0.0593906507205555
10.795,1.1066421148084,0.0595474720947856
10.8,1.10531882132729,0.0596976989726404
10.805,1.10403997955217,0.0598498276330645
10.81,1.10278284426631,0.0600046796258784
10.815,1.10150296968841,0.0601566843592134
10.82,1.10018024803317,0.0603085702100721
10.825,1.09879475387839,0.0604515382990535
10.83,1.09742781390984,0.0605988152899401
10.835,1.09603057665381,0.0607396884318739
10.84,1.09466245419336,0.0608859443512786
10.845,1.09324538643455,0.0610256853510032
10.85,1.09181316191346,0.0611676010985973
10.855,1.09028581017159,0.0613011547679356
10.86,1.08872393199807,0.0614319663097979
10.865,1.08714022549407,0.0615603834216561
10.87,1.08554681527048,0.0616880911781474
10.875,1.08401607916451,0.0618140575106207
10.88,1.08267587322279,0.0619538338315973
10.885,1.08141360582902,0.0621008419637997
10.89,1.08015170526173,0.062247207663379
10.895,1.07887751785738,0.0623935523405364
10.9,1.07758318111222,0.0625363485908407
10.905,1.07627160431503,0.0626808017462624
10.91,1.07487261761695,0.0628176050152195
10.915,1.07347032229416,0.0629511387508481
10.92,1.07210163477237,0.0630890708713553
10.925,1.07071655487521,0.0632237458319355
10.93,1.06935163648011,0.0633602894305061
10.935,1.06802071004014,0.0634959186803626
10.94,1.06676421270159,0.063638615054863
10.945,1.06552337630161,0.0637809769078027
10.95,1.0643444060995,0.0639257978015375
10.955,1.06322357889281,0.06407673193295
10.96,1.06211423636511,0.064226285671681
10.965,1.06104197080014,0.0643794598950928
10.97,1.05995004060197,0.0645319578653126
10.975,1.0588316892773,0.0646807653269697
10.98,1.05776087961116,0.06483012104658
10.985,1.05675429703666,0.0649866273388439
10.99,1.05575373226241,0.0651414016609446
10.995,1.05479143426827,0.0652994279322928
11,1.05383118189416,0.0654579407547678
11.005,1.05286038739754,0.0656149100003218
11.01,1.05192472752728,0.0657715524076977
11.015,1.0510670970112,0.0659346851729926
11.02,1.05023673256733,0.0661004531650566
11.025,1.04940894945102,0.0662658717748341
11.03,1.04860915445233,0.0664314216758005
11.035,1.04783806735209,0.0666013082355921
11.04,1.04702025488373,0.0667682080596034
11.045,1.04612648393173,0.0669300971018341
11.05,1.04515809395133,0.067084695161761
11.055,1.04416518744671,0.0672363497380104
11.06,1.04318637869447,0.0673874188919493
11.065,1.04226021516066,0.0675414929822106
11.07,1.04137397344371,0.0676999349900827
11.075,1.04049163568557,0.0678577492385829
11.08,1.03964741537211,0.0680165883237347
11.085,1.03889278722138,0.0681805147527375
11.09,1.03824454069012,0.0683528601239061
11.095,1.03766168201652,0.0685312707574208
11.1,1.03713916440691,0.0687116558358664
11.105,1.03667912857056,0.0689001689292302
11.11,1.03618081483409,0.069086721002584
11.115,1.03567693569823,0.0692679401113734
11.12,1.035242688118,0.0694563246625354
11.125,1.03480253275778,0.0696460608747062
11.13,1.03432321494508,0.0698315176713338
11.135,1.03382331626461,0.0700153268247245
11.14,1.03327202454789,0.0701968970928329
11.145,1.03267335917582,0.0703707752195652
11.15,1.03210345672335,0.070547118498282
11.155,1.03152725834989,0.0707245629432399
11.16,1.03091198562251,0.0708980707287865
11.165,1.0302761158743,0.071069330321386
11.17,1.02965597963571,0.0712393796826953
11.175,1.02910879461246,0.0714142082875732
11.18,1.0286146164635,0.0715957437767211
11.185,1.02813427944646,0.0717764970529665
11.19,1.02767437448883,0.0719609074102402
11.195,1.02716737240067,0.072142877111692
11.2,1.02663350228438,0.0723181849881461
11.205,1.0261243331229,0.0724983575142533
11.21,1.02562541855621,0.0726749963448677
11.215,1.02520030661217,0.0728592754228172
11.22,1.02478943254924,0.0730460909193951
11.225,1.02439089497945,0.0732311854892803
11.23,1.02405624597565,0.0734213090999262
11.235,1.02372889926263,0.0736164681972323
11.24,1.02336728521976,0.0738043410385699
11.245,1.0229934639583,0.0739962065119105
11.25,1.02258344445847,0.0741782248609571
11.255,1.02224008904586,0.0743680768421146
11.26,1.02197324830797,0.0745591299254004
11.265,1.02186781352986,0.0747647411527175
11.27,1.02186764198062,0.0749817478711961
11.275,1.02186871001723,0.0752032679885338
11.28,1.02177227072895,0.0754174923003931
11.285,1.02158702463852,0.0756211750259928
11.29,1.02137309017887,0.075821442768838
11.295,1.02114059304263,0.076020391096273
11.3,1.02089446721547,0.0762169015079241
11.305,1.02065520388958,0.0764139147453364
11.31,1.02042944698487,0.0766112967055196
11.315,1.02021671957511,0.0768107981143116
11.32,1.0199835437515,0.0770094765502655
11.325,1.01971819938125,0.0772044669436683
11.33,1.01940171445766,0.0773977242510545
11.335,1.01904572320231,0.07758167607515
11.34,1.01880417915705,0.0777714078152875
11.345,1.01867441427565,0.0779778857412713
11.35,1.01856122138181,0.0781826401095702
11.355,1.01851803100796,0.0783937370383915
11.36,1.01848181049929,0.0786106827251666
11.365,1.01838099524561,0.0788197426953021
11.37,1.01830650556206,0.0790259530786157
11.375,1.01830153278222,0.0792426577913769
11.38,1.01827429591398,0.0794587373393945
11.385,1.0182116231759,0.079670387898642
11.39,1.01808075819157,0.0798804834118373
11.395,1.01782810009728,0.08007672895614
11.4,1.01750155683181,0.0802658122236303
11.405,1.01710596235287,0.0804485869944328
11.41,1.01664349785437,0.0806248406145723
11.415,1.01618367271218,0.0807954589909958
11.42,1.01576753648482,0.0809759575136289
11.425,1.01528062082676,0.0811504571827477
11.43,1.0147377588255,0.081317412656766
11.435,1.01421410045076,0.0814830512986592
11.44,1.01374951665204,0.0816555213708102
11.445,1.01331809571207,0.0818309735621949
11.45,1.01298163336588,0.0820095370916255
11.455,1.01275230498671,0.0822062878076156
11.46,1.01251607138919,0.0823995470728296
11.465,1.0123064546784,0.0825966221613219
11.47,1.01209096250451,0.0827940637384862
11.475,1.01186419083524,0.0829894165786096
11.48,1.01160584512127,0.083185263007832
11.485,1.01133009431899,0.0833724552534761
11.49,1.01110968139535,0.0835691336788382
11.495,1.01088865545953,0.0837643180978699
11.5,1.01072779618912,0.0839617158775843
11.505,1.01062647286717,0.0841706306788415
11.51,1.01050971558699,0.0843762252076093
11.515,1.01036502777335,0.0845831699885819
11.52,1.01018724161516,0.0847810426976071
11.525,1.0099834853092,0.0849848279935321
11.53,1.00972646125542,0.0851727962519427
11.535,1.00955479557827,0.0853722157751823
11.54,1.00938415809463,0.0855751098430362
11.545,1.0092231522875,0.0857728826067068
11.55,1.009189770984,0.085981229564856
11.555,1.0092293633647,0.0862055636090982
11.56,1.00926201817362,0.086423899680477
11.565,1.00934756438544,0.086649709799946
11.57,1.00943484450799,0.0868777540324406
11.575,1.00955393336196,0.0871030455258523
11.58,1.00972594630482,0.0873407829092902
11.585,1.00989210857509,0.0875735400999268
11.59,1.01010050364713,0.0878124047877903
11.595,1.01034106509995,0.0880532279895292
11.6,1.01059326728897,0.0882996544184842
11.605,1.01077527196385,0.088541103237152
11.61,1.01090075452084,0.0887720288844366
11.615,1.01103602527138,0.0890040903917127
11.62,1.01116250048639,0.0892372699911352
11.625,1.01126462424017,0.0894667754581577
11.63,1.01131614689441,0.0896956602549102
11.635,1.01128216181149,0.0899124967240846
11.64,1.01126126255674,0.0901250966709799
11.645,1.01131362318045,0.0903478953801419
11.65,1.0114157314569,0.090574895446277
11.655,1.01157325848253,0.0908090851675531
11.66,1.01178120545044,0.0910475775770632
11.665,1.01202967243802,0.0912934310177565
11.67,1.01228816883779,0.0915396203299289
11.675,1.01249280988263,0.0917883773104027
11.68,1.01260461759538,0.0920195367904577
11.685,1.0127768824792,0.0922517955374081
11.69,1.01308336547249,0.0924990621054003
11.695,1.01348327661638,0.0927606428734962
11.7,1.01395623145557,0.093027041251703
11.705,1.01454408924518,0.0933066150087329
11.71,1.0152270556584,0.0935988736522853
11.715,1.01590372432078,0.0938995484656656
11.72,1.01647332970138,0.0941877764364376
11.725,1.01701117289944,0.094464801912457
11.73,1.017618701992,0.0947492321187411
11.735,1.01830259510559,0.0950428119976814
11.74,1.01906153550375,0.0953450890315365
11.745,1.01982994058014,0.0956565049735139
11.75,1.02054618448867,0.0959589830737717
11.755,1.02118043788886,0.0962599656766854
11.76,1.02173946887248,0.0965414222123229
11.765,1.02235288877891,0.096829337410811
11.77,1.02299698513096,0.0971239904456385
11.775,1.02361989710328,0.0974186112355869
11.78,1.02423581866451,0.0977081929080047
11.785,1.02484790276046,0.0980034044531698
11.79,1.025406246772,0.0982906699810519
11.795,1.02594512735932,0.0985745154658533
11.8,1.02649286429451,0.0988583463461718
11.805,1.02713606089878,0.099145422092122
11.81,1.02786132332919,0.0994555436607215
11.815,1.028570039217,0.0997581894667854
11.82,1.02935443183586,0.100066969827694
11.825,1.03015247773806,0.100389623893114
11.83,1.0308523187897,0.100698707967917
11.835,1.03145981688786,0.100998817617168
11.84,1.03198055108975,0.101285592350296
11.845,1.03246050697034,0.101566412365037
11.85,1.03295978482029,0.101844505355289
11.855,1.03345756287315,0.102132723998796
11.86,1.03387854556609,0.10240749288389
11.865,1.03434396909505,0.102679247616632
11.87,1.03491678478927,0.10296890921733
11.875,1.03553983647204,0.103265816030493
11.88,1.03617883984533,0.103568364359739
11.885,1.03681740124853,0.103868920205745
11.89,1.03752816736444,0.104172953274871
11.895,1.03833911909272,0.104494264430616
11.9,1.03917254049021,0.104822760926406
11.905,1.04001645516421,0.105149514037903
11.91,1.04090743218994,0.105482634504969
11.915,1.04180015654348,0.105822318836006
11.92,1.04270217572824,0.106155269321062
11.925,1.04366897880642,0.106500630885286
11.93,1.04467456982155,0.106850215810666
11.935,1.04573833179624,0.10720700496225
11.94,1.04683279641722,0.107572996948448
11.945,1.04792997584789,0.107937819932479
11.95,1.04906521080638,0.108306186675388
11.955,1.05026250174899,0.10868267714805
11.96,1.05154256096694,0.109068791409881
11.965,1.05293281204356,0.109468942012025
11.97,1.05437035471897,0.109886074496311
11.975,1.05573969245774,0.110298549806178
11.98,1.05704085466622,0.110697980556148
11.985,1.05830080459119,0.111094131374495
11.99,1.05952854699697,0.111483467673695
11.995,1.06078236407932,0.111872844704174
12,1.06208470234173,0.112271481438048
12.005,1.06339374172069,0.112675087248022
12.01,1.06468349119471,0.11307637894984
12.015,1.06600291162735,0.11347620094303
12.02,1.06737328314255,0.113888312273784
12.025,1.06874205375387,0.114302865788652
12.03,1.0701139486801,0.114715743428224
12.035,1.07145135025662,0.115133212647513
12.04,1.07273540723693,0.115536518534935
12.045,1.07398427991114,0.115941779213732
12.05,1.07516549711266,0.116335607738015
12.055,1.07634522886492,0.116723786296309
12.06,1.07750528467444,0.117119877413535
12.065,1.07857166867918,0.11750200835536
12.07,1.07958643539212,0.117873306754725
12.075,1.08058524720623,0.118243171514301
12.08,1.08158751610733,0.118611337309567
12.085,1.08261265665487,0.118984232634679
12.09,1.08365501376077,0.119360097806708
12.095,1.08472691895785,0.119739359783627
12.1,1.08586249027134,0.120125437227581
12.105,1.08704728790476,0.12052502877876
12.11,1.08825660391867,0.120925638407781
12.115,1.08949854776805,0.12133452551431
12.12,1.09070033585043,0.12174570665166
12.125,1.09180009665822,0.122143248898322
12.13,1.09284709448013,0.1225260429208
12.135,1.09390052324651,0.122911211901808
12.14,1.09498770164322,0.123297280743025
12.145,1.09615619308051,0.123694863661241
12.15,1.09739650931611,0.124106570671956
12.155,1.09868782435509,0.124526462689577
12.16,1.09999105093739,0.124955062421143
12.165,1.10133231837416,0.125379321457116
12.17,1.10273181380331,0.125822780620194
12.175,1.10408437443887,0.126264897355072
12.18,1.10538997599121,0.126695382934823
12.185,1.10667971359129,0.127125825432452
12.19,1.10793300528866,0.127553119037046
12.195,1.10919003397783,0.127974087772586
12.2,1.11047579245778,0.128405528891183
12.205,1.11176178860181,0.128836260743381
12.21,1.11306842282904,0.129269881052244
12.215,1.11441348220088,0.129708997865613
12.22,1.11574332289457,0.130156541998569
12.225,1.11704057699405,0.130591582179293
12.23,1.11832661862476,0.131032020667263
12.235,1.11957783834872,0.131464644115245
12.24,1.12085693139005,0.131896606005914
12.245,1.12220462245376,0.132340697224628
12.25,1.12352539265076,0.132795939908406
12.255,1.12478621210166,0.133231763675971
12.26,1.12603124634354,0.133671364058348
12.265,1.12724927330192,0.134103443859377
12.27,1.12853934354595,0.134537045694582
12.275,1.12996768198073,0.134995434044696
12.28,1.13146053405743,0.135474501910358
12.285,1.13294993617805,0.13595463114324
12.29,1.1344550942173,0.136434759616012
12.295,1.13592991322643,0.13692254628057
12.3,1.13732854495248,0.137394088362832
12.305,1.13870146379534,0.137859666282765
12.31,1.1400569218497,0.138325313171292
12.315,1.14139216347707,0.138787186137688
12.32,1.14272322575746,0.139248569822371
12.325,1.14405579741643,0.139711338483945
12.33,1.14536881481104,0.140175381351425
12.335,1.14670114555777,0.140633544232014
12.34,1.14805743736121,0.141107248455341
12.345,1.14942625503564,0.141574338487832
12.35,1.15084619398312,0.142055413323646
12.355,1.15224101158105,0.142541253850825
12.36,1.15362331639389,0.143015585478639
12.365,1.15511433213852,0.143500457429023
12.37,1.15672140040041,0.14401426470465
12.375,1.15838378033579,0.14453983177559
12.38,1.16007544255801,0.145074900005394
12.385,1.16173321680505,0.145612947693839
12.39,1.16334512696916,0.146138797658445
12.395,1.16495606094784,0.146663857518424
12.4,1.16663751010084,0.147192057333959
12.405,1.16833463344291,0.147744490767339
12.41,1.17000686889607,0.148280086698514
12.415,1.17168583990416,0.148826850800052
12.42,1.17333797327933,0.149367237495519
12.425,1.1750348486199,0.14990741011383
12.43,1.17675393652856,0.150466474898457
12.435,1.17850156624896,0.151016870607763
12.44,1.18028395613417,0.151589072532857
12.445,1.18205461065549,0.152154382029006
12.45,1.18384986328386,0.152725326445942
12.455,1.18565264858338,0.153302326775508
12.46,1.18747795093221,0.153878924425073
12.465,1.18934555700853,0.154466982663168
12.47,1.19116040819693,0.155061842343596
12.475,1.19285672377781,0.155634094273037
12.48,1.19449589914434,0.15618874743115
12.485,1.19617080680744,0.156743191755525
12.49,1.1978945335888,0.157313786294561
12.495,1.19960889355227,0.157888747110381
12.5,1.20132017194245,0.158458900963356
12.505,1.20307600052209,0.159035717942006
12.51,1.20481649080805,0.159625199893061
12.515,1.20651397029146,0.160199517307709
12.52,1.20822947655024,0.160776017175837
12.525,1.20996178718896,0.161360016819588
12.53,1.21177427647069,0.16194580837479
12.535,1.21361400194734,0.162562599512585
12.54,1.21539400982706,0.163162127668702
12.545,1.21714947806881,0.163759368629663
12.55,1.21888786227352,0.1643528637376
12.555,1.22061497479368,0.164946791730679
12.56,1.22234456289175,0.165539212498612
12.565,1.22407757188562,0.166137181477088
12.57,1.22579718519821,0.166734134946359
12.575,1.22754739600031,0.167330203935373
12.58,1.22928056553251,0.167941860338171
12.585,1.23095044556687,0.168535058110992
12.59,1.23263430025713,0.169125361473791
12.595,1.23434943514743,0.169726996053207
12.6,1.23605014524761,0.170332569253756
12.605,1.23775456539918,0.170932020332098
12.61,1.23952495573945,0.171542077524233
12.615,1.24136386346861,0.172170253650691
12.62,1.24326172738772,0.172810405708155
12.625,1.24520856511929,0.17346504916889
12.63,1.24722174692079,0.17412818257543
12.635,1.24925615244053,0.174812248576242
12.64,1.25132230624217,0.175488675118147
12.645,1.253385058442,0.176187839538786
12.65,1.25538346397454,0.176868609098236
12.655,1.2573383115236,0.177544937107662
12.66,1.25921918664956,0.178212150431983
12.665,1.26106848075,0.178862683110371
12.67,1.26296505487361,0.179519903844249
12.675,1.26487119103361,0.180192801037777
12.68,1.26662787806116,0.180858424551618
12.685,1.2682457682507,0.181475912025787
12.69,1.26989420951535,0.182086887091185
12.695,1.27161326165253,0.182719695972457
12.7,1.27325784872151,0.183362779800574
12.705,1.27479576443701,0.183970011629761
12.71,1.2763313102445,0.184572020884968
12.715,1.27789427162457,0.185181527921501
12.72,1.27952443460472,0.185798075929651
12.725,1.28125176630325,0.186438246232588
12.73,1.28299078718302,0.18709811121151
12.735,1.28469823562989,0.187747606154826
12.74,1.28638416402814,0.188397635705221
12.745,1.28809402729328,0.189042022053962
12.75,1.28984988251173,0.189704950557641
12.755,1.29162604828801,0.190372565950193
12.76,1.29350362657427,0.191047656694015
12.765,1.29540903282429,0.191760505325808
12.77,1.29726135898409,0.192453855463169
12.775,1.29911768319026,0.193146953426149
12.78,1.30099881870302,0.193845651726367
12.785,1.30300822501099,0.194553122516588
12.79,1.30509484466073,0.195308597733693
12.795,1.30718774023523,0.196056586410952
12.8,1.30931887276488,0.196817596596542
12.805,1.31141718329941,0.19758687950993
12.81,1.31347044761177,0.198339899501712
12.815,1.31547935302386,0.19909255275395
12.82,1.31746168463814,0.199831465292387
12.825,1.31937540059795,0.200575379614814
12.83,1.32131022233459,0.201290743266745
12.835,1.32332834527516,0.202043793762992
12.84,1.3253548275042,0.20280181471152
12.845,1.32731210729195,0.203563063706586
12.85,1.32918794677593,0.20429703784912
12.855,1.33113298028812,0.205024651274751
12.86,1.33315788927488,0.205790777062733
12.865,1.33519590569695,0.206560412577984
12.87,1.3372762638235,0.207336639483345
12.875,1.33943894809818,0.208129055741702
12.88,1.34157765073711,0.208946269217001
12.885,1.34367213689721,0.209737165111026
12.89,1.34580083375813,0.210535598540871
12.895,1.34795788004918,0.211346311559556
12.9,1.35012826564317,0.212162993477653
12.905,1.35225937413199,0.212984701009869
12.91,1.35433551476072,0.213790173054646
12.915,1.35646185919376,0.214590139784949
12.92,1.35859137584886,0.215420268236375
12.925,1.36074035481532,0.216231097631355
12.93,1.36296921044162,0.21707037116624
12.935,1.36525787701134,0.217924484526146
12.94,1.36755520473973,0.218796461706329
12.945,1.36989046092623,0.219662452238773
12.95,1.37230789538785,0.220553905394325
12.955,1.37470296257887,0.221464734026588
12.96,1.37705176762543,0.222355831455953
12.965,1.37941659344146,0.22324723860421
12.97,1.38172736585094,0.22414997976326
12.975,1.38396037550665,0.225025595820565
12.98,1.38606896982323,0.225893574572353
12.985,1.38810513548207,0.226718536084996
12.99,1.39010932210642,0.227550850138516
12.995,1.39207566008787,0.228367610005071
13,1.39408659700189,0.22918492651162
13.005,1.39606663722112,0.230025846044927
13.01,1.39804746054902,0.230838207902798
13.015,1.40008836493983,0.231678738047714
13.02,1.4021584496297,0.232526936389502
13.025,1.40433771636191,0.233386327333975
13.03,1.40651425927221,0.234289482893204
13.035,1.40865249817334,0.235161372247275
13.04,1.41073296234987,0.236045401439958
13.045,1.41268279030891,0.236898931091353
13.05,1.41464017350267,0.237722914166947
13.055,1.41654135142029,0.238578865032257
13.06,1.418378401956,0.239387851979366
13.065,1.42020571345869,0.240210496011759
13.07,1.4219070951189,0.24102171045226
13.075,1.4235247937467,0.241789324646873
13.08,1.42515382901569,0.242559586291566
13.085,1.42676077247813,0.243337113341883
13.09,1.42834510923999,0.244102333277073
13.095,1.429965584339,0.244872048374482
13.1,1.43159795166689,0.245659079027427
13.105,1.43313955936261,0.24644089435665
13.11,1.43464522706456,0.247188996494557
13.115,1.43619379182883,0.247953994557369
13.12,1.43776682836396,0.248728531003464
13.125,1.439340994284,0.249510602247482
13.13,1.44087095152046,0.250290992583605
13.135,1.44239074624743,0.251056226896221
13.14,1.44395725966169,0.251834311477461
13.145,1.44555155870562,0.25262775265399
13.15,1.44719667124546,0.253425455222621
13.155,1.44888556123736,0.254248206694709
13.16,1.45055153546364,0.255074809438891
13.165,1.45214034435189,0.25589183512884
13.17,1.45367938325629,0.256684599997722
13.175,1.45520073388137,0.257478605654738
13.18,1.45672839301114,0.258267454317775
13.185,1.45828211646689,0.259068363588611
13.19,1.45978246449405,0.259875911874598
13.195,1.46116246732098,0.260656331387056
13.2,1.46252157419018,0.261405699736345
13.205,1.46383999524535,0.262176965645532
13.21,1.46510614558761,0.262912587318979
13.215,1.46638939644866,0.26365873672143
13.22,1.46769488823791,0.264408133368897
13.225,1.46905482408691,0.265170188752235
13.23,1.47046020520235,0.265952473010506
13.235,1.47189137623464,0.266743725154463
13.24,1.47337114151002,0.267544444769288
13.245,1.47492312370069,0.268365656951878
13.25,1.47653170604582,0.269209531411129
13.255,1.47815025058962,0.270066733434148
13.26,1.4797993712894,0.270922428571928
13.265,1.48147070286396,0.271799270134737
13.27,1.48313448211075,0.272674349475291
13.275,1.48477264257082,0.273551968041213
13.28,1.48643142877275,0.274419659657352
13.285,1.48822663945684,0.275310607753978
13.29,1.49011387162924,0.27625493365577
13.295,1.49207916267052,0.277206691921109
13.3,1.49413124546875,0.278196015862601
13.305,1.49622810337252,0.279204127502397
13.31,1.49833458196912,0.280225313742902
13.315,1.50048271427678,0.281246939869136
13.32,1.50272759647393,0.282293846446153
13.325,1.50501739624922,0.283374790037753
13.33,1.50732403061206,0.284458864921494
13.335,1.50953328213328,0.285554504055171
13.34,1.511629809074,0.286600710873121
13.345,1.51378843929211,0.287631580574066
13.35,1.51604356022828,0.288709484102662
13.355,1.51830588004934,0.28980633730292
13.36,1.52055016732193,0.290899150660963
13.365,1.52277642657404,0.291991564901282
13.37,1.52507865392516,0.293081042788439
13.375,1.52755079009518,0.294215623387273
13.38,1.53012021350231,0.29540808176764
13.385,1.53267035679802,0.296615287773494
13.39,1.53512857733563,0.297809740083757
13.395,1.53756522078809,0.29897358114697
13.4,1.53997658386557,0.300152630623138
13.405,1.54233902000658,0.301315218440971
13.41,1.54462908759997,0.30247032946813
13.415,1.54684939234318,0.303600352345479
13.42,1.5490587246019,0.304718056932949
13.425,1.5512644680271,0.305844384055395
13.43,1.5534566529564,0.306968771842515
13.435,1.55564706460761,0.30809341143902
13.44,1.5578848764051,0.309222757769695
13.445,1.56021194530098,0.310378720526887
13.45,1.56258270183722,0.311567622201574
13.455,1.56499929721021,0.312762619559207
13.46,1.56749577973974,0.313982801491716
13.465,1.56999531965071,0.315232994524143
13.47,1.57255587790024,0.316471869135741
13.475,1.57508943161962,0.317754858311529
13.48,1.57764075766124,0.319002976275502
13.485,1.58018336518209,0.320287916448166
13.49,1.582683556266,0.321551814876647
13.495,1.58517857633475,0.322813505219709
13.5,1.58767015638931,0.324080257523424
13.505,1.59017546860621,0.325348425129139
13.51,1.59269165513789,0.326629062539295
13.515,1.59513248340747,0.327913881270164
13.52,1.59756081440959,0.329163929080614
13.525,1.60007546372286,0.330435393533494
13.53,1.60263087844373,0.331744222756304
13.535,1.60530397484263,0.333057306228263
13.54,1.6080200078865,0.334434910866714
13.545,1.610700732759,0.335802411450535
13.55,1.61345283139054,0.337164432816295
13.555,1.61629927209927,0.338573134823133
13.56,1.61920192762053,0.340009781042667
13.565,1.62201653818188,0.341466308709849
13.57,1.62472432719253,0.342873702648352
13.575,1.62748359940263,0.344260321359161
13.58,1.63035529295125,0.345692459949888
13.585,1.63329724692564,0.347163451839341
13.59,1.63632216688168,0.348656003102262
13.595,1.63929863487392,0.350186751860699
13.6,1.64218390461885,0.351679184282729
13.605,1.64502664800461,0.35315212681809
13.61,1.64782567407129,0.354620721480539
13.615,1.65068143351697,0.356075973178133
13.62,1.65346991142003,0.357575519763868
13.625,1.6562172401119,0.35902240597768
13.63,1.65899335438752,0.360483474503796
13.635,1.6617463855943,0.361958856639318
13.64,1.66460843641404,0.363421143743755
13.645,1.66755620803773,0.364955775940631
13.65,1.67049941817116,0.366502904174831
13.655,1.67343483748839,0.368048359242288
13.66,1.67623252838003,0.369597985877376
13.665,1.67896888326769,0.371079674791208
13.67,1.6816744509176,0.37257200009374
13.675,1.68433553821506,0.374049012926206
13.68,1.68701704799469,0.375517536972641
13.685,1.68970987635283,0.377008965390239
13.69,1.69231947191758,0.378500841695208
13.695,1.69491092458536,0.379954325343783
13.7,1.69764231391196,0.381426294318085
13.705,1.70039143138775,0.382971638609572
13.71,1.70312689205132,0.384493048725588
13.715,1.70581853677429,0.386027157000357
13.72,1.70847728183008,0.387537626248338
13.725,1.71119269342338,0.389050042491765
13.73,1.71392930093332,0.390599923261361
13.735,1.71675129399527,0.39214825635055
13.74,1.71964262666036,0.393751960675455
13.745,1.72254142502835,0.39537163004425
13.75,1.72538136433857,0.396994708729119
13.755,1.72828963852348,0.398591229742272
13.76,1.73130953880558,0.400246966589123
13.765,1.73435229766791,0.401941091157192
13.77,1.73749363914494,0.403636305596956
13.775,1.7406840364486,0.405393279776197
13.78,1.74391621241329,0.407154886436122
13.785,1.74713167631772,0.408945460484258
13.79,1.75042325867186,0.41072132278008
13.795,1.7537305637824,0.41255442973644
13.8,1.7569741027749,0.41437758039871
13.805,1.7602728623908,0.416178563086433
13.81,1.7637077159673,0.418028858393984
13.815,1.76714915913926,0.419939967195858
13.82,1.77054008960784,0.421835788494986
13.825,1.77397583847697,0.423719174568972
13.83,1.77737610866335,0.425641746895248
13.835,1.78072445211858,0.427535812327439
13.84,1.78402083170714,0.429422224253927
13.845,1.78741414719919,0.431291600876366
13.85,1.79073730125036,0.433231794028906
13.855,1.7940068089689,0.435109472365438
13.86,1.79725317382799,0.436993026451081
13.865,1.8004860112093,0.43886938424787
13.87,1.80366659484438,0.440749855525061
13.875,1.80689304539429,0.442607231452618
13.88,1.81007604376438,0.44450985191361
13.885,1.81335564807453,0.446375500219477
13.89,1.8167028072426,0.448321909804302
13.895,1.8201575780135,0.450278890746344
13.9,1.82375598651086,0.452301679573548
13.905,1.82737250757864,0.454386877056227
13.91,1.83093489269292,0.456465464449655
13.915,1.8345061909868,0.458525241460698
13.92,1.83816832341295,0.460607164717056
13.925,1.8418518338267,0.462741320317158
13.93,1.84547554561904,0.464875840486055
13.935,1.84903144362349,0.466985456821743
13.94,1.85255563619496,0.469075445554987
13.945,1.85613106179232,0.471164404199611
13.95,1.85975071613354,0.4732928379937
13.955,1.86334860654018,0.475440192596654
13.96,1.86697237643085,0.477576815191505
13.965,1.87069162556791,0.479742302650342
13.97,1.8745389351954,0.481961435855515
13.975,1.87840008431239,0.484243689952637
13.98,1.88233839810323,0.486519723116541
13.985,1.8864178241469,0.488853152497822
13.99,1.89058224320311,0.491257433035342
13.995,1.89472997651624,0.493695748284141
14,1.89884682890604,0.496122993139692
14.005,1.90294036196485,0.498546921944895
14.01,1.90703046787482,0.500969116750827
14.015,1.91119513114596,0.50340060884582
14.02,1.91530693258661,0.505883309809361
14.025,1.91933285366584,0.508327807550528
14.03,1.9233956117974,0.510745657869412
14.035,1.92745054886561,0.513205261636501
14.04,1.93143002049069,0.515656174925216
14.045,1.93548943691452,0.518075985882969
14.05,1.93965656043945,0.520564880812088
14.055,1.94372243730472,0.523104311025739
14.06,1.94772589363325,0.525577120922312
14.065,1.95173847848818,0.528045814261777
14.07,1.95573630343778,0.530532055811928
14.075,1.95955527524378,0.533014033137813
14.08,1.96326347441686,0.535400282965184
14.085,1.96701714504932,0.537762541634454
14.09,1.97084313725737,0.540171369661767
14.095,1.97474060325669,0.542617659395587
14.1,1.97880116852156,0.54510464096913
14.105,1.98289276482324,0.547687514333612
14.11,1.98686431602083,0.55026732983571
14.115,1.99073428491441,0.552785904650534
14.12,1.99457798200409,0.555273158601743
14.125,1.99855421073135,0.557765403081537
14.13,2.00262046147611,0.560348417603204
14.135,2.00654182939792,0.56296657233879
14.14,2.0103734658788,0.56549483018963
14.145,2.014155417933,0.568007460388699
14.15,2.01785248977935,0.570504920466582
14.155,2.02143946263012,0.572964819257968
14.16,2.02510796874876,0.575378594401354
14.165,2.02888998810389,0.577870754846166
14.17,2.0326567643388,0.580416723031769
14.175,2.03646639006455,0.582944877597594
14.18,2.04019878729157,0.585516806372092
14.185,2.0439331103937,0.58803540528875
14.19,2.0476225566075,0.590583782756895
14.195,2.05131562406254,0.593103687952756
14.2,2.05515398976857,0.595646142185057
14.205,2.05902215013072,0.598284634493964
14.21,2.06289478652698,0.600920063715187
14.215,2.06678600450022,0.6035702230717
14.22,2.07057172545554,0.606238339726543
14.225,2.07437589340706,0.608843668455871
14.23,2.07826543925134,0.611492278794881
14.235,2.08218011885289,0.61419245747824
14.24,2.08611936516872,0.616902912767259
14.245,2.09003736493893,0.619637042912669
14.25,2.09398388878479,0.622360922897255
14.255,2.09789737455156,0.625117753132604
14.26,2.10190876698613,0.627853712357511
14.265,2.10610913324981,0.63067149053212
14.27,2.11043065738101,0.633597817292743
14.275,2.11474713315144,0.636581380323636
14.28,2.1190640110698,0.639557044583988
14.285,2.12331763497318,0.642547330148617
14.29,2.12745004765368,0.64550432126952
14.295,2.13154473065566,0.648403474119705
14.3,2.13587726859181,0.651306343395462
14.305,2.14027168422635,0.654377002418027
14.31,2.14467124549477,0.657450810505191
14.315,2.14911094108273,0.660539517802656
14.32,2.15359608586451,0.663662944830447
14.325,2.15825042854992,0.666819300969623
14.33,2.16294493124142,0.670090976111182
14.335,2.16771642404714,0.67337136926322
14.34,2.17242300773782,0.676713504026568
14.345,2.17720522018145,0.680010531694165
14.35,2.18197633711848,0.683382219821365
14.355,2.18675483514734,0.68674114733486
14.36,2.19149193377124,0.690121624403538
14.365,2.19609387745906,0.693482763822493
14.37,2.20067879391575,0.696771965248582
14.375,2.20510270796251,0.700080733425167
14.38,2.20949770840605,0.703289394478076
14.385,2.21390935997237,0.706516657232426
14.39,2.21834211667193,0.709762953714968
14.395,2.22262425629927,0.713031309977678
14.4,2.22675506796468,0.716204105562191
14.405,2.23082409914545,0.719310253799073
14.41,2.23498989776459,0.72240394423667
14.415,2.23938769172546,0.725580570547936
14.42,2.24386117432068,0.728906883870463
14.425,2.24838133158126,0.732257464202014
14.43,2.25296287097692,0.735647032616403
14.435,2.2574654636603,0.739082222149105
14.44,2.26195237073877,0.742464897789892
14.445,2.26624617684473,0.745862720691221
14.45,2.27057064978585,0.749135567537763
14.455,2.27502808205087,0.752474210092584
14.46,2.27970077782121,0.755901569959277
14.465,2.28448692653539,0.75946997380492
14.47,2.28914110210776,0.76309625780202
14.475,2.29374297978432,0.766631062083332
14.48,2.2984735387815,0.770163824705208
14.485,2.3033126840811,0.773801227074343
14.49,2.30821439169094,0.777503862794863
14.495,2.31306233755012,0.78124971048823
14.5,2.31799607751569,0.784962546336186
14.505,2.32298112538336,0.788757411360964
14.51,2.32810473871527,0.792584724392984
14.515,2.33309706336295,0.79651749703101
14.52,2.33810380168678,0.800350382689834
14.525,2.34334778779605,0.804228764947281
14.53,2.34853956787842,0.808280689936143
14.535,2.35379777521563,0.812274942732016
14.54,2.35918054511186,0.816343109694249
14.545,2.36455277904375,0.820500550400089
14.55,2.36997775191901,0.824648994860604
14.555,2.37545685963236,0.828852657722728
14.56,2.38096013692771,0.833100548748592
14.565,2.38632618392593,0.837373734169452
14.57,2.39158988305243,0.841560402580251
14.575,2.39679187642933,0.845705222557211
14.58,2.40181590818041,0.849829010439839
14.585,2.40693442426145,0.853843399589036
14.59,2.41224082573232,0.857962834882003
14.595,2.41756907068968,0.862213464495366
14.6,2.42286841417305,0.86647068512291
14.605,2.42802606940679,0.87072159339313
14.61,2.43325176117187,0.874885991670729
14.615,2.43850334484335,0.879131851846555
14.62,2.44371141162747,0.883397009434337
14.625,2.44920876529804,0.887642373846159
14.63,2.45479175460055,0.892120939921602
14.635,2.46055799996769,0.89663618398678
14.64,2.46636773117614,0.901297081645738
14.645,2.47219837616867,0.905983104121065
14.65,2.47799718362196,0.910698166869451
14.655,2.48372505463833,0.915402813989405
14.66,2.48950900818775,0.920074166425224
14.665,2.49531035404149,0.924809836408907
14.67,2.50109724720436,0.92956588025606
14.675,2.50684400266056,0.934325676086251
14.68,2.51232278654477,0.939072554679195
14.685,2.5177940006395,0.943638174586943
14.69,2.52340799162363,0.948242782047606
14.695,2.52903659544607,0.952965696710874
14.7,2.5346991798815,0.957697677416234
14.705,2.54056434665145,0.962471229506766
14.71,2.54635687775869,0.967409399432046
14.715,2.55212986532943,0.972285510521234
14.72,2.55783925649281,0.977173534306222
14.725,2.5634333441169,0.982029098869617
14.73,2.56899104556255,0.986818807481811
14.735,2.57446320762681,0.99160758741706
14.74,2.58004620457321,0.99634772662748
14.745,2.58565106270794,1.001198113218
14.75,2.59129382010896,1.0060654792332
14.755,2.59689164574164,1.01097706926455
14.76,2.6026432815018,1.01586468322392
14.765,2.60836428254984,1.02089313118253
14.77,2.61408795702415,1.02589474016772
14.775,2.61981462854812,1.03092004790532
14.78,2.62538765716133,1.03596217727443
14.785,2.63096628458913,1.04089928196407
14.79,2.6365144536168,1.04587311588958
14.795,2.64210787086257,1.05083490328745
14.8,2.64772602373277,1.055851798208
14.805,2.65351185304684,1.06089779875939
14.81,2.65934064588808,1.06609077725861
14.815,2.66547030834871,1.07131509646952
14.82,2.67157441968419,1.07679308432217
14.825,2.67775785757133,1.08223638201958
14.83,2.68401369973643,1.08776636874825
14.835,2.69039280426824,1.09336296693797
14.84,2.69679367440772,1.09906980600499
14.845,2.7032352884178,1.10480149220966
14.85,2.70973157922249,1.11058341956566
14.855,2.71634379655449,1.11642416787206
14.86,2.72286243991699,1.1223723436633
14.865,2.7292952648728,1.12825506765043
14.87,2.73576641311513,1.13409638771938
14.875,2.74233565641427,1.13999371537448
14.88,2.74911598427749,1.14598531956752
14.885,2.75609465683438,1.15215940622102
14.89,2.76324687666884,1.1584979447848
14.895,2.7705127502213,1.16498454292909
14.9,2.77785036771148,1.17157361938216
14.905,2.78531707757374,1.17823619757718
14.91,2.79281656774319,1.18502242563859
14.915,2.80040037735001,1.19184996510652
14.92,2.80777556757742,1.19876855153776
14.925,2.81509947883563,1.20553320475101
14.93,2.82258952235973,1.21229246163048
14.935,2.83005471252111,1.21921368364161
14.94,2.83746798485193,1.22612672879585
14.945,2.84497498352502,1.23302234129855
14.95,2.8523838608404,1.24002187234431
14.955,2.85984600131793,1.24695726234785
14.96,2.86743434469298,1.25396639258409
14.965,2.87489209395326,1.2611007383839
14.97,2.88249328050774,1.26814261324555
14.975,2.89030982408532,1.27533594243802
14.98,2.89807225839129,1.2827258765495
14.985,2.90572629284151,1.29008410647084
14.99,2.91351157482374,1.29737916289095
14.995,2.9212463644087,1.30481493366846
15,2.92906445376896,1.31222595317869
