t,x,filter_mean,filter_cov,smoother_mean,smoother_cov,ACI_metric,signal_part,dispersion_part,E_j,F_j
0,1,2,0.1,1.76723801311136,0.0722889461838171,0.294584921972128,0.270890712701744,0.0236942092703846,0.9905,0.00760000000000005
0.001,1.00573362474247,1.99938689979398,0.10074,1.76298638375705,0.0726696699121479,0.301362197901582,0.277373456335742,0.0239887415658402,0.990573456422474,0.0076405985765136
0.002,0.990658000221914,1.98188736722385,0.101475015885517,1.7586947954489,0.0730468281292691,0.269735271266952,0.245454133023813,0.0242811382431398,0.990645357541721,0.00752315585653683
0.003,0.987497592991585,1.97423025710046,0.102211849909164,1.75461499342091,0.0734204726711827,0.260516497015095,0.235935774980587,0.0245807220345085,0.99071639857914,0.00749624492089053
0.004,0.975039739502355,1.95908001898355,0.102946635444448,1.75060149500651,0.0737905569091177,0.235978500697419,0.211096238220907,0.0248822624765113,0.990786229407277,0.00739880967359326
0.005,0.968871178077998,1.94916778226742,0.103682479940268,1.74676432188349,0.074157089734391,0.222750708960321,0.19756067176919,0.0251900371911311,0.990855168968025,0.00734914955868091
0.006,0.93038503165791,1.91333893589805,0.104417338255661,1.74302719442831,0.0745200360100074,0.16439630138984,0.138894985100236,0.0255013162896042,0.990923046433615,0.00705448693902882
0.007,0.919247539974118,1.9002010673203,0.105161916153537,1.73976375852077,0.0748793894930222,0.14821411505969,0.122383325619773,0.0258307894399172,0.990990854136397,0.00696730098890058
0.008,0.917486706373546,1.89446621702223,0.105907233332444,1.73665017203587,0.0752349955916884,0.143750019990165,0.117583583630011,0.0261664363601541,0.991057774303659,0.00695121973622311
0.009,0.944732452615459,1.91128048065965,0.106650258687093,1.73358070061564,0.0755868244800286,0.174545144041254,0.148040952813522,0.0265041912277324,0.991123557670554,0.00715483577907755
0.01,0.974115147409114,1.9302905026469,0.10738118021131,1.73023296371824,0.0759348877844519,0.213190243368982,0.186359559484427,0.0268306838845551,0.991187381177669,0.00737451464251081
0.011,0.954380703631178,1.90875572436212,0.108098735001093,1.72657474853701,0.0762793290869854,0.180660640119827,0.153516634363256,0.0271440057565706,0.991249197943992,0.00722237624196163
0.012,0.93351651287921,1.8867338044709,0.108820340243052,1.72317470283517,0.0766203073735788,0.15038389139117,0.122916265783288,0.0274676256078823,0.991310541505692,0.00706178976481745
0.013,0.907895301373271,1.8613357919427,0.109546405806982,1.72003995044751,0.0769577497175508,0.118925783818387,0.0911235502286232,0.0278022335897634,0.991371448564347,0.00686533574252833
0.014,0.889163379874837,1.84212667274077,0.110278593343039,1.71721720011259,0.0772915784377365,0.0988909579313613,0.0707407298156062,0.0281502281157551,0.991432056986896,0.00672108429185979
0.015,0.87420470953639,1.82627688470998,0.111014476066323,1.71462246495778,0.0776216949556578,0.0846575302337132,0.0561490261988529,0.0285085040348603,0.991492165747802,0.00660544016507558
0.016,0.880544402928161,1.82722946030291,0.111752764282543,1.71221040002161,0.0779480328430855,0.08806586331886,0.0591904115881431,0.0288754517307169,0.991551675487224,0.00665074213902228
0.017,0.849533019617773,1.79877191132617,0.112486080258047,1.70975359416082,0.0782705427326791,0.0644645019287144,0.0352232950635906,0.0292412068651238,0.991610011143548,0.00641402159923589
0.018,0.827047798224472,1.77784553663504,0.113227484804867,1.70764625223803,0.0785892689135214,0.0513846049634133,0.0217612337602705,0.0296233712031428,0.991668222082091,0.00624180421777033
0.019,0.828883945553425,1.77569631116206,0.113973948516101,1.70578895390377,0.0789040916504126,0.0514573669682554,0.0214392791618833,0.0300180878063721,0.991726065140151,0.00625318685988211
0.02,0.819027655063253,1.76469586822479,0.114717177717655,1.70393324562823,0.0792149299917713,0.0465065104104958,0.0160921684889217,0.0304143419215741,0.991782909674947,0.00617639507625975
0.021,0.854284976156468,1.7877323626313,0.115461215234206,1.70219571569594,0.0795218057124728,0.0625014587057286,0.0316838773700038,0.0308175813357249,0.991839083016132,0.00643973268323847
0.022,0.87502316125517,1.80027552062012,0.116190086584326,1.70012730628141,0.0798246910665875,0.0743669608568781,0.043160587663181,0.0312063731936971,0.991893413763624,0.00659350922256329
0.023,0.8898729212064,1.80830879144499,0.116908511073882,1.69786564295085,0.080123751265011,0.0837544922431281,0.0521676691339829,0.0315868231091452,0.991946302832751,0.00670284849659837
0.024,0.894026997939197,1.80755385535082,0.117618434330238,1.69546896311759,0.0804190933130268,0.0853672424247664,0.0534058421134208,0.0319614003113456,0.991997931377047,0.0067315997605274
0.025,0.882861733996875,1.79389548707607,0.118323897888868,1.69305035275851,0.0807108000339978,0.075309590722334,0.0429741637022415,0.0323354270200925,0.992048621894292,0.00664503930532129
0.026,0.887976430989281,1.79401797367863,0.119030971552106,1.6907745618653,0.0809989058877216,0.0774919326641755,0.0447749100249549,0.0327170226392206,0.992098825188432,0.00668102465873008
0.027,0.875682492068661,1.77940709372952,0.119733191911445,1.68846656849048,0.0812833741851434,0.0676334788057175,0.0345358667831624,0.0330976120225551,0.992148097039461,0.00658606689704382
0.028,0.873291684317943,1.77331225075295,0.120437568197948,1.68631225363926,0.0815642432309418,0.0649094709166331,0.0314229173298359,0.0334865535867972,0.992196942947599,0.0065656249673965
0.029,0.850201883470289,1.74981279085446,0.121140134981764,1.68420501191365,0.0818414705589902,0.0516447629925836,0.0177661212701931,0.0338786417223905,0.992245097525683,0.00638964078406094
0.03,0.84251275342563,1.73964347042197,0.121849272036351,1.68236133960673,0.0821150591091181,0.0477494662293466,0.0134643500773462,0.0342851161520004,0.992293139316403,0.00632946376466006
0.031,0.84011628242973,1.73391371384145,0.122558798981485,1.68061695324765,0.082384917268758,0.0462864036688782,0.0115884975758541,0.0346979060930241,0.992340651113503,0.00630907568912039
0.032,0.84156802997653,1.73136535880807,0.123266615995412,1.67891716792197,0.0826510233155577,0.0462722580274288,0.0111579794132066,0.0351142786142222,0.992387503425605,0.00631759526707167
0.033,0.85083696723272,1.73529130835373,0.123971166729438,1.67722285209755,0.082913378941891,0.0491319045456697,0.0135997171799458,0.0355321873657238,0.992433608222124,0.00638477873176422
0.034,0.845922387445538,1.72727403416506,0.124669181602674,1.67545461146237,0.0831720028590554,0.0467167820180238,0.0107695122993508,0.035947269718673,0.992478771440186,0.0063455372925954
0.035,0.821292808250714,1.70266917964221,0.125366561910965,1.67375729343532,0.0834269491644835,0.0397011500108845,0.0033338122673944,0.0363673377434901,0.992523391367228,0.00615849184323539
0.036,0.782652969954391,1.66726380660768,0.126071574413577,1.67233008152887,0.0836782075828614,0.0369052655627401,0.00010179591115779,0.0368034696515823,0.992567997844466,0.00586654259106861
0.037,0.770103052302322,1.65415280783914,0.126789729614343,1.67130136542867,0.0839256792409075,0.0384229187385862,0.00115968788756011,0.0372632308510261,0.992612925841535,0.00577025978731224
0.038,0.775176634216094,1.6550228363541,0.127510399153657,1.67040825177223,0.0841692075976739,0.0386609944585416,0.000928202755067571,0.037732791703474,0.992657502394805,0.00580604074555486
0.039,0.787833400304658,1.66188396047935,0.128226569476618,1.66948513209745,0.0844087496824761,0.0384282275753603,0.000225295779976267,0.038202931795384,0.992701304268829,0.00589858250547662
0.04,0.779650893819059,1.65199681850226,0.128935058464824,1.66846082975162,0.0846443361929547,0.0397205600502322,0.0010511635456117,0.0386693965046205,0.992744157547942,0.00583510981624573
0.041,0.792926718340399,1.65947127999479,0.129644441140102,1.66753183997822,0.0848760304020615,0.0393941069274401,0.000250580073758313,0.0391435268536818,0.992786595621024,0.00593221958166609
0.042,0.809560187199681,1.66981384068053,0.130345716057585,1.66649530591625,0.085103806746568,0.0396556742755479,4.22440925364835e-05,0.0396134301830114,0.992828094622165,0.00605439068842836
0.043,0.803286218827456,1.66100905227792,0.131037209690342,1.66531737537883,0.0853277315805704,0.0401476192392196,7.08258668879848e-05,0.0400767933723316,0.992868579868549,0.00600524821182825
0.044,0.796495826452089,1.65183998596849,0.131728896503264,1.66421922645473,0.0855478874338683,0.0411284416350239,0.000581670381685385,0.0405467712533385,0.992908651203001,0.0059522805464648
0.045,0.798109902546999,1.64980596101256,0.132421031213478,1.66320508916954,0.085764255940243,0.0417016804757577,0.000677900759879686,0.041023779715878,0.992948329462199,0.00596213307510816
0.046,0.79539522944701,1.64409995159482,0.133109895878926,1.66219358076922,0.0859768163051894,0.04273269019518,0.00122973357667814,0.0415029566185019,0.992987410546023,0.00593966193087909
0.047,0.796054652406866,1.64126921651251,0.133797433813768,1.66122632386896,0.0861855845477583,0.0434752896255983,0.00148839227586155,0.0419868973497367,0.993026015099872,0.00594239694058487
0.048,0.783985534851457,1.6275838718837,0.134482126060905,1.66027079999777,0.0863905574338732,0.0464460380749023,0.00397240622538484,0.0424736318495175,0.993064067588081,0.00585015611270033
0.049,0.79883310070602,1.63682048307211,0.135169789288753,1.65944875409344,0.0865917464352835,0.0448649704337928,0.00189405728938716,0.0429709131444056,0.993101897174939,0.00595875239805092
0.05,0.8124938123038,1.64518039735337,0.135848071171628,1.65850364790694,0.086789106800899,0.0441157935527923,0.000653336494888592,0.0434624570579037,0.993138835491918,0.00605844762946906
0.051,0.841480259915891,1.66718930422355,0.136517298317155,1.6574449141858,0.086982712196376,0.0442963632696774,0.000347769617397277,0.0439485936522801,0.993174920963666,0.00627233563264348
0.052,0.812909917219174,1.63703159832862,0.137169634844294,1.6561195898022,0.0871726324083608,0.0457469199364289,0.00132810522864284,0.0444188147077861,0.993209756783014,0.00605725311172849
0.053,0.789721826170474,1.61274878284801,0.137833525815147,1.65510213225644,0.0873590102621105,0.0514178086405048,0.00650714764605864,0.0449106609944462,0.993244871074827,0.00588237403450683
0.054,0.801419391061982,1.61957164045421,0.138506118628746,1.65432931861947,0.0875417214921324,0.0497818027887052,0.00436116542503638,0.0454206373636689,0.993280102352876,0.0059673491714967
0.055,0.795219602366454,1.61057845036099,0.139170471220267,1.65346273138067,0.0877206693310157,0.0525337116051621,0.00660722616820202,0.0459264854369601,0.993314567693622,0.00591907247179198
0.056,0.805889195387384,1.61659638735611,0.139835331317844,1.6526741214832,0.0878959136930196,0.0510938003253668,0.00465405590803799,0.0464397444173288,0.993348731500289,0.00599634643252923
0.057,0.787536589422935,1.59650713926868,0.140492304980524,1.65180106425755,0.0880674339921443,0.0578304428712273,0.0108810875481713,0.046949355323056,0.99338217244255,0.00585772139256548
0.058,0.804800272574063,1.60842945642211,0.141155943299762,1.65112382674805,0.0882352858040108,0.0539312924067694,0.00645672160490657,0.0474745708018628,0.993415636588703,0.00598399281402004
0.059,0.841165954473444,1.63793807999541,0.141808299484034,1.65029989524779,0.0883993932652033,0.0485305712359888,0.000538806532798326,0.0479917647031904,0.993448226559105,0.00625219038143657
0.06,0.841399675386514,1.63422168253063,0.14243883122506,1.6491391930368,0.0885598412974889,0.0492679555832478,0.000781149767193507,0.0484868058160542,0.993479442534038,0.0062518054576713
0.061,0.830751139275542,1.62006626814244,0.143066575756501,1.64799599154151,0.0887168073789106,0.0517108879823189,0.00272624631233208,0.0489846416699868,0.993510247189379,0.00617059823099634
0.062,0.853312986566397,1.63768840425111,0.143697493672872,1.64698032909936,0.0888702999364979,0.0497936321521419,0.000300422314887653,0.0494932098372542,0.993540936383508,0.00633602814257874
0.063,0.85443937481652,1.63470457726055,0.144313229717908,1.64575731640809,0.0890202751775569,0.0504115356867984,0.000423256561101172,0.0499882791256973,0.993570628368898,0.00634228737542028
0.064,0.889013861451728,1.66470580640409,0.144925642999989,1.64454308625964,0.0891668487936948,0.0518879539380404,0.00140256505062869,0.0504853888874117,0.993599909862052,0.00659674726958656
0.065,0.907732807102708,1.67947884882213,0.14551511769408,1.64299106576733,0.0893100333206454,0.055533158340651,0.00457463916241567,0.0509585191782354,0.993627861793011,0.00673350707178028
0.066,0.93085411387111,1.69915298642681,0.146090443163484,1.64125983178605,0.0894500089600652,0.0628900300982343,0.0114710356190371,0.0514189944791972,0.993654925275427,0.00690287735090501
0.067,0.934236235252496,1.69777084761891,0.146648465068996,1.6392974889259,0.0895868798540964,0.0635200334001755,0.0116575842619058,0.0518624491382697,0.993680971928145,0.00692587264237355
0.068,0.939184800874012,1.69808724405281,0.147201493708978,1.63732102468753,0.0897207760591897,0.0648474209874362,0.0125424454701885,0.0523049755172478,0.993706590675112,0.00696048078476248
0.069,0.910637632655873,1.66133967964715,0.147748485845077,1.63531277948443,0.0898517234070845,0.0550375767915009,0.00229240769611005,0.0527451690953908,0.993731741128985,0.00674691973573322
0.07,0.903981583176237,1.64938126010926,0.1483110982201,1.63365002190582,0.0899797562173266,0.0540460049166711,0.000834299854776077,0.053211705061895,0.993757416255418,0.00669557065992347
0.071,0.893362375098517,1.63328252277684,0.148875188732471,1.63208297990753,0.0901047288485667,0.0536910094904223,4.83258193516646e-06,0.0536861769084871,0.993782964014931,0.00661490103199097
0.072,0.907675928022502,1.64393753907661,0.149443291704935,1.63065380313505,0.0902266130488378,0.0547624247189892,0.000590383277001482,0.0541720414419877,0.993808498570987,0.00671882311023985
0.073,0.916913019443344,1.64920303142243,0.149999450675496,1.62909216804895,0.0903453598986725,0.0559964501371133,0.00134816102260762,0.0546482891145057,0.993833308918821,0.00678515835861187
0.074,0.935309688563702,1.66456529288044,0.150546790826935,1.62745197552035,0.0904610506066122,0.0596935758624181,0.00457465190026522,0.0551189239621529,0.993857546882885,0.00691924602033912
0.075,0.964872127243858,1.6927404143783,0.151079014326842,1.62563093196028,0.0905737405161363,0.0704805716974322,0.014905056967977,0.0555755147294552,0.993880947019971,0.00713588929820909
0.076,0.988403037015727,1.71464339665801,0.151587944023601,1.62349891289322,0.0906835352291028,0.0834080125447656,0.0274009815696699,0.0560070309750957,0.99390316931903,0.00730790435913426
0.077,0.976106732731177,1.69402359211663,0.152077171692702,1.62111749850238,0.090790605122816,0.0738935604306216,0.0174756619515191,0.0564178984791025,0.993924391124128,0.00721507965711364
0.078,0.987703700892154,1.70210144930198,0.1525725267148,1.61890854837248,0.090895091168165,0.0795232719795916,0.0226812091078599,0.0568420628717317,0.993945740058633,0.00729884380997439
0.079,0.983254291916821,1.69087424209167,0.153056603470824,1.61658866381466,0.0909969292958111,0.0752837794299888,0.0180271449085195,0.0572566345214693,0.993966469415084,0.00726406008625885
0.08,0.990907882259256,1.69429640340007,0.153541173870803,1.61434792481262,0.0910961926245503,0.0784915542723311,0.020814479488828,0.057677074783503,0.993987089001668,0.00731868242031431
0.081,0.999702043059764,1.69909687319523,0.154017262304276,1.61204239370914,0.0911928617472897,0.0826942723386151,0.0246027045449653,0.0580915677936498,0.994007221300789,0.00738173085730984
0.082,1.00068018690128,1.6942686328593,0.154483930108667,1.60965804984731,0.0912869871717659,0.0816693243764834,0.0231705354485542,0.0584987889279291,0.994026834802192,0.00738708546299257
0.083,0.988109279223164,1.67267910894212,0.154947081995979,1.60728864803973,0.0913786264342469,0.0727044335619491,0.0137979764508827,0.0589064571110665,0.994046183722092,0.00729245563575028
0.084,0.959037764065903,1.63122609756,0.155417078374763,1.60509721843007,0.0914677912835435,0.0615246945819577,0.0021964070220782,0.0593282875598795,0.994065700690958,0.00707609872315843
0.085,0.967495117521247,1.63590034136505,0.155906202814894,1.60327623566937,0.0915544138735222,0.0631940910509073,0.00341337372479835,0.0597807173261089,0.994085887014468,0.00713660698011119
0.086,0.987123744896071,1.65405693073724,0.15638626061096,1.60138204679971,0.0916383327812706,0.0690979389561424,0.00887112265167275,0.0602268163044697,0.99410557637165,0.00727949959427038
0.087,0.989566727549943,1.65125730974769,0.156848579999607,1.59928333296997,0.0917196011496695,0.0692661705878819,0.00861115306908337,0.0606550175187985,0.994124424269557,0.00729568527627527
0.088,1.00229734286008,1.66121634812761,0.157306278504866,1.59718149314291,0.0917983373153193,0.0741158201878641,0.0130333725134365,0.0610824476744276,0.994142974651078,0.00738770808303798
0.089,0.990708602115965,1.64056028218351,0.157751226745175,1.59495358234294,0.0918745605757458,0.0680908987258821,0.00659256702233833,0.0614983317035438,0.994160905080533,0.00730052682760463
0.09,0.981398655141623,1.62306689291641,0.158202673011615,1.59289195524761,0.091948350872613,0.0648057162365097,0.00287772275266554,0.0619279934838441,0.994178994286483,0.00723014967899947
0.091,0.990393815067109,1.62853326579678,0.158658780200868,1.59096728314866,0.0920196446268706,0.0668164636234498,0.00444728949299922,0.0623691741304506,0.994197165711636,0.00729461182206876
0.092,0.979149308310077,1.6085609329027,0.159105060525196,1.58896162904734,0.0920883919840006,0.0640100070620029,0.00120716685675025,0.0628028402052526,0.994214844790612,0.00721004402663305
0.093,0.998331187734445,1.62680668485807,0.159557638993988,1.58711581852983,0.0921546498897589,0.0681868993435804,0.00493666389092695,0.0632502354526534,0.994232672366519,0.00734948403287961
0.094,1.00037622592717,1.62346568234269,0.159992101520113,1.58506836630865,0.0922183568452545,0.0682867952694951,0.00460758332633338,0.0636792119431617,0.994249691450398,0.00736280062862989
0.095,1.02452600004019,1.64841550462533,0.16042224162599,1.58302256789389,0.0922796295305418,0.0774358543100869,0.0133280651455151,0.0641077891645718,0.99426645040074,0.00753878097019931
0.096,1.00920266203212,1.62191899247254,0.160829609084428,1.58071086518372,0.092338484087413,0.0697907499159957,0.0052792199282167,0.064511529987779,0.994282239441526,0.00742438261777055
0.097,0.998482463995292,1.60190628101391,0.161247268613701,1.57861532566326,0.0923950698598978,0.0666159933070431,0.00168210167468142,0.0649338916323616,0.994298344563617,0.00734384943165072
0.098,0.989790971923336,1.5847952813877,0.16167127210394,1.57667658703913,0.0924492979443258,0.0655737307863545,0.000203849444207358,0.0653698813421472,0.994314609194409,0.00727824471319523
0.099,0.982772340354405,1.57003578412166,0.162099894505332,1.5748683787412,0.0925011078403712,0.0658894221165831,7.20357370624881e-05,0.0658173863795206,0.994330964523132,0.00722494955205856
0.1,0.989347072395307,1.57275438021198,0.162531733594738,1.57316944272501,0.0925504514254331,0.0662752244179176,5.29979241304832e-07,0.0662746944386763,0.994347355357118,0.00727157539994925
0.101,0.985353596596349,1.56186303511154,0.162955494104202,1.57141789560302,0.0925972905825467,0.0670070882662432,0.000280123599125826,0.0667269646671174,0.994363355111178,0.00724055364396797
0.102,0.997228594721978,1.57143107183704,0.163380021269019,1.56973951759957,0.092641666939439,0.0671946042479076,8.75674919145201e-06,0.0671858474987161,0.994379300588697,0.00732611984171301
0.103,1.00790997920905,1.57949181781956,0.163791916736474,1.56794527973377,0.0926835597994435,0.0680406556429101,0.000406987549883575,0.0676336680930265,0.994394692608006,0.00740292980410245
0.104,0.985484598880415,1.54385325822664,0.164192062658185,1.56604841436372,0.0927230421060943,0.0695715967239676,0.00150014850892849,0.0680714482150391,0.994409571608941,0.00723664179501105
0.105,0.995490314611252,1.55114274950266,0.164608957455438,1.56444926846572,0.0927601803982102,0.0690746674516945,0.00053783053380398,0.0685368369178905,0.994424996455489,0.00730845602550934
0.106,1.02634347403349,1.58578009656081,0.16501471217666,1.56275644153223,0.0927948435617483,0.0705993919509304,0.00160618615117006,0.0689932057997603,0.994439934283378,0.00753330070042004
0.107,0.9977467619807,1.54074244238498,0.165390762902229,1.5607174396109,0.0928270930368844,0.0706220462069506,0.00120623578721617,0.0694158104197344,0.994453713118845,0.0073219017032567
0.108,0.986742690852749,1.52039377953121,0.165789676575869,1.55905765259775,0.0928571174616837,0.0743823584348337,0.00450840821750898,0.0698739502173247,0.994468261349841,0.00723957452050176
0.109,1.00174762636747,1.5343882311319,0.166195690720333,1.55755570348312,0.0928847457376984,0.0719619249376594,0.00161475839962542,0.070347166538034,0.994482996817392,0.00734803645617324
0.11,1.01812016927025,1.55032720284189,0.166586012879589,1.55590019432308,0.0929099143237383,0.0708986164419451,9.3219813334044e-05,0.0708053966286111,0.994497095057898,0.00746654303563797
0.111,1.01947284265245,1.54604323721471,0.166959175451801,1.55407250339644,0.0929327141072255,0.0714395611819419,0.000193068500855371,0.0712464926810865,0.994510511867383,0.00747494136040049
0.112,1.00376835255733,1.51852786021464,0.167328671290513,1.55225493104357,0.0929532455842716,0.0750871944947455,0.00339904481977587,0.0716881496749696,0.994523737878945,0.00735830992159141
0.113,1.01058541806608,1.52181974836032,0.167709977800543,1.55065651021125,0.0929715183933001,0.0746300923391962,0.00247915730761243,0.0721509350315838,0.994537325547862,0.00740674231241084
0.114,1.02915447217855,1.54103039614349,0.168082663779714,1.54900151973069,0.0929874386037612,0.0727969784787299,0.000189010602918796,0.0726079678758111,0.99455054645427,0.00754130367693013
0.115,1.02362922379578,1.52712604066926,0.168435811084234,1.54714601344982,0.0930010483895675,0.0742344233183045,0.00118976869453769,0.0730446546237669,0.994563020247518,0.00749937051612788
0.116,1.04143464199667,1.54553026987735,0.168791739841317,1.54538609640719,0.0930124621362946,0.0734904721698436,6.15728871511706e-08,0.0734904105969565,0.994575539472843,0.00762833487535883
0.117,1.07864087752581,1.59141299680561,0.169128539062813,1.54343278130116,0.0930216466370017,0.0807219757225554,0.0068057735631421,0.0739162021594133,0.994587337326147,0.00789941119704899
0.118,1.06230384113564,1.56049454254444,0.169426925341184,1.54103747682072,0.0930287127188617,0.0754133350069151,0.00111722917067254,0.0742961058362426,0.994597750413718,0.00777849923475796
0.119,1.04688571749146,1.53152840781356,0.169739197059319,1.53888350241507,0.0930338973861911,0.0748584981278883,0.000159354520153412,0.0746991436077349,0.994608608869815,0.00766429557553245
0.12,1.0629058554885,1.54781940353948,0.170064235204453,1.536955055983,0.0930370961359623,0.0754711510020762,0.000347027838293254,0.0751241231637829,0.99461986889073,0.00778019775827627
0.121,1.05608985213348,1.53121662833607,0.170371370989015,1.53485184138138,0.0930382116900918,0.0755692554732614,3.87822607990871e-05,0.0755304732124623,0.994630469255515,0.0077290089130853
0.122,1.0517153904358,1.51830867178872,0.170683017272136,1.53286442943432,0.093037345463798,0.0765684705045697,0.000620653665559239,0.0759478168390104,0.994641186299715,0.00769568329888203
0.123,1.09132602117558,1.56867211523103,0.170996753065146,1.5309608653215,0.0930344540780217,0.0805314461075257,0.00415837828568962,0.0763730678218361,0.994651935741031,0.00798415534477875
0.124,1.08851671010961,1.5572684204179,0.171268564492688,1.52858012978044,0.0930295096694064,0.0791503392876918,0.00240271185239842,0.0767476274352934,0.99466121689954,0.00796241890340965
0.125,1.10304507882237,1.57179781330055,0.171541205398863,1.52626624442056,0.0930227664160061,0.083170515997035,0.00604264077500507,0.0771278752220299,0.994670496833837,0.0080674899008572
0.126,1.10511356130256,1.56753869657482,0.171796810891954,1.52379107656666,0.0930142054205803,0.08306014957104,0.00557010996432678,0.0774900396067132,0.994679170178957,0.00808148854839948
0.127,1.10292231274977,1.55680184710831,0.172048295432723,1.52131882719229,0.0930039214985471,0.081510113690713,0.00365898627241253,0.0778511274183005,0.994687678538256,0.00806435488638522
0.128,1.08768110384199,1.52631874660189,0.172300130288232,1.5189062373518,0.0929919275232484,0.0783765418962289,0.000159446464987315,0.0782170954312416,0.994696173860535,0.00795181844711979
0.129,1.09266242933878,1.52674553146127,0.172565884445903,1.51672609988076,0.0929782080234794,0.0788970092868684,0.000290871540220095,0.0786061377466483,0.994705111843451,0.0079870744006317
0.13,1.09610330597865,1.52482176970542,0.172824463159426,1.51451011960875,0.092962661817598,0.0792979773754352,0.000307624643445454,0.0789903527319897,0.994713782113256,0.00801109258613696
0.131,1.09350428657792,1.51372477373647,0.173077478091112,1.51227851744468,0.0929453202463488,0.0793778737330064,6.04254604529788e-06,0.0793718311869611,0.994722240750044,0.00799099043581246
0.132,1.09184432569147,1.5041214371909,0.173331285211886,1.51011107960063,0.0929262045172573,0.0798625299533317,0.000103489154172417,0.0797590407991593,0.994730701060241,0.00797775148463828
0.133,1.11342981272781,1.52976241362426,0.173584900201631,1.50799518274227,0.092905296073453,0.0815155230609622,0.00136478558826132,0.0801507374727009,0.99473913025362,0.00813434009012694
0.134,1.12452442189618,1.53949300061446,0.173813634147263,1.50562385985246,0.0928825824089751,0.0838137619383202,0.00329985245859381,0.0805139094797264,0.994746711399218,0.0082143646693408
0.135,1.14738403321543,1.56762217950531,0.17402856126054,1.50313399867082,0.092858204301265,0.0928114204667545,0.0119483992662412,0.0808630212005134,0.994753816771473,0.00838036189566849
0.136,1.13775089500708,1.54418848210435,0.174216594444045,1.50036436049966,0.0928322341206863,0.08669231189784,0.00551197100526248,0.0811803408925775,0.994760018667044,0.00830914681504141
0.137,1.14444789751587,1.54698431516996,0.174413750322904,1.4977600278267,0.092804825224253,0.0884599762568778,0.00694621398819218,0.0815137622686857,0.994766507095062,0.0083571533807073
0.138,1.14863291762754,1.54573522444643,0.17460184642798,1.49509545370051,0.0927759093509275,0.0891826195876834,0.0073435259525076,0.0818390936351758,0.994772683706054,0.00838684962787767
0.139,1.15710583785309,1.55133979744174,0.174783697739997,1.49240509748776,0.0927455297890413,0.0920959992400686,0.00993599203923453,0.0821600072008341,0.994778642614098,0.00844787375475854
0.14,1.14169232906171,1.51826657683001,0.174954476811555,1.48962942785503,0.0927137126456346,0.0848136717957818,0.00234371339436744,0.0824699584014144,0.994784227427475,0.00833456189605033
0.141,1.14492018900211,1.51563193596876,0.175141158509366,1.48710081830964,0.0926805136073967,0.0851289694773797,0.00232391027273804,0.0828050592046417,0.99479031982824,0.00835727091880667
0.142,1.13673551888811,1.49467158146226,0.17532266803114,1.48455944009766,0.0926458238302059,0.0834289180931854,0.000291620599109804,0.0831372974940756,0.994796230993802,0.00829670213503619
0.143,1.13816863712642,1.4893160291194,0.175511846196365,1.48216267557034,0.0926096624120747,0.08362968796144,0.000145774966495973,0.0834839129949441,0.994802378889678,0.00830630078187205
0.144,1.14859029204913,1.49832788627462,0.175697856140242,1.47977758464233,0.0925719704679312,0.084809781238014,0.000979276862587568,0.0838305043754264,0.994808410916512,0.00838150292880663
0.145,1.17116152812205,1.52694324265003,0.175870555112118,1.47728063268927,0.0925327545446493,0.0911753097378876,0.00701190380203881,0.0841634059358488,0.994813999865626,0.00854540091266931
0.146,1.17701934567405,1.52833651080879,0.17601588766251,1.47450196192917,0.092492082448664,0.0926961504338494,0.00823266209533614,0.0844634883385132,0.994818694674214,0.00858745834569363
0.147,1.20723214531849,1.57005985946218,0.176153134018826,1.47167345600596,0.0924501069112818,0.112232084585179,0.0274757654439928,0.0847563191411862,0.994823121154954,0.00880722625900369
0.148,1.22693528383843,1.59460725152185,0.176253407950742,1.46844757267297,0.0924068652024894,0.130154468513673,0.0451516505476616,0.0850028179660109,0.994826350839812,0.00895047617026123
0.149,1.20750886646887,1.55161810065238,0.176328918988982,1.46496882492888,0.0923625682498062,0.106508889872226,0.0212900329295257,0.0852188569427,0.994828780521461,0.00880839599937492
0.15,1.1936691556224,1.5191462293271,0.176427239879555,1.46181245585369,0.0923173548570946,0.0947842197464247,0.0093159128458419,0.0854683069005828,0.994831941027459,0.00870697022715609
0.151,1.19161223013057,1.50712450158051,0.176541203490959,1.45889179214816,0.0922710796189562,0.092330734627464,0.00658881386662902,0.085741920760835,0.994835599960656,0.00869142321223776
0.152,1.16750178474108,1.45807079654527,0.176656582736542,1.45603450128383,0.0922236391502684,0.0860325094340782,1.17360426866157e-05,0.0860207733913916,0.994839299535238,0.008515026775404
0.153,1.18622573525179,1.48103037177867,0.176799321774483,1.45355604577441,0.0921750144298839,0.0884747851847817,0.00213473270658603,0.0863400524781957,0.994843869705136,0.00865091026015832
0.154,1.17827394771529,1.45939516879477,0.17691877658834,1.45084563114294,0.0921250317642739,0.0868382770107641,0.000206576699967973,0.0866317003107961,0.994847688700523,0.00859235644045943
0.155,1.18182675068323,1.45722702463757,0.177046576768947,1.44828201614484,0.0920738177069894,0.0871641826412975,0.000225966461467938,0.0869382161798296,0.994851768792994,0.00861766048329614
0.156,1.18528865401158,1.45488649555346,0.177169038993905,1.44570063316699,0.0920213116840322,0.0874793741268399,0.000238134349721372,0.0872412397771185,0.994855672945574,0.00864232342504633
0.157,1.21021049770578,1.48857877450413,0.177286293798872,1.44310275210232,0.0919675338288414,0.0933734677880551,0.00583256767676522,0.0875409001112899,0.994859406028678,0.0088234690462273
0.158,1.22290192945047,1.50168534949955,0.177372474629697,1.44018044767041,0.0919125035521399,0.0984656039092328,0.0106635850824922,0.0878020188267405,0.994862146651628,0.00891557886977945
0.159,1.22356057796428,1.49390650206266,0.177442308944712,1.43710683178408,0.0918563929038406,0.0971349407749324,0.0090908491975288,0.0880440915774036,0.994864365489002,0.00892003896736345
0.16,1.2081909570147,1.45831446142941,0.177510668777733,1.43405831916363,0.0917992880878183,0.089944341018281,0.00165725373485657,0.0882870872834244,0.994866535786916,0.00880766051695404
0.161,1.23736353058792,1.49985085694337,0.177597222080498,1.43127088391835,0.091741188301845,0.101799019759686,0.0132412338577595,0.0885577859019266,0.994869281296828,0.00901989894175878
0.162,1.21874396425117,1.45798861973635,0.177646967503755,1.42809063998894,0.0916819771718841,0.0912975639785948,0.0025159145847991,0.0887816493937957,0.994870858033482,0.00888392703635872
0.163,1.20787094316881,1.4304903718686,0.177719321793951,1.42522291201173,0.0916218602285818,0.0891170875476452,7.80616678696518e-05,0.0890390258797755,0.994873149807766,0.00880431952601195
0.164,1.2242916233229,1.45030042699755,0.177804326051043,1.42254904841944,0.0915606961741448,0.0914824782451371,0.00216569256240919,0.0893167856827279,0.994875839878536,0.00892359559868384
0.165,1.2244634008426,1.44188764943874,0.177868338126306,1.41966915872471,0.0914984010902333,0.0909569989967436,0.00138771558448783,0.0895692834122558,0.994877863927138,0.00892453412592372
0.166,1.26821052705153,1.5094339092821,0.177931527251439,1.41682119989455,0.0914350870051824,0.113926013735787,0.0241022883144876,0.0898237254212997,0.994879860525859,0.00924306567259358
0.167,1.27384218580651,1.50995958908131,0.177938875488542,1.41335784420474,0.0913707489622695,0.116227122652406,0.0262221987398104,0.0900049239125953,0.994880092617454,0.0092840733020832
0.168,1.29586155074131,1.54016018974598,0.177938896669836,1.40984493884467,0.091305702442275,0.137897059687473,0.0477188094770006,0.0901782502104727,0.99488009328643,0.00944455570762736
0.169,1.28003712237665,1.50075025213915,0.177910252788129,1.40602960836833,0.0912399828436898,0.115529343228186,0.0252149615206359,0.0903143817075497,0.994879188470993,0.00932937006693208
0.17,1.29499291767331,1.51822563233331,0.177902554696188,1.4024991176306,0.0911737500242234,0.128121126811555,0.0376403425687348,0.0904807842428198,0.99487894525063,0.00943841314791647
0.171,1.27929525928276,1.47920536823151,0.177875434244015,1.39877427455773,0.0911068766307638,0.108807043383519,0.0181845257526836,0.090622517630835,0.994878088215216,0.00932414127517728
0.172,1.30386055279475,1.51427668494208,0.177869056906684,1.39533188657866,0.0910394688879188,0.130564811242131,0.0397704505318655,0.0907943607102657,0.994877886646554,0.00950321863490463
0.173,1.29918879408615,1.49540730727943,0.177830624036565,1.39154600308953,0.0909714005388827,0.121254116473116,0.0303299011811603,0.0909242152919554,0.994876671591759,0.00946936813671465
0.174,1.3126124416779,1.51018927776695,0.177798754577182,1.38787157552111,0.0909028508552361,0.133139174683595,0.0420745924747389,0.0910645822088558,0.994875663640738,0.00956737610393193
0.175,1.30367152681561,1.48318493559552,0.177749489829196,1.38402406505134,0.0908337765023968,0.118842021500903,0.0276593712210573,0.0911826502798461,0.994874104809184,0.00950246441933939
0.176,1.29606206548484,1.45905013805284,0.177712582278591,1.38035626469423,0.0907642728012969,0.108742498770357,0.0174234306450838,0.0913190681252729,0.994872936416892,0.0094471903780762
0.177,1.30169558796785,1.45964538912151,0.177686064682019,1.3768457185846,0.0906942633105294,0.110763226219816,0.0192918489508157,0.0914713772690003,0.994872096642528,0.0094883920379829
0.178,1.32390885554968,1.4908767161661,0.177652434155868,1.37328422136046,0.0906236822797874,0.130534338934973,0.0389186753908596,0.0916156635441133,0.994871031251265,0.00965048832124187
0.179,1.32515643031766,1.48285032005403,0.177589709965837,1.36941031631792,0.0905525648300496,0.127952847330664,0.0362313628704107,0.0917214844602536,0.99486904311521,0.00965991485806337
0.18,1.34046533630952,1.50132562589024,0.177526005690594,1.36555497466831,0.0904810738072385,0.143745355945372,0.0519182236470605,0.0918271322983116,0.994867022475891,0.00977185286278931
0.181,1.33583437908923,1.48182675344633,0.177442423516043,1.3614928587689,0.090409210700232,0.132709146385549,0.0408026612838992,0.0919064851016498,0.994864369127828,0.00973854027414731
0.182,1.33683816243083,1.47323155642916,0.177366021572125,1.35754477203488,0.0903370865615269,0.129724892196832,0.037728286299882,0.0919966058969499,0.994861941531212,0.00974626663402217
0.183,1.33487428501292,1.45904320967489,0.177289119648481,1.35361930899068,0.0902646567294085,0.123431852860491,0.0313448418535559,0.0920870110069347,0.994859495935325,0.00973235953277798
0.184,1.34332921079051,1.46469955404483,0.177215713183988,1.34976425978618,0.0901919205982812,0.12945454451195,0.0372713052047721,0.092183239307178,0.994857159520263,0.00979439750979919
0.185,1.33948120603068,1.446862269933,0.177131743734922,1.34581142056662,0.0901188543828969,0.121089830158485,0.0288239531276453,0.0922658770308393,0.994854484527085,0.00976679108134798
0.186,1.33355803689379,1.42527246556588,0.177053899827786,1.34195979230726,0.0900455155701627,0.111959274523022,0.0196013799533614,0.0923578945696605,0.994852002407331,0.00972401769083545
0.187,1.35996296756505,1.46501382072884,0.176984866539556,1.33824237128309,0.0899718654637938,0.137865339235654,0.0454021880762995,0.0924631511593544,0.994849799394987,0.00991693228326748
0.188,1.36615213476348,1.46617361753025,0.176880952794116,1.33413682303372,0.0898978493803298,0.141802024110088,0.0492809282896928,0.0925210958203949,0.994846480023974,0.00996263191307297
0.189,1.36994762390239,1.46265468857917,0.176769784960056,1.32996906000629,0.0898236654891663,0.142367256243387,0.0497977525790339,0.0925695036643533,0.994842924611093,0.00999091960368434
0.19,1.36771421732551,1.44743751181284,0.176654710291395,1.32577833801873,0.0897493538570595,0.1345052312835,0.0418923292332564,0.0926129020502435,0.99483923953485,0.00997526110331143
0.191,1.35664005208925,1.41526950356762,0.17654402488484,1.32166424922112,0.0896749355815881,0.117477962303182,0.0248151803692837,0.0926627819338983,0.994835690484839,0.00989509363625083
0.192,1.3515176607143,1.39505012989033,0.176449665547871,1.3177721635668,0.0896003838109419,0.10965822685832,0.0169223445693641,0.0927358822889557,0.994832661402927,0.00985824192885395
0.193,1.33947545098411,1.36186654457906,0.176363291899304,1.31400263869798,0.0895256020083093,0.0993158689413845,0.00649498390940937,0.0928208850319752,0.994829885832643,0.00977086640805744
0.194,1.33893905671622,1.35100931964428,0.17629402229581,1.31046757793246,0.0894505410271943,0.0975923195332831,0.00466162380216709,0.092930695731116,0.994827657926359,0.00976732464605992
0.195,1.36002050040004,1.38104616809931,0.176226237657362,1.30697881685534,0.0893750981885876,0.108608962746914,0.015565141131152,0.0930438216157619,0.994825476085211,0.00992147881951057
0.196,1.36001329177433,1.37078505220085,0.176130934138278,1.30318609342989,0.0892992605067176,0.106091939318669,0.0129722221972944,0.0931197171213747,0.994822405630263,0.00992194468811184
0.197,1.36201665883816,1.36443928830961,0.176036729464116,1.29943199139027,0.0892231834108739,0.105200974155344,0.0120030310311482,0.0931979431241954,0.994819367310196,0.00993707343831528
0.198,1.36455609174341,1.35913579660928,0.175940896972548,1.29568339395429,0.0891468576608561,0.104716640799026,0.0114419315576136,0.0932747092414126,0.994816273150773,0.00995612384294457
0.199,1.37322994110981,1.36561758164803,0.175842732179296,1.29193143032306,0.0890702897659121,0.108787940419316,0.0154389346372043,0.0933490057821117,0.994813100191253,0.0100199495098577
0.2,1.35730224336695,1.32450958137104,0.175733945918273,1.28807489444047,0.0889934904026102,0.0971861340236971,0.00377697776258404,0.093409156261113,0.994809579775412,0.00990432163081304
0.201,1.36556650822823,1.33041255378438,0.175647912191916,1.284520540966,0.0889165185954457,0.0994970367527706,0.00599516616576871,0.0935018705870019,0.994806792562912,0.00996509644130768
0.202,1.37290153939216,1.33447123841747,0.17555174756213,1.2808684983552,0.0888392397970846,0.101764842593598,0.0081834951291684,0.0935813474644294,0.994803673908765,0.0100191512572532
0.203,1.38246427594027,1.34276689333367,0.175446782091239,1.27713360039781,0.0887617093696852,0.105925726799657,0.0122764552597058,0.0936492715399515,0.994800265937736,0.010089518573243
0.204,1.38209339225847,1.33172049823401,0.175330055740374,1.27327848073673,0.0886839755465378,0.103441420698661,0.00974011385192853,0.0937013068467325,0.994796471327878,0.0100874570920554
0.205,1.37485359204793,1.30743354636437,0.175215202491335,1.26946832523064,0.0886061043556168,0.0978695667359223,0.00411310775331886,0.0937564589826034,0.994792732675126,0.0100352477342769
0.206,1.35350957812364,1.25629895203184,0.175111498941223,1.2658174575589,0.0885280831450062,0.0940865664409772,0.000258697881111204,0.093827868559866,0.994789352749269,0.0098800162607632
0.207,1.34094999657516,1.22307911630392,0.175037568988065,1.26255794513192,0.0884498450286585,0.0983942071432873,0.00445212400583977,0.0939420831374476,0.994786940764881,0.00978873346246112
0.208,1.34368715223306,1.21917174250278,0.174981061095214,1.25954018550064,0.0883712137728125,0.0987387786393119,0.00465653591272024,0.0940822427265916,0.994785095805563,0.00980901800315314
0.209,1.31367038103214,1.15365138081439,0.174921578880815,1.2565143474102,0.0882920832837161,0.124464224622122,0.0302443814096283,0.0942198432124937,0.994783152448096,0.00959020585954078
0.21,1.33760794178473,1.18934417409488,0.174901807364366,1.2540096155912,0.088212465250495,0.106369519700454,0.0119541912886078,0.0944153284118457,0.994782506195509,0.00976506334802532
0.211,1.3535688545437,1.21040452681107,0.174851183568411,1.25115907234093,0.0881321228604976,0.0993190139831194,0.00474956173429285,0.0945694522488265,0.994780850837886,0.00988185837131606
0.212,1.35278998606186,1.19979093589195,0.174780105761492,1.24808623926753,0.0880512278445537,0.101368868840497,0.00667248803282656,0.0946963808076708,0.994778525032107,0.00987655678114694
0.213,1.35211262895136,1.18944323534384,0.17471085780051,1.24506264741528,0.0879698930333574,0.103680638229215,0.00885325342144643,0.094827384807769,0.994776257282522,0.00987198600262287
0.214,1.32728783251613,1.13353148584299,0.174643282530702,1.24208650356386,0.0878881027062873,0.128700188932494,0.0337378904633954,0.0949622984690988,0.994774042576907,0.0096910950443941
0.215,1.34795422738615,1.16348885625509,0.174608925285495,1.23955040218308,0.0878058418887057,0.11171270158165,0.0165666181138688,0.0951460834677811,0.9947729158984,0.00984217446317744
0.216,1.34549986185074,1.15007328983835,0.174547970641376,1.23671746867245,0.0877229119656693,0.116798942628287,0.0215047293252648,0.0952942133030226,0.994770915918842,0.00982458181326829
0.217,1.33547482259956,1.12255199158261,0.174490918217651,1.23396034473442,0.087639460177864,0.131015480374654,0.0355658084637868,0.0954496719108673,0.994769042708844,0.00975168566858879
0.218,1.33261420563253,1.10881412326006,0.174447592818329,1.23140146970626,0.0875554578996252,0.138698717113942,0.0430721263215459,0.0956265907923965,0.99476761938159,0.00973102828374785
0.219,1.33443217103002,1.10390221262677,0.174408458440327,1.22892380095216,0.0874708191370837,0.140621399360506,0.0448097462909271,0.0958116530695794,0.994766333130041,0.00974451233687
0.22,1.34712469423481,1.11924682806971,0.174367391330454,1.22645181520262,0.0873855124600368,0.128952232984361,0.0329560165420702,0.0959962164422913,0.99476498273347,0.0098374190789562
0.221,1.33185322325827,1.08201972053175,0.174310216228587,1.22381009239916,0.087299541676106,0.153828740080519,0.0576687643136607,0.0961599757668579,0.994763101603359,0.00972620329274245
0.222,1.34152231528889,1.09184416397116,0.174273566277252,1.22145160714574,0.0872129928408551,0.144549730882599,0.0481945991152976,0.0963551317673018,0.994761895126372,0.00979701100980743
0.223,1.34246240604994,1.08529745886856,0.174224754434532,1.21897223096622,0.0871257403713705,0.147816548403016,0.0512813025719481,0.0965352458310683,0.994760287504806,0.00980413851627294
0.224,1.33961878261745,1.07169768949069,0.1741752557966,1.21651270176121,0.0870378469599118,0.156918548832597,0.060201972097009,0.0967165767355883,0.994758656343426,0.00978363648441054
0.225,1.35816840335019,1.09815517898033,0.174130005935344,1.21413425493976,0.0869493093822603,0.13553009707225,0.0386238603397262,0.0969062367325234,0.994757164383425,0.00991935573825496
0.226,1.38367251772041,1.13786532478468,0.174060976033007,1.21149013104987,0.0868600957899941,0.112635026017046,0.015571014885494,0.0970640111315525,0.994754886863266,0.0101060065859857
0.227,1.37695786804358,1.11583241254903,0.173958826449002,1.20846238870226,0.086770336251093,0.121837881293776,0.0246619060880542,0.0971759752057213,0.99475151330109,0.0100575270451705
0.228,1.36265323327632,1.07954355129555,0.173866843221259,1.20558350396476,0.0866802161743929,0.142988460811272,0.0456845864758698,0.0973038743354022,0.994748472098113,0.00995354500191067
0.229,1.35158096885276,1.05007154600145,0.173794877357477,1.20297830557696,0.0865896723349573,0.164726738492515,0.0672645749960495,0.0974621634964652,0.994746090476285,0.00987305635594012
0.23,1.3615722990589,1.06066476062529,0.173738250490784,1.20059054075326,0.0864985838014014,0.153991431171825,0.0563469008382247,0.0976445303336001,0.994744215092674,0.0099463496358502
0.231,1.34821066888271,1.02701641530214,0.173669163380437,1.19807464692837,0.0864068554954058,0.182054391949945,0.0842432762314698,0.0978111157184754,0.994741925391156,0.00984911487536
0.232,1.3391625745268,1.00205809971544,0.1736183299611,1.19581334153722,0.0863145522060626,0.206120017271226,0.108113854515909,0.0980061627553176,0.994740239494159,0.00978328791727174
0.233,1.31750028014211,0.954001360854866,0.173579788048144,1.19373376779423,0.0862215617364088,0.263769603866673,0.165548153915826,0.0982214499508474,0.994738960588415,0.0096252365636151
0.234,1.3668954710692,1.03711416998311,0.173569412015324,1.19203747049163,0.0861278052925638,0.167620461360752,0.0691401461864032,0.0984803151743487,0.994738616191707,0.00998615879575414
0.235,1.38354757052921,1.06043150345022,0.17349523216491,1.18958431087954,0.0860331117346796,0.146721566658056,0.0480717753990534,0.0986497912590024,0.994736152846843,0.010108224936393
0.236,1.37441988939942,1.03427835863068,0.173399838103071,1.18689135268537,0.0859378390333681,0.165949502982194,0.0671590187428366,0.0987904842393577,0.994732981928129,0.0100420623699656
0.237,1.36987385242368,1.01725207797831,0.173317663580502,1.18438677719462,0.0858421028474177,0.179538252164702,0.0805861534971278,0.0989520986675742,0.994730247631191,0.0100092974773811
0.238,1.37251557402593,1.01406564339851,0.173242428473067,1.18199318726342,0.0857458213376366,0.180513650206229,0.0813878569962594,0.0991257932099698,0.994727741963595,0.0100290128675621
0.239,1.41380715611459,1.08439602354915,0.173164572531836,1.17959125015026,0.0856489480469368,0.125464036281558,0.0261662389573637,0.0992977973241944,0.994725146718067,0.0103311720015929
0.24,1.43410346310533,1.11500763339575,0.173032408363677,1.17653738294111,0.0855514911749335,0.11033246054495,0.0109398872584543,0.099392573286496,0.994720735817892,0.0104802422005875
0.241,1.43464470768254,1.10649345089914,0.172874149972056,1.17317364739294,0.085453757093029,0.1123100043183,0.0128597844303824,0.0994502198879174,0.99471544516539,0.0104851057240504
0.242,1.42870821099908,1.08517712526947,0.172717108775565,1.16983874145438,0.0853558928858539,0.120259671710145,0.020749505668127,0.0995101660420181,0.994710185620352,0.0104426162820418
0.243,1.44853372174348,1.11499150439645,0.172570125137001,1.16664468686621,0.085257889707763,0.107315744878705,0.00773033935374193,0.099585405524963,0.994705254245449,0.0105883751914426
0.244,1.43578041081258,1.07972233204506,0.17239776583574,1.16314565521355,0.0851596874954135,0.119808451135582,0.0201842837543089,0.0996241673812733,0.994699460792591,0.0104961419462813
0.245,1.40699335144937,1.01334719942344,0.172245067406,1.15990788996501,0.0850614303890444,0.16204519348703,0.0623531237657747,0.0996920697212553,0.994694318507578,0.0102865561529542
0.246,1.40011809864107,0.991417665871145,0.172133104089534,1.15720522062387,0.0849630036611758,0.179658519555425,0.079837964510857,0.0998205550445681,0.994690542224348,0.0102369180914845
0.247,1.38257113560202,0.949202869679092,0.172031623511674,1.15465555509085,0.0848641691062465,0.222649266851243,0.122683274973678,0.0999659918775648,0.994687115254817,0.0101091852565041
0.248,1.40448473904173,0.982971572135405,0.171954460699389,1.15243771105444,0.0847648609799018,0.183655948020875,0.0835069125956921,0.100149035425182,0.994684506782012,0.0102698482488838
0.249,1.41016047106017,0.98555684605265,0.171849292928025,1.14988831532034,0.0846649327313718,0.178864287597631,0.0785712624461839,0.100293025151447,0.994680947835387,0.0103119434490146
0.25,1.39450131816004,0.94673772030377,0.171737822980153,1.14727863843889,0.0845645391210949,0.21751680545135,0.117087369423346,0.100429436028003,0.994677170860518,0.0101980560631853
0.251,1.41412257160921,0.976286663784776,0.171648408367406,1.14497116447911,0.084463710924571,0.18348599350405,0.0828858858789778,0.100600107625072,0.994674137648515,0.010342053018261
0.252,1.42304637773674,0.985168049059685,0.171534059642733,1.14236806252096,0.0843623150801096,0.172767846236413,0.0720318876720323,0.100735958564381,0.994670253988725,0.0104079673329615
0.253,1.42249217781416,0.975480724532967,0.17140916141933,1.13964869913863,0.0842604890913954,0.179474132256948,0.0786163460078831,0.100857786249065,0.994666006112394,0.0104046246572145
0.254,1.43545540515796,0.992231050988177,0.171286517267756,1.13697540240915,0.0841582886862834,0.162141934618648,0.0611575493578645,0.100984385260784,0.994661828870414,0.0105001466130929
0.255,1.4215211100392,0.956030284949383,0.171147965132865,1.13411562658847,0.0840556960663204,0.193740788074872,0.0926519601973908,0.101088827877482,0.994657102602864,0.0103990070988072
0.256,1.44995294198646,1.00296840344535,0.171029773314747,1.13153386453196,0.0839527984428861,0.149546977342723,0.0483222232715954,0.101224754071128,0.99465306481077,0.0106076830439513
0.257,1.45765115305954,1.00921070771054,0.170874797601882,1.12849885645882,0.0838494738475134,0.142945177448198,0.0416376862811124,0.101307491167086,0.994647761905007,0.0106649058414636
0.258,1.44363336930911,0.972118080662957,0.170711302373278,1.1253664505286,0.083745930162951,0.170164291086816,0.0687859050337632,0.101378386053052,0.994642157044685,0.0105632888239761
0.259,1.4629825484305,1.00151549279571,0.170568832548338,1.1225180563284,0.0836422138554963,0.144401367571278,0.0429199759496914,0.101481391621586,0.994637264205542,0.0107057034861464
0.26,1.49289558030402,1.05206203008656,0.170401946516182,1.11936867820386,0.0835382004510229,0.114841681648554,0.013292644166936,0.101549037481618,0.994631522435954,0.0109255953911153
0.261,1.50920853717157,1.07538635324151,0.17019609738844,1.11572695649045,0.0834340278643585,0.106339836908941,0.0047808507229566,0.101558986185984,0.994624424617577,0.0110462226846848
0.262,1.50498085603818,1.05645889442946,0.16997025680402,1.11182974670524,0.0833299204018211,0.110557806485429,0.0090190229143484,0.10153878357108,0.994616617702396,0.0110166389179615
0.263,1.52407467898938,1.08548393329441,0.169753332078498,1.10804931345244,0.0832259950992567,0.103031171164304,0.00149981262647791,0.101531358537826,0.994609099434127,0.0111577304115354
0.264,1.50305104905068,1.0314764446049,0.16951262899655,1.10396056994248,0.0831222021524977,0.116984982661187,0.0154972182811822,0.101487764380005,0.994600734523914,0.0110052638530429
0.265,1.52073826062644,1.05768654253323,0.169304460775441,1.10029809315912,0.0830186819592432,0.10685455693612,0.00536236386928728,0.101492193066832,0.994593481084788,0.0111360350002276
0.266,1.47913543902485,0.961751572921925,0.169074521863392,1.09635301116724,0.0829152476690072,0.155042144953304,0.0535785846916223,0.101463560261682,0.994585448304222,0.0108327470437013
0.267,1.45145201380315,0.89729667292233,0.168904774291323,1.09320823095751,0.0828120276788054,0.215143294361443,0.113618276134607,0.101525018226837,0.99457950424021,0.0106309874112804
0.268,1.45538080876865,0.896674066847585,0.168774236871446,1.09059392365226,0.0827086716871616,0.213052241780272,0.111405957331593,0.10164628444868,0.994574925068323,0.0106605233287204
0.269,1.46820373771213,0.91350575469871,0.168640110911131,1.08794698996207,0.0826049477497005,0.191984517588361,0.0902209575047117,0.10176356008365,0.994570212628554,0.0107552377370253
0.27,1.48384918437986,0.935878412632733,0.168490594160377,1.08511077140645,0.0825008721370262,0.167946563342385,0.0660876561571439,0.101858907185241,0.994564950598678,0.0108707349521568
0.271,1.50586798869153,0.97097578519367,0.168321986517027,1.08203357592894,0.0823965305652658,0.138563985338111,0.0366376168028141,0.101926368535296,0.994559005476989,0.0110330611443763
0.272,1.52351929084906,0.997330772636085,0.16812570626903,1.07859838521488,0.0822920315511806,0.121593803021257,0.0196413296955564,0.101952473325701,0.994552069596069,0.0111635832996386
0.273,1.54246865389661,1.02632905587396,0.167907834773078,1.07487998045647,0.0821875354981093,0.108965115444958,0.00701930401580714,0.10194581142915,0.994544351763862,0.0113037789436486
0.274,1.55336406816221,1.0386340075384,0.167666692501671,1.07085129450468,0.0820831692936564,0.104998595047552,0.00309528852743731,0.101903306520114,0.994535786207269,0.0113851228830589
0.275,1.55076357498291,1.02272376895549,0.167413700108822,1.06665923347047,0.0819790716416151,0.107606930704619,0.00576513463621244,0.101841796068406,0.994526773201058,0.0113676323275357
0.276,1.56426811008291,1.04043480021429,0.167167853440526,1.06255614789891,0.0818753159888996,0.103253628604597,0.00146366066594821,0.101789967938648,0.994517988629879,0.011468163511991
0.277,1.54317693536888,0.985679557600168,0.166906608563476,1.0582396675435,0.0817718645715744,0.117485732323084,0.0157722021922995,0.101713530130785,0.994508625490586,0.0113151497681677
0.278,1.50874532083677,0.904767662490615,0.166678254511855,1.05436119424573,0.0816688126435037,0.168815979215673,0.0671300068761425,0.10168597233953,0.994500417133425,0.0110640624203741
0.279,1.51107246217989,0.900463672183133,0.166499741152976,1.05116128941058,0.0815659702686741,0.169931658914693,0.06819761904964,0.101734039865053,0.994493984656822,0.0110822070021739
0.28,1.52666842152958,0.922874437169951,0.166320455410048,1.0479564752392,0.0814630438068795,0.14881555849943,0.0470342514664991,0.101781307032931,0.994487510450626,0.011197682623721
0.281,1.51443412931709,0.888710632160888,0.16612256007326,1.04450408725703,0.0813600365088631,0.174853662210336,0.0730532946280395,0.101800367582296,0.99448034800596,0.0111091463360388
0.282,1.49914361303666,0.849004799541409,0.165943744089077,1.04131503366593,0.0812570578718878,0.213281747375653,0.111433023136973,0.10184872423868,0.994473861410146,0.0109980548879951
0.283,1.50455660680432,0.851288860699614,0.165787588243716,1.03844252725865,0.0811539943112562,0.207569020211218,0.105636662181858,0.101932358029361,0.994468185371453,0.0110387056095619
0.284,1.51615933959204,0.865880736718379,0.16562630109082,1.03550857095018,0.0810507093100875,0.188872013057611,0.0868630222273483,0.102008990830263,0.994462311580866,0.0111248112636125
0.285,1.52630077007369,0.877467482435089,0.165451727961068,1.03240028567356,0.0809472303906784,0.174607243259205,0.0725413201032874,0.102065923155918,0.994455941032932,0.0112002897614014
0.286,1.54399094849704,0.904228152398672,0.165265941093199,1.02914326332402,0.0808436341402496,0.149314149377446,0.0472081084410833,0.102106040936363,0.994449146488471,0.0113312511194051
0.287,1.53637262849738,0.879311833414482,0.165058894698611,1.02559703403254,0.080739985807733,0.166936935479973,0.0648234073024062,0.102113528177567,0.994441556425505,0.0112766131563592
0.288,1.52046115763277,0.83793376160948,0.164864893624938,1.0222309039982,0.0806364116966643,0.20515092540883,0.103009912983412,0.102141012425418,0.994434427287625,0.0111610065930062
0.289,1.52567040740942,0.839749642460344,0.164694656198493,1.01919716751934,0.080532834387701,0.199966401148651,0.0977609565273018,0.102205444621349,0.994428157579109,0.0112002842063933
0.29,1.5238742342951,0.827441422160746,0.164519777639752,1.01610457420384,0.0804291110533846,0.210438087012768,0.108174790440017,0.102263296572751,0.994421703430759,0.0111881640736519
0.291,1.50021032589945,0.771388988472995,0.164349590252923,1.01308202647502,0.0803252673802862,0.280046257870724,0.17771728097634,0.102328976894385,0.994415409229429,0.0110154467977765
0.292,1.51789220237956,0.798307088095057,0.16421257959089,1.01053057784981,0.0802212733457464,0.23958266069545,0.137135686303366,0.102446974392084,0.994410332554964,0.0111461096426618
0.293,1.50811240716455,0.770482264136207,0.164054302225625,1.00769383310166,0.0801169273064689,0.274029283645142,0.171496046393418,0.102533237251724,0.994404457326424,0.0110752499427758
0.294,1.51429871215552,0.774695828477674,0.163910842157629,1.00507244527366,0.0800123523706755,0.264540708304291,0.161897116956196,0.102643591348095,0.994399122310418,0.0111215497884936
0.295,1.49052810079832,0.719373187478085,0.163761200231063,1.00237409429959,0.07990745614741,0.347277003347519,0.244531406550489,0.10274559679703,0.994393547442318,0.0109478621233269
0.296,1.4836782209971,0.698485548401641,0.163644154941961,1.0001451946048,0.0798022714451146,0.380937684562046,0.2780378626407,0.102899821921346,0.994389179846633,0.0108982446932531
0.297,1.47247545746229,0.669417771005651,0.163537318107118,0.998074288242897,0.0796965980015584,0.43331807165712,0.330246048953076,0.103072022704044,0.994385187726113,0.0108165849105309
0.298,1.50009102571916,0.715603673965147,0.163445990430263,0.996238247031886,0.0795903679512704,0.344193708791293,0.240922898729515,0.103270810061778,0.994381770991338,0.0110199927520165
0.299,1.52299001004786,0.752940311630532,0.163320702409616,0.993943676902793,0.0794834807457407,0.281236569894299,0.177817696151222,0.103418873743077,0.994377077521428,0.0111889768875672
0.3,1.50954420210703,0.718125872206672,0.163167469750277,0.991268309461845,0.0793761324242819,0.332145147054024,0.228620297734222,0.103524849319802,0.994371327406557,0.0110911195851201
0.301,1.52727137839777,0.745370073675463,0.163033616183236,0.988875761611683,0.0792684851237617,0.285511675641307,0.181849061087652,0.103662614553655,0.99436629565478,0.0112221847243289
0.302,1.52239812607536,0.727614789824996,0.162878593851581,0.986194695567086,0.0791604179043965,0.309024560747913,0.20525584753794,0.103768713209973,0.99436045780263,0.011187320744373
0.303,1.51663751958679,0.708311429800881,0.162731920539073,0.983639357416112,0.0790520526781305,0.336804435547372,0.232915175688275,0.103889259859097,0.994354924118837,0.0111458788113985
0.304,1.54050440751448,0.747748636563156,0.162594582633926,0.981225443284723,0.0789433349098873,0.271655927929578,0.167629875466484,0.104026052463094,0.994349733590132,0.0113221245753736
0.305,1.56209745348512,0.782822154645659,0.162428163031092,0.978408551275501,0.0788342034128722,0.221875287814516,0.117756791164729,0.104118496649787,0.994343432189721,0.0114818651485004
0.306,1.56436482588601,0.778758975330756,0.162235683467605,0.975225184072666,0.0787248280695279,0.223130210933285,0.118959560413623,0.104170650519662,0.994336127918186,0.011499735420207
0.307,1.5679827630189,0.777446751742025,0.162042850881211,0.972036026462019,0.0786153627865043,0.221059018256,0.116836335667198,0.104222682588802,0.994328792849781,0.0115275405159425
0.308,1.57034314321724,0.773560274327406,0.16184789845967,0.968815454752742,0.0785058081879629,0.222050836088075,0.117779056279901,0.104271779808174,0.994321359378051,0.0115461181953768
0.309,1.5867105880822,0.798160725362429,0.16165252020501,0.96558717117764,0.0783961756027291,0.191023894136073,0.0867033026233169,0.104320591512756,0.99431389168117,0.0116677016430597
0.31,1.61328545347133,0.843661597354676,0.16143822644212,0.962084880335545,0.0782864662567982,0.147774416441546,0.0434347993688936,0.104339617072652,0.994305680215655,0.0118644998583576
0.311,1.60585589855148,0.818521568053255,0.161191474793465,0.958109371854713,0.0781767935815342,0.164746505288728,0.0604397813069215,0.104306723981807,0.994296197960957,0.0118114460660387
0.312,1.5995211480649,0.796020209670886,0.16095822783446,0.954317115658183,0.078067355059476,0.182134363597839,0.0778397935361284,0.10429457006171,0.994287207939264,0.0117663448270141
0.313,1.63143152114506,0.852601923921259,0.160736731399315,0.950685741770985,0.0779580715640791,0.134226757845713,0.0299260636950437,0.10430069415067,0.994278646664677,0.0120025282883176
0.314,1.63661902576027,0.853561352306823,0.160475753360113,0.946473374931984,0.0778488733868854,0.131140250356428,0.0268970351207091,0.104243215235719,0.994268529020356,0.0120424015215925
0.315,1.63647455431899,0.843272492299554,0.160211620866072,0.942197566474115,0.0777400025237298,0.134720809920167,0.0305413872212901,0.104179422698877,0.994258255521078,0.0120430674711375
0.316,1.64635802266577,0.854103447839742,0.159951576806502,0.937963524002583,0.0776314827992359,0.126104118132768,0.0219832542899685,0.1041208638428,0.994248107896368,0.0121175139344723
0.317,1.6625793335281,0.878184975423041,0.159682078487149,0.93357258067873,0.0775232940449654,0.113651731406823,0.00960592085544201,0.104045810551381,0.994237556465484,0.0122386981737145
0.318,1.67019772039935,0.883899715302616,0.159394687290289,0.928897375452137,0.0774154989274976,0.110291867255173,0.00635149594178189,0.103940371313392,0.994226265178595,0.0122966991897708
0.319,1.66640329057674,0.865222791647277,0.159101317707817,0.924108459369776,0.077308213172244,0.114720496045064,0.0108972128989295,0.103823283146134,0.99421469693396,0.0122707184871602
0.32,1.66428140463335,0.850326349289304,0.158817539516808,0.919435686145019,0.0772014811028989,0.118755980547253,0.0150364388441218,0.103719541703131,0.994203466235263,0.0122569829260772
0.321,1.66786297988752,0.847652306913737,0.158540905695868,0.914844841400732,0.0770952515604408,0.117864123794995,0.0142387123088814,0.103625411486113,0.994192479580517,0.0122852058094682
0.322,1.69962995488324,0.904589719900092,0.158263639668285,0.910220849496584,0.0769894876031221,0.103628620908052,0.000100179739954616,0.103528441168098,0.99418142927778,0.0125210811480697
0.323,1.70646492867328,0.908204003962994,0.15794768935427,0.90499341962496,0.0768841999123447,0.103399393382152,3.2630587486805e-05,0.103366762794665,0.994168789938693,0.0125735906595942
0.324,1.69921778274998,0.881377189276188,0.157627380020662,0.899665482605748,0.0767796362875921,0.104256050327156,0.00106092505269136,0.103195125274465,0.994155924498213,0.0125223692732825
0.325,1.68416434993747,0.83823708426369,0.157321912559688,0.894526960118315,0.0766758350256977,0.113114921964795,0.0100702758826651,0.10304464608213,0.99414360638814,0.0124134909731118
0.326,1.6680468409802,0.793722064073473,0.157041364104148,0.889736624036723,0.0765727149429672,0.13228361846115,0.0293514889453669,0.102932129515783,0.994132250931437,0.0122965653226529
0.327,1.68478041174224,0.818978559576662,0.156786418190443,0.885312431772031,0.0764701300112601,0.116891750416628,0.0140324099855602,0.102859340431068,0.994121896516665,0.01242164054916
0.328,1.70187643747557,0.844911458727476,0.15651322241198,0.880588119791166,0.0763679271686705,0.106821406780775,0.00406618726852049,0.102755219512255,0.994110763457622,0.0125495468382992
0.329,1.69985028131231,0.829998189840521,0.156221494244651,0.875553354617939,0.0762662268691244,0.109260859095552,0.00664208548232076,0.102618773613231,0.99409883219121,0.0125365896467433
0.33,1.71027258787187,0.841694422480862,0.15593697713483,0.870598965555927,0.076165153573969,0.105170561724639,0.0026788790757945,0.102491682648844,0.994087152846144,0.0126154017532577
0.331,1.71516593616627,0.841478828403551,0.155643022830136,0.86546862693216,0.0760646711222777,0.104195579996479,0.00184881539492887,0.102346764601551,0.994075041259052,0.0126535130454895
0.332,1.72028323332925,0.841702209697897,0.155347152120831,0.860275669649631,0.0759648483062312,0.10330641962504,0.00111033066866372,0.102196088956376,0.994062804426423,0.0126933014620783
0.333,1.70658476750147,0.801654924889025,0.155049120070503,0.855015111037942,0.0758657073904408,0.111221117707422,0.00918195944792321,0.102039158259498,0.994050430988933,0.0125942602739048
0.334,1.71981101254195,0.819382831920718,0.154773822571137,0.850077513973615,0.075767272624966,0.104960603740084,0.0030436784808858,0.101916925259198,0.994038959086312,0.0126937612022916
0.335,1.71228791786249,0.792802377481363,0.154485405381147,0.844904458178238,0.0756694095170576,0.110556810842015,0.00878603000149474,0.10177078084052,0.994026896618274,0.0126402093704191
0.336,1.74440783397698,0.850522087914606,0.154211357121165,0.839925669456839,0.0755722107725172,0.102009829848386,0.000364059062277414,0.101645770786109,0.994015393297432,0.0128792326740142
0.337,1.77709101211522,0.909762235402735,0.153899305207875,0.834317513022892,0.0754755942671806,0.119947859589508,0.0184923061455132,0.101455553443995,0.994002244869467,0.0131227558086991
0.338,1.75452504383286,0.848393644924818,0.153548630535268,0.828056475835873,0.0753798135946323,0.102544800526228,0.00134680604154711,0.101197994484681,0.993987405283173,0.0129585806797812
0.339,1.7640193094048,0.857671969784616,0.153233817749662,0.822318785190657,0.0752851315632175,0.105073822655329,0.00407823703438753,0.100995585620941,0.993974025416284,0.0130309248217815
0.34,1.74873222060539,0.813244593182273,0.152911526368398,0.816417824527064,0.0751913336947379,0.100810169338149,3.29255661973502e-05,0.100777243771951,0.993960270630019,0.0129202525125934
0.341,1.74857144433486,0.802094212053308,0.15261455944639,0.810880796781157,0.0750984827181657,0.10085022845202,0.00025293809273417,0.100597290359286,0.993947545217,0.012921141712128
0.342,1.73189284878933,0.75578238432986,0.152322538418176,0.80538466077535,0.075006428755115,0.108498668227891,0.00807623695785662,0.100422431270034,0.993934983355814,0.0127999175303312
0.343,1.73318209201209,0.748373901977788,0.15205671553045,0.800277728909273,0.0749151520432025,0.109146771832888,0.00885856057305832,0.10028821125983,0.993923506508664,0.0128112888307863
0.344,1.73654234481849,0.745380002193614,0.151793388842334,0.795180119305085,0.0748244931342481,0.108324906572916,0.00816916890528163,0.100155737667634,0.993912097801976,0.0128379561689953
0.345,1.75314542103223,0.770305636423646,0.151529872808339,0.790048206331445,0.0747344451196725,0.101306665691923,0.001286112960239,0.100020552731684,0.993900641197232,0.0129625477576033
0.346,1.76025313748431,0.774939220712283,0.151249190999525,0.784603221882387,0.0746450186225085,0.1001629286563,0.000308738572413444,0.0998541900838866,0.993888394388152,0.0130170776478792
0.347,1.7891616775104,0.825925817362491,0.150963828733014,0.779043855967846,0.0745563364712617,0.106956671889932,0.00727961897447662,0.0996770529154556,0.993875896674106,0.0132328986318455
0.348,1.78211554904707,0.79935199909869,0.15064561200583,0.772903982849536,0.0744684413297044,0.101763343021348,0.00232166590915527,0.0994416771121928,0.993861904228838,0.0131830528421714
0.349,1.77814042488863,0.779783715873082,0.150341766287484,0.7669535705323,0.0743815636523179,0.0997738943058854,0.000547461405870444,0.099226432900015,0.993848488416134,0.0131558083103694
0.35,1.76934160362964,0.750154210619594,0.15004798976219,0.761125334685103,0.0742956244410775,0.0994255228288005,0.000401090222706641,0.0990244326060938,0.993835465529496,0.013092788225728
0.351,1.76554600919407,0.731635582889417,0.149770215431931,0.755522209372473,0.074210571695665,0.100750721344665,0.001904821072386,0.0988459002722786,0.993823105017135,0.0130666632489446
0.352,1.77407653599329,0.73942563729121,0.1495017057205,0.750035742010425,0.074126312592365,0.0990563774894597,0.000376498454014867,0.0986798790354448,0.993811113106164,0.0131317024151076
0.353,1.78370469861405,0.749444883953345,0.149226674256493,0.744402133050034,0.0740427975915598,0.0985851406322662,8.5203723796505e-05,0.0984999369084697,0.99379878518715,0.013204932308793
0.354,1.78715077121343,0.746186332017953,0.148943850248722,0.738596935244117,0.0739600823074894,0.0984970528419864,0.000193357910697617,0.0983036949312888,0.993786060496421,0.0132324657023496
0.355,1.7790177672778,0.718264929687966,0.148661234135644,0.732752549608816,0.0738782320365018,0.0988103558294865,0.000705937671617543,0.098104418157869,0.993773296795804,0.0131742582308914
0.356,1.78377228118364,0.718052464727375,0.148393454540118,0.727118738752665,0.0737972592983699,0.0982037960911943,0.000276957379812958,0.0979268387113813,0.993761158296375,0.0132113777257979
0.357,1.79007550315038,0.721082694259977,0.148124002536652,0.721417016322871,0.0737170776550575,0.0977437138637707,3.77289432582571e-07,0.0977433365743381,0.993748899686244,0.0132599914317254
0.358,1.80179513355235,0.735535228534632,0.147850979460672,0.715613546168432,0.0736377110928916,0.0988927336991965,0.00134214000389951,0.0975505936952969,0.993736433037862,0.013348772367286
0.359,1.80294317320807,0.727326759767499,0.147567649201229,0.709590339598401,0.0735591970051372,0.0984028985550729,0.00106588606011402,0.0973370124949589,0.993723446972199,0.0133593210428097
0.36,1.82334497652285,0.76015839914748,0.147287508100103,0.703576397639557,0.0734816195687207,0.107993482232417,0.0108682770723051,0.0971252051601117,0.993710557956345,0.0135125360601874
0.361,1.82134208678625,0.744754869737447,0.146986263922652,0.697150862382363,0.0734049722055262,0.104582526105661,0.00770868466136181,0.0968738414442991,0.993696643187514,0.0134998876196427
0.362,1.84534501534529,0.785224251970623,0.146692559918056,0.690803838352073,0.0733294151425145,0.12701849903265,0.030387411988986,0.0966310870436641,0.993683021684545,0.0136799665858301
0.363,1.83020548436151,0.740874491733393,0.146373425514516,0.683960951702825,0.0732549145560163,0.107405518090187,0.0110646827708824,0.0963408353193047,0.993668158793272,0.0135700700903262
0.364,1.85429316396077,0.781505815812526,0.146078781713233,0.677489868860002,0.0731816639062128,0.133120037406596,0.0370324734829376,0.0960875639236582,0.993654378833997,0.013750853766364
0.365,1.84646813814512,0.752926649805574,0.145758749002735,0.67051802319024,0.0731095144711413,0.119082588985332,0.0232959660640953,0.0957866229212369,0.993639348362675,0.0136951895616028
0.366,1.83093472424256,0.70821065437557,0.145454018415367,0.663755483973012,0.0730386614340179,0.102300285447511,0.00679342584361225,0.0955068596038985,0.993624975089074,0.0135822105415512
0.367,1.82747279508681,0.6901360383181,0.145173770077939,0.657372641115998,0.0729690200754314,0.0989614523699788,0.00369708727563657,0.0952643650943422,0.99361170330933,0.0135585778991838
0.368,1.82439796988164,0.67311015324427,0.144902441398731,0.651098878504424,0.0729004393462799,0.096704890328863,0.00167180142375867,0.0950330889051043,0.993598805028079,0.0135377448793782
0.369,1.82183245405798,0.65736851262804,0.144639361973084,0.644925049176342,0.0728328742025518,0.0953473374264602,0.000535261565598417,0.0948120758608618,0.993586252688351,0.0135206248973565
0.37,1.82427343861411,0.652364373901192,0.144383733388299,0.638839376743242,0.0727662833104742,0.095233603292643,0.000633470072527515,0.0946001332201155,0.993574012033539,0.0135406058697598
0.371,1.8411582960585,0.677814403378962,0.14412931538455,0.632731084114716,0.0727006300582916,0.10143767006378,0.00705097942933776,0.0943866906344425,0.993561786234591,0.013667806829566
0.372,1.83838418547172,0.661400760122939,0.14385848971644,0.626280663940098,0.0726359212341979,0.0984283381493839,0.00428692515236045,0.0941414129970235,0.993548724465472,0.0136492047940112
0.373,1.84876386642186,0.673013239306149,0.143595545061944,0.619923066704472,0.0725722888979013,0.103719861868398,0.00981425442432743,0.0939056074440707,0.993535995653148,0.0137282139110162
0.374,1.83660196155777,0.636627765903839,0.143324324235036,0.613365138836528,0.0725096948634742,0.0955394403496157,0.00188785058279909,0.0936515897668166,0.993522817268895,0.0136398967523463
0.375,1.84092297523559,0.635619041579149,0.143072361616345,0.607109415674826,0.072448215524463,0.0962670808455516,0.00284051636536194,0.0934265644801897,0.993510529855644,0.0136738430114016
0.376,1.8227971473348,0.587285485195692,0.142819341057518,0.600787573580877,0.0723877315701473,0.0938341863301848,0.000638241254340851,0.0931959450758439,0.99349814722155,0.013541054428823
0.377,1.7997829405221,0.529814073088012,0.142592168647093,0.594898249027286,0.0723282670584158,0.107859511197774,0.0148533751814169,0.093006136016357,0.993486992136469,0.0133717237138447
0.378,1.78427349443108,0.489134180615066,0.142395792496249,0.589543925724663,0.0722696526909575,0.128268114325642,0.0354017374257734,0.092866376899869,0.993477320590239,0.0132578958023705
0.379,1.77825187051624,0.468532069984266,0.142220546963344,0.584554490921808,0.0722116799670887,0.140085871646709,0.0473250962945513,0.0927607753521578,0.993468667176778,0.0132143991494763
0.38,1.79547097613045,0.49522759170531,0.142054959859924,0.579722084447908,0.0721542062381624,0.117798754597077,0.0251287224003611,0.092670032196716,0.993460471067071,0.0133435455792682
0.381,1.78516786657725,0.465692589417553,0.141872051501936,0.574545741938155,0.0720971692872347,0.13430712161756,0.041759489230731,0.0925476323868288,0.993451395363545,0.0132682812225913
0.382,1.77404694314869,0.434980361945021,0.141703885422112,0.56961982539913,0.0720407014300311,0.156412285250734,0.0639636135071759,0.0924486717435582,0.993443030482042,0.0131868181661277
0.383,1.77148622524347,0.421992981395276,0.141551035894105,0.564960123439236,0.0719847044557827,0.164573246636106,0.0721987076078652,0.0923745390282411,0.99343541023078,0.0131688669609261
0.384,1.76735672691504,0.405996256055361,0.1414034300386,0.560381262349415,0.0719290741847885,0.176587328781593,0.084279179656069,0.0923081491255238,0.993428035764571,0.0131392126021701
0.385,1.77616051410678,0.416045365672743,0.141262744053533,0.555916434673088,0.0718737779815078,0.161499098752269,0.0692465521407593,0.0922525466115095,0.993420992674324,0.0132056628804453
0.386,1.75308980560651,0.36203175878822,0.141114225731337,0.551288686444615,0.0718187704148687,0.219094270657861,0.126912026340034,0.0921822443178273,0.99341354223986,0.0130351748026295
0.387,1.74426161151515,0.337465392512996,0.140993914885742,0.547180497176918,0.0717641130129765,0.248125438860296,0.15596568532706,0.0921597535332368,0.99340749532836,0.0129703717993513
0.388,1.76415181491468,0.369760550931232,0.140885213782496,0.543283725664662,0.071709604822565,0.199018028478639,0.106861079886119,0.0921569485925191,0.99340202305017,0.0131190428969613
0.389,1.75959378788407,0.353453935933066,0.140755951354016,0.538990960478466,0.0716551630508567,0.21440058425813,0.122282529250151,0.0921180550079794,0.993395504663352,0.0130860571126318
0.39,1.75935895227384,0.345907504217238,0.140633722405076,0.534819722404759,0.0716009391888007,0.218972809089895,0.126882178648929,0.0920906304409661,0.993389329935251,0.013085170824171
0.391,1.75851186576977,0.337209445925314,0.140513581020987,0.53067753451491,0.0715468848891259,0.225255850139669,0.133189621353829,0.0920662287858394,0.993383250197355,0.0130797157280493
0.392,1.76649339905612,0.346038990207797,0.140396174000712,0.526577200883085,0.0714929873084533,0.208124855507437,0.116078823891844,0.0920460316155935,0.993377298778848,0.0131399115339492
0.393,1.75922263309927,0.324534014713328,0.140271643078976,0.522330710924231,0.0714392286419842,0.231469181760172,0.139456315521738,0.0920128662384339,0.993370975358598,0.0130867048676481
0.394,1.7718562404776,0.342617899890877,0.140157052016924,0.518262949252067,0.0713856632838877,0.202055719058146,0.110059333159239,0.0919963858989064,0.993365146736396,0.0131814973347684
0.395,1.7974603213417,0.386389990405313,0.14003014559873,0.513949450928845,0.0713322209214492,0.150057574004311,0.0580996895328593,0.0919578844714521,0.993358680566786,0.0133728880487118
0.396,1.83076984266659,0.44581267563231,0.139876480243558,0.509109548506097,0.0712789940582877,0.106193217939394,0.0143215432237933,0.0918716747156012,0.993350835263664,0.0136218321744195
0.397,1.82676854314085,0.429195896592152,0.139687358847631,0.503567225249322,0.0712261833110388,0.111519826179488,0.0197981212182058,0.0917217049612822,0.993341156077045,0.0135934424530576
0.398,1.82416136703089,0.415627596141741,0.139505830970679,0.498137532272396,0.0711740571873874,0.115982509299087,0.0244000179523522,0.0915824913467351,0.993331840841046,0.0135753663469178
0.399,1.81657237726255,0.392066501603369,0.139330154670147,0.492789114372901,0.0711225704261788,0.12785764990988,0.0364064934368968,0.0914511564729827,0.993322802771106,0.0135201657769263
0.4,1.81490944251607,0.38084591992114,0.139165843944573,0.487631315831175,0.0710716898066382,0.132307066820247,0.0409695384170722,0.0913375284031749,0.99331432877741,0.0135089819231257
0.401,1.81468327608839,0.372640749951412,0.139005984908071,0.482532946328307,0.0710213404709916,0.134667781096636,0.0434380391337989,0.0912297419628371,0.993306065144164,0.0135084588643517
0.402,1.82535331161246,0.386493324905767,0.1388488831022,0.477462142743148,0.0709714976345654,0.120924670665715,0.0297997565188896,0.0911249141468251,0.993297925502476,0.0135890334185627
0.403,1.81385651192521,0.355301363676599,0.138682257821524,0.472179340717633,0.0709221486825553,0.140252397504324,0.0492509342283162,0.0910014632760082,0.993289272285378,0.0135046532296496
0.404,1.8038431197996,0.327617693409961,0.138531139406261,0.467172274364904,0.0708733724925847,0.161195996680197,0.0702927917469701,0.0909032049332272,0.993281406373427,0.0134311911876125
0.405,1.80607577343721,0.324850154852965,0.138393500526166,0.46240635576433,0.0708250621144321,0.159188968245696,0.0683619835369012,0.0908269847087946,0.99327422714074,0.0134488095934916
0.406,1.8045553260399,0.314583207308875,0.138255513796254,0.457613044326851,0.0707771238314766,0.16473327965206,0.073984515031844,0.0907487646202163,0.993267015415575,0.0134384837132176
0.407,1.8271553047539,0.35255759216512,0.138121336326146,0.452874022802605,0.0707295659863752,0.127105369513824,0.0364295138011215,0.0906758557127023,0.993259988958992,0.013607765908559
0.408,1.86295229893019,0.417210636946938,0.137964172126264,0.447661754092579,0.0706823658386898,0.0939215369722606,0.00336054832615862,0.090560988646102,0.993251741379024,0.0138755357049112
0.409,1.85633187671488,0.395139070091014,0.137769253943794,0.441677072069668,0.070635701806012,0.0982375448330404,0.00786019219153495,0.0903773526415055,0.993241486424773,0.0138276731828105
0.41,1.88253072246924,0.440525996280486,0.137584992863482,0.435862798331756,0.0705898669541786,0.0902885053736793,7.90253888031697e-05,0.0902094799848762,0.993231765440492,0.0140242138756892
0.411,1.87249152554537,0.410893622359631,0.137374045764378,0.429479929118019,0.0705447943848768,0.0912488517166491,0.00125733648228366,0.0899915152343654,0.993220604576827,0.0139510052582682
0.412,1.88383795498895,0.42575614628209,0.137177981058214,0.4233464559635,0.0705006986118765,0.0898174466410315,2.11645024467987e-05,0.0897962821385847,0.99321020033765,0.0140370192906866
0.413,1.88797842194584,0.425602769338767,0.136972299743323,0.416976273431328,0.0704574830004495,0.0898523811103711,0.000271647741114522,0.0895807333692565,0.993199253777049,0.014069424390288
0.414,1.86248985019528,0.364123970479206,0.136765337907626,0.410532054898888,0.0704152352913411,0.097233069086457,0.00787374320297087,0.0893593258834862,0.993188205832713,0.0138810225867164
0.415,1.8442961158489,0.319043936409472,0.136590423073091,0.404688573757497,0.0703739814439991,0.11604147152684,0.0268503594228919,0.0891911121039483,0.993178842502268,0.0137467161798477
0.416,1.85667198421602,0.336501813099813,0.136438468591596,0.399273453636393,0.0703334931117611,0.103500603927379,0.0144397650322803,0.0890608388950991,0.993170688770384,0.0138400899449147
0.417,1.86565529991943,0.346980192198761,0.136275281749473,0.3936006869966,0.0702936069503942,0.0968829509226687,0.0079745589489626,0.0889083919737061,0.993161912071197,0.0139082715927796
0.418,1.88269642254636,0.37375303168593,0.136104776846296,0.387744608165009,0.0702544187357988,0.0894595350744792,0.000719167309575719,0.0887403677649035,0.993152719300739,0.0140365954745308
0.419,1.90453572014241,0.410266361253743,0.135918096461897,0.381521835188508,0.0702159960042372,0.0915802703644937,0.00303950614459428,0.0885407642198994,0.993142627979415,0.0142008422822376
0.42,1.89064044789721,0.372731527789959,0.135710035167435,0.374819114430713,0.0701784758375487,0.088315865431267,1.60563586078121e-05,0.0882998090726592,0.993131348162527,0.014098808056485
0.421,1.87631006857444,0.335002232380945,0.135521001571938,0.368454327460466,0.0701420383183069,0.0922174265530597,0.00412866881232165,0.0880887577407381,0.993121069882891,0.0139933628695844
0.422,1.87528466704328,0.325041743978368,0.13535095219741,0.362434451717179,0.0701065544965734,0.0930731722526253,0.00516514501501567,0.0879080272376096,0.993111799298305,0.0139869910750444
0.423,1.8773933777175,0.321540938491914,0.135184795052823,0.356454925982619,0.070071893021939,0.0922398247731355,0.00450859330009998,0.0877312314730355,0.993102718378134,0.0140039668657389
0.424,1.88246419230398,0.324065959410132,0.135019019508632,0.350444298336645,0.0700380371549397,0.0901289188940727,0.0025767361037513,0.0875521827903214,0.993093636040024,0.0140430396604115
0.425,1.85491844568154,0.260222822409865,0.134850374714875,0.344334907216966,0.0700049971333801,0.113597248952273,0.0262321955929151,0.0873650533593582,0.993084373590994,0.0138388017755894
0.426,1.86471441630388,0.272737463250556,0.134714432462548,0.338867226241561,0.0699728087414698,0.103464335823045,0.0162311694200332,0.0872331664030117,0.993076890376775,0.0139128995532427
0.427,1.84233986647701,0.22050694544974,0.134570063283999,0.333195092596717,0.06994123035128,0.134266214388176,0.0471821822682035,0.0870840321199728,0.993068926731575,0.013747023762126
0.428,1.83768798110223,0.204605599835907,0.134452033911129,0.328041738284815,0.0699103376968748,0.143640834640531,0.0566613974960361,0.0869794371444952,0.99306240332771,0.0137131803018049
0.429,1.86554437944639,0.253152834835013,0.134340798443638,0.32300666005449,0.0698799353102107,0.105046316578111,0.01816111320732,0.086885203370791,0.993056244926447,0.0139218801497039
0.43,1.86938878869264,0.253747534069189,0.134201501748399,0.317365448636575,0.0698499775826651,0.101818194297128,0.0150789633542667,0.0867392309428616,0.993048518556262,0.0139516111783645
0.431,1.87090151320725,0.249635847309915,0.134060289740378,0.311651866877994,0.0698206920733386,0.100931653776892,0.0143442427676253,0.0865874110092668,0.993040669560415,0.0139639577099127
0.432,1.87834556292701,0.257446515297336,0.133919710068056,0.305918191440818,0.0697921047108525,0.0952062672146076,0.00877205971758988,0.0864342074970177,0.993032839269949,0.014020574530637
0.433,1.8836156660578,0.260804392975137,0.133773372096667,0.300029788585041,0.0697642218038817,0.0920190619138612,0.00575088912179649,0.0862681727920647,0.993024670759758,0.0140610148509318
0.434,1.86520453156624,0.216374464381502,0.133623715193854,0.294035166016589,0.0697371002732125,0.108661260616996,0.0225677925872076,0.086093468029788,0.993016298483774,0.0139246940161126
0.435,1.83821794253243,0.155753325066718,0.133496197655908,0.288472514154766,0.0697107788166508,0.151928869206484,0.0659733515316704,0.0859555176748135,0.993009149941652,0.0137241631170955
0.436,1.85608867667952,0.184699122393971,0.133399201331113,0.283529813354337,0.0696850949163751,0.122479984126624,0.0366100597988563,0.0858699243277676,0.993003703245435,0.0138583064251609
0.437,1.88042591892962,0.226413758479595,0.133284904050598,0.278201503849667,0.0696598164113396,0.095812943521743,0.0100610440080195,0.0857518995137235,0.992997274863023,0.0140408777987219
0.438,1.85544885700134,0.169323390812529,0.13314655364248,0.27233788775171,0.0696350871619082,0.12543960134309,0.039850774538737,0.0855888268043532,0.992989478903937,0.0138554043729326
0.439,1.84582202986092,0.143930652567296,0.133036894563499,0.267052980484514,0.0696111074363134,0.142447813612496,0.0569733218799673,0.0854744917325284,0.992983288163926,0.0137843265158092
0.44,1.89213227965998,0.228808019258784,0.132939043150448,0.261995322996816,0.0695876605592956,0.0895219114680719,0.00414248930674899,0.0853794221613229,0.992977755395995,0.0141309052181915
0.441,1.90001958767934,0.237560189674039,0.132793760209477,0.255910913009115,0.0695646606855527,0.08646566513922,0.00126794002364756,0.0851977251155724,0.992969525688387,0.0141909137193563
0.442,1.89510772910832,0.220392917543794,0.132642395052393,0.249657030576363,0.0695424941225408,0.088230349379982,0.00322818474155533,0.0850021646384267,0.992960932271277,0.0141553753205815
0.443,1.88924126144624,0.201522725550457,0.132498749530953,0.243526808533243,0.06952122332163,0.0914752409422311,0.00665796089951992,0.0848172800427112,0.992952758961575,0.0141126416727543
0.444,1.8762562749806,0.168645590617174,0.132363672283768,0.237541414465236,0.0695008011173046,0.10257504631338,0.0179302767209689,0.0846447695924113,0.992945056995275,0.0140166575170373
0.445,1.89684885020897,0.203046759699639,0.132244479589229,0.231862407491105,0.0694811725416705,0.0876373825612566,0.00313941859887444,0.0844979639623822,0.992938247682579,0.0141713996454502
0.446,1.90734846482025,0.217173675840276,0.132105441297257,0.225724960829561,0.0694622225639996,0.0845899159206292,0.000276765567905068,0.0843131503527241,0.992930289091955,0.0142509032759513
0.447,1.88126192281432,0.157449228103505,0.131957504806302,0.219355844963994,0.069444122301874,0.0986308325378576,0.014521452253651,0.0841093802842066,0.992921802750303,0.0140571088656279
0.448,1.87448499096048,0.137531984653935,0.131839525078777,0.213596247181496,0.069426957704025,0.105898595634496,0.0219424790494529,0.0839561165850428,0.992915021220666,0.0140073550837816
0.449,1.84715499280793,0.0772481432151801,0.131730504186687,0.207999353036121,0.0694105015653316,0.148706058833775,0.0648895978011728,0.0838164610326021,0.992908743850378,0.0138039333084093
0.45,1.85997909788722,0.096618148938599,0.131651447878606,0.203028708033372,0.0693946926473042,0.126732850762348,0.0430044912886307,0.0837283594737178,0.992904185323339,0.0139003570180545
0.451,1.86125090227485,0.0932804497162206,0.131560423656421,0.19777917435863,0.0693792979282963,0.125119092232782,0.0415017797465004,0.083617312486282,0.992898929919749,0.013910539389262
0.452,1.84641546562066,0.0584069870978173,0.131469506004842,0.19250865070046,0.0693644211597594,0.151897909886386,0.0683932598801052,0.0835046500062806,0.992893673404666,0.0138003344083857
0.453,1.86800518365158,0.0948890551522752,0.131395216245926,0.187578884755238,0.069350069648421,0.116113023776154,0.0326929882125469,0.0834200355636068,0.992889372851076,0.0139622536889946
0.454,1.85337240747904,0.0602862588139297,0.131299913784295,0.182173198494684,0.0693361161887666,0.139870665718734,0.0565743938307022,0.083296271888032,0.992883848768988,0.0138535887105839
0.455,1.82131683731979,-0.00762341527959962,0.131221124709144,0.177104372164794,0.069322738368726,0.213226339254851,0.130026150628334,0.0832001886265171,0.992879275804742,0.0136145537231789
0.456,1.83822276335188,0.0199077508337742,0.131176003959148,0.172758241858993,0.0693098104573103,0.172216216509802,0.0890531495910119,0.0831630669187899,0.992876654496112,0.0137412592408821
0.457,1.86701059057403,0.0703400049604913,0.131114523596281,0.168045397769421,0.0692970643204295,0.119500500296441,0.0364046008104401,0.0830958994860012,0.992873079865057,0.0139569159080628
0.458,1.86702858498943,0.0647032072705136,0.131024637501422,0.162696991543592,0.0692846364617119,0.119621494923957,0.0366449468560993,0.0829765480678576,0.992867847611949,0.0139577217057033
0.459,1.88622511389925,0.0966427072629965,0.130936136965339,0.157353846946642,0.069272764284144,0.0969327267761435,0.0140749626768919,0.0828577640992516,0.992862688993454,0.0141019007917504
0.46,1.90812808670949,0.133909759493538,0.130829254182376,0.151581953720837,0.0692614452349535,0.0838975713923573,0.00119356504307525,0.0827040063492821,0.992856449585763,0.0142664687958015
0.461,1.89852158908922,0.108261874044663,0.130701311047013,0.145314564046801,0.0692508389535391,0.0877619696544678,0.00525205839710646,0.0825099112573613,0.99284896733637,0.0141956156697339
0.462,1.91866212466905,0.142056038675659,0.130585440252397,0.139273429305927,0.0692411301198465,0.0823640941003658,2.96469303528581e-05,0.0823344471700129,0.992842178438368,0.0143470996443704
0.463,1.93845802660446,0.175129337963337,0.13045045527782,0.132773429327973,0.0692322340754976,0.088998076408944,0.00687626192069098,0.0821218144882531,0.99283425442732,0.0144961732844058
0.464,1.92996510702526,0.150921226527633,0.130296890924246,0.12581726786922,0.06922432183086,0.0842907596958943,0.00241835678446745,0.0818724029114268,0.992825219789155,0.0144338470440515
0.465,1.94495077598529,0.174307112433022,0.130154811907352,0.119063705918856,0.0692175634396798,0.0933635864609089,0.0117238614484031,0.0816397250125058,0.992816841879716,0.0145470273982125
0.466,1.95159092224368,0.180685338931596,0.129999341249652,0.111963058120642,0.0692118832419388,0.0995438282565781,0.0181645223524247,0.0813793059041534,0.992807653328184,0.0145979052408276
0.467,1.97178364980146,0.214495929382737,0.12983947793841,0.104708851962419,0.0692074106208262,0.127522694853771,0.0464157841662465,0.0811069106875244,0.992798182217936,0.0147502077596205
0.468,1.99535502594103,0.255152596380952,0.129660936630053,0.0969794099148895,0.0692042027365495,0.177274299007895,0.096477619115968,0.0807966798919273,0.992787576921851,0.014927961801236
0.469,1.99272917096302,0.241549817675712,0.129460302377614,0.0886883396103838,0.0692024372474853,0.170688230804798,0.0902463189378327,0.0804419118669651,0.992775624406599,0.0149099160835861
0.47,2.0075981169544,0.264211736625655,0.129265988793974,0.0804618657355445,0.0692023244144988,0.21069200738783,0.130598989599444,0.0800930177883856,0.992764013068481,0.0150227283128791
0.471,1.99584472692514,0.231460835950633,0.129059161253132,0.0718771287598381,0.0692038405866912,0.178380155039055,0.0986638970588355,0.0797162579802192,0.992751615535928,0.0149364296296074
0.472,1.9956014537336,0.222999176446261,0.128868525921438,0.0635777246582009,0.0692071202166544,0.177971822381679,0.098609024618263,0.0793627977634163,0.992740153343497,0.0149361307591916
0.473,2.00899425838673,0.242669702728768,0.128681473061819,0.0552837867344469,0.0692120580734428,0.215446006839864,0.136435652613963,0.0790103542259007,0.992728873541729,0.0150378727049258
0.474,1.99474569530806,0.205034737320792,0.128483467325174,0.0466651622222023,0.0692186532353335,0.176236560368419,0.0976036950086011,0.0786328653598182,0.9927168974669,0.0149327981890038
0.475,1.97824419434833,0.163483237539529,0.128304015714241,0.0383909402148139,0.0692270283260544,0.13926341333448,0.0609804874885063,0.0782829258459738,0.992706011679111,0.0148106868579935
0.476,1.99342925236273,0.187088153211984,0.12814494523291,0.0305124107535021,0.0692370568947809,0.173621390703613,0.0956571602643627,0.0779642304392505,0.99269633674834,0.0149256424894233
0.477,1.96447489211396,0.120367229943403,0.127972742357962,0.0222675521413895,0.0692485937130431,0.115217148299278,0.0375999865578408,0.0776171617414372,0.992685835971204,0.0147102021799629
0.478,1.96728791044404,0.119264994092449,0.12783354437578,0.0147162970700947,0.0692617777193741,0.120076592755968,0.0427525893240543,0.077324003431914,0.99267732712581,0.0147323617379536
0.479,1.98797549018152,0.15411485456783,0.127693792438242,0.00709483575211762,0.0692763538740467,0.161661053454797,0.0846356174401595,0.0770254360146375,0.992668765756694,0.0148883954029902
0.48,1.97355871214755,0.117614674871897,0.127535044186439,-0.00102367165015655,0.0692923507837771,0.131869508276832,0.0551811361154628,0.0766883721613688,0.992659017888933,0.0147816781069472
0.481,1.97218340005097,0.108042081266018,0.127393879836088,-0.00880035745909123,0.0693099570940699,0.129960193313391,0.0535824621433794,0.0763777311700116,0.992650329346381,0.0147724908200847
0.482,1.94188740219247,0.0404359856793769,0.127256508431244,-0.0165490973558141,0.0693290484395894,0.0888281129426976,0.0127588746876633,0.0760692382550343,0.992641855750032,0.0145466279752613
0.483,1.94419615529656,0.0390587475550709,0.127152176526001,-0.0235822239352103,0.0693496174168561,0.0912451177967542,0.0154299022496238,0.0758152155471303,0.992635407923627,0.0145647341514149
0.484,1.93346312900728,0.0118863289280281,0.127047229512366,-0.0306751121199452,0.0693714015654477,0.0826854700621507,0.00712914508656719,0.0755563249755835,0.992628911399027,0.0144851404964395
0.485,1.93803205761701,0.0152092242994134,0.126954749216198,-0.0375218063697594,0.0693944264977043,0.0862668595005963,0.0109509947938146,0.0753158647067818,0.992623177697771,0.0145200869655452
0.486,1.94863371978903,0.030364493352147,0.126859204871324,-0.0444816766640791,0.069418603908711,0.0971457851054904,0.0220793957040012,0.0750663894014892,0.992617245248271,0.0146002612612008
0.487,1.96155270633509,0.0500077604520301,0.126754603422492,-0.0516970458772328,0.0694439796501939,0.115599819599888,0.0408027296491757,0.0747970899507128,0.992610740178273,0.0146978783091455
0.488,1.93667119256546,-0.00563803371436115,0.126638732360878,-0.0592245738963538,0.069470653061101,0.0858411888204609,0.0113374369560706,0.0745037518643903,0.992603521716008,0.0145123392012185
0.489,1.92202903174592,-0.0399036629000988,0.126549673101879,-0.0661708753443067,0.0694987449770763,0.076979946754481,0.00272606966370309,0.0742538770907779,0.992597964573998,0.0144033036713283
0.49,1.94377527934556,-0.00276146324099677,0.126476533401861,-0.0727826864073782,0.0695280430526286,0.0934116271646441,0.0193829304213205,0.0740286967433236,0.992593394931828,0.014566834398589
0.491,1.95680223011811,0.0172531534105167,0.126383044567235,-0.0799092334145129,0.0695584266432485,0.111112925186961,0.037348876369703,0.0737640488172584,0.992587546209824,0.0146651913471116
0.492,1.92573281637145,-0.0500700925770297,0.126278092466567,-0.0873513862432346,0.0695900933456051,0.0789784961472572,0.00550330952217148,0.0734751866250857,0.992580970020475,0.0144331510643649
0.493,1.90133869996569,-0.102643192193436,0.126205646776832,-0.0940696792093579,0.0696231660581144,0.0735310942566677,0.000291211711858382,0.0732398825448093,0.992576424268335,0.0142508708782417
0.494,1.90731093018724,-0.0957428663968701,0.126158150758795,-0.100230625445273,0.0696573797254366,0.0731252962765859,7.98203729025313e-05,0.0730454759036834,0.992573441200704,0.014295996162
0.495,1.8958260640293,-0.122502505540754,0.126105603144927,-0.106538599124783,0.0696925310853914,0.0738497776378107,0.00101044799637088,0.0728393296414398,0.992570138240798,0.0142103113551851
0.496,1.90818343938932,-0.103249870472291,0.126064993289202,-0.112592027318963,0.0697286799913663,0.0729975525964123,0.000346154361614143,0.0726513982347982,0.992567583760498,0.0143032469851898
0.497,1.90642524275735,-0.111231941079867,0.126013059947704,-0.118939341137004,0.0697657359693248,0.0726764476594338,0.000235705789802271,0.0724407418696316,0.992564314600288,0.0142904640284529
0.498,1.88871803433523,-0.149790188755257,0.125963645213952,-0.125256924946678,0.0698038143761263,0.0746206550882536,0.0023891061269266,0.072231548961327,0.992561201481574,0.0141581050411369
0.499,1.86307580143365,-0.202731457599035,0.125932064337916,-0.131178089824798,0.0698429090325947,0.0923788904925144,0.0203279620117117,0.0720509284808027,0.992559210612821,0.013966122484699
0.5,1.83631715269064,-0.256569458675839,0.125925380192772,-0.136526207658642,0.0698828765651781,0.129129702745765,0.0572179416600438,0.0719117610857214,0.992558789114084,0.0137655814790968
0.501,1.83358428389801,-0.26472415901487,0.125943911687128,-0.141284182245879,0.0699235076985133,0.132308102549071,0.0604929117279682,0.0718151908211031,0.992559957590612,0.0137449591626954
0.502,1.84582880568611,-0.245131502348597,0.125964718173791,-0.145992514347022,0.0699645866826619,0.110734397722813,0.0390130628816882,0.0717213348411248,0.992561269103779,0.0138365932242674
0.503,1.87636378697623,-0.191555855288717,0.12597378422276,-0.150983776962007,0.070006099757035,0.0781389947086855,0.00653347658762831,0.0716055181210572,0.992561840436327,0.0140654197085138
0.504,1.85000140824265,-0.245164382733302,0.125953857987872,-0.156669994557882,0.0700481585174232,0.102524839033109,0.0310878001819358,0.0714370388511731,0.992560584598399,0.0138679520073367
0.505,1.83945610186999,-0.268061301649529,0.125959169668334,-0.16177203245246,0.0700910311101328,0.116156173141062,0.0448455192908716,0.07131065385019,0.992560919402429,0.0137888633620285
0.506,1.8198047284185,-0.307513743463086,0.1259742792229,-0.166650798395905,0.0701345035594313,0.149955421178174,0.0787556373229591,0.0711997838552152,0.99256187162833,0.0136414434713922
0.507,1.82218425425225,-0.305814930207277,0.126007426294822,-0.171105800230644,0.0701784968971348,0.143125006006092,0.0720058739101758,0.0711191320959159,0.992563959804557,0.013659039041565
0.508,1.83855040190783,-0.278437929643677,0.126037896033165,-0.175625509916123,0.0702228568697798,0.112966123892258,0.0419333945698885,0.0710327293223696,0.992565878347121,0.0137814951176332
0.509,1.83866324144292,-0.281174783714679,0.126052699515681,-0.180518884014673,0.0702676128339091,0.111105689173224,0.040187993527094,0.0709176956461297,0.992566810121146,0.0137822320712066
0.51,1.81507550362395,-0.327836073037746,0.126067180873646,-0.185427957312739,0.0703129112747901,0.151234141012925,0.0804335882019651,0.0708005528109599,0.992567721407983,0.0136053182217326
0.511,1.7972423479091,-0.362981441657364,0.126103365583803,-0.189827317927817,0.0703587631327752,0.189599935422853,0.11888005695067,0.0707198784721834,0.9925699975344,0.0134713855479083
0.512,1.80939321501795,-0.343140935992694,0.12615542344967,-0.19384933535438,0.0704049815051223,0.159001377614587,0.0883354096545898,0.0706659679599972,0.992573269839255,0.0135620866512335
0.513,1.81345258698896,-0.338097667469213,0.126195591162901,-0.198148754693564,0.0704514290105223,0.148191167487075,0.0776005643564988,0.0705906031305762,0.992575792895893,0.0135922218108678
0.514,1.79256951091963,-0.378748882282609,0.126231440452998,-0.202550596906128,0.0704982157184499,0.193478612572682,0.122971882671226,0.0705067299014555,0.992578043343153,0.0134354415614552
0.515,1.77749103352474,-0.408106199393326,0.126285976707547,-0.206509479989523,0.0705453853025622,0.231363976396036,0.160909541716151,0.0704544346798845,0.992581464418525,0.0133220395031677
0.516,1.79217599890094,-0.383546731331951,0.126353486496471,-0.210155874106846,0.0705927753337796,0.189393549284576,0.118969369990817,0.0704241792937585,0.992585695237005,0.0134316172477018
0.517,1.80522731931869,-0.361927169924337,0.126406676138954,-0.214131796404297,0.0706402723492563,0.156770219473262,0.0864015774369252,0.0703686420363367,0.992589025433271,0.013529047414108
0.518,1.77631647905441,-0.416921395123918,0.126447118307993,-0.218404884158595,0.0706880063842288,0.226121387246092,0.15583117137496,0.0702902158711318,0.992591555637004,0.0133120914325175
0.519,1.77487090125053,-0.421262108227388,0.126513476037481,-0.222063429531777,0.0707360952362557,0.22707763971644,0.156821687447437,0.0702559522690038,0.992595703704294,0.0133007868610641
0.52,1.76991170863425,-0.431878108519881,0.126580234622221,-0.225705170399517,0.0707843112636224,0.238128507356502,0.167906468731261,0.0702220386252406,0.992599872440713,0.0132631503117157
0.521,1.76408231122807,-0.443945346461731,0.126650581470662,-0.229254969180403,0.07083265259272,0.252159073322175,0.18196504730567,0.0701940260165046,0.99260426049065,0.0132189702879079
0.522,1.75137720914877,-0.468173705323341,0.126725252286946,-0.232694613919707,0.0708810887294847,0.288955252969211,0.218781977102415,0.0701732758667956,0.992608912928138,0.013123242798474
0.523,1.75831394839025,-0.457178963676741,0.126810382806482,-0.235878255427923,0.0709295821649892,0.263269894093558,0.193099344026762,0.0701705500667955,0.992614210383498,0.0131746217275643
0.524,1.77566304667809,-0.427642574754498,0.126888104902095,-0.239223226608597,0.0709780399052529,0.210049397437409,0.139894321785006,0.0701550756524034,0.992619040624245,0.0133040622976741
0.525,1.76664414523888,-0.445554649213316,0.126948979518089,-0.242952171468147,0.0710265277369071,0.231780617361815,0.161670318833214,0.0701102985286005,0.992622819704451,0.0132360584762721
0.526,1.77186194209719,-0.437699922978743,0.12701725166357,-0.246503017439637,0.0710751968198708,0.213980571376234,0.143902722696899,0.0700778486793345,0.992627053711974,0.0132746673999277
0.527,1.75022664079226,-0.478225959102147,0.12707982371353,-0.25018058696949,0.0711239834392468,0.274649479507495,0.20461427405012,0.0700352054573752,0.992630930223398,0.0131121391544555
0.528,1.76202888772592,-0.458467029751824,0.127161224113572,-0.253411386304473,0.0711729401637926,0.23535739214891,0.165332699503006,0.0700246926459042,0.992635967493464,0.0131999841006605
0.529,1.76726213774841,-0.450487683886846,0.127230804202393,-0.256907352375755,0.0712219009513588,0.217258952655236,0.14726522001831,0.0699937326369252,0.992640268182152,0.0132386963698988
0.53,1.76332114706534,-0.459043695656677,0.127294651721309,-0.260530505571574,0.0712709714235079,0.224741029343,0.154788461670961,0.0699525676720389,0.99264421040886,0.0132087237713686
0.531,1.76950778526667,-0.449331129826881,0.127361230698032,-0.264085515305385,0.0713202042557121,0.204634610003783,0.134718930994033,0.0699156790097507,0.992648317077974,0.0132545955250881
0.532,1.76996339629726,-0.449986651181077,0.127421227153276,-0.267788521652576,0.0713695772603058,0.200128540826346,0.130261492316946,0.0698670485094004,0.99265201405338,0.0132575835384876
0.533,1.77664756474035,-0.439398682708696,0.127479978878908,-0.271517681695763,0.0714191510974733,0.180358691106122,0.110542968193759,0.0698157229123628,0.992655630956372,0.0133072325418093
0.534,1.76603956359137,-0.46017999149383,0.127531757164605,-0.275406516504135,0.071468939633118,0.203605657118159,0.133853864397484,0.0697517927206754,0.992658815794333,0.0132274119936628
0.535,1.75442355244564,-0.482498752013168,0.12759259646217,-0.279084764569106,0.0715190080578363,0.231848669909106,0.162145968634476,0.0697027012746302,0.992662554664396,0.0131399825941615
0.536,1.73852000646134,-0.512186377012688,0.127663252273541,-0.282532276109959,0.0715692794085742,0.27623294111741,0.206562989435809,0.0696699516816011,0.992666892334395,0.0130203795790207
0.537,1.74254542790444,-0.506010079487906,0.127747434853614,-0.285659943823503,0.0716196688945314,0.259699902630691,0.190039754390994,0.0696601482396961,0.992672054169652,0.0130499405891128
0.538,1.73667023217282,-0.517491135561,0.127826834595233,-0.288888815056007,0.0716700574924567,0.27405548458397,0.204413342103587,0.0696421424803839,0.992676916504531,0.0130053896233248
0.539,1.72965277878254,-0.530880778542705,0.12791051307218,-0.292010905930696,0.0717204877324578,0.292673314729992,0.22304193248556,0.0696313822444323,0.992682034330238,0.0129522591327774
0.54,1.70896234626749,-0.568323126350605,0.127999442875201,-0.295002715443717,0.0717709220193068,0.36144358977149,0.291813953796449,0.0696296359750411,0.992687465995653,0.0127967138572723
0.541,1.72275420031515,-0.544725118339236,0.12810584483458,-0.297579838987168,0.0718213136154058,0.308057680629269,0.238399696691763,0.0696579839375057,0.992693954918362,0.0128992540734263
0.542,1.71474716770552,-0.559573677894582,0.128198439292756,-0.300458618437187,0.0718715065492743,0.331525295996523,0.261862057011028,0.0696632389854952,0.992699593025338,0.0128386656989181
0.543,1.68255855440518,-0.616778871739662,0.12829705188843,-0.303187826236902,0.07192162075282,0.452927682923644,0.383248649801527,0.0696790331221165,0.992705588629818,0.0125969992266021
0.544,1.66827792585838,-0.641620568742506,0.128423175762273,-0.305269163420752,0.0719716016922483,0.510209006353635,0.440466711675704,0.0697422946779316,0.992713243489235,0.0124892412096959
0.545,1.68657196190998,-0.610268772344596,0.128560334100242,-0.307076917483245,0.0720212036413417,0.427343635324461,0.357518131457987,0.0698255038664739,0.992721551017281,0.0126252706756508
0.546,1.71187195162487,-0.566600867369746,0.128679555769068,-0.309270029065657,0.0720703239940592,0.327181984270706,0.257302568176113,0.0698794160945928,0.992728757753915,0.0128138439239245
0.547,1.702321359706,-0.583963375391082,0.128774483159808,-0.311996449389433,0.0721191151070931,0.357084784903626,0.287192023698496,0.0698927612051308,0.992734486402411,0.0127417086645757
0.548,1.70894793901656,-0.572743425166732,0.128876821335935,-0.314542784760463,0.0721677871852985,0.328567515933893,0.258648413326511,0.069919102607382,0.992740652821555,0.0127906083992961
0.549,1.71860556162524,-0.556208089817604,0.128971827365162,-0.317242650335556,0.0722162731832397,0.291317014557292,0.221383547219063,0.069933467338229,0.992746368680435,0.0128622376937909
0.55,1.71233519035545,-0.567928744978401,0.12905678392139,-0.320159547342914,0.0722646352259839,0.307770453918448,0.237839396859317,0.0699310570591305,0.992751472804335,0.0128147276321929
0.551,1.71899136506794,-0.556673264293516,0.129146352656672,-0.32296413393355,0.0723129601423659,0.28140197209044,0.211465351092089,0.0699366209983516,0.992756846752316,0.0128639250603561
0.552,1.71204663015615,-0.569601262379024,0.129228651896288,-0.325924309889267,0.0723612067618933,0.299671880874991,0.229741842476039,0.0699300383989523,0.992761777977824,0.0128113911292545
0.553,1.7282828186071,-0.54135897396305,0.129316230259834,-0.328758442785067,0.0724094379384929,0.244693951733712,0.174761457886387,0.0699324938473256,0.992767018625654,0.0129322824731562
0.554,1.74112317905073,-0.519107386738199,0.129387713653825,-0.331947013490608,0.0724576069819533,0.205272264025825,0.135364496075328,0.0699077679504967,0.992771290899571,0.0130278656430976
0.555,1.73269604254879,-0.535172895020599,0.129446309065488,-0.335422676308602,0.0725058544416264,0.223979470413557,0.15411853054576,0.0698609398677976,0.992774789391684,0.0129644039106292
0.556,1.74856459571828,-0.507451294546425,0.129511958742394,-0.338740294100836,0.0725542945590806,0.179712726174142,0.10988715616589,0.069825570008252,0.99277870530482,0.0130826766626298
0.557,1.75866955462948,-0.490112442431924,0.129561900491237,-0.342409710831396,0.07260286796973,0.153954985955726,0.0841917911034843,0.0697631948522417,0.992781681603863,0.0131579301577002
0.558,1.74962818762068,-0.50770043070552,0.129601640728083,-0.346312498030908,0.0726517143826077,0.170167876650433,0.100485089026119,0.069682787624314,0.992784048300761,0.0130900067658464
0.559,1.71191112310159,-0.577086447826307,0.129649356101498,-0.35004339988595,0.072700927140073,0.268414751642774,0.198799852032014,0.0696148996107602,0.992786888033465,0.01280749628556
0.56,1.70596721643378,-0.588072793209374,0.12973153086855,-0.352999773778721,0.0727504412974598,0.282580220426476,0.212975689465329,0.0696045309611474,0.992791773685973,0.0127624667770721
0.561,1.69944704377842,-0.599966139958261,0.129818094674981,-0.355852489162931,0.0727999584497753,0.299120730741781,0.229519138506155,0.0696015922356261,0.992796913596647,0.0127131004413299
0.562,1.69423100845918,-0.609432075793664,0.129909512850522,-0.358590094088064,0.072849440072329,0.311782075817831,0.242175104830053,0.0696069709877778,0.992802334309031,0.0126734611678128
0.563,1.72199291245044,-0.560738508291238,0.130004522244225,-0.361239810517675,0.0728988430757646,0.222689207725766,0.15307056141701,0.0696186463087565,0.9928079598868,0.0128804758360392
0.564,1.72222944858475,-0.560859906624808,0.130072655743678,-0.364478450234425,0.0729481349005403,0.217831938946556,0.148246671037476,0.0695852679090798,0.992811989062708,0.0128817757559688
0.565,1.68854416828458,-0.621770395363521,0.130139659864139,-0.367742035458125,0.0729975492655731,0.317477187549315,0.247927525335447,0.0695496622138685,0.992815947336546,0.0126293670913719
0.566,1.65580609654894,-0.679417938079844,0.130236903367964,-0.370327131426948,0.0730470976585562,0.436346769367264,0.366782088205109,0.0695646811621542,0.992821684759544,0.0123838605380221
0.567,1.64395704663934,-0.699556035122717,0.130362608002524,-0.372265976509771,0.0730965173475566,0.480477356242147,0.41084933827341,0.069628017968737,0.992829088721663,0.0122944142609387
0.568,1.6335300690789,-0.716992856957146,0.130497381355633,-0.373986759645198,0.073145557960637,0.520495207259514,0.450787523745568,0.0697076835139465,0.992837010983578,0.0122155549671093
0.569,1.63528940750379,-0.713435912837315,0.130639811266521,-0.37551913164609,0.0731941355384944,0.506834273048292,0.437032746387247,0.0698015266610443,0.992845365548945,0.0122277796617807
0.57,1.65887335899214,-0.672590149659457,0.130778940366578,-0.377104427752094,0.0732421775520629,0.403705807618608,0.333814494927002,0.0698913126916058,0.992853508927378,0.0124032040715719
0.571,1.67946045384289,-0.636582677161291,0.130895114437601,-0.379174965324188,0.0732897060115157,0.323042503855346,0.253098560621982,0.0699439432333641,0.99286029546025,0.0125563509575464
0.572,1.68274021690512,-0.630779650712888,0.130990993373012,-0.381677904051879,0.0733369138043561,0.30681813270379,0.236854758452233,0.0699633742515571,0.992865887346526,0.0125802264848365
0.573,1.69752308348569,-0.604714094470931,0.131082615865054,-0.384267095159891,0.0733839728630855,0.255343450284072,0.185367369977079,0.0699760803069925,0.99287122334338,0.0126901216027872
0.574,1.69452391259333,-0.610238313215003,0.131159320989336,-0.387177134951616,0.0734309180926313,0.259642896832713,0.189678815325278,0.0699640815074348,0.992875684835382,0.0126671808776429
0.575,1.66866505697838,-0.656358989370933,0.13123782213596,-0.390046119792983,0.0734778772022634,0.340161260849094,0.270206192652937,0.0699550681961567,0.992880245391728,0.0124733525840184
0.576,1.67199833701402,-0.650336682669284,0.131339264601382,-0.392407557016191,0.0735248347645378,0.323250109324558,0.253265594497126,0.0699845148274312,0.992886130659137,0.0124975905681194
0.577,1.69087988334448,-0.617020898332454,0.131436345579109,-0.394856089997418,0.0735715921520761,0.257768077491045,0.187760858098555,0.0700072193924908,0.992891754384269,0.012638066776036
0.578,1.70718520178159,-0.588116523397283,0.131514637499861,-0.39770679056303,0.0736181844254366,0.207838603929627,0.137839661984583,0.0699989419450435,0.992896283645605,0.0127594022424229
0.579,1.7079946966898,-0.586955565616207,0.131576576304255,-0.400911845999243,0.073664771712551,0.201492317509695,0.131528979477619,0.0699633380320765,0.992899863044866,0.0127650291953734
0.58,1.71971972229702,-0.56617546267192,0.131636927498917,-0.404154950582051,0.0737114951337862,0.169633240406433,0.0997085196252369,0.0699247207811962,0.992903347457284,0.012852243296766
0.581,1.73155374823799,-0.545197102242048,0.131685334095012,-0.407661818440842,0.0737583701844179,0.141688306591675,0.0718225549575249,0.0698657516341499,0.992906139932952,0.0129403490505432
0.582,1.7396764765935,-0.530992496316018,0.131721757128269,-0.411436900502112,0.073805501991023,0.124042662315982,0.0542565662728719,0.0697860960431099,0.992908239748683,0.0130007988434215
0.583,1.7489993837334,-0.514624052487672,0.131749856035603,-0.415404631313822,0.0738529974951768,0.107052133009722,0.0373605476100614,0.069691585399661,0.992909858878861,0.0130702734018143
0.584,1.76269569916321,-0.490227505329682,0.131768535346209,-0.419591522930519,0.0739009335914717,0.0885128013421201,0.0189326002462786,0.0695802010958415,0.992910934845921,0.0131724942711465
0.585,1.79302999305351,-0.434911216506978,0.131773593289204,-0.424091760831792,0.0739493977895417,0.0698889026639719,0.00044417329066229,0.0694447293733096,0.992911226141452,0.0133991439241883
0.586,1.78989855207566,-0.442345232348332,0.131748613208442,-0.429264187826227,0.0739985152707875,0.0699069469449058,0.00064939478914504,0.0692575521557608,0.992909787278612,0.0133759218085262
0.587,1.77428885364517,-0.473247326031042,0.131727112701316,-0.4343941137412,0.0740485552881971,0.074803645469519,0.00572992178406867,0.0690737236854503,0.992908548403642,0.013259423038006
0.588,1.76683402610675,-0.488381868738964,0.131721370406564,-0.439212334455181,0.0740995013423644,0.0780907899183702,0.00917711034368214,0.0689136795746881,0.99290821745998,0.013203753012055
0.589,1.75233061517654,-0.516457107190001,0.131723038485189,-0.443896064824953,0.0741512301408318,0.0887493885952093,0.0199855125179728,0.0687638760772364,0.992908313598745,0.0130953556691658
0.59,1.73078255068948,-0.557093457340482,0.131738852403389,-0.448295782703173,0.0742036887212872,0.113561363093468,0.0449257519347468,0.0686356111587216,0.992909224903994,0.0129342151775653
0.591,1.75675537088231,-0.510245243033481,0.131775287053158,-0.452265138416865,0.0742567647577963,0.0812952841460634,0.0127553982485257,0.0685398858975377,0.992911323683199,0.0131280551939379
0.592,1.72666727200446,-0.566864043284136,0.131786058410136,-0.456803563896367,0.0743102879138555,0.114358765612424,0.045958234388372,0.0684005312240519,0.992911943933494,0.0129031354801828
0.593,1.75052544888113,-0.523886829531241,0.131825803404188,-0.460730611898959,0.0743644872234492,0.0834360285564908,0.0151287066819026,0.0683073218745882,0.992914231704442,0.0130811458963361
0.594,1.75047702788544,-0.524764116499789,0.131841942093015,-0.465181373922425,0.0744191205128761,0.0816374786645242,0.0134634819416415,0.0681739967228827,0.992915160273546,0.0130806710593012
0.595,1.77731479995506,-0.47599499732051,0.131857903157507,-0.469656905758611,0.0744743988723453,0.0681910417970975,0.000152328391719651,0.0680387134053778,0.992916078399142,0.013281106388549
0.596,1.75983714924388,-0.509941374969474,0.131847303975811,-0.474727626097849,0.074530332943257,0.0725603949678078,0.00470244014174665,0.0678579548260612,0.992915468729012,0.0131505780596937
0.597,1.78976531428214,-0.455289805632195,0.131854051544461,-0.479450696831339,0.0745871631223664,0.0699170895658051,0.00221361670991201,0.0677034728558931,0.992915856863808,0.0133741712822497
0.598,1.80043428109518,-0.436504452228064,0.131831153564508,-0.484838901715134,0.0746447513279111,0.0763589290302951,0.00886064842812351,0.0674982806021716,0.992914539560934,0.0134540609359857
0.599,1.79113657726953,-0.455679545322831,0.131797936772468,-0.490486262672438,0.0747033668285688,0.0718696060014259,0.00459607943160343,0.0672735265698224,0.992912627811266,0.0133848201967091
0.6,1.76986354545009,-0.497213270805314,0.13177448842979,-0.495960247706459,0.0747631148707247,0.0670679131899775,5.95740080259048e-06,0.067061955789175,0.992911277691791,0.0132260169104317
0.601,1.77272448016171,-0.492889639325773,0.131772427477965,-0.501003341770684,0.0748239269510562,0.067132580957825,0.000249794925329016,0.066882786032496,0.992911159002385,0.0132474110092917
0.602,1.76469158641241,-0.508952201660306,0.131767580036211,-0.506135901764391,0.0748856316222078,0.0667269132665119,3.00967244809174e-05,0.066696816542031,0.992910879825484,0.0131874161318919
0.603,1.76765996697821,-0.504351353010762,0.131770695642091,-0.511125102408401,0.074948266153475,0.0666956627549203,0.000174104267562773,0.0665215584873575,0.992911059263767,0.013209576601796
0.604,1.74547202310434,-0.546655809111878,0.131770854216489,-0.516206208618449,0.0750117741970806,0.0698574431128457,0.00351814585904598,0.0663392972537997,0.992911068396376,0.0130437668268527
0.605,1.74978117032919,-0.539349683367207,0.131792666143498,-0.520843242360559,0.0750761942086922,0.0674894776011894,0.00129934528511486,0.0661901323160745,0.99291232437842,0.0130758160602117
0.606,1.72758838124107,-0.580972425865834,0.131809990279938,-0.5255995795312,0.0751413492268679,0.0776627896436674,0.0116309549249151,0.0660318347187523,0.992913321646742,0.012909853418972
0.607,1.74274724836038,-0.553716491342569,0.131848525952632,-0.529916398907215,0.0752072889602314,0.0680542514294867,0.00214808772354001,0.0659061637059467,0.992915539022717,0.0130228633636658
0.608,1.77122031275552,-0.501943541546344,0.131871905736067,-0.534578292784015,0.0752738380974548,0.0697924474513449,0.00403811176611145,0.0657543356852335,0.99291688368407,0.0132354657095583
0.609,1.76769055400538,-0.509519592503128,0.131867123333882,-0.539870404185449,0.075341138187772,0.0690477024623957,0.00349280300686976,0.065554899455526,0.9929166086685,0.0132091233588386
0.61,1.74867626743082,-0.545897225638424,0.131865884449234,-0.545117256362238,0.075409447440397,0.0653610752426482,2.30670758527051e-06,0.0653587685350629,0.99291653742227,0.0130670471689662
0.611,1.75383510677913,-0.537010876737669,0.131883265115471,-0.549989029263826,0.0754787492315886,0.0658289976556886,0.000638566397505929,0.0651904312581827,0.99291753683362,0.0131054748528082
0.612,1.78235241170559,-0.484942488746177,0.131895375705284,-0.554999804910184,0.0755488937460225,0.0836172903047897,0.0186057605198776,0.0650115297849121,0.992918233052882,0.0133184831297202
0.613,1.7690395290899,-0.51110399873885,0.131879248228394,-0.560647015721719,0.0756199393196565,0.074090696748699,0.00930590128749436,0.0647847954612046,0.992917305880694,0.0132191178199882
0.614,1.79122149891043,-0.470614369359634,0.131876509702643,-0.566039557190098,0.0756921479824423,0.0991015193727225,0.0345245961278915,0.064576923244831,0.992917148419724,0.013384891833761
0.615,1.80701634298017,-0.44201389229044,0.13185183468086,-0.571938865287842,0.0757654184094659,0.12834428495678,0.0640131350816392,0.0643311498751403,0.992915729349383,0.0135030970633606
0.616,1.78539946801164,-0.484712755174632,0.131811709650048,-0.578213348277974,0.0758399600152255,0.0972198121557777,0.0331623075593482,0.0640575045964296,0.99291342060842,0.0133418495189453
0.617,1.76961263874554,-0.515569526475967,0.131793765224798,-0.584050257518057,0.0759159285243725,0.0816076874580526,0.0177914733525526,0.0638162141055001,0.992912387655104,0.0132240054593658
0.618,1.76149852196992,-0.531591539161894,0.131791677164668,-0.58958008871179,0.0759931484789462,0.0763550149816652,0.0127575274525845,0.0635974875290807,0.992912267439692,0.0131633847976254
0.619,1.77242493138447,-0.512053597682636,0.131797581253621,-0.594969251301947,0.0760714973361073,0.0894706525314115,0.0260816835549045,0.063388968976507,0.992912607344624,0.0132449941754355
0.62,1.78222707860823,-0.494648259757611,0.131792670453223,-0.600623937554182,0.0761509202823254,0.105768654045899,0.0426080003000952,0.063160653745804,0.992912324626543,0.0133182787646909
0.621,1.8060449281796,-0.4509500330217,0.131778146384551,-0.606522206360017,0.0762315289430669,0.154745491110822,0.0918312397815181,0.0629142513293036,0.992911488342826,0.0134963704137461
0.622,1.79413909616766,-0.475047914589583,0.131740085159786,-0.612968799825885,0.076313426165006,0.134823171591844,0.0721958337938428,0.0626273377980016,0.992909295934589,0.0134076726200705
0.623,1.77079733814355,-0.520410717963558,0.131714487998774,-0.619191223608648,0.076396840946372,0.0993975660242161,0.0370406795932372,0.0623568864309789,0.992907820770565,0.0132334200461757
0.624,1.76169970011716,-0.538239235291529,0.131712361651423,-0.624943832257201,0.0764816845759353,0.0906588762181023,0.0285382747705762,0.0621206014475262,0.992907698203404,0.0131654470888451
0.625,1.74592715721953,-0.568228554618381,0.131719185916674,-0.630536484250957,0.0765677680132183,0.0766327282497429,0.014736949929048,0.0618957783206949,0.992908091554463,0.0130475288424808
0.626,1.75467773625673,-0.552605248859767,0.1317412720342,-0.635828304487292,0.0766550289070154,0.0879792257500517,0.0262866635528768,0.0616925621971749,0.992909364320238,0.0131127679821154
0.627,1.78189914615805,-0.50286181141804,0.131754545912701,-0.64133896825584,0.0767433471378148,0.13424443587159,0.0727713902888271,0.0614730455827628,0.992910129054199,0.0133160999178071
0.628,1.78098195997872,-0.505583185740478,0.131740895231856,-0.647463070751564,0.0768328166466694,0.137608002400808,0.0763995938213855,0.0612084085794229,0.992909342609673,0.013309343048632
0.629,1.78189706725092,-0.504843269997829,0.131728348377707,-0.653603634934228,0.0769236957907696,0.144939732858527,0.0839972809518491,0.0609424519066784,0.992908619615174,0.0133162711074152
0.63,1.78197028520795,-0.505691068336532,0.131715076621733,-0.65980038747918,0.0770159952265037,0.150827806701996,0.090155519230407,0.0606722874715888,0.992907854699338,0.0133169128710485
0.631,1.78591221692431,-0.499269057945332,0.131701923329299,-0.666035564605441,0.0771097422183215,0.165982585595216,0.105583377374373,0.0603992082208431,0.992907096459027,0.0133464654399295
0.632,1.80927669540309,-0.456339289737925,0.13168505599778,-0.672392845293898,0.0772049568418499,0.237354971802465,0.177237798604744,0.0601171731977204,0.992906123895965,0.0135211947514262
0.633,1.81887355558131,-0.439447434715399,0.13164512608614,-0.679293247724951,0.0773016941233358,0.278284728154006,0.218488962441996,0.0597957657120101,0.992903820561153,0.0135932050904133
0.634,1.82069274697448,-0.437513004762959,0.131596132006401,-0.686442849816106,0.0774001853307499,0.294896830047432,0.235440308211985,0.0594565218354468,0.992900992455072,0.0136071574835002
0.635,1.80274728077159,-0.473481159014781,0.131546035039321,-0.693672415057884,0.0775005391551466,0.243397734116724,0.184286015246855,0.0591117188698693,0.992898098508244,0.013473401218319
0.636,1.79528748671552,-0.48889642916471,0.13151469062651,-0.700548076877734,0.0776027939514024,0.229101829435616,0.170309566810509,0.0587922626251071,0.992896286717201,0.0134178731801202
0.637,1.8034803329274,-0.474556189147512,0.131491234118515,-0.707301228053963,0.0777068077156699,0.264465779484784,0.205984275296791,0.0584815041879934,0.99289493030312,0.0134792752446787
0.638,1.81298908254114,-0.457775122106207,0.1314599627365,-0.71427223177221,0.0778125346800551,0.308386358150355,0.250231195481491,0.058155162668864,0.992893121227302,0.013550570751399
0.639,1.81399250363106,-0.457266958765669,0.131419641978441,-0.721491402674368,0.0779200716869331,0.323428099504654,0.265616903637259,0.0578111958673959,0.992890787366747,0.0135583630475334
0.64,1.83601606417274,-0.416677049914848,0.131378913276787,-0.728774108862935,0.0780295287094695,0.428163758064499,0.370700943456713,0.0574628146077858,0.992888428439097,0.0137232733323028
0.641,1.8370335184391,-0.416488038631859,0.131316588843056,-0.736582712324745,0.0781409384608708,0.44720549135673,0.390128166704863,0.0570773246518673,0.992884815895613,0.0137313362465858
0.642,1.84112111503448,-0.410379906669464,0.131254178680786,-0.744457415095305,0.0782545292257576,0.481846481511319,0.425158965443118,0.0566875160682019,0.992881194945176,0.0137623495610528
0.643,1.83481787276066,-0.424405446442537,0.131188571516481,-0.752466929892532,0.0783703355068667,0.466478050710676,0.410189453545086,0.0562885971655902,0.992877384794724,0.013715714439204
0.644,1.8311882311941,-0.43311297135402,0.131130344141977,-0.760380864039691,0.0784884211507192,0.464285296551346,0.408388593363853,0.0558967031874924,0.992874000033758,0.013689008477772
0.645,1.8255336055271,-0.445619942047663,0.131076658596637,-0.768259059241111,0.0786087530945149,0.452588189259247,0.397080613199421,0.0555075760598251,0.992870876625126,0.0136471294635434
0.646,1.81254524706406,-0.472020956732499,0.131029466144004,-0.77605712258762,0.0787313237352666,0.407861642406803,0.352737414217544,0.0551242281892597,0.992868128868807,0.0135503746321739
0.647,1.82101108884118,-0.457247711815599,0.130995960723457,-0.783613994042031,0.0788561069201913,0.461315799393479,0.406558147236177,0.0547576521573025,0.992866176831123,0.0136139083224462
0.648,1.82459882093019,-0.451843165618535,0.130954504549349,-0.791401325750541,0.0789830085529161,0.494603455272463,0.440228247623142,0.0543752076493211,0.992863760197167,0.0136410328290564
0.649,1.82456606588222,-0.453398229833119,0.130910077190317,-0.799313356488798,0.0791121348846175,0.511005187421667,0.457020870422591,0.0539843169990761,0.992861168662775,0.0136411121889641
0.65,1.81638883397699,-0.470505639545186,0.13086634673403,-0.807270977894671,0.0792435475253107,0.486898553294962,0.433308088534546,0.0535904647604162,0.99285861606168,0.0135802939880117
0.651,1.81647860606793,-0.471671621447266,0.130831428021095,-0.815095107559483,0.0793772747147416,0.50393734244358,0.450731497001055,0.0532058454425253,0.992856576587708,0.0135812188885371
0.652,1.82594558517161,-0.455002152974343,0.130796937297011,-0.822967918997939,0.0795132686038061,0.57040962749584,0.517591649175513,0.0528179783203263,0.992854561041982,0.0136522523205274
0.653,1.81393741388833,-0.479422150259265,0.130753518652929,-0.831095927590477,0.0796515593137813,0.525342580269978,0.472929703676594,0.0524128765933835,0.992852022260645,0.0135627845131782
0.654,1.81257586986078,-0.483274248447052,0.130722705366468,-0.839007260763644,0.0797922659960056,0.536047000486174,0.484024468806234,0.0520225316799396,0.99285021951851,0.0135528276733253
0.655,1.8090147101721,-0.491262808495587,0.130693697086963,-0.846936592134171,0.0799353057740156,0.535601716339077,0.483970700911502,0.0516310154275752,0.99284852160212,0.0135264103991481
0.656,1.81530052333798,-0.480546269382666,0.130668641126216,-0.854836115826585,0.080080696516465,0.587303149481614,0.536061628649269,0.0512415208323448,0.992847054416568,0.0135735927762227
0.657,1.79648467162127,-0.517517722400863,0.130637729392431,-0.862921584493391,0.0802284357873263,0.50746046757193,0.456620872481831,0.0508395950900988,0.992845243562861,0.0134331226594143
0.658,1.82427839542598,-0.46629190714204,0.130625831250816,-0.870644073013097,0.0803786146078744,0.676297714880691,0.62583591805313,0.0504617968275605,0.992844546324227,0.013641035636066
0.659,1.79750706455424,-0.518722145657721,0.130586631331769,-0.879020168341256,0.080531087540587,0.547084552991497,0.497044237322643,0.0500403156688535,0.992842248285283,0.0134411349470131
0.66,1.79561373570637,-0.523229598752372,0.130574470986913,-0.886857894852721,0.0806861504033947,0.555976733135323,0.506322318311727,0.049654414823596,0.992841535122128,0.0134270646311041
0.661,1.77372335404308,-0.565205368942519,0.130564342794451,-0.894703923334612,0.0808435822922759,0.465037181090118,0.415769325004,0.0492678560861177,0.992840941036449,0.0132634467362652
0.662,1.77339474231294,-0.566392346464979,0.130575672478052,-0.902125541101996,0.0810033985045603,0.480523665111448,0.431614771121028,0.0489088939904196,0.992841605591439,0.0132609090943175
0.663,1.78833636705719,-0.53928189161374,0.130587159884218,-0.909588939324251,0.0811654267790069,0.573588163997472,0.525041319933965,0.0485468440635073,0.992842279280087,0.0133725558680908
0.664,1.75847407543017,-0.595859375080422,0.130583964398381,-0.917422215130594,0.0813296972979952,0.444084306423755,0.395924034691101,0.0481602717326535,0.992842091890018,0.0131492785391954
0.665,1.72718266725753,-0.653682747291391,0.130609712347766,-0.924662288632474,0.081496384561976,0.328916189827856,0.281104331773992,0.0478118580538647,0.992843601543679,0.01291511401269
0.666,1.73716771766439,-0.635570980420321,0.130664871939815,-0.931288424027438,0.0816652425940462,0.3821326399441,0.334630131095249,0.0475025088488514,0.992846833658088,0.0129893945518485
0.667,1.74098128141091,-0.628684526000763,0.130709838969015,-0.938170687938711,0.0818360158624937,0.413566311112809,0.366390492049291,0.0471758190635183,0.992849466513863,0.0130175967195218
0.668,1.72579850114378,-0.656412901394001,0.130750567637955,-0.945181499527622,0.0820088296273117,0.365719508314864,0.318879316451435,0.0468401918634292,0.992851849647269,0.012903791474537
0.669,1.7410316044124,-0.62879768338053,0.130805136566022,-0.951922400339145,0.082183753277267,0.445624806066885,0.399103527012055,0.0465212790548304,0.992855040281654,0.0130173093281755
0.67,1.7288368399573,-0.651099065897201,0.130844513356285,-0.959029879330343,0.0823606807702246,0.408521834411918,0.362343759892328,0.0461780745195907,0.992857340981681,0.0129258594596718
0.671,1.7070911419655,-0.690370251610795,0.130894941995214,-0.965930819298466,0.0825397878909231,0.335903117728503,0.290055617531533,0.0458475001969697,0.992860285395622,0.0127629307516915
0.672,1.71082745530887,-0.683328913489854,0.130965171501919,-0.972427764651748,0.0827209965045881,0.364627330724779,0.319085390354725,0.0455419403700534,0.992864382159532,0.0127903843980922
0.673,1.71576414725874,-0.674164163496792,0.131030968717151,-0.979050114838831,0.0829041410402998,0.399935489454111,0.354707914609094,0.0452275748450168,0.992868216385863,0.012826840224848
0.674,1.70677072201251,-0.690085415251661,0.131091245904037,-0.985823412298921,0.0830892907244982,0.378490966407671,0.333588113738537,0.0449028526691335,0.992871725563338,0.0127591949744154
0.675,1.70262340050137,-0.697140979910748,0.131159181922265,-0.992459910571621,0.0832765265959136,0.377057162400492,0.332471084099819,0.0445860783006728,0.992875676751379,0.0127277284346852
0.676,1.68727203129422,-0.724147047875564,0.131230111511365,-0.999060162823566,0.0834658012931487,0.332227690756083,0.287956856471419,0.0442708342846636,0.992879797681469,0.0126124926630867
0.677,1.68141873797151,-0.733909744311471,0.1313144459831,-1.00539440117182,0.0836571124248467,0.324610563841093,0.280639035403879,0.0439715284372141,0.992884691626931,0.0125681716236029
0.678,1.68404384193098,-0.728599041663599,0.131403127662554,-1.01165804908302,0.0838503546864168,0.348548283337303,0.304872506105878,0.0436757772314251,0.992889831065756,0.0125871962236453
0.679,1.6545249325459,-0.780214544022948,0.131488226025127,-1.01802361449181,0.0840455102383353,0.258422986811152,0.215050258516894,0.0433727282942579,0.992894756319787,0.0123659972671879
0.68,1.64987257612513,-0.787333432946435,0.131599485942088,-1.02383942688392,0.0842426391978655,0.255623176501407,0.212520150697899,0.0431030258035088,0.992901186122869,0.0123304910774489
0.681,1.63860195793029,-0.805883674520705,0.131713612389731,-1.02960979399627,0.0844415082997131,0.232843468271304,0.190008365982284,0.0428351022890207,0.992907770299086,0.0122455109308508
0.682,1.61329278500825,-0.848438461341026,0.131836603716026,-1.03520327217355,0.08464211088525,0.174866231843887,0.13228911236382,0.0425771194800668,0.992914853145383,0.0120555781137658
0.683,1.62264066664535,-0.831134181645403,0.131980967445649,-1.04034416022201,0.0848443806790502,0.208160931280643,0.165814874610792,0.0423460566698506,0.992923149948406,0.0121244945931607
0.684,1.61356364279084,-0.845381363276055,0.132115170253487,-1.04571306115179,0.0850481263537999,0.193985158591385,0.151885620314357,0.0420995382770284,0.992930846525185,0.0120558042007981
0.685,1.59243784366866,-0.880018186174209,0.132255949365926,-1.05095074725389,0.085253466024981,0.15231981864902,0.11045983404655,0.0418599846024694,0.992938903468658,0.0118970652340668
0.686,1.59980512120991,-0.866015578807873,0.132413992449405,-1.05582383539258,0.0854603536382658,0.177681653132854,0.136039906362212,0.0416417467706421,0.992947928036139,0.0119510946367174
0.687,1.60069639905382,-0.862986794394921,0.132563582648972,-1.06088380521094,0.085668636416374,0.189125499793759,0.147714878050712,0.0414106217430469,0.992956450104792,0.011956794994863
0.688,1.57898807871008,-0.898330983949764,0.132710598032766,-1.06600675093122,0.0858784142071527,0.147100962618188,0.105926592335444,0.0411743702827437,0.992964806768838,0.0117937108208316
0.689,1.58002160069897,-0.894894580318715,0.132875318573541,-1.07075704278667,0.0860897299783858,0.157338137824917,0.116378293716658,0.0409598441082588,0.992974147864816,0.0118003893114076
0.69,1.55837044143973,-0.929567892549104,0.133037206937864,-1.07557194445848,0.086302426148439,0.120857410810915,0.0801173734198743,0.0407400373910403,0.992983305813335,0.011637678527903
0.691,1.56692125208796,-0.913509733221175,0.133216456113706,-1.08001987291371,0.0865165464454269,0.14460381754139,0.10406231868517,0.0405414988562204,0.992993419888407,0.011700411231854
0.692,1.52225355744312,-0.986300842259779,0.133386083485194,-1.0846728707025,0.0867319349462963,0.0766035662961039,0.0362746087413607,0.0403289575547432,0.993002966022606,0.0113658386991499
0.693,1.51344905035263,-0.998442208927654,0.133593045194819,-1.08852952966692,0.0869487009763397,0.0705385114685346,0.0303748048640713,0.0401637066044633,0.993014580391953,0.0112988473332858
0.694,1.52559245812131,-0.976578601251427,0.133805383562126,-1.09226676853689,0.087166489993064,0.0900163780862847,0.0500120088354147,0.04000436925087,0.993026459150011,0.011388209728897
0.695,1.51206148239554,-0.996546843898644,0.13400485704206,-1.09626800286428,0.0873852593445158,0.0769315873884132,0.0371042877286463,0.0398272996597669,0.993037583919916,0.0112859975280156
0.696,1.50730993071908,-1.00202327736726,0.134213951124193,-1.10006311262938,0.0876051463031541,0.0754692894615627,0.0358077875575313,0.0396615019040314,0.993049209738452,0.0112492713602704
0.697,1.51761935536512,-0.983081992404493,0.134424919447459,-1.10381359056286,0.087826067451863,0.093713628075938,0.0542165799830425,0.0394970480928954,0.993060903111489,0.0113249314045334
0.698,1.52310806447832,-0.971946722393631,0.134624600276014,-1.10779377371588,0.0880480148638254,0.107857336696887,0.0685403013829308,0.0393170353139557,0.993071937090623,0.0113646732583963
0.699,1.50055516986148,-1.00681001213488,0.134817261976973,-1.11191724126705,0.0882711104767525,0.0800990965690435,0.040972236988947,0.0391268595800964,0.99308255222413,0.0111952384011074
0.7,1.46916095171713,-1.05532338534359,0.135027635288109,-1.11567020257885,0.088495435584875,0.0524431950075454,0.0134851593255547,0.0389580356819907,0.993094108621792,0.010959778297065
0.701,1.46700549862078,-1.05623989804452,0.135262950617176,-1.11889845118937,0.0887208283926028,0.0533326873035887,0.0145128221153415,0.0388198651882472,0.99310699256199,0.0109423180197061
0.702,1.45952733047583,-1.06559700201208,0.13549768675228,-1.12212871360204,0.0889470537994604,0.0504731006875445,0.0117929482483811,0.0386801524391635,0.993119800204942,0.0108851683356818
0.703,1.48179643031038,-1.02780799700294,0.135736428475544,-1.12526689594988,0.0891741253980365,0.0735324812897388,0.0349877961672649,0.0385446851224739,0.993132780962112,0.0110498364217706
0.704,1.46699724686075,-1.04920960045784,0.135953415447515,-1.12883823001267,0.0894020117928553,0.0617004981798318,0.0233194532991648,0.038381044880667,0.993144539332033,0.0109382048302347
0.705,1.44146481999501,-1.08744307847026,0.136181020041741,-1.13218663283887,0.0896309344848433,0.0455801864770883,0.00735045771034218,0.0382297287667461,0.993156832797305,0.0107465179617952
0.706,1.45211320377242,-1.0680628834067,0.136428299042341,-1.13512484727062,0.089860799435858,0.0545844375993597,0.0164823098611328,0.038102127738227,0.993170142433648,0.0108244682925487
0.707,1.44392481411401,-1.07844930039678,0.136663913809228,-1.13828770688403,0.090091422604536,0.0510594357755935,0.013100147621747,0.0379592881538464,0.993182779439524,0.0107620688475395
0.708,1.42783890567905,-1.10120710421341,0.136904208574782,-1.14134710820002,0.0903229252101864,0.0437059272557445,0.00588447914355093,0.0378214481121936,0.993195622651704,0.0106408026240152
0.709,1.42629410616105,-1.10089747707943,0.13715592327396,-1.14416626285502,0.0905552696614934,0.0445220165223751,0.00682503452204033,0.0376969820003348,0.993209027972474,0.0106278541093254
0.71,1.42244883817654,-1.10418518889903,0.137406463072643,-1.14699750789073,0.0907883519789216,0.0442400176506397,0.00666960860668673,0.0375704090439529,0.993222321951688,0.0105977760503898
0.711,1.44879252713989,-1.06024595762919,0.137657822454762,-1.14980130806023,0.0910221901794994,0.0665749596415263,0.0291307847523947,0.0374441748891315,0.993235610790817,0.0107925897192202
0.712,1.40065945142485,-1.13445055707942,0.137883758775409,-1.15309726705031,0.0912567829755485,0.0385469437966434,0.00126084390151074,0.0372860998951327,0.993247514218634,0.0104327628516917
0.713,1.39952393814455,-1.13334188217077,0.138149099052723,-1.15559652340646,0.0914923850336343,0.0389677884474244,0.00179251641858372,0.0371752720288406,0.993261443926476,0.0104228196205269
0.714,1.40126782753414,-1.12777951358568,0.138412845881735,-1.15811411605938,0.0917286219588682,0.0403860445835179,0.00332407046967119,0.0370619741138467,0.993275237055277,0.0104343287488674
0.715,1.40530255576509,-1.11866688119876,0.138672545872787,-1.16069870309735,0.0919655145274412,0.0433131646109253,0.006369948864051,0.0369432157468743,0.993288767281179,0.0104629129136029
0.716,1.41728971614907,-1.0971514509154,0.138926241333663,-1.16338926251196,0.0922031075517983,0.0526071673719646,0.015790564989679,0.0368166023822856,0.99330193583012,0.0105507227966107
0.717,1.41775179029384,-1.09366500359408,0.1391670093145,-1.16632141190283,0.0924414652846673,0.0556400017867922,0.0189662539071953,0.0366737478795969,0.993314388949466,0.0105527972159287
0.718,1.4221941648672,-1.08390165031339,0.139404978664117,-1.1693002877705,0.0926807197732421,0.0626841016580692,0.0261573415433837,0.0365267601146855,0.993326655047885,0.0105845095300994
0.719,1.41459072900505,-1.09323990166994,0.139636655234438,-1.17239415040932,0.092920906295184,0.0588060745603473,0.0224346361024494,0.0363714384578979,0.993338556621676,0.0105266109603447
0.72,1.40018258153418,-1.11324841485675,0.139872737068729,-1.1753969488375,0.0931620943279272,0.0500275033437991,0.0138069803912454,0.0362205229525537,0.993350643942796,0.0104180711719728
0.721,1.39639772016208,-1.11634491884791,0.140119165253815,-1.17819318807451,0.0934042505664727,0.0497309421206647,0.0136498401178633,0.0360811020028013,0.993363217546375,0.0103885334296508
0.722,1.39605275731635,-1.11403616734357,0.140366507677533,-1.18096372979148,0.0936472838672726,0.0518977673226958,0.0159557243723326,0.0359420429503632,0.993375793402958,0.0103845858582182
0.723,1.42059849372268,-1.07271070662338,0.140611741980935,-1.1837665467495,0.0938911931899384,0.0796560009167297,0.0438562222911355,0.0357997786255941,0.993388218395477,0.0105657766343502
0.724,1.40213900064672,-1.09950275087072,0.140832711156767,-1.18702219414732,0.0941360066237752,0.062822367565764,0.0271941542860755,0.0356282132796885,0.993399376914736,0.010427243857655
0.725,1.37592822500732,-1.13810264497015,0.141067986755145,-1.19000178030906,0.0943819661935547,0.0450193752942473,0.00954688696876837,0.0354724883254789,0.993411219455228,0.010231028101573
0.726,1.37781838226881,-1.13222986100271,0.141324125382177,-1.19257801218701,0.0946289448957576,0.0482252466866843,0.0128849173540388,0.0353403293326455,0.993424067300641,0.0102436711469121
0.727,1.3841281020478,-1.11947705408512,0.141576153571687,-1.19522290224528,0.0948767511564346,0.0554654503807692,0.0202627115116437,0.0352027388691255,0.993436663592194,0.0102891866854287
0.728,1.35520581470873,-1.16193039817303,0.141820175202578,-1.19801022454087,0.095125431573139,0.0396446275911801,0.0045894523429902,0.0350551752481899,0.99344881705955,0.0100728644133596
0.729,1.34529884846997,-1.17413985358452,0.142087329103468,-1.20035414594312,0.0953750706446417,0.0373518173660688,0.00241819284026996,0.0349336245257988,0.993462074758462,0.00999779110685944
0.73,1.35981924431576,-1.14887289439935,0.142360629102332,-1.20257262533584,0.0956254547939029,0.0449466235482292,0.0101280147497043,0.0348186087985249,0.993475585972712,0.0101042150621813
0.731,1.3457069402861,-1.16773459133945,0.142618667753032,-1.20506301324264,0.095876531163525,0.0395706510784241,0.00488509359866895,0.0346855574797551,0.993488295180743,0.00999796379825034
0.732,1.34424249967418,-1.16693016914877,0.142886698502121,-1.2073590228871,0.0961284513635486,0.040282858673278,0.00571953943834585,0.0345633192349322,0.993501447927043,0.00998564250633445
0.733,1.35216107948552,-1.15170782932981,0.143153530768852,-1.20966726282711,0.0963811269076681,0.0461723602948589,0.0117331927242215,0.0344391675706375,0.99351449293895,0.0100430221050977
0.734,1.34207790806564,-1.16430706831164,0.143410888577387,-1.21214002149117,0.0966345753492057,0.0422807343313636,0.00797704913682584,0.0343036851945377,0.993527028770829,0.00996674892318207
0.735,1.34198809213001,-1.16139020372945,0.143674771187352,-1.2144850145822,0.0968888933878573,0.04398551992434,0.00981055656533287,0.0341749633590072,0.993539835792075,0.00996466540874822
0.736,1.32452090277263,-1.18528225726854,0.14393628631466,-1.21686455699057,0.0971440261088212,0.0375078588670512,0.00346487213638281,0.0340429867306684,0.993552481583317,0.00983358074261597
0.737,1.30574611782178,-1.21079681345096,0.14421081188953,-1.21899801004264,0.0974000027316152,0.0341582505230779,0.000233198969807013,0.0339250515532709,0.993565707162331,0.00969275811148344
0.738,1.30575289408977,-1.20759757676337,0.144499274521569,-1.22086735429314,0.0976567064250169,0.0344315530251949,0.000609300622001664,0.0338222524031933,0.993579550030192,0.00969130176911649
0.739,1.286877122009,-1.23290464735451,0.144785170880181,-1.22277095667218,0.0979140104357082,0.0340708356100863,0.00035463468468801,0.0337162009253983,0.993593215320873,0.00954973408002464
0.74,1.27952321395181,-1.24061812587605,0.14508493911416,-1.22441220052457,0.0981719434420373,0.0345302993746912,0.000905097448781764,0.0336252019259095,0.993607485821026,0.00949362752124903
0.741,1.29151470993681,-1.21954090018464,0.145388461508967,-1.22597262922672,0.0984303786240292,0.033680345559565,0.00014226417296612,0.0335380813865989,0.993621875081274,0.00958103233271876
0.742,1.28131022746004,-1.23164506935958,0.145678943849317,-1.22775124587906,0.0986892837842604,0.0334883015549705,5.20386162091526e-05,0.0334362629387613,0.993635589992783,0.00950384213696178
0.743,1.25727846715059,-1.26427570668513,0.145975794089658,-1.22940467636276,0.0989487850599351,0.0375061392393867,0.0041650355914389,0.0333411036479478,0.993649549168503,0.00932409884666816
0.744,1.22967290119034,-1.30148055019223,0.146290873067647,-1.23072094895823,0.0992088266108203,0.0503785743392098,0.0171128965936231,0.0332656777455866,0.993664303561593,0.00911782352031172
0.745,1.22408299875197,-1.3061269544032,0.146626816048242,-1.23165198699181,0.0994692404355373,0.0521266960350638,0.0189137325641101,0.0332129634709537,0.993679965118584,0.00907473041927245
0.746,1.20563583413695,-1.32920609894997,0.146964760620194,-1.2325305500476,0.0997298324754627,0.0649597334014685,0.0317972883980254,0.0331624450034431,0.993695647747256,0.00893634274605937
0.747,1.21431960762911,-1.31345056709855,0.147315477905463,-1.23316760201272,0.0999905842050351,0.0550019029543429,0.0218760261128462,0.0331258768414967,0.993711847022336,0.00899900456772152
0.748,1.2062187371868,-1.32161774497165,0.147656147343094,-1.23396017319097,0.100251376184372,0.0590979236804633,0.0260194039623364,0.0330785197181269,0.993727508518989,0.00893732745115022
0.749,1.19335742077031,-1.33650246781783,0.148000945453696,-1.23466387418864,0.100512301291549,0.0680729600496167,0.035037273311257,0.0330356867383597,0.993743286406485,0.00884038726000981
0.75,1.20287503612361,-1.31959087881348,0.148353841671471,-1.23521006929539,0.10077332090509,0.0569987812773521,0.0239970901147805,0.0330016911625717,0.993759358916943,0.00890919575835037
0.751,1.22349823796532,-1.28670612105706,0.148695970921839,-1.23592194276134,0.101034359251378,0.0416284119570464,0.00867216760878945,0.0329562443482569,0.99377486821734,0.00906026887006083
0.752,1.19774850842888,-1.32078852472554,0.149017702869836,-1.23696282701671,0.101295515112514,0.0564658299905544,0.0235768887221037,0.0328889412684507,0.99378938789995,0.00886804514206378
0.753,1.2058556474192,-1.30576233098283,0.149358970666284,-1.23765532769384,0.101556977094084,0.0483707028980492,0.0155282400391288,0.0328424628589203,0.993804720864512,0.00892642374627108
0.754,1.20557661317706,-1.30273397755337,0.149690604654373,-1.23849387535354,0.101818565968788,0.0465701487534652,0.0137844012995135,0.0327857474539517,0.993819554007354,0.00892275893668181
0.755,1.21805573133764,-1.28129002392445,0.150019840897541,-1.23935764430036,0.102080370401135,0.0385867604665749,0.00586030637820687,0.0327264540883681,0.993834215034377,0.00901351574262263
0.756,1.19884277514083,-1.30598097146832,0.150335562233747,-1.24043239949122,0.102342413024276,0.0469428497419027,0.0142900828799135,0.0326527668619891,0.9938482139213,0.00886982739060416
0.757,1.19936345217689,-1.30179350590197,0.150665508507483,-1.24125568086281,0.102604818816279,0.0447561217083187,0.0121621341764801,0.0325939875318386,0.993862780838785,0.00887209679978506
0.758,1.18971496849407,-1.31230934301285,0.150992387520892,-1.24211547231949,0.102867459098367,0.0488479182627089,0.0163159864010829,0.032531931861626,0.993877149560857,0.0087991681337038
0.759,1.19948676899459,-1.29481720170013,0.151325078711031,-1.24286496351097,0.103130362671107,0.0413939322863211,0.00891800313554499,0.0324759291507761,0.993891710029046,0.00886984443303265
0.76,1.22484007456483,-1.25457641400219,0.151646605437971,-1.24378336243958,0.103393477352657,0.0327922787731355,0.000384083645317443,0.032408195127818,0.993905721169215,0.00905574923846999
0.761,1.2115919490352,-1.2709017341078,0.151942952393652,-1.24509878131283,0.10365690552264,0.0345049513015583,0.00219092877442135,0.032314022527137,0.993918582538733,0.00895636416095029
0.762,1.18649910510046,-1.30446618881811,0.152248766556378,-1.24624931891952,0.103920878006842,0.043359909269463,0.0111304807830237,0.0322294284864393,0.993931802288988,0.00876942073971661
0.763,1.19739959464181,-1.28526853966673,0.152574407348552,-1.2470643201901,0.104185312152289,0.0369483336563771,0.00478311668117297,0.0321652169752041,0.99394582084651,0.00884842662308698
0.764,1.19585056356851,-1.2841145919707,0.152887807952388,-1.24806397439529,0.104450030547331,0.0363385755098187,0.00425032919555464,0.0320882463142641,0.993959256082006,0.00883548062333775
0.765,1.19580591984231,-1.28076260904319,0.153200085519356,-1.24907034089352,0.104715145301535,0.0352880143490628,0.00327806559985114,0.0320099487492117,0.993972588500131,0.00883365708200108
0.766,1.21223769110111,-1.25326736147474,0.153509903844156,-1.25010507762745,0.104980668680878,0.031961515003384,3.25713158579974e-05,0.031928943687526,0.993985762319184,0.00895353956322002
0.767,1.19455724038211,-1.27621958538411,0.153802319204496,-1.25140629146881,0.105246625118004,0.0338314771838419,0.00200159385798614,0.0318298833258558,0.993998147458554,0.00882155522708362
0.768,1.20820299314388,-1.25275434033498,0.154108434912743,-1.25247963197752,0.105513174142774,0.031744769717545,2.44842800782906e-07,0.0317445248747442,0.994011062515389,0.00892084685583007
0.769,1.20592680587765,-1.25277378811849,0.154399633565053,-1.25377889977508,0.105780196105951,0.0316470054287844,3.27154093204818e-06,0.0316437338878524,0.994023300691134,0.00890263581928583
0.77,1.20025920133939,-1.25784406407107,0.154690538727157,-1.25507478416477,0.106047828067385,0.0315671109237356,2.47879128955886e-05,0.03154232301084,0.994035480526293,0.00885939864084534
0.771,1.186206190295,-1.27533631674827,0.154984282077559,-1.25631800421983,0.10631607668692,0.0326103441467003,0.0011668803009604,0.0314434638457399,0.994047732798481,0.00875427626316483
0.772,1.16892122374599,-1.29734776668651,0.155288523965141,-1.25738767117891,0.106584920540337,0.036496328231583,0.00514142704239592,0.031354901189187,0.994060374105787,0.00862528958409991
0.773,1.1727955060105,-1.28827872197191,0.155606042975823,-1.25823946225252,0.10685426931014,0.0341789612229684,0.0028994925493653,0.0312794686736031,0.994073514364379,0.00865238777644362
0.774,1.14143430891216,-1.33063355596991,0.155917571575689,-1.25917373117951,0.107124007088622,0.047573539197542,0.016375660893985,0.0311978783035569,0.994086354700794,0.00841959580906211
0.775,1.12897147378033,-1.34489245955764,0.156254882774368,-1.25969465144538,0.107394189374941,0.0543689039484707,0.0232270069845268,0.0311418969639439,0.994100199992188,0.00832614256907774
0.776,1.11826312589882,-1.35650485178942,0.156600715293832,-1.26007092832217,0.107664588454551,0.0607861671567137,0.0296917596380019,0.0310944075187117,0.994114333126616,0.00824562178558033
0.777,1.09492988722485,-1.38568353301087,0.156953437834781,-1.26032763366709,0.107935128879593,0.0811135792175686,0.0500597556736219,0.0310538235439467,0.994128683679725,0.00807202705784693
0.778,1.09910065251153,-1.3764172711213,0.157323949084275,-1.2602963469848,0.108205749242544,0.0738854598532561,0.0428544703486106,0.0310309895046456,0.994143688670284,0.00810114579971538
0.779,1.08750901432208,-1.388926066659,0.157688232381395,-1.26034442410891,0.108476291107784,0.0834260425361892,0.0524238193021677,0.0310022232340215,0.994158372695932,0.00801412261790759
0.78,1.06107729428784,-1.42165415518495,0.158060017437033,-1.26026371528324,0.108746807750555,0.113376564371268,0.0823955182152385,0.0309810461560298,0.99417328932253,0.00781776277175405
0.781,1.04133251557945,-1.44459801197329,0.158451910206959,-1.25986194183751,0.109017231483987,0.138670040927019,0.10769013628374,0.0309799046432796,0.99418893692292,0.00767065561961868
0.782,1.02286847584205,-1.46541848167612,0.15885785235011,-1.25923121147745,0.10928738323905,0.164801859295074,0.133808904511323,0.0309929547837511,0.994205064085872,0.00753298504950081
0.783,1.04822827382336,-1.42890058451598,0.159276542911966,-1.25839131289881,0.109557136407888,0.12228608694347,0.0912670854599314,0.0310190014835384,0.9942216115963,0.0077179934880381
0.784,1.0243580721978,-1.45723293668941,0.159671265850461,-1.25788624033133,0.109826375314969,0.15546260294719,0.124440377976644,0.0310222249705459,0.99423713238463,0.00754062237729459
0.785,1.01866572379761,-1.4611289287001,0.160083561727973,-1.25710291999105,0.110095304646472,0.161058271035941,0.130015261343574,0.0310430096923675,0.994253262426162,0.00749703924127799
0.786,1.0388622693014,-1.43123022030122,0.160498000424105,-1.25627044730804,0.110363767869686,0.126428757524161,0.0953623163059309,0.0310664412182304,0.994269392781483,0.00764395688665565
0.787,1.003613076706,-1.47469886900044,0.160892691769045,-1.25570744977123,0.110631741988155,0.180106148428503,0.149034866558341,0.0310712818701622,0.994284677296372,0.00738300857602468
0.788,0.991051320623452,-1.48737706678999,0.161314617385858,-1.25472737065355,0.11089939363265,0.19886789376398,0.167764961382613,0.0311029323813673,0.994300933751663,0.00728892630660313
0.789,0.953564601119018,-1.53177722969418,0.161744362651751,-1.25361582676719,0.111166483945854,0.270328142699189,0.239185356477938,0.0311427862212516,0.994317404306368,0.007011582014331
0.79,0.954209071212415,-1.52745886790456,0.162202009748285,-1.25207909764868,0.111432940643108,0.264974381731103,0.233764112984366,0.0312102687467369,0.994334848276221,0.00701457405341659
0.791,0.924265911043905,-1.56101066777368,0.162656524765673,-1.25056776802612,0.111698518755248,0.327528148314815,0.296252468637565,0.0312756796772499,0.994352075707134,0.00679277576415216
0.792,0.931781362555482,-1.5484748904257,0.163132244585251,-1.24873207177237,0.111963238545021,0.3067394636597,0.275377064671256,0.031362398988444,0.994370004041553,0.00684623655989819
0.793,0.921642848259818,-1.55729821832301,0.163599430902357,-1.24699694774351,0.112226912674595,0.325718363730233,0.294276324777446,0.0314420389527866,0.994387509299486,0.00677002180419634
0.794,0.93496518047514,-1.53773315048386,0.164072076552668,-1.24516530664975,0.112489606414405,0.292376554339821,0.260848600944792,0.031527953395029,0.994405117671385,0.00686611472914096
0.795,0.955809775033465,-1.5086429474695,0.164531491275839,-1.24349855189581,0.112751266551926,0.245243936344784,0.213641625560537,0.0316023107842467,0.994422136168307,0.00701743496961865
0.796,0.922588988899894,-1.54690992932651,0.164971264398538,-1.24208454862221,0.113011997620071,0.313279205251088,0.281620296299143,0.0316589089519451,0.994438338269723,0.00677190922312341
0.797,0.92713952711273,-1.53786974307369,0.165435652421131,-1.2403082195467,0.113271958250704,0.299344932790546,0.267605135253162,0.0317397975373839,0.994455353725965,0.00680358848668852
0.798,0.927212234377167,-1.53427634967531,0.165893800492969,-1.2385991102816,0.113530936013413,0.295312771073421,0.263496977089251,0.03181579398417,0.994472047195083,0.00680242282931958
0.799,0.924106400014791,-1.53459416517637,0.166349343310618,-1.2369075766188,0.113788976193649,0.298249361201313,0.266359046700804,0.0318903145005096,0.994488554567764,0.00677795322895179
0.8,0.911681721168937,-1.54637328298877,0.166804894452363,-1.23519811984685,0.114046093839562,0.322215049052018,0.290249223424477,0.0319658256275404,0.99450497207661,0.00668516187625666
0.801,0.919168026525647,-1.53377814877936,0.167268070530705,-1.23336728362006,0.114302282305514,0.301816174249678,0.269766631549652,0.0320495427000267,0.99452157269569,0.00673835436304333
0.802,0.907410286667989,-1.54474444124382,0.167722589945603,-1.23163486424786,0.114557471869115,0.324387327223734,0.292261189260155,0.0321261379635784,0.994537773919874,0.00665050947965088
0.803,0.899890379768667,-1.55041774294457,0.168184263016965,-1.22978892062513,0.114811727089136,0.337836102386578,0.305625627088481,0.0322104752980968,0.994554140488167,0.00659373343687939
0.804,0.894990898633874,-1.55287636180465,0.168649582184623,-1.22787680450732,0.115064982548518,0.345447761076309,0.313148455143623,0.0322993059326853,0.994570545642353,0.00655616782461641
0.805,0.873631181844591,-1.57520115561892,0.169116407232272,-1.22592722834631,0.115317201513051,0.393066109957508,0.36067546097076,0.032390648986748,0.994586913172023,0.00639806798787805
0.806,0.899716706521756,-1.5409294718766,0.169598031730845,-1.22376372934928,0.115568364698411,0.329063267736698,0.296566260841245,0.0324970068954534,0.994603705156278,0.00658737292200843
0.807,0.889763005475911,-1.54960507646589,0.170055893478186,-1.22189061719084,0.11581834456963,0.348351351840962,0.315769023411448,0.0325823284295135,0.994619580453539,0.00651286627228706
0.808,0.852207841657068,-1.59160199523657,0.170519524824633,-1.21992535585157,0.116067326392889,0.437740697187934,0.405066588141719,0.0326741090462158,0.994635568926618,0.00623639042841182
0.809,0.835474560180989,-1.60764410980052,0.171011127807429,-1.21757563262285,0.116315256748105,0.477657238494932,0.444864082350954,0.0327931561439779,0.994652427313817,0.00611229469428404
0.81,0.80999913373434,-1.63337841249707,0.17151350238689,-1.21506851954566,0.116561903248225,0.543038463350114,0.510114842580449,0.0329236207696648,0.994669555247352,0.00592428991644621
0.811,0.807307639164561,-1.63302998949753,0.172033182889773,-1.2123195967779,0.116807171598058,0.547499291337978,0.514427599283887,0.033071692054091,0.994687167945147,0.00590292630236977
0.812,0.81343852190467,-1.62288260136951,0.172552530780709,-1.2095567307281,0.117050915307853,0.528253735447629,0.495032656341025,0.0332210791066033,0.994704663382939,0.00594606467288047
0.813,0.81555395008125,-1.61715920098685,0.17306475944359,-1.20686570437729,0.117293128504451,0.519717384773362,0.486351912143528,0.0333654726298335,0.994721816138565,0.00595985700791361
0.814,0.810994869707718,-1.61895446746878,0.173572950213383,-1.20420774757081,0.117533859141436,0.529019354729232,0.495511660816562,0.0335076939126703,0.994738733634644,0.00592489186908956
0.815,0.830603661555792,-1.59352756074458,0.174082332716936,-1.20151744834609,0.117773130764706,0.475029732612184,0.441377151329157,0.0336525812830275,0.994755591682437,0.00606645560057884
0.816,0.843304926975875,-1.57545430255179,0.174573734256775,-1.19903159150859,0.118010925725583,0.439611045729863,0.405828683198966,0.0337823625308977,0.994771761417848,0.00615756385492979
0.817,0.852474698471091,-1.56125197413518,0.17505238609632,-1.19668589917682,0.118247376719995,0.413526471831177,0.379624711134794,0.0339017606963826,0.994787424340221,0.00622288666755224
0.818,0.853114322042644,-1.55707145587987,0.17552103106355,-1.19444669916463,0.118482575498295,0.408602854786121,0.374589624348724,0.0340132304373977,0.994802677041374,0.0062259565546612
0.819,0.846432462177588,-1.56165828631822,0.175986759320751,-1.19222755997312,0.118716592441224,0.421877041456304,0.387753777882576,0.0341232635737283,0.994817754336408,0.00617561607341078
0.82,0.840301474627368,-1.56555763930403,0.176455742937157,-1.18995336041563,0.118949442910645,0.433993803258703,0.399756256075846,0.034237547182857,0.994832856594211,0.00612930771303274
0.821,0.859892602557757,-1.53892162597892,0.176927514739779,-1.18762998836307,0.119181094523974,0.383102498080691,0.348746815441144,0.034355682639547,0.994847967858641,0.00627058617600736
0.822,0.859839428804763,-1.53555975775033,0.177380248469752,-1.18551861445171,0.119411518486556,0.379842162570332,0.345384570883318,0.034457591687014,0.99486239373534,0.00626864130433621
0.823,0.873490505699834,-1.51547778782378,0.177830677781943,-1.18342032852185,0.119640853685363,0.344578608152959,0.310020064179406,0.0345585439735526,0.994876673291285,0.00636659041094
0.824,0.879107147008765,-1.50505503337915,0.178266791618603,-1.1814773676818,0.11986911092042,0.328315498855027,0.293668003971704,0.0346474948833231,0.994890430259499,0.00640599473372531
0.825,0.887396596643846,-1.49121364009989,0.178695568305362,-1.17960760257238,0.120096392708675,0.306417189381212,0.271686431690552,0.0347307576906603,0.994903890317575,0.00646487741655268
0.826,0.915479944138435,-1.45213068183157,0.179114542137654,-1.17783995451849,0.120322748556545,0.244826395989013,0.210020365158614,0.0348060308303982,0.994916980396648,0.00666793646898538
0.827,0.903877805588284,-1.463868196329,0.179505218739756,-1.17638849328395,0.1205482467594,0.265057386018649,0.23020104998364,0.0348563360350089,0.994929131325425,0.00658201931188171
0.828,0.922192472905893,-1.43662514840077,0.1799045084546,-1.17482484850257,0.1207730957756,0.22540349011294,0.190488269625776,0.0349152204871643,0.994941495610143,0.00671391344909247
0.829,0.917206903087541,-1.43975965185658,0.180284204034762,-1.17347627410674,0.120997225771047,0.231609952927991,0.196652939300759,0.0349570136272324,0.994953202345963,0.00667622355886692
0.83,0.908953234655985,-1.447201712167,0.18066642798216,-1.1720880468588,0.121220779259825,0.244469355437298,0.209467607470462,0.0350017479668361,0.994964937336898,0.00661475654081551
0.831,0.915929473882252,-1.43456906851737,0.181054284229032,-1.17062425313085,0.121443732869907,0.227444468268115,0.19239220399032,0.0350522642777953,0.994976794601916,0.00666410396986606
0.832,0.940179591939715,-1.39892727751323,0.181433220839797,-1.16925208047229,0.12166603988655,0.180467598073115,0.145372208826003,0.0350953892471113,0.994988330222154,0.00683911748938387
0.833,0.937110994447925,-1.39963436996191,0.181786228065313,-1.16816398273345,0.121887762315926,0.182482542371106,0.14736688453771,0.0351156578333964,0.99499903322907,0.00681547246374641
0.834,0.933935636450791,-1.40048622360843,0.182140114764732,-1.1670574099315,0.122109089312083,0.184717114255628,0.149579929509213,0.0351371847464156,0.995009721258869,0.00679105651558228
0.835,0.943584043097159,-1.38388539662506,0.182494991602897,-1.16593114313405,0.122330011018862,0.165311749227288,0.130151672102301,0.0351600771249874,0.995020397566987,0.00685987489669081
0.836,0.958544021254782,-1.35980646484706,0.182838054686804,-1.16492958925742,0.122550516721327,0.139026988440768,0.103854191362499,0.0351727970782694,0.995030679066166,0.0069673188733268
0.837,0.967876087465859,-1.34325405509811,0.183163768949019,-1.1641148448425,0.122770690647519,0.122771842482287,0.0876015405097294,0.0351703019725572,0.995040404984359,0.00703388937150336
0.838,0.962011999970142,-1.34810773754692,0.18347775495841,-1.16342490630631,0.122990658359863,0.128105466543032,0.0929479112134827,0.0351575553295489,0.995049748005001,0.00699006479177099
0.839,0.963359890281188,-1.34274553762687,0.183795797136795,-1.16268389185164,0.123210504450788,0.123350335480315,0.0882016803005364,0.0351486551797783,0.995059179178315,0.00699863312639421
0.84,0.974678537879409,-1.32325886746373,0.184110388949013,-1.16197549123006,0.123430197429759,0.105780193969689,0.0706432906850716,0.0351369032846174,0.995068475979501,0.00707963452419853
0.841,0.964471211605158,-1.33446581681926,0.184411050651127,-1.1614157249559,0.123649760962389,0.116307443717822,0.0811945222051039,0.0351129215127181,0.995077331475152,0.00700433309502184
0.842,0.98108826407111,-1.30737768239633,0.184720497567759,-1.1607537746813,0.123869295930938,0.0932890619403547,0.0581921622037103,0.0350968997366443,0.995086415621617,0.00712379766338047
0.843,0.969970258556491,-1.32006261976646,0.185010284810486,-1.16030248782541,0.124088736889161,0.10404162109021,0.0689780565009323,0.0350635645892778,0.995094895083674,0.00704194417327897
0.844,0.955417446901466,-1.33752192840089,0.185310011995045,-1.15973773071902,0.124308226676786,0.120321128892836,0.0852820109531688,0.035039117939667,0.995103637497866,0.00693514590102939
0.845,0.951388440414727,-1.33979703981219,0.185623163702898,-1.15902060757664,0.124527692121144,0.123054820668058,0.0880281259081516,0.0350266947599062,0.995112741319286,0.00690470859443727
0.846,0.926881236753162,-1.37099379041792,0.185938541092472,-1.15827383814273,0.124747034172449,0.156695842889539,0.121679394250641,0.0350164486388974,0.995121878852418,0.00672567811431367
0.847,0.903767977592169,-1.39944010199468,0.186277369100717,-1.15726395889057,0.124966235040216,0.192451751256405,0.157424609795389,0.0350271414610158,0.995131661350879,0.00655673773616395
0.848,0.912063090293954,-1.38486000658978,0.186637615976876,-1.15601274514461,0.125185122177398,0.175358586445293,0.140301484234143,0.0350571022111501,0.995142023287932,0.00661560359917967
0.849,0.91438978550918,-1.37828254277976,0.186987352021362,-1.15486673132751,0.125403537103114,0.168548918433582,0.133470591104918,0.0350783273286643,0.995152044701474,0.00663120098524247
0.85,0.90384621253733,-1.38929830343595,0.1873326217977,-1.15376133865464,0.125621552444681,0.18316869186624,0.148072613424215,0.0350960784420243,0.995161901432843,0.00655349017751263
0.851,0.897060874956218,-1.39509192150251,0.187686581623917,-1.15255517888307,0.125839197325223,0.191830133506611,0.156708250029078,0.0351218834775331,0.995171968601337,0.00650302184313338
0.852,0.925386936927851,-1.35354858725702,0.188045339725252,-1.15128998594917,0.126056405896566,0.143925460366477,0.108773080637836,0.0351523797286407,0.995182133567037,0.00670703669169512
0.853,0.925386962983854,-1.35014898270767,0.18837279652728,-1.15034689500941,0.126273140143126,0.141118422947742,0.10596241863087,0.0351560043168715,0.995191377850542,0.00670582478352209
0.854,0.931818608540045,-1.33778470716101,0.188698236994389,-1.14941926923432,0.126489621736645,0.129174797353497,0.0940166129012925,0.0351581844522044,0.99520053342348,0.00675121875380028
0.855,0.918103807467259,-1.35368539745465,0.189014865507403,-1.14857886158727,0.126705862844185,0.146437066204896,0.11128408060019,0.0351529856047059,0.995209410832235,0.00665068938897704
0.856,0.903272277182392,-1.37089080015102,0.189344018815779,-1.14760058039888,0.126921924436903,0.16682014317702,0.131661202051144,0.0351589411258763,0.99521860792723,0.00654206140527262
0.857,0.931909225179305,-1.32833276066505,0.189686658984247,-1.14647391147977,0.12713771496184,0.12235398538105,0.0871770350221134,0.0351769503589368,0.995228147960669,0.00674819081183086
0.858,0.920546418066408,-1.34102139369605,0.189997005971076,-1.14567503908617,0.127353135601511,0.135590514075793,0.100423156839581,0.0351673572362118,0.995236759166867,0.00666476709137142
0.859,0.909842352114744,-1.35262393193128,0.190317562854065,-1.14476452105541,0.127568413756356,0.148675883140627,0.113509058338445,0.0351668248021824,0.995245624182006,0.00658610290077457
0.86,0.895504694944199,-1.36911760767183,0.190647500778879,-1.14375077380884,0.127783475084114,0.168379185701424,0.13320449939792,0.035174686303504,0.995254717497399,0.00648113463144616
0.861,0.883020131777708,-1.38281065987769,0.190990496868883,-1.14259515931169,0.127998250803921,0.186257928327283,0.151063764056769,0.0351941642705142,0.995264137397441,0.00638956723936811
0.862,0.861346878050684,-1.40870405320451,0.191344429556975,-1.14131953429751,0.128212645752308,0.222044930738311,0.186821432734302,0.0352234980040096,0.995273822251762,0.00623151931628043
0.863,0.874805601559695,-1.38762974708464,0.191718467038722,-1.13982826438943,0.128426579436336,0.195415815433857,0.160145174782619,0.0352706406512384,0.995284018381505,0.00632757925692582
0.864,0.883607568810076,-1.37248314557107,0.192076687978058,-1.13849008111176,0.1286399063034,0.17783319010195,0.142528369245185,0.0353048208567657,0.995293746130638,0.00638997888932328
0.865,0.903309746264808,-1.34239333317243,0.192423730980224,-1.13725833654263,0.128852733656094,0.144672915759292,0.109342976118245,0.0353299396410471,0.995303135793564,0.00653120504369017
0.866,0.912960709704432,-1.32562884902315,0.192747902807019,-1.13625085363789,0.129065136495906,0.128369422611456,0.0930335028652646,0.0353359197461913,0.995311876106371,0.00659980062907254
0.867,0.905612352584011,-1.33263159295799,0.193059700742622,-1.13536304406193,0.12927727223363,0.136116210467611,0.100784576568461,0.0353316338991496,0.995320255101643,0.00654554982155729
0.868,0.898602119189336,-1.33910072321665,0.193377552019316,-1.13440936627771,0.129489225316767,0.14366631148145,0.108333545357223,0.0353327661242261,0.995328768957112,0.00649373904132171
0.869,0.915816746340827,-1.3118400084889,0.193701041163279,-1.13339388327686,0.129700951539009,0.117535296643096,0.0821963047073907,0.0353389919357051,0.995337405137347,0.00661695534160289
0.87,0.90039698801877,-1.33039436030255,0.194003838291206,-1.13257958516953,0.129912409404376,0.13617820647049,0.100850286276792,0.0353279201936978,0.995345462807293,0.00650445401750436
0.871,0.905558577056878,-1.31985920844903,0.194321622178037,-1.13161057092045,0.130123740988547,0.126512508187915,0.0911827236057616,0.0353297845821532,0.995353892280274,0.00654059016977131
0.872,0.900812573302307,-1.32322191655613,0.194631855688153,-1.13071191529028,0.130334840404855,0.130531168910306,0.0952056395299369,0.0353255293803696,0.99536209492036,0.00650519329534227
0.873,0.909893695857281,-1.30717171526593,0.194945391915948,-1.12977604733696,0.130545758073848,0.116037234653748,0.0807129183477531,0.0353243163059953,0.995370358359478,0.00656963123429541
0.874,0.901292828385185,-1.31606725246894,0.195247030259789,-1.12895318663358,0.130756469263589,0.124973242714676,0.0896599389677181,0.0353133037469581,0.995378283174554,0.00650644363453498
0.875,0.901850014857096,-1.31197919737336,0.195556309437821,-1.1280508519707,0.130967054542707,0.121804834070192,0.0864958955807009,0.0353089384894916,0.995386383349764,0.00650935027656897
0.876,0.903516684133143,-1.30632883452677,0.1958630936484,-1.12716888533786,0.131177459565885,0.117243332671373,0.0819406218789556,0.0353027107924176,0.995394392907961,0.00652027118139641
0.877,0.909469250910621,-1.29460752584158,0.196166161530784,-1.12631935277181,0.131387699809988,0.107479603037193,0.0721860207034662,0.0352935823337264,0.995402280840913,0.00656212563935937
0.878,0.909214081937587,-1.29168236712441,0.196460729921745,-1.12554903417947,0.131597799255853,0.105521287369436,0.0702437691399921,0.0352775182294444,0.995409924235758,0.00655921320673021
0.879,0.88494684851976,-1.32307610496329,0.196753759729531,-1.12479048711582,0.131807814969915,0.135175022410146,0.0999147012468851,0.0352603211632606,0.995417505000287,0.00638310830972965
0.88,0.869096928143094,-1.34187699912086,0.197071940414227,-1.12378194642779,0.132017756386948,0.155944763947209,0.120680427434814,0.0352643365123949,0.995425710895736,0.00626767695299589
0.881,0.870197006394572,-1.33710317180956,0.197405508557272,-1.12261871609417,0.132227449550474,0.151802028561268,0.116520511711506,0.0352815168497622,0.995434285231914,0.00627444932078714
0.882,0.83237275628128,-1.38582039713178,0.197735959905127,-1.12148017707675,0.132436786736556,0.211986026651482,0.17668954087123,0.0352964857802514,0.995442750926641,0.00600062194640164
0.883,0.8069988361325,-1.41599616430911,0.198104785918882,-1.11996136988341,0.132645786511889,0.256531315978208,0.221187486976081,0.0353438290021271,0.995452166373156,0.00581650936238462
0.884,0.782606300614216,-1.44398826324901,0.198497744765797,-1.11820154566373,0.132854183962472,0.302762495909347,0.267350607635913,0.0354118882734334,0.995462159387857,0.00563946806206807
0.885,0.797612232133815,-1.4221686243023,0.19891313100503,-1.11621712358658,0.133061810538041,0.270793857107518,0.235294473314166,0.0354993837933513,0.995472679807776,0.00574627567138404
0.886,0.799071124891084,-1.41712715187014,0.19931147255546,-1.11438497468839,0.133268508961257,0.265497246909593,0.229923608183767,0.0355736387258268,0.99548272735042,0.00575551282881421
0.887,0.781767943116705,-1.43598424563727,0.199706320518769,-1.11257770756251,0.133474389378373,0.297509805401534,0.261863992581221,0.0356458128203132,0.99549264721616,0.00562964754725619
0.888,0.799593232125569,-1.41055696456723,0.200116618947135,-1.11061548588843,0.133679470444877,0.260512762272173,0.224781157870227,0.0357316044019453,0.995502913774672,0.0057566982804206
0.889,0.795862303791773,-1.41214703144641,0.200506841427897,-1.10883202300132,0.133883643018508,0.265220261587153,0.229418591637252,0.0358016699499007,0.995512639005839,0.00572859508335485
0.89,0.790758742409277,-1.41548380229367,0.200898903423704,-1.1070235438622,0.134087036896896,0.272679043452212,0.236805003437322,0.0358740400148894,0.995522372034102,0.00569061968238323
0.891,0.77533614945066,-1.4319151492683,0.201294207491297,-1.10517696215302,0.134289634946832,0.301128515796907,0.265178626473861,0.0359498893230457,0.995532147161794,0.0055784064926332
0.892,0.743916831441709,-1.46799845775507,0.201703184390576,-1.10319462192662,0.134491410608031,0.365933091476925,0.329895234518096,0.0360378569588296,0.995542220066969,0.00535113307623969
0.893,0.737847039422728,-1.47218933645124,0.2021412392752,-1.1009311418872,0.134692267583164,0.377082280166378,0.340931537585211,0.0361507425811669,0.995552963939542,0.00530617905560405
0.894,0.740222508674834,-1.46627186474469,0.20258316974555,-1.09862261906293,0.134892006820359,0.369874061877855,0.333606113528923,0.0362679483489319,0.995563755783582,0.00532195358090123
0.895,0.730014853377811,-1.47543192446609,0.203020794759502,-1.0963442526255,0.135090596575863,0.390305777931512,0.353923013432575,0.0363827644989374,0.99557439619087,0.00524728604414657
0.896,0.712094715543284,-1.49361326782975,0.20346632325629,-1.09398424372671,0.135288059276794,0.428961711744781,0.39245648702361,0.0365052247211711,0.995585181744104,0.00511720855001892
0.897,0.729413783028193,-1.47050735134667,0.20392697968757,-1.09147623293759,0.1354843367231,0.388886505530562,0.352245173597283,0.0366413319332786,0.99559628396629,0.00524032166536393
0.898,0.752457666930316,-1.44002272701848,0.204369041275107,-1.08912557113518,0.13567932314465,0.3380048166192,0.301241355439062,0.0367634611801383,0.995606890976438,0.00540454512747997
0.899,0.745219301387924,-1.44582618818631,0.204786304284533,-1.08698702050479,0.135873134127843,0.35125644459619,0.314390038709478,0.0368664058867121,0.99561686094686,0.00535131158465251
0.9,0.711779917465424,-1.48356426682251,0.205208877535883,-1.0847923495072,0.136065925874851,0.424431276512051,0.387456536843843,0.0369747396682076,0.995626916476481,0.00510998510806074
0.901,0.711977292168384,-1.48030568309437,0.205662315651132,-1.08230910634459,0.136257658114155,0.422209854775041,0.385100387990481,0.03710946678456,0.995637660505115,0.0051101107429535
0.902,0.69831493625027,-1.49328312981234,0.206113599949351,-1.07983579120627,0.136448124196526,0.451914809534544,0.414671088764752,0.0372437207697924,0.995648306563731,0.00501079066836632
0.903,0.727115025180374,-1.45712194359924,0.206576022673339,-1.07725400593407,0.13663733175603,0.386653632961497,0.349265244336166,0.0373883886253313,0.995659167133442,0.00521610208173205
0.904,0.724314764805298,-1.45743336793438,0.207008464237692,-1.07492377912808,0.136825202427371,0.390909884857375,0.353400007259524,0.0375098775978511,0.995669279653938,0.00519476097009432
0.905,0.729164106221471,-1.44856989307877,0.20744174713646,-1.07257762359885,0.137011923073183,0.378379941560632,0.340746712414805,0.0376332291458268,0.995679369563725,0.00522827654519673
0.906,0.70398785121427,-1.47598166415247,0.20786823645947,-1.07028225817086,0.137197482308871,0.433656875300758,0.395904662533467,0.0377522127672917,0.99568926019178,0.00504655595723096
0.907,0.701246153256001,-1.47618495661472,0.208317737285298,-1.06777579584162,0.137381917712093,0.438236424473207,0.400345272507801,0.0378911519654066,0.995699640640151,0.00502564117834288
0.908,0.681645047879118,-1.49609236482338,0.208767980280678,-1.06525404510668,0.137565076238474,0.482596494856134,0.444564481312598,0.0380320135435358,0.995709993416349,0.00488393774337683
0.909,0.690207652992442,-1.48338477407072,0.2092351978869,-1.0625754886138,0.137746946856256,0.461349311700206,0.423161247522235,0.0381880641779706,0.995720689395956,0.00494399828451166
0.91,0.695578059753064,-1.47420449470248,0.209692268217425,-1.05997466607023,0.13792741535852,0.447475771775539,0.409138477988108,0.0383372937874318,0.995731106952579,0.00498119511373674
0.911,0.690025714530691,-1.47769841072061,0.210142186126095,-1.05742603884478,0.138106539450649,0.458742459620842,0.420260371842117,0.0384820877787247,0.995741317231753,0.00494019166770656
0.912,0.701469186401433,-1.4614512279604,0.210595627643466,-1.05483863497248,0.138284357874646,0.431169652820772,0.392538540867211,0.0386311119535612,0.995751563334007,0.00502084811688052
0.913,0.703518830839819,-1.45603563470516,0.211035862854409,-1.05235400375015,0.138460842111508,0.424863578778597,0.386092811350546,0.0387707674280515,0.995761468896925,0.00503427983271605
0.914,0.680819134003115,-1.4800016180877,0.211472144447831,-1.04989442125805,0.138636068689808,0.476299927107379,0.437391414476075,0.038908512631304,0.995771244812828,0.00487065594302991
0.915,0.667938392371338,-1.49188729955685,0.211929014800198,-1.04725145533999,0.138810056180013,0.505496508926397,0.466432201718168,0.0390643072082288,0.995781438924525,0.00477728503720065
0.916,0.683430644585324,-1.47142061275994,0.212396478316865,-1.04451050876652,0.138982669943189,0.468267968134063,0.429037803112204,0.0392301650218592,0.995791824007985,0.00488681210834782
0.917,0.685600924954608,-1.46594702421751,0.21284694710173,-1.04190146117023,0.139153837620532,0.461787344090832,0.42240361440126,0.0393837296895716,0.995801788380728,0.00490109514441007
0.918,0.707260088421646,-1.43770557741558,0.213293380157726,-1.03931750390542,0.139323658020414,0.411588839568444,0.372053405965473,0.0395354336029705,0.995811621958166,0.00505466512773273
0.919,0.70838208027335,-1.4333554588518,0.213715976415816,-1.03692044513452,0.139492149734325,0.407355112113483,0.367685941726798,0.0396691703866847,0.995820892631563,0.00506148637034273
0.92,0.690329286694354,-1.45222396146797,0.214135545085258,-1.03454068800089,0.139659453436179,0.447158906571845,0.407357211211035,0.0398016953608092,0.995830060688421,0.00493133814117632
0.921,0.682442907509008,-1.45858930929039,0.214571778400355,-1.0320154410399,0.139825581816944,0.463968548821596,0.42401956685718,0.0399489819644167,0.995839554868515,0.00487381130678829
0.922,0.692850890491865,-1.44345273866047,0.215014124700857,-1.02943211808247,0.139990426796182,0.438711455774982,0.398608869306308,0.0401025864686735,0.995849142753336,0.00494691621286557
0.923,0.698047043466353,-1.43429764762835,0.215444024598262,-1.02694159814011,0.140153944831285,0.425356704213579,0.385109198001876,0.0402475062117026,0.995858423136289,0.00498281609011749
0.924,0.715488479439038,-1.41034338569636,0.215866705830124,-1.0245017876134,0.140316205532156,0.385215838030535,0.344827930362663,0.0403879076678725,0.995867511649587,0.00510610727104871
0.925,0.747944142584661,-1.36724192712945,0.216269161586842,-1.02221653375484,0.140477246703154,0.315731653665207,0.275218438911615,0.0405132147535923,0.99587613225731,0.00533652413015492
0.926,0.740410466171294,-1.37394258813317,0.216634245884798,-1.0202206839614,0.140637185004479,0.329389219266665,0.288779793286801,0.0406094259798641,0.995883924661054,0.00528169067743353
0.927,0.72125929073074,-1.39548238229773,0.217005969994619,-1.01816572360591,0.140796240874237,0.368739457847674,0.328027521385439,0.0407119364622357,0.995891831846724,0.00514400403783535
0.928,0.716920006714353,-1.39791240531687,0.217397000019095,-1.01594922631919,0.140954369376915,0.376382744954707,0.335551709768753,0.0408310351859542,0.995900120517247,0.00511193501886144
0.929,0.712827356599926,-1.40002163317981,0.217790944244994,-1.0137030064772,0.141111449248022,0.383580519641812,0.342626921093425,0.0409535985483869,0.995908440863018,0.00508162948048917
0.93,0.704433941350549,-1.40746171824215,0.218187525500226,-1.01142929280041,0.14126745756151,0.400498880981274,0.359419452697145,0.0410794282841282,0.995916786556851,0.00502067673663773
0.931,0.71958106821519,-1.38586921758189,0.218591365335792,-1.0090913851975,0.141422373030954,0.365931271064531,0.324718990519606,0.0412122805449248,0.995925253881992,0.00512747171303792
0.932,0.721027152310208,-1.38105885023826,0.21897691048367,-1.00688979950356,0.141576146739614,0.361005650412064,0.319674065677697,0.0413315847343665,0.995933308480829,0.00513666402573089
0.933,0.723951750975827,-1.37437463356257,0.219359074137912,-1.00470852973053,0.141728882024717,0.352931771557187,0.311482506158937,0.0414492653982506,0.995941264493251,0.00515639246454827
0.934,0.717761487263216,-1.37924725478511,0.219736208654755,-1.00256045929823,0.141880593630893,0.364435078675478,0.322871097947069,0.0415639807284081,0.995949088677182,0.00511121914638719
0.935,0.723516435129175,-1.3690065894502,0.220118472017239,-1.00036638597457,0.142031306082905,0.350371297014043,0.308687404498952,0.0416838925150906,0.99595699190606,0.00515109415231358
0.936,0.716369738490489,-1.37512665488744,0.22049253698704,-0.998229781106472,0.14218098381968,0.363920894074848,0.322122588380887,0.0417983056939609,0.995964699106534,0.00509914118368187
0.937,0.723933088824968,-1.36259775424027,0.220872852077021,-0.996038855648507,0.142329669907973,0.346087982599709,0.30416917442156,0.041918808178149,0.995972508320528,0.00515187604643315
0.938,0.730363224229084,-1.35139226267389,0.221242905565613,-0.993920871929658,0.142477322368679,0.330822878607922,0.288790718224224,0.0420321603836978,0.995980081056414,0.00519655506644599
0.939,0.725648716682892,-1.35450034679791,0.221603893397254,-0.991866773351706,0.142623996176761,0.338846845940356,0.296707577142228,0.0421392687981289,0.995987443904213,0.00516196341004035
0.94,0.728796045948205,-1.34747492206302,0.221968549400713,-0.989779191202205,0.142769739352628,0.330458348066474,0.288208028167706,0.0422503198987677,0.995994857254778,0.0051832891630732
0.941,0.721273300443033,-1.35423277060745,0.2223278693544,-0.987726898909312,0.142914525502635,0.344449238078866,0.302091128699415,0.0423581093794506,0.996002138337835,0.00512874977910567
0.942,0.707912475994245,-1.3684090051674,0.222694100541874,-0.985616576320679,0.143058380734213,0.371466439902286,0.328993994959502,0.0424724449427847,0.996009535288242,0.00503270807953845
0.943,0.719420805316616,-1.35095370257598,0.223073760513386,-0.983398280254017,0.143201259882695,0.345406493753297,0.302807887775243,0.0425986059780541,0.9960171778263,0.00511343082479855
0.944,0.731617367485991,-1.33233905705904,0.223438605415556,-0.981285613731816,0.143343079876653,0.318491168031618,0.275777142098383,0.0427140259332353,0.996024497666193,0.00519905268273253
0.945,0.71130559859307,-1.35593254533311,0.223787599572844,-0.979286410527859,0.143483921203873,0.359775279780456,0.316957488114888,0.042817791665568,0.99603147716,0.00505371929885697
0.946,0.715339280412195,-1.34785717124708,0.224158392623799,-0.97711701748998,0.143623870424168,0.34952734966765,0.306587364405571,0.042939985262079,0.996038868795877,0.00508131703018633
0.947,0.709432429781709,-1.35249284180021,0.224522843846188,-0.974989531835076,0.143762797026757,0.360417335830459,0.317359130575288,0.0430582052551713,0.996046110218143,0.00503832429164843
0.948,0.708418848447051,-1.35085456100908,0.224892379807302,-0.972818684387599,0.143900732296817,0.360913819837892,0.317732250722378,0.0431815691155139,0.996053428707292,0.00503007878466582
0.949,0.731195720079626,-1.31889913667537,0.225261371821801,-0.970646453233362,0.144037641942336,0.312503854705119,0.269198244119055,0.0433056105860647,0.996060712465202,0.00519072515673536
0.95,0.729101054399158,-1.31870470882366,0.22560203950863,-0.968676671033841,0.144173523873219,0.314947382239174,0.271539272219886,0.0434081100192873,0.996067415958747,0.00517486169567175
0.951,0.752272835354912,-1.28526479322674,0.225943543557075,-0.966696192300016,0.144308534754805,0.268094768444098,0.224582548141662,0.0435122203024358,0.996074115620846,0.00533829792227195
0.952,0.764516508270439,-1.2656444021913,0.226255356725866,-0.964927782675239,0.144442665160479,0.243435202290263,0.199841644772055,0.0435935575182078,0.996080215140667,0.0054242282449575
0.953,0.757353566557149,-1.27257765512238,0.226550370471341,-0.963278723045883,0.144576079414702,0.25479814460235,0.211135892615458,0.0436622519868914,0.996085970581644,0.00537251360813194
0.954,0.754035621474568,-1.27416352026063,0.226852791925518,-0.961572319033157,0.144708868955077,0.259104640367398,0.21536710713465,0.0437375332327485,0.996091855002039,0.00534806462802533
0.955,0.736698091545735,-1.29492775418151,0.227157781654762,-0.959843970333121,0.144840988121531,0.290959095655593,0.247143508314415,0.0438155873411776,0.996097773526774,0.00522419791546649
0.956,0.746571500685316,-1.27876942753238,0.227482545162468,-0.957967057661808,0.144972418540564,0.270112473196658,0.226202323437775,0.043910149758883,0.996104058327702,0.00529324406499604
0.957,0.764026490491114,-1.25210741933528,0.22779357616658,-0.956185643351716,0.145103044536538,0.236207475885285,0.192212833599021,0.0439946422862644,0.996110060578404,0.00541605061770895
0.958,0.789892023738606,-1.21313603536258,0.228081142026136,-0.954569658734017,0.145232939207614,0.190624369011656,0.146563127773099,0.0440612412385566,0.996115595436271,0.0055984982905023
0.959,0.786060459008379,-1.21568888453495,0.228333741902049,-0.953201257698035,0.145362230631734,0.194975773356088,0.150875104284919,0.0441006690711687,0.996120445792769,0.00557054716820056
0.96,0.789146656806156,-1.20829477433118,0.228589975336563,-0.951805445239062,0.145491111942637,0.188040331076565,0.143896896268672,0.0441434348078923,0.996125354967874,0.00559160919518424
0.961,0.784165329765518,-1.21252486096076,0.228840730669603,-0.950447737001555,0.145619560153294,0.19425267433706,0.150070353956998,0.0441823203800624,0.996130148544475,0.00555552677000682
0.962,0.776649781044854,-1.22036263538313,0.229096659030647,-0.949051703116512,0.145747603302856,0.204877645405396,0.16065188876791,0.0442257566374853,0.99613503019105,0.00550148676806186
0.963,0.745856767959871,-1.26125104204972,0.22936102914043,-0.947593647661251,0.145875209866875,0.25874384130884,0.214467473884433,0.044276367424407,0.996140061418683,0.00528257224011626
0.964,0.723965861055175,-1.28829117916965,0.229663426387746,-0.945858229892935,0.146002329919311,0.29964499081203,0.255287327622589,0.0443576631894413,0.996145802138684,0.00512665296749062
0.965,0.737336766265316,-1.26761238764026,0.22999143964103,-0.943935121056587,0.146128748136399,0.272222791245443,0.227762766011202,0.0444600252342411,0.99615201208549,0.00522036955262812
0.966,0.7525720478155,-1.24403914769406,0.230301323968956,-0.942136217507408,0.146254317831319,0.242431829013393,0.197882881618978,0.0445489473944153,0.996157862565589,0.00532730302654825
0.967,0.747494545251969,-1.24816533645587,0.230590394698881,-0.940480613700877,0.14637913534235,0.249899377924572,0.205277172842434,0.0446222050821383,0.996163305918246,0.00529049611311596
0.968,0.773850105666029,-1.20891756319552,0.230884448869369,-0.938787037333747,0.146503312123513,0.2027239571477,0.15802385426929,0.0447001028784095,0.996168829126877,0.00547612102471155
0.969,0.799313995270688,-1.16960096916601,0.231142797174503,-0.937339805730038,0.146626816903794,0.161442958547359,0.116692470412363,0.0447504881349956,0.996173670076576,0.00565548927141538
0.97,0.794877589179095,-1.17323590998051,0.231365499839885,-0.936139510405906,0.146749843538976,0.166257846891677,0.121484626554397,0.0447732203372804,0.996177834419168,0.00562339171050505
0.971,0.79765870875952,-1.16622797389708,0.231592984310096,-0.934905615365527,0.146872586226663,0.160326071177148,0.115526024495094,0.0448000466820541,0.996182079908513,0.00564234102678622
0.972,0.809512199653742,-1.14579956753094,0.231815375785911,-0.93370727476098,0.146995016681738,0.141846834958605,0.097023634648729,0.0448232003098761,0.996186222293885,0.00572546809816583
0.973,0.812522893105376,-1.13837549115337,0.23202011576526,-0.932632021344679,0.147117160979197,0.136054101437747,0.0912213478329302,0.0448327536048164,0.996190028872274,0.00574609652196212
0.974,0.787956703501672,-1.1725281459701,0.232219449014687,-0.931595394303958,0.147239114529657,0.169824765031855,0.124986496763554,0.0448382682683017,0.996193728478631,0.005571738141875
0.975,0.769453162377601,-1.19672001679058,0.232451529286823,-0.930329006075478,0.14736090576763,0.197512700612194,0.1526429419663,0.0448697586458939,0.996198027872443,0.00544018304178386
0.976,0.762494235451319,-1.20379296268521,0.232707220134096,-0.928896504877872,0.147482353361202,0.207287455352417,0.162367249437886,0.0449202059145305,0.996202754734366,0.0053902022280099
0.977,0.766515891524908,-1.19520779497226,0.232970765501334,-0.927407901449453,0.147603325418476,0.198895335457355,0.153917987985528,0.0449773474718272,0.996207615941219,0.00541782395612942
0.978,0.754489727840492,-1.20951509324158,0.233227565708489,-0.925964316098677,0.147723776004924,0.217395835631696,0.172366081543808,0.045029754087888,0.996212342162633,0.00533204661241861
0.979,0.747460475093527,-1.21654771233478,0.233498903462084,-0.924418218639394,0.14784373899837,0.227835099197507,0.182740988975527,0.0450941102219795,0.996217324641902,0.00528155899548568
0.98,0.743007369610217,-1.21991150459701,0.233778026314899,-0.922816248336115,0.147963131984902,0.233945966657965,0.188780769270921,0.0451651973870444,0.996222438007698,0.00524926377126207
0.981,0.770817422451716,-1.17842058591295,0.234061507938624,-0.921181943048724,0.148081909168547,0.186595780788789,0.141355406887275,0.0452403739015141,0.996227618740873,0.00544486462663633
0.982,0.755636517297379,-1.19747431712228,0.2343066319816,-0.919805456887215,0.148200043300444,0.209814151842458,0.16452798474414,0.0452861670983175,0.99623208836838,0.00533688954889799
0.983,0.744722603840939,-1.21008585191981,0.234570774441871,-0.918296776518673,0.148317739572667,0.226829595564027,0.181482251414379,0.0453473441496474,0.996236894323773,0.00525902019901832
0.984,0.729184820130635,-1.22896396178828,0.234847937247002,-0.916696903488874,0.148434891941497,0.253023255929214,0.207603943304827,0.0454193126243865,0.996241925555223,0.00514848835752695
0.985,0.745424351311229,-1.2038951734244,0.23514387773084,-0.914965814097252,0.148551426581439,0.223015370513071,0.177508713998402,0.0455066565146697,0.99624728455765,0.0052622669204005
0.986,0.760207884676081,-1.18033593122759,0.235417153534848,-0.913384979346118,0.148667238263042,0.196931379456009,0.151354329199026,0.0455770502569834,0.996252221174266,0.00536579917218793
0.987,0.744699681712422,-1.19970739863096,0.235669275250515,-0.911944772735541,0.148782445662028,0.221317012574238,0.175685457457705,0.0456315551165331,0.99625676549717,0.00525558611662547
0.988,0.715587600634763,-1.23776117710694,0.235940786057884,-0.91037102035402,0.148897159632649,0.272844160509531,0.227142404095421,0.0457017564141107,0.996261648434304,0.00504935560113009
0.989,0.704265151057487,-1.25025894362193,0.236248754127331,-0.908545547228423,0.149011272681721,0.292930544456183,0.247129441393474,0.0458011030627097,0.996267173445236,0.0049685941504094
0.99,0.713884788153188,-1.23467433190281,0.236569579108206,-0.906629688152792,0.149124585104211,0.273356694031181,0.227445322215026,0.0459113718161546,0.996272913813476,0.00503554460976493
0.991,0.704388484630709,-1.24471798147461,0.236876663755395,-0.904802151923032,0.149237023602585,0.289899913484666,0.243888041455722,0.0460118720289441,0.996278393767684,0.00496769510013754
0.992,0.728763137797741,-1.20940867706057,0.23719434727686,-0.902900007303864,0.149348657390853,0.244160746178869,0.198039214919333,0.0461215312595354,0.996284047927446,0.00513867111522427
0.993,0.738643628962309,-1.19295264822386,0.237479071970986,-0.901212251240078,0.149459425514862,0.225406339889358,0.179199915440659,0.0462064244486989,0.996289102628285,0.0052074994176055
0.994,0.756531258135654,-1.1650559635185,0.237749280718058,-0.899618430559816,0.149569499641076,0.194455934547497,0.148175177839432,0.046280756708065,0.996293888431629,0.00533279101523515
0.995,0.763049117788857,-1.15287808575459,0.237993910112929,-0.898191552385844,0.149678953442868,0.182610806138929,0.136274979155165,0.0463358269837642,0.99629821181338,0.00537798876970759
0.996,0.770165597750368,-1.13974329668167,0.238228253180841,-0.896831772035932,0.1497879197465,0.170226849030779,0.123843431704391,0.046383417326388,0.996302345076002,0.0054274239619548
0.997,0.764937222944841,-1.14462578153407,0.238451414513993,-0.895545250375152,0.149896450442638,0.176514502534126,0.130091723567374,0.0464227789667518,0.996306273567141,0.00538989633225643
0.998,0.793949467527047,-1.0995052177648,0.238680644821736,-0.894218258507688,0.150004602372305,0.134749965322871,0.0882826834838363,0.0464672818390344,0.996310301246895,0.00559359425675529
0.999,0.797469698129735,-1.0913888888641,0.238867397927986,-0.8931678948497,0.150112341007184,0.128724753208074,0.0822455529906625,0.0464792002174115,0.996313576868696,0.00561779953816331
1,0.829407532270616,-1.03994617097805,0.239047950464861,-0.892159673054546,0.150219889155514,0.0921695056134709,0.0456829872961069,0.0464865183173639,0.996316738867431,0.00584218757540748
1.001,0.829934173830689,-1.03636576868875,0.239179938234259,-0.891468652204272,0.150327278398897,0.0903462201688349,0.0438899151001377,0.0464563050686972,0.996319047335732,0.00584545897290422
1.002,0.811312966929204,-1.06319943948665,0.239310299400444,-0.890792201375262,0.150434764896183,0.108528760504131,0.0621040043568267,0.0464247561473046,0.996321324855197,0.00571388153934034
1.003,0.836637662154192,-1.02111577655501,0.239467847065579,-0.889939692792375,0.150542357755615,0.0823421266832428,0.0359279234397397,0.0464142032435031,0.996324074036436,0.0058917100183134
1.004,0.813481704720138,-1.05551149882886,0.239586151236584,-0.889344679261779,0.150649913613335,0.103996446787274,0.0576231384462901,0.0463733083409841,0.996326136048187,0.00572825783481985
1.005,0.812802277278763,-1.05383444813329,0.239738795469384,-0.888526949965615,0.150757639729459,0.103351229230525,0.0569923797626325,0.0463588494678926,0.996328793591617,0.00572297726259175
1.006,0.813860061189658,-1.04945522657561,0.239891528470588,-0.887711456032267,0.150865355448914,0.100871319569132,0.054526826095873,0.0463444934732591,0.99633144929554,0.00572992795335753
1.007,0.805794537524646,-1.0593301076117,0.240041750078383,-0.886915178409174,0.150973060100889,0.108248517651085,0.0619202863714419,0.0463282312796431,0.996334058035015,0.00567265897623311
1.008,0.798573405567987,-1.06778152980541,0.240203100779196,-0.886048884119835,0.151080766746727,0.115068146647904,0.0687475607116289,0.0463205859362752,0.996336856407115,0.00562130801167493
1.009,0.807356865845561,-1.05158185318507,0.240374180257225,-0.885121321752288,0.151188416505206,0.103957977591321,0.0576374477808585,0.046320529810462,0.99633981940602,0.00568258394755396
1.01,0.819819960471339,-1.02952355648711,0.240531209443803,-0.884286851123335,0.151295957560829,0.0901579285719128,0.0438481572385144,0.0463097713333984,0.996342535352014,0.00576979053729746
1.011,0.810697350271669,-1.04122343138314,0.240668521467931,-0.883582524715872,0.151403463189224,0.0979122657320805,0.051628387674685,0.0462838780573955,0.99634490736927,0.00570514147158183
1.012,0.826516467845571,-1.01383823721348,0.240818770519482,-0.882797311243418,0.151511036938399,0.081920696228936,0.0356527945102669,0.0462679017186691,0.996347499769877,0.005815969024362
1.013,0.820278103561089,-1.02110061335863,0.240944076674788,-0.882175753817147,0.151618610961253,0.0862837880591112,0.0400510294027067,0.0462327586564045,0.996349659332569,0.00577166022737228
1.014,0.831936210025421,-0.999996219713195,0.241078140209575,-0.881501330906954,0.15172631644775,0.0753255847517101,0.0291213435216425,0.0462042412300676,0.996351967336687,0.00585324314305965
1.015,0.824832285573475,-1.00874382181303,0.241193462563007,-0.880951288715519,0.151834108018665,0.0800156921137814,0.0338544240418889,0.0461612680718925,0.996353950644542,0.00580288166462283
1.016,0.8179138235237,-1.01710215541245,0.241319008671561,-0.880339444706875,0.151942084698629,0.0848797450507695,0.0387537623797257,0.0461259826710438,0.996356107624903,0.00575379797590374
1.017,0.789134410748095,-1.05989156022456,0.24145435949793,-0.879668064639144,0.152050193782139,0.113358249255034,0.0672601406505234,0.0460981086045108,0.996358430545303,0.00555091551116518
1.018,0.779448869194519,-1.07198178199243,0.241632017616079,-0.878723850296835,0.152158384432187,0.123386697186292,0.0772841044240316,0.0461025927622605,0.996361475603002,0.00548223174198805
1.019,0.778899789419865,-1.07013644283184,0.241822835496808,-0.877696027025781,0.15226643470724,0.122688485263764,0.0765711673993172,0.0461173178644466,0.99636474123527,0.00547777529277737
1.02,0.784354777686235,-1.05924949896274,0.242013366410356,-0.876671031736927,0.152374274541331,0.115002008675674,0.0688699496002296,0.0461320590754448,0.996367996818389,0.00551554086065848
1.021,0.769728465519168,-1.07880209812578,0.24219482056178,-0.875705198338169,0.152481904062719,0.131295405911252,0.0851553113474109,0.0461400945638415,0.996371092545743,0.00541213073380235
1.022,0.780627885911008,-1.05988718228513,0.2423965617398,-0.874609766034338,0.15258936946329,0.116972831506067,0.0708090096785653,0.0461638218275015,0.996374528942067,0.00548813702511598
1.023,0.782577696679392,-1.05428554703058,0.242581288666949,-0.873623287877406,0.152696563405838,0.113448903374965,0.0672740508175366,0.046174852557428,0.996377670509975,0.00550126674886502
1.024,0.790952697913884,-1.03892311120372,0.242762087628685,-0.872663104476858,0.152803573184492,0.103116180093694,0.0569330864362478,0.0461830936574461,0.996380740647075,0.00555956827066657
1.025,0.762329993735574,-1.08025838942341,0.242929419649992,-0.871789957030506,0.152910418106274,0.135629222916594,0.0894479708694184,0.0461812520471753,0.99638357803085,0.00535787041804459
1.026,0.758087800846021,-1.08390145299029,0.24313775073104,-0.870654104333063,0.153017167397944,0.139726555641541,0.0935157777280765,0.046210777913465,0.996387105161608,0.00532742335575065
1.027,0.747227374815654,-1.09727831590803,0.243351032581239,-0.869486890568301,0.15312360637214,0.152857754504473,0.106613341451479,0.046244413052994,0.996390709854842,0.0052504647855879
1.028,0.764921094365861,-1.0689055479906,0.24357863739758,-0.868228240730609,0.153229707317271,0.128955398893402,0.0826660787649242,0.046289320128478,0.996394549658853,0.00537409500339773
1.029,0.767592505557917,-1.06229720868907,0.243779625795464,-0.867136528337083,0.153335393611685,0.124433522324536,0.0781191025114752,0.0463144198130604,0.996397934469556,0.00539224638939024
1.03,0.7685233794159,-1.0582835848111,0.243975603417984,-0.866076978112982,0.153440801254007,0.122047230472538,0.0757112169021107,0.0463360135704274,0.996401229524631,0.00539818321439205
1.031,0.771929698542585,-1.05055984355588,0.244169122083149,-0.865033630459908,0.153545954549698,0.116839901116669,0.0704838831627781,0.0463560179538905,0.99640447804592,0.00542151200112867
1.032,0.784445472711902,-1.02908072882819,0.244356549170012,-0.864029427250184,0.153650864664024,0.102113840562384,0.0557421772510775,0.0463716633113069,0.996407619405346,0.00550882622679939
1.033,0.783327381189538,-1.02820091789642,0.244524306142755,-0.863149508188011,0.153755561656051,0.102076622867741,0.0557040080727765,0.046372614794964,0.996410427001003,0.00550044871204421
1.034,0.780525345855278,-1.02990535254236,0.24469276485059,-0.862266979315759,0.153860146108235,0.103798538555708,0.0574243055270145,0.0463742330286934,0.996413242467097,0.00548024714718905
1.035,0.779071637437895,-1.02954117026632,0.24486444389694,-0.861365956321547,0.153964613583376,0.104130594232478,0.0577521630647074,0.0463784311677706,0.996416107769322,0.0054695053264748
1.036,0.751418240712298,-1.06916353503529,0.245037307026808,-0.860459119119481,0.154068946584683,0.135263073622008,0.0888793909614612,0.046383682660547,0.996418988777123,0.00527484391707862
1.037,0.76890809541319,-1.04081187634505,0.24524983451108,-0.859302280589497,0.154173138060001,0.113586823621721,0.0671676974156209,0.0464191262061,0.996422525281236,0.00539696643068849
1.038,0.758545580973341,-1.05386645103069,0.24543561870198,-0.858311423212463,0.154276982066058,0.124340615793707,0.0779059068672178,0.0464347089264896,0.996425611753955,0.00532366823186742
1.039,0.765404224543678,-1.04107363791678,0.245635610331395,-0.857232426437498,0.154380614574362,0.11525746536917,0.0687961956993412,0.046461269669829,0.996428929039845,0.00537119166096546
1.04,0.756517615495779,-1.05187038762921,0.245824407347671,-0.856223463783612,0.154483960947863,0.124335495259855,0.0778558142847626,0.0464796809750924,0.996432055686457,0.00530825894605674
1.041,0.761225556323963,-1.04229810616737,0.246025222543265,-0.855140244198351,0.15458707711333,0.117695378922147,0.0711879557199769,0.0465074232021704,0.99643537609818,0.00534068170299089
1.042,0.765195838516321,-1.03378881203252,0.246218012429748,-0.854107194016912,0.154689899741306,0.112092224167863,0.0655627984608119,0.0465294257070507,0.99643855871822,0.00536794671421437
1.043,0.755414811335869,-1.04597766827991,0.246403851322089,-0.853117900109321,0.154792468314837,0.122021926060214,0.0754754643225838,0.0465464617376304,0.996441621875492,0.00529877001525131
1.044,0.750898841129313,-1.05014959446907,0.246603095038493,-0.852046132615392,0.154894816971458,0.126144993214196,0.0795711456749699,0.0465738475392262,0.996444900854371,0.00526649481590131
1.045,0.738337507648677,-1.06620866160443,0.246807861507722,-0.850940548046638,0.154996875490723,0.140485136015656,0.0938794259462445,0.0466057100694111,0.996448265205609,0.00517779005585442
1.046,0.724604165113338,-1.08368205627471,0.247029743850337,-0.849728849384894,0.155098613776949,0.157435249300966,0.110784438669035,0.046650810631931,0.99645190447752,0.00508083819570325
1.047,0.735372146151618,-1.06571894227962,0.247270065087172,-0.848402315755088,0.155199942217089,0.142206055533798,0.0954958218402916,0.0467102336935065,0.996455838812727,0.00515563509544417
1.048,0.743776753042944,-1.0509539817482,0.24749376852981,-0.847176450854741,0.155300764098029,0.130649264629746,0.0838915709751156,0.0467576936546302,0.996459494229126,0.00521389357812146
1.049,0.731202852504109,-1.06693816144864,0.247704106961756,-0.846031853603325,0.155401161516327,0.145299366772217,0.0985038105431653,0.0467955562290515,0.996462925232587,0.00512513502168321
1.05,0.729095664991682,-1.06746117964196,0.247931520284837,-0.84478191649718,0.15550120025981,0.146846138403453,0.099999496186964,0.0468466422164887,0.996466628209067,0.00510970213331565
1.051,0.709568195654798,-1.0931746931106,0.24816076839271,-0.843520079719481,0.155600791152017,0.172478313056332,0.125578725418917,0.0468995876374155,0.996470354192257,0.00497219761059546
1.052,0.698210113024426,-1.10665432929352,0.248416501583108,-0.842094241357559,0.155699922308098,0.18784931226287,0.140876390422207,0.0469729218406634,0.996474502524481,0.00489189324960546
1.053,0.704144164256581,-1.09590713624504,0.248686743771863,-0.840577856985354,0.155798456437821,0.178132413479679,0.131074619938478,0.0470577935412004,0.996478876940392,0.00493270803663296
1.054,0.712062711446475,-1.08230296458016,0.248947433441432,-0.839117352998082,0.155896316668882,0.165914793399497,0.11877857277541,0.0471362206240866,0.996483087729903,0.00498743695371602
1.055,0.71739039940375,-1.0722388817239,0.24919571320552,-0.83773012691213,0.155993547914314,0.157549716670977,0.110343704102988,0.0472060125679888,0.996487089877524,0.00502404074632511
1.056,0.737377570896672,-1.04114899296388,0.249435174583583,-0.836394806402057,0.156090209669448,0.131308224619324,0.0840384219759366,0.0472698026433869,0.996490942329327,0.00516330895465105
1.057,0.748264003348869,-1.02263125282665,0.249644467832199,-0.835239133698576,0.156186343442471,0.117643173636036,0.0703316332547676,0.0473115403812681,0.996494303383994,0.00523891215113467
1.058,0.747429389921952,-1.02138805457504,0.249836515710186,-0.834186987686972,0.156282098691521,0.117475104641887,0.0701343423406569,0.04734076230123,0.996497382539708,0.00523249450130581
1.059,0.748872967807247,-1.01674587923166,0.250028758907553,-0.833134213856054,0.156377560237291,0.114789181299479,0.0674187317677118,0.0473704495317671,0.996500460089594,0.00524202462757696
1.06,0.763817751130176,-0.99188007790005,0.250217790392882,-0.832101291255399,0.156472725331667,0.0984121339405778,0.05101407981733,0.0473980541232478,0.996503481613238,0.00534605884923897
1.061,0.756089225199924,-1.00123144867114,0.250383138100867,-0.831210401853842,0.156567608374573,0.10513408880924,0.0577258448394482,0.047408243969792,0.996506120829122,0.00529146583004036
1.062,0.757368049133027,-0.996829093683013,0.250559330472336,-0.830255759563534,0.156662326855899,0.102796200403612,0.0553694719477691,0.0474267284558432,0.996508929309817,0.00529988186781636
1.063,0.770329548856464,-0.974692620128968,0.250732595224628,-0.829319770853124,0.156756825171584,0.0895863023321457,0.0421430354670167,0.047443266865129,0.996511687275425,0.00539004948299958
1.064,0.750082977076298,-1.0035336623027,0.250884972099219,-0.828509306658242,0.156851116663829,0.10849536698377,0.0610509366352997,0.0474444303484705,0.996514109607153,0.0052479256295068
1.065,0.768453765640071,-0.973422033293109,0.251067472348796,-0.827519221724676,0.15694530492511,0.0898624466780585,0.0423942421222922,0.0474682045557663,0.996517006939829,0.00537589514689595
1.066,0.762166956539277,-0.980689434824323,0.251220829999832,-0.826702530076387,0.15703923807791,0.0946639841358858,0.0471934728379524,0.0474705112979334,0.996519438356283,0.0053314467906332
1.067,0.7396676171779,-1.01271717584338,0.251383023421385,-0.825835001898655,0.157133060685877,0.116945139811517,0.0694656036493054,0.0474795361622117,0.996522006631992,0.00517358140969104
1.068,0.738632305379067,-1.01181018034608,0.251578462162871,-0.824769177787769,0.157226727718433,0.117043188528625,0.0695296734411441,0.0475135150874806,0.996525096936348,0.00516576252506816
1.069,0.732125055479575,-1.01904130301341,0.251774394879046,-0.823700766082769,0.157320071716798,0.123326221112825,0.0757780102831421,0.047548210829683,0.996528190235626,0.00511967907255993
1.07,0.745492368615859,-0.99688893452024,0.251978977679626,-0.822581187477557,0.157413088310874,0.107878839439762,0.0602891379250811,0.0475897015146808,0.996531414964817,0.00521254532927961
1.071,0.71991484480776,-1.03289715751662,0.2521624063303,-0.821586208340974,0.157505732363336,0.136154654326133,0.0885388069762917,0.0476158473498409,0.996534301803536,0.00503317691998386
1.072,0.731742768115191,-1.01328331483714,0.25238296195438,-0.820369758707011,0.157598107315918,0.121398418879502,0.0737285113277595,0.0476699075517422,0.996537767398178,0.00511522451609906
1.073,0.733899878186583,-1.00766781762749,0.252584875257293,-0.819262266006268,0.157690026416803,0.117977373487555,0.0702667803160016,0.0477105931715538,0.996540934759133,0.00512971098876029
1.074,0.739763138794719,-0.996550034094262,0.252782485873418,-0.818180200128594,0.157781579974682,0.11067964898405,0.0629311749170629,0.0477484740669875,0.996544029725617,0.00517010844962965
1.075,0.734935190512151,-1.00135776736177,0.252970204383084,-0.817156445203966,0.157872787294731,0.114842863338208,0.067063485139344,0.0477793781988638,0.996546965284158,0.00513581470268834
1.076,0.721720186658932,-1.01860043166925,0.253164193837437,-0.816096311550367,0.157963695543842,0.12880601878556,0.0809907555320695,0.0478152632534904,0.99654999433434,0.00504290665634445
1.077,0.751756873592597,-0.972282222159052,0.25337688085094,-0.814926093770494,0.158054271810297,0.0967272861645105,0.0488618990380638,0.0478653871264467,0.996553310007442,0.00525214374158418
1.078,0.747626346353962,-0.976182103193231,0.253542995221546,-0.81402476505977,0.15814442139953,0.0997365256518907,0.0518551149235119,0.0478814107283788,0.996555895769764,0.00522278907818709
1.079,0.746733799867663,-0.975143294060539,0.253714552091127,-0.813092867990832,0.158234372744607,0.0996534320402893,0.0517517429980556,0.0479016890422337,0.996558562696708,0.00521604147268215
1.08,0.729344757756463,-0.999111395219288,0.253886532857562,-0.812159620987189,0.158324097655974,0.116754391724885,0.0688318625945751,0.04792252913031,0.99656123259574,0.00509407481483316
1.081,0.730020044693976,-0.995716915804277,0.254084034651994,-0.811077347486679,0.158413592653591,0.115050117916404,0.0670875882367082,0.0479625296796955,0.996564294234899,0.00509821460422084
1.082,0.743074098445767,-0.973957165259091,0.254279467116456,-0.810007303976095,0.158502730141051,0.10085574282677,0.0528543600463092,0.0480013827804605,0.996567319114123,0.00518879884444275
1.083,0.780833128861924,-0.91450465512291,0.254453963164878,-0.809058599470135,0.15859151828803,0.0698736048589505,0.0218484917948078,0.0480251130641427,0.99657001601562,0.00545192069405798
1.084,0.762057492642295,-0.942014616349363,0.254567890640778,-0.80845700615529,0.158680058405976,0.0830394239125595,0.0350351240210474,0.0480042998915121,0.996571774812279,0.00532047846734271
1.085,0.753516293303346,-0.952917123065981,0.254711175502463,-0.807686956624824,0.158768647760522,0.0894085277089531,0.0414033683502869,0.0480051593586662,0.996573984590479,0.00526041426311656
1.086,0.790787266173999,-0.893333417931769,0.254867076342387,-0.806845628480497,0.158857141791906,0.0626900403703347,0.0146745861244918,0.0480154542458429,0.996576386113298,0.0055201155752379
1.087,0.78473431803218,-0.900787598521159,0.254962278955422,-0.806351859500886,0.158945477681141,0.0654701697189198,0.0174890749346187,0.0479810947843011,0.996577851186077,0.00547756394385739
1.088,0.781165270570947,-0.904190902220641,0.255066819619354,-0.805808047443352,0.159033953391082,0.0669273283466147,0.0189738244444608,0.0479535039021539,0.996579458702263,0.00545232479992101
1.089,0.76663459598388,-0.925043725754436,0.255176548000481,-0.805237917581642,0.159122523718641,0.0760541725287458,0.028124511802529,0.0479296607262167,0.996581144572901,0.00535056808874741
1.09,0.771981090315774,-0.91435218676116,0.255309051619577,-0.804538864226457,0.159211163620237,0.0715389606129354,0.0236164086811913,0.0479225519317441,0.996583178431566,0.00538747368237927
1.091,0.769860318728825,-0.915384673646111,0.255432207364031,-0.80389618930622,0.15929976134103,0.0722393013577264,0.0243306869338758,0.0479086144238505,0.996585066913371,0.00537229406753097
1.092,0.750159602474068,-0.944068796043309,0.25555805371618,-0.803240903318352,0.159388362526661,0.0866989989904923,0.0388023290226215,0.0478966699678708,0.996586994772974,0.00523443950785362
1.093,0.767439719859909,-0.915239446201634,0.255714456199482,-0.802410868531651,0.159476953881034,0.0727988433424633,0.0248916078665111,0.0479072354759522,0.996589388082073,0.00535453603636007
1.094,0.768018913362759,-0.912027540152564,0.255842545438593,-0.801744087633225,0.159565385089181,0.0716665399969524,0.0237693849526378,0.0478971550443146,0.996591345955436,0.00535818365194311
1.095,0.752607109508304,-0.933957782774277,0.255968957738513,-0.801089631013031,0.159653794191785,0.0823704239765053,0.0344845443533902,0.0478858796231151,0.996593276275237,0.005250280646437
1.096,0.774622232135178,-0.89771905131091,0.256119201055104,-0.800300152423898,0.159742189203395,0.0664195321477827,0.0185273923650808,0.0478921397827019,0.996595568017234,0.0054033953482258
1.097,0.789783843759091,-0.871377739947155,0.256233308655687,-0.799717733281827,0.159830453015527,0.0578924874734835,0.0100204703717406,0.0478720171017429,0.996597306766062,0.00550879504043596
1.098,0.781377550994674,-0.882740787660517,0.256321824422539,-0.799284249419149,0.159918761994362,0.0614195124399276,0.0135864236120434,0.0478330888278842,0.996598654485419,0.00544988393022226
1.099,0.77894406097801,-0.884384432849996,0.256423682942159,-0.79877839567434,0.160007241822912,0.0620934097080015,0.0142896192676805,0.047803790440321,0.996600204206857,0.00543259366813672
1.1,0.796014997349217,-0.85485284639084,0.25652892406366,-0.798256895117725,0.160095828068446,0.0540200398730429,0.00624315895800115,0.0477768809150417,0.996601804100064,0.00555131649555968
1.101,0.772705871014014,-0.890714006900671,0.256605227209373,-0.797903222468022,0.16018450472281,0.0645129382837357,0.0167842288340746,0.0477287094496611,0.996602963252638,0.00538852550572188
1.102,0.795498030768432,-0.852305673395995,0.25671958032806,-0.797334801598921,0.160273414077302,0.0535935705513017,0.00588540372002171,0.04770816683128,0.99660469914791,0.00554710456370507
1.103,0.796555644042871,-0.848368920549846,0.256795568332144,-0.79698645761566,0.160362371067559,0.0528001219552426,0.00514058228171644,0.0476595396735262,0.996605851800734,0.00555423731506223
1.104,0.777877124787337,-0.876734328102398,0.256869308698824,-0.796655752788262,0.160451563840517,0.0600912373967647,0.0124821806404681,0.0476090567562966,0.996606969707415,0.00542376596111175
1.105,0.754437670583986,-0.911971364780144,0.256973637169681,-0.796154160316466,0.160541004825668,0.0736799057976572,0.0260992236353885,0.0475806821622687,0.996608550234903,0.00526001899576079
1.106,0.77007060941974,-0.885463817129484,0.257115290628019,-0.795441321242887,0.160630545678485,0.0633390259237841,0.0157595640186502,0.0475794619051338,0.996610694165417,0.00536857716117784
1.107,0.768548539402011,-0.885639995891087,0.257230930797979,-0.794877582367294,0.160720004174249,0.0635718578676993,0.0160124905723987,0.0475593672953005,0.996612442633171,0.00535761049060104
1.108,0.759534367671341,-0.897664955638299,0.257348370299278,-0.794306699302487,0.160809507034672,0.0682963299969133,0.0207557738569625,0.0475405561399509,0.996614216698411,0.00529441521454461
1.109,0.749485752443511,-0.911138822638001,0.257479717296546,-0.793659511841133,0.160899045638601,0.0743327792462646,0.0268009236032593,0.0475318556430053,0.99661619893598,0.00522397650092042
1.11,0.769631060196018,-0.877790872251145,0.257626393274301,-0.792927396265708,0.160988552106427,0.0615115974689565,0.0139772355324302,0.0475343619365263,0.996618410123705,0.00536393938480752
1.111,0.772285593746985,-0.871365459948839,0.257739744841662,-0.792384354952954,0.161077951244875,0.0596141276786978,0.0121013834133404,0.0475127442653573,0.996620117211203,0.00538208998246696
1.112,0.782836157203806,-0.852360150722046,0.257848078989012,-0.791872846583849,0.161167405122251,0.0545821490615918,0.00709470859013576,0.047487440471456,0.996621747333077,0.00545527806043787
1.113,0.747262228855305,-0.907625544779932,0.257938318068671,-0.791466617666095,0.161256938487259,0.0736042039447367,0.0261552770624902,0.0474489268822464,0.996623104130136,0.00520710758097377
1.114,0.780990767156731,-0.853382995605432,0.25808595378521,-0.790734878964434,0.161346640092348,0.0550555853912027,0.00760364223837301,0.0474519431528297,0.996625321873068,0.00544167514909741
1.115,0.811459145586849,-0.802073038931479,0.258177827175521,-0.790315247272586,0.161436230725797,0.0476823498109111,0.000267733418873216,0.0474146163920379,0.996626700689443,0.00565367012849742
1.116,0.806695836741998,-0.807948611220983,0.25821740025967,-0.790191061175662,0.161525981691149,0.0479498168027024,0.000610591275597621,0.0473392255271048,0.996627294291576,0.0056203550868806
1.117,0.82451928360111,-0.776133565678742,0.258264941277279,-0.790028162817457,0.161616149108492,0.0476429923947372,0.000373763137753788,0.0472692292569834,0.996628007173353,0.00574437657136394
1.118,0.833764552063397,-0.758324470018982,0.258281151090137,-0.790046675037632,0.161706696751425,0.0491242766127053,0.00194806761352497,0.0471762089991803,0.996628250180939,0.00580873374352672
1.119,0.819056311429743,-0.781639188807484,0.258280889829736,-0.790165198429434,0.161797780022455,0.0472115184540357,0.000140724387548589,0.0470707940664871,0.996628246264525,0.00570626411969105
1.12,0.817288697856279,-0.782567712713396,0.258306577564176,-0.79014476402262,0.161889482960266,0.0470947027929392,0.000111130941929559,0.0469835718510097,0.996628631297623,0.00569386539714972
1.121,0.802989746389114,-0.804655601735828,0.258335185003848,-0.790114845966393,0.161981682912525,0.047307234857447,0.00040922334745692,0.0468980115099901,0.996629060004021,0.00559415595235438
1.122,0.796668052109605,-0.813052797052542,0.25838834481107,-0.78995254009258,0.162074368857132,0.0478623220122749,0.00103259663667578,0.0468297253755992,0.996629856396072,0.00554994545948268
1.123,0.785054646174972,-0.830074615288183,0.258451970623222,-0.789736795390688,0.162167423869773,0.0499165104569151,0.00314785704701555,0.0467686534098996,0.996630809149612,0.00546884148799642
1.124,0.782964321049033,-0.831344127913805,0.258534831102526,-0.789417397752683,0.162260799068972,0.0501207898636988,0.00339963999146092,0.0467211498722379,0.996632049226267,0.0054540203743855
1.125,0.797810532425574,-0.805180311096249,0.258620691583615,-0.789085466854587,0.162354402338925,0.0471764251657849,0.000500818417848083,0.0466756067479368,0.996633333362166,0.00555716301281023
1.126,0.807576251630203,-0.786977200550563,0.258680915731952,-0.788901073223301,0.162448220346558,0.0466185973408971,7.15415370019488e-06,0.0466114431871969,0.996634233570457,0.00562499175586136
1.127,0.823602633535106,-0.758140699914116,0.258723976944487,-0.788818139598265,0.162542379716614,0.0483533916057965,0.00181874389202147,0.046534647713775,0.996634876976576,0.00573647807320018
1.128,0.83119816719025,-0.743191788781002,0.258738764386279,-0.788899218041758,0.16263696651759,0.0504743973533216,0.00403721702579521,0.0464371803275264,0.996635097876146,0.00578933259056654
1.129,0.840214369590657,-0.725709111216565,0.258739990833248,-0.789063757619016,0.162732121842404,0.054085946252085,0.0077564569896087,0.0463294892624763,0.996635116196072,0.00585212672358189
1.13,0.857023528772355,-0.694542100715833,0.258725067147193,-0.789326889870175,0.162827915876323,0.0635720331135327,0.0173623614327286,0.0462096716808041,0.996634893263237,0.00596925435006523
1.131,0.862400682604648,-0.683140508907855,0.258679690372353,-0.789769046313708,0.162924432084304,0.0680437384311989,0.0219763000584732,0.0460674383727258,0.996634215258413,0.00600686329462462
1.132,0.84988525546813,-0.703642420067463,0.25862473614038,-0.790275539384837,0.16302182482539,0.0604276259192346,0.0145100145381775,0.0459176113810571,0.996633393831837,0.00591987664396498
1.133,0.849098412264767,-0.70314767084596,0.258593109269237,-0.790661286321606,0.163120147414263,0.0605919181536529,0.014808269476441,0.0457836486772119,0.996632920931939,0.00591450330410557
1.134,0.841608027022446,-0.714430450399836,0.258563133385829,-0.791047614774891,0.163219291937033,0.0570017249624933,0.0113515600619572,0.0456501649005361,0.996632472611601,0.00586242898198135
1.135,0.843756919416665,-0.708793302190119,0.25854691275551,-0.791366090567396,0.163319256072789,0.0587115264359947,0.0131857412407901,0.0455257851952047,0.996632229971952,0.00587745236880832
1.136,0.859696079522328,-0.679094539516502,0.258526929870662,-0.79171480594947,0.163419977879764,0.0699280748266959,0.0245299869104118,0.0453980879162841,0.996631931011983,0.0059885502839357
1.137,0.852919142259434,-0.689331434213897,0.258478049310166,-0.792234476491034,0.163521481138761,0.065732630882457,0.0204834339669279,0.0452491969155291,0.9966311995248,0.00594150963363322
1.138,0.844331586878637,-0.702643274482024,0.258441923294529,-0.792692957248308,0.163623913775724,0.0607967271911786,0.0156881384856959,0.0451085887054826,0.996630658728846,0.00588180997818428
1.139,0.872636170498522,-0.65137141487536,0.258421626962885,-0.793072112885604,0.163727219531683,0.0838279528138861,0.0388494725704093,0.0449784802434767,0.996630354832324,0.00607905712828078
1.14,0.887759803725193,-0.62234869633711,0.258349543181667,-0.793749177490071,0.163831326406361,0.101668356234437,0.0568573193079116,0.0448110369265255,0.996629275137534,0.00618466907081159
1.141,0.916913401054068,-0.567197700479071,0.258249553706523,-0.794594832413459,0.163936496052581,0.144738287833962,0.100115285524846,0.0446230023091164,0.996627776464093,0.0063881373019935
1.142,0.931503974715873,-0.538064371489127,0.258094173321153,-0.795763468796708,0.164042874537407,0.173047214464286,0.128652313027051,0.0443949014372342,0.996625445270104,0.00649036880452814
1.143,0.895092257848773,-0.606700232989765,0.257911283435344,-0.797103979254401,0.164150745889321,0.114429322411699,0.0702830564617316,0.0441462659499672,0.99662269774831,0.0062373204907307
1.144,0.88494017054823,-0.623839510884565,0.257800672139521,-0.798049252913876,0.164260258974315,0.102808691329295,0.0588614334595183,0.0439472578697764,0.996621034162941,0.00616696868130338
1.145,0.87381610596756,-0.6424862797713,0.257710119067981,-0.798895078150713,0.164371067417122,0.0912249707649676,0.0474636236616665,0.0437613471033012,0.996619671188634,0.00608976383689084
1.146,0.862058584712606,-0.661964523917064,0.257641031344142,-0.799632148893906,0.164483081213941,0.0803701526015848,0.0367805835659945,0.0435895690355903,0.996618630659166,0.00600806202632303
1.147,0.854461030965339,-0.673713929456835,0.257594123934585,-0.800255068044942,0.164596202318214,0.0745136599298213,0.0310811821143112,0.0434324778155102,0.996617923869048,0.00595527168489169
1.148,0.860184480801614,-0.66186008416345,0.257561396486543,-0.800808261092494,0.164710328056295,0.080764130734067,0.0374795993018964,0.0432845314321706,0.996617430586877,0.0059952745819675
1.149,0.837881639596801,-0.699644370946212,0.257518482408952,-0.801429268185324,0.16482539473376,0.0632441188753166,0.0201153820282382,0.0431287368470784,0.996616783577452,0.00583997308370496
1.15,0.819820422878118,-0.728991295958493,0.257516056783061,-0.801829250847616,0.164941460046537,0.0533014778467027,0.0103010424645078,0.0430004353821949,0.996616747000198,0.00571409569274578
1.151,0.810833100462499,-0.742283416720544,0.257545415046352,-0.802056163182388,0.165058328214686,0.0498298864449757,0.00693621592709949,0.0428936705178762,0.99661718966218,0.00565135941413232
1.152,0.826387192951447,-0.714389378987577,0.257590134537465,-0.802202617399128,0.16517584532896,0.0577649951316805,0.0149678962941852,0.0427970988374953,0.996617863745847,0.00575962079076214
1.153,0.832744324080312,-0.701709225539939,0.257607531742284,-0.802509287833403,0.165293938573442,0.0624022631820006,0.0197211868955196,0.042681076286481,0.996618125921099,0.00580386975304736
1.154,0.852197280249451,-0.666498574961294,0.257613614618599,-0.802887531730261,0.165412748748063,0.0786609997343078,0.0361043564333115,0.0425566433009963,0.996618217581472,0.00593942775506303
1.155,0.852308239384892,-0.664557604761848,0.25758485272628,-0.803469970308336,0.165532337445002,0.0798643153190044,0.037456871196977,0.0424074441220275,0.996617784142134,0.00594029914580186
1.156,0.858389463241656,-0.652137622750367,0.257556090998891,-0.804062385457318,0.165652885074603,0.0870655013453316,0.044807974515467,0.0422575268298646,0.996617350608477,0.00598278196710448
1.157,0.842100367805206,-0.679240285308347,0.257516488746262,-0.804726135025352,0.165774398410429,0.0726735476737571,0.030574155767389,0.0420993919063681,0.996616753514043,0.00586938402288508
1.158,0.865192617129177,-0.637409973869351,0.257506556675511,-0.80523103871534,0.165896938881433,0.0966468059144311,0.0546858110520493,0.0419609948623818,0.996616603736579,0.00603036985024108
1.159,0.861251339177423,-0.642767367073604,0.257454864212901,-0.805979788739633,0.166020364241486,0.0935270492337064,0.0517339120150804,0.041793137218626,0.996615824018096,0.0060030773270948
1.16,0.870368452767943,-0.624916037653445,0.257410758516911,-0.806696678432797,0.166144891343084,0.105815449964239,0.0641857425706255,0.0416297073936136,0.996615158489251,0.00606677880767905
1.161,0.866378230024793,-0.630436929542498,0.257350229214375,-0.807517379502929,0.166270489855233,0.102377969047729,0.0609237571963993,0.0414542118513297,0.996614244766547,0.00603917529586544
1.162,0.853536746097316,-0.651698969297732,0.257297481591734,-0.808305603306142,0.166397250579195,0.0889433144669234,0.0476600813651962,0.0412832331017272,0.996613448161973,0.00594984254791101
1.163,0.858261140668194,-0.641703977413622,0.257268507211318,-0.808969408269537,0.166525142634931,0.0955023109770442,0.054374561159237,0.0411277498178072,0.996613010446403,0.00598287487551699
1.164,0.846983308996593,-0.659957299319934,0.257231171293006,-0.809690750096211,0.166654053712911,0.084545503482291,0.0435796839253073,0.0409658195569836,0.996612446267793,0.00590438443741767
1.165,0.842972832372851,-0.66523701100221,0.257214459185161,-0.810304843281664,0.166784033462971,0.0817260446628497,0.0409088121035811,0.0408172325592686,0.99661219368006,0.00587648345423659
1.166,0.829954706528375,-0.686097563972223,0.257205036815422,-0.810886864663131,0.166914984743384,0.0709452230678614,0.0302722873543514,0.04067293571351,0.996612051255366,0.00578576352883596
1.167,0.816749909118859,-0.706882945886299,0.25721873076001,-0.811345800115331,0.167046877259597,0.0617561975234703,0.0212124674619004,0.0405437300615699,0.996612258244004,0.00569366577306329
1.168,0.806030207241822,-0.723093250928874,0.257255351638216,-0.811681550077869,0.16717959988214,0.0556826488928373,0.0152531068763704,0.040429542016467,0.996612811672791,0.00561881932035434
1.169,0.810380178592134,-0.714042364278627,0.257310154872501,-0.811920246605273,0.167313041444078,0.0589430261255106,0.0186158215432574,0.0403272045822533,0.996613639586065,0.00564896523170025
1.17,0.789983590803435,-0.74625101061229,0.257357161615166,-0.812209085389179,0.167447114000637,0.0486713298752184,0.00845219849521617,0.0402191313800022,0.996614349436697,0.0055066369878207
1.171,0.797845632342415,-0.731591816656405,0.257438458592873,-0.812307753078691,0.167581861246494,0.0527874613073148,0.0126536307514758,0.040133830555839,0.996615576493637,0.00556118045959825
1.172,0.82146754696061,-0.690932193498338,0.257506018880734,-0.812488862339464,0.167717112723939,0.068729515579741,0.0286906376091247,0.0400388779706163,0.996616595626205,0.00572560902505449
1.173,0.832910554667377,-0.669801848611138,0.257532574599334,-0.812905699798838,0.167852941476631,0.0796752598453019,0.0397594600539597,0.0399157997913422,0.996616996067174,0.0058052780391212
1.174,0.840084558948183,-0.655772432638364,0.257538867045352,-0.81344422157133,0.167989560162035,0.0880438217266345,0.0482653226492293,0.0397784990774052,0.996617090940592,0.00585525876945035
1.175,0.848742357442941,-0.639102150734416,0.257532380379138,-0.814063303107107,0.168127077388494,0.0990641224152958,0.0594321475119248,0.039631974903371,0.996616993138774,0.00591562430098026
1.176,0.873501536113625,-0.594163924350143,0.257510422051443,-0.814778794501597,0.168265564506964,0.133977206055869,0.0945028176805599,0.039474388375309,0.996616662028536,0.00608826929200006
1.177,0.867512754494795,-0.603415519384633,0.257443374168905,-0.815757448190046,0.168405107295164,0.126856711176907,0.0875708976281917,0.0392858135487149,0.996615650662099,0.00604676039335139
1.178,0.848099723996946,-0.6365517093081,0.25738787150432,-0.816682667721044,0.16854594400315,0.102135795533925,0.0630316455649719,0.0391041499689527,0.99661481304789,0.00591163546084391
1.179,0.831868779445952,-0.663263572776784,0.257368071176308,-0.817415194861486,0.168688025005602,0.0851104491513349,0.0461648612485932,0.0389455879027417,0.996614514145327,0.00579856438261664
1.18,0.819454431324408,-0.682832844118664,0.257377306375997,-0.817991403289055,0.168831176122785,0.0742941745192352,0.035488435974089,0.0388057385451461,0.996614653564137,0.00571199955366664
1.181,0.815814470981303,-0.687240128752873,0.257408207543035,-0.81845211621646,0.168975255681929,0.0721219276893425,0.0334421847276688,0.0386797429616738,0.996615119989588,0.00568652640519833
1.182,0.805837522784987,-0.702259594559407,0.257445217206123,-0.818885205442766,0.169120158570133,0.0649736450144728,0.0264163639579803,0.0385572810564925,0.996615678469958,0.00561686411793476
1.183,0.817861781459427,-0.680533568435275,0.25749914409523,-0.819228684882472,0.169265858750272,0.0757977887715402,0.0373522315848696,0.0384455571866705,0.996616491945969,0.00570049941681963
1.184,0.800706543125948,-0.707712049514074,0.257532015893342,-0.819697074729773,0.169412274339632,0.062667123083715,0.0243477414430573,0.0383193816406577,0.996616987643144,0.0055808220642466
1.185,0.788535489283214,-0.726013321012516,0.257594138885389,-0.82000537033335,0.169559518230424,0.0553601883021459,0.0171481101506367,0.0382120781515092,0.996617924094364,0.00549579543289582
1.186,0.77226011101118,-0.750652260770652,0.257676407214145,-0.820204501831734,0.169707445152942,0.0475044817037365,0.00938680085018144,0.038117680853555,0.996619163524471,0.00538210804472874
1.187,0.763731375412482,-0.762382566612012,0.257785158039563,-0.820257270214273,0.169855955573318,0.0445370829821764,0.00649665276023284,0.0380404302219436,0.996620800717912,0.00532233655005797
1.188,0.785533649302029,-0.726180661466468,0.257907193867459,-0.820238155723737,0.170004916557281,0.0551228278705904,0.0171511544391094,0.037971673431481,0.996622636266928,0.00547389007769626
1.189,0.795113526535222,-0.708849742984563,0.257992572360776,-0.820427497467241,0.17015426222582,0.062006305538739,0.0241278172884515,0.0378784882502875,0.996623919418108,0.00554037467616314
1.19,0.764870883448826,-0.756708187742219,0.258061304504519,-0.820715150265213,0.170304183519812,0.0457117966774403,0.00793782558622277,0.0377739710912175,0.996624951774851,0.0053294327557495
1.191,0.765123636518331,-0.754458537150386,0.25817987877044,-0.820722903862061,0.170454769655399,0.0462055262978575,0.00850369578878689,0.0377018305090706,0.996626731468144,0.00533083098126375
1.192,0.778747244589319,-0.731083628961465,0.258297349051476,-0.820740088422954,0.170605767791085,0.053188840739983,0.0155601301226821,0.0376287106173009,0.996628492980388,0.00542538456128024
1.193,0.765805138756581,-0.750102951369946,0.258391681170448,-0.820890224718387,0.170757185892859,0.0472363531280684,0.00969620625054382,0.0375401468775246,0.996629906367456,0.00533493040104354
1.194,0.770172849458235,-0.74135332454958,0.258506800286801,-0.820926771167927,0.170909145539109,0.0497120018961234,0.0122471312160801,0.0374648706800433,0.996631629810548,0.00536500311974089
1.195,0.78662475844868,-0.71332924183567,0.258614072898288,-0.821010742614115,0.171061542741372,0.0598023554317547,0.0224181644099054,0.0373841910218493,0.996633234402935,0.00547926913708924
1.196,0.779096508514233,-0.723809267118221,0.258693304053057,-0.821254995729653,0.171214420381899,0.0556380308116656,0.0183531422650689,0.0372848885465967,0.996634418694521,0.00542658386825888
1.197,0.751630152094169,-0.766307046085458,0.258784671335419,-0.821435643341993,0.171367925756468,0.0430651113011681,0.00587199044632375,0.0371931208548444,0.996635783488104,0.0052349997692514
1.198,0.753578586380738,-0.761422561465719,0.258920538170052,-0.821367621286269,0.171522000045883,0.0440692240228389,0.00693921429000224,0.0371300097328366,0.996637811210082,0.00524816079848946
1.199,0.738801095533288,-0.782645345723466,0.259052487500571,-0.821324071562988,0.17167641709599,0.0399516778043358,0.00288753033603968,0.0370641474682961,0.996639778430046,0.00514485571800206
1.2,0.768159414489227,-0.7358243077665,0.259207363546426,-0.821153799946153,0.171831198897846,0.0510579533327815,0.0140449756828251,0.0370129776499564,0.996642084907164,0.00534882500946147
1.201,0.753527416589866,-0.757327789708282,0.259313823092231,-0.821252887481592,0.171986229207477,0.0448095210069638,0.00787929096219798,0.0369302300447658,0.996643668748255,0.00524661903191588
1.202,0.744471429498502,-0.76964956567715,0.259443610238924,-0.821224288537741,0.172141758736633,0.0419885725196757,0.00512626238067147,0.0368623101390042,0.996645597885108,0.00518317801443283
1.203,0.750284905151263,-0.758817001071438,0.259587266033654,-0.821120593698833,0.17229767007441,0.0442798981804099,0.00747674898231947,0.0368031491980905,0.996647730914234,0.00522322161211178
1.204,0.759780322394471,-0.742188875186942,0.259720747978165,-0.821075748149241,0.172453893788142,0.048717672008633,0.0119804420213149,0.0367372299873181,0.996649710765179,0.00528891972463012
1.205,0.71459154244884,-0.811718599247642,0.25983799666151,-0.821123640281994,0.172610483880064,0.0368308237255918,0.000170211435575904,0.0366606122900159,0.996651448160591,0.00497402020030609
1.206,0.710934889916809,-0.815254446345078,0.260026537343008,-0.820769370102844,0.172767525913439,0.0366882089279912,5.84832309131823e-05,0.036629725697078,0.996654238678028,0.00494803136852886
1.207,0.749875289474889,-0.755768328307105,0.260219727829493,-0.820389781320209,0.172924655159132,0.044625671137221,0.00802385780731641,0.0366018133299046,0.996657093820899,0.00521847294086606
1.208,0.763039211731659,-0.733391239828943,0.260350281996531,-0.820352421620194,0.173081847916916,0.051056785052896,0.014523216722753,0.036533568330143,0.996659020868611,0.00530968379805826
1.209,0.743165993465633,-0.763182285233199,0.260458495043243,-0.820441015160334,0.173239426534487,0.0427445674148387,0.00629382841270771,0.036450739002131,0.996660616685457,0.0051710723628238
1.21,0.740736850219938,-0.765109154458494,0.260598564837449,-0.820354936804109,0.173397508024648,0.0422440017070337,0.00585593491062159,0.0363880667964122,0.996662680325489,0.00515375496140136
1.211,0.702120938445956,-0.822907513185328,0.260741766339543,-0.820253799698932,0.173555931272778,0.036340714882912,1.35041565583107e-05,0.0363272107263537,0.996664787812714,0.00488467849287019
1.212,0.710012081024624,-0.809450537038385,0.260944777372157,-0.819817989349196,0.173714681921287,0.0365104298238351,0.000205951750595205,0.0363044780732399,0.996667771548944,0.00493900087053905
1.213,0.727439390049139,-0.781734655380263,0.261134609643122,-0.819454834997371,0.173873454062306,0.0389976253543892,0.00272428835130543,0.0362733370030838,0.996670557394262,0.00505967671575521
1.214,0.728416790177139,-0.778395521144419,0.261296120632316,-0.819247199665263,0.174032315272795,0.0394174991623832,0.00319342597573178,0.0362240731866514,0.996672924429264,0.00506600439551031
1.215,0.741304679884682,-0.756923712408691,0.261455201255602,-0.819054459305001,0.174191411250804,0.043555338486075,0.00738220102594071,0.0361731374601343,0.996675252987136,0.00515516558199341
1.216,0.741339540209622,-0.755050768004755,0.26159269960196,-0.818981388779774,0.17435075555827,0.0439203143355359,0.00781199987403745,0.0361083144614984,0.996677263350538,0.00515500027509668
1.217,0.750462018734082,-0.739083327273887,0.261729371517436,-0.818915236834708,0.174510460161657,0.0482178098583344,0.0121750450611971,0.0360427647971373,0.996679259537429,0.00521802433982854
1.218,0.746588428285748,-0.743379864747585,0.261850361952821,-0.818937255825834,0.174670531162558,0.0468681521280056,0.0109011102829409,0.0359670418450646,0.996681024946682,0.00519072962558035
1.219,0.772487362841901,-0.701080354852338,0.261977022310072,-0.818931107144723,0.174831050955893,0.0624023326598879,0.0265076679118877,0.0358946647480002,0.996682871340463,0.00537040314637743
1.22,0.775923518454453,-0.69379073889721,0.2620597619082,-0.819165744850233,0.17499199286534,0.065785251855811,0.0299910447969249,0.0357942070588861,0.996684076514767,0.00539403481761496
1.221,0.770685124547917,-0.700600136469825,0.262136158506836,-0.819439606123494,0.175153584634967,0.0626273112140421,0.0269379463482084,0.0356893648658336,0.996685188622218,0.00535738324451417
1.222,0.792590377155884,-0.663474581586356,0.262221000371753,-0.819671917672762,0.175315862667519,0.0821105502223624,0.0465210791010276,0.0355894711213348,0.996686422908225,0.00550938765091563
1.223,0.810921943052239,-0.631343636231913,0.262267660880068,-0.820115621555563,0.175478787649213,0.10340118224017,0.0679360587642712,0.0354651234758987,0.996687101388542,0.00563666113977526
1.224,0.809772108117737,-0.631718204515258,0.262281678220922,-0.820742598090648,0.175642559633056,0.103433962838749,0.0681142152378026,0.0353197476009468,0.996687305164497,0.00562862331496734
1.225,0.798845408830889,-0.648702699327893,0.262297655308426,-0.821366447477585,0.175807351846063,0.0920050837213306,0.0568300351180118,0.0351750486033188,0.99668753740355,0.00555262215988616
1.226,0.780142903612941,-0.678436585821996,0.26233287713157,-0.821892087472673,0.175973160872804,0.0742658584981665,0.0392239836250604,0.0350418748731061,0.996688049279472,0.00542251469898936
1.227,0.774296918811701,-0.686332848000678,0.262400391584449,-0.822246406117825,0.176139894171635,0.0701274897953865,0.0351990619536061,0.0349284278417804,0.996689030077426,0.00538167209169828
1.228,0.76705577153911,-0.696414425966561,0.262477504606008,-0.822553333059656,0.176307391109819,0.0651298779412821,0.0303093095664021,0.03482056837488,0.996690149698729,0.00533110663308409
1.229,0.750854669681236,-0.72080452973333,0.262566455327957,-0.822800192928832,0.176475606790424,0.054530153393028,0.0198104424605504,0.0347197109324776,0.996691440377443,0.00521824036111121
1.23,0.754461285703798,-0.713372618951589,0.262682003649995,-0.822905162163827,0.176644484407742,0.0574713932771362,0.0228363151183483,0.034635078158788,0.996693115683203,0.00524295667681045
1.231,0.746455313051215,-0.724335575244347,0.262790895071792,-0.823049588568342,0.176813890571185,0.0530863435486945,0.0185403235219922,0.0345460200267024,0.996694693123874,0.00518699586501828
1.232,0.742760077383656,-0.728388666039443,0.262912433828012,-0.823128352294781,0.176983862526731,0.051534099142999,0.0170695771612524,0.0344645219817465,0.996696452235294,0.00516095718028842
1.233,0.750054707882984,-0.715242371752936,0.263039367567571,-0.823180693015701,0.17715433816242,0.0565323764824241,0.0221462690257396,0.0343861074566845,0.996698287696449,0.00521126199905341
1.234,0.765440342203884,-0.689229749934892,0.263153529971337,-0.823305027760353,0.177325292361461,0.0684548375703518,0.0341553087392225,0.0342995288311293,0.996699936971741,0.00531780942549727
1.235,0.772726776976669,-0.67580410356967,0.263241202500016,-0.823575560362325,0.177496793573675,0.0756723105709959,0.0414760364928475,0.0341962740781484,0.996701202583399,0.00536816011191233
1.236,0.755520218936239,-0.702146110269989,0.263315928296721,-0.82392047756615,0.177668981528226,0.0622428469364986,0.0281581836433191,0.0340846632931795,0.996702280635021,0.00524839972030546
1.237,0.734036794242254,-0.734634032747002,0.263419375158149,-0.824113239477336,0.17784192706178,0.0491876720404303,0.0151973036005475,0.0339903684398828,0.996703772029299,0.00509885629920836
1.238,0.742529455361513,-0.719744646268574,0.263557749358487,-0.824118503707689,0.17801548631218,0.0545842725724753,0.020667011581403,0.0339172609910723,0.996705765140907,0.0051574380745423
1.239,0.71551215852262,-0.760313762755285,0.263681419576114,-0.82420544978908,0.178189482320548,0.0415755750210997,0.00774068130888163,0.033834893712218,0.996707544689317,0.00496942822144805
1.24,0.703432164535994,-0.77676280910592,0.263848212786442,-0.824059086836492,0.17836399327433,0.0380178007673687,0.00423906204166328,0.0337787387257055,0.996709942112402,0.00488506003857066
1.241,0.714406844024353,-0.758666504799028,0.264033210855693,-0.823815143957555,0.178538799243718,0.0417711310506799,0.00803752143613426,0.0337336096145456,0.996712597662396,0.00496074622065458
1.242,0.710147928212693,-0.763314420862834,0.264199894520671,-0.823670258474519,0.178713807621593,0.0405712576991135,0.00689407378533823,0.0336771839137753,0.996714987133836,0.00493069939479017
1.243,0.695512963765616,-0.78349827941372,0.264372468345497,-0.823494915121911,0.178889113701848,0.0366497476493201,0.00302552470381121,0.0336242229455089,0.996717457868218,0.0048286057941368
1.244,0.713162702824278,-0.755732074866917,0.264567138692729,-0.823200968296739,0.179064688470284,0.0421874661557025,0.00860282876236476,0.0335846373933377,0.996720241089119,0.00495058395976004
1.245,0.680677810185745,-0.802994686272303,0.264732972803442,-0.823061127400714,0.179240419194369,0.0342879162780914,0.000760506058795653,0.0335274102192957,0.996722608806866,0.00472463104063875
1.246,0.686009371230139,-0.79348822839948,0.26494869952944,-0.822650695050197,0.179416455013499,0.0351053678472701,0.00160493231834055,0.0335004355289296,0.996725684437115,0.00476104580675132
1.247,0.685000539786488,-0.79314487683718,0.265155179425927,-0.822289473014301,0.179592540312948,0.0350695651749358,0.00160171769634387,0.0334678474785919,0.996728623547294,0.00475347855415608
1.248,0.678174950933433,-0.801254644057071,0.265362184560548,-0.821925504321946,0.179768722645338,0.0342406593957371,0.00080509674880313,0.0334355626469339,0.996731565542558,0.00470555166149177
1.249,0.713578619731784,-0.74847037274649,0.265578641310662,-0.821510925857481,0.179944999519083,0.0434529607734946,0.0100439598087238,0.0334090009647708,0.99673463696077,0.00495058399666734
1.25,0.732064090244828,-0.718686546803338,0.265738430506171,-0.821393199065964,0.180121322537465,0.0531959171814519,0.0198478187722099,0.033348098409242,0.996736901083162,0.00507836247247212
1.251,0.727128365749582,-0.72465138808851,0.265867174264889,-0.821440989367245,0.180297982842508,0.0508864933858564,0.0176182466707281,0.0332682467151284,0.996738723329554,0.00504374867027798
1.252,0.711345434678792,-0.747336887885512,0.266003347829857,-0.821451787879284,0.18047514158017,0.0435177340008329,0.0103250926086092,0.0331926413922237,0.996740648818301,0.00493388240907788
1.253,0.718384483863381,-0.734928798780215,0.266164475530397,-0.8213313179232,0.180652763174429,0.0471558983577341,0.0140240264959803,0.0331318718617538,0.996742924612658,0.0049822421534005
1.254,0.708910272448639,-0.747686057768684,0.266313340439431,-0.8212772494706,0.180830721760673,0.0432313989523633,0.0101678411738068,0.0330635577785565,0.996745024757866,0.00491611312867853
1.255,0.696633576743406,-0.76447801928608,0.266476746803539,-0.821147629588002,0.181009081921183,0.039029555816774,0.00602575040842009,0.0330038054083539,0.996747327348464,0.00483052201696828
1.256,0.684234732389943,-0.781123274422435,0.266658894608051,-0.82091957315754,0.181187770935814,0.0359247770454986,0.0029696091618125,0.0329551678836861,0.99674989070224,0.00474404874955343
1.257,0.675918226399835,-0.791478486184699,0.266859585184272,-0.820593648889387,0.181366694093368,0.0345058406132553,0.00158827478266349,0.0329175658305918,0.996752710955428,0.00468584478113659
1.258,0.654292121555286,-0.820892877727464,0.267072161862707,-0.820204923589327,0.181545757190192,0.0328879363357573,8.86054339916784e-07,0.0328870502814174,0.996755693618438,0.00453536412686843
1.259,0.663902731261532,-0.805643473915479,0.267316526661995,-0.819646630302649,0.181724899693722,0.0332423397859218,0.00036677191502542,0.0328755678708964,0.996759116439649,0.00460133316144336
1.26,0.662900896333719,-0.805264370531429,0.267545268185061,-0.819169177469133,0.181903958792952,0.0332161648403628,0.000361328864618713,0.0328548359757441,0.996762314759728,0.00459378317831083
1.261,0.672478068163235,-0.789876416957517,0.267774440515941,-0.818688884832398,0.182083013765296,0.0343845163575688,0.00155010744013045,0.0328344089174384,0.996765513623805,0.00465953479145917
1.262,0.678969360294355,-0.778740222130129,0.267987848745929,-0.818290304460263,0.182262062078678,0.0357230546686987,0.00291843271931949,0.0328046219493792,0.996768487527776,0.00470393272943618
1.263,0.673201960975247,-0.785362469067866,0.268190135810904,-0.817949638852802,0.182441184001776,0.0347480019968407,0.00197979622065778,0.0327682057761829,0.996771302085827,0.00466343118643337
1.264,0.645042657083867,-0.824257326146323,0.268400395221076,-0.817567339175734,0.182620436446255,0.0328198779025195,8.3375297621659e-05,0.0327365026048978,0.996774223071928,0.00446782244028771
1.265,0.662485142216628,-0.798291877099942,0.268652412514811,-0.816963843423283,0.182799779065789,0.0333784961554361,0.000648872502421262,0.0327296236530148,0.996777718146511,0.004587968210886
1.266,0.675576761729055,-0.777864600013249,0.268876940086884,-0.816501146008819,0.182978998881117,0.0354824926135371,0.00277595893122232,0.0327065336823148,0.996780826464044,0.00467802604388257
1.267,0.686335448776319,-0.760462621654983,0.269080132952467,-0.816148263386781,0.183158235168209,0.0384328396839478,0.00576202089143072,0.0326708187925171,0.996783634956518,0.00475196665498342
1.268,0.685391940974821,-0.76010794136623,0.269265350109124,-0.815888414354593,0.183337596440906,0.0384021073933421,0.00577768577639964,0.0326244216169425,0.99678619129942,0.00474492632400427
1.269,0.700345126863555,-0.736284154407738,0.269451131930448,-0.815626310025656,0.183517174625944,0.0442597591134551,0.0116814830448049,0.0325782760686503,0.996788751905269,0.0048479258662073
1.27,0.708210455222628,-0.722692184256997,0.269611904696802,-0.815493495387201,0.183696967701019,0.0484885286423887,0.0159712594241151,0.0325172692182736,0.996790964966385,0.00490191576274577
1.271,0.694023843902559,-0.74266373673713,0.26975895141906,-0.815432881539467,0.183877103837206,0.0422629746195365,0.00981496333561394,0.0324480112839226,0.996792986776752,0.00480331417365659
1.272,0.724234761809476,-0.695692420964945,0.269928376339217,-0.815257697655502,0.184057654500854,0.0588725822194733,0.0264808309225776,0.0323917512968956,0.996795313543681,0.0050119120411012
1.273,0.713295759121726,-0.711141145706719,0.270046977054248,-0.815342323848717,0.184238507802226,0.0524091560985565,0.0201036975948064,0.0323054585037501,0.996796940588233,0.00493587261898814
1.274,0.738751133193125,-0.670234318939974,0.270183269914558,-0.81533808393951,0.184419923747178,0.0711937794148721,0.0389644825597437,0.0322292968551284,0.996798808581611,0.00511161627826825
1.275,0.759997175536324,-0.634692660332516,0.270275655601868,-0.815559687576582,0.184601815240713,0.0926447931612438,0.0605176249989265,0.0321271681623173,0.996800073723721,0.00525834246479607
1.276,0.798520518546972,-0.569838140383123,0.270330295972468,-0.815977631201841,0.184784408207251,0.144059334516915,0.112056713293186,0.0320026212237289,0.996800821569397,0.00552470699589994
1.277,0.818716424446238,-0.533554274634524,0.270314407422334,-0.816757922610121,0.184967898831845,0.18019021056295,0.148353739246639,0.0318364713163107,0.996800604138951,0.00566448801508548
1.278,0.849852564243888,-0.477115645233272,0.27026043717222,-0.817740964358989,0.185152652089359,0.246302776003185,0.214655184538832,0.0316475914643536,0.99679986537999,0.00588009441177324
1.279,0.826469321213165,-0.518935029269972,0.270146119084225,-0.819041112824578,0.185338870762883,0.198117388727695,0.166694346177901,0.0314230425497938,0.996798299589163,0.00571868465103383
1.28,0.841923970163758,-0.490060382527225,0.270078399085505,-0.820112026904819,0.185526873698365,0.23289605683779,0.201671233843966,0.0312248229938249,0.996797371417388,0.00582584984925605
1.281,0.856899511037326,-0.461633952267995,0.269981054196636,-0.821345652330698,0.185716435225795,0.270641436954024,0.239632568935299,0.0310088680187245,0.996796036390496,0.00592980955497689
1.282,0.850002067982699,-0.473305478866001,0.269854732906386,-0.82274036069034,0.185907718354462,0.257017174633,0.226241606586809,0.0307755680461911,0.996794302533701,0.00588250821976043
1.283,0.858570465584658,-0.456451811831955,0.269743056648684,-0.824073170081045,0.186100884623087,0.281057788923434,0.250507769727174,0.0305500191962598,0.996792768338788,0.00594219003773707
1.284,0.884301218356498,-0.407704135653086,0.26961514538418,-0.8255028628794,0.186295872665418,0.354027376445259,0.323712854155874,0.0303145222893849,0.996791009547794,0.0061207257406494
1.285,0.848548792189939,-0.47499229575849,0.26943601705511,-0.827209175769533,0.186492779764759,0.260264678939791,0.230215566427667,0.0300491125121232,0.996788543710934,0.00587387191014125
1.286,0.846351638345224,-0.477877648245116,0.26933023708404,-0.828547175770051,0.186691885423883,0.258111675727399,0.22828687722907,0.0298247984983292,0.996787086029305,0.00585902075711391
1.287,0.834059259077505,-0.499152514871201,0.26922954155808,-0.829871786020248,0.186892826570908,0.232729124447002,0.203126365101658,0.0296027593453437,0.996785697348765,0.00577426050480515
1.288,0.839803871566931,-0.487627733707777,0.269153524403115,-0.831080436255844,0.187095590274616,0.248525090180417,0.219130994381669,0.0293940957987479,0.996784648316541,0.00581428628517688
1.289,0.828639792426874,-0.50664615592992,0.269066893263033,-0.832355584750573,0.18730006141015,0.226316893858746,0.197138025299471,0.0291788685592744,0.996783452089282,0.00573728020108531
1.29,0.813925959900829,-0.531665988736353,0.269002451104791,-0.833526977306848,0.18750630745312,0.198342154141606,0.169366591357305,0.0289755627843015,0.996782561754017,0.00563561536628182
1.291,0.819965114073503,-0.519794029212869,0.268966436478308,-0.834560640084633,0.187714225308766,0.212970543109009,0.184182867975958,0.0287876751330507,0.996782063988751,0.00567754853351268
1.292,0.82385168010487,-0.511676423933274,0.268919241935426,-0.835661871149986,0.187923678050698,0.223756756873948,0.195163739962903,0.0285930169110447,0.996781411501821,0.00570461516371462
1.293,0.808851513900318,-0.537026102616802,0.268864975307113,-0.836809967202381,0.188134734636717,0.195523073160456,0.167129179550459,0.0283938936099971,0.996780660956832,0.00560092474195481
1.294,0.807878371725801,-0.537413969801273,0.268839406296629,-0.837818287719531,0.188347443191813,0.196047893406024,0.167837660905193,0.0282102325008315,0.996780307214722,0.00559426880654803
1.295,0.791056029295693,-0.565337861748488,0.268815826137154,-0.83882536776506,0.188561664453052,0.167147379948207,0.139120186898897,0.0280271930493108,0.996779980928319,0.00547785471422201
1.296,0.80471194666563,-0.540731599771253,0.268823500974507,-0.839677617362353,0.188777398097404,0.194082914842189,0.166221928346312,0.0278609864958772,0.996780087133845,0.0055723936422105
1.297,0.831030026395182,-0.493873082991016,0.268805930041541,-0.840668143733614,0.18899448967528,0.251386056305091,0.22370565659931,0.0276803997057814,0.996779843975743,0.005754697014611
1.298,0.812032478207301,-0.526641686089836,0.268738704667398,-0.841923204697817,0.189213080960325,0.212414548615729,0.184942537582703,0.0274720110330262,0.996778913373354,0.00562336160029341
1.299,0.851327598200602,-0.456766773998783,0.268708014650885,-0.842997687431279,0.189433444026713,0.304860161456472,0.277576980137182,0.0272831813192896,0.996778488375945,0.00589558659068474
1.3,0.855190331817248,-0.448631607556131,0.268602019058362,-0.844467804780517,0.189655398166228,0.318722668721851,0.29166998740806,0.0270526813137908,0.996777019794916,0.00592269925531674
1.301,0.852391424103838,-0.452736368032907,0.268489180600347,-0.845986858090866,0.189879352958104,0.314810836531546,0.287992885942432,0.026817950589114,0.996775455130952,0.00590369989279733
1.302,0.854071951002419,-0.448608361604374,0.268382676588493,-0.847486521769409,0.190105359481091,0.322998347243522,0.296412176596246,0.0265861706472763,0.996773977096021,0.00591570314318283
1.303,0.837851027900901,-0.477316592051053,0.268273638795128,-0.849012809302715,0.190333399292108,0.283847236124194,0.257494695602018,0.0263525405221762,0.996772462682166,0.00580371484711437
1.304,0.845389252150966,-0.462634312128844,0.268196996257399,-0.850382222942301,0.190563500913338,0.30643071483335,0.280294791586528,0.0261359232468215,0.996771397465465,0.00585619058482718
1.305,0.865093092197675,-0.425814019509322,0.268106289148941,-0.851836852068438,0.190795506625878,0.3643879755671,0.338476681091331,0.0259112944757698,0.996770135985342,0.00599299714271159
1.306,0.840703849694194,-0.470110153371922,0.267977467260004,-0.853502091488202,0.191029505275533,0.299922774478717,0.274256973385642,0.0256658010930753,0.996768342968442,0.00582447204412631
1.307,0.842139061260999,-0.466420872245818,0.267897402693866,-0.854924189322419,0.191265715665385,0.307148570845952,0.28170267024201,0.0254459006039418,0.996767227714997,0.00583468502121236
1.308,0.856600305534858,-0.439230205718566,0.267815129954591,-0.856369991990171,0.191503892618439,0.350085817212813,0.324861409660132,0.0252244075526814,0.996766081008308,0.00593516035569528
1.309,0.840427344668006,-0.46791065556099,0.267705247821896,-0.857972082361689,0.19174406214668,0.309158463924933,0.284170590445468,0.0249878734794642,0.996764548386196,0.00582347151502146
1.31,0.855828261057896,-0.439097320290503,0.26762763753511,-0.859417464614407,0.191986387481088,0.35483296522293,0.330064983855209,0.0247679813677211,0.996763465129349,0.00593045290589239
1.311,0.854934429259785,-0.43973538955284,0.267520636597113,-0.861028394614173,0.192230710275119,0.35625954146847,0.331727298445587,0.0245322430228824,0.996761970617594,0.00592462502302111
1.312,0.842513810088149,-0.461460344547176,0.267416164685904,-0.862639729354288,0.192477203958843,0.32522335504735,0.300925897623377,0.0242974574239724,0.99676051027553,0.00583890323355034
1.313,0.87128448693572,-0.408533006536067,0.267336574018894,-0.864133112516553,0.192725870915786,0.412296508990325,0.388221210156527,0.0240752988337978,0.99675939696553,0.00603857105655293
1.314,0.855058734825358,-0.437875606075263,0.267201163537984,-0.865929359336476,0.192976591974857,0.36669281487085,0.34286904528199,0.0238237695888598,0.996757501326869,0.00592657912324836
1.315,0.856219384024442,-0.434761289470379,0.267098766061724,-0.867565942759998,0.193229685975628,0.374245566854441,0.35065655800495,0.0235890088494909,0.996756066567642,0.00593497450839148
1.316,0.83136803718509,-0.479246605874061,0.266994843815748,-0.869224153993766,0.193484990836495,0.30815730954732,0.284804166747146,0.0233531428001736,0.996754609318635,0.00576306038051402
1.317,0.861945177621573,-0.423826111907225,0.266939511121924,-0.870637091351679,0.193742531247485,0.39708441558935,0.373942490778233,0.0231419248111178,0.996753832953402,0.00597521252366001
1.318,0.863054540724278,-0.420840285653393,0.266825529518017,-0.872367116301689,0.194002057419016,0.404941204449547,0.382040802399174,0.0229004020503731,0.996752232678761,0.00598329638646777
1.319,0.845233747349724,-0.452738364758263,0.266710205200676,-0.874118564821903,0.194263905345974,0.35553096287946,0.332873038870174,0.0226579240092862,0.996750612160687,0.00586014011400512
1.32,0.843716611513722,-0.454436227539536,0.266630378246417,-0.875695387220181,0.194528099829959,0.355214624759345,0.332781434699909,0.0224331900594369,0.996749489624637,0.00584989097506724
1.321,0.849328959655032,-0.443292850016759,0.266554032392503,-0.877266298078803,0.194794462673928,0.375483458327869,0.35327350318516,0.0222099551427094,0.996748415411223,0.00588906344114489
1.322,0.862053201023797,-0.419241237205054,0.266467424529886,-0.878903796858666,0.195062990300129,0.418445663521782,0.396464350417461,0.0219813131043216,0.996747196062467,0.00597758922305222
1.323,0.846473357484671,-0.446946992602456,0.266356696802702,-0.880681422133325,0.195333755115676,0.374886277796106,0.353145908510455,0.0217403692856507,0.996745635976103,0.00586993147015307
1.324,0.849051779826222,-0.441279492868514,0.266276996961925,-0.882307805493774,0.195606907279428,0.386747089817875,0.365232398510368,0.0215146913075068,0.996744512250741,0.00588808240582091
1.325,0.854252756430014,-0.430875019927539,0.266192903901167,-0.883970117502199,0.195882292083779,0.406900155311941,0.385613523947305,0.0212866313646365,0.996743325853753,0.00592443796384136
1.326,0.830779880081302,-0.472613572047219,0.266099367784853,-0.885695377234801,0.196159950160211,0.341679396193472,0.320625673028646,0.0210537231648256,0.996742005351894,0.00576195903721837
1.327,0.858692626356029,-0.422153119718741,0.266051317292598,-0.88719014913646,0.196439950776821,0.427267312387137,0.406424296128965,0.0208430162581723,0.996741326635116,0.00595571579328251
1.328,0.859056412477957,-0.420555959860669,0.265950189447046,-0.888974998652745,0.196722056629267,0.433120230130734,0.412514080849301,0.0206061492814331,0.996739897395527,0.00595858643724661
1.329,0.849675735964151,-0.436775133298129,0.265849090270547,-0.890773634377816,0.197006579958107,0.408022632935756,0.387653459285578,0.0203691736501782,0.996738467474226,0.00589386380198916
1.33,0.831358329947221,-0.46889628206388,0.265766852879602,-0.892485458571951,0.197293538544281,0.357707392188557,0.337566157161199,0.0201412350273577,0.996737303526889,0.00576707669171625
1.331,0.853928577526991,-0.4279203962937,0.265720001354781,-0.894020374653993,0.197582844242395,0.428723706394894,0.408793445581466,0.0199302608134285,0.996736640091444,0.00592380500910633
1.332,0.828575940372079,-0.472992074650513,0.265630500733983,-0.895791634728756,0.197874314451825,0.356180124132366,0.336481442282442,0.0196986818499245,0.996735372077992,0.00574822735522783
1.333,0.82576468174236,-0.476849407172866,0.265589800993484,-0.897313466332548,0.198168205364801,0.352315681481105,0.332825327598656,0.0194903538824486,0.996734795175646,0.00572885874397312
1.334,0.799015511427482,-0.522677755321532,0.26555462834828,-0.898816625645664,0.198464258271944,0.285671268242376,0.266386714192682,0.0192845540496941,0.996734296475193,0.00554339502269345
1.335,0.793216666010935,-0.53128933588539,0.26556873268783,-0.900064571799796,0.198762456783378,0.275147151205044,0.25604515495351,0.0191019962515343,0.996734496471482,0.00550311914912973
1.336,0.805964489980189,-0.508552917355078,0.265593165300562,-0.90126547086457,0.199062535608226,0.30926138823026,0.290337195818682,0.0189241924115784,0.99673484287004,0.00559148127978682
1.337,0.821416786981243,-0.480898555696057,0.265594434376432,-0.902596967664496,0.199364448106618,0.35351190148688,0.334776500633787,0.0187354008530927,0.996734860860892,0.00569867938814762
1.338,0.821987934938716,-0.478787710778484,0.265567313354119,-0.904087741034814,0.199668337916562,0.359087433356346,0.340554177115244,0.0185332562411022,0.996734476346618,0.005702730969545
1.339,0.821921054988617,-0.477797300828366,0.265539315808606,-0.905593419647505,0.199974380052828,0.362930319377341,0.344599666379775,0.0183306529975656,0.99673407932285,0.00570235902154724
1.34,0.813499229950718,-0.491398276454186,0.26551163104825,-0.907107723223775,0.200282594184066,0.343564643219833,0.325436485496323,0.0181281577235097,0.99673368665225,0.0056440198100029
1.341,0.802575067721225,-0.509132154256856,0.265499668293374,-0.908548128208607,0.200592993327206,0.318372273532823,0.30043939654106,0.0179328769917629,0.996733516951535,0.00556826688472785
1.342,0.776936238995497,-0.551646675558594,0.265507695962153,-0.909890887217875,0.200905502161513,0.259432595121223,0.241685866623002,0.0177467284982202,0.996733630831769,0.00539035970906313
1.343,0.789558590138927,-0.529517418001017,0.265561348414452,-0.910996091572113,0.201220019899575,0.291578265840336,0.273996911181604,0.0175813546587327,0.996734391766834,0.00547776374571345
1.344,0.797479341984951,-0.514987015153895,0.26559236103028,-0.912227920967042,0.201536297081638,0.314478072152479,0.297072432051723,0.0174056401007557,0.996734831468342,0.00553261705063717
1.345,0.76467947117501,-0.569358528150746,0.265608990863062,-0.913543728901059,0.201854474840083,0.240226860356823,0.223003468426655,0.0172233919301674,0.996735067206307,0.00530501279871032
1.346,0.781140141861186,-0.541273603738102,0.265683350788894,-0.914555564147367,0.202174648117467,0.2792954634498,0.262228366123137,0.0170670973266633,0.996736120942352,0.00541897741358806
1.347,0.783850024283137,-0.535501854100641,0.265728528840089,-0.915727459285127,0.202496496264275,0.288926271747995,0.272028583963052,0.0168976877849437,0.996736760861301,0.00543763493912906
1.348,0.790804511443593,-0.522655664473233,0.265768635968883,-0.91693325194539,0.202820197879956,0.309188682716513,0.292462681715884,0.0167260010006296,0.996737328771492,0.00548575194625106
1.349,0.785837718253581,-0.529782075001394,0.265796117500759,-0.918213241991179,0.203145793752896,0.300372970071831,0.283824257682423,0.0165487123894075,0.996737717806404,0.0054512112880387
1.35,0.810057872817159,-0.488068445590997,0.265832277077867,-0.919454654710656,0.20347336884903,0.366396841332705,0.35002156898374,0.0163752723489654,0.996738229567183,0.00561910486695395
1.351,0.811472346050804,-0.484501472196403,0.265824506997507,-0.920934919067029,0.203802885299818,0.374453062656013,0.358270491496033,0.0161825711599808,0.996738119610208,0.00562894182308226
1.352,0.815896332872023,-0.47574757594436,0.265814194896293,-0.922438140096736,0.20413461066664,0.391312032745127,0.375323184265262,0.0159888484798659,0.99673797367033,0.00565966335561108
1.353,0.79046882358834,-0.518770958324588,0.265795811773066,-0.923993831047073,0.204468574413293,0.324685942361116,0.308894213723842,0.0157917286372736,0.996737713478895,0.00548333737811885
1.354,0.78019801011594,-0.5348222815785,0.265823721596762,-0.925310375551157,0.204804838541757,0.302423124081567,0.286808398096432,0.0156147259851357,0.996738108495385,0.00541200352640192
1.355,0.788805435807885,-0.519288898521595,0.265869693978718,-0.926538116835594,0.205143147924648,0.327350094749889,0.311904533637141,0.0154455611127479,0.996738758976117,0.00547156564715515
1.356,0.746804997773952,-0.588542844423523,0.265900108255457,-0.927855334037941,0.205483409776026,0.231766467153974,0.216496650497266,0.015269816656708,0.996739189195669,0.00518013786317665
1.357,0.736314412277516,-0.603834042240343,0.26600329229093,-0.928785966473609,0.205825727286717,0.213607147467602,0.198482041619646,0.0151251058479558,0.996740648033385,0.0051070670669117
1.358,0.722943323662831,-0.623380817480912,0.266123497867499,-0.929630251796276,0.206169686432578,0.191200394840449,0.176212767324247,0.0149876275162025,0.99674234609866,0.00501397776509013
1.359,0.704687498583494,-0.650038579783889,0.266265138194432,-0.930363900122807,0.206515196503731,0.162423178642554,0.14756397656109,0.0148592020814637,0.996744344990932,0.00488696513189093
1.36,0.669177706087659,-0.701855843612974,0.266435570485,-0.930946589342642,0.206862140028471,0.11323304003151,0.0984901709697393,0.0147428690617704,0.9967467473912,0.00464025067319208
1.361,0.678640183969941,-0.686799907543724,0.266660522074206,-0.931237495482841,0.207210355286282,0.126682657273666,0.112033333492212,0.014649323781454,0.996749913589677,0.00470525528872772
1.362,0.680212319968735,-0.682984654720467,0.266869879301195,-0.931610857268466,0.207559528089435,0.130364126733575,0.115814847211874,0.0145492795217008,0.996752855501645,0.00471558584083299
1.363,0.678595709060864,-0.683799091343395,0.267075769741321,-0.932003342202625,0.207909754117911,0.129780890628553,0.115333094807253,0.0144477958213001,0.996755744199601,0.00470381978712464
1.364,0.668052217100171,-0.697552532384162,0.267283147434876,-0.932388915909935,0.208261058411408,0.117511170981783,0.103164242782836,0.0143469281989473,0.996758649265406,0.00463018133985198
1.365,0.676071418285204,-0.684546881139845,0.267505730656713,-0.932694906078998,0.20861343704624,0.129347878588826,0.115095557261582,0.0142523213272435,0.996761762327315,0.00468515943138367
1.366,0.706773262957817,-0.638593738524247,0.26771490012744,-0.933071559740509,0.208966805409475,0.176110309977569,0.161958088897922,0.014152221079647,0.996764683065739,0.0048973311696407
1.367,0.718614396969118,-0.61920498865502,0.267874355836159,-0.933706101788088,0.209321246556847,0.198653751645783,0.18462190950155,0.0140318421442327,0.996766906561927,0.00497892170102197
1.368,0.711329657419279,-0.628992773565007,0.268013591529195,-0.934448524403647,0.209677057594896,0.187967622247239,0.174064336043632,0.0139032862036069,0.996768845940632,0.00492805319436946
1.369,0.690463684227652,-0.659369724504269,0.268164043481498,-0.935135201127476,0.210034364372998,0.155570508673651,0.141791190776237,0.0137793178974133,0.996770939283965,0.00478307934006249
1.37,0.682085374625585,-0.670284479646039,0.268347346442985,-0.935651125883463,0.210393108616917,0.144878145206875,0.131209527257725,0.0136686179491496,0.996773486534317,0.0047245397956914
1.371,0.666932465206818,-0.690961858743023,0.268542965429312,-0.936104135258473,0.210753104073371,0.12545324228975,0.11189035549508,0.0135628867946707,0.996776201097276,0.00461905963386381
1.372,0.643312504134671,-0.723266729639245,0.268761193378096,-0.936439623102782,0.211114284068027,0.0980072128302534,0.0845410044814152,0.0134662083488382,0.996779224736909,0.0044549102877721
1.373,0.647138983220366,-0.716399622678337,0.269014135808907,-0.936592766917754,0.211476520761614,0.103499474916276,0.0901161208950033,0.0133833540212731,0.996782723221986,0.00448075372848561
1.374,0.602780709467685,-0.776611853273245,0.269260207017746,-0.936781173278671,0.211839614103853,0.0609361273017465,0.0476383260548217,0.0132978012469248,0.99678612036262,0.00417302624127124
1.375,0.599337448277621,-0.77946331550223,0.269569460936634,-0.936633847949671,0.212203607812105,0.0590557780254193,0.0458185734095796,0.0132372046158398,0.996790380978151,0.00414844729481539
1.376,0.595320854974572,-0.783034772041594,0.269882249451551,-0.936466447283992,0.212568133260006,0.0567920147544219,0.0436139816818795,0.0131780330725424,0.996794680357703,0.00411990071385282
1.377,0.588291818717025,-0.790448456003151,0.270199347452664,-0.936274927418725,0.212933171011082,0.0524718299209051,0.0393512418997289,0.0131205880211762,0.996799028811773,0.00407051028761963
1.378,0.577437854859271,-0.802626937826714,0.270524875612915,-0.936037905351336,0.213298696978109,0.0459626875040626,0.0328962100352705,0.0130664774687921,0.996803482266707,0.00399465762343426
1.379,0.579056515815373,-0.798975323144362,0.270863919194044,-0.93572892369303,0.213664662744994,0.047539712666373,0.0345220347521202,0.0130176779142528,0.996808109241809,0.00400507005728865
1.38,0.592263076514592,-0.780778384073834,0.271199447014053,-0.935435615273782,0.214030989821751,0.0570658438025236,0.0440982815890377,0.0129675622134859,0.996812676847205,0.00409561893676646
1.381,0.576042769448802,-0.80000573213942,0.271515459724009,-0.93523909338032,0.214397699323671,0.0465876888003088,0.0336777545026374,0.0129099342976714,0.996816968466486,0.00398272408611989
1.382,0.579959050018936,-0.793481190230158,0.271852546295437,-0.934932216312548,0.214764906261516,0.0496605683447107,0.036800083450417,0.0128604848942937,0.99682153528217,0.00400901902217262
1.383,0.577203791693776,-0.795336407890034,0.272182970065986,-0.934656902738051,0.215132488309015,0.0484650495683274,0.0356565296498729,0.0128085199184546,0.99682600085245,0.00398921016412383
1.384,0.558926845756117,-0.816688006329949,0.272515875186578,-0.934366845458724,0.215500485020518,0.0381658157495399,0.0254082613888366,0.0127575543607034,0.996830489006135,0.00386214901190289
1.385,0.544823403066326,-0.832246237469617,0.272872154552216,-0.933954978851999,0.215868882613874,0.031670738593573,0.0189551551908326,0.0127155834027404,0.996835280154763,0.00376391868114991
1.386,0.546153235568181,-0.829034283887062,0.273245651721177,-0.933452811266886,0.216237545114492,0.0326315779923932,0.0199513309571288,0.0126802470352644,0.996840289429307,0.00377228989737554
1.387,0.563948386811661,-0.806160996452418,0.273616073496678,-0.932963246279458,0.216606372001075,0.042025879242728,0.0293820650879898,0.0126438141547383,0.996845243949961,0.00389436572147656
1.388,0.572120159644164,-0.794453108904703,0.273961495199872,-0.93259511013227,0.216975380791599,0.0474262362271867,0.0348282748443075,0.0125979613828792,0.996849852013801,0.00395000569967296
1.389,0.551569952862194,-0.818607058461766,0.274294460408539,-0.932286722813245,0.217344716835701,0.0361043710974235,0.023556921397204,0.0125474497002195,0.996854282917305,0.00380738929250618
1.39,0.549692667458991,-0.819256761426751,0.274653934819344,-0.931842083462318,0.217714452983501,0.0355823109435526,0.0230753197586443,0.0125069911849083,0.996859054529265,0.00379364032343616
1.391,0.542713493288941,-0.826065017138017,0.275014584447114,-0.93138898032399,0.218084435624123,0.0326353102737654,0.0201682707909868,0.0124670394827786,0.996863829205602,0.0037446914429886
1.392,0.5343547861728,-0.834424030571847,0.275383141157427,-0.930893784605963,0.218454657859884,0.0293273307001309,0.0168972098369715,0.0124301208631594,0.996868695644196,0.00368622909134714
1.393,0.534869082611192,-0.832196739774114,0.275761297228258,-0.930348009839796,0.218825073672584,0.0298642774703681,0.0174674109679944,0.0123968665023737,0.996873675312485,0.00368896789261686
1.394,0.548204623886599,-0.814841251609103,0.276137453904236,-0.929809249740694,0.219195627073213,0.0362960254387338,0.0239330818900239,0.0123629435487099,0.996878615121342,0.0037801176748586
1.395,0.531254836168581,-0.833753364879457,0.276494662807999,-0.929360343897177,0.21956632911232,0.0288516452962085,0.0165296037617226,0.0123220415344859,0.996883293659833,0.00366248218218254
1.396,0.555508078540746,-0.803635066560653,0.276872945496078,-0.928804176082557,0.219937288998441,0.0405823414016633,0.0282933132929165,0.0122890281087469,0.996888235050527,0.00382884399651623
1.397,0.55167442305886,-0.80674237459297,0.277217576124777,-0.928407800419797,0.220308384818347,0.0389419300325699,0.0266982996687059,0.012243630363864,0.996892725115128,0.00380165999898922
1.398,0.562659613818769,-0.791692855871468,0.277566138366802,-0.927989867861302,0.220679810483776,0.045663612943741,0.0334638720462504,0.0121997408974907,0.99689725506186,0.00387657588565937
1.399,0.583809711014356,-0.763665312050598,0.277898320857936,-0.927649030447887,0.22105154359972,0.0605320734991294,0.048382192120456,0.0121498813786735,0.996901561560672,0.00402151873454915
1.4,0.571534785277529,-0.778009768244206,0.278199274813665,-0.927456361833878,0.221423678875732,0.0522294199551755,0.0401408025785041,0.0120886173766714,0.99690545432525,0.00393627603104041
1.401,0.564885282416851,-0.784873551656956,0.278516576675345,-0.927182282128954,0.22179639703799,0.0483898717130123,0.0363564980768781,0.0120333736361342,0.996909549435308,0.00388976259904267
1.402,0.575995776620542,-0.769292957502223,0.27884201686384,-0.926866859415854,0.22216960540294,0.0565037280969398,0.0445225845866889,0.0119811435102509,0.996913739897426,0.00396551891673247
1.403,0.562280420383627,-0.785328342735546,0.27915043631854,-0.926631342386343,0.222543258160454,0.0476858234521015,0.035763042275043,0.0119227811770585,0.996917702178123,0.00387040006433507
1.404,0.535130843451102,-0.817825217299898,0.279477098674457,-0.926305530435852,0.222917454127083,0.0329246349089999,0.0210535646639553,0.0118710702450446,0.996921889289881,0.00368281948545313
1.405,0.522635615286803,-0.831169863315512,0.279839745718596,-0.925801711469572,0.223292089672494,0.0278329633141635,0.0160005625041881,0.0118324008099754,0.996926526198299,0.00359606805155302
1.406,0.550008799829319,-0.79753576813739,0.280217661233825,-0.925221487714244,0.223666958748534,0.0408903305466783,0.0290910339342502,0.0117992966124282,0.996931345563314,0.00378358168044986
1.407,0.553433671471257,-0.791714949380313,0.280557385232943,-0.924818325373931,0.224041973540754,0.0433263260557179,0.0315737699903867,0.0117525560653312,0.996935666809591,0.00380638975669885
1.408,0.547465403290628,-0.797534028987311,0.280891087959452,-0.924441764742248,0.224417352625059,0.0403724329796933,0.0286687155356987,0.0117037174439947,0.996939901289626,0.00376461061532334
1.409,0.564914538004247,-0.774472405314549,0.281231833347279,-0.924029523161947,0.224793130965395,0.0514241600472059,0.0397667135199451,0.0116574465272608,0.996944214767234,0.00388382849920407
1.41,0.560027237287568,-0.779099426584691,0.281546756763845,-0.923736663345257,0.225169268818451,0.0487538365191189,0.0371517869681574,0.0116020495509616,0.996948192081862,0.00384952248886971
1.411,0.539574420867083,-0.803312889276648,0.281867433307604,-0.923414797436447,0.225545914433596,0.0371360696797574,0.0255873269472091,0.0115487427325482,0.996952232922884,0.00370824153858393
1.412,0.523224761084549,-0.821611615069926,0.282215471493824,-0.922960078868424,0.225923036015858,0.0297031508817369,0.0181979943550688,0.0115051565266681,0.996956608155794,0.00359514959808982
1.413,0.540566354117649,-0.799528722931231,0.282584390382898,-0.922403550717023,0.226300478074482,0.0381835283171474,0.026714538766508,0.0114689895506395,0.996961234116134,0.00371350837838196
1.414,0.523913672266348,-0.818288100359833,0.282928457552539,-0.921960251072791,0.226678121559308,0.0304182117576248,0.0189940505215076,0.0114241612361171,0.996965537582715,0.0035983890293906
1.415,0.510022142884722,-0.833166580502324,0.283293974555037,-0.921413006747306,0.227056108012064,0.0251313433790822,0.013744435894273,0.0113869074848092,0.996970097884818,0.00350223234320212
1.416,0.511504324502393,-0.829857832015988,0.283676660388779,-0.920782135183973,0.22743431543889,0.0259272930823615,0.0145715704902428,0.0113557225921187,0.996974859797667,0.00351162724182196
1.417,0.505035757240851,-0.835773035283895,0.284056111031584,-0.920163667429148,0.227812645825865,0.023859356110976,0.01253586618505,0.011323489925926,0.996979568785307,0.00346645208539189
1.418,0.478085764817248,-0.865110090303427,0.284442769492517,-0.919508821325637,0.228191116971096,0.0164956284629508,0.00520178794157138,0.0112938405213794,0.99698435429811,0.00328073396253964
1.419,0.460729183173739,-0.88240095611427,0.284862442775009,-0.918694991354066,0.228569687361645,0.0135878160028876,0.00231209313020597,0.0112757228726816,0.996989533719298,0.00316085570308344
1.42,0.437515428296807,-0.905187099395496,0.285301978681318,-0.917784855672966,0.228948168846325,0.0115427210386883,0.000278132426490843,0.0112645886121975,0.996994941939688,0.00300082735678769
1.421,0.419439373825133,-0.92165784606097,0.285767380137532,-0.916749848355225,0.229326447424879,0.0113046663894534,4.21469404030817e-05,0.0112625194490503,0.997000650285842,0.00287606662666284
1.422,0.424400454365986,-0.915328681052092,0.286251742023711,-0.915622776925939,0.229704374927438,0.0112673009251325,1.51077478868929e-07,0.0112671498476536,0.997006571478202,0.00290926215741619
1.423,0.426933936777525,-0.911293620734489,0.286729351162122,-0.914522932124925,0.230081842023963,0.0112878220685372,1.81851840666709e-05,0.0112696368844706,0.997012390531534,0.00292581353149498
1.424,0.424850563029042,-0.911761376984309,0.287202856890499,-0.91343823776545,0.230458884313698,0.0112757818708456,4.89525436789593e-06,0.0112708866164777,0.997018140484998,0.00291073132241847
1.425,0.429911014115308,-0.905251221718991,0.287677438602803,-0.912345093639834,0.230835522512104,0.0113601390825698,8.74643125886577e-05,0.0112726747699812,0.997023884511567,0.00294458531545114
1.426,0.430385639902931,-0.903210561540606,0.288145030306374,-0.911280057500637,0.231211748242207,0.0113852298244626,0.000112993038574566,0.0112722367858881,0.997029525430521,0.00294703118621042
1.427,0.396516709621027,-0.93524228953752,0.28861081577161,-0.910219736393589,0.231587598385428,0.0123560696631393,0.00108472748009605,0.0112713421830433,0.997035126386977,0.00271437763284514
1.428,0.388394910167929,-0.941121957563821,0.289112664359907,-0.908988727758271,0.231963080820469,0.0130686462520989,0.00178571295038623,0.0112829333017127,0.997041140796395,0.0026579997321335
1.429,0.388984584936399,-0.939041370226652,0.289621807394901,-0.907721039377794,0.232337991630233,0.0129907493212155,0.00169352427792905,0.0112972250432865,0.99704722132634,0.002661243005339
1.43,0.401146407648278,-0.926530341404537,0.290129114879226,-0.906457925005153,0.232712287388834,0.0120054618222386,0.000694349307683235,0.0113111125145554,0.997053258708916,0.00274363425243435
1.431,0.40233803994049,-0.923866091157955,0.290622261057829,-0.905253800252846,0.233085975525743,0.0119163880963577,0.000595992494648362,0.0113203956017094,0.997059107356883,0.00275099075601553
1.432,0.387836349762869,-0.935877310259068,0.291112882819281,-0.904057363663074,0.233459132013356,0.0130680500176479,0.00173903159414707,0.0113290184235009,0.997064906402233,0.00265107416673658
1.433,0.396904727818399,-0.926140120090504,0.291617812354735,-0.90279315398106,0.233831768265336,0.0122772779711154,0.000934580816778876,0.0113426971543366,0.997070854187797,0.00271225986878856
1.434,0.37911339928546,-0.941064579190422,0.292111845956714,-0.901573190528097,0.234203802439572,0.0140223692027678,0.00266947369657494,0.0113528955061929,0.997076653724107,0.00258993313471494
1.435,0.338935626929771,-0.975119799587213,0.292623508093307,-0.900270858004629,0.234575292052448,0.020941918244725,0.00957264864422084,0.0113692696005041,0.997082639561272,0.00231476288675819
1.436,0.355316546297301,-0.960602435706822,0.293173496137829,-0.898790372371972,0.234946137184154,0.0179150123472096,0.00651616060804373,0.0113988517391659,0.997089050466111,0.00242585479392394
1.437,0.362706119949101,-0.952916241915798,0.293706702438971,-0.89737852924923,0.235316123906559,0.0166739302135937,0.00525088038955317,0.0114230498240405,0.997095242833426,0.00247553208581408
1.438,0.359025120294058,-0.954522416426826,0.294231420146413,-0.895999854302354,0.235685341274808,0.0172647062086295,0.00582006210606,0.0114446441025695,0.997101314708326,0.00244965507830305
1.439,0.363243163088645,-0.949429939631327,0.29475864370214,-0.894606714403951,0.236053832821292,0.016565722577463,0.00509838487954375,0.0114673376979193,0.997107393807218,0.00247766905636476
1.44,0.349509138545792,-0.959664931434446,0.295280464513542,-0.893233335981465,0.236421581885028,0.0189612877868713,0.00747282229066335,0.011488465496208,0.997113389234376,0.00238326022524032
1.441,0.360155106529817,-0.949354508754901,0.295814769572553,-0.891801922700002,0.236788615015591,0.0171126581018245,0.00559860511088204,0.0115140529909424,0.997119506181368,0.00245508405284465
1.442,0.371307184630156,-0.938324023940411,0.296337345185311,-0.890416899427791,0.237154861239307,0.01540839189814,0.00387243224041235,0.0115359596577277,0.997125467507733,0.00253032873567515
1.443,0.359685488885115,-0.947024015626195,0.296847294531149,-0.889081927460218,0.237520381346822,0.0172087714721451,0.00565490345185138,0.0115538680202937,0.997131264564565,0.00245039725405027
1.444,0.38510920978956,-0.923784541291631,0.297368044224004,-0.887696969153738,0.237885240987598,0.0137653733017606,0.00218973236718506,0.0115756409345755,0.997137163880169,0.00262279698820536
1.445,0.378495314319984,-0.928308419387907,0.297860841925757,-0.886424740101746,0.238249378842151,0.014533007996512,0.00294473516425373,0.0115882728322583,0.997142727545069,0.0025770067826067
1.446,0.381253851754672,-0.924289305226657,0.29835962001165,-0.885123712825441,0.238612943222269,0.0141737471637251,0.00257062874003907,0.011603118423686,0.997148340013434,0.00259502779668749
1.447,0.391286373821812,-0.913628393338833,0.298854232645841,-0.88383692072554,0.23897589924151,0.0131016749705953,0.001484890865709,0.0116167841048863,0.997153887110292,0.00266254063460139
1.448,0.380363494210646,-0.922312011925788,0.299336588017682,-0.882598000580747,0.239338266693182,0.0142610533796406,0.00263449701815425,0.0116265563614864,0.99715927908572,0.00258748111143114
1.449,0.363808861615616,-0.935862175766984,0.299829837821019,-0.881309721285685,0.239700108918301,0.0166029302544972,0.00496276539980434,0.0116401648546929,0.997164774902767,0.00247414788502076
1.45,0.385007212848134,-0.915843658318939,0.300339630215971,-0.879947974627018,0.240061364931762,0.0138045813461444,0.00214507174225375,0.0116595096038906,0.997170436068391,0.00261752600703602
1.451,0.381879431353475,-0.917207680840758,0.300825355016183,-0.878681360809099,0.240421943450874,0.0141380654901084,0.00246700836620293,0.0116710571239055,0.997175812117146,0.00259551938878656
1.452,0.382506417102455,-0.915104751651622,0.301313374649893,-0.87740200205316,0.240781970497854,0.0140424044750331,0.0023588354299507,0.0116835690450824,0.997181196109658,0.00259903413937013
1.453,0.384763665343625,-0.91149775049712,0.301799524418899,-0.876127201926783,0.241141431307236,0.0137683548720123,0.00207269330290608,0.0116956615691062,0.997186542160974,0.00261362335789154
1.454,0.396462903081972,-0.899103991213592,0.30228197768293,-0.874864473026202,0.241500333319044,0.0126785900726913,0.000971864492981944,0.0117067255797093,0.997191830562757,0.00269232886296951
1.455,0.408618908532038,-0.885920056605864,0.302749895926605,-0.873657829564196,0.241858693702618,0.0119614846456674,0.000248327438001603,0.0117131572076657,0.997196943538364,0.00277411394012944
1.456,0.363062657658986,-0.929473008016434,0.303202282049371,-0.872511222642028,0.24221658724259,0.0170652402391238,0.0053506275927559,0.0117146126463679,0.99720187178922,0.0024641755559553
1.457,0.367403456577199,-0.924135265831728,0.303705193040559,-0.871146911227944,0.242574094074257,0.0163554815035613,0.00462251846191082,0.0117329630416505,0.997207333220126,0.00249289830180339
1.458,0.368414944911245,-0.921716431645654,0.30420227795812,-0.869803082511401,0.242930944430888,0.0161792241686795,0.00442961150130814,0.0117496126673714,0.997212713636754,0.00249902889738661
1.459,0.346733959305256,-0.939640021424282,0.304697111162612,-0.868465257166393,0.243287166433594,0.0200786598468791,0.00831292270516883,0.0117657371417103,0.997218052244787,0.00235127633147301
1.46,0.377494980005328,-0.912137054411233,0.305213827227551,-0.867033899595115,0.243642769344096,0.0151218820274759,0.00333257276193135,0.0117893092655446,0.99722360846465,0.00255909308961614
1.461,0.384226117385724,-0.904413812091597,0.305696215238675,-0.865734002948472,0.243997635282584,0.0142488821348024,0.00244708236603528,0.0118017997687672,0.997228778603885,0.00260398305956309
1.462,0.383192689248227,-0.903864176818241,0.306169782666367,-0.864466352205432,0.244351941941967,0.0143464305002944,0.00253484940725365,0.0118115810930407,0.997233838358276,0.00259625342444002
1.463,0.386281959431302,-0.899445703424527,0.306643381572711,-0.863195597527151,0.244705733167161,0.0139642283883371,0.00214266841637244,0.0118215599719647,0.997238882819283,0.0026164524503283
1.464,0.377588333446575,-0.906164853618858,0.307112248695002,-0.86194074659915,0.245059006433065,0.0150143015029493,0.00318413161637345,0.0118301698865758,0.997243861554695,0.00255685865890951
1.465,0.370760903365076,-0.910984565312269,0.307589981471166,-0.860647357550603,0.24541178413946,0.015960725150024,0.00411885080444115,0.0118418743455828,0.997248918819732,0.00250991786933543
1.466,0.380692487783781,-0.900413772535956,0.308074301006895,-0.859324672002616,0.245764017667042,0.0145960439504946,0.002740108761297,0.0118559351891976,0.997254029801474,0.00257641361397996
1.467,0.376696805572818,-0.902649681893489,0.308546147231523,-0.858047983462626,0.246115670258884,0.0150897957904586,0.00322368553418514,0.0118661102562735,0.997258993722746,0.00254866105244681
1.468,0.373685016067176,-0.903940053399826,0.309021456622105,-0.856754661048104,0.246466804374736,0.0154800444292874,0.00360243795968604,0.0118776064696013,0.997263978751084,0.00252757337660562
1.469,0.380790561687893,-0.895868356670359,0.309499077318002,-0.85544930027294,0.246817399674962,0.0145293159935123,0.00263926492804888,0.0118900510654634,0.997268972597057,0.00257490718352775
1.47,0.397869394102911,-0.878256543136194,0.30996734396054,-0.854177510154058,0.24716744178824,0.0128348939715216,0.000935259537257293,0.0118996344342643,0.997273853699481,0.0026896490754904
1.471,0.400461016693693,-0.87418461678269,0.310414025730646,-0.85298609104253,0.24751697676931,0.012626191163907,0.000723835678008583,0.0119023554858985,0.997278496082301,0.00270645326818944
1.472,0.392353916961849,-0.88073235781676,0.310856369193585,-0.851808841024534,0.247866113969778,0.0132494066721609,0.00134558900272878,0.0119038176694322,0.997283080229,0.00265096847943228
1.473,0.387976720124251,-0.883492925093123,0.311307502657871,-0.850594475830511,0.248214873765758,0.0136466171893923,0.00173832618013404,0.0119082910092583,0.997287742050987,0.00262069350566889
1.474,0.395009530239056,-0.875190119730048,0.311762789974108,-0.849361207215555,0.248563208843796,0.0129842124143472,0.00106993641180972,0.0119142760025375,0.997292433118516,0.00266747914905757
1.475,0.382601079399387,-0.885906160009392,0.312208375288245,-0.848162498120494,0.248911095722218,0.0141987410448959,0.00228146348006883,0.0119172775648271,0.997297010973595,0.00258300358966382
1.476,0.386374620175442,-0.880797131269593,0.312667869251421,-0.846906897634166,0.249258582146778,0.0137616343268089,0.00183669006126799,0.0119249442655409,0.997301718058225,0.00260776924451125
1.477,0.400906890945089,-0.865249228441225,0.313121692355797,-0.845670287634912,0.249605594684183,0.0125430650927046,0.000612118119656697,0.0119309469730479,0.997306353489992,0.0027051245508814
1.478,0.370618914324061,-0.894159192788886,0.313556435547405,-0.844503233313734,0.249952160212232,0.0158627941850612,0.00393185090762584,0.0119309432774354,0.997310781452295,0.00250011153170484
1.479,0.381505953569397,-0.882541756084482,0.314026803088102,-0.843193813433195,0.250298374273345,0.0144077638752973,0.00246517267899368,0.0119425911963036,0.997315558448623,0.00257283524872136
1.48,0.397430787360268,-0.865779820273974,0.314483131780028,-0.841934628680284,0.250644052893732,0.0128539085896087,0.000904012178525172,0.0119498964110836,0.997320179211712,0.00267950518418269
1.481,0.397759418699203,-0.863947395248839,0.314918707530081,-0.840750567319248,0.250989265395822,0.012805018132396,0.000854336076467709,0.0119506820559283,0.997324577339838,0.00268102782141501
1.482,0.380615306658552,-0.879624901406504,0.315352740197057,-0.839569798356826,0.251334115370892,0.0144949512517965,0.00254383595861223,0.0119511152931843,0.997328947801833,0.00256481013360549
1.483,0.386340033608182,-0.872632211405595,0.315806879617368,-0.838309365977723,0.251678608773283,0.0138233100581895,0.00186515524882322,0.0119581548093662,0.997333507866543,0.00260268490692506
1.484,0.403881461936301,-0.85401409483065,0.316252894223247,-0.83707675878043,0.252022641555605,0.0124163036996459,0.000453550556719291,0.0119627531429266,0.99733797360193,0.00272013697044849
1.485,0.385551235240961,-0.871243359686556,0.316675607472759,-0.835927846132129,0.252366252809527,0.0139292217519126,0.00196918466118399,0.0119600370907286,0.997342194421034,0.00259603119540045
1.486,0.407396231891493,-0.848411656560563,0.317120418123832,-0.834692378560724,0.252709558558718,0.0122612892245021,0.000296762015436302,0.0119645272090658,0.997346623733923,0.00274239520153393
1.487,0.390429227801057,-0.864447400671945,0.317536241663107,-0.833560710965392,0.253052445263387,0.0134620747682277,0.00150217121049301,0.0119599035577347,0.997350753177771,0.0026275321038831
1.488,0.384983153186501,-0.868354291358526,0.317972786907007,-0.832348318838354,0.253395057364369,0.0140006064790145,0.00203858649309907,0.0119620199859154,0.997355076782742,0.00259020856096806
1.489,0.389104356594774,-0.86282696357294,0.318415050470987,-0.831112062914476,0.25373728865607,0.0135455470973689,0.00157943998295384,0.011966107114415,0.99735944493352,0.00261724811938369
1.49,0.367086565195191,-0.883159024098054,0.31885102921022,-0.829896499128601,0.254079108410068,0.0164169699537073,0.00444862381838379,0.0119683461353235,0.997363739149668,0.00246850880507467
1.491,0.343981954152224,-0.903310541973187,0.319312982188626,-0.828580541592546,0.254420546261325,0.0207236658121527,0.00874466944408736,0.0119789963680653,0.997368276406597,0.00231250401882016
1.492,0.348935410881718,-0.897485072264661,0.319800639365364,-0.827165139839801,0.254761469802866,0.0197292104405051,0.00773121171059871,0.0119979987299064,0.997373051905135,0.00234512421706498
1.493,0.347565742755489,-0.897234042794107,0.320281602306637,-0.825771521369703,0.255101747904173,0.0199875941006568,0.00797250284055341,0.0120150912601034,0.997377747604614,0.00233525029005755
1.494,0.34187350168693,-0.900831342499924,0.320763050298078,-0.824373449373755,0.255441411611129,0.0211448939966072,0.00911234853244523,0.012032545464162,0.997382433936606,0.00229634646462671
1.495,0.368957578579093,-0.875602606169744,0.321249880839386,-0.822952936813019,0.255780456094232,0.0163662952379351,0.0043143793176352,0.0120519159202999,0.997387158378434,0.00247755031601947
1.496,0.367270808684681,-0.875723013257225,0.321703850370021,-0.82164641591989,0.256118852087838,0.0166060752492106,0.00454498504792649,0.0120610902012841,0.997391551037236,0.00246555673634809
1.497,0.404429402314538,-0.839122918234548,0.322158786559802,-0.820333850302427,0.256456760831407,0.0126186539699363,0.000547911602113507,0.0120707423678228,0.997395940630151,0.00271427327652129
1.498,0.39619865080931,-0.846212522131375,0.322565018003458,-0.819189507340812,0.256794175388493,0.0131971031079195,0.00113193199450281,0.0120651711134167,0.997399849815738,0.00265838990674957
1.499,0.414614954052473,-0.825897667198097,0.322981128261415,-0.818007009252042,0.257131335567605,0.012159221234884,9.63871839150309e-05,0.012062834050969,0.997403843870436,0.0027812684098041
1.5,0.39090996749405,-0.849803610593183,0.323371224900864,-0.816914549963821,0.257468190811088,0.013724946650317,0.00167252096938039,0.0120524256809366,0.997407578896958,0.0026216435998944
1.501,0.382595160557722,-0.856728959063329,0.32379218576983,-0.815706876270293,0.257804868373566,0.0146504271681103,0.00259859772816585,0.0120518294399444,0.997411599340724,0.00256523599125416
1.502,0.388533054893787,-0.849364844924428,0.324222848267852,-0.814461865732282,0.258141214151357,0.0139330887771083,0.00187867382418553,0.0120544149529228,0.997415701637493,0.00260437926433465
1.503,0.362897140241137,-0.873720161007819,0.324644725150185,-0.813245756678701,0.258477178449382,0.0176869337470615,0.00563254735968641,0.0120543863873751,0.997419709693304,0.00243192655252355
1.504,0.356449019293952,-0.878326607312678,0.32509800332587,-0.811912804343705,0.258812802781915,0.0188481274992215,0.00678379008741607,0.0120643374118055,0.99742400448551,0.00238806869651184
1.505,0.333457773432837,-0.89817334314663,0.325558051326577,-0.81055316877308,0.259147930595522,0.0238675586803006,0.0117909769486086,0.012076581731692,0.997428351192897,0.00223342273578864
1.506,0.340615581529226,-0.8904994543824,0.32604392937386,-0.809097398227339,0.259482526454765,0.0222587529701447,0.0101616594411019,0.0120970935290428,0.997432928633511,0.00228070208180281
1.507,0.331922257257366,-0.896763734964692,0.326520551752406,-0.807671561336324,0.259816461251206,0.0242694706147785,0.0121545418186204,0.0121149287961581,0.997437405640677,0.00222186030374449
1.508,0.341445993094414,-0.887051747913457,0.327006093557347,-0.806211475529314,0.260149777958356,0.0221281556289466,0.00999239734044339,0.0121357582885032,0.997441953010351,0.00228494826330481
1.509,0.357572594266228,-0.871189511846341,0.327479618323931,-0.804790692743214,0.260482430553022,0.0188844698179604,0.00673141614255922,0.0121530536754012,0.997446374845805,0.00239218980735611
1.51,0.346581987197227,-0.880022701891629,0.327932748626588,-0.803437801836711,0.26081447536275,0.0211069457333179,0.00894275875310711,0.0121641869802108,0.997450594278284,0.00231803356283369
1.511,0.355166136706003,-0.870760255649042,0.328398134410713,-0.802039217091115,0.261146009625033,0.0193696454704849,0.00719032881985519,0.0121793166506297,0.997454915709876,0.00237478550684757
1.512,0.343077430125015,-0.88058068006926,0.328852073357918,-0.800677757066461,0.261476971489769,0.0218982900553811,0.00970721735034123,0.0121910727050398,0.997459119065941,0.00229333254412433
1.513,0.325504151539745,-0.894988086878572,0.329319561421268,-0.799266260714746,0.261807414425185,0.0261187379829452,0.0139115149500894,0.0122072230328558,0.99746343577137,0.00217525367461457
1.514,0.319321050965742,-0.898844430540551,0.329806389967894,-0.797784108442064,0.262137270471724,0.027713197618497,0.0154836125274047,0.0122295850910923,0.997467918056114,0.00213331191548694
1.515,0.325273936826016,-0.892386660920124,0.330299126545672,-0.796278913800971,0.262466443556937,0.0262363331008473,0.0139823243750567,0.0122540087257906,0.997472441282367,0.00217244070572149
1.516,0.315442320310725,-0.899393352566197,0.330784141678578,-0.794797664820632,0.262794902651229,0.0288131216828589,0.0165368536705707,0.0122762680122882,0.997476880466743,0.00210616529379346
1.517,0.289950822732112,-0.919233672603346,0.33127915709148,-0.793279237262157,0.263122682611509,0.0362461934615416,0.0239443373398479,0.0123018561216937,0.99748139777709,0.00193538792524619
1.518,0.298392208327298,-0.911318710072583,0.331800253958301,-0.791666472350935,0.263449732776701,0.0339099913312355,0.0215742119257044,0.0123357794055311,0.997486138533439,0.0019911112246097
1.519,0.288413557461581,-0.917791834452816,0.332311616761572,-0.790084121856148,0.263775925044252,0.0369060709046486,0.0245391058182217,0.0123669650864269,0.997490776278768,0.00192393575738851
1.52,0.271829526558652,-0.929081915047934,0.332832330515939,-0.788467085972548,0.264101303555632,0.0421047591333121,0.0297034397548606,0.0124013193784515,0.997495484187339,0.00181274159315897
1.521,0.30446764056839,-0.90403997326996,0.333368530469937,-0.786793965177641,0.264425820854846,0.03305852394256,0.0206177625617601,0.0124407613807999,0.997500316740784,0.00202974140489937
1.522,0.323010830139244,-0.887551673598703,0.333870326167113,-0.785230359877682,0.264749400141689,0.0281490657115204,0.0156792179793111,0.0124698477322093,0.997504825162271,0.0021527117162575
1.523,0.341689604482338,-0.869998814706433,0.334350371515151,-0.783736218321883,0.265072203124524,0.0236203502834751,0.0111279008025069,0.0124924494809683,0.997509125500688,0.00227654065105268
1.524,0.316545130741204,-0.891535621981115,0.334807193910156,-0.782316316387052,0.26539433106756,0.0303225997528071,0.0178145167299637,0.0125080830228435,0.997513206352226,0.00210843469805213
1.525,0.28777588360297,-0.914493526922215,0.335292673167821,-0.78079556253928,0.265715892253497,0.0391888070698977,0.0266560338334531,0.0125327732364446,0.997517531010886,0.00191625048767778
1.526,0.298289732092521,-0.904954732114507,0.335808418012124,-0.779168004280793,0.266036748208281,0.0361255807127906,0.0235585233282354,0.0125670573845552,0.997522111578025,0.00198564504456713
1.527,0.311100172662021,-0.89326314560751,0.336312070891697,-0.777577854753639,0.266356752836216,0.0324947110369015,0.0198968274978368,0.0125978835390647,0.997526571192201,0.0020702944080052
1.528,0.333593638095675,-0.873005842935207,0.336800610734112,-0.776034833932509,0.266675960844014,0.0265841574284766,0.0139598567925769,0.0126243006358997,0.997530884243884,0.00221933094057487
1.529,0.315620677329339,-0.887722619872514,0.337261833437074,-0.774577870383929,0.266994441207174,0.0316214439989672,0.0189789253743461,0.0126425186246211,0.997534944660625,0.00209917818540785
1.53,0.310238848209529,-0.890875225201856,0.337743276835657,-0.773050568946496,0.267312320533196,0.0332192524012611,0.0205520739772547,0.0126671784240064,0.997539171262359,0.00206278644489221
1.531,0.333100855854142,-0.870283974575904,0.338229868345784,-0.771503875171165,0.267629501268721,0.0271180305331297,0.0144243737049777,0.0126936568281519,0.997543430833324,0.00221414821234736
1.532,0.338290127208046,-0.864171538983404,0.338688545272602,-0.770044400096271,0.267945956820443,0.0257915084326168,0.0130797430245928,0.012711765408024,0.997547434836643,0.00224802105340765
1.533,0.315694747847703,-0.883446599422546,0.339139817870092,-0.768606816036768,0.268261815989552,0.0321713582574661,0.0194435674509092,0.0127277908065568,0.997551363634384,0.00209729934563122
1.534,0.292902184237089,-0.901541722167341,0.339617272591928,-0.767079478320201,0.268577111353215,0.0393704054740506,0.0266183384643871,0.0127520670096636,0.997555509007631,0.00194531891010935
1.535,0.287024246567779,-0.90480125179134,0.340119332052272,-0.765467659016511,0.268891718118944,0.0413239068098382,0.0285397627332723,0.0127841440765659,0.99755985545142,0.00190570399244054
1.536,0.319596495506636,-0.877948112378075,0.34062673029566,-0.763836048755123,0.269205518877618,0.0319322542827992,0.0191141239165026,0.0128181303662966,0.997564235096488,0.00212131952693958
1.537,0.313107660669131,-0.882172130514776,0.341096484740376,-0.762319714946501,0.269518486216767,0.0338973190015803,0.0210565077040943,0.0128408112974859,0.997568278200635,0.00207766159575506
1.538,0.318847700945087,-0.875844275013363,0.341572888680843,-0.760779508610617,0.269830793060014,0.0322465381064404,0.0193807835839244,0.0128657545225159,0.997572367178022,0.00211514268651627
1.539,0.336584014591105,-0.858966532234179,0.342041534522633,-0.759261894973657,0.270142406203832,0.0274204246810368,0.0145318823708447,0.0128885423101921,0.997576378453875,0.00223216926534267
1.54,0.339087188601978,-0.855231141950368,0.342487430111976,-0.757813833445063,0.270453359381871,0.0267592773632391,0.0138547157676926,0.0129045615955465,0.997580184812409,0.00224816510958317
1.541,0.337442188438811,-0.855329960056614,0.342929152331927,-0.756376969288672,0.270763755879323,0.0271960424455002,0.0142765558357123,0.0129194866097879,0.997583945785303,0.00223666245294096
1.542,0.347970700585386,-0.844155551587379,0.343371969863452,-0.754934477841779,0.27107361296954,0.0245264396573542,0.0115915111001685,0.0129349285571857,0.997587706371613,0.00230583206502397
1.543,0.37721852818823,-0.814768676686737,0.343800177425258,-0.753535966234563,0.271382923564274,0.0183990196927643,0.00545294196384601,0.0129460777289183,0.997591333670945,0.00249899703782901
1.544,0.376553626445018,-0.814021041670281,0.344187274453117,-0.752262613281952,0.271691753119516,0.0184855489320778,0.00554073866190521,0.0129448102701726,0.997594604960079,0.0024940091460739
1.545,0.372603571283405,-0.816680767963927,0.344574328021733,-0.750987567622471,0.27200028941354,0.0192058602937042,0.00626221430348482,0.0129436459902194,0.99759786853321,0.00246727006949323
1.546,0.363295735033259,-0.824807436402665,0.344966011359994,-0.749695987833007,0.272308531196465,0.0211212370897147,0.00817722546634434,0.0129440116233703,0.997601163688395,0.00240506715763211
1.547,0.350056430194606,-0.836651017818117,0.345369744939319,-0.748364176830152,0.272616455702627,0.0242325528994361,0.0112843791412646,0.0129481737581715,0.997604552397386,0.0023168558415142
1.548,0.329273901915464,-0.855326227257417,0.345790510489999,-0.746976118808036,0.272924006014433,0.0299328893725513,0.0169752287076312,0.0129576606649201,0.997608075642148,0.00217875205278632
1.549,0.287706418996398,-0.891770727543326,0.346237295148736,-0.745502608510625,0.273231102272128,0.0438707457397131,0.0308955201318997,0.0129752256078134,0.997611807381783,0.00190319258273037
1.55,0.301506101150913,-0.87936807569867,0.346732288462803,-0.743869055432359,0.273537623337848,0.0394833885912188,0.0264757351767367,0.0130076534144821,0.997615930551396,0.00199388120745714
1.551,0.276714990874351,-0.898692486094852,0.347210692031186,-0.742284366168781,0.273843346449797,0.0482639051346413,0.0352286098041746,0.0130352953304668,0.997619904360808,0.00182940631308728
1.552,0.294720106633821,-0.883452741261843,0.34771578438532,-0.740611915421181,0.2741483450107,0.0424106311102911,0.0293393375323913,0.0130712935778998,0.997624087991094,0.00194784552086142
1.553,0.299274848538422,-0.878312802004631,0.348200038021355,-0.739000703602072,0.274452494968038,0.0409700722335998,0.0278688377973901,0.0131012344362097,0.997628087619742,0.00197736873374769
1.554,0.292663849436646,-0.882417919334044,0.348678090688949,-0.737406460575312,0.274755888756217,0.0432838896577339,0.0301543511520698,0.0131295385056641,0.997632025135207,0.00193312890655201
1.555,0.324781146996113,-0.854795683195817,0.349162800143801,-0.735789343090173,0.275058552232282,0.0334407724555111,0.0202806670405718,0.0131601054149393,0.997636006471514,0.00214464319709265
1.556,0.313018432573022,-0.864053086300371,0.349607878959585,-0.734288031526785,0.275360452889546,0.03726153586138,0.0240826515273396,0.0131788843340405,0.997639652564536,0.00206641261943579
1.557,0.308772220540197,-0.866361599487515,0.35006665928947,-0.732742026338266,0.275661767983778,0.0387031454201606,0.0255011293632279,0.0132020160569327,0.997643401196704,0.0020378143254179
1.558,0.318677754497896,-0.856389736025508,0.35052965448688,-0.731180959572624,0.275962433464693,0.0355888532949342,0.0223622131539444,0.0132266401409898,0.997647174319777,0.00210259802327599
1.559,0.337507381565466,-0.838154249091609,0.350979473134061,-0.72965769733189,0.276262428135489,0.0300169899488441,0.0167695017013903,0.0132474882474538,0.997650830528434,0.00222622640068101
1.56,0.32827757791805,-0.845487512468613,0.351403976278975,-0.728208160678147,0.276561809254091,0.0328315699373963,0.0195707039260597,0.0132608660113366,0.997654272383059,0.00216478843853
1.561,0.329254529326562,-0.843176371259184,0.351839652641513,-0.726722358556779,0.276860688781531,0.0325501221305207,0.0192723261472601,0.0132777959832605,0.997657796193544,0.00217065703769692
1.562,0.303018117015504,-0.866082652332594,0.352273092708738,-0.725241359628157,0.277159014579414,0.0414489090784689,0.0281546762174336,0.0132942328610354,0.997661293267361,0.00199716441921271
1.563,0.322552746155108,-0.848000811648144,0.352738507254207,-0.723658870803721,0.277456794727104,0.0352360747910157,0.0219155520803629,0.0133205227106528,0.997665038748437,0.00212531487248279
1.564,0.322298941487322,-0.846826286796988,0.353178646277433,-0.722149092057314,0.277753883839577,0.0353458275580086,0.0220064308134078,0.0133393967446008,0.997668571739713,0.00212307511649414
1.565,0.335489808715985,-0.833410078268944,0.353618154593019,-0.720639236073143,0.278050392927287,0.0313399034062583,0.0179816317182395,0.0133582716880188,0.997672090892361,0.00220937732155625
1.566,0.344646794173903,-0.823312356760732,0.354039347137118,-0.719181724632733,0.278346322807168,0.02868534310047,0.0153135359601388,0.0133718071403311,0.997675455191389,0.00226910024938246
1.567,0.315552064247395,-0.850304924874021,0.354447091458977,-0.717762275386113,0.278641753289309,0.0381630834638294,0.0247816308224772,0.0133814526413523,0.997678704455201,0.0020770304684737
1.568,0.308064694311209,-0.855604458335439,0.354892490093805,-0.716225030071726,0.278936742524716,0.0407723341876722,0.0273697324758613,0.013402601711811,0.997682245249158,0.00202719816859316
1.569,0.302433782576865,-0.859132997020221,0.35534634935843,-0.714660361704752,0.27923112103946,0.0427955133218682,0.0293690119409996,0.0134265013808686,0.997685844172016,0.00198959529836959
1.57,0.312804365735196,-0.848823341977853,0.355806210525906,-0.713075728312329,0.279524849156946,0.0393477189575548,0.0258952964714237,0.0134524224861311,0.997689481323213,0.00205724398184884
1.571,0.310085648510134,-0.849848432652064,0.356252209338731,-0.711529790468822,0.279817898116341,0.04032622070502,0.0268518289485532,0.0134743917564668,0.99769299986418,0.00203881039861719
1.572,0.276153326762957,-0.878442563835713,0.356700703799829,-0.709974483251054,0.280110327242326,0.0532806604852378,0.0397833447951452,0.0134973156900926,0.997696529220864,0.00181521027005159
1.573,0.276824907251087,-0.876529514354662,0.357188754216649,-0.708295855317664,0.280402123437819,0.0531508471853518,0.0396184982013887,0.0135323489839632,0.997700359786822,0.00181908428298014
1.574,0.2859466922316,-0.867931055873945,0.35767513336696,-0.70662012415273,0.280693109763367,0.0499426376129448,0.0363754903057095,0.0135671473072353,0.997704166835456,0.00187846945273372
1.575,0.269460676531998,-0.880035607128936,0.358150092081132,-0.704975571039964,0.280983291280978,0.0563825380035994,0.042783761491439,0.0135987765121605,0.997707874513757,0.00176965594780735
1.576,0.262387482605919,-0.884117575295141,0.358642923241629,-0.703275615266497,0.281272716002848,0.059229867801237,0.0455938377528893,0.0136360300483477,0.997711711328467,0.00172268620571213
1.577,0.259236372431202,-0.885113816266425,0.359142593078615,-0.701553491536212,0.281561303083223,0.0605851102266305,0.0469094914727724,0.013675618753858,0.997715590633715,0.00170147968738873
1.578,0.260632426420903,-0.882699917963377,0.359644760315082,-0.699822059396773,0.281849020166315,0.0602125629868733,0.046496313646564,0.0137162493403093,0.997719478467797,0.00171011906524531
1.579,0.26169031304969,-0.880533321068045,0.360144535291617,-0.698095573779346,0.282135853946176,0.0599650318166474,0.0462085751333489,0.0137564566832985,0.997723337016095,0.00171653715966313
1.58,0.268661603615851,-0.873904730755492,0.36064227280618,-0.696372999772101,0.282421812518995,0.0574927135196613,0.0436963687877177,0.0137963447319436,0.997727169205044,0.00176172990355164
1.581,0.233120227248388,-0.900080640449109,0.361131425512249,-0.694673042220103,0.282706902426559,0.0722507383895363,0.0584167957002922,0.0138339426892441,0.997730925005816,0.00152821365805926
1.582,0.235112285596948,-0.897373256166005,0.361656894763522,-0.692861496202056,0.28299115875035,0.0717069645569618,0.0578242259018736,0.0138827386550883,0.997734948332303,0.00154077836825659
1.583,0.230686615812301,-0.899018756801826,0.362179556311146,-0.691056046006704,0.283274421150435,0.0736368985320457,0.0597058673351804,0.0139310311968653,0.99773893858012,0.00151129302185118
1.584,0.210212144176034,-0.911340676445078,0.362705687178568,-0.689238643536972,0.283556699377055,0.0819825515424622,0.0680018466289273,0.013980704913535,0.997742943699673,0.00137671659258165
1.585,0.198493631041392,-0.917128385302362,0.363249968348907,-0.687365827646271,0.283837975960884,0.0867007928639491,0.0726646077088735,0.0140361851550755,0.997747074777335,0.00129953782755812
1.586,0.187714090101388,-0.921987650812475,0.363803537348291,-0.685464140676842,0.28411816994345,0.0909816289600294,0.0768867879276877,0.0140948410323417,0.997751263670252,0.00122854852085505
1.587,0.192557635275984,-0.917983745099826,0.364365115130805,-0.683537408287477,0.284397238749161,0.0895821411239962,0.0754258332675416,0.0141563078564546,0.997755500160489,0.00125981594242119
1.588,0.207909618864005,-0.908010163023629,0.364921988321188,-0.681622059535418,0.284675145385422,0.0844394169479099,0.0702226435254977,0.0142167734224122,0.997759688284062,0.00135979378488418
1.589,0.227235690681927,-0.894923550812612,0.365464964300805,-0.67974311793767,0.28495190757948,0.0776210071838217,0.0633475479391466,0.0142734592446752,0.997763759600286,0.00148569879112358
1.59,0.217059583356978,-0.900326586850104,0.365989151310038,-0.677913641955177,0.285227582465525,0.0819054448333685,0.0675805797518416,0.0143248650815269,0.997767678573475,0.00141871085606963
1.591,0.218212050398504,-0.898238618814381,0.366522187048223,-0.676057066732131,0.285502248036751,0.0817212472748879,0.067341956135363,0.0143792911395249,0.997771652207323,0.00142577817137861
1.592,0.194056502218179,-0.912339617046022,0.367053317186131,-0.674203953268149,0.285775864068546,0.0916819547406759,0.0772484428116085,0.0144335119290674,0.997775600156222,0.00126753568630262
1.593,0.182830287545243,-0.917383680812286,0.367605086553022,-0.67228913104818,0.286048436262416,0.0962006762228536,0.0817063480913036,0.01449432813155,0.997779689436899,0.0011938049256516
1.594,0.184014740791779,-0.915394314401436,0.368165207932428,-0.670348798878048,0.286319874345286,0.0961074751894998,0.0815494014430931,0.0145580737464067,0.997783828079204,0.00120112662510931
1.595,0.18530645378938,-0.913342789374629,0.368723606439156,-0.668411468121662,0.2865901403891,0.0959717538600484,0.081350028968953,0.0146217248910954,0.997787941475575,0.00120914417456433
1.596,0.20035241091988,-0.903768084934869,0.369280185867348,-0.66647739298614,0.286859239240042,0.0909239371583747,0.0762386862881039,0.0146852508702707,0.997792029092622,0.00130687458518515
1.597,0.190914526952796,-0.908004968724437,0.369823322414736,-0.664577665633654,0.287127176143326,0.0948602180101092,0.08011508239007,0.0147451356200392,0.997796006121327,0.00124489763700262
1.598,0.205861076025742,-0.898214166878523,0.370373738838771,-0.662655811822546,0.287394005400667,0.0897153872650888,0.0749077658835208,0.014807621381568,0.997800024555911,0.00134190646256978
1.599,0.197381794727686,-0.902038500617801,0.370910350990776,-0.660769088963619,0.287659693926452,0.0933366936470182,0.0784703484877981,0.0148663451592201,0.997803930727927,0.00128621055477492
1.6,0.204200517051127,-0.896698242481217,0.371453683146802,-0.658861956322474,0.287924297330553,0.0910690175911653,0.0761415239372224,0.014927493653943,0.997807874318197,0.00133019999977246
1.601,0.183960611644004,-0.90763425920026,0.371990175393527,-0.656971491736639,0.288187785020002,0.0994405814534753,0.0844536054292989,0.0149869760241764,0.997811756959866,0.00119795873238823
1.602,0.16647615856025,-0.915860585761679,0.372543259207047,-0.655032603805969,0.288450183231767,0.106358370567838,0.0913064919170621,0.0150518786507758,0.997815747969435,0.00108373098572075
1.603,0.173019353156541,-0.911267117353081,0.373109173113463,-0.653056070840467,0.288711420243596,0.104468866900124,0.0893477691593282,0.0151210977407958,0.997819819312789,0.00112593439409683
1.604,0.156003073484848,-0.918709949428646,0.373669386149283,-0.651093082268319,0.288971440149535,0.111020799335502,0.0958317569533198,0.0151890423821819,0.997823837496282,0.00101485029705287
1.605,0.129051112569386,-0.929931399875124,0.374241346513232,-0.649095676740787,0.289230264261588,0.120632443165887,0.105371445623522,0.0152609975423649,0.997827927527739,0.000839223852007175
1.606,0.125184587598228,-0.930069170954075,0.374829784703736,-0.64704957960545,0.289487841404325,0.122187046156792,0.106848618167382,0.0153384279894105,0.997832122363781,0.000813785052715149
1.607,0.147558985978362,-0.920313286865147,0.375419726764277,-0.64499788772227,0.289744100917537,0.116368588854144,0.100951766251744,0.0154168226024004,0.99783631472001,0.000958885671036512
1.608,0.160263633170865,-0.913334851223597,0.375995206586041,-0.642981219074776,0.289999034200559,0.112688163762202,0.0971968327465025,0.0154913310156992,0.997840391626053,0.0010410756339177
1.609,0.165858711005562,-0.909293631122214,0.376561114264379,-0.640987757449063,0.290252698517115,0.111149544878065,0.0955861334595619,0.0155634114185033,0.9978443885677,0.00107704592393761
1.61,0.16695489705651,-0.907403976242447,0.377122141237002,-0.639005492656243,0.290505130879647,0.111144307402337,0.095509833704118,0.0156344736982191,0.997848339196633,0.00108378962338027
1.611,0.148426557250269,-0.915395916031633,0.377681590898382,-0.637025776368671,0.290756348958415,0.118291843352972,0.102586327376526,0.0157055159764454,0.997852267031016,0.000963180544906691
1.612,0.129787307530745,-0.922410393427257,0.378253629356633,-0.635009945102644,0.291006356852005,0.124965555513631,0.109184699480187,0.0157808560334434,0.997856271236046,0.000841928379774196
1.613,0.167336581233842,-0.906312618185447,0.378836814518772,-0.63296193040045,0.291255100726155,0.114478533698709,0.0986184494865508,0.0158600842121579,0.997860341018414,0.00108511962032243
1.614,0.179532557561094,-0.898787637806625,0.379393678422939,-0.63097564993712,0.291502532750866,0.110455319843996,0.0945235317899269,0.0159317880540694,0.997864215439338,0.00116380639084963
1.615,0.213027038185184,-0.879198977901281,0.379940053524453,-0.629014542785437,0.291748757735594,0.0983719692365523,0.0823712201353959,0.0160007491011565,0.997868005845334,0.00138046628832054
1.616,0.201598412725576,-0.885262412689973,0.380455299397317,-0.627128291103667,0.291993815953216,0.103631012492721,0.0875703726990893,0.0160606397936315,0.997871570322232,0.00130599056391851
1.617,0.198444609190169,-0.885862152615454,0.380980719859542,-0.625213447802811,0.292237831299424,0.105285687461287,0.0891616606551053,0.0161240268061817,0.997875195258257,0.00128514259327522
1.618,0.215067164867788,-0.87447393628755,0.381508284742786,-0.623291365599041,0.292480760312184,0.0988769608010051,0.082688484550506,0.0161884762504991,0.997878824943017,0.00139233769824946
1.619,0.231285210421056,-0.862494410113034,0.38201906146702,-0.621409843159544,0.292722592033859,0.0923200189497582,0.0760718172019399,0.0162482017478183,0.997882329572352,0.00149686024730341
1.62,0.237721300830813,-0.856610519115462,0.382512135694083,-0.619571150248003,0.292963391856495,0.089748487433221,0.0734455944660795,0.0163028929671415,0.997885703859603,0.00153804527672335
1.621,0.24632691035398,-0.849016075687548,0.382997327588251,-0.617750847740899,0.29320322876636,0.0861779513827938,0.0698224266915958,0.0163555246911981,0.997889015724217,0.00159324508931724
1.622,0.256013263573509,-0.840370967298476,0.38347192199771,-0.615955706822602,0.293442132220299,0.082071350465193,0.0656660973665177,0.0164052530986752,0.99789224714344,0.00165541051563034
1.623,0.24108157734635,-0.850763294740198,0.383934240246984,-0.614189873073752,0.293680142539002,0.089337705812312,0.0728861585814364,0.0164515472308756,0.997895387295083,0.00155841472982677
1.624,0.236937042655926,-0.852500313514549,0.384413229912327,-0.612379025518597,0.2939173067349,0.0914983711632247,0.074995120435872,0.0165032507273527,0.99789863271556,0.00153116940583443
1.625,0.259959430325735,-0.834394634187388,0.384896082566547,-0.61055664116846,0.294153556053486,0.0816434513405727,0.0650869798214679,0.0165564715191048,0.997901896134323,0.00167944597717148
1.626,0.263804872978856,-0.829983408709613,0.385351002858979,-0.608801283380798,0.294388872918049,0.0800780653448696,0.0634765865431969,0.0166014788016727,0.997904963286508,0.00170380909438485
1.627,0.258011476504313,-0.833362365883526,0.385800303989129,-0.607058441708236,0.294623366456808,0.083018086183789,0.0663730245512955,0.0166450616324935,0.997907985453458,0.00166592818776246
1.628,0.259181957051366,-0.831099723951998,0.386255969413446,-0.60529778595054,0.294857056961436,0.0826918239681376,0.0660009413998713,0.0166908825682663,0.997911043248034,0.00167301334410964
1.629,0.240014459048461,-0.845121103204767,0.386709359398552,-0.603541226803199,0.295089917111008,0.0921945743177275,0.0754582676418345,0.016736306675893,0.997914078620814,0.00154885232156758
1.63,0.257152468387529,-0.831069251625813,0.387184813563491,-0.601726177453492,0.29532195386563,0.0847127406342148,0.0679239523713729,0.0167887882628419,0.997917254073587,0.00165895762498015
1.631,0.244382778686434,-0.839912734459583,0.387639016032012,-0.599961559006309,0.295553077803297,0.0911007946007484,0.0742657011035406,0.0168350934972078,0.997920280315856,0.00157613303003079
1.632,0.248280041048014,-0.835633860047592,0.388107789677776,-0.598158266999409,0.295783370800289,0.0895395094018494,0.0726533437275346,0.0168861656743148,0.99792339621467,0.0016008026565751
1.633,0.221180760219978,-0.855199368806907,0.388571119689248,-0.596366873296559,0.296012773291335,0.103141815134686,0.0862059187333474,0.0169358964013385,0.99792646854249,0.0014256682591503
1.634,0.230087324045422,-0.847753486209682,0.389064365378241,-0.594496539952848,0.29624130461962,0.0994224571960778,0.0824273391948681,0.0169951180012098,0.997929731198775,0.00148262347751813
1.635,0.225099382037046,-0.850003911499865,0.389547083224991,-0.59265041162671,0.296468845020382,0.102061520109175,0.085010036975054,0.0170514831341213,0.997932916217159,0.00145004782546316
1.636,0.251313913652781,-0.830294253126013,0.390034512521829,-0.590790934192854,0.296695433659101,0.0906439619413542,0.0735343129113324,0.0171096490300218,0.997936124322603,0.00161842691001621
1.637,0.271592445258746,-0.813069923359481,0.390490747833207,-0.589004111578346,0.296921049925197,0.0814437268825106,0.0642851185178193,0.0171586083646913,0.997939119862509,0.00174852221385021
1.638,0.237008399429305,-0.841087511966071,0.390920296726843,-0.587279775097515,0.297145813736131,0.0995929166868528,0.0823932241862472,0.0171996925006056,0.997941933794758,0.0015254616201078
1.639,0.233925325063119,-0.842051779027929,0.391392027937653,-0.585445449013932,0.297369827320264,0.101372731731057,0.0841187401672644,0.0172539915637924,0.997945016943065,0.00150517657105534
1.64,0.236219169686866,-0.839052067758514,0.391866514405069,-0.583602756878231,0.297592924154265,0.100570420416288,0.0832609422219713,0.0173094781943165,0.997948110611037,0.00151948782685159
1.641,0.234877614433309,-0.838726858983625,0.392337551327481,-0.58176690914972,0.297815091406124,0.101511712429096,0.0841474587319446,0.0173642536971512,0.997951174386401,0.00151041568303286
1.642,0.256846067826399,-0.82121402670227,0.392809343958776,-0.579927646251928,0.298036340382039,0.0915256797821729,0.0741060749778611,0.0174196048043118,0.9979542357116,0.00165120240100624
1.643,0.271790333052685,-0.807832782634165,0.393253668984167,-0.578151730879041,0.298256666054422,0.0845398383039992,0.067072973116322,0.0174668651876773,0.997957112091076,0.00174679248175192
1.644,0.290662976706402,-0.790375212188649,0.39367763325809,-0.576422809822544,0.298476172783384,0.0756466431518683,0.0581384699193945,0.0175081732324738,0.997959850609942,0.00186759376266898
1.645,0.291020941808123,-0.78872537268162,0.394074457134061,-0.574756698168642,0.29869493737197,0.0756301768787133,0.0580887606948672,0.0175414161838461,0.997962408481705,0.00186943185583422
1.646,0.281301025537503,-0.796322190456703,0.394469944254078,-0.573092349841039,0.298913062814969,0.0807371635494631,0.063162685100792,0.0175744784486711,0.997964952616629,0.0018065490048506
1.647,0.280396498095087,-0.795806547762687,0.394878463320888,-0.571394711201641,0.299130552511318,0.081379077281729,0.0637673069900716,0.0176117702916574,0.997967575234187,0.00180028183160724
1.648,0.298376812441957,-0.778562677375962,0.395287433169807,-0.569694496587391,0.299347354464908,0.0728319739927296,0.0551825245190462,0.0176494494736834,0.997970195315897,0.00191523608230527
1.649,0.303828789296952,-0.772099828100605,0.395669570861673,-0.568055985223342,0.299563465114258,0.0702910857084168,0.0526119429976034,0.0176791427108134,0.997972638601391,0.00194976708766947
1.65,0.311193556389237,-0.763699058428177,0.396042671848013,-0.566437607528563,0.299778985802117,0.0668323950092059,0.0491261204625367,0.0177062745466693,0.997975019559549,0.00199656474097675
1.651,0.316623369595377,-0.757028196658749,0.396403596237705,-0.564846768861514,0.299993949562351,0.0643158518882242,0.0465859814854409,0.0177298704027833,0.997977318547331,0.00203094438732106
1.652,0.319501331829327,-0.752822204332898,0.396755145899935,-0.563276858240885,0.300208401493624,0.0630273621931111,0.0452765875835698,0.0177507746095412,0.997979553799531,0.00204895546453375
1.653,0.33475455084339,-0.736038714812385,0.397101285788227,-0.561718494576527,0.300422375989833,0.0560318899171643,0.0382616983004222,0.0177701916167421,0.997981750788051,0.0021463105564937
1.654,0.335366788242135,-0.734073407332065,0.397421452122611,-0.560219749950464,0.30063589229525,0.0558083150838692,0.038026500612295,0.0177818144715742,0.997983779512507,0.00214980648202948
1.655,0.332636697979293,-0.735671631191763,0.397739805393864,-0.558724112170738,0.300849048325001,0.0571534500220995,0.0393604362237402,0.0177930137983593,0.997985793510132,0.00213188216174997
1.656,0.330861117119787,-0.736239565113042,0.398062000859205,-0.557218128497561,0.301061849788392,0.0580614020695878,0.0402558831271191,0.0178055189424687,0.997987828534647,0.00212007598380933
1.657,0.33258640522409,-0.733111774390992,0.398386406970741,-0.555705681744003,0.301274280810576,0.0573193317444352,0.0395004964496489,0.0178188352947863,0.997989874196251,0.00213069962985446
1.658,0.325909433159079,-0.738880751320109,0.398707129455045,-0.554200719562801,0.301486331720313,0.0606028013727802,0.0427716381401273,0.0178311632326529,0.997991893356994,0.00208750580704406
1.659,0.354498988400813,-0.70785349077396,0.399038261827975,-0.552669781619128,0.301698015297715,0.0480218373873862,0.0301750306809341,0.0178468067064521,0.997993974649401,0.00227015726660169
1.66,0.372323674776915,-0.686376552788462,0.399319054725638,-0.551253049484153,0.301909290679082,0.0407090901053615,0.0228618706384728,0.0178472194668887,0.997995736834579,0.00238388564675996
1.661,0.368682870325391,-0.689406379684351,0.399566063118917,-0.549913603382419,0.302120348049321,0.0421866167587464,0.0243492083493461,0.0178374084094003,0.997997284949091,0.00236021031046171
1.662,0.3666837707139,-0.690462398539748,0.399819278367743,-0.548558676495256,0.30233131499914,0.0430117520993606,0.0251822103379905,0.0178295417613701,0.99799886997925,0.0023470412033271
1.663,0.373239610419153,-0.681474516224091,0.400075560161453,-0.54719566390775,0.302542167426701,0.0403569235798216,0.0225342559941893,0.0178226675856323,0.998000472161818,0.00238862069850169
1.664,0.366597285927625,-0.688113929341702,0.400318721868853,-0.545862382025684,0.302752893102398,0.0430861005858451,0.0252742397599261,0.017811860825919,0.9980019904257,0.00234575525964848
1.665,0.397485661422275,-0.650553774727416,0.400573807111849,-0.544500170536017,0.302963541214419,0.0318437982426897,0.0140390694078074,0.0178047288348824,0.998003581157215,0.0025429959127049
1.666,0.364230692127082,-0.691628933797828,0.40076760522407,-0.543276713404102,0.303174066050633,0.045236819131634,0.0274577847721046,0.0177790343595293,0.998004788343756,0.00232995808808497
1.667,0.365721283910844,-0.688590635222877,0.401025913065826,-0.541897480991432,0.303384699427882,0.0446027125730942,0.0268297892944865,0.0177729232786077,0.998006395553457,0.00233911542405493
1.668,0.374214285124388,-0.677330071601194,0.40128072324298,-0.540525506489811,0.303595196896847,0.0410855109864673,0.0233196961021001,0.0177658148843671,0.998007978973128,0.00239305436506472
1.669,0.38667447348308,-0.6610697033596,0.401518650185132,-0.539191739654538,0.303805571068145,0.0362512191512348,0.0184975692038756,0.0177536499473592,0.998009455664042,0.00247236773724877
1.67,0.36352884081306,-0.68853228370631,0.401731455695295,-0.537915094390415,0.304015885265056,0.0459686270707873,0.0282347042978717,0.0177339227729156,0.998010774957193,0.00232406684487633
1.671,0.37131360953741,-0.678144098016053,0.401988476799001,-0.536532773452476,0.304226234152365,0.0426708006255576,0.0249432115621039,0.0177275890634537,0.998012366503729,0.00237345370704855
1.672,0.34468363341162,-0.708653899988859,0.402230013447073,-0.535185299299808,0.304436450324667,0.0551222943010743,0.0374056564888548,0.0177166378122195,0.998013860312337,0.00220290065728439
1.673,0.347311414709054,-0.704444196789391,0.402520237312246,-0.533721145076894,0.304646591697631,0.0539252755815681,0.0362048385202282,0.0177204370613399,0.998015652860891,0.00221929182539258
1.674,0.354186974557203,-0.695461330731668,0.402805013002768,-0.532268517098656,0.304856473841041,0.0507807376021951,0.0330580473948521,0.017722690207343,0.998017409248347,0.00226282264088988
1.675,0.344488684466811,-0.705239872186787,0.40307654013928,-0.530845317072928,0.305066116362929,0.0554476967434302,0.0377266571292534,0.0177210396141768,0.998019081612504,0.0022004882475264
1.676,0.356421746044904,-0.690693178591486,0.403364970858396,-0.529381681320407,0.30527556833607,0.0499799650637864,0.032255402714397,0.0177245623493894,0.998020855621469,0.00227630177953252
1.677,0.3634914629651,-0.681274533068893,0.403630897865176,-0.527968351726882,0.305484765247804,0.0468356079644211,0.0291142047870676,0.0177214031773535,0.99802248897374,0.00232106616146901
1.678,0.336458275616879,-0.711720065513006,0.403882855802628,-0.526586068403133,0.305693790932259,0.0601454711671138,0.0424313589862155,0.0177141121808982,0.998024034542113,0.00214810728807684
1.679,0.33298189491466,-0.71420987190162,0.404183516650729,-0.525087837877703,0.305902697258775,0.0619676958256305,0.0442461682377952,0.0177215275878353,0.998025876343779,0.00212551198624669
1.68,0.345407866335985,-0.699542618879998,0.404489519762087,-0.523576152290877,0.306111300377799,0.0560063088840217,0.0382756485039127,0.0177306603801091,0.998027748059855,0.00220440748278286
1.681,0.348738555373203,-0.694534396280151,0.404772710830672,-0.522115062327044,0.306319579146351,0.0544554268776853,0.0367223702653083,0.017733056612377,0.998029477721095,0.0022252690412674
1.682,0.336435755161754,-0.707144338295793,0.405049120465868,-0.520668425519985,0.30652761814767,0.0606582605961013,0.0429247519480802,0.017733508648021,0.998031163630599,0.00214639401440791
1.683,0.335666371382368,-0.70669888925806,0.405346946027627,-0.519171142922015,0.306735441935403,0.0611189354326344,0.0433784637956529,0.0177404716369816,0.998032977589199,0.00214108561696292
1.684,0.342757855519107,-0.697697016780504,0.405645396076145,-0.517671315829948,0.306942969334441,0.0576954946887201,0.0399477638797799,0.0177477308089402,0.998034792679337,0.00218591025991173
1.685,0.344525687151339,-0.694450296985668,0.40593044498311,-0.516200755435129,0.307150196965681,0.0568869736289091,0.0391358907118918,0.0177510829170173,0.998036523775541,0.00219679163523703
1.686,0.349981204804693,-0.687067992337879,0.406211570669159,-0.514738065491066,0.307357173972705,0.05430770944431,0.0365543547148428,0.0177533547294672,0.998038228666523,0.00223118397880398
1.687,0.347219782385459,-0.688932760210933,0.406481978466043,-0.513298609388224,0.307563914112541,0.0556968171165177,0.0379443081974066,0.0177525089191111,0.998039866333623,0.00221320392265726
1.688,0.370477700307142,-0.661397039433013,0.406756774888799,-0.511848156669479,0.307770456579457,0.0452447526002241,0.0274916973932829,0.0177530552069411,0.998041528348794,0.00236104434427644
1.689,0.36658782205258,-0.664818969461824,0.406986677690931,-0.510496431038923,0.307976784181555,0.0469985287707285,0.0292582622119311,0.0177402665587975,0.998042917115436,0.00233591713730409
1.69,0.373039794497682,-0.655850676836275,0.407223538152898,-0.509128094870801,0.308183063780429,0.0441616569987786,0.0264320625426768,0.0177295944561018,0.998044346271004,0.00237667601603268
1.691,0.375950106904138,-0.651050519144651,0.407447085401447,-0.507788929400447,0.308389269028345,0.0429009449542555,0.0251859490856526,0.0177149958686029,0.998045693573891,0.00239488175397509
1.692,0.382017172290964,-0.642355341772138,0.407664213619,-0.506463513792946,0.308595449167095,0.0403477812382449,0.0226492641426517,0.0176985170955932,0.998047000775166,0.0024331984578039
1.693,0.360692486886519,-0.667667503060761,0.407868496506677,-0.505166280231065,0.308801627846719,0.0500497620082682,0.0323715212713349,0.0176782407369332,0.998048229371563,0.00229707948578161
1.694,0.367447557866114,-0.65845303255743,0.408114342356844,-0.503772759673429,0.309007852748622,0.0469831920146856,0.02931284732766,0.0176703446870257,0.998049706304794,0.00233973798921255
1.695,0.374891614915691,-0.64826222983909,0.408346417021213,-0.50240923734273,0.309213968856482,0.0437062629266274,0.0260478536524517,0.0176584092741757,0.998051098875081,0.00238679032843723
1.696,0.360311510571166,-0.66486273863511,0.408563107155576,-0.501079348791236,0.309420026933609,0.0504704104008306,0.032828464341172,0.0176419460596585,0.998052397701883,0.00229365212335786
1.697,0.34595890029299,-0.680505166557726,0.408807811548501,-0.49968486538568,0.309626083878647,0.0576232503047604,0.0399894282745017,0.0176338220302588,0.998053862788942,0.0022019483986859
1.698,0.342728356151781,-0.682896734757723,0.409078961446374,-0.498229253987652,0.309832035184348,0.0593151281671163,0.0416815354343697,0.0176335927327466,0.998055484162607,0.00218101500924315
1.699,0.316185652454943,-0.71140471483152,0.409355372565075,-0.496760786773732,0.310037781938688,0.0739088653226929,0.0562738624430209,0.017635002879672,0.998057134785519,0.00201175603739784
1.7,0.319829171676435,-0.706364453746026,0.409677973686366,-0.49518494528101,0.310243303784585,0.0720792533132224,0.0544290731501073,0.017650180163115,0.99805905842093,0.00203452550549864
1.701,0.349012897678613,-0.674507877649809,0.409993606655471,-0.493623426546983,0.310448428309912,0.0575655003595424,0.0399020669098698,0.0176634334496726,0.99806093757618,0.00221973095467489
1.702,0.313196707360563,-0.714248262820651,0.410256003082856,-0.492176240186772,0.31065318012676,0.0777649778354882,0.0601039142219967,0.0176610636134915,0.998062497580814,0.0019916103415226
1.703,0.313912995243831,-0.712244128553478,0.41058158878818,-0.490581946381172,0.310857755433109,0.0775122390572016,0.059834786004904,0.0176774530522976,0.998064430487613,0.0019957563766368
1.704,0.321602794445589,-0.703048814845827,0.410905217886669,-0.488990784688137,0.311061919368297,0.0734493805346775,0.0557559727650239,0.0176934077696537,0.998066348743043,0.00204422929026605
1.705,0.316218290627852,-0.707477101190845,0.4112149020401,-0.487429183824957,0.311265677906961,0.0765810288033321,0.0588756459175484,0.0177053828857837,0.998068181515215,0.00200961163140754
1.706,0.295916787661191,-0.727332588987521,0.411533147038558,-0.485847284712765,0.311469081364599,0.0885711122389254,0.070851099844951,0.0177200123939744,0.998070062078362,0.00188021603373834
1.707,0.284732485406713,-0.736963814144568,0.411884329684938,-0.484189500842515,0.311672096962689,0.0953085795122121,0.0775640742562351,0.017744505255977,0.998072133902824,0.00180875248768855
1.708,0.312915546804635,-0.709257504267403,0.412252383606679,-0.482492577642376,0.311874601905858,0.0801416954607154,0.0623675374504502,0.0177741580102652,0.998074301472192,0.001987323654286
1.709,0.288410757910929,-0.73328414124775,0.412573874479876,-0.480894021947397,0.312076532544426,0.0949894962663059,0.0771992317748583,0.0177902644914476,0.998076191654741,0.00183132308795547
1.71,0.320144486575389,-0.701811751019957,0.412934759851509,-0.479204941722929,0.312278058815607,0.0778201007104782,0.0600019620087481,0.0178181387017301,0.998078309948139,0.00203236074587574
1.711,0.337624534644855,-0.682063364024015,0.413242200784455,-0.477628209550555,0.312479034519711,0.0683985192047404,0.0505680836870613,0.017830435517679,0.998080111619525,0.00214291345421687
1.712,0.331629247835792,-0.687497642328176,0.413517502146408,-0.476119769807763,0.312679654591031,0.0718584276258679,0.0540250470165548,0.0178333806093131,0.998081722672416,0.00210449598987141
1.713,0.364467768882944,-0.650213869129605,0.4138030907147,-0.474587556311819,0.312880035949462,0.0551091075313205,0.0372696609161344,0.0178394466151861,0.998083391660336,0.00231247059414494
1.714,0.358249887172604,-0.656468118586941,0.414025351052598,-0.473188835230062,0.313080139963939,0.0583936775902017,0.0405667136353004,0.0178269639549014,0.998084688962988,0.0022727009561762
1.715,0.362925565460886,-0.649671050617478,0.414259323017189,-0.471763520378552,0.313280198005774,0.0560199875163714,0.0382020241393592,0.0178179633770121,0.998086053120744,0.00230202332747345
1.716,0.35257972419661,-0.660869178394224,0.414483404351012,-0.470358920894277,0.313480166779607,0.0615885050195816,0.043782402180281,0.0178061028393006,0.998087358168017,0.00223608401601241
1.717,0.334688324498268,-0.680537965921281,0.4147272178278,-0.468909962001602,0.313680082073273,0.0717951003805188,0.0539950238588195,0.0178000765216992,0.998088776533072,0.00212228916535179
1.718,0.331713595131082,-0.682588522015889,0.415004224214692,-0.467386345188193,0.313879871224635,0.0736008458791707,0.055796994595675,0.0178038512834957,0.998090385972836,0.00210305858821321
1.719,0.341460586393154,-0.670602201328996,0.415286004377634,-0.465851234180515,0.314079412126716,0.0682839215185193,0.0504748030349181,0.0178091184836012,0.998092020945905,0.00216446948084263
1.72,0.363127284467933,-0.644774729722274,0.415548985278458,-0.46435560956691,0.314278686428423,0.0569753019463817,0.0391663318535399,0.0178089700928418,0.998093544839654,0.00230142957739322
1.721,0.370930339394761,-0.63411551717148,0.415769116976403,-0.462950304938593,0.314477761932524,0.0530292753905307,0.0352329317913143,0.0177963435992164,0.998094818953191,0.00235055719647839
1.722,0.344168894283543,-0.665898800711955,0.41597280011627,-0.461579713871031,0.314676794461883,0.0679580470094227,0.0501791093502272,0.0177789376591955,0.998095996661992,0.00218069155959636
1.723,0.364259171528305,-0.641643571402462,0.416228888304783,-0.460091811732257,0.314875843777102,0.0573717302639071,0.0395948507726024,0.0177768794913048,0.998097475744481,0.00230761261214627
1.724,0.383626413065026,-0.616915747837979,0.416444864762962,-0.458688282559942,0.315074718365083,0.0478222855133626,0.0300591181290743,0.0177631673842883,0.998098721740586,0.00242997430568674
1.725,0.370140109187601,-0.632927057037253,0.416620051612321,-0.457370823840228,0.315273563910746,0.0547257048603241,0.0369881273057485,0.0177375775545756,0.998099731467245,0.00234428970792668
1.726,0.377161262084751,-0.623033361951331,0.416822950873885,-0.455992143864721,0.315472528950172,0.051190835565572,0.033470767961984,0.017720067603588,0.998100899859512,0.0023884522158082
1.727,0.397249212690997,-0.596542815031228,0.417010690842594,-0.454645342707979,0.315671512577941,0.0418400988669612,0.0241419381971282,0.0176981606698331,0.998101979944496,0.0025153650270443
1.728,0.382511391495138,-0.614862854495798,0.417154603391503,-0.453390980120788,0.315870569931287,0.0489147082202563,0.0312512027941223,0.017663505426134,0.998102807228136,0.00242182558071356
1.729,0.361137951167607,-0.640925576126621,0.417330065874202,-0.452067324119265,0.316069860842074,0.0603708857429789,0.0427328897051299,0.017637996037849,0.998103815105185,0.00228624870953894
1.73,0.381635295681139,-0.614979093220586,0.417549301778113,-0.450646899017409,0.316269270870311,0.0499627798412653,0.0323375825760346,0.0176251972652307,0.998105073231493,0.00241567616046674
1.731,0.419247045351789,-0.565810727777962,0.417725465806185,-0.449316782521542,0.3164686406675,0.033843664418438,0.0162437299042983,0.0175999345141397,0.998106083224852,0.00265345569358458
1.732,0.400120711928564,-0.591418277238199,0.417817011132361,-0.448162597560341,0.316668126822588,0.0421089753743436,0.0245588250516012,0.0175501503227424,0.998106607741294,0.00253225673562782
1.733,0.380916818885774,-0.615894566922656,0.417952022448311,-0.44691347732044,0.3168680378022,0.0516730363371564,0.0341601512966522,0.0175128850405042,0.998107380880365,0.0024105147317346
1.734,0.353095581037307,-0.650107687212241,0.418128530943544,-0.445573372133061,0.317068216539904,0.0675132111282101,0.0500256296198042,0.0174875815084059,0.998108390898982,0.00223420730197133
1.735,0.337717032854516,-0.667035599601307,0.418361644433299,-0.444108000385743,0.317268512551522,0.0768730653340645,0.0593944439616741,0.0174786213723904,0.998109723517187,0.0021365848499638
1.736,0.329873160170473,-0.674661183988829,0.418623886669394,-0.442578301823117,0.31746871986189,0.0818108788414312,0.0643327649347461,0.0174781139066851,0.998111220879066,0.00208661414368984
1.737,0.349749115677187,-0.651462109845588,0.41890014890899,-0.441017302148971,0.317668731998635,0.0703427914783902,0.0528610662968371,0.0174817251815531,0.998112796265161,0.00221195309886569
1.738,0.331829806241271,-0.671230845876085,0.419137806081776,-0.439536272750608,0.317868497228951,0.0815133495403079,0.064039051639884,0.0174742979004239,0.998114149844061,0.00209830878200815
1.739,0.326534029323254,-0.675883916001603,0.419409165576284,-0.437981005119727,0.318068154988318,0.0849498743950526,0.0674732452834004,0.0174766291116522,0.998115693499149,0.00206446677550315
1.74,0.322009145182467,-0.679602063107764,0.419689665589706,-0.43640506054218,0.318267582337134,0.0879441954659244,0.0704625189826634,0.017481676483261,0.998117287052816,0.00203549751962593
1.741,0.337329279999648,-0.661799569632386,0.419977753899573,-0.434811769434544,0.318466745266255,0.0788297050080951,0.06134070312088,0.0174890018872151,0.998118921500687,0.002131951066642
1.742,0.35042867880104,-0.645719323199344,0.420236646326709,-0.43327858582674,0.318665615341232,0.0711852387617647,0.0536972052412689,0.0174880335204958,0.99812038839606,0.00221437753938414
1.743,0.345122068404082,-0.650743273772628,0.420469427550063,-0.431799240012318,0.318864297408214,0.0744831719074478,0.057003537924916,0.0174796339825318,0.998121705801949,0.00218052343308578
1.744,0.323030951639242,-0.675160515338891,0.42071203230479,-0.430298025829432,0.319062885340912,0.0887314402722407,0.0712573377570205,0.0174741025152202,0.998123077251863,0.00204063558046796
1.745,0.334724042525196,-0.661212389552972,0.420995806230448,-0.428706568544089,0.319261343095827,0.0816841182006337,0.0642036761447259,0.0174804420559078,0.998124679426254,0.00211412266761114
1.746,0.333847908534603,-0.660969546133878,0.421257086924419,-0.427161121560423,0.3194595211207,0.0823652469928663,0.0648848186752628,0.0174804283176034,0.998126152696205,0.00210824007857643
1.747,0.335201873862637,-0.658216851038647,0.421519374997216,-0.425612522515285,0.31965749980901,0.0816590547889204,0.0641782760853651,0.0174807787035552,0.998127629809409,0.00211643865342731
1.748,0.34397332486372,-0.647074566368769,0.421778431329779,-0.424069724582459,0.319855274772585,0.0764344080646509,0.0589541282413913,0.0174802798232596,0.998129086919293,0.00217146448138865
1.749,0.351704436367826,-0.636878637165688,0.422019879138365,-0.422562780558866,0.320052856925665,0.0718932054304525,0.0544183919569072,0.0174748134735453,0.998130443376171,0.00221993043602911
1.75,0.349235031768401,-0.638592739002558,0.422245373566996,-0.421088301009084,0.320250309098984,0.0734846137116866,0.0560197737007894,0.0174648400108972,0.998131708805825,0.00220402874834023
1.751,0.361334508582464,-0.623101246040938,0.422475203394527,-0.41960379974758,0.320447688287426,0.0664663735054984,0.0490102262987095,0.0174561472067889,0.998132997174828,0.00228005658863245
1.752,0.376085298382607,-0.603876644090771,0.422679872041743,-0.418170768598395,0.320644978448708,0.0582355764439473,0.0407952619387848,0.0174403145051625,0.998134143317094,0.00237282764387224
1.753,0.379082258315889,-0.598865409152233,0.422852880915266,-0.416802657331276,0.320842269835371,0.0566097736547732,0.0391943003070868,0.0174154733476863,0.998135111299619,0.00239147396639608
1.754,0.367780936983577,-0.612161716307224,0.42301891098409,-0.41544857937052,0.321039676365025,0.0631266185864896,0.0457379767649844,0.0173886418215052,0.998136039491299,0.00231993433009474
1.755,0.365709275476913,-0.613537609938662,0.42320861839681,-0.414043740063802,0.321237223361566,0.0643876755840953,0.0470191323943366,0.0173685431897588,0.998137099159776,0.00230658893497716
1.756,0.378709478886469,-0.596238906397436,0.423402143208322,-0.412630187200546,0.321434825775595,0.0571605842317763,0.0398110428890006,0.0173495413427757,0.998138179173061,0.00238829021103613
1.757,0.398246072769052,-0.569985831834106,0.423567365551499,-0.411274538974635,0.321632469837522,0.047057186133906,0.0297346733126237,0.0173225128212823,0.998139100456434,0.00251123242261656
1.758,0.362783323718114,-0.616667416213425,0.423688529300962,-0.410009045198438,0.321830257395709,0.0676828324055422,0.0503998566836712,0.017282975721871,0.998139775611462,0.00228743805822088
1.759,0.345104351257357,-0.637202968802806,0.423886826648485,-0.408576839805008,0.322028347366854,0.0789207592843757,0.0616554980887196,0.0172652611956561,0.998140879741636,0.00217569405679049
1.76,0.364064018642332,-0.613802926009814,0.424120550120701,-0.40706858485177,0.322226462856609,0.0676431397059083,0.0503855422731665,0.0172575974327418,0.99814217980073,0.00229488402167564
1.761,0.3532590420736,-0.625948727086133,0.424314965066747,-0.40564003939261,0.322424476266101,0.0744321249031237,0.05719326664051,0.0172388582626137,0.998143260119655,0.00222649994420085
1.762,0.329686220167226,-0.65301001639844,0.424531163047967,-0.404164853968645,0.322622528496014,0.0901584115101245,0.0729321193055904,0.0172262922045341,0.998144460319896,0.00207764146338372
1.763,0.313230282401729,-0.670219713538731,0.424793201768197,-0.402591072681266,0.322820541143302,0.101532542949839,0.084305832943036,0.0172267100068031,0.998145913362461,0.00197360988100506
1.764,0.321820208397558,-0.659855744904968,0.425085137262015,-0.400952945327249,0.323018349152991,0.0960794516212762,0.0788438053385341,0.0172356462827421,0.99814753007729,0.00202735771733895
1.765,0.305483116785833,-0.676518692514579,0.425360619962031,-0.399347570389953,0.32321584441363,0.107544397601822,0.0903043527474187,0.0172400448544032,0.998149053642791,0.00192410298251069
1.766,0.295453059099691,-0.685724874711486,0.425665106855555,-0.397679835145683,0.323413084956578,0.114711896723516,0.0974591803300193,0.017252716393497,0.998150735322453,0.00186056824090762
1.767,0.329441200059847,-0.65030745599473,0.425986376176256,-0.395975734878948,0.323609965915116,0.0931935914379716,0.0759233487069922,0.0172702427309793,0.998152507084907,0.00207417974857209
1.768,0.351232087795197,-0.624630110119489,0.426245276143844,-0.394394847428335,0.323806426071173,0.0794508091939874,0.0621804852197071,0.0172703239742803,0.998153932944321,0.00221101262935036
1.769,0.379510371976142,-0.589558946154526,0.42646041664392,-0.392901473730775,0.324002687445663,0.0626013530687664,0.0453432017963702,0.0172581512723963,0.998155116486849,0.00238869837039472
1.77,0.3748183282824,-0.594449639071572,0.426614849399948,-0.391529409074496,0.324198905878537,0.0654886406292335,0.0482597122439392,0.0172289283852942,0.99815596532468,0.00235893436756901
1.771,0.37819867404001,-0.588938994885667,0.426779130709081,-0.39013640111798,0.324395298235451,0.063505650949072,0.04630319109453,0.0172024598545421,0.998156867620639,0.00237996018695172
1.772,0.379630919235645,-0.585907428973429,0.426935514507548,-0.388759041941658,0.324591829658088,0.0626929210141481,0.0455191535823168,0.0171737674318313,0.998157725895318,0.00238873566657796
1.773,0.375531548444878,-0.590043434861393,0.427088270949141,-0.387388601401524,0.324788528649747,0.0652242486195181,0.0480802029910324,0.0171440456284857,0.998158563655289,0.00236271190871023
1.774,0.361716574402089,-0.606588202982448,0.42724960849219,-0.385999894380503,0.324985408535302,0.0740614131927766,0.0569447003867256,0.0171167128060511,0.998159447825993,0.00227555953602289
1.775,0.321521227067448,-0.655093977074905,0.427440220952585,-0.384549604414097,0.325182439025496,0.102716854344105,0.0856192912956464,0.0170975630484589,0.998160491570561,0.00202244539918491
1.776,0.32259445914211,-0.652703048097141,0.427710583796597,-0.382928157905903,0.325379515749472,0.102179860148318,0.0850791331040632,0.0171007270442545,0.99816197041204,0.00202884741533995
1.777,0.31782999495949,-0.656752955258187,0.427978270487776,-0.381311114347828,0.325576353691924,0.105738810862337,0.0886355838085175,0.0171032270538194,0.998163432774612,0.00199854263346841
1.778,0.315081021079778,-0.658534905805705,0.428254250316902,-0.379675899041236,0.325772961580236,0.107898054259699,0.0907899286418325,0.0171081256178668,0.998164938528316,0.00198090902275187
1.779,0.310007280422238,-0.662802895038323,0.428534677720982,-0.378030440751566,0.325969309020104,0.111733712613711,0.0946193563048171,0.0171143563088937,0.998166466561544,0.00194866276335026
1.78,0.292983146800013,-0.679686705716989,0.428823761887068,-0.376366056810981,0.326165379278853,0.124397256320557,0.107274158092236,0.0171230982283206,0.99816803967299,0.0018413126336788
1.781,0.280280203309188,-0.691241340062149,0.429142379068995,-0.374639056515556,0.326361140602577,0.133927772015961,0.116787587099154,0.0171401849168062,0.998169771039231,0.00176112117345715
1.782,0.259540166619439,-0.709983165449447,0.429481759799616,-0.372867853454729,0.326556486881813,0.1494700234934,0.132306822103831,0.0171632013895688,0.998171612409182,0.00163045026296197
1.783,0.245957357904654,-0.720876767460827,0.429853477028759,-0.371027842361606,0.326751343083768,0.159562831675831,0.142367430919829,0.0171954007560016,0.998173625890124,0.00154475636125267
1.784,0.239704363660446,-0.72494508864281,0.430244777025545,-0.369146002058112,0.326945593016616,0.164350671525806,0.147117404759325,0.0172332667664814,0.998175741686132,0.001505108707303
1.785,0.227474278080368,-0.733814893002487,0.430644354381199,-0.367245910177527,0.327139165702264,0.173287350104865,0.156013677878593,0.0172736722262724,0.998177898270751,0.00142795217015406
1.786,0.233914068489435,-0.727545789914813,0.431060169831152,-0.365311040318191,0.327332030218865,0.169518037546161,0.152199185866238,0.0173188516799226,0.99818013824986,0.00146798839555961
1.787,0.250870636455598,-0.712647886785402,0.431466439289447,-0.363393993079804,0.327524127482572,0.158714783537844,0.141353151903771,0.0173616316340728,0.998182322635228,0.00157399605070967
1.788,0.273485204604615,-0.691849340024114,0.43184751065975,-0.361525313735589,0.327715489537407,0.143731531411775,0.126333902187794,0.0173976292239814,0.998184367802718,0.00171546601759373
1.789,0.298976006045507,-0.66655417101764,0.432192486631785,-0.359725963483936,0.327906203659512,0.126337681286788,0.108913912030305,0.0174237692564834,0.998186216139958,0.00187494731437978
1.79,0.263544120920125,-0.701976691631465,0.432493149126819,-0.358011830585594,0.328096395553097,0.154216559325141,0.136778843633906,0.0174377156912343,0.998187824646427,0.00165242886019866
1.791,0.277337266704596,-0.688185739751783,0.4328527891862,-0.356173096494838,0.328286219946506,0.144800670251058,0.127332430373973,0.0174682398770849,0.998189745740393,0.00173851329588344
1.792,0.269465057067055,-0.694536130451244,0.433189358918605,-0.354378559674346,0.328475468177394,0.151045169276308,0.133552649175971,0.0174925201003374,0.998191540709826,0.00168880287524904
1.793,0.303403248835355,-0.66163296748957,0.433538157531971,-0.352558061026393,0.32866421990105,0.127692107214455,0.11017173015293,0.0175203770615254,0.998193397956727,0.00190107844872566
1.794,0.300054524093749,-0.663954138539438,0.433827788138532,-0.350849890263124,0.328852430848061,0.130519452720381,0.112987541334455,0.0175319113859258,0.998194937882401,0.00187974823071594
1.795,0.283269766856821,-0.680230991254808,0.434122844396586,-0.349129700962749,0.329040307235569,0.143808944710702,0.126263874209897,0.0175450705008048,0.998196504542649,0.00177426262717688
1.796,0.289112550320943,-0.673276706619446,0.434446760361716,-0.347349719126631,0.329227829023725,0.139823490661088,0.122257098991482,0.0175663916696061,0.998198221988887,0.0018104843591003
1.797,0.297522871547777,-0.663622254379886,0.434759891720621,-0.34558983390504,0.329414894048986,0.133907250435928,0.116322391277626,0.0175848591583011,0.998199879820923,0.00186277892670802
1.798,0.304577233887307,-0.65512240543945,0.43505742488242,-0.343859451021194,0.329601538811124,0.1289460616733,0.111346940946204,0.0175991207270959,0.998201452859309,0.00190658352288724
1.799,0.311440422132675,-0.646650483356175,0.435341431047254,-0.342154536936254,0.329787816680575,0.124098317307923,0.106488579737428,0.0176097375704948,0.998202952375577,0.00194919170083254
1.8,0.299864710277984,-0.658013439056064,0.435611965969166,-0.340474990024705,0.329973773853425,0.133351212939862,0.11573450053066,0.0176167124092015,0.99820437894704,0.00187641905834813
1.801,0.302916706235249,-0.653628375092154,0.435903349191244,-0.338752549419299,0.330159456394898,0.13135523445508,0.113725652460706,0.0176295819943733,0.998205913474041,0.00189516402278616
1.802,0.290316094420892,-0.665745477390989,0.436188482687067,-0.337041267629795,0.330344790670624,0.141493775881996,0.12385294637897,0.0176408295030264,0.99820741310307,0.0018159986084668
1.803,0.303088929144203,-0.651609394364321,0.436495721414661,-0.335284581889235,0.33052979743849,0.132277311653733,0.114618978008655,0.0176583336450779,0.998209026799257,0.00189552335003534
1.804,0.287800762952112,-0.666598693963627,0.436779185665932,-0.333572908166353,0.330714398688793,0.144628451029415,0.126959087847558,0.0176693631818572,0.998210513612329,0.00179958457211173
1.805,0.276969154021055,-0.676296034227076,0.437089576987721,-0.331806160696708,0.330898676041743,0.153441934215294,0.135753949777099,0.0176879844381949,0.998212139450015,0.00173151191068954
1.806,0.294523077838455,-0.658097941863213,0.437417997753305,-0.330002311618794,0.331082534847429,0.140759666408081,0.123047911995374,0.0177117544127077,0.998213857214069,0.00184086584270671
1.807,0.308852818255529,-0.642137630672204,0.43771502631053,-0.328257608402501,0.331265911282754,0.130266701127804,0.11253973756676,0.0177269635610441,0.998215408565182,0.00193006446816912
1.808,0.324585613910846,-0.623936827145886,0.437984891985433,-0.326564149983161,0.331448913065426,0.118686306164946,0.10095155191548,0.0177347542494659,0.998216816222891,0.00202803053109181
1.809,0.340881348868918,-0.604225707969523,0.438223539289332,-0.324929708568015,0.331631633362603,0.106736788918865,0.0890028128203585,0.0177339760985068,0.998218059596658,0.00212952186623489
1.81,0.348924645584656,-0.593445342490848,0.43842827493417,-0.323359509074299,0.331814179548481,0.100914611205357,0.0831907538619225,0.0177238573434348,0.998219125208906,0.00217948344289436
1.811,0.369579114963636,-0.567006181839122,0.43861540825633,-0.321822557048366,0.331996668543955,0.0862370501994464,0.0685281555708625,0.0177088946285839,0.998220098334038,0.00230822054213791
1.812,0.367111283959444,-0.569061464532128,0.438756354236686,-0.3203732490339,0.332179161028179,0.0881597202126932,0.070478555957654,0.0176811642550392,0.998220830729074,0.00229260063747877
1.813,0.379264452933405,-0.552255525927576,0.438902488749716,-0.318913203592214,0.332361816891063,0.0796830262798701,0.0620281734423125,0.0176548528375575,0.998221589588501,0.00236827517432029
1.814,0.398063728126289,-0.526087912875976,0.439020242757246,-0.317507280155406,0.332544618514772,0.0671695213140676,0.0495488318179554,0.0176206894961122,0.998222200703732,0.00248547768679067
1.815,0.403912500060125,-0.516800036580691,0.439092576584225,-0.316187985719482,0.332727664530474,0.0634016527491396,0.0458276877097471,0.0175739650393925,0.998222575936539,0.00252188007901701
1.816,0.3983620099757,-0.523573717086514,0.439150207382671,-0.314897009016924,0.332911112976871,0.0671029449525044,0.049579810915147,0.0175231340373574,0.99822287480869,0.00248713304262878
1.817,0.402788860280181,-0.516271022844612,0.439221388867089,-0.313579420586022,0.33309501606517,0.064244961433968,0.0467689947114423,0.0174759667225257,0.998223243846163,0.00251465695171153
1.818,0.384567078875009,-0.540960792848643,0.439281393392828,-0.312283326411587,0.333279328260035,0.0769471826101872,0.0595215099508066,0.0174256726593807,0.998223554844251,0.00240080398195535
1.819,0.386184742247924,-0.537653442243373,0.43938549738645,-0.310899939202484,0.333464089593184,0.0758977090690952,0.0585102961376212,0.0173874129314739,0.99822409420441,0.0024107420377607
1.82,0.408702450926989,-0.505968643347385,0.439485429466812,-0.309524253843831,0.333649148506235,0.0612520412405462,0.0439040700555677,0.0173479711849784,0.998224611709623,0.00255114451873694
1.821,0.368270923217517,-0.562978362235027,0.439529737584293,-0.308254325223708,0.333834520302774,0.091104356319093,0.073811086580803,0.01729326973829,0.998224841086985,0.00229870329677321
1.822,0.406579965735491,-0.512232732072662,0.439670998100207,-0.306789306703021,0.334020398879172,0.0652633790222434,0.0479983910810419,0.0172649879412015,0.998225572065656,0.00253759404851397
1.823,0.421564821156089,-0.489706168632684,0.439720036781382,-0.305496967157766,0.334206449398473,0.0557963336436142,0.0385848120049365,0.0172115216386778,0.998225825715563,0.00263103657459064
1.824,0.410135084360597,-0.505583241936983,0.439730521196198,-0.30427856698786,0.334392992294121,0.0632252216065501,0.0460777342065499,0.0171474874000002,0.998225879938286,0.00255968501725778
1.825,0.414425638370521,-0.498303676830875,0.439770378980159,-0.30300279490655,0.334580163053169,0.0604576689418905,0.0433663069450837,0.0170913619968067,0.998226086048999,0.00258639662678304
1.826,0.408889656686239,-0.505294276437026,0.439799155237003,-0.301748468260989,0.334767861814007,0.064134223627887,0.0471020641271007,0.0170321595007863,0.998226234832213,0.00255179995110689
1.827,0.41639957041728,-0.493402713477044,0.439841938700258,-0.300466886936555,0.334956128842161,0.0592921479782692,0.0423154659522237,0.0169766820260455,0.998226456001547,0.0025985965860333
1.828,0.422300290600171,-0.483682541533352,0.43986539403481,-0.299222575766449,0.335144917355737,0.0555930564726357,0.038677149228105,0.0169159072445307,0.99822657723576,0.00263538118989796
1.829,0.427278296119703,-0.475222015964059,0.439873448233862,-0.298008130339015,0.335334296305133,0.0525483949918323,0.0356974959325453,0.0168508990592871,0.998226618862732,0.00266643285907911
1.83,0.412402221784876,-0.496536966312248,0.439868381304133,-0.296819276763167,0.335524321310145,0.0621221517421194,0.0453398757607499,0.0167822759813695,0.998226592675211,0.00257360698330797
1.831,0.436231370079586,-0.460879500174827,0.439902001902855,-0.295554736105877,0.335715040333283,0.0477903126947184,0.0310663255636761,0.0167239871310423,0.99822676642599,0.00272225474867363
1.832,0.448532407211852,-0.440960642526265,0.439872895956332,-0.294409702137334,0.335906321065756,0.0410617117713721,0.0244129364713258,0.0166487753000463,0.998226616008413,0.00279907026213256
1.833,0.455377010803913,-0.429150005914508,0.439810203789659,-0.293329778245329,0.336098384053513,0.0375361752096318,0.02097169879775,0.0165644764118819,0.998226291951884,0.00284189826274012
1.834,0.463544729816801,-0.415073630026069,0.439728603818434,-0.292287184999364,0.336291349399396,0.0336180081407974,0.017142972905762,0.0164750352350355,0.99822587002229,0.00289302233113544
1.835,0.467056182303298,-0.408379708739603,0.43962410322499,-0.291289786990748,0.336485286667667,0.0319723227140823,0.0155929232207457,0.0163793994933366,0.998225329451538,0.00291513283722327
1.836,0.478749731392099,-0.388214685533064,0.4395099181295,-0.290312349425925,0.336680279821361,0.0271851450152759,0.0109040399543509,0.0162811050609251,0.998224738489962,0.00298833683014196
1.837,0.458212309954115,-0.421863074379579,0.439362014937109,-0.289401224960547,0.336876367117732,0.0361415310756098,0.0199677497769374,0.0161737812986724,0.998223972564758,0.00286041414455134
1.838,0.45597883826023,-0.424482857519625,0.439274170061844,-0.288373128659416,0.337073671293562,0.0371691867329308,0.0210868969233855,0.0160822898095453,0.998223517410871,0.00284663180311194
1.839,0.468690332058565,-0.403133144021687,0.439192976209662,-0.287333076434337,0.337271986918686,0.0312587248898663,0.0152662455681364,0.0159924793217299,0.998223096556256,0.00292614064903843
1.84,0.485859388914177,-0.373912710166792,0.439075825303293,-0.286363362490128,0.337471294730228,0.0246215514698734,0.00872843349245522,0.0158931179774182,0.998222489050019,0.00303355866263809
1.841,0.531942260109368,-0.294369968570958,0.438908600516409,-0.285491354899437,0.337671725107984,0.0158703305593001,8.980204606992e-05,0.0157805285132302,0.998221621315182,0.0033216419491141
1.842,0.504961730807561,-0.344034902869812,0.438597529930976,-0.284893241842516,0.33787345902337,0.0196176210040395,0.00398740967558339,0.0156302113284561,0.99822000539958,0.00315379397509299
1.843,0.482877626022806,-0.382324413725587,0.438374113818956,-0.284124556998081,0.338077009526336,0.0265016270820735,0.0109988381582281,0.0155027889238454,0.99821884340686,0.0030162968026196
1.844,0.493003614550779,-0.364264338946762,0.438218797824851,-0.283223221652997,0.338282076227162,0.0228866491606965,0.00749358850512716,0.0153930606555693,0.99821803490639,0.00307985511123941
1.845,0.494585074060746,-0.360652367240521,0.438033782661489,-0.28238128186196,0.338488425344271,0.0222686063302045,0.0069930254798091,0.0152755808503954,0.998217071058027,0.00309010070913099
1.846,0.491347123767934,-0.365392838652597,0.437844788184592,-0.281549149052196,0.338696167744285,0.0231847294860244,0.0080276898064213,0.0151570396796031,0.998216085638141,0.0030702418808185
1.847,0.488470015418851,-0.36946442165853,0.437666422722026,-0.280698208658121,0.338905323893493,0.0240428625099187,0.00900165075656094,0.0150412117533577,0.998215154857481,0.00305261242632924
1.848,0.499701216308308,-0.349368336038447,0.437497478715583,-0.279830700046593,0.339115862493338,0.0204540754310001,0.00552629792694097,0.0149277775040592,0.998214272541785,0.0031231376414824
1.849,0.514548539279705,-0.322552752146603,0.437295279802456,-0.279029813057877,0.339327756276773,0.0169716624644155,0.00216586630866064,0.0148057961557548,0.998213215654988,0.00321634972441242
1.85,0.500516108686159,-0.347019865113967,0.437047915059479,-0.278319020941916,0.3395411298273,0.0200719205825878,0.00539964364011456,0.0146722769424732,0.99821192135795,0.00312913078246968
1.851,0.512389654570359,-0.325397865226502,0.436845245492131,-0.277522276605782,0.339756151262455,0.017173586611478,0.00262343702882502,0.014550149582653,0.998210859828923,0.00320377729880936
1.852,0.515626930693722,-0.318802782519757,0.436606766642502,-0.276797711502041,0.33997266878002,0.01643955840358,0.00202061228318991,0.0144189461203901,0.998209609478364,0.00322451061753395
1.853,0.490625041886725,-0.363047835017646,0.43635925093058,-0.276093586233878,0.340190817610816,0.0229492691870738,0.00866378032025779,0.014285488866816,0.998208310301965,0.00306864523203171
1.854,0.476878733115195,-0.385717249023417,0.436189547617109,-0.275236156900772,0.340410638077506,0.0281633590260873,0.0139917058802689,0.0141716531458184,0.998207418700281,0.00298299178945847
1.855,0.477585824686435,-0.383625638133588,0.436061070710472,-0.27429839757892,0.340631858677413,0.0277731718773416,0.0137050132769525,0.014068158600389,0.998206743235825,0.00298766025321556
1.856,0.475159192494006,-0.386757594703166,0.435931076749504,-0.273365035628472,0.340854337369586,0.0287118646951021,0.01474759788793,0.0139642668071721,0.998206059390268,0.00297272690630676
1.857,0.465837310788298,-0.401288798132723,0.435808656148629,-0.272418091068677,0.341078085025219,0.032916092256101,0.019053842672555,0.013862249583546,0.99820541501209,0.00291463475671195
1.858,0.484484694028712,-0.370062996026738,0.435713399991558,-0.271418391988615,0.341303079791863,0.0249334383375675,0.011166466197765,0.0137669721398025,0.99820491336732,0.00303149165911324
1.859,0.499543137214022,-0.343746875916851,0.435564699055073,-0.270524130441053,0.341529228898794,0.0198131608054092,0.00615473483806768,0.0136584259673416,0.998204129829232,0.0031260116728094
1.86,0.491768945142211,-0.356444129864551,0.435371654085515,-0.269718398159979,0.341756730334126,0.0221767847548927,0.00863785281966948,0.0135389319352233,0.998203111834186,0.00307774252484006
1.861,0.494205332356532,-0.351411273370514,0.435202845993977,-0.268866482247266,0.341985750630496,0.0212535581733168,0.00782812268382428,0.0134254354894925,0.998202220908698,0.0030933243902642
1.862,0.486438317800481,-0.363925755405054,0.435027495624717,-0.26802935215709,0.342216208920701,0.0238799428344145,0.0105695849669112,0.0133103578675032,0.998201294722615,0.00304505036972927
1.863,0.484038567475683,-0.367114927556865,0.434875980076833,-0.267146556497621,0.342448135457657,0.0246913944815794,0.0114902589129814,0.013201135568598,0.998200493828555,0.0030303215541017
1.864,0.492550685045904,-0.351901728259358,0.434732162012662,-0.266250078785604,0.342681450226703,0.0215314237905399,0.00843761481047398,0.013093808980066,0.99819973310608,0.00308389498352364
1.865,0.495703030729998,-0.345651757148655,0.434563819619446,-0.265403620596541,0.342916131344002,0.0203900081516923,0.00740945648181901,0.0129805516698733,0.998198842023076,0.00310396583611613
1.866,0.494993268929363,-0.346037502075841,0.434386800584779,-0.264576207834937,0.343152274256155,0.020503523460524,0.00763828740936628,0.0128652360511577,0.998197904267225,0.00309987198183017
1.867,0.491126667712299,-0.351850715441158,0.434212686206973,-0.263744926657469,0.343389917265318,0.0216894112554268,0.00893874161647112,0.0127506696389557,0.998196981152864,0.0030759996230774
1.868,0.47396893948288,-0.380273217706817,0.43405084111661,-0.262891016092664,0.343629056596251,0.0285111817725969,0.0158720821970302,0.0126390995755667,0.998196122423292,0.00296884504848051
1.869,0.455230217197457,-0.410212405033944,0.433939615221433,-0.261936708018667,0.343869654112981,0.0378723337038338,0.0253326517724675,0.0125396819313663,0.998195531901392,0.00285167203642838
1.87,0.452683200855461,-0.413287150212177,0.433881307449594,-0.260876599219878,0.344111530671902,0.0392217150815513,0.0267688140223406,0.0124529010592107,0.998195222212088,0.00283582249065322
1.871,0.468287322719405,-0.387813866551387,0.433830191036127,-0.259802794649734,0.344354497367937,0.0312540615037319,0.0188862311429653,0.0123678303607666,0.998194950649673,0.00293366986705447
1.872,0.478542585205485,-0.370232868561115,0.433735995417135,-0.258814623750287,0.344598532080849,0.0265831304389188,0.0143105776415751,0.0122725527973437,0.998194450055873,0.00299809610346958
1.873,0.460198059865389,-0.39981119572147,0.43361295336213,-0.2578846630315,0.344843797479392,0.0353975839290668,0.023227097490068,0.0121704864389988,0.99819379583279,0.00288339311944405
1.874,0.420151612629244,-0.462807731827023,0.433542230962421,-0.256850105024481,0.345090404934305,0.0610016597124273,0.0489208905254399,0.0120807691869874,0.998193419628856,0.00263259903110704
1.875,0.413729736133775,-0.471143290702229,0.433577810560008,-0.255597413820549,0.345338167243001,0.0655935013119403,0.0535774939458786,0.0120160073660617,0.998193608907918,0.00259230175644428
1.876,0.419771722297373,-0.461440581211228,0.433629374647825,-0.25431250556556,0.345586696703937,0.0614235326459465,0.0494685579770981,0.0119549746688484,0.998193883167366,0.00263007238064024
1.877,0.418898178903113,-0.461692666759871,0.433665613627788,-0.25305783829302,0.345835936917932,0.0620770492214489,0.0501866994771141,0.0118903497443348,0.998194075876492,0.00262453848801874
1.878,0.421275989484297,-0.457217229556282,0.433703932234089,-0.251798891095371,0.346085946838337,0.0604730868927005,0.0486468886259325,0.011826198266768,0.998194279609482,0.00263937170309387
1.879,0.397038526249919,-0.491630672981063,0.433736106731944,-0.250552049870255,0.346336721397964,0.0787586084588279,0.0669979990355304,0.0117606094232975,0.998194450647573,0.00248746843160668
1.88,0.369622658794825,-0.528347924846266,0.433827870384915,-0.249183763856651,0.346588285908325,0.101528578457013,0.0898197581357441,0.0117088203212691,0.998194938319401,0.00231557082671473
1.881,0.348500014199388,-0.554356850443166,0.433982635157315,-0.247686220025433,0.346840422620635,0.120024861764466,0.108353270317738,0.0116715914467279,0.998195760339264,0.0021830282955365
1.882,0.349875140561607,-0.55158538410004,0.434182661621513,-0.246095769251458,0.347092900173541,0.119115599669331,0.107470787101222,0.0116448125681092,0.998196821894579,0.00219136224543595
1.883,0.334624056000971,-0.569014698410066,0.43437925395255,-0.244511092147388,0.347345551962168,0.132827679509325,0.121210427891414,0.0116172516179109,0.99819786427206,0.0020955774568065
1.884,0.325764412493753,-0.57820043660486,0.434606831306604,-0.242862761257212,0.347598390920673,0.140968198548222,0.129371363272743,0.0115968352754793,0.998199069761528,0.00203979754368437
1.885,0.344569870788037,-0.555779003044201,0.434851508674235,-0.241178953764342,0.34785130278001,0.125381509185698,0.113801135597571,0.0115803735881275,0.998200364423137,0.00215721205368061
1.886,0.338901606273268,-0.561466803031461,0.43505744044389,-0.239569459109521,0.348104224272926,0.130640349723788,0.119085309652765,0.0115550400710231,0.998201452941525,0.00212144618863577
1.887,0.343178148063099,-0.555312460548387,0.43527455828837,-0.237936549920414,0.348357298261097,0.127237954419064,0.115705669822543,0.0115322845965206,0.998202599472084,0.00214791831725516
1.888,0.329203488844274,-0.570907241901144,0.435482269273671,-0.236321080898572,0.348610483595601,0.140040637077051,0.128533245820953,0.0115073912560976,0.998203695257977,0.00206017878125534
1.889,0.350490859122913,-0.545377651121368,0.435717943100275,-0.234648353716363,0.348863815046176,0.122286152700014,0.110797246010578,0.0114889066894367,0.998204937297545,0.00219306624813347
1.89,0.36138972524183,-0.530964969460809,0.435909074454182,-0.233060724108433,0.349117189537626,0.113255514764826,0.101795241943623,0.0114602728212029,0.998205943604748,0.00226098555934509
1.891,0.324885128560984,-0.575884895291956,0.436076098736577,-0.231519224136293,0.349370771270651,0.147397504324708,0.135971354327913,0.011426149996795,0.998206822265891,0.00203238247088634
1.892,0.312569019704223,-0.588725573283733,0.436318875382653,-0.229821829798527,0.349624649544368,0.159021378729657,0.14761210705671,0.0114092716729468,0.998208098236357,0.00195503310500663
1.893,0.306077763977405,-0.594682283390278,0.436584965470491,-0.228076618297547,0.349878545509888,0.165319324639158,0.153921600957155,0.0113977236820033,0.998209495106131,0.00191410631174961
1.894,0.294838191889432,-0.605569511400981,0.436862673364496,-0.226307066722831,0.350132372964478,0.17601725114828,0.164628395504087,0.0113888556441922,0.998210951150167,0.00184349033224041
1.895,0.317820531613744,-0.580754237766484,0.437160363985858,-0.224496382643218,0.350386088622172,0.156548302267421,0.145163731427783,0.0113845708396383,0.99821250991082,0.00198681009578018
1.896,0.326031860076572,-0.570507729972369,0.437414340938705,-0.222768128682914,0.350639618307369,0.149595014799134,0.138224583635558,0.0113704311635757,0.998213838101755,0.00203781083581081
1.897,0.324341433773096,-0.571323699199077,0.437651520189517,-0.221071318361218,0.350893122157677,0.151505958676665,0.140153437864748,0.0113525208119172,0.998215077055903,0.00202693738397989
1.898,0.299020529069024,-0.598965328972938,0.437891478544998,-0.219367837149461,0.351146661623828,0.175867189695193,0.164531924984545,0.0113352647106481,0.998216329161456,0.00186841006619471
1.899,0.320247969717467,-0.575600669196777,0.438179268639676,-0.217566891768276,0.351400226296433,0.15760252022942,0.146273677184319,0.0113288430451016,0.998217829044937,0.00200067967312314
1.9,0.314396155288984,-0.581054956827983,0.438426027095629,-0.215843059394842,0.351653640103703,0.16342522344647,0.152112011814507,0.0113132116319631,0.998219113514714,0.00196381141312184
1.901,0.307593999367076,-0.587438084749269,0.438683605612725,-0.21409671082037,0.351907053133708,0.170166006679321,0.158865956812354,0.0113000498669665,0.998220452765489,0.00192100621610797
1.902,0.277241134645161,-0.619082866372741,0.438953596501349,-0.21232468790691,0.352160425355801,0.199751799427222,0.188462080123693,0.0112897193035293,0.998221854865821,0.00173114510455874
1.903,0.252031785398436,-0.642487694882147,0.439277684268865,-0.21044224944258,0.352413710805976,0.223757743754855,0.212466138856743,0.0112916048981121,0.998223535622657,0.00157340652697973
1.904,0.218396861225569,-0.671128191919505,0.439642292449417,-0.208477041171136,0.352666710502541,0.254734777030865,0.243432093505219,0.0113026835256465,0.998225423560985,0.00136310890287272
1.905,0.22585966911006,-0.664230614305757,0.44005514347465,-0.206412197398452,0.352919274962988,0.249474085647037,0.238149361469269,0.0113247241777678,0.998227557523578,0.001409314516499
1.906,0.219693231855892,-0.667972812045507,0.440457032122304,-0.204367025513424,0.35317122632898,0.255330030005527,0.243985575925997,0.01134445407953,0.998229630980844,0.00137048413932469
1.907,0.222130521675898,-0.664923415747451,0.440866758318558,-0.20230516576545,0.353422603183672,0.254087550565389,0.242721458556609,0.0113660920087802,0.998231740982663,0.00138532432134779
1.908,0.215002661723647,-0.669347165633807,0.441272447117742,-0.200249724550318,0.35367337545435,0.260725462708035,0.249338487671724,0.0113869750363113,0.998233826332164,0.00134052229108675
1.909,0.231625688766701,-0.655567548712763,0.441687155177572,-0.198175331970956,0.353923556385781,0.248237887888851,0.236827851436924,0.0114100364519271,0.998235954083614,0.00144378114398405
1.91,0.199570145199721,-0.680648765544908,0.442078003440544,-0.196144405596486,0.354173111648375,0.276929083925118,0.265501193208091,0.0114278907170269,0.998237955762971,0.0012436588762529
1.911,0.187349361869762,-0.688104306909455,0.442511385414102,-0.19402628736614,0.354422126579606,0.287282349223565,0.275826902360268,0.0114554468632974,0.998240171139181,0.00116717799224824
1.912,0.198733901581621,-0.679378328644757,0.442958904258525,-0.191879163450548,0.354670445150517,0.279745375420921,0.268259012044092,0.011486363376829,0.998242454231338,0.00123774740751859
1.913,0.179599176751521,-0.691685190215201,0.443391954180124,-0.189757934361277,0.354918014459587,0.295609328254413,0.2840951079445,0.0115142203099133,0.998244659120283,0.00111826209421623
1.914,0.191755938659695,-0.682762284273014,0.443847100024253,-0.187591747667849,0.355164885344157,0.287761563042016,0.276214331814322,0.011547231227694,0.998246971873996,0.00119360624013132
1.915,0.196194001157997,-0.678569516832706,0.444287352666491,-0.185452108480222,0.355410976219363,0.285234197137074,0.273657101604246,0.011577095532828,0.998249204441679,0.00122088595572979
1.916,0.189711424814816,-0.681922311316456,0.444721497296937,-0.183322732022869,0.355656339297625,0.291108274661249,0.279502499859764,0.0116057748014843,0.998251401706286,0.00118021640292657
1.917,0.207028018151031,-0.669064314151116,0.445162886426991,-0.181178151332886,0.355900995042952,0.278991113587641,0.267354843729246,0.0116362698583955,0.998253631242653,0.00128757938468262
1.918,0.210238500225863,-0.665536521966717,0.445581824581101,-0.179073635964634,0.356144915750862,0.277209244059232,0.265547343274102,0.0116619007851306,0.99825574328926,0.00130719418369557
1.919,0.205057374836738,-0.668261245331558,0.445995832311036,-0.176977095098695,0.3563881807025,0.282272208906915,0.27058561850159,0.0116865904053254,0.998257826581432,0.00127464006044655
1.92,0.219625049362917,-0.656443238922361,0.446416012983145,-0.174867484034159,0.356630806123843,0.271465174923665,0.259752339691383,0.0117128352322818,0.998259936984972,0.00136482383935196
1.921,0.233104419693216,-0.644718783794508,0.446815794519437,-0.172794152852391,0.356872768334342,0.260956886256325,0.249222229855804,0.0117346564005211,0.998261941246783,0.00144821641158084
1.922,0.20472610408113,-0.667220041539598,0.447195407378781,-0.170756694844061,0.357114139044871,0.287331676798578,0.275579590650139,0.0117520861484391,0.998263841078196,0.00127159853858642
1.923,0.215070794539398,-0.658484736855071,0.447614101991925,-0.168641298445631,0.3573549891502,0.27980686220017,0.26802841229197,0.0117784499082004,0.998265932763177,0.00133549147406555
1.924,0.206716634121878,-0.663766078073192,0.448018205224993,-0.166551521699425,0.357595177312246,0.287708248975396,0.275906550433378,0.0118016985420173,0.998267947846008,0.0012832818113373
1.925,0.210129285572346,-0.660081768643224,0.448432952882519,-0.164440243807249,0.357834754225906,0.285737480741258,0.273909978696513,0.0118275020447456,0.998270012231322,0.00130411870051359
1.926,0.182146875430446,-0.680022647347278,0.448842454572126,-0.16233741992102,0.358073680400663,0.310395792406114,0.298543500024808,0.0118522923813065,0.998272046762035,0.00113015400080012
1.927,0.189953271207111,-0.673748710874586,0.449286669381384,-0.160165474681017,0.358311973068795,0.305425649571898,0.293540581631587,0.0118850679403119,0.998274249564589,0.00117825227942188
1.928,0.198420420274867,-0.666804845404286,0.449720846579068,-0.158010729770616,0.358549507004453,0.299729272377328,0.287813489270766,0.0119157831065624,0.998276398386673,0.00123042816466061
1.929,0.191150007982891,-0.670837527272014,0.450143722997247,-0.155875429909435,0.358786316351861,0.306501133855672,0.294556991658516,0.0119441421971562,0.998278487294366,0.00118502015888571
1.93,0.178531848397626,-0.678362871425876,0.45057511946726,-0.153722868341283,0.359022439735084,0.317414384530145,0.305439782340891,0.0119746021892544,0.99828061424878,0.00110648675149905
1.931,0.183333931490367,-0.674105569231827,0.451021009679006,-0.15154162520316,0.359257845375791,0.314736187421947,0.302727666492903,0.012008520929044,0.998282808386883,0.00113592163236601
1.932,0.185816463623492,-0.671300152402653,0.45146059322619,-0.149370724805456,0.35949248032016,0.313740122158419,0.301698898507688,0.0120412236507307,0.998284967248517,0.00115097646539323
1.933,0.186121545577155,-0.669934590906535,0.45189653531146,-0.14720529039233,0.359726365316339,0.314405697818417,0.302332392776304,0.0120733050421126,0.998287104078347,0.00115254163824477
1.934,0.167540937812445,-0.681277097328324,0.452331453142501,-0.145040516637217,0.359959511675357,0.329958188416717,0.317852836093516,0.0121053523232005,0.998289231783347,0.00103719135905326
1.935,0.16265838003318,-0.683066704586919,0.452787230167895,-0.142834868168087,0.360191921457607,0.33442440460225,0.322282098119512,0.0121423064827383,0.998291457149467,0.00100666849083013
1.936,0.160930716960605,-0.682911773145858,0.453247654632398,-0.140619455944525,0.360423519512461,0.33659584268189,0.324415310581258,0.0121805321006325,0.998293700662806,0.000995679855601922
1.937,0.170002695036389,-0.676444877094054,0.453709279648985,-0.13840069856362,0.360654287857114,0.33124682711278,0.319027570115445,0.0122192569973352,0.998295945454821,0.00105149435907766
1.938,0.152681323824723,-0.685966842227655,0.454160381335447,-0.136199670658175,0.360884220650078,0.34500606291044,0.332750230267516,0.0122558326429235,0.998298134665425,0.000944083357593716
1.939,0.165603027096085,-0.677621186772021,0.454629288372167,-0.133963875697029,0.36111335324556,0.337356301599217,0.32505964688678,0.0122966547124375,0.9983004056809,0.00102367227132478
1.94,0.128553273836444,-0.698768539309081,0.455083966589551,-0.131752157928415,0.361341621580144,0.365574339131609,0.353239841829013,0.0123344973025965,0.998302603314078,0.000794416055589331
1.941,0.143725458448482,-0.690471160782111,0.455574121879631,-0.129469499243282,0.3615690738756,0.357794054499754,0.345413456487417,0.0123805980123373,0.998304967508088,0.000887893269490204
1.942,0.182443072958434,-0.669006448609193,0.456049950701119,-0.127210833120913,0.361795584417637,0.33425523241215,0.321831510463974,0.0124237219481754,0.998307257739064,0.00112673196595367
1.943,0.194980889614899,-0.659502635867203,0.456483136511909,-0.125022075508714,0.362021201592216,0.325359975570551,0.312902543984418,0.0124574315861329,0.998309338571319,0.00120382516471401
1.944,0.21271344597845,-0.645726041414732,0.456899901744945,-0.122861080106057,0.362246072517209,0.311664493877276,0.299176873008976,0.0124876208683002,0.99831133680226,0.00131295255755803
1.945,0.201215348111447,-0.653526031141848,0.45729187138519,-0.12074219019659,0.362470252869802,0.322881569289158,0.310369196277796,0.0125123730113624,0.998313212824075,0.0012416662125344
1.946,0.215841151953834,-0.641614397865914,0.45769911387335,-0.118594086068708,0.362693827463708,0.311372707542892,0.298831959972005,0.012540747570887,0.998315158540428,0.00133156799968398
1.947,0.226577555844362,-0.631992515369578,0.458085262372888,-0.1164816883147,0.362916741809655,0.302632144411806,0.290067630023948,0.0125645143878572,0.9983170002789,0.00139745309028773
1.948,0.216391630671171,-0.639320220806812,0.458454813176639,-0.114397254154372,0.363139067709005,0.313098608271174,0.300513936160851,0.0125846721103232,0.998318759949163,0.00133430990691997
1.949,0.229860009377386,-0.627496445009435,0.458838889760254,-0.112285172287852,0.363360861375106,0.301863010870289,0.289254748739899,0.0126082621303897,0.99832058578225,0.0014170052290071
1.95,0.207229989668839,-0.645463944151516,0.459202072484796,-0.110208354339025,0.363582071174404,0.324579852261168,0.311952584267794,0.0126272679933739,0.998322309480032,0.00127719815440308
1.951,0.196147715051922,-0.652761957399354,0.459597982260611,-0.108069930061259,0.363802768084712,0.335424396800947,0.322770569168262,0.0126538276326854,0.998324185399855,0.00120858534416385
1.952,0.196988160499957,-0.651011587509518,0.460008354531785,-0.105904064493663,0.364022837656976,0.335658632676391,0.322974798958733,0.0126838337176584,0.998326126438469,0.00121344048570432
1.953,0.20466552582031,-0.6443032723398,0.46041696544725,-0.10374010410361,0.364242228529634,0.330043956680234,0.31733033400463,0.0127136226756047,0.998328055708094,0.00126039828524312
1.954,0.188759058814414,-0.655156982438913,0.46081447533164,-0.101594349336376,0.364460945323948,0.345230183327003,0.332489109144066,0.012741074182937,0.998329929280585,0.00116214084390859
1.955,0.192484962922277,-0.65141809015391,0.461232604439515,-0.0994098938697058,0.364679024846711,0.343098080407181,0.330324705833865,0.0127733745733158,0.998331896552033,0.00118475834032181
1.956,0.198797458616012,-0.645791731625883,0.461645260652576,-0.0972338491032258,0.364896394715061,0.338721272048575,0.325916646531116,0.0128046255174589,0.998333834579854,0.0012232840505287
1.957,0.195672300477657,-0.646947944761324,0.462048856198876,-0.0950724045976165,0.365113072265967,0.34241669901692,0.329582692116753,0.0128340069001674,0.998335726705988,0.00120373775331917
1.958,0.211195545934188,-0.634581130450329,0.462456023382581,-0.0929034244246944,0.365329087152514,0.330099663154794,0.317235285486224,0.0128643776685704,0.99833763223001,0.00129888975815804
1.959,0.233101913922414,-0.616335255412232,0.462840940708835,-0.0907713290899282,0.365544425696067,0.311283361057813,0.298393482897486,0.0128898781603266,0.99833943054288,0.00143325887489585
1.96,0.235192406378848,-0.613414384642452,0.463191858810256,-0.088695652257405,0.365759162684498,0.310117001105724,0.29720918327772,0.0129078178280034,0.998341067408722,0.00144578241947615
1.961,0.220003635175088,-0.625537332891149,0.463538782935199,-0.0866256690320769,0.365973413129662,0.326195185505385,0.313270207515683,0.0129249779897023,0.998342683208365,0.00135210821223909
1.962,0.216300682155764,-0.627436014772011,0.463908844716766,-0.0845130549440882,0.366187189485694,0.330644993180184,0.317697478357281,0.0129475148229035,0.998344404107858,0.00132903025896483
1.963,0.248200693727636,-0.600704788984192,0.464283833822254,-0.0823905338476551,0.366400411518072,0.302287514651361,0.289316197880575,0.0129713167707851,0.998346145122548,0.00152466327125633
1.964,0.226282522826461,-0.619805305725174,0.464607082204263,-0.0803528019501489,0.366613061116602,0.326161061820816,0.313177537510289,0.0129835243105272,0.998347643657829,0.00138973033187493
1.965,0.204758583197532,-0.636790181056163,0.464965629766698,-0.0782504652823204,0.366825313382675,0.34847661544321,0.335472768442323,0.0130038470008867,0.99834930339797,0.00125724585123395
1.966,0.205862496256458,-0.634819074349751,0.465355638121005,-0.076090377085405,0.367037046995264,0.348449922446222,0.335418475219525,0.013031447226697,0.99835110586811,0.00126370287680928
1.967,0.212781229567834,-0.628387944620796,0.465743442470615,-0.0739328843355877,0.367248153646253,0.343090644878104,0.330031929429978,0.0130587154481258,0.998352895158984,0.00130584398713455
1.968,0.205963417668643,-0.632669589139386,0.466120561430699,-0.0717924709674483,0.367458639454089,0.350531980781508,0.337448256651974,0.0130837241295342,0.998354632293133,0.00126369220583766
1.969,0.197053467940387,-0.638385970254251,0.466506973244966,-0.06963457840722,0.367668539337001,0.35981336841586,0.346702369182029,0.0131109992338309,0.998356409320006,0.00120872047593784
1.97,0.201590871794695,-0.633917789273725,0.466905257637086,-0.0674546681935639,0.367877820451141,0.35676595426102,0.343624817128627,0.0131411371323926,0.998358237868083,0.00123623162262723
1.971,0.188342292143242,-0.642766310339551,0.467296603629575,-0.065285427980355,0.368086441212049,0.369992682975105,0.356822804724157,0.013169878250948,0.998360031525518,0.0011546914833926
1.972,0.178381513050447,-0.648644460964477,0.467705370038708,-0.0630843302906991,0.368294423700441,0.37975901469494,0.366556264477266,0.0132027502176739,0.998361901820975,0.00109333213812636
1.973,0.169364976894151,-0.653521511589727,0.468126295652777,-0.0608608006449832,0.368501707652989,0.388400923678223,0.375162345673976,0.0132385780042475,0.998363824336965,0.0010377830181661
1.974,0.177000812403466,-0.64753192848373,0.468557593609121,-0.0586180423016811,0.368708250585726,0.383369751310404,0.370092780555133,0.0132769707552709,0.998365790644225,0.00108426620032123
1.975,0.170567046546593,-0.650660434005675,0.468978984389593,-0.0563908866915428,0.368914016058766,0.389829448545777,0.376516119719735,0.0133133288260425,0.998367708291233,0.0010445669313337
1.976,0.171339946347097,-0.649022032180972,0.469407624962005,-0.0541500637777585,0.3691190359426,0.390286899451056,0.376935354235625,0.0133515452154309,0.998369655397948,0.00104900646167309
1.977,0.173561002805496,-0.646450638397659,0.469834718012474,-0.0519107703936168,0.369323284388831,0.389561971240165,0.376172344331608,0.0133896269085569,0.998371591941459,0.00106230808319971
1.978,0.209349613480781,-0.621963786274729,0.470258489941696,-0.0496759992863461,0.369526765113145,0.361654067616735,0.348226898760155,0.0134271688565801,0.998373509949551,0.00128100317542497
1.979,0.186827339384889,-0.638584972641871,0.47063315794806,-0.0475183421150866,0.369729487779607,0.384613053820065,0.371159315724246,0.0134537380958185,0.998375202834497,0.00114291015217613
1.98,0.200081555985808,-0.628130403361401,0.471038825876892,-0.0453048987558492,0.369931615460066,0.374058199518159,0.360570668655979,0.0134875308621799,0.99837703275173,0.00122366772304181
1.981,0.170758818862485,-0.64911689472238,0.471425669568249,-0.0431214484384756,0.370133043072886,0.403006499355147,0.389489271185798,0.013517228169349,0.998378774821668,0.00104407018883223
1.982,0.146425970299248,-0.663645276263189,0.471850559665509,-0.0408691005008965,0.370333832138989,0.424544122419072,0.410988349120587,0.0135557732984846,0.998380684933999,0.000895043058252933
1.983,0.134651575231896,-0.668992864053416,0.472302331656149,-0.0385679618797247,0.370533854244271,0.434343410905248,0.420742743199132,0.0136006677061163,0.998382712125317,0.000822827590082341
1.984,0.121589162189036,-0.674468864608469,0.472765317590278,-0.0362463943479197,0.370733018274672,0.444441311644562,0.430792939318879,0.0136483723256836,0.998384785616049,0.000742780742000966
1.985,0.125737986282375,-0.67137984848946,0.473239683292604,-0.0339040783076537,0.370931285369845,0.443053634458291,0.429354692680776,0.0136989417775144,0.998386905863341,0.000767887071034562
1.986,0.140234026943016,-0.66330289316454,0.473709791603077,-0.0315679316141215,0.371128616159191,0.434986746789901,0.42123792743924,0.0137488193506612,0.998389002892222,0.000856151288828796
1.987,0.141832598786439,-0.661290615780858,0.47416547420058,-0.0292541606579063,0.371325023236148,0.435030562235669,0.421234887755034,0.0137956744806353,0.998391031603079,0.000865652304448888
1.988,0.14971275663015,-0.655890475113563,0.474618943160924,-0.0269431032218001,0.371520552892971,0.430571115841688,0.416728833003439,0.0138422828382481,0.998393046591567,0.000913476011723088
1.989,0.142288038015492,-0.65895798973265,0.4750635397752,-0.0246456047071832,0.371715210943355,0.437359104262539,0.423471986491628,0.0138871177709116,0.998395018421171,0.000867920868094598
1.99,0.147386873755879,-0.655042225568921,0.475515369032945,-0.0223348490704225,0.371909025212287,0.434865178216646,0.42093132035852,0.0139338578581262,0.99839701855056,0.000898756095388464
1.991,0.156028891384069,-0.649043522664884,0.475961263768054,-0.0200328655143607,0.372101970323745,0.429616688111006,0.415637192485631,0.0139794956253747,0.998398988686425,0.000951176297762568
1.992,0.16242752124644,-0.644096578349233,0.476397060930293,-0.0177463198189369,0.372294064341721,0.425774818504044,0.411751749260238,0.0140230692438056,0.99840091064364,0.00098990019502746
1.993,0.167047179194423,-0.640097261353155,0.476824861254474,-0.0154718097524714,0.372485339023787,0.423184818010422,0.409119769637114,0.0140650483733075,0.998402793916053,0.00101776844138599
1.994,0.176394005401028,-0.633006171842473,0.477246524703328,-0.0132062965790399,0.372675819195304,0.416572778540466,0.40246692798378,0.0141058505566863,0.998404646868573,0.0010744183389837
1.995,0.146303477927704,-0.652143827187245,0.477655888591064,-0.010959639299816,0.372865523556519,0.444492734112661,0.430348680521379,0.0141440535912822,0.998406442642318,0.000890896952407623
1.996,0.160703839192529,-0.642941826987672,0.478100095194623,-0.00865093396692249,0.373054491014463,0.434944350772304,0.420753876659743,0.0141904741125607,0.998408387783121,0.000978300630275882
1.997,0.165481450195754,-0.638866323970982,0.478527543319349,-0.00636793571900179,0.373242605997594,0.432238713726199,0.418005417584054,0.0142332961421443,0.99841025613058,0.00100710187425757
1.998,0.186608871793229,-0.624347834702502,0.47894868538628,-0.00409414559868864,0.373429921855449,0.415898970847461,0.401624068073819,0.0142749027736424,0.99841209365322,0.00113536667903887
1.999,0.169172743924426,-0.635696468912384,0.47934192737973,-0.00186317007366386,0.373616457744477,0.433368852382069,0.419058533970591,0.0143103184114786,0.99841380652749,0.001029015594864
2,0.171734195182158,-0.632904122002373,0.479757371919101,0.000406421578960668,0.373802303291458,0.432356337561051,0.418005296100918,0.014351041460133,0.998415613060827,0.00104431057686038
2.001,0.156231462779666,-0.641994591989011,0.480169002786366,0.00267088511250955,0.373987384747075,0.447148716883019,0.432757607170485,0.0143911097125345,0.998417399927532,0.000949781679490171
2.002,0.148937645478706,-0.645232524925821,0.480598791765028,0.00496694724745946,0.374171713107634,0.454261232659438,0.439825651726884,0.0144355809325538,0.998419262351186,0.000905184153967985
2.003,0.147032482234782,-0.645178848836615,0.481036215543127,0.00727664447571023,0.37435522791322,0.456962429844508,0.442480375695605,0.0144820541489036,0.998421154441832,0.000893348062613771
2.004,0.139300709667045,-0.648408279805926,0.481475140243684,0.00958977533236156,0.374537902922008,0.464148851131416,0.449619725274537,0.0145291258568793,0.998423049569093,0.000846126362444403
2.005,0.131930815192437,-0.651211245380936,0.481921691312641,0.0119164694947852,0.374719731807093,0.470812466350796,0.456234253576086,0.0145782127747108,0.998424974081834,0.000801125235164333
2.006,0.131002026992886,-0.650526241048532,0.482375090304625,0.0142553908371991,0.374900688409058,0.47271106990721,0.458081923149855,0.0146291467573549,0.998426924461691,0.000795247757539937
2.007,0.118876014211883,-0.655498939411487,0.482828823320757,0.0165957642030997,0.375080749111694,0.48245624611204,0.467775812885444,0.0146804332265964,0.998428872611369,0.00072142104944318
2.008,0.162097842005334,-0.634483841970825,0.483293284277364,0.0189549035643623,0.375259911360883,0.456476798355299,0.441742320923243,0.0147344774320555,0.99843086303383,0.000983419542294514
2.009,0.164995505275345,-0.631536761443929,0.483711794501891,0.0212485279661645,0.375438139085983,0.455256000775661,0.440477820588427,0.0147781801872346,0.998432653263025,0.00100072295443684
2.01,0.161173400499764,-0.632849292998335,0.484126167835271,0.0235365763718695,0.375615578789528,0.459790301450318,0.444969140415766,0.0148211610345518,0.998434422746716,0.000977274161034493
2.011,0.13285392423071,-0.64939704641674,0.484544627115848,0.0258322641513425,0.375792242362736,0.485342749997811,0.470477430081213,0.0148653199165983,0.998436206607114,0.000805336773136642
2.012,0.112242279610707,-0.658856847563022,0.484993779009038,0.0281812548148125,0.375968115271932,0.501543023392021,0.486626194549744,0.0149168288422769,0.998438117882577,0.000680191007473707
2.013,0.115710543238667,-0.656171101970933,0.485461371374112,0.03056227798353,0.376143097627484,0.500699215014179,0.485726324433184,0.0149728905809954,0.998440103870326,0.000700992349896966
2.014,0.125649122621496,-0.650534008783301,0.485925423509666,0.0329385251150952,0.376317128893266,0.495693449370924,0.480665017709453,0.0150284316614709,0.998442071042965,0.000760968568478087
2.015,0.113354717510008,-0.655379192079095,0.486379852522498,0.0353006984656184,0.376490218921462,0.505479312941761,0.490397277692327,0.0150820352494339,0.998443993784254,0.000686303936939165
2.016,0.132033087077236,-0.645968778458906,0.486844837511648,0.0376810955931994,0.37666239698335,0.495144650016057,0.480006271279684,0.0151383787363727,0.998445957473615,0.000799146189320726
2.017,0.0990394286282678,-0.66178267253959,0.487291882747342,0.040035294012156,0.376833627949762,0.520584512688251,0.50539366200587,0.0151908506823805,0.998447841867667,0.000599270990456205
2.018,0.0669844389987063,-0.672970788680142,0.487767324709332,0.0424396321087102,0.37700396749791,0.539897973188384,0.524647761592353,0.0152502115960309,0.99844984216994,0.00040518422955945
2.019,0.0690633512021504,-0.671198257207395,0.488262477173319,0.044879925578436,0.377173323860453,0.540409065258042,0.525094583174205,0.0153144820838365,0.998451921258031,0.000417622637857774
2.02,0.0698665386993206,-0.669756081298382,0.488756020956355,0.0473183054304538,0.37734163298141,0.541403625087416,0.52602490205277,0.0153787230346466,0.998453989399367,0.000422341543783848
2.021,0.0628335242727712,-0.670453736957535,0.489248607898093,0.0497557937908127,0.377508898499237,0.545543488224299,0.530100402747387,0.0154430854769121,0.998456049370695,0.000379703337062986
2.022,0.035333368180592,-0.675984029715688,0.489744238934109,0.0521988644945273,0.377675121983756,0.556862832747929,0.541354328714938,0.0155085040329911,0.998458117889908,0.000213449691410422
2.023,0.0178695484960849,-0.677126288497952,0.490249703666919,0.0546609280047089,0.377840292358274,0.561739605827187,0.546163033074004,0.0155765727531826,0.998460223142369,0.000107914224549212
2.024,0.0416426482406552,-0.674154962246091,0.490758226010035,0.0571294424895882,0.378004377142288,0.560493320374095,0.544847597316363,0.015645723057732,0.998462336753619,0.00025139529721749
2.025,-0.00621290437674391,-0.680714504510459,0.491260785393704,0.0595913064199034,0.378167365259368,0.573516047886839,0.557802199963959,0.0157138479228796,0.998464421281461,-3.74946098791697e-05
2.026,0.0157319869113585,-0.67989756735357,0.491769375557783,0.0620721939183179,0.378329274022948,0.575516783451167,0.559733031380252,0.0157837520709148,0.998466526486393,9.49098577721333e-05
2.027,0.0148230873118937,-0.678643502425238,0.492276648524987,0.0645532433115088,0.378490083058013,0.576860835021975,0.561007113102639,0.0158537219193363,0.998468621906003,8.9396459524382e-05
2.028,0.0396097165739689,-0.675885245097565,0.492783519923168,0.0670340398683405,0.378649795060919,0.575935662425891,0.560011690387197,0.0159239720386934,0.998470711357888,0.000238801670365826
2.029,0.0375942436091949,-0.674931783319454,0.493284640531752,0.0695087672285437,0.378808409858384,0.577729500091714,0.561736255058334,0.0159932450333795,0.998472772882363,0.000226575297094255
2.03,0.0619743609903797,-0.670044036865574,0.49378585341884,0.0719841166829766,0.378965943991033,0.573597897763679,0.557534988949587,0.016062908814092,0.998474830601006,0.000373386636996113
2.031,0.03532913567286,-0.675334377140841,0.494277083785526,0.0744469319019607,0.379122395743957,0.584811629931114,0.568681039270952,0.0161305906601621,0.998476843287289,0.000212783556770681
2.032,0.0489540820500106,-0.672156529735466,0.494777927745093,0.0769279161566319,0.379277794782166,0.583250756313941,0.567049857735934,0.0162008985780063,0.998478891248125,0.000294747059314642
2.033,0.0626096286502542,-0.668258583547658,0.495273762998426,0.0794024042892956,0.379432109788048,0.580601676548531,0.564331279481794,0.0162703970667374,0.998480914648202,0.000376841403675868
2.034,0.0340524764513687,-0.674112014145228,0.495763104399028,0.0818682002591422,0.379585354892797,0.592729024089735,0.576390295586505,0.0163387285032299,0.998482907579998,0.000204891965858912
2.035,0.0485682736497639,-0.670875864151115,0.496262781284677,0.0843535995572902,0.379737548806567,0.591076719466194,0.574666854299211,0.0164098651669833,0.998484938549268,0.000292135682943607
2.036,0.0475192561403469,-0.669826579123093,0.496757223517676,0.0868322941565125,0.379888658129572,0.592750219131108,0.576270080642713,0.016480138488395,0.998486944220119,0.000285731914147183
2.037,0.0579755303327807,-0.666599488093912,0.497251550754585,0.0893113092564052,0.380038697625614,0.591110183353611,0.574559428405687,0.0165507549479236,0.998488945437209,0.000348490553207066
2.038,0.0706884988872309,-0.662431754512357,0.497741001956854,0.0917838452724454,0.380187666241195,0.588043443544031,0.571422857191157,0.0166205863528747,0.998490922997968,0.000424769734046071
2.039,0.0604325260905873,-0.664101776504362,0.4982234536979,0.094246953858682,0.380335577587579,0.593832563035235,0.577143440934789,0.0166891221004459,0.998492868475826,0.000363024601266541
2.04,0.0837330590558384,-0.657258425555908,0.498710725508658,0.0967183565733025,0.380482451782532,0.586709795300853,0.569950633616411,0.0167591616844424,0.998494829569827,0.000502830173923508
2.041,0.0506056239584866,-0.667126932130851,0.499184114326266,0.0991715193212491,0.380628272624216,0.604999345674269,0.588173080678289,0.0168262649959805,0.998496731123246,0.00030379889736531
2.042,0.0257699170395333,-0.670899880067591,0.499674719898766,0.101655647854445,0.380773081268569,0.61412839452964,0.597230578168749,0.0168978163608905,0.998498698032587,0.000154653032002095
2.043,0.013556502728326,-0.670870510987349,0.500172392279483,0.104153358569246,0.380916823622018,0.617426396912858,0.600454970780198,0.0169714261326606,0.998500689331447,8.13296682243223e-05
2.044,0.0190685730518416,-0.669262210643828,0.500671484265139,0.106654177327461,0.381059476699556,0.618284556602785,0.601238796339745,0.0170457602630393,0.998502682334769,0.000114360221324004
2.045,0.0192254411717448,-0.667951836431003,0.501169354429798,0.109153616981424,0.381201034786336,0.619604043304367,0.602483851402296,0.0171201919020713,0.998504666504125,0.000115262721611279
2.046,0.0244980553987805,-0.666247998255888,0.501666699681505,0.111652622325175,0.381341500223639,0.620313826446537,0.603118939212612,0.0171948872339254,0.998506644649456,0.000146825008788151
2.047,0.0329171428832389,-0.66413306505425,0.502162616331833,0.114149957477615,0.381480873229976,0.620385477561207,0.603115846800778,0.0172696307604285,0.998508613211185,0.000197218108696226
2.048,0.0425427899836147,-0.661588449391217,0.502656081988795,0.116644297977783,0.381619156767499,0.619790094415127,0.602445917575709,0.0173441768394174,0.998510568188008,0.00025480475134878
2.049,0.0233646996478406,-0.663614437839051,0.503146109231178,0.119134305732347,0.381756356892271,0.626282773479812,0.608864487195199,0.0174182862846124,0.998512505748026,0.00013989416629807
2.05,0.0323934374806283,-0.661477606300367,0.503640751918895,0.121633072290581,0.381892482637862,0.626323031010771,0.608829143180548,0.0174938878302227,0.998514457733633,0.000193888879005117
2.051,0.0351775153826008,-0.659843147343066,0.504132852479382,0.124128763891796,0.38202751868972,0.627142675027448,0.609573403699552,0.017569271327896,0.998516395886358,0.00021048355836891
2.052,0.032462462835075,-0.658962748661817,0.504623687630692,0.126623014983959,0.382161471351666,0.629135052837978,0.611490311662275,0.0176447411757039,0.998518325289692,0.000194174391858955
2.053,0.068001239028818,-0.653035787642865,0.505114770376703,0.129118068151254,0.382294343071712,0.623290612691222,0.605569951634325,0.0177206610568972,0.99852025191373,0.000406616191281056
2.054,0.0732432982468593,-0.650381711715703,0.50559077857177,0.131596395679754,0.38242613174489,0.622521301802109,0.604727960202479,0.0177933415996295,0.998522115824927,0.000437821841231756
2.055,0.0615540395649717,-0.652639233373634,0.506063246912443,0.134070186420497,0.382556881266669,0.62936194510832,0.611496403827859,0.0178655412804608,0.998523962407661,0.000367831368028464
2.056,0.07758000006086,-0.647423700889875,0.506541658269166,0.136553806832567,0.382686600884649,0.6246228475255,0.606683302924015,0.0179395446014849,0.998525828707915,0.000463449992969487
2.057,0.0729289683570298,-0.647687632163707,0.507010407912433,0.139024841233693,0.382815271451339,0.62837038069313,0.610358787650322,0.018011593042808,0.998527653901392,0.000435528762874862
2.058,0.0660240033867818,-0.6485261271325,0.50748152221185,0.141500005119748,0.38294292048126,0.633024496754151,0.614939916355118,0.0180845803990324,0.998529484904905,0.000394168180129323
2.059,0.0708007563127891,-0.646032405168294,0.507956078298083,0.143980943455537,0.383069539562054,0.632504301414491,0.614345528746273,0.0181587726682175,0.99853132585134,0.00042255135243358
2.06,0.0631225694803906,-0.64703585121798,0.508427428045629,0.146457844106106,0.38319511708677,0.637428355187432,0.619195788609744,0.018232566577688,0.998533150957563,0.000376607573232913
2.061,0.062784414607857,-0.645906419531376,0.508902520994919,0.148940970953564,0.383319661242852,0.639037889476173,0.620730246065165,0.0183076434110081,0.998534987136544,0.000374470729370392
2.062,0.0450365452029763,-0.649226917430295,0.50937728446134,0.151424139923922,0.383443159565186,0.647623994909331,0.629240972455534,0.018383022453797,0.99853681862049,0.000268529989235731
2.063,0.0539263655075661,-0.646351756124985,0.509859486843892,0.153919846191375,0.383565611686868,0.646510725172117,0.628050133418505,0.0184605917536118,0.998538675309956,0.000321431447880359
2.064,0.0617353346720551,-0.643405458844033,0.510337531871867,0.156410301979382,0.383686994242739,0.645284758293518,0.626747212688006,0.0185375456055115,0.998540512528381,0.000367859244073168
2.065,0.0393670475052599,-0.64782745561169,0.510811312434254,0.158895330155725,0.38380731818756,0.655641300259651,0.637027447547085,0.018613852712566,0.998542329964788,0.000234499847230773
2.066,0.029020522424693,-0.648240183095967,0.511294031086009,0.161395724736465,0.383926594773405,0.659723386607827,0.641030662786456,0.0186927238213703,0.998544178223876,0.000172812099818575
2.067,0.0235405177445783,-0.647621410195727,0.511779214385573,0.163900492527418,0.384044796328408,0.662182665219013,0.643410068333912,0.0187725968851007,0.998546032406376,0.000140133951246424
2.068,0.0198145476962518,-0.646701935281666,0.512265112876706,0.166406765508335,0.384161914276534,0.664169062515517,0.645316011847493,0.0188530506680231,0.998547885801974,0.000117915175521125
2.069,0.0277656023974149,-0.644771440364998,0.512751199305897,0.168913698285009,0.384277945196951,0.664552639155319,0.64561867993301,0.0189339592223088,0.998549736399732,0.000165177435464413
2.07,0.0348293123843767,-0.64269736510658,0.513235205102079,0.17141823232105,0.384392887222031,0.664707231379586,0.645692461649355,0.0190147697302301,0.998551575593297,0.000207131981934381
2.071,0.0270277779835194,-0.642556711162436,0.51371685728702,0.173919963311018,0.384506745130409,0.667929640532361,0.648834226970649,0.0190954135617123,0.99855340240287,0.000160683723207574
2.072,0.0342476753134747,-0.640485108559623,0.514200055904677,0.176424516941703,0.384619524490282,0.668089002520412,0.648912158384157,0.0191768441362555,0.998555231638899,0.000203540776264618
2.073,0.0344326650794486,-0.63920299792443,0.514680893966947,0.178926273328733,0.38473121947714,0.669501308894273,0.650243201493523,0.01925810740075,0.998557048529056,0.000204573981256568
2.074,0.0487360660015159,-0.635920113301787,0.515161188058096,0.181427633787978,0.384841835662841,0.667736066665829,0.648396419566234,0.019339647099595,0.998558859977846,0.000289460809361673
2.075,0.0517749911303535,-0.634079602362753,0.515635941143364,0.183922351223859,0.384951373324202,0.668257082510883,0.648836846581913,0.0194202359289704,0.998560647212096,0.000307411743926089
2.076,0.053188046726938,-0.632553364607228,0.51610890148574,0.186415010934738,0.385059847253511,0.669275669431807,0.649774881044536,0.0195007883872702,0.99856242442802,0.000315701076341824
2.077,0.0478548235702686,-0.632503142903017,0.516580735820118,0.188906540373172,0.385167261345584,0.672638986690056,0.653057519371798,0.0195814673182576,0.998564194170128,0.000283955068672258
2.078,0.0380933860134153,-0.633204141421361,0.517054377133793,0.191401178404135,0.385273617557955,0.677208858584149,0.657545863216394,0.0196629953677544,0.998565967441291,0.000225961680194981
2.079,0.0239280092990491,-0.634190674236506,0.517531115616159,0.193900973927616,0.385378909364893,0.682252506257437,0.662506810767071,0.0197456954903658,0.998567749030299,0.000141890117004355
2.08,0.0052549211904299,-0.63476996991296,0.518011130887608,0.19640654784223,0.385483126528441,0.686663169844905,0.666833550935352,0.019829618909553,0.998569539551618,3.11509388491211e-05
2.081,-0.00592695428771315,-0.633706832240452,0.518493001198798,0.198916433024548,0.385586258312352,0.688449483851999,0.66853506243833,0.0199144214136688,0.998571333657951,-3.51232970352885e-05
2.082,-8.01459192304099e-05,-0.632521241091627,0.518974357096044,0.201426342841462,0.385688298092365,0.690040886091728,0.6700413645092,0.0199995215825276,0.99857312252267,-4.74792646217409e-07
2.083,0.0127755752896787,-0.631209091795864,0.519455382711267,0.203936125626478,0.385789246064777,0.691429952771621,0.671344986881278,0.0200849658903423,0.998574906848052,7.56592369116016e-05
2.084,0.0246229767296428,-0.629290176459438,0.519935222672131,0.206445139049806,0.385889101897829,0.691844135786395,0.671673592336884,0.0201705434495113,0.998576683485953,0.000145774402282037
2.085,0.0090047759106091,-0.629623116224775,0.520412665045627,0.208951654997548,0.385987867710497,0.695880985209103,0.675625031981992,0.0202559532271117,0.998578447994896,5.32934095657501e-05
2.086,0.00480204978119345,-0.628484176242836,0.52089190101314,0.211461950546814,0.386085549083379,0.697555197585002,0.677212963511922,0.0203422340730797,0.998580215879619,2.84110028924055e-05
2.087,8.05333464787752e-05,-0.627274298114634,0.521370909004191,0.213972252775604,0.3861821396222,0.69911631306,0.678687424981582,0.0204288880784183,0.99858197967564,4.76315795595049e-07
2.088,0.0166101346986073,-0.625955276556693,0.521849538066979,0.216482353993193,0.386277638707265,0.70050226361579,0.679986384576829,0.0205158790389615,0.998583738842226,9.82091131100817e-05
2.089,0.0115966872204423,-0.625023156950203,0.522326486383791,0.218991445060537,0.386372046150089,0.702514166190965,0.681911282480823,0.020602883710142,0.998585488624321,6.85444702053614e-05
2.09,0.0161703188735885,-0.623512530627249,0.522803572851631,0.221501105872253,0.386465365461592,0.703593153087574,0.682902798440472,0.0206903546471022,0.998587235719248,9.55469490636606e-05
2.091,-0.00783981561774932,-0.623857036644253,0.523279625783846,0.224009688297182,0.386557594986893,0.707674593363545,0.686896592033439,0.0207780013301064,0.998588975853967,-4.63088618113081e-05
2.092,-0.0161172446208008,-0.622256712062758,0.523756076881018,0.226521398395192,0.386648736393061,0.708614078519448,0.687747896962566,0.0208661815568822,0.998590714276854,-9.51719377155109e-05
2.093,-0.00156443081608236,-0.621893219619377,0.524231180660081,0.229031715847809,0.386738787296107,0.711559362673722,0.690604901532301,0.0209544611414205,0.998592444637229,-9.23495287355526e-06
2.094,0.0269690506365058,-0.620766187321935,0.524706938717782,0.231543917581987,0.386827750244759,0.713270240507184,0.692226899739982,0.0210433407672014,0.998594174240494,0.000159149013093613
2.095,0.0268886010212594,-0.619517652685098,0.525179027835079,0.234054575063786,0.386915622141482,0.714786197884793,0.693654458164112,0.0211317397206805,0.998595887407914,0.000158623490793315
2.096,0.0278881003489961,-0.618147628563904,0.525650658216165,0.2365649242225,0.387002412061368,0.716105489997832,0.694885031029709,0.0212204589681231,0.998597595837902,0.000164467209572582
2.097,0.0282760007753113,-0.616847578044002,0.52612156919061,0.239074614586137,0.387088120042661,0.717539015504198,0.6962295814671,0.0213094340370976,0.998599298605951,0.000166701550609131
2.098,-0.000811126289223522,-0.619056169198186,0.526591906603162,0.241583845402236,0.387172746855177,0.724695909567205,0.703297207423286,0.0213987021439193,0.998600996260177,-4.78048015723584e-06
2.099,-0.0175293210294802,-0.617687802002059,0.527065311777484,0.244100932183872,0.387256292859137,0.726031678032399,0.704542497650968,0.0214891803814303,0.998602701927722,-0.000103278180021234
2.1,-0.019602079990631,-0.616187164473936,0.527536880691076,0.246616852758639,0.387338748231582,0.727151894700554,0.705572254187671,0.0215796405128827,0.998604397935761,-0.000115453359391786
2.101,-0.00176075814623387,-0.616311618055157,0.528007632889409,0.249131818817102,0.38742011686122,0.730933136545579,0.709262798272979,0.0216703382725996,0.998606087984888,-1.03672902063356e-05
2.102,-0.00418138917616368,-0.614981723417604,0.528479611427232,0.251649830317131,0.387500399787469,0.73233816171,0.710576372000772,0.0217617897092273,0.998607779414045,-2.46119977011279e-05
2.103,-0.00158419579727693,-0.613711214315657,0.528951053685838,0.254167333420002,0.387579592361833,0.733841145065053,0.711987591641242,0.0218535534238107,0.998609465907986,-9.32171823335803e-06
2.104,-0.0130230452550483,-0.612324310961868,0.529422091397267,0.256684498920605,0.387657694843256,0.735153823929318,0.713208160298211,0.0219456636311071,0.998611147955007,-7.66056106192348e-05
2.105,-0.0102844415658457,-0.611140724947873,0.529891908718339,0.259200741227666,0.387734707125066,0.736800921581565,0.71476300664484,0.0220379149367247,0.998612822665251,-6.04769630410586e-05
2.106,-0.0448544514321242,-0.608305641807835,0.530361541631989,0.261716908376073,0.387810631361064,0.735737400409895,0.713606830822718,0.022130569587177,0.998614493752841,-0.000263679307414638
2.107,-0.0103857021615618,-0.613455540472611,0.530822125368158,0.264225935304283,0.387885466836031,0.747817334612935,0.725595954000257,0.0222213806126781,0.998616129768882,-6.1033775313136e-05
2.108,0.00601335425685767,-0.61284944437982,0.531290816959055,0.266750538338616,0.387959237314845,0.750443339425818,0.728128649038836,0.0223146903869818,0.998617791672509,3.53274744717028e-05
2.109,0.00930657385325074,-0.611471435634324,0.531759362830065,0.269276172112957,0.388031919214988,0.751795055752979,0.729386638745893,0.0224084170070861,0.998619450131206,5.46571596966691e-05
2.11,0.0115658090269855,-0.610095588676292,0.532227211608141,0.271801136439626,0.388103511719353,0.753150739664885,0.730648317868049,0.022502421796836,0.99862110320895,6.79039190621741e-05
2.111,-0.0025358744422203,-0.60950889012132,0.53269437812641,0.274325442019251,0.388174015528115,0.755815566698461,0.733218857516268,0.0225967091821928,0.998622750978681,-1.48836113017411e-05
2.112,-0.0145947654073679,-0.608068380401644,0.533161654551722,0.27685092178648,0.388243431299697,0.75706741137302,0.734375929607621,0.0226914817653998,0.998624396247437,-8.56326461693967e-05
2.113,-0.0292578381841135,-0.605819297301573,0.533627524101846,0.279375300820403,0.388311757521318,0.756977753210374,0.734191398638181,0.0227863545721934,0.998626033694227,-0.00017161155446986
2.114,-0.000593058220323742,-0.608029690585059,0.534089996431483,0.281896189594973,0.388378996832354,0.764299004301759,0.741418185610788,0.0228808186909717,0.99862765637499,-3.47747991148457e-06
2.115,0.00837141883953951,-0.606747122609665,0.534555904829798,0.284424958184679,0.388445157302935,0.765824718168077,0.742848101023398,0.0229766171446788,0.998629288272817,4.90713852263999e-05
2.116,-0.000411921669278184,-0.605775718631402,0.535021028516204,0.286953197093481,0.388510228355209,0.767870427992659,0.744797750456259,0.0230726775363995,0.99863091458709,-2.41382633356423e-06
2.117,-0.00883544089514816,-0.604457096864845,0.535486006710562,0.289481768579978,0.388574210923225,0.769338704644887,0.746169540509315,0.0231691641355718,0.998632537568735,-5.17585073112995e-05
2.118,-0.0140476491976525,-0.60293824563728,0.535950162547476,0.29200972569911,0.388637104202009,0.770473320325304,0.747207415323968,0.0232659050013357,0.998634154871328,-8.22658340976446e-05
2.119,-0.0177583939208993,-0.601382111663171,0.536413305450051,0.294536611811184,0.38869890922538,0.771545597069396,0.748182745391146,0.0233628516782498,0.998635765854725,-0.000103963796236813
2.12,-0.0229446508584429,-0.599646416027767,0.536875440278929,0.297062360772837,0.388759627541774,0.772317720082297,0.748857714531959,0.0234600055503387,0.99863737056126,-0.000134283528740855
2.121,-0.0320132201752023,-0.597400846194507,0.537336136943294,0.299586452245437,0.388819260683687,0.77223779170519,0.748680535557856,0.0235572561473338,0.998638967526568,-0.000187298321161383
2.122,-0.0517140080366026,-0.593316800015609,0.537794066342518,0.302107362858642,0.388877811342556,0.769092414116952,0.745438153410567,0.0236542607063858,0.998640552187939,-0.000302466117617317
2.123,-0.0605060928658245,-0.589938670428268,0.538243896615524,0.304619369943016,0.388935285789155,0.767124618499215,0.743374976125861,0.0237496423733535,0.998642106197046,-0.000353780602154288
2.124,-0.055610944723837,-0.589769636980446,0.538688682930408,0.307125134685501,0.388991704639416,0.770490855490871,0.746646678249998,0.0238441772408731,0.998643640229158,-0.000325059611511477
2.125,-0.0612630891111687,-0.586984155618132,0.539135635510768,0.30963374892004,0.389047080256663,0.769506896323053,0.745567176223474,0.0239397200995797,0.998645179182874,-0.000357988254964136
2.126,-0.0598264775155625,-0.585918555747296,0.539579045116803,0.31213788392198,0.389101405625292,0.771381622714094,0.747346821684738,0.0240348010293565,0.998646703418063,-0.000349487365682302
2.127,-0.0137537687416254,-0.596376027111781,0.540022792946951,0.31464241086297,0.389154689046355,0.792574460637831,0.768444040853184,0.0241304197846468,0.998648226309962,-8.03207554954085e-05
2.128,-0.0127995706579082,-0.595103821958955,0.540481887505886,0.317175134969622,0.389206928417986,0.794147935154,0.769917470403325,0.0242304647506746,0.998649799238205,-7.47248208294572e-05
2.129,-0.030237330344837,-0.592812662205166,0.54094063989294,0.319707538217993,0.389258081534432,0.794002332135817,0.769671434138435,0.0243308979973825,0.99865136832722,-0.000176472239457129
2.13,-0.0075959482850783,-0.59440867703914,0.541395418638798,0.322236179807282,0.389308148132518,0.800423486308952,0.775992707599524,0.0244307787094287,0.998652921200341,-4.43179398735906e-05
2.131,0.00188870648890609,-0.593406754848026,0.541853752629293,0.324771476847308,0.389357137623695,0.802464535300406,0.777932478153327,0.0245320571470788,0.998654483575785,1.1016041116733e-05
2.132,0.0307654803843783,-0.591877705585529,0.542311882119014,0.327307008581002,0.389405039376,0.8036140580489,0.778980294010956,0.0246337640379446,0.998656042615012,0.000179385900788829
2.133,0.0228900083618897,-0.591694669042298,0.542765116283954,0.329839803457379,0.389451852763237,0.80704894349404,0.782314263137884,0.0247346803561563,0.998657582405357,0.000133424474693981
2.134,0.0240715862993976,-0.590328296954036,0.543219881515786,0.332375090390675,0.389497589597931,0.80848004943478,0.783643576006213,0.0248364734285667,0.998659124814781,0.000140268033365375
2.135,0.00535037483399702,-0.591040777353127,0.543673925857123,0.334909724359819,0.389542244656841,0.813448263704047,0.788509703008799,0.0249385606952479,0.998660662204973,3.11675615087483e-05
2.136,-0.0336254799033157,-0.59066374243955,0.544130116547868,0.337448748609883,0.38958581867957,0.81657368859791,0.791531997444775,0.025041691153135,0.998662204278741,-0.000195817294031478
2.137,-0.0180915762503191,-0.591562955584855,0.544580630160923,0.339986839501814,0.389628304837757,0.821889958146147,0.796746131486156,0.025143826659991,0.998663724626591,-0.000105323322022542
2.138,-0.0228720514700996,-0.589849229122885,0.545034496438783,0.342530172012223,0.389669716930752,0.822748536891768,0.79750121629109,0.0252473206006779,0.998665253747178,-0.000133112183538687
2.139,-0.00982328638659108,-0.589802988359101,0.545486975501088,0.345071932882979,0.389710044975188,0.826461835091226,0.801110895053482,0.0253509400377446,0.998666775661176,-5.71523919707227e-05
2.14,-0.00598762250532459,-0.588650565138562,0.545941029113555,0.34761643176985,0.38974929145801,0.828285659022943,0.802830198458637,0.0254554605643058,0.998668300335251,-3.48254248725952e-05
2.141,-0.0202812456423556,-0.58696917925145,0.546394917114299,0.35016090026291,0.3897874510939,0.829203325415362,0.803642894930958,0.0255604304844038,0.998669821920597,-0.00011792368701194
2.142,-0.00638498775937189,-0.586861120110398,0.546846557378252,0.352703494186708,0.389824523164956,0.832821949180023,0.807156644335107,0.0256653048449156,0.998671333463642,-3.71134677745118e-05
2.143,0.0129558466728466,-0.586093751128932,0.547299515759587,0.355248592859827,0.389860512398298,0.835314406927202,0.809543388099306,0.0257710188278951,0.998672846912513,7.52838589415549e-05
2.144,0.0202032409306478,-0.584417059486553,0.547751411788911,0.357793987554099,0.389895414203813,0.836246068738804,0.810369118233841,0.0258769505049632,0.998674354317529,0.000117360512475286
2.145,0.00786257382684,-0.584259477321508,0.54820170095016,0.360337789929076,0.389929230204794,0.839792906281848,0.813809949650622,0.0259829566312251,0.998675853890517,4.56594852318409e-05
2.146,0.00505393608978216,-0.583081107999708,0.548653201993495,0.362883952315078,0.38996196343826,0.84158661061281,0.815496831226883,0.0260897793859272,0.998677355027973,2.93400558449387e-05
2.147,0.0102279990403446,-0.581685747624569,0.549104425771618,0.365429985212887,0.389993609612012,0.843007247933875,0.816810217954172,0.026197029979703,0.998678852777239,5.93590341633966e-05
2.148,0.0185614791260341,-0.58004239197899,0.549554816671502,0.367975260866704,0.390024168305545,0.844000489828057,0.817695926632448,0.0263045631956083,0.998680345309215,0.000107689631975243
2.149,0.0186276315709329,-0.578785949182561,0.550003597035221,0.370519005813155,0.390053640538334,0.845661268401533,0.819249094403385,0.0264121739981477,0.998681830072766,0.00010803999509443
2.15,0.0406686034479306,-0.575729175857649,0.550451913991114,0.373062402683147,0.390082029338791,0.844216894547311,0.817696729386308,0.0265201651610032,0.998683310885869,0.000235804385154416
2.151,0.0340871654458865,-0.575700797917219,0.550893443869953,0.37559956359566,0.39010933476761,0.847994758746682,0.821367895992031,0.0266268627546514,0.998684766925206,0.000197583739710096
2.152,0.0383144476565257,-0.573846875810635,0.551336908375603,0.378139612580885,0.390135573186627,0.848626102969883,0.821891533391238,0.0267345695786447,0.998686226996944,0.000222018904783912
2.153,0.080384374546955,-0.565527178409176,0.551778431778894,0.380677628549576,0.390160738476754,0.838131255460201,0.811288993143004,0.0268422623171963,0.998687678346223,0.000465657539867414
2.154,0.0875874801237927,-0.561832319369848,0.552195176393241,0.383192494213184,0.39018483449131,0.835599884256646,0.808656011920369,0.0269438723362767,0.998689046114941,0.000507238304843148
2.155,0.10307114897937,-0.554714193783083,0.552605553850879,0.385700238727778,0.390207923678364,0.827234642909752,0.800190387801799,0.0270442551079537,0.998690390970501,0.000596738434363772
2.156,0.111041870054216,-0.549978376228131,0.553001041442978,0.388191185900363,0.390230021197047,0.822946259909291,0.795805126340911,0.0271411335683795,0.998691685141513,0.000642709881298696
2.157,0.108019951743028,-0.550370913982756,0.553387708722035,0.390672181596112,0.390251163989826,0.82736419773681,0.800128096250754,0.0272361014860563,0.998692948661058,0.000625051959578845
2.158,0.0931013245053477,-0.556409799538615,0.553777148542937,0.393157270209632,0.390271373432216,0.841448187608727,0.814115951084934,0.0273322365237939,0.998694219456994,0.000538581052002256
2.159,0.0856662212959162,-0.558359902726986,0.554180840769559,0.395661335359659,0.390290641283226,0.848605459658149,0.821172851678248,0.0274326079799003,0.998695534875202,0.000495431456193992
2.16,0.100424144026108,-0.551627688019917,0.554590598559064,0.398173602506358,0.390308930057541,0.840857976410005,0.8133229212948,0.0275350551152045,0.998696868099463,0.000580616007627942
2.161,0.127708105617877,-0.538366598512513,0.554986378304357,0.400670216110649,0.390326223163582,0.82205926117804,0.794425028873446,0.0276342323045942,0.998698153974418,0.000738159808875216
2.162,0.119087357622012,-0.542187415851989,0.555351016820577,0.403132467506611,0.390342554971192,0.832288456028229,0.804562929396626,0.0277255266316024,0.998699337050421,0.000688157720392726
2.163,0.112905579999308,-0.544380069166246,0.555725683788695,0.405607959946129,0.390358003355264,0.839800787931773,0.81198087634183,0.027819911589943,0.998700551046728,0.000652266517399777
2.164,0.117018938419755,-0.541229585792916,0.556106968086885,0.408092343920929,0.390372541736756,0.838203160715921,0.81028666960959,0.027916491106331,0.998701784805107,0.000675851319144636
2.165,0.136581736731029,-0.529965854310975,0.556483104930814,0.410571214110875,0.390386152206096,0.822834076088673,0.794821953476509,0.0280121226121641,0.998703000250791,0.000788632178116481
2.166,0.134386561394645,-0.530247415557315,0.556834192622247,0.413021942832816,0.390398846618407,0.827044028444256,0.798942570577141,0.0281014578671147,0.998704133271179,0.000775768361503439
2.167,0.160360234998413,-0.513643098736489,0.557187763495032,0.415476479174662,0.390410687058277,0.802852790690637,0.774660937134428,0.0281918535562091,0.99870527286219,0.000925478837218093
2.168,0.160325406948024,-0.512644938913863,0.557502838796556,0.417887948440585,0.390421666110882,0.804852609943492,0.776580309723039,0.028272300220453,0.998706287160513,0.000925075777565255
2.169,0.177199742299647,-0.49955661378746,0.557817510060221,0.420299825057498,0.390431879582003,0.786787287932943,0.758434302280311,0.0283529856526326,0.998707299014525,0.00102221746226551
2.17,0.196364629236529,-0.483400111511262,0.558103366829255,0.422678978726332,0.390441327359298,0.763934564552378,0.735508300577011,0.0284262639753672,0.998708217223843,0.00113254999107983
2.171,0.195455447996777,-0.483218483130074,0.558353097798202,0.425017038274516,0.39045008073779,0.767173017437422,0.738682892236052,0.0284901252013704,0.998709018622905,0.00112711096449213
2.172,0.212873107579367,-0.467032818386392,0.558604183972531,0.427357778848417,0.390458229343021,0.74456656628904,0.716011948508226,0.028554617780814,0.998709823648494,0.00122733762643861
2.173,0.2279829905199,-0.451701225596169,0.55881933949716,0.429657554050891,0.390465768744836,0.72364048752826,0.695030793995009,0.0286096935332505,0.998710512898677,0.00131425870744351
2.174,0.24509058477111,-0.43332659583411,0.559000822680759,0.431918868890067,0.390472787991902,0.698287946702797,0.669632032593004,0.0286559141097934,0.998711093867082,0.00141270132409547
2.175,0.24207987752677,-0.435710845401436,0.559141492261469,0.434133467994828,0.39047937050274,0.705290293419312,0.676598982564862,0.0286913108544502,0.998711543922531,0.00139521140434692
2.176,0.225160939765504,-0.453112882197792,0.559289206905984,0.436357740152348,0.390485617637158,0.736017551432661,0.707288803587568,0.0287287478450929,0.998712016274135,0.00129756718441353
2.177,0.234712717806314,-0.442549608311813,0.559476183524484,0.438631453888366,0.390491511059825,0.722711799301277,0.693934869120532,0.0287769301807448,0.998712613817267,0.00135243704011883
2.178,0.216793896031616,-0.460446499969721,0.559640804333444,0.440879863468111,0.39049695182017,0.754632333186554,0.725813063609307,0.028819269577247,0.998713139584789,0.00124904432685395
2.179,0.212825814212923,-0.463348068514692,0.559845640798802,0.443178927323944,0.390501994938865,0.76281708414785,0.733944443160859,0.028872640986991,0.998713793361732,0.00122600809635707
2.18,0.217449446109268,-0.457986924705397,0.560058649106586,0.445488963928042,0.390506539144735,0.757663439445932,0.728735001811065,0.0289284376348666,0.998714472713536,0.00125245779672638
2.181,0.225545321653906,-0.449152041886478,0.560261287248427,0.447787786974422,0.390510563113806,0.74695117899882,0.717969521460346,0.0289816575384734,0.998715118512094,0.00129890532426053
2.182,0.220434294956953,-0.453382652317049,0.560445538930641,0.450066010239893,0.390514091768365,0.757218167101356,0.728188047881794,0.0290301192195624,0.99871570530848,0.0012693086907118
2.183,0.19196296359585,-0.480579937358247,0.560640893683348,0.45235875789429,0.390517170025186,0.805313605681911,0.776231825849557,0.0290817798323546,0.998716327044162,0.00110521455890885
2.184,0.191878079702271,-0.479675424708019,0.560894931881519,0.454725975209583,0.390519769358478,0.807464625424898,0.778315087675283,0.0291495377496152,0.998717134897893,0.00110453086784151
2.185,0.213290100539264,-0.460263140497585,0.561148712063821,0.45709392723733,0.390521742789354,0.779057943515521,0.749840435905242,0.0292175076102792,0.998717941200788,0.0012275709434599
2.186,0.212633659855794,-0.459941178613148,0.561358361922489,0.459412151273836,0.390523089916801,0.782099979865032,0.752826182440469,0.0292737974245626,0.998718606744228,0.00122361454690151
2.187,0.233089765424536,-0.439457058817678,0.56156904053951,0.461732722437363,0.390523919349746,0.752432264308613,0.723101669794926,0.0293305945136872,0.998719275052914,0.00134113413968002
2.188,0.276793334102601,-0.392768027706462,0.561733331310967,0.46400087039787,0.390524227591181,0.682757081002996,0.653382044328566,0.0293750366744303,0.998719795863517,0.00159241050622028
2.189,0.240084569495736,-0.437565221269938,0.56178479338433,0.466143607540432,0.390524128801357,0.756259590641475,0.726870553357159,0.0293890372843157,0.998719958938412,0.00138117311489022
2.19,0.233932276316989,-0.443283358449433,0.561931944628013,0.468406790325539,0.390523902061698,0.769001648131736,0.739572589990014,0.0294290581417216,0.998720425071826,0.00134564213476764
2.191,0.229790839039377,-0.446711139807631,0.562093530137849,0.470688478833001,0.390523309733704,0.778122636344969,0.748649481942602,0.0294731544023673,0.998720936647759,0.00132167093667904
2.192,0.235383366689043,-0.440000362362163,0.562264503417213,0.472982573267173,0.390522315297161,0.770752824307781,0.74123285009498,0.0295199742128007,0.998721477624993,0.00135367608637599
2.193,0.231547419700905,-0.443138070909666,0.562421984244764,0.475261946130135,0.390520894700727,0.779408282633787,0.749844969548377,0.0295633130854107,0.998721975619707,0.00133146992066739
2.194,0.22478531833842,-0.449255112504742,0.562588215619026,0.47755295232486,0.390519080512456,0.793021200026204,0.763411999385773,0.029609200640431,0.998722500983424,0.00129243626214183
2.195,0.223396953267117,-0.449723946442064,0.562769746939799,0.479863471079242,0.390516850296877,0.797409270172473,0.767749840421299,0.0296594297511736,0.998723074347124,0.00128429143870782
2.196,0.199316770506859,-0.473006431558423,0.562954084686893,0.482178490783076,0.39051416540812,0.840059335035278,0.810348712875924,0.0297106221593532,0.99872365619648,0.00114570940364122
2.197,0.209300461231235,-0.463077636548101,0.563189686936645,0.484557720721079,0.390511018044294,0.827032022132517,0.797256049938736,0.0297759721937803,0.998724399304186,0.00120290024490385
2.198,0.193820688070548,-0.476721264484884,0.563404181751113,0.486913455471207,0.390507280762416,0.853926169319933,0.824090327674445,0.0298358416454884,0.998725075296935,0.00111376795988902
2.199,0.231038248901818,-0.443235657882093,0.563649985474327,0.489308298138481,0.39050300461683,0.801339109558763,0.771434624608991,0.0299044849497718,0.998725849328891,0.00132740716866451
2.2,0.219487571506077,-0.454341447873775,0.563814999905519,0.491614298321594,0.390498111478444,0.823502704540175,0.793551319058546,0.0299513854816286,0.998726368578049,0.00126089903161668
2.201,0.23522345370322,-0.437820958966582,0.564006158380583,0.493952896932243,0.390492799276854,0.799680279928436,0.76967467964305,0.0300056002853857,0.998726969714531,0.00135111772368919
2.202,0.224695016597532,-0.448074196218205,0.564160541673136,0.496250248200892,0.390487002838244,0.820382350085753,0.790332352633852,0.030049997451901,0.998727454906658,0.00129050388368049
2.203,0.235531199057492,-0.436150948220793,0.564339275091712,0.498577967163647,0.390480811720242,0.804208372252912,0.774107158423256,0.0301012138296568,0.99872801629421,0.00135257156790964
2.204,0.228109829878869,-0.443123360623692,0.56449225429483,0.500876976999048,0.390474165271758,0.819471433100701,0.789325832774325,0.0301456003263759,0.998728496507451,0.00130981371065038
2.205,0.225064594369541,-0.445332176018045,0.564662470160088,0.503197721050807,0.390467125900373,0.826873426438894,0.796678558589497,0.0301948678493971,0.998729030522045,0.00129217463574721
2.206,0.22384291251602,-0.445643013580822,0.564839395979766,0.505527592739444,0.390459650496681,0.83111586908445,0.800869706297959,0.0302461627864907,0.998729585246501,0.00128500211812866
2.207,0.245844093815065,-0.422457332220335,0.565018782440616,0.507861549211367,0.390451721752368,0.796196076547473,0.765897743619963,0.0302983329275101,0.998730147331244,0.00141112662828993
2.208,0.238282836391998,-0.429957648901545,0.56514504327047,0.510136155569885,0.390443332768597,0.812238428307178,0.781902249457229,0.0303361788499493,0.998730542739589,0.0013676052356026
2.209,0.22070331106951,-0.447984471768126,0.565289746372798,0.512433902771519,0.39043461287666,0.846247059334235,0.815867844828257,0.0303792145059779,0.998730995685988,0.00126658121360349
2.21,0.223595649509089,-0.444162622370535,0.565475410439973,0.514782230202556,0.39042551620539,0.843532847447398,0.813099219965149,0.0304336274822496,0.998731576507948,0.00128301382935785
2.211,0.237874548238367,-0.428789143156565,0.565654150584599,0.517123639562005,0.390415941709663,0.821385703403966,0.790899343340513,0.0304863600634534,0.998732135309241,0.00136477748378915
2.212,0.211119480289228,-0.456678685048284,0.565798816847417,0.519427075394891,0.390405905434792,0.872509859956407,0.841979893912798,0.0305299660436089,0.9987325873257,0.00121115123366946
2.213,0.235207743686308,-0.432713185024774,0.566004720786528,0.521806416286545,0.390395489818363,0.835449242138669,0.804858719218306,0.0305905229203631,0.998733230283644,0.00134914717632249
2.214,0.237784380574415,-0.429053750484441,0.566155144082099,0.524124220162045,0.390384544455662,0.833020626778439,0.802384517055631,0.0306361097228078,0.998733699701482,0.00136378364361705
2.215,0.264219009120667,-0.399673360186234,0.566299015949089,0.526435600664588,0.390373203864838,0.787945922202827,0.757265846498746,0.0306800757040805,0.998734148441307,0.00151524421352519
2.216,0.29039787017447,-0.367464196567622,0.566374505275329,0.528670960079932,0.390361483248886,0.739651747716958,0.708946299224177,0.0307054484927805,0.998734383803145,0.00166528716118333
2.217,0.305979411442262,-0.346133091053157,0.566375303886116,0.530822917052637,0.390349548671353,0.709634653758701,0.678924235287178,0.0307104184715231,0.998734386292731,0.00175463856298385
2.218,0.314912555593039,-0.33294984675605,0.566328406877752,0.532921280059225,0.390337581859481,0.692626385420865,0.661924070157221,0.0307023152636435,0.998734240084277,0.00180592474108493
2.219,0.351868722790927,-0.279443982828321,0.566253173576303,0.534988016103408,0.390325699107494,0.61637802804064,0.585691623319929,0.030686404720711,0.998734005482593,0.0020179626584767
2.22,0.348910921236517,-0.283469632507141,0.566051731927143,0.536913619147009,0.39031396979916,0.62512978596286,0.594493967276883,0.030635818685977,0.998733377015568,0.00200128084487538
2.221,0.34138503783405,-0.294664189524919,0.565861569885647,0.538853449617795,0.390302702547024,0.644476511635577,0.613888353385125,0.0305881582504512,0.998732783328611,0.00195837360889567
2.222,0.308950019999623,-0.344073453434901,0.565698632681154,0.540826441881351,0.390291871279009,0.722654674959351,0.692106874131394,0.0305478008279569,0.998732274320232,0.0017725097444747
2.223,0.297636026057349,-0.359097175368091,0.565644206639397,0.542932058043349,0.390281410812655,0.749767192622942,0.719230152433563,0.0305370401893784,0.998732104230429,0.00170766383315272
2.224,0.307263782428212,-0.34531275549034,0.565625062043501,0.545080835698189,0.390271056856604,0.731354169290226,0.700818263219595,0.0305359060706316,0.998732044392822,0.00176292587542703
2.225,0.284905833603308,-0.3756012522384,0.565576155653702,0.547196331913781,0.3902607234016,0.783347755470681,0.75282114778412,0.0305266076865611,0.998731891514514,0.00163470288445559
2.226,0.290889172435616,-0.367047763003851,0.565595142808078,0.549394785195969,0.390250483300277,0.772998888028698,0.742463009831724,0.0305358781969738,0.998731950870308,0.00166901136738477
2.227,0.319579379093937,-0.328456911160707,0.565596449406939,0.551573933498957,0.390240170717977,0.7151753656315,0.684635032950138,0.0305403326813618,0.998731954954723,0.00183362318427462
2.228,0.33917400773656,-0.299351026892823,0.565508106824494,0.553652454405852,0.390229828719631,0.67384870684123,0.643328477812145,0.0305202290290845,0.998731678754147,0.00194616945789581
2.229,0.337959035747444,-0.300491147129265,0.565353968193587,0.555656476085642,0.390219676532222,0.678738510123346,0.648256485294136,0.0304820248292107,0.9987311966374,0.0019394063581927
2.23,0.313261593103613,-0.33751568123355,0.565204511817017,0.557667123138479,0.390209875737132,0.739349658619387,0.708904685374136,0.0304449732452514,0.998730728914769,0.00179786528162437
2.231,0.290954413383611,-0.368327145111077,0.565137721165563,0.559778524918482,0.390200415947948,0.792527973625561,0.762097540546816,0.030430433078745,0.998730519813936,0.00166991805049815
2.232,0.277299115591952,-0.385459351215621,0.565139991454806,0.561974378901502,0.39019109567743,0.824601406684525,0.794166654754805,0.0304347519297204,0.998730526922319,0.00159154164547144
2.233,0.297777590750295,-0.358931510054472,0.565181908937036,0.564218909963119,0.390181746121638,0.784372427165388,0.753922484516038,0.0304499426493504,0.998730658157688,0.00170902669728691
2.234,0.306795823780957,-0.345972269316399,0.565163536827801,0.566395589135867,0.390172270097928,0.766886050384921,0.736437380416495,0.0304486699684252,0.998730600640634,0.00176080733883954
2.235,0.292397765991584,-0.365145655655452,0.565117348855759,0.568541210741263,0.390162814952627,0.80175847547495,0.77131870597042,0.0304397695045303,0.998730456024709,0.00167822592661875
2.236,0.278177646671861,-0.383117246625725,0.565115368406848,0.570740939850858,0.390153448873539,0.835451522545381,0.805008579463514,0.0304429430818667,0.998730449823336,0.00159661132024903
2.237,0.261191630691532,-0.403628230273902,0.565154851207053,0.572991560973553,0.390144063803793,0.874284812099958,0.843827328580065,0.0304574835198932,0.9987305734475,0.0014990781768124
2.238,0.237051931664607,-0.43125690373128,0.56524105940385,0.57529960994616,0.390134558138089,0.926700747563554,0.896215869645987,0.0304848779175669,0.99873084331302,0.00136044951336549
2.239,0.261324080490442,-0.40432531877756,0.565388558855659,0.577683354436831,0.390124817179049,0.883341827654947,0.852812653496302,0.0305291741586445,0.998731304853384,0.0014995940628723
2.24,0.271236119942989,-0.391730511081456,0.565473890973999,0.579997742436596,0.390114690407736,0.865480905796964,0.834924311941983,0.030556593854981,0.998731571756076,0.00155638118307651
2.241,0.267442879474174,-0.395522506852893,0.565532025291239,0.582281934522551,0.390104329105966,0.875888222360808,0.845311567528972,0.0305766548318358,0.998731753543073,0.00153455298267842
2.242,0.272102822974263,-0.389016565214662,0.565600480301579,0.584579655483223,0.390093799263537,0.868549402452194,0.837949784317535,0.0305996181346593,0.998731967555143,0.00156121663433151
2.243,0.29041199464432,-0.365615110908931,0.565655909136264,0.586863531498212,0.390083075254762,0.832533778566809,0.801914688407515,0.0306190901592935,0.998732140805305,0.00166620291373622
2.244,0.298670444313978,-0.353935029329192,0.565658481959419,0.589088090031917,0.390072188476271,0.816692605295378,0.786068477722708,0.0306241275726696,0.99873214884618,0.00171358167396461
2.245,0.280858123227064,-0.377199155943392,0.565636142327384,0.591285047843426,0.390061267732982,0.859743383061486,0.829121039830676,0.0306223432308103,0.998732079025422,0.00161141096436231
2.246,0.260246454563075,-0.402551557426029,0.565666704371674,0.593546713899991,0.390050373833233,0.907663673824698,0.877028609312267,0.0306350645124311,0.998732174543293,0.00149312061939623
2.247,0.281480668112031,-0.376667007926579,0.565754292146953,0.595878368120826,0.390039377537152,0.866578047591836,0.835914567154099,0.0306634804377366,0.99873244823083,0.0016148497603332
2.248,0.28410215798361,-0.372484927346018,0.565782774480053,0.5981438621347,0.390028139253025,0.86325701309531,0.832581239181945,0.0306757739133651,0.998732537211973,0.00162985683515012
2.249,0.267092997172474,-0.393520679602243,0.565803593592675,0.600401774217229,0.390016802821588,0.903676080285251,0.872990075879318,0.0306860044059329,0.998732602246921,0.00153225526688539
2.25,0.287186686035284,-0.368362671414908,0.565872383397967,0.602718488501938,0.390005386723232,0.863934958269628,0.833225517636063,0.0307094406335655,0.998732817099157,0.00164744943025447
2.251,0.271330941847393,-0.388145597447557,0.565883953737192,0.604971109376204,0.389993773605929,0.902168703850899,0.871451458252978,0.0307172455979212,0.99873285323184,0.0015564802302038
2.252,0.266148124631151,-0.393653797724231,0.565940868305445,0.607279290644812,0.389982102728153,0.915871563279682,0.885134033871602,0.0307375294080796,0.998733030947219,0.00152668859404269
2.253,0.260075740800559,-0.400105467697508,0.566011925521504,0.60960554643615,0.389970263238209,0.931375596889005,0.90061382639904,0.0307617704899645,0.99873325277276,0.00149178204307659
2.254,0.238611178659847,-0.424508985791444,0.566099200030405,0.611952341812096,0.389958220226632,0.979610200203967,0.948819644648849,0.0307905555551182,0.998733525149044,0.00136857903984819
2.255,0.223766627392162,-0.439644400977197,0.566241165513448,0.61436643530993,0.389945933663066,1.01181123661175,0.980976755728567,0.0308344808831795,0.998733968031813,0.00128330951554712
2.256,0.226754019896354,-0.435690533016841,0.566418054284143,0.616823636812559,0.389933269632695,1.00877551003601,0.977887330137918,0.0308881798980936,0.998734519552411,0.00130028187616756
2.257,0.243101852447636,-0.41797234768979,0.566587696876573,0.6192736838974,0.38992014226501,0.980377699526976,0.949437603370468,0.0309400961565074,0.998735048156688,0.00139386074484208
2.258,0.247600826892219,-0.412117188603088,0.566717558787225,0.621679582675636,0.389906568329665,0.973898726829999,0.942917461912957,0.0309812649170423,0.998735452590987,0.00141952767045756
2.259,0.248364309679576,-0.410369901671404,0.566835807174697,0.624073340980411,0.389892643794673,0.974919555759972,0.943900163613171,0.0310193921468005,0.998735820695619,0.00142378734163411
2.26,0.269790538395405,-0.385350392761238,0.566951859196445,0.626465902636449,0.389878396194061,0.933931084015553,0.902874026273868,0.0310570577416849,0.998736181813713,0.00154649131781577
2.261,0.255731891805324,-0.401698711060346,0.567010567730394,0.628794698974083,0.389863830191604,0.967496064249495,0.936416998694557,0.0310790655549383,0.998736364440256,0.00146584439380548
2.262,0.286892621102561,-0.36467489599461,0.56710714470341,0.631169920259721,0.38984908452388,0.905467435157254,0.874355849086748,0.0311115860705063,0.99873666478312,0.00164434554806079
2.263,0.291198438565451,-0.35824449626911,0.567116502879024,0.633448607528429,0.389834066734371,0.898186482826856,0.867066296895775,0.0311201859310807,0.998736693880493,0.00166901374803133
2.264,0.267988708257751,-0.388091015606358,0.567113028683094,0.635713810326574,0.389818988160858,0.955258796785467,0.924133522410476,0.0311252743749908,0.998736683078288,0.00153599011408999
2.265,0.241887530144905,-0.418967538694616,0.567176349472742,0.638060574607028,0.389803879835949,1.01612324449293,0.984974455783201,0.0311487887097257,0.998736879938789,0.00138632869583693
2.266,0.240768863695098,-0.419296432594403,0.567308022914313,0.640491262888202,0.389788579384452,1.02108553848301,0.989894302681113,0.0311912358018953,0.998737289162838,0.00137979047739198
2.267,0.241705098655204,-0.41737386599891,0.56744220516956,0.64292625190825,0.389772920365608,1.02185202091398,0.990617484733975,0.0312345361800065,0.998737705988575,0.00138502609251511
2.268,0.23913499090341,-0.419296651216364,0.567573784878926,0.645359578194164,0.389756895956964,1.02981960200524,0.998542319096396,0.0312772829088451,0.998738114538336,0.00137017291969105
2.269,0.249889097603442,-0.406719747262215,0.567711463075215,0.647801410962857,0.389740511728107,1.01070572232916,0.979383846787871,0.0313218755412926,0.998738541820905,0.00143165315999959
2.27,0.251187450019249,-0.404362714370101,0.567821741190869,0.650213158372855,0.3897237521576,1.01065432326387,0.979295252977758,0.031359070286108,0.998738883918212,0.00143898081921296
2.271,0.263729460753684,-0.389171237271442,0.567928427770272,0.652622130045444,0.38970668288754,0.986914951215583,0.955519540064715,0.0313954111508679,0.998739214747664,0.00151071785401926
2.272,0.25510585962342,-0.398644013304743,0.568001557165869,0.654994077436925,0.38968931196257,1.00866749223873,0.977244879222714,0.0314226130160142,0.998739441446271,0.00146124477495453
2.273,0.246811503803977,-0.407385669799012,0.568097617012022,0.657394439749414,0.389671720002161,1.02931000631747,0.997853755885377,0.0314562504320891,0.998739739139799,0.00141363992178298
2.274,0.263248884548715,-0.388062787812729,0.568214964307235,0.659821259870692,0.389653850997037,0.997733190011897,0.966237292543097,0.0314958974688002,0.998740102667449,0.0015076632542388
2.275,0.253796878804187,-0.398514477352664,0.568288753160167,0.662199914491277,0.389635652836388,1.02143855528717,0.989914911045018,0.031523644242154,0.998740331179459,0.00145345538318716
2.276,0.266806748956026,-0.382629843063434,0.568387628127628,0.664609530183233,0.38961723019002,0.996314039822667,0.964755609205318,0.0315584306173486,0.998740637286047,0.00152785537081816
2.277,0.280858816682784,-0.364730017728942,0.568451278612708,0.66698031331732,0.389598521893788,0.967834641109913,0.936251044931499,0.0315835961784144,0.998740834284971,0.0016082523196505
2.278,0.258151642144708,-0.392905429042536,0.568474994111083,0.669306938860178,0.389579612476398,1.02398543523028,0.99238763904628,0.031597796184002,0.998740907673408,0.00147820212416545
2.279,0.27554251677185,-0.37162230397452,0.568561937187598,0.671710556852622,0.389560597995756,0.988907361546419,0.957277815558891,0.0316295459875275,0.998741176669429,0.00157768818572166
2.28,0.27140116553872,-0.375976023526509,0.56860068258591,0.674060850999378,0.389541325413058,1.0012014525215,0.969553389251784,0.031648063269713,0.998741296518583,0.00155393377239028
2.281,0.270824122430438,-0.375845540147477,0.568651052796326,0.676426184148481,0.389521910582936,1.00526850089568,0.973598638662313,0.0316698622333633,0.998741452301754,0.00155057529007267
2.282,0.286224750784833,-0.356028562110436,0.568702923949912,0.678794730593192,0.389502325092349,0.973184802868132,0.941492651105389,0.0316921517627424,0.998741612698147,0.00163869059556598
2.283,0.288918154961212,-0.351706348277129,0.568710280165677,0.681114022717282,0.389482564920326,0.969541673960196,0.937839490461008,0.0317021834991877,0.998741635442727,0.00165410234027782
2.284,0.299355985754013,-0.33717727441137,0.568709601656684,0.683425501723032,0.389462737129892,0.947493770823596,0.915783752919697,0.0317100179038996,0.998741633344879,0.00171386139238525
2.285,0.295835019845551,-0.341185559046444,0.568677149450498,0.68570201954355,0.389442860950481,0.958859121389026,0.927150053489369,0.0317090678996572,0.998741533001693,0.00169374169559079
2.286,0.287099288474027,-0.352149390775099,0.568655626125829,0.687992762558252,0.389423012970892,0.982986080296348,0.951274945182327,0.0317111351140206,0.998741466444616,0.00164375180520222
2.287,0.295211291891716,-0.34074466132833,0.568660505989514,0.690315962878653,0.389403166875062,0.966448709526399,0.93472818983643,0.0317205196899684,0.998741481535174,0.0016901903246498
2.288,0.326116288661213,-0.29844625349249,0.568640933219445,0.692612534907821,0.389383258917546,0.895359117701683,0.86363596488265,0.0317231528190328,0.998741421006507,0.00186715802640004
2.289,0.332411270112002,-0.288381935370584,0.568522066166562,0.694799132144854,0.38936334797875,0.881836781551588,0.850138516204571,0.0316982653470175,0.99874105332139,0.00190335759249156
2.29,0.326414260152402,-0.29674020222051,0.568382110052421,0.696962825121051,0.389343673828759,0.900313452404202,0.868646012149038,0.0316674402551647,0.998740620205467,0.0018692019774726
2.291,0.304102144654347,-0.329133458124104,0.568262997567842,0.6991523095906,0.389324288112699,0.961996377997149,0.930354100663034,0.0316422773341152,0.998740251425344,0.00174157717208234
2.292,0.322259962987885,-0.303255314529296,0.5682169218532,0.701430171153971,0.389305141306433,0.919848152672164,0.888210898269764,0.0316372544023998,0.998740108730415,0.00184562544708128
2.293,0.301611008892641,-0.332770309701942,0.568112215693011,0.703642677833687,0.389286057516907,0.976985425242696,0.945369463163387,0.0316159620793086,0.998739784372916,0.00172749247698372
2.294,0.308210042071655,-0.32294347423667,0.568074336356827,0.705936118660142,0.389267178680274,0.963351386485052,0.931738285757176,0.0316131007278766,0.998739667001306,0.00176533547613967
2.295,0.30410053976325,-0.327933784859493,0.568015779096935,0.708207196754468,0.389248343744891,0.976638216527591,0.94503372378739,0.0316044927402009,0.998739485526987,0.00174186869803637
2.296,0.318224258659368,-0.307642819242976,0.567970371286757,0.710495164089676,0.389229602840302,0.944151451117856,0.912551961782985,0.0315994893348712,0.998739344778259,0.00182282626790226
2.297,0.304863465786972,-0.326220166715531,0.567879718473648,0.712732793986653,0.389210924408731,0.981979712388105,0.950397786218813,0.0315819261692929,0.998739063718127,0.00174640460979956
2.298,0.310069039620435,-0.318239087137171,0.567832278188818,0.715022961843519,0.389192418089929,0.971669406899937,0.940093142705037,0.0315762641948998,0.998738916598419,0.00177628348030944
2.299,0.317908339811754,-0.306438222460121,0.567768451316347,0.71729569148951,0.389173979782391,0.954504888210403,0.922938853101838,0.0315660351085651,0.998738718622562,0.00182127341547205
2.3,0.311377822952195,-0.315128235028226,0.567679408535422,0.719540827444983,0.389155649329238,0.974457796958161,0.942909019371617,0.0315487775865444,0.998738442358549,0.00178397147015957
2.301,0.323909376414341,-0.296653062052647,0.567611807849844,0.721812639949806,0.389137488072544,0.945253747826828,0.913716356680998,0.0315373911458298,0.998738232562871,0.00185585586441056
2.302,0.300890172786301,-0.329786644364942,0.567503354720361,0.724039007929814,0.389119444561146,1.00996569177738,0.978451048964894,0.0315146428124896,0.99873789587906,0.00172409665245606
2.303,0.299465929108771,-0.330954812467151,0.567469328584075,0.726355793182566,0.389101618072413,1.01650461256745,0.984992192977831,0.0315124195896201,0.9987377902212,0.00171597651396966
2.304,0.29969691085622,-0.329861383702057,0.567439797943745,0.728679391557677,0.389083828899633,1.01884838859234,0.987336962394876,0.0315114261974641,0.99873769851247,0.00171733546868741
2.305,0.292374789868255,-0.339045070249055,0.567409631935587,0.731003817494313,0.389066066247978,1.04048555920513,1.00897531317445,0.0315102460306749,0.998737604820721,0.0016754132313204
2.306,0.298564388834117,-0.330038312078377,0.567401877135133,0.733356168147542,0.389048331724931,1.02799400676162,0.996478744734253,0.0315152620273654,0.998737580733696,0.00171089113199209
2.307,0.303194056732692,-0.322985449939828,0.567375301001515,0.735688299722371,0.389030571101209,1.01921237764927,0.987697302160875,0.0315150754883914,0.998737498181125,0.00173745317705911
2.308,0.316229700619561,-0.304278113158701,0.567334445085777,0.738005442106283,0.389012829911868,0.988931208057064,0.957420282679616,0.0315109253774482,0.998737371256651,0.00181220559807377
2.309,0.282310442001149,-0.352223555963347,0.567252114943389,0.740276463348049,0.388995142808535,1.08354624941705,1.05205098469709,0.0314952647199611,0.998737115431293,0.00161791875482629
2.31,0.258650253824446,-0.381723553943799,0.567274539589554,0.742675908392525,0.38897761045216,1.14584920250895,1.11434064343604,0.0315085590729056,0.998737185119002,0.00148229921598378
2.311,0.246810748008742,-0.394767084446967,0.567362810136165,0.745156010545019,0.388959979352237,1.17668451719406,1.14514437612174,0.031540141072318,0.998737459378488,0.00141436102582165
2.312,0.230398581875509,-0.412280841752845,0.567481707357176,0.747673941199137,0.388942089727631,1.21707677710004,1.18549644953253,0.0315803275675052,0.998737828661197,0.00132020073254265
2.313,0.249480611184304,-0.391425306628327,0.567640709282778,0.750241216629771,0.388923866843043,1.1797193256576,1.14808753936544,0.0316317862921632,0.998738322263279,0.00142938348513472
2.314,0.216139256011928,-0.428331130461666,0.567752190050889,0.752756036259464,0.388905212940767,1.26017005292255,1.22849979254885,0.0316702603736997,0.99873866817685,0.00123825990426848
2.315,0.188093855114351,-0.454945789557945,0.567943500070326,0.75536980913292,0.388886242126325,1.32135213806626,1.28962110513901,0.031731032927249,0.998739261476051,0.00107744411125347
2.316,0.211093983348712,-0.434333526230966,0.568192965529041,0.758055801266198,0.388866760738217,1.28296088109677,1.25115268455085,0.0318081965459187,0.998740034529345,0.00120898340117275
2.317,0.212769439591418,-0.431800360235368,0.568394594782912,0.760689534482837,0.388846627385991,1.28279222184449,1.25091983813477,0.0318723837097177,0.998740658850069,0.0012184075191364
2.318,0.208402990337822,-0.43510256979679,0.568592188062952,0.763319957188958,0.388825956440204,1.29489409827934,1.26295839385318,0.0319357044261617,0.998741270244309,0.00119323867360251
2.319,0.188374393119115,-0.453161689085461,0.568798933858524,0.765962461154071,0.388804756672961,1.33849486006459,1.30649303754403,0.0320018225205538,0.998741909503563,0.0010784065290633
2.32,0.201908520148208,-0.440606441764868,0.569046446722995,0.768655228426956,0.388783005080697,1.31696042141933,1.28488086993271,0.0320795514866263,0.998742674203909,0.00115568685737189
2.321,0.210840105209705,-0.43146134010692,0.569266185301457,0.77131778113518,0.388760602548874,1.30280114376872,1.27065128041096,0.032149863357759,0.998743352537319,0.00120662427207257
2.322,0.206199600831025,-0.434994473662204,0.569466426400009,0.773959393611795,0.388737614823507,1.31549476334539,1.28327973822473,0.0322150251206582,0.998743970226091,0.0011799018074069
2.323,0.227437998556288,-0.414115200184876,0.569676346581297,0.776613670200863,0.388714087759034,1.27670486841925,1.24442172408835,0.0322831443309037,0.998744617305947,0.00130123979608502
2.324,0.228940394619714,-0.411659461772716,0.569838072461628,0.779215358245919,0.388689997150582,1.27671163046412,1.24437353828259,0.0323380921815209,0.998745115501532,0.00130968734424278
2.325,0.21553501506772,-0.424754917566939,0.569995921773734,0.78181403195484,0.388665457666414,1.30942642142177,1.27703425089416,0.0323921705276181,0.998745601482747,0.00123286380218961
2.326,0.228067032803382,-0.411524117867914,0.570184435854018,0.784450323990247,0.388640477744468,1.28674641592407,1.2542913973402,0.0324550185838737,0.998746181521068,0.00130437517268343
2.327,0.203136376837719,-0.43656454974345,0.57034368385888,0.787054857373894,0.388614983038314,1.34509084044355,1.31258090152241,0.0325099389211388,0.998746671211936,0.00116166081673636
2.328,0.202639463792055,-0.436094264004213,0.570558572626635,0.78972755807488,0.388589042706214,1.34939471485659,1.31681409374653,0.0325806211100615,0.998747331565984,0.00115864497746027
2.329,0.187649054426759,-0.449028875514755,0.570774134875242,0.792402378667881,0.388562522719919,1.38270555674585,1.35005378195557,0.0326517747902803,0.998747993490072,0.0010727715286116
2.33,0.209138256540678,-0.429665571913864,0.571019816266981,0.79511414393001,0.388535420471455,1.34624590987326,1.31351426833954,0.0327316415337185,0.998748747291228,0.00119541769702849
2.331,0.189412010534682,-0.447590298852188,0.571220610285928,0.79777734036412,0.388507663002877,1.39036631534257,1.35756704929718,0.0327992660453934,0.998749362887135,0.00108251190726508
2.332,0.186563830785181,-0.449107597434309,0.571462087531769,0.800490277582812,0.38847935640428,1.39910641553891,1.36622785948201,0.0328785560568983,0.998750102637046,0.00106605402148761
2.333,0.161299095822097,-0.469705251718314,0.571708760191407,0.803210488328589,0.388450402672156,1.45003995885507,1.4170803336271,0.0329596252279645,0.998750857657551,0.000921528342207012
2.334,0.137038138698364,-0.486618023634184,0.57200099046765,0.805986827149463,0.38842078837906,1.49356465103933,1.46051084536007,0.0330538056792602,0.998751751278993,0.000782761305317737
2.335,0.139524611878298,-0.484039978389541,0.572330679759987,0.808809593124141,0.388390404029222,1.49338117287239,1.46022227505265,0.0331588978197457,0.998752758352183,0.0007967800311882
2.336,0.143194202087825,-0.480681197094467,0.572656321947323,0.811628690804686,0.388359159465214,1.49143706385352,1.45817376177989,0.0332633020736348,0.998753751924715,0.000817549356335406
2.337,0.160809548543474,-0.468116777105649,0.572976078830556,0.814442067119493,0.388327063175341,1.46881663983202,1.4354501432743,0.0333664965577196,0.998754726441563,0.000917916290096159
2.338,0.17278872617253,-0.45830265913749,0.573267266205702,0.817225008225067,0.388294127996321,1.4524955192895,1.41903343005771,0.0334620892317943,0.998755612941903,0.000986093326643735
2.339,0.148978244488831,-0.476203680254628,0.573537011438305,0.819985132451228,0.388260420481157,1.49823993997112,1.46468789692446,0.033552043046667,0.998756433359911,0.000850047807456846
2.34,0.164473178738585,-0.464612179792601,0.573846662124106,0.822794235730558,0.388225990261767,1.47778092997159,1.44412731494789,0.0336536150236996,0.998757374197667,0.000938255891396482
2.341,0.185285972259406,-0.447919126390418,0.574130286909532,0.825575659666573,0.388190741926055,1.44613585274674,1.4123875774297,0.0337482753170472,0.998758235068241,0.00105677462442076
2.342,0.178703966373892,-0.45257070163364,0.57437509517869,0.828315741149936,0.388154735804091,1.4620541866945,1.42822181278277,0.0338323739117321,0.998758977437577,0.00101905930021196
2.343,0.187024879986958,-0.444779990431743,0.574632150362595,0.831071184828729,0.388118062348608,1.4503013619299,1.41638108865505,0.03392027327485,0.998759756264301,0.00106631700406273
2.344,0.207127707397395,-0.42655031288279,0.574872719647501,0.833809380670518,0.388080691642118,1.41561975375495,1.38161588021417,0.0340038735407826,0.998760484511053,0.00118073338531548
2.345,0.197697851250733,-0.434614816074141,0.575070996408033,0.83650242548518,0.388042661420524,1.43889286869734,1.40481701553503,0.0340758531623139,0.998761084272644,0.00112682160877982
2.346,0.173907855424397,-0.455321770870981,0.575289117661485,0.839219737675128,0.388004070109999,1.49067156373992,1.45651783242573,0.0341537313141858,0.998761743583705,0.000991073656589278
2.347,0.149806859168729,-0.47364835282439,0.575553677158587,0.841993319410705,0.387964870089369,1.53793888419888,1.50369381555061,0.0342450686482734,0.99876254259214,0.000853567318717267
2.348,0.143071150113859,-0.477297871269805,0.575859176056088,0.844816803872168,0.387924951298726,1.55206945567292,1.51772107392408,0.0343483817488368,0.998763464330205,0.000815013862423007
2.349,0.141970095886812,-0.477018265002596,0.576174710158906,0.847652862943388,0.387884216637972,1.55721670563298,1.52276173031765,0.0344549753153306,0.998764415319922,0.000808562451699161
2.35,0.154043089830242,-0.468111651737776,0.57649147671115,0.850491311555088,0.387842641490185,1.54257579636891,1.5080134269495,0.0345623694194059,0.998765368976997,0.000877126605308295
2.351,0.152334538428081,-0.468336912277098,0.576788805326398,0.853309376229485,0.387800221859455,1.548866165048,1.5142014683648,0.0346646966831938,0.998766263161203,0.000867216881705098
2.352,0.1383090402221,-0.47720556462357,0.577088492793145,0.856131178137383,0.387757002055329,1.57507510486312,1.54030698220284,0.0347681226602814,0.998767163507004,0.000787206099531105
2.353,0.148644555051698,-0.469596479253612,0.577409473379684,0.858978819007993,0.387712975465252,1.56335341476772,1.52847537538602,0.034878039381706,0.99876812678679,0.000845841343400895
2.354,0.128528245353456,-0.482414762590287,0.577714198650468,0.861809550263795,0.387668091339928,1.59885309745333,1.56386930379158,0.0349837936617559,0.998769040293045,0.000731215593754369
2.355,0.141887051557239,-0.473456359222076,0.57804826929248,0.864675932993261,0.387622386418318,1.58392924428021,1.54883089059425,0.0350983536859606,0.99877004066421,0.00080702615410729
2.356,0.156807809442689,-0.462663146929517,0.578362590928774,0.867521745841486,0.387575791344098,1.56486397250905,1.52965620244802,0.0352077700610317,0.998770980841976,0.000891695391753101
2.357,0.137883622577266,-0.475411745431781,0.578652628380764,0.870342189132514,0.387528350879113,1.60019918704011,1.56488846984341,0.0353107171966957,0.998771847476441,0.000783922098158164
2.358,0.135674609838604,-0.475813521938315,0.5789721210198,0.873198169889278,0.387480120254151,1.60702887394006,1.57160636809429,0.0354225058457768,0.998772801118232,0.00077118961220154
2.359,0.143863252253454,-0.469657010172575,0.579294422692454,0.876058277010701,0.387431030107972,1.59860053608911,1.56306496594754,0.0355355701415685,0.998773762078785,0.000817549299384426
2.36,0.142623852425817,-0.469485203560902,0.579604001567897,0.878905370575486,0.387381072830905,1.60409318522168,1.56844771214616,0.0356454730755175,0.998774684099325,0.000810329397066389
2.361,0.121185649188315,-0.482663654776506,0.579915060590105,0.881755126312533,0.387330276724672,1.64085219454559,1.60509593275104,0.0357562617945502,0.99877560953671,0.000688375661139752
2.362,0.121209288722863,-0.481619676834439,0.580256122960327,0.884641201242903,0.387278637264878,1.64436305072967,1.60848693628718,0.0358761144424875,0.998776623097231,0.000688344582018556
2.363,0.0906074295794296,-0.497808213241975,0.580596720421643,0.887527610866236,0.3872260841599,1.68874021942121,1.65274387371999,0.0359963457012227,0.998777634087782,0.000514433930796803
2.364,0.082245304417837,-0.500248331700631,0.580971844807714,0.890457063711932,0.387172617379157,1.70063235997464,1.66450535780244,0.0361270021722006,0.998778746192372,0.00046683361040509
2.365,0.101175149950971,-0.4919196127142,0.581354342735184,0.893395652319548,0.387118156424227,1.68680136811685,1.65054102331674,0.0362603448001101,0.998779878678991,0.000574126748404216
2.366,0.102150797348674,-0.49039966796504,0.58171763432506,0.896314953897254,0.387062683289123,1.68923312180366,1.65284437759724,0.0363887442064237,0.998780952921153,0.000579514698077054
2.367,0.101855786470398,-0.489481363860821,0.582079419355655,0.89923331218556,0.38700624094416,1.69310259171113,1.65658532782471,0.0365172638864286,0.998782021375868,0.000577693663576351
2.368,0.108483308486382,-0.485279606704351,0.582441098567243,0.902152283700367,0.386948831755582,1.68914580887234,1.65249950187862,0.0366463069937183,0.998783088191304,0.000615125918407011
2.369,0.0859886848334479,-0.495603211821579,0.582794779683323,0.905063310961924,0.386890454882017,1.71992758132968,1.68315398184629,0.0367735994833918,0.998784130134894,0.000487454452136529
2.37,0.0788178017289277,-0.497394125031036,0.583171802685978,0.908002926866506,0.386831127503651,1.73035499921578,1.69344682337622,0.036908175839564,0.998785239451918,0.000446685135759374
2.371,0.0779536299232914,-0.496616155660102,0.583554827384592,0.910950000318881,0.386770795310238,1.73460834134386,1.69756327125002,0.0370450700938481,0.998786364959944,0.000441668171170795
2.372,0.0910283987525949,-0.490761407873683,0.583938162799645,0.913898004268859,0.386709443572318,1.72663214084815,1.68944949124485,0.037182649603297,0.998787489902688,0.000515607366300022
2.373,0.090075122769498,-0.490093241980088,0.584309017447407,0.916833535716065,0.386647070526536,1.73114950075292,1.69383228624967,0.0373172145032458,0.998788576814425,0.000510074156228362
2.374,0.0759312159368852,-0.494974154631317,0.584680386885524,0.919770296660777,0.386583703449585,1.74907300166287,1.71162049160172,0.0374525100611451,0.998789663853226,0.000429867756652361
2.375,0.0913840301900951,-0.488387317233024,0.58506417114227,0.922722141711596,0.386519340107102,1.73931122369007,1.70171923298203,0.0375919907080418,0.998790785781588,0.000517210154005524
2.376,0.0706606586693503,-0.496179851806598,0.585433369978651,0.925659518827931,0.386453951332528,1.76433525909089,1.7266074155972,0.0377278434936905,0.998791863683759,0.00039981683923595
2.377,0.0624442278908369,-0.497791438309943,0.585820556807307,0.928618974101385,0.386387569041134,1.77444792100441,1.736578412103,0.0378695089014066,0.998792992643601,0.000353229373717013
2.378,0.0610055969929414,-0.497090348719222,0.586213325406004,0.931585339543281,0.386320151570876,1.77894468737117,1.74093127345637,0.0380134139147972,0.998794136355042,0.000344995600417088
2.379,0.0453430620177671,-0.50044724268255,0.58660664901398,0.934552807786895,0.386251685301093,1.7933591001468,1.75520099227365,0.0381581078731539,0.998795280147811,0.000256350329477018
2.38,0.0343851979461045,-0.501624749504776,0.587008722646265,0.937531280695825,0.386182167949674,1.80247915340363,1.76417317099294,0.0383059824106879,0.998796447801505,0.000194343939071696
2.381,0.0592429060049566,-0.496434787283608,0.58741519535638,0.940515419357675,0.386111578828801,1.79600812209585,1.75755233494914,0.0384557871467052,0.99879762660567,0.000334742515222123
2.382,0.0547855331180944,-0.496549106847732,0.587808403317007,0.943487942087179,0.386039907055588,1.8025331822277,1.76393080687791,0.0386023753497901,0.998798765389612,0.000309470677956684
2.383,0.0658328547612891,-0.492568484586007,0.588204001973497,0.946463610550695,0.385967181328961,1.7990353070953,1.76028500646518,0.0387503006301154,0.998799909560892,0.000371770243562572
2.384,0.04776251850698,-0.497053395452868,0.588591806255684,0.949431757567255,0.385893395277335,1.81629076718834,1.77739417680472,0.0388965903836215,0.99880102969601,0.000269649639898495
2.385,0.0522283272534667,-0.494901467399367,0.588990569332643,0.952413589620349,0.385818565282338,1.81727627781103,1.77822955353038,0.0390467242806478,0.99880217994639,0.000294778649210488
2.386,0.0653333199254953,-0.49053828606746,0.589386437960681,0.955392776286435,0.385742665883795,1.81283489448443,1.77363822988012,0.0391966646043045,0.998803320308048,0.000368640268559807
2.387,0.0648038685860084,-0.489588870660614,0.589773327424449,0.958363379743195,0.385665702511952,1.81677810667082,1.77743348330553,0.0393446233652992,0.998804433324635,0.000365552575864256
2.388,0.0520690225883542,-0.492369809996308,0.590160182300147,0.961334450667248,0.385587694106962,1.82990210654445,1.79040889308642,0.0394932134580236,0.9988055447826,0.0002936359252551
2.389,0.0612885052898906,-0.488966510080204,0.590554913711993,0.964315158166349,0.385508639719092,1.82781683493547,1.78817207191294,0.0396447630225348,0.998806677369401,0.000345531130507088
2.39,0.0550193645460164,-0.489663342098096,0.590943398444087,0.967289912604773,0.385428520871962,1.83583244599997,1.79603731252286,0.0397951334771116,0.99880779055552,0.000310101595307908
2.391,0.0720454230571842,-0.484104856601725,0.591335541179324,0.970269235422095,0.385347350373002,1.8284445010426,1.78849726783856,0.0399472332040418,0.998808912740124,0.000405951307525423
2.392,0.0485910938810294,-0.491001347606488,0.59171516536218,0.973236727758847,0.385265119123126,1.85177298980502,1.81167668741199,0.0400963023930385,0.998809997683788,0.000273720402444432
2.393,0.070865950898671,-0.484735424435346,0.59211022327657,0.976223507219489,0.385181853719304,1.842618537495,1.80236796805404,0.04025056944095,0.998811125258966,0.000399085791152093
2.394,0.0815923180454846,-0.480035320056596,0.592489942178082,0.979196262370756,0.385097519145999,1.83735705829501,1.7969560827696,0.0404009755254082,0.998812207636262,0.000459368033160089
2.395,0.103413869346647,-0.470516625789821,0.592860060081301,0.982159749556038,0.385012148124978,1.82028507996412,1.7797358884309,0.0405491915332153,0.998813261311847,0.000582071143596742
2.396,0.0587399635471275,-0.491386543931784,0.593207057456234,0.985101056831313,0.38492576070958,1.87817409019504,1.83748288882083,0.040691201374211,0.99881424797222,0.000330539864653482
2.397,0.03743086104182,-0.496202970602725,0.593594423657941,0.988094146565462,0.384838406551451,1.89660607281138,1.85576030049041,0.0408457723209666,0.998815348055601,0.000210571886785978
2.398,0.0634105003061842,-0.49041873582031,0.593992930468383,0.991101383907531,0.384749996213696,1.88858679681707,1.84758248168681,0.0410043151302624,0.998816478279949,0.000356622446852173
2.399,0.0623794864130226,-0.489614603670588,0.59437623863358,0.994095506341666,0.384660504337153,1.89301275000498,1.8518537144195,0.0411590355854722,0.998817563968743,0.000350728353295931
2.4,0.0358582932831478,-0.496365102295186,0.594759867269116,0.997090464883762,0.384569963098968,1.91636498357608,1.87505046480261,0.041314518773462,0.998818649164088,0.000201558051250831
2.401,0.0435929226455394,-0.493876011033666,0.595157829896649,1.00010393074361,0.38447837078841,1.91658768228787,1.87511274683258,0.0414749354552933,0.998819773428548,0.000244964704202019
2.402,0.0275930021934412,-0.496044092315543,0.59555190205296,1.00311385528074,0.384385695210757,1.92851875715525,1.88688386695912,0.0416348901961312,0.998820885221669,0.000155011757788914
2.403,-0.000309247365771693,-0.49852606855739,0.595952029420934,1.00613159212853,0.384291943831086,1.94127461885279,1.89947727677065,0.0417973420821465,0.998822012593914,-1.73679254527499e-06
2.404,-0.0104273794301922,-0.497261149947107,0.596356076848069,1.00915688650498,0.384197102527551,1.94459617552258,1.90263450700637,0.0419616685162126,0.998823149475922,-5.85453110863532e-05
2.405,-0.0222267134290235,-0.495400101083531,0.596759102069058,1.01218168821463,0.38410116183476,1.94641478748469,1.9042883833219,0.0421264041627867,0.998824281948054,-0.000124757733240781
2.406,0.01516554940484,-0.498064582894225,0.597159528030592,1.01520444524606,0.38400412299361,1.95968755649811,1.91739647785652,0.042291078641592,0.99882540560259,8.50993859390433e-05
2.407,0.00386622114329333,-0.497669228279116,0.597561056251262,1.01823405343276,0.383905990645098,1.96524170394085,1.92278490663436,0.0424567973064898,0.998826530838081,2.16885563859967e-05
2.408,0.00194992308892613,-0.496464975756518,0.597963409794998,1.02126528095713,0.383806761442475,1.96874897285371,1.92612549063311,0.0426234822205995,0.998827656870605,1.093545407504e-05
2.409,-0.00877068176384446,-0.495321387964179,0.598365424632954,1.02429635994396,0.383706432642501,1.97241272621181,1.92962193727515,0.0427907889366573,0.998828780442798,-4.91731632389799e-05
2.41,-0.033467123805299,-0.493015470134913,0.598766618532045,1.02732722261969,0.383605004008371,1.97312788632003,1.9301693112745,0.0429585750455228,0.998829900216462,-0.000187581004230851
2.411,-0.0218393837468372,-0.493547139629567,0.599161426931387,1.03035398452715,0.383502476337469,1.9810625375043,1.93793736697945,0.0431251705248575,0.998831000703564,-0.000122373804658461
2.412,-0.0413897957318519,-0.490198992312449,0.599559525896401,1.03338478652699,0.383398862338124,1.97913756669928,1.93584409127023,0.0432934754290455,0.998832108895268,-0.000231855780631055
2.413,-0.0387600956957164,-0.48936795380309,0.599950113309679,1.03640937212199,0.383294154004038,1.98361860163928,1.94015835372086,0.0434602479184167,0.998833194747671,-0.000217064270347588
2.414,-0.0603162037638323,-0.484012448118226,0.600341511127987,1.03943486656945,0.383188366401134,1.97660419612082,1.93297621237979,0.0436279837410254,0.99883428143571,-0.000337688346458344
2.415,-0.0396795340350283,-0.488585310024598,0.600720190619409,1.04244902117706,0.383081496826107,1.99483916810033,1.95104656038041,0.0437926077199198,0.99883533146444,-0.000222091083283386
2.416,-0.0162713092031432,-0.491701367333395,0.601110379723724,1.04547683881758,0.382973571363143,2.00942143149427,1.96546001963197,0.0439614118623024,0.998836412023929,-9.10470622103359e-05
2.417,-0.0209155595509486,-0.490051636279083,0.60150773870268,1.04851433646374,0.382864564570739,2.01184283325417,1.96770972355864,0.0441331096955345,0.998837510998351,-0.000117000992690817
2.418,-0.0396023080685967,-0.486873281581889,0.601903698510964,1.05155058298543,0.382754460271535,2.01035716482697,1.96605203866107,0.0443051261659033,0.998838604659726,-0.000221471361764543
2.419,-0.0459405575996462,-0.484317837433025,0.602292703742444,1.0545811209009,0.382643260470932,2.01047170598219,1.96599592627138,0.044475779710811,0.998839677711873,-0.000256845810204662
2.42,-0.0744446747910949,-0.47664469151499,0.602678161275004,1.05760818988609,0.382530978912394,1.99753907534438,1.95289298280498,0.0446460925394003,0.998840739611529,-0.000416092679449478
2.421,-0.0641203794595686,-0.478904849535941,0.603043275528407,1.06061751539581,0.382417622114735,2.00995112126969,1.9651401551972,0.0448109660724898,0.998841744215415,-0.000358293581046896
2.422,-0.0830363519372529,-0.471638588658067,0.603416309612683,1.06363540114275,0.382303231974535,1.99808013564121,1.95310118918717,0.0449789464540368,0.998842769354972,-0.000463868859299276
2.423,-0.116903448884241,-0.456592678910361,0.603772724342544,1.0666375706777,0.382187790821925,1.96658612650029,1.9214435330667,0.0451425934335863,0.998843747639331,-0.000652895135802513
2.424,-0.100307035078725,-0.464387509297186,0.604089240002902,1.06960320177431,0.38207133258241,1.99296026247871,1.94766546548846,0.0452947969902506,0.998844615441263,-0.000560078678279159
2.425,-0.0863270841250534,-0.469640441661982,0.604426403860777,1.07259107384847,0.381953939951147,2.0130036779265,1.96754975646424,0.0454539214622638,0.99884553885533,-0.000481903196946406
2.426,-0.113349569929932,-0.456880033959324,0.60477841614183,1.07559490350375,0.381835568606364,1.987221455002,1.94160321472328,0.045618240278714,0.998846501837186,-0.000632591065949151
2.427,-0.102018972625267,-0.461529026385067,0.605098449073028,1.0785687846621,0.381716186445928,2.005703549437,1.95993005041236,0.0457734990246373,0.998847376362422,-0.00056922569255578
2.428,-0.0952928467515256,-0.463322166503837,0.6054323781308,1.08155733124437,0.381595859260699,2.01696521907566,1.97103157080173,0.0459336482739294,0.998848287874713,-0.000531569274701704
2.429,-0.0820273817178399,-0.467937782093348,0.605773689344685,1.08455353809176,0.381474557006285,2.035477695655,1.9893809698614,0.0460967257935998,0.998849218499269,-0.000457458935140743
2.43,-0.0900075989405978,-0.463299391847093,0.606128410070593,1.08756409278206,0.381352263265942,2.03031410029752,1.98404950831785,0.0462645919796667,0.998850184575767,-0.000501836140164224
2.431,-0.0800866981123381,-0.466139648329016,0.606474659662061,1.09056619836506,0.38122894911766,2.0443154450898,1.99788486998109,0.046430575108708,0.998851126491324,-0.000446411372974174
2.432,-0.0731655061813606,-0.467369882133648,0.606830439424529,1.09357835913057,0.381104631147178,2.05421157584996,2.00761139653484,0.0466001793151165,0.998852093212482,-0.000407727824383875
2.433,-0.0625478620225918,-0.469703328612664,0.607192068565946,1.09659662545856,0.380979288569683,2.06696958900238,2.0201972926933,0.0467722963090802,0.998853074666536,-0.000348468633277211
2.434,-0.056037623955849,-0.470275028958211,0.607561798554107,1.09962355341026,0.380852908267314,2.07520349358246,2.02825586202739,0.046947631555068,0.998854076898219,-0.000312115713257492
2.435,-0.0499148215774159,-0.47055567057494,0.607935690325503,1.10265486719963,0.380725472496054,2.08269506663299,2.03557007390025,0.0471249927327454,0.998855089171579,-0.000277938566566752
2.436,-0.0673932517612228,-0.464943469378273,0.608313021529308,1.10568982258947,0.380596971684345,2.07495181920899,2.02764765057604,0.0473041686329527,0.998856109495263,-0.000375161243651556
2.437,-0.0662067110201644,-0.463913641099584,0.608677817502843,1.1087133016615,0.380467397771691,2.07906036408,2.03158011511281,0.0474802489671899,0.998857094720319,-0.00036845946269019
2.438,-0.0688262012068622,-0.461654287383297,0.609043156107015,1.11173731161768,0.380336775589447,2.07999362253628,2.03233637795928,0.0476572445769956,0.998858080228022,-0.000382937102431332
2.439,-0.0760108882706333,-0.457823062130209,0.609405998881229,1.11475880194493,0.380205103038581,2.07687046688775,2.02903624493203,0.0478342219557164,0.998859057833635,-0.000422801140995454
2.44,-0.0451437680651908,-0.467819033048332,0.609762261993459,1.11777382308927,0.380072384257521,2.10955493491581,2.06154501691805,0.0480099179977637,0.99886001657969,-0.00025104228000015
2.441,-0.0612039114293132,-0.462928123201379,0.610140375989636,1.12081467277178,0.379938631739358,2.1036555467265,2.05546243332,0.0481931134064915,0.998861032904308,-0.000340259381308482
2.442,-0.0782675603109816,-0.456431048643293,0.610507923646112,1.12384592842894,0.379803799800941,2.0936178113274,2.0452439907333,0.048373820594101,0.998862019621256,-0.000435008619550662
2.443,-0.10233598893231,-0.44578119446924,0.610860884333436,1.12686365063281,0.379667909062846,2.07291661228726,2.02436583537739,0.0485507769098704,0.998862966060446,-0.000568635700665144
2.444,-0.0830936440448749,-0.453881160403402,0.61118749734098,1.12985715019513,0.379530988292448,2.10064958578092,2.05192927487042,0.0487203109104947,0.998863840876408,-0.000461605966964024
2.445,-0.0927560739854778,-0.448491646355969,0.611535042689866,1.13287308698304,0.379393090134015,2.09351775459108,2.04462070468508,0.048897049906007,0.99886477073235,-0.000515154233226001
2.446,-0.0858430615272294,-0.450135959263316,0.611872026597186,1.13587874907138,0.379254171003619,2.10460128647076,2.05553003382355,0.0490712526472163,0.998865671322545,-0.000476644620113942
2.447,-0.10040500936248,-0.442546093184535,0.612216012614331,1.13889155847122,0.379114251338268,2.09178318350738,2.04253481985447,0.04924836365291,0.99886658960335,-0.000557361856986183
2.448,-0.130437545540301,-0.42626202263928,0.612543340503672,1.14188848380838,0.378973315930926,2.05670431453625,2.00728327962068,0.0494210349155642,0.998867462457142,-0.000723905764832852
2.449,-0.126647445920168,-0.427073149970016,0.612828656455145,1.14484692678226,0.37883139749107,2.0655875277026,2.01600618840981,0.0495813392927911,0.998868222521146,-0.000702726830854446
2.45,-0.115351583016822,-0.432488418135291,0.613119446897086,1.14781080239523,0.378688579903539,2.08633381060892,2.03658980240155,0.0497440082073723,0.998868996440969,-0.000639915469022617
2.451,-0.129766928086709,-0.422770681739372,0.613426296627186,1.15079112943213,0.378544851051122,2.06816360294344,2.0182512448453,0.0499123580981451,0.998869812305898,-0.000719725640209885
2.452,-0.111718967015974,-0.432656667307475,0.613711485539704,1.15375060081478,0.378400177499233,2.10045831220235,2.05038367347639,0.0500746387259597,0.998870569846643,-0.00061949888328651
2.453,-0.0884099344739543,-0.443892521378733,0.614022559426873,1.15673707611262,0.378254601805082,2.13650054721003,2.08625486884124,0.050245678368789,0.998871395342651,-0.0004901366988138
2.454,-0.0905192072832384,-0.441499754038559,0.614361385881852,1.15975327185126,0.3781080708646,2.13715496033249,2.08672884709457,0.050426113237928,0.998872293534424,-0.000501707635724111
2.455,-0.0753098525308236,-0.44678377137912,0.614697542263026,1.16276677601295,0.377960527926751,2.15786474359839,2.1072582745919,0.0506064690064943,0.998873183669617,-0.000417307695210959
2.456,-0.0697296350469547,-0.447414274630635,0.615048556375216,1.16579590586523,0.37781197733851,2.16643584184153,2.11564360202145,0.0507922398200866,0.998874112109305,-0.000386288634886814
2.457,-0.0591569480982558,-0.449622829605722,0.615404078949691,1.1688295979631,0.377662388358157,2.17916585978297,2.12818565061668,0.0509802091662879,0.998875051394351,-0.000327633876154525
2.458,-0.0723928119713971,-0.444380429642646,0.615767469188717,1.17187150808314,0.377511750993951,2.17232143766432,2.12114999323045,0.0511714444338691,0.998876010344753,-0.000400833941310836
2.459,-0.0954840718176645,-0.434719821018115,0.616119907778934,1.17490327499243,0.377360048575756,2.15394306453068,2.10258301874267,0.0513600457880123,0.998876939314289,-0.000528554024450628
2.46,-0.120761481498407,-0.421327349827837,0.616448413051138,1.17791348555408,0.377207301958141,2.1259825233953,2.07444061449865,0.0515419088966451,0.998877804243099,-0.00066831895747763
2.461,-0.150623711985885,-0.401967191939392,0.616743295941383,1.18089298742225,0.377053557763434,2.08290451946855,2.03119058115136,0.0517139383171945,0.998878579862026,-0.000833405037578629
2.462,-0.169557077214879,-0.386223341583731,0.616988477487151,1.18382693748441,0.376898881755395,2.04952409443986,1.99765309138474,0.0518710030551177,0.998879224188963,-0.000937997566047009
2.463,-0.184991350375948,-0.37157148040607,0.617196381031738,1.18672547293364,0.376743371470821,2.01921041616251,1.96719348121305,0.0520169349494669,0.998879770149772,-0.00102322683511075
2.464,-0.183810154533178,-0.37086629089607,0.617370606136413,1.18959167664402,0.376587099691391,2.02424950439734,1.9720966986897,0.0521528057076426,0.998880227386823,-0.00101656529019278
2.465,-0.191557861011681,-0.362053692791217,0.617547195844178,1.19246010753007,0.376430131996559,2.0088312257921,1.95654127461949,0.0522899511726094,0.998880690566276,-0.00105927880845469
2.466,-0.194506069916136,-0.35746086825739,0.61770574547511,1.19531091844934,0.376272462630705,2.00407951905471,1.95165759688531,0.0524219221693986,0.998881106202548,-0.00107545849166116
2.467,-0.193356436110931,-0.356755082011029,0.617857072916494,1.19815455210606,0.376114126156486,2.00910814948257,1.95655603557113,0.052552113911446,0.998881502706962,-0.00106898492230729
2.468,-0.194262799907873,-0.354083116191937,0.618010859388122,1.20100050162781,0.375955135759789,2.00919051338843,1.95650692999606,0.0526835833923698,0.998881905455529,-0.00107387631959018
2.469,-0.220179781733024,-0.327383883659889,0.618162231441136,1.20384397689852,0.375795485524192,1.94929005458921,1.8964752630423,0.0528147915469063,0.998882301685322,-0.00121701095308691
2.47,-0.241063908417551,-0.302756096873666,0.618247668123864,1.20662527001355,0.375635179137504,1.89541704708666,1.84249147078859,0.0529255762980687,0.998882525237767,-0.0013323624703486
2.471,-0.239885489038296,-0.302212074010632,0.618274027067585,1.20935016503159,0.375474345347087,1.90075889365768,1.84774089034197,0.0530180033157117,0.998882594195744,-0.00132582404293529
2.472,-0.246102691751239,-0.292891613466487,0.618303795767911,1.21207825777897,0.375313099418494,1.88468259850534,1.83157076574598,0.0531118327593556,0.99888267206696,-0.00136015662017579
2.473,-0.245205045841289,-0.292025079171193,0.618315018994811,1.21478814322215,0.375151433770638,1.88922704778639,1.83602695828943,0.0532000894969671,0.998882701423579,-0.00135518451642235
2.474,-0.232106742486442,-0.305957537606965,0.618328915277443,1.21750049550839,0.374989383980426,1.93006116349943,1.87677166740804,0.0532894960913919,0.998882737770639,-0.00128278069865074
2.475,-0.22621803589818,-0.310803013359818,0.618381026275857,1.22025090224135,0.37482694395448,1.94876493504567,1.89537355843124,0.0533913766144249,0.998882874057404,-0.00125018852238225
2.476,-0.224751253515281,-0.310547948979469,0.618449542595656,1.22301742515164,0.37466403778722,1.95488497081026,1.90138612348488,0.0534988473253841,0.998883053214329,-0.00124202078838508
2.477,-0.221752195079286,-0.311992417787431,0.618521969018357,1.2257876780145,0.374500632342274,1.96523578641658,1.91162783336353,0.0536079530530547,0.998883242552262,-0.00122538314329592
2.478,-0.204779444259005,-0.328736315764411,0.61860244732545,1.22856575596557,0.374336718980039,2.01393676189572,1.96021673782562,0.0537200240701015,0.998883452887515,-0.00113152729254988
2.479,-0.212191112250057,-0.319397795106036,0.61872709161583,1.23138820741334,0.374172280939749,1.99730218154378,1.94345557047569,0.0538466110680851,0.998883778545419,-0.00117237533900358
2.48,-0.233071168305743,-0.295618722655571,0.618832578263687,1.23419200644276,0.374007230729968,1.94488356830227,1.89091601595282,0.0539675523494464,0.998884054047694,-0.00128764121843969
2.481,-0.24862033771227,-0.275767655940812,0.618880899620539,1.23694142575939,0.373841604781286,1.90280178459305,1.84873112683014,0.0540706577629079,0.998884180218499,-0.00137349718862862
2.482,-0.252733145545764,-0.268753541907452,0.618883220923141,1.23964661466302,0.3736755138417,1.89236648085989,1.8382070764077,0.0541594044521938,0.998884186279104,-0.00139621595176855
2.483,-0.246089495566325,-0.275106346767188,0.618872900764993,1.24233934152113,0.373509046880476,1.91459522129182,1.86035082006217,0.0542444012296548,0.998884159334229,-0.0013595234846548
2.484,-0.252955178702851,-0.264800789022192,0.618882912386691,1.24505202914912,0.373342227760446,1.89608645936175,1.84175026237878,0.0543361969829758,0.99888418547356,-0.00139744287882708
2.485,-0.257982077484565,-0.256548311135128,0.618871904849286,1.24774417654324,0.373175015967889,1.88266410545298,1.82824254159401,0.0544215638589702,0.998884156733947,-0.00142522518103709
2.486,-0.260656264866159,-0.25116504836399,0.618845182829763,1.2504208826212,0.373007451674165,1.87625046102949,1.82174829076186,0.0545021702676284,0.998884086961092,-0.00144002662338206
2.487,-0.246128573075548,-0.267940195028583,0.618810024287727,1.25308919869668,0.372839564737588,1.92391851449192,1.86933818601211,0.0545803284798161,0.998883995150772,-0.00135980127147326
2.488,-0.274851015016739,-0.23101050700425,0.618820056344374,1.25580251449804,0.372671370851666,1.84082493600179,1.78615167547071,0.0546732605310831,0.998884021348779,-0.00151847483773812
2.489,-0.277760060499313,-0.225047736522687,0.618738382912894,1.25842911641264,0.372502781154244,1.83311672838025,1.77837971101328,0.0547370173669652,0.998883808039688,-0.00153463724130978
2.49,-0.287890763223675,-0.209110673865391,0.618647066318068,1.26104610497664,0.372333973529853,1.80164276313067,1.74684490725762,0.0547978558730509,0.998883569478553,-0.00159071500143575
2.491,-0.297782158369966,-0.192989342017779,0.618520889670144,1.26362910977508,0.372164966184376,1.77001793710491,1.71517029540824,0.054847641696671,0.998883239730944,-0.00164551932486822
2.492,-0.275000537976203,-0.224512880939517,0.618359585985157,1.26617779590394,0.371995826502963,1.85170376845736,1.79681753496853,0.0548862334888387,0.998882817987034,-0.00151980742857498
2.493,-0.268256453509343,-0.231691249485626,0.618278558610093,1.26880711198834,0.371826622532232,1.87572823989406,1.82077746464917,0.0549507752448901,0.998882606050179,-0.00148262277442049
2.494,-0.286650420598087,-0.20530681647968,0.618220142207621,1.27145864516134,0.37165719754011,1.81882510742868,1.76380230908377,0.0550227983449092,0.998882453220581,-0.00158435110964083
2.495,-0.314345139197663,-0.164026660011495,0.618099450545791,1.27405021232547,0.371487506873912,1.72799755205764,1.67292260891377,0.0550749431438724,0.998882137374306,-0.00173757488230238
2.496,-0.304883132746628,-0.176667973792185,0.617877332657155,1.27654496109727,0.371317671167628,1.76403224692173,1.70893777980834,0.0550944671133931,0.998881555776291,-0.00168554355463835
2.497,-0.30351707411317,-0.176678650897737,0.617691660662482,1.27907555557653,0.371147887589662,1.77056117936005,1.71543542241984,0.0551257569402104,0.998881069287988,-0.00167821673071174
2.498,-0.327313052208447,-0.138946012456337,0.617511589202107,1.28161137517061,0.370978085135545,1.68912280040323,1.63396390191555,0.0551588984876763,0.998880597194472,-0.00181002600552433
2.499,-0.327790623435902,-0.136098416461731,0.617240440270003,1.28405949686796,0.370808252732388,1.68892507512624,1.63376244264772,0.0551626324785106,0.998879885803395,-0.00181302247258354
2.5,-0.362803079844278,-0.0773549205813252,0.616968229269103,1.28650613224173,0.370638567775537,1.56263171508453,1.50746576822214,0.0551659468623918,0.998879170996885,-0.00200707274377453
2.501,-0.3705288209998,-0.0614242821996193,0.616549606023991,1.28881279795458,0.370469032648634,1.53362421336045,1.47850242284674,0.055121790513704,0.998878070490631,-0.00205043297356616
2.502,-0.380370110891593,-0.0413466830904355,0.616098030374377,1.29108634846958,0.370299933494043,1.49589079706583,1.44082410271089,0.0550666943549327,0.998876881680027,-0.00210557978259826
2.503,-0.36315415173733,-0.0715383004178551,0.615603249008865,1.29331664380204,0.370131336062699,1.5680083277504,1.51301103572852,0.05499729202188,0.998875577124373,-0.00201099771109651
2.504,-0.345754666303576,-0.100572860598451,0.615187988625384,1.2956259218026,0.369963326517658,1.63932348999217,1.58437020554805,0.0549532844441187,0.998874480616511,-0.00191522085954395
2.505,-0.357045347253389,-0.0792857382833992,0.61484891196963,1.29801124917935,0.369795751089223,1.59754600170682,1.54261230258766,0.0549336991191647,0.998873584175669,-0.00197824700489675
2.506,-0.344898819916528,-0.0985420968098809,0.61446297574664,1.30034997278527,0.369628461786181,1.64726403377458,1.59236528449769,0.0548987492768942,0.998872562644991,-0.00191148033846223
2.507,-0.33338333152053,-0.115999001412455,0.614129900152327,1.3027411925671,0.369461551294519,1.69364128835076,1.63876057615327,0.0548807121974837,0.998871679998398,-0.00184810396376739
2.508,-0.350651979951998,-0.0856598579787405,0.613845070367189,1.3051804483754,0.36929491697715,1.63054998581129,1.57567181945612,0.0548781663551661,0.99887092444287,-0.00194423188238383
2.509,-0.349294228005677,-0.0859346124650805,0.613489931922211,1.30755040433542,0.369128464831314,1.63743815484961,1.58258545984885,0.0548526950007668,0.998869981399912,-0.00193719985540512
2.51,-0.364527570697474,-0.0577615499586492,0.613141729064333,1.30992670798147,0.36896233343033,1.58022796369783,1.52539868209737,0.0548292816004641,0.998869055713226,-0.00202219230562339
2.511,-0.365281676097989,-0.0543548231126614,0.612729300805668,1.31223922260345,0.368796510042359,1.57876880426141,1.52398398716292,0.054784817098492,0.998867957924184,-0.00202697826481363
2.512,-0.352433284632227,-0.0753067932858373,0.612315053921451,1.31454919555611,0.368631121923304,1.63211347374946,1.57737398202824,0.0547394917212239,0.99886685380574,-0.00195626545432437
2.513,-0.369739189799276,-0.0433815541069129,0.611957623207162,1.31691602249779,0.368466174008887,1.56658951545411,1.51187715190061,0.0547123635534974,0.998865899921698,-0.00205285465520956
2.514,-0.39058714587103,-0.00359825995654008,0.611526534038126,1.31920961388821,0.368301555655101,1.48535997413129,1.4306988934323,0.0546610806989972,0.998864747980114,-0.00216927955275093
2.515,-0.40480774927523,0.0256056150499417,0.611002184686531,1.32141051526959,0.368137413138825,1.42864163335358,1.37406246779192,0.0545791655616561,0.998863344640882,-0.00224910831746088
2.516,-0.382506660717291,-0.0165134225877713,0.610412361804164,1.32354528391475,0.367973932222979,1.52541342151977,1.47093788497793,0.0544755365418358,0.998861763190633,-0.00212610610904134
2.517,-0.354665492673485,-0.0664873638684027,0.6099296921135,1.32578877570645,0.367811244818481,1.64346882084904,1.58906253777586,0.0544062830731796,0.998860466767022,-0.00197203988238955
2.518,-0.34788790045914,-0.0761809936865019,0.609571045918629,1.3281596908321,0.36764914164845,1.67204963797145,1.61767260059252,0.0543770373789374,0.998859502134008,-0.00193485363829169
2.519,-0.334661763437704,-0.0965898170536659,0.609241947547541,1.33056011457835,0.36748737879103,1.72590734842163,1.67155014157847,0.0543572068431613,0.998858615975106,-0.00186173416939586
2.52,-0.309525978942855,-0.135571048531356,0.60896756758735,1.33301614189851,0.367325898616251,1.8251786795211,1.77082364537033,0.054355034150767,0.998857876423597,-0.00172224270153533
2.521,-0.299308061382329,-0.14898889199351,0.608790136602495,1.33557254253913,0.367164593293092,1.86446843329269,1.81008406706549,0.0543843662272026,0.998857397829109,-0.00166560130875779
2.522,-0.290168094539821,-0.160340110544121,0.608650104927379,1.33816709401197,0.367003270760883,1.89910140759883,1.84467547440449,0.0544259331943436,0.998857019916855,-0.00161490139156552
2.523,-0.310009811933165,-0.130351334888126,0.608542392594849,1.34079463613864,0.366841856632472,1.83271946843085,1.77824133076395,0.0544781376669019,0.998856729108492,-0.00172546204473837
2.524,-0.31170100559279,-0.12581543453404,0.608364404214546,1.34335244227022,0.3666802864284,1.82848891322342,1.77398137964721,0.0545075335762071,0.99885624833887,-0.00173509685850017
2.525,-0.302582771662679,-0.137665481316066,0.608180700590677,1.3459043168641,0.366518699170422,1.8640132236801,1.80947812379996,0.0545350998801397,0.998855751836537,-0.00168456216507531
2.526,-0.284129693019891,-0.162864903154599,0.608030676667976,1.3484905682677,0.366357106061989,1.93292906359223,1.87835535989365,0.0545737036985869,0.998855346138981,-0.00158199926612591
2.527,-0.302328847735277,-0.135777011715857,0.607945112089601,1.35114355698387,0.366195440110809,1.87299891797063,1.81836545245262,0.0546334655180053,0.998855114663949,-0.0016834334009848
2.528,-0.32706612916415,-0.0974401735089166,0.607796651788633,1.35373395929398,0.366033573051387,1.7870831205049,1.73241030328067,0.0546728172242317,0.998854712884552,-0.00182137024043537
2.529,-0.336075811570483,-0.0811205483815426,0.607556577630954,1.3562336087279,0.365871629176996,1.75492471020926,1.700242453975,0.0546822562342644,0.998854062754288,-0.00187186621295487
2.53,-0.346626571459177,-0.0618911278834767,0.607281956368987,1.35869821705023,0.365709790116227,1.71624302588136,1.66156269404536,0.0546803318359927,0.998853318438804,-0.0019310123218927
2.531,-0.352027975635315,-0.050798400945035,0.606965709991987,1.36112060396837,0.365548124704885,1.69686228240213,1.64219760986332,0.054664672538808,0.998852460470933,-0.00196154816440847
2.532,-0.360125352170428,-0.0349629079978349,0.606628273831233,1.36352114336141,0.365386716105138,1.66663209573226,1.61199018103322,0.0546419146990327,0.998851544029288,-0.00200715393436323
2.533,-0.336727071265453,-0.073865375700069,0.606258033687081,1.36588805993506,0.365225607163546,1.76418552753812,1.70957730886999,0.0546082186681272,0.998850537321678,-0.00187724260166524
2.534,-0.324644332381003,-0.0916153359539316,0.60598498260743,1.36835600202944,0.365064864036299,1.81332658145585,1.75872040472148,0.0546061767343725,0.998849794089456,-0.00181023629860194
2.535,-0.332687842062345,-0.0769851389622487,0.605759757118816,1.37087318475294,0.364904294188216,1.7849209806155,1.73030124642317,0.0546197341923299,0.998849180531971,-0.00185538711088232
2.536,-0.342899730728789,-0.0585471972602725,0.605504174959834,1.3733593996523,0.364743802726256,1.74772186130413,1.69309856733667,0.054623293967461,0.998848483724218,-0.00191268897163473
2.537,-0.355819657581926,-0.0351108735772041,0.605208925794757,1.37580519292276,0.364583450280012,1.69923931931885,1.64462556801652,0.0546137513023279,0.998847678037486,-0.00198517632968803
2.538,-0.357279328777763,-0.030620944924978,0.604861739760728,1.37819812009533,0.364423316261974,1.69526870072111,1.64068168599145,0.0545870147296617,0.998846729617258,-0.00199381624468186
2.539,-0.34796730010337,-0.0447488241235352,0.604509658875707,1.38058563628429,0.36426350488537,1.73491071581565,1.68035224433344,0.0545584714822116,0.998845766713042,-0.00194234002528546
2.54,-0.336003590643965,-0.0629145200223755,0.604197197990468,1.38301381938148,0.364104026860806,1.78469705403848,1.7301543019769,0.0545427520615773,0.998844911225464,-0.00187597901322467
2.541,-0.329776819529688,-0.0710681883218867,0.603933576057836,1.38549251852683,0.363944803976053,1.81100191645793,1.75645896903441,0.0545429474235181,0.998844188765712,-0.00184156138055946
2.542,-0.31558201826059,-0.091732772322913,0.60369498619946,1.38799695099917,0.363785739264685,1.86804991997762,1.8134986244191,0.0545512955585137,0.998843534362782,-0.00176259501745003
2.543,-0.339329562343364,-0.0536011312665319,0.603510554049485,1.3905578515357,0.363626783023362,1.78246366893715,1.72788624292838,0.0545774260087694,0.998843028148737,-0.00189548061004609
2.544,-0.329250858427413,-0.0681599627347035,0.603236027125442,1.39302807226527,0.36346782711298,1.82425473425155,1.76968083604124,0.054573898210314,0.998842274076757,-0.00183954294835736
2.545,-0.313490783916003,-0.0912569577174398,0.603001618179626,1.39553990326981,0.363309051727648,1.88755113116523,1.83296763988372,0.0545834912815132,0.998841629657614,-0.00175178447138479
2.546,-0.288832746856919,-0.12661811447668,0.602826866139825,1.3981142222091,0.36315037698069,1.98286842454705,1.92825571413405,0.054612710412995,0.998841148916598,-0.00161419741635011
2.547,-0.285773718279779,-0.128983154878735,0.602738976392432,1.40078071033795,0.362991683592284,1.99595663631354,1.94128600852174,0.0546706277917919,0.998840907027474,-0.00159720191249518
2.548,-0.288470747390151,-0.123378089245442,0.602661533180993,1.40345811058087,0.362832797483814,1.98884330846247,1.93411114925095,0.0547321592115171,0.998840693830712,-0.00161236508752148
2.549,-0.306924428209112,-0.0958224150808501,0.602575289247774,1.40612653302585,0.362673697193003,1.92663227875875,1.87184131424881,0.0547909645099406,0.998840456341566,-0.00171561512125149
2.55,-0.316080161440751,-0.0803625814315353,0.602425439059716,1.40873063397093,0.362514399739621,1.89522148425733,1.8403925700902,0.0548289141671338,0.998840043538731,-0.00176698237139018
2.551,-0.32009824921583,-0.0723215968447143,0.602242889310034,1.41130126704382,0.362355031860581,1.8823055163967,1.8274493907056,0.0548561256910991,0.998839540378558,-0.00178967841584334
2.552,-0.329387814398062,-0.0560745112338543,0.602046039524055,1.41385715249279,0.362195658734628,1.84934197635454,1.79446334181876,0.0548786345357766,0.998838997461406,-0.00184187599868129
2.553,-0.337738028883442,-0.0409031334788886,0.601814785178047,1.41637771785979,0.362036308881978,1.81927602592064,1.76438626300125,0.0548897629193914,0.99883835920182,-0.00188888127387154
2.554,-0.338734712628503,-0.0373576244400562,0.601551964063941,1.4188657625798,0.361877051175119,1.81748671387788,1.76259631718049,0.0548903966973898,0.9988376332225,-0.00189481157431478
2.555,-0.329848450055971,-0.0499217975099179,0.601286079308962,1.42135051285781,0.361717949028672,1.85490017982157,1.80001024948268,0.0548899303388833,0.998836898134829,-0.00184545447524657
2.556,-0.346453985518148,-0.0216597270122213,0.601055415782112,1.42387204612496,0.361559008944016,1.79314518756479,1.73824413879553,0.0549010487692676,0.998836259895939,-0.00193867970688493
2.557,-0.324742885815921,-0.0559110394118507,0.600760551036727,1.426327896528,0.361400160665176,1.88343322306895,1.82854238633405,0.0548908367349046,0.998835443300539,-0.00181757222641515
2.558,-0.322333313546635,-0.0577642531225206,0.600550811806378,1.42887405259008,0.361241533160307,1.8949640711939,1.84005533633729,0.0549087348566082,0.998834861962817,-0.00180435637588226
2.559,-0.320173279500953,-0.0592066763548546,0.600350704813294,1.43143025435202,0.361082956133847,1.90551352050172,1.85058370163674,0.0549298188649838,0.998834306944287,-0.00179252121996471
2.56,-0.313469300180856,-0.0676176705217156,0.600159200695586,1.43399545118323,0.360924410291275,1.93349029446583,1.87853653219272,0.0549537622731073,0.998833775440182,-0.00175522846289009
2.561,-0.322833931388481,-0.0516339098439793,0.59999274620669,1.4365869744141,0.36076587834662,1.90067619097912,1.84569014737632,0.0549860436027917,0.998833313183664,-0.001807879382858
2.562,-0.322096611578794,-0.0508824936386062,0.59979245071146,1.43914361836276,0.360607309935372,1.90579552122435,1.85078839506265,0.0550071261617026,0.998832756608034,-0.00180400842853131
2.563,-0.305012824343893,-0.0753957033505952,0.599595493343775,1.44170377861843,0.360448772831832,1.97431562663157,1.91928630530173,0.0550293213298423,0.998832208945696,-0.0017085653351967
2.564,-0.297759309702939,-0.0841345464408372,0.599460751088314,1.44433013306083,0.360290260317737,2.00366041418891,1.94858818716888,0.0550722270200312,0.998831834072232,-0.00166809439987142
2.565,-0.303617418077163,-0.0739065346713306,0.599351522785799,1.44698347902977,0.360131647357645,1.98479800390007,1.9296742778131,0.0551237260869656,0.998831530058768,-0.0017010450971417
2.566,-0.313609762451747,-0.0574929790972189,0.599222341227506,1.44961625580945,0.359972882342998,1.95044037670813,1.89527166267536,0.0551687140327678,0.99883117036666,-0.0017571901952614
2.567,-0.323632788154054,-0.0405509230208869,0.599058084180728,1.45221288908915,0.359814004885801,1.915075022493,1.85987290513972,0.055202117353279,0.998830712786611,-0.00181356295303394
2.568,-0.306780098564781,-0.0648114378724426,0.598857626851287,1.45477215033709,0.359655085070207,1.9831728008968,1.92794929714502,0.0552235037517801,0.998830154021319,-0.0017193703813515
2.569,-0.283621299565107,-0.0969859329892843,0.598718734709106,1.4573970775087,0.35949619542735,2.07299630279149,2.01773086698104,0.0552654358104572,0.998829766646628,-0.00158973285407223
2.57,-0.25149690907762,-0.138791886524577,0.598658652335325,1.46010685030137,0.35933721220902,2.19050476027017,2.13517098654714,0.0553337737230245,0.998829599019242,-0.00140973207000122
2.571,-0.242477491446325,-0.147874965429723,0.598697296807888,1.46292439516106,0.359177976721463,2.22236891135354,2.16693360226767,0.0554353090858659,0.998829706839614,-0.00135913745690782
2.572,-0.241510802745059,-0.147236527467091,0.5987614073747,1.46576917868121,0.359018290019991,2.22818692887906,2.17264120234021,0.0555457265388535,0.998829885681202,-0.00135365702936909
2.573,-0.245361224838625,-0.141024769200454,0.598828065405112,1.46861687521281,0.358858100022496,2.21900476152678,2.16334735553571,0.0556574059910688,0.998830071588539,-0.00137517304832687
2.574,-0.23143147413999,-0.15563489232978,0.598883826361027,1.47145346743801,0.358697400582614,2.26605807740213,2.21029222527031,0.0557658521318247,0.998830227072459,-0.00129704952602657
2.575,-0.20871296391045,-0.179091999044143,0.598977580660908,1.47433085363217,0.358536212492447,2.33794874304436,2.28206131416122,0.0558874288831392,0.99883048843181,-0.00116964616658102
2.576,-0.206753553509245,-0.179370018871149,0.599128545532233,1.47727041243042,0.358374458642701,2.34640318110288,2.29037452737711,0.0560286537257626,0.998830909105471,-0.00115854060488361
2.577,-0.217623709163118,-0.166922335274513,0.599283908803771,1.48021480888691,0.358212023472606,2.31975744595727,2.26358553251645,0.0561719134408241,0.998831341814273,-0.00121931612500247
2.578,-0.213307759876948,-0.169725623549323,0.599412481603968,1.48313189928508,0.358048897021395,2.3351531755982,2.27884643266009,0.0563067429381097,0.998831699738177,-0.00119502474424274
2.579,-0.193665358007251,-0.18812888168829,0.599551500974965,1.48606021672672,0.357885131607314,2.39395050597655,2.33750489548746,0.0564456104890865,0.998832086570755,-0.00108487343973745
2.58,-0.209249547766189,-0.17201160958776,0.599736236206238,1.48903805441354,0.357720705238448,2.35684993001148,2.30024952613505,0.0566004038764368,0.998832600333897,-0.00117201823730897
2.581,-0.216317248967138,-0.163238223107555,0.599884517912154,1.49197903159076,0.35755552564094,2.34030319864389,2.28355965060282,0.0567435480410743,0.998833012488003,-0.00121147651728624
2.582,-0.222529988402636,-0.155095944668066,0.600015208579983,1.49490209344047,0.357389664190996,2.32556842998385,2.268687098953,0.0568813310308485,0.998833375578318,-0.00124615439759415
2.583,-0.236411749497459,-0.138562672799311,0.60012994603981,1.4978089214048,0.357223154703531,2.28795776523875,2.23094349147883,0.0570142737599186,0.998833694216396,-0.00132378291410322
2.584,-0.225402285133061,-0.149325119430841,0.600207747265717,1.50067827791214,0.357056027723941,2.32510933369191,2.26797406701757,0.0571352666743421,0.998833910209331,-0.00126206548991138
2.585,-0.212999325803674,-0.161039874538231,0.600314693175079,1.50357876243316,0.356888355459361,2.36518542132786,2.30791886160311,0.0572665597247423,0.998834207022802,-0.00119252810676404
2.586,-0.209934873989601,-0.162494236356083,0.600452780501624,1.50651256586898,0.356720078985174,2.37697821415879,2.31956932862101,0.0574088855377755,0.998834590108543,-0.00117525507667168
2.587,-0.193037649303471,-0.177862223237975,0.600598085964417,1.50945417289868,0.356551135425243,2.42772212418518,2.37016791029222,0.0575542138929594,0.998834993028833,-0.00108054902366476
2.588,-0.200672070524693,-0.169149896503288,0.600782421802565,1.51243778823893,0.356381509310727,2.41109205809841,2.35337872652171,0.0577133315767,0.998835503896736,-0.00112313555412563
2.589,-0.209710603831321,-0.158783867840587,0.600949082988968,1.51540348047063,0.356211122238298,2.38993096481988,2.33206386080534,0.05786710401454,0.998835965511377,-0.00117358325038856
2.59,-0.197890340694202,-0.169032698977275,0.601094015502756,1.51834715368083,0.356040007935431,2.4264046704205,2.36839054600721,0.0580141244132886,0.998836366734306,-0.00110731992748513
2.591,-0.220118320244691,-0.146240612197605,0.601266533184604,1.52132029983662,0.355868208105741,2.37058932833041,2.31241823872697,0.0581710896034482,0.998836844070294,-0.00123154744474164
2.592,-0.193938395214685,-0.172269558944879,0.60138500322611,1.52423954489308,0.355695667154584,2.45123925376208,2.39292892570098,0.0583103280610977,0.998837171704257,-0.00108498059198997
2.593,-0.159737772258212,-0.20255029698755,0.601565971182622,1.52722667778285,0.355522490377753,2.54542085556571,2.48694949995559,0.0584713556101136,0.998837671929757,-0.000893530945653531
2.594,-0.165072016950921,-0.196903878678769,0.601816663967134,1.53029105075934,0.355348553574834,2.53715436608554,2.47849760806858,0.0586567580169546,0.998838364389234,-0.00092320377338435
2.595,-0.161892601364033,-0.197872116941126,0.602056942508908,1.53334492378154,0.355173718453561,2.54789999904826,2.48906061077786,0.0588393882703961,0.998839027541427,-0.000905266552544091
2.596,-0.136485026740787,-0.216134168944009,0.602302883629061,1.53640488925098,0.354998004265162,2.60873286518883,2.54970815679389,0.0590247083949417,0.998839705773988,-0.000763058913213579
2.597,-0.137237950640458,-0.214155703167233,0.602592457297629,1.53951276701311,0.354821398705529,2.6109943546799,2.55176866724845,0.0592256874314517,0.99884050362249,-0.000767109389479856
2.598,-0.124224371790348,-0.221280846755363,0.602880440027229,1.54261915043336,0.354643815143459,2.63982517246126,2.5803981963172,0.0594269761440562,0.99884129632742,-0.000694225198614499
2.599,-0.134993158991044,-0.213379340881275,0.603187817536683,1.54574638841458,0.354465255530229,2.62477652294891,2.56514077498132,0.059635747967594,0.998842141583555,-0.000754240356111641
2.6,-0.144781618863193,-0.205525598271838,0.603478546026959,1.54885705201836,0.354285680845013,2.60993739856899,2.55009768276149,0.0598397158075006,0.998842940264267,-0.000808762547533543
2.601,-0.121678031035843,-0.220172034970044,0.603752923938883,1.55195139725117,0.354105122403714,2.66078946872952,2.60075051772783,0.0600389510016837,0.998843693321639,-0.000679570380218622
2.602,-0.104825285041177,-0.228634950309392,0.604062820919166,1.55508461330038,0.353923610873479,2.69379805437638,2.63354685259631,0.0602512017800699,0.998844543041933,-0.000585318050786844
2.603,-0.0884675520025042,-0.235524804740703,0.604394605197312,1.55824161305311,0.353741076048828,2.72230731136922,2.66183544156092,0.0604718698083008,0.998845451810124,-0.000493863171358713
2.604,-0.066443728027482,-0.243592860846066,0.604744467116331,1.56141837994115,0.353557474332845,2.7544536351244,2.69375393784419,0.060699697280213,0.998846409013433,-0.000370823916623047
2.605,-0.054199653363019,-0.246233963308521,0.605113889831841,1.56461728175591,0.353372769616701,2.77049312909769,2.70955789220329,0.0609352368943961,0.998847418532604,-0.000302409374608027
2.606,-0.0533214519229756,-0.245201838839933,0.60549156568942,1.56782537470647,0.353186923020701,2.77555405370201,2.71437940949444,0.0611746442075698,0.998848449331641,-0.000297428857745119
2.607,-0.0682573184259444,-0.240084423544899,0.60586939627188,1.57103377660828,0.352999917602794,2.76839222934112,2.7069770771638,0.0614151521773162,0.998849479267061,-0.000380638466184038
2.608,-0.0587837709055857,-0.241920374945505,0.606236163072336,1.57423190925401,0.352811752073965,2.78205240577709,2.72039950791385,0.0616528978632366,0.998850477815556,-0.000327722776345762
2.609,-0.0477852592870177,-0.24378290856624,0.606609607150611,1.57743735044482,0.35262244672445,2.79581312535455,2.73391914069108,0.0618939846634725,0.998851493302757,-0.00026633408484139
2.61,-0.0419598542785132,-0.243889580557809,0.606989553607202,1.58065004850696,0.352431987720891,2.80431477127623,2.74217640010824,0.0621383711679937,0.998852525189178,-0.00023380206135634
2.611,-0.0257331844167174,-0.245967076785947,0.607372185176744,1.58386577526966,0.352240361605485,2.81875749442172,2.75637273831332,0.0623847561084006,0.998853563063299,-0.0001433469935308
2.612,-0.030325248299599,-0.244205529788129,0.607760904431,1.58708891751339,0.352047562263193,2.82164640662212,2.75901207881835,0.0626343278037689,0.998854616111847,-0.000168879985062156
2.613,-0.0244700613206827,-0.243870437009178,0.608147708593089,1.59031040603237,0.351853577099591,2.82884013244902,2.7659558010697,0.0628843313793238,0.998855662636116,-0.000136234843680235
2.614,-0.0307329157973472,-0.241941695304182,0.608536017581858,1.59353375395134,0.351658408812648,2.83123022206302,2.76809426844368,0.0631359536193411,0.998856711893614,-0.000171054981626791
2.615,-0.0382160872089438,-0.239623673751992,0.608921885275832,1.596754995833,0.351462053584065,2.83245123766259,2.7690634050533,0.0633878326092919,0.998857753228812,-0.000212646250186993
2.616,-0.0335269941398557,-0.239279678075739,0.609304299048527,1.59997316027519,0.351264515100478,2.83963431078355,2.77599469482203,0.0636396159615147,0.998858783941683,-0.000186503386464478
2.617,-0.0754446317290434,-0.231224816600812,0.609688317805929,1.60319321164431,0.351065798955065,2.8235732155115,2.75968015465722,0.06389306085428,0.998859817679304,-0.000419566211406877
2.618,-0.0646729241716847,-0.233873668470378,0.610044776858026,1.60639265922584,0.350865901149917,2.8398196464534,2.77568162643303,0.0641380200203671,0.998860776064422,-0.000359569874993215
2.619,-0.0750932566064439,-0.229298590478386,0.610409826974585,1.60960136176492,0.350664872782798,2.83429086832002,2.76990382930157,0.0643870390184499,0.998861756387579,-0.000417395405763106
2.62,-0.077397237815714,-0.227140598945769,0.610765799687823,1.61280149171778,0.35046269663447,2.83606199278016,2.77142801604617,0.0646339767339903,0.998862711205324,-0.000430091559133123
2.621,-0.0954742309150189,-0.218985766564467,0.611119280242877,1.61599926366518,0.350259388790673,2.8198016139791,2.7549204959044,0.0648811180747075,0.998863658237713,-0.000530409274206037
2.622,-0.0828458460992613,-0.223513860002025,0.611453692603667,1.61917930963298,0.350054952914858,2.8417173293313,2.77659466161768,0.0651226677136247,0.998864553175332,-0.000460141174737046
2.623,-0.0722555097470374,-0.22647315581646,0.611801181779696,1.62237324634815,0.349849423749475,2.85895141294351,2.7935815756792,0.0653698372643126,0.998865482071984,-0.00040122005296301
2.624,-0.0865479035748882,-0.220114709067204,0.612158113862094,1.62557722556995,0.349642775744441,2.8480550756417,2.78243368865326,0.065621386988447,0.998866435113159,-0.000480459222954674
2.625,-0.0932399547126145,-0.215936805636899,0.612501043964064,1.62876813051209,0.349434990214723,2.84377157238172,2.77790245011575,0.0658691222659729,0.998867349721515,-0.000517481359298372
2.626,-0.115389508723285,-0.204458477339574,0.61283635887306,1.63195172299316,0.349226092276064,2.81758583916929,2.75147058024397,0.0661152589253214,0.998868243030099,-0.000640256524273691
2.627,-0.0847929240093413,-0.220349757801095,0.6131435129917,1.63510926636993,0.349016095072476,2.87379333610614,2.80744076829556,0.0663525678105855,0.998869060458422,-0.000470382466859012
2.628,-0.0523819310362776,-0.232493265982536,0.613487121732291,1.63830709009242,0.348805049918987,2.91906291579078,2.85245920273566,0.0666037130551203,0.998869973933314,-0.000290512887881326
2.629,-0.070028111233579,-0.226704399052365,0.613857111420723,1.64153555040425,0.348592888019233,2.9098073802129,2.84294214712898,0.0668652330839216,0.998870956397841,-0.000388275873548245
2.63,-0.0840968404624336,-0.220567736910006,0.614213687845088,1.64475205066232,0.348379559444661,2.89953962293603,2.83241645274634,0.0671231701896968,0.998871902124962,-0.000466161001633241
2.631,-0.0896977100802986,-0.21691784532544,0.614556784927097,1.64795606770707,0.348165088036615,2.89685946832252,2.82948199158011,0.0673774767424107,0.99887281106559,-0.000497084335353294
2.632,-0.0981190978642655,-0.211854254111517,0.614893609062891,1.65115410530277,0.34794949768366,2.88990764508389,2.82227697287104,0.0676306722128447,0.998873702401097,-0.000543621558099091
2.633,-0.0874592831345668,-0.215627597403585,0.615220474693757,1.65434267083074,0.347732798916619,2.90978036461348,2.84189891909968,0.0678814455138,0.998874566450348,-0.000484447298330795
2.634,-0.085717586207834,-0.215034516040077,0.615558931571849,1.65754331576695,0.34751500901693,2.91640062772462,2.84826322576541,0.0681374019592007,0.998875460173332,-0.000474683786530647
2.635,-0.0958815977147054,-0.209406615010042,0.615898827623917,1.66074552738069,0.347296105621767,2.90771604682495,2.83932106932366,0.0683949775012933,0.998876356708036,-0.000530839327224911
2.636,-0.0917916067464616,-0.209974687074597,0.61622713200021,1.66393681390408,0.347076085051305,2.91787846757785,2.84922890534051,0.0686495622373446,0.998877221728693,-0.000508074939703441
2.637,-0.0815375046275424,-0.213262224651442,0.616559712224441,1.66713252504016,0.346854967492897,2.93633739991668,2.86743063531582,0.0689067646008656,0.998878097076126,-0.000451209075465684
2.638,-0.0853639140278076,-0.210398503182417,0.616902714937397,1.67033907723116,0.346632744071065,2.93605018821596,2.86688140668894,0.0691687815270252,0.99887899886678,-0.000472266390936682
2.639,-0.11420320610898,-0.196914417607816,0.617241440939596,1.67354160147935,0.346409394719141,2.90349621888943,2.83406580252751,0.0694304163619209,0.998879888429918,-0.000631661842877339
2.64,-0.135768247666929,-0.183341394279659,0.617544695910766,1.67671264529476,0.346184926201594,2.87093612989894,2.8012555634006,0.069680566498345,0.998880684011017,-0.00075077413645617
2.641,-0.131883569421373,-0.184477916120913,0.617814676940517,1.67985295318145,0.345959401981949,2.88284242494695,2.81292248303802,0.0699199419089267,0.998881391641662,-0.000729150136027698
2.642,-0.12623711920201,-0.186700408404586,0.618090639447509,1.68299938130165,0.34573288136364,2.89804650339371,2.82788403554557,0.0701624678481338,0.998882114311108,-0.000697793026697712
2.643,-0.137862278867484,-0.178001487515364,0.618375139946864,1.68615449758209,0.345505352341276,2.88025483951304,2.80984576536605,0.0704090741469914,0.99888285866394,-0.000761895806987516
2.644,-0.155937581242335,-0.164201568769206,0.618640482153776,1.68929151651132,0.345276798308822,2.84725174495929,2.7766018521956,0.0706498927636885,0.998883552274952,-0.000861623448156125
2.645,-0.151059205052835,-0.166447437545802,0.618872940456767,1.69239778035687,0.345047252749555,2.86249140663376,2.79161142638536,0.0708799802483944,0.998884159437861,-0.000834527822766243
2.646,-0.165783265869359,-0.15392980679236,0.619114232041767,1.69551301730941,0.344816773835056,2.8334790258193,2.76236482913767,0.0711141966816223,0.998884789190353,-0.00091571100961847
2.647,-0.146054737728586,-0.168586580356052,0.619326562305354,1.69860097638492,0.34458534443698,2.88600061887425,2.8146615890902,0.0713390297840417,0.998885342950127,-0.000806615587325365
2.648,-0.160763489068851,-0.156450737540683,0.619576320355776,1.70172736432619,0.344353015469657,2.85801932924654,2.78644110888137,0.0715782203651742,0.998885993836198,-0.000887686908531572
2.649,-0.173792553237499,-0.144539540111588,0.619798004738977,1.70482737518625,0.344119718444523,2.83089918490628,2.75909083382627,0.0718083510800036,0.998886571120988,-0.000959475314959671
2.65,-0.182025926344719,-0.135883692204846,0.619992561990412,1.70790179893676,0.343885502543735,2.8136310938531,2.74160138827348,0.0720297055796278,0.998887077424301,-0.00100478852906516
2.651,-0.196345057777239,-0.121375913597109,0.620168790421673,1.71095886668469,0.343650415154082,2.77913003330444,2.70688464083101,0.072245392473435,0.998887535755677,-0.00108369215427017
2.652,-0.187227778924638,-0.12864467141646,0.620311386094644,1.71398422440704,0.343414487831472,2.80920541234079,2.73675554232509,0.0724498700157044,0.998887906425036,-0.00103326413915654
2.653,-0.225980571967711,-0.0910483169635088,0.620475260487483,1.71703100231858,0.34317777943864,2.7070554096346,2.63439256405415,0.0726628455804497,0.998888332196816,-0.00124698315871453
2.654,-0.220686668527788,-0.0953094551790315,0.620540219697886,1.71998766242794,0.342940250708898,2.72803044197916,2.65518939835724,0.072841043621922,0.998888500908955,-0.00121771353313181
2.655,-0.213752822791149,-0.101240892651924,0.620619616752368,1.72295891558558,0.342702076802628,2.75397887238562,2.68095371991886,0.0730251524667553,0.998888707071116,-0.00117938580248761
2.656,-0.227018657311251,-0.0855129783940092,0.620717421743495,1.72594869836563,0.342463230736068,2.71644308334624,2.64322644364642,0.0732166396998208,0.998888960958771,-0.00125249151587433
2.657,-0.195282540643791,-0.119614524795472,0.620778994270941,1.72890426831147,0.342223678471298,2.82560049763534,2.75220469764974,0.0733957999855961,0.998889120751139,-0.00107735112843228
2.658,-0.211314812501304,-0.102457685187073,0.620923078347608,1.73194466371306,0.341983483181136,2.78330667922923,2.70970116508255,0.073605514146681,0.998889494552753,-0.00116567752449541
2.659,-0.228710842876193,-0.0825542645288269,0.621026697219681,1.73494703260359,0.341742496990062,2.7333577645837,2.65955632814728,0.0738014364364246,0.998889763267059,-0.0012615445855306
2.66,-0.2418390156623,-0.0659592769515066,0.621082885011356,1.73790483299744,0.341500790433798,2.6935393193042,2.61955835983343,0.0739809594707725,0.998889908941088,-0.00133390383107503
2.661,-0.193733010693037,-0.122063800688318,0.621100831519937,1.74082653719458,0.341258446333905,2.86786472747465,2.79371740856062,0.0741473189140235,0.998889955464151,-0.00106855314940709
2.662,-0.179008834995313,-0.134631562816648,0.621248070471172,1.74388378906224,0.341015531187975,2.91446659905878,2.84010534195166,0.0743612571071177,0.998890337052892,-0.000987235106610012
2.663,-0.166111372308733,-0.144535488133191,0.621428943713381,1.74697496556322,0.340771814900803,2.95328571928728,2.87869742199599,0.0745882972912937,0.998890805561736,-0.00091598531993953
2.664,-0.153086845198333,-0.153753060479707,0.621637023686821,1.75009355933329,0.340527236734931,2.99021877481932,2.91539259540584,0.0748261794134756,0.998891344205869,-0.000844036958327865
2.665,-0.171186552249883,-0.138468695116377,0.621870486299952,1.75323776112291,0.340281747396708,2.95232398469159,2.87724968093381,0.0750743037577758,0.998891948127415,-0.000943668960016476
2.666,-0.1913930196963,-0.119710201208856,0.622067290196284,1.75634794092089,0.340035300900523,2.90425982611294,2.82894970376979,0.0753101223431536,0.998892456867995,-0.00105490680907057
2.667,-0.212863365823583,-0.0976626157863241,0.622218420893982,1.75941574648305,0.339787960544602,2.84685616563351,2.77132589441348,0.0755302712200301,0.998892847324315,-0.0011731168971929
2.668,-0.220140344148413,-0.0883072472827161,0.622315524997841,1.76243336640965,0.339539805352597,2.82774459673121,2.75201299146624,0.0757316052649735,0.998893098099226,-0.00121313573781945
2.669,-0.195916072013152,-0.113197957865922,0.622392919703831,1.76543250454588,0.339290928900828,2.91115515235188,2.83522860123554,0.0759265511163408,0.998893297917856,-0.00107958147179655
2.67,-0.239666821926689,-0.0689129496831006,0.622532629546366,1.7684948106151,0.339041364468809,2.78770356296279,2.71155849297745,0.0761450699853463,0.998893658496698,-0.00132053290793729
2.671,-0.244617021050134,-0.0613055367126534,0.622553924686517,1.771450457137,0.338791001560753,2.77407502067397,2.697753881066,0.0763211396079686,0.998893713443372,-0.00134778702240146
2.672,-0.253185333911263,-0.0491611004759421,0.622560308079759,1.77439224270679,0.338540046164657,2.74719497423761,2.67070254260965,0.0764924316279569,0.998893729913357,-0.00139499011336596
2.673,-0.258753556652668,-0.0404217648922389,0.622540226906081,1.77730918707367,0.338288523112205,2.73041557084927,2.65376089040537,0.0766546804438986,0.998893678100177,-0.00142569046173641
2.674,-0.253082084277327,-0.0460061310815705,0.622502515231904,1.78020969560621,0.33803647742804,2.75556671352616,2.67875563876438,0.0768110747617832,0.998893580787979,-0.00139447973812764
2.675,-0.26129706723319,-0.0339384306660117,0.622482889745891,1.78312838716134,0.337783938706635,2.72904102642861,2.65206632570821,0.0769747007204014,0.998893530141193,-0.0014397647238918
2.676,-0.302375550875008,0.0212379730570288,0.622437111123663,1.78602253601583,0.337530874184038,2.57896003914372,2.50183070546296,0.0771293336807646,0.998893411989535,-0.00166616534955578
2.677,-0.325312043976321,0.0575406085407227,0.622247907366125,1.7887850014313,0.337277328279389,2.48560237671356,2.40837061276891,0.0772317639446483,0.998892923482486,-0.00179279739738973
2.678,-0.329124506378832,0.0654865539080235,0.621970047061969,1.79146416132356,0.337023549995487,2.47211067648901,2.39480881384234,0.0773018626466755,0.998892205533492,-0.00181417371214363
2.679,-0.333751392137318,0.0748320833597963,0.621677606992247,1.79412975353633,0.336769693200718,2.45479232065974,2.37742557028543,0.0773667503743158,0.998891449219414,-0.00184006806992132
2.68,-0.32520296764215,0.0624065014175763,0.621367123890499,1.79677842246949,0.336515782868274,2.49793132709089,2.42050620710292,0.0774251199879634,0.998890645462961,-0.00179334201039952
2.681,-0.304023141094696,0.0299307722599281,0.621092437410364,1.79946271647171,0.336261850086327,2.59825146305928,2.52075465178872,0.0774968112705577,0.998889933704282,-0.00167687923383079
2.682,-0.316407408636238,0.0503962115864108,0.620900857978043,1.80223026087317,0.336007832025184,2.54894605094047,2.47134667057343,0.0775993803670433,0.998889436917101,-0.00174542874311832
2.683,-0.304037876588186,0.032714424979391,0.620662427504516,1.80495338189107,0.335753583093854,2.60790973503484,2.53022478984564,0.0776849451891979,0.998888818211502,-0.00167748346655941
2.684,-0.320376704733893,0.0591332056533528,0.620472012529767,1.80772450549365,0.335499184261068,2.54169621500407,2.46390769618355,0.0777885188205174,0.998888323760289,-0.00176787452285569
2.685,-0.293322643142864,0.0178644992379418,0.62021929430501,1.81043653872886,0.335244551064891,2.66833576601409,2.59046642556107,0.0778693404530159,0.998887667057149,-0.00161888369420783
2.686,-0.30108990420421,0.0309138176637567,0.620069531430608,1.81325259946236,0.334989791425935,2.63958153708629,2.56159299246172,0.0779885446245697,0.998887277636924,-0.00166193253036001
2.687,-0.315558615362356,0.054270965467329,0.619891771518991,1.81604218454749,0.334734725054467,2.58162980837886,2.50353204461282,0.0780977637660412,0.998886815173317,-0.00174202016651874
2.688,-0.319803688030019,0.0626635365277655,0.619659653691111,1.818780119402,0.334479399839947,2.56660594175536,2.48841879108623,0.0781871506691263,0.998886210891667,-0.00176575173394489
2.689,-0.316623877353123,0.0593691633862926,0.6194116559899,1.82150321531352,0.334223909740774,2.58477556200209,2.50650467014468,0.0782708918574051,0.998885564768874,-0.00174850893803597
2.69,-0.305680243768801,0.04394269057423,0.619176832198831,1.82423986345895,0.333968281779361,2.63777240361219,2.55941264188285,0.0783597617293375,0.998884952491764,-0.0016883614501404
2.691,-0.301715169567046,0.0396779050695205,0.618984484483136,1.827019226339,0.333712492345475,2.65897283578193,2.58050813776444,0.0784646980174847,0.99888445062022,-0.00166669332175559
2.692,-0.289923868340344,0.0237957826261514,0.618807449113905,1.82981430885433,0.333456466654595,2.71405050497289,2.63547483288217,0.0785756720907224,0.99888398842575,-0.00160176274910312
2.693,-0.275124371521718,0.0042805827531413,0.618673651434772,1.83265300486033,0.333200177163107,2.78040677383203,2.70170364146708,0.0787031323649454,0.998883638938428,-0.00152014617406147
2.694,-0.282897699306415,0.0165769369545607,0.618591422697446,1.83554382871062,0.332943547587564,2.75318461204666,2.67433432788072,0.0788502841659444,0.998883424077173,-0.00156318923328394
2.695,-0.245387347781277,-0.0342204448785929,0.618482841969056,1.83840969261599,0.332686487030099,2.9139444119518,2.83495627840587,0.0789881335459253,0.998883140271416,-0.00135602732529422
2.696,-0.234456751143498,-0.0458186409402841,0.618495823373237,1.84140117919551,0.332429040245423,2.95841421066407,2.87924228015693,0.07917193050714,0.99888317420715,-0.0012956119237723
2.697,-0.203767999948207,-0.0797662447851671,0.618540878729056,1.84442522168022,0.332170994514043,3.07230952769512,2.99294107062571,0.0793684570694086,0.998883291978932,-0.00112598864860632
2.698,-0.203998831029905,-0.0779369911524109,0.618668165232406,1.84753429397765,0.331912292753261,3.07590370789763,2.99630713055011,0.079596577347515,0.998883624604922,-0.00112716031822781
2.699,-0.206891727369863,-0.0734204896468668,0.618794643405075,1.85064305073331,0.331652790783942,3.07114124254324,2.99131589686118,0.0798253456820617,0.998883954983034,-0.00114303984831382
2.7,-0.21911388951067,-0.0593024396998756,0.618913608526898,1.8537449559969,0.331392488655189,3.03664448351972,2.95659223497521,0.0800522485445094,0.998884265612805,-0.00121046084394362
2.701,-0.233714667860216,-0.0418389148638747,0.619000442620625,1.85681646517572,0.331131398030113,2.99213367551758,2.91186564979784,0.0802680257197326,0.998884492269882,-0.00129103941147219
2.702,-0.255049185669371,-0.0154990536763166,0.619046574029704,1.8598494876545,0.330869573163162,2.92107322672002,2.84060384065937,0.0804693860606458,0.998884612657671,-0.00140884418696423
2.703,-0.259451626016818,-0.00825807655516588,0.619028672939376,1.86282219275021,0.330607083074654,2.90841742429066,2.8277699622217,0.0806474620689592,0.998884565943849,-0.00143318102515392
2.704,-0.249098805149915,-0.0198759264561918,0.61899692541368,1.86578205968655,0.330344037053004,2.95297263496112,2.87215161717291,0.0808210177882167,0.998884483090394,-0.00137602486315116
2.705,-0.247803027491827,-0.0198058552913992,0.618997528710002,1.86877471895162,0.330080457717232,2.96206626769998,2.88105882493684,0.0810074427631458,0.998884484664932,-0.00136886637343723
2.706,-0.237708153299434,-0.0305286989993629,0.619002077950293,1.87177189318429,0.329816287971206,3.00424568637356,2.92304959217995,0.0811960941936112,0.998884496537861,-0.00131309786304312
2.707,-0.267621145585823,0.00633073638882938,0.61903666433114,1.87479954745694,0.329551519693549,2.90124249583097,2.81984565623947,0.0813968395915052,0.998884586798133,-0.00147829995961491
2.708,-0.258781799457816,-0.00369527346146302,0.618978497191458,1.87774053512923,0.329286099819408,2.94095240090173,2.85938907240619,0.0815633284955395,0.998884434993239,-0.00142953291834712
2.709,-0.255280585096942,-0.00650498899575486,0.618948994682773,1.88071062400425,0.32902018663286,2.95886267883787,2.87712137877886,0.0817413000590108,0.998884357986537,-0.00141022203474427
2.71,-0.263581085721579,0.00565769977836792,0.618930593062994,1.88369232368025,0.32875372957846,2.93120491984134,2.84928074981688,0.0819241700244631,0.998884309951377,-0.00145609509494904
2.711,-0.277528318988811,0.0255392171117404,0.618885836281035,1.88664914829351,0.328486708281529,2.88045731385577,2.79835954621083,0.0820977676449437,0.998884193107393,-0.00153319316875419
2.712,-0.303707750410261,0.0632029164730173,0.618794935575183,1.88956222446886,0.328219166698505,2.77748369873823,2.69522917055111,0.0822545281871172,0.998883955746066,-0.00167793073188688
2.713,-0.288128800653713,0.0414867901139675,0.618611040735214,1.89238759726769,0.327951182764696,2.85134895971967,2.76897240134183,0.0823765583778469,0.998883475343713,-0.00159207177627698
2.714,-0.286435474331547,0.0407697601096345,0.618484119687881,1.89527061280656,0.327682914872495,2.86284540760785,2.7803247514174,0.0825206561904421,0.998883143611667,-0.00158286062589503
2.715,-0.288341245326544,0.0451647286748792,0.618363488772893,1.89816057616314,0.32741426429792,2.85902306002212,2.77635539059923,0.0826676694228929,0.998882828193844,-0.00159353116894345
2.716,-0.279230535497886,0.0338620623311277,0.618236472764829,1.90104504962145,0.327145219128579,2.90242345630308,2.81961066809511,0.0828127882079668,0.998882495947662,-0.00154332227856523
2.717,-0.272518759275464,0.0262771539656937,0.618141415652098,1.90396202349125,0.326875789166588,2.93482650108641,2.85185588602393,0.0829706150624785,0.998882247209653,-0.00150632954760245
2.718,-0.275301019542143,0.0317031188949007,0.618069240134377,1.90690242611149,0.326605918520127,2.92778057380403,2.84464281139526,0.0831377624087691,0.998882058295309,-0.00152178778851073
2.719,-0.251326948735113,0.000745438551150016,0.617987926809142,1.90983463479784,0.326335566799826,3.03208261072014,2.94878055146167,0.0833020592584639,0.998881845410535,-0.00138934750988056
2.72,-0.267691177529514,0.0227288252847053,0.617983964855106,1.91284595557688,0.326064748389575,2.97397831047657,2.89048176764711,0.0834965428294598,0.998881835036392,-0.00147981399925047
2.721,-0.253606963171764,0.00575740655780884,0.617928113591881,1.91580804889235,0.325793329763011,3.03570907309944,2.95203711891005,0.0836719541893846,0.998881688778995,-0.00140201221598807
2.722,-0.231849406162192,-0.0198691167415173,0.617917252718103,1.918815932021,0.325521398227642,3.12512986065351,3.04126458822955,0.0838652724239621,0.998881660334614,-0.00128174025689728
2.723,-0.250324216298793,0.00292395077840513,0.61797094344107,1.92188990441908,0.325248875665199,3.0635367527492,2.9794526509022,0.0840841018470047,0.99888180093965,-0.0013838213619412
2.724,-0.263867976878826,0.0213300284704519,0.617970093253673,1.92491228356488,0.324975650599473,3.01616055437513,2.93187764381255,0.0842829105625812,0.998881798713373,-0.00145869374191679
2.725,-0.276178590957972,0.0390489824182537,0.617926693002542,1.92789428854085,0.324701814573124,2.97132689631471,2.88686071573112,0.0844661805835913,0.998881685058561,-0.00152679623410874
2.726,-0.274219662918076,0.0380441664262299,0.617842779188282,1.93083783055636,0.324427438677295,2.9839707868711,2.89933618685164,0.0846346000194604,0.998881465263196,-0.00151605874876334
2.727,-0.269053211499269,0.0327074147538848,0.617765661078212,1.9337888719313,0.324152590542389,3.00995325040293,2.92514697281486,0.0848062775880649,0.998881263215157,-0.00148757835172592
2.728,-0.269302790375167,0.0346984694218506,0.617705873431272,1.93675787024745,0.323877257345522,3.01342592656825,2.92844063807623,0.0849852884920169,0.998881106537898,-0.00148902266161656
2.729,-0.265923268061216,0.031858328813443,0.61764541084847,1.93972699699154,0.323601408345772,3.03180919613791,2.94664445900715,0.0851647371307677,0.998880948061079,-0.00147040099986626
2.73,-0.267769467076643,0.0359362491423522,0.617596135957366,1.94270797746245,0.323325043379163,3.0288410825052,2.94349188105332,0.0853492014518844,0.998880818885063,-0.0014806621838376
2.731,-0.291820399671426,0.0694071138394714,0.617540966101045,1.94568396193734,0.323048142138957,2.93588132601912,2.85034921078582,0.0855321152332922,0.998880674230709,-0.00161371899120693
2.732,-0.282700301027854,0.0579265516067039,0.617403808765383,1.94858234935521,0.322770713292879,2.98053123773669,2.89484717684857,0.0856840608881151,0.998880314494658,-0.00156344143784806
2.733,-0.264677787270393,0.0344223173830617,0.617298976216063,1.95151376931978,0.322492894532046,3.06272071294406,2.9768716429901,0.0858490699539576,0.998880039432222,-0.00146388098972638
2.734,-0.272378220847128,0.0461328024123932,0.617254560998014,1.95450686848297,0.322214629891726,3.03611073081243,2.95007263304975,0.0860380977626842,0.998879922866211,-0.00150651897023921
2.735,-0.283917157725665,0.0633032644467185,0.617185041045627,1.95747627440918,0.321935815783339,2.99287591626338,2.90665777121859,0.0862181450447987,0.99887974038012,-0.00157041957122737
2.736,-0.288285914756045,0.0710842032891919,0.617076570395616,1.96040865543624,0.321656493345273,2.97868844984361,2.89230466422689,0.0863837856167261,0.998879455568441,-0.00159470938376417
2.737,-0.285688188504287,0.0690438618645977,0.61695315066866,1.96332723819322,0.321376727149352,2.99463338685321,2.90808913605994,0.0865442507932737,0.998879131383127,-0.00158048059600804
2.738,-0.288010084630331,0.0739709093673706,0.616839137391414,1.96625600633247,0.321096541221436,2.98920224263101,2.90249326861702,0.0867089740139937,0.998878831790361,-0.0015934571083887
2.739,-0.26656901815884,0.0451497027306845,0.616717312397697,1.96917796716397,0.320815918439236,3.0881529784165,3.00128169577878,0.0868712826377249,0.998878511548327,-0.00147496123148121
2.74,-0.253417624421348,0.0294897622504297,0.6166681692754,1.97217441018522,0.320534870751048,3.14707421486197,3.06001171242234,0.087062502439631,0.998878382329714,-0.00140224266531448
2.741,-0.253237539351691,0.0308862578927308,0.616660753183886,1.9752135825377,0.320253274213698,3.152496418422,3.06522567379421,0.0872707446277907,0.9988783628278,-0.00140125370780915
2.742,-0.237905215613336,0.013351275992997,0.61665390904706,1.97825412108938,0.31997105707699,3.21795821887105,3.13047816127055,0.0874800576005039,0.998878344829525,-0.00131642100014414
2.743,-0.238350081849327,0.0154724886973114,0.616692896575002,1.98134165425138,0.319688216959976,3.22106801221423,3.13335989237085,0.0877081198433811,0.998878447351098,-0.00131884544529654
2.744,-0.246347484614321,0.0264747813409622,0.616730512350051,1.98442858440871,0.319404675279238,3.19592543228016,3.1079888364365,0.0879365958436591,0.998878546253226,-0.00136305983530526
2.745,-0.25251993836255,0.0355839936363514,0.616744458188728,1.98749316426471,0.31912043288951,3.17691529208824,3.08875852859079,0.0881567634974428,0.998878582917572,-0.00139719841663162
2.746,-0.277299553509546,0.0680700214383813,0.61673963321055,1.99054016087068,0.318835528104914,3.08468468582629,2.99631419645372,0.088370489372573,0.998878570232637,-0.00153430992839253
2.747,-0.286421620476868,0.0821848947636229,0.61665491923829,1.99351158325795,0.318549990989491,3.05063969848845,2.96208592210957,0.088553776378876,0.998878347486086,-0.00158487975884213
2.748,-0.281719454176117,0.077177956606162,0.616539131670378,1.99645356038232,0.31826395411794,3.07606139256219,2.98733580240913,0.0887255901530533,0.998878042935749,-0.0015589913627991
2.749,-0.252625001292386,0.0383831323977272,0.616439895146992,1.99941290478155,0.317977468251495,3.20813629859879,3.11923173568992,0.0889045629088739,0.998877781827762,-0.00139808749310627
2.75,-0.263559469227327,0.053614851351838,0.61643543524772,2.00247020864161,0.317690504365789,3.16976626105833,3.0806447735364,0.0891214875219328,0.998877770091043,-0.00145860616931142
2.751,-0.273430183114508,0.068062886617955,0.616396669335605,2.00549493223376,0.317402902426374,3.13415320204623,3.04482739615139,0.089325805894835,0.998877668067094,-0.0015132756482456
2.752,-0.25376040536139,0.0431662604683409,0.616325773117902,2.00848917504733,0.31711471837603,3.22300250830583,3.13348421162841,0.0895182966774147,0.998877481449557,-0.00140448693080698
2.753,-0.232585162177271,0.0182785176032058,0.616318076599091,2.01154834863877,0.316826004510682,3.31301091842339,3.22327445045963,0.089736467963766,0.998877461187707,-0.00128729553822374
2.754,-0.248228037138984,0.0377969863128771,0.616372987293645,2.01467204688587,0.316536653869646,3.26016703401158,3.17018679085432,0.0899802431572581,0.998877605734491,-0.00137382006998641
2.755,-0.234292516645218,0.0223386114794468,0.616382065132332,2.01775220445868,0.316246560521679,3.32008305097395,3.22987610467824,0.0902069462957107,0.998877629628491,-0.00129668531214243
2.756,-0.205979166232852,-0.00879212874878148,0.616431997974952,2.02087434648159,0.315955799377535,3.43189474407368,3.34144399885735,0.0904507452163328,0.998877761045363,-0.00113994473393439
2.757,-0.213867526468362,0.000756411091129509,0.616557615151103,2.02407525067493,0.315664300927714,3.41062542614534,3.31989989744221,0.0907255287031361,0.99887809155961,-0.00118349360343661
2.758,-0.235460992129907,0.0250832637034166,0.616662857611334,2.02725694188157,0.315371937805486,3.34131035172785,3.25031691799737,0.0909934337304802,0.998878368361809,-0.00130288774398776
2.759,-0.226643427598199,0.0164211868060123,0.616708865889474,2.03038272381059,0.31507874237743,3.37969592487747,3.28845691774178,0.0912390071356841,0.998878489340253,-0.00125405537600413
2.76,-0.241585844992404,0.0346960984856702,0.616779573109047,2.03353399224385,0.314784811420499,3.330377757786,3.23888233310321,0.0914954246827926,0.998878675229208,-0.00133666590256495
2.761,-0.253222122228118,0.0501529783316331,0.616807552673512,2.03664475136794,0.314490102504713,3.29058586934771,3.1988499064551,0.0917359628926078,0.998878748775586,-0.00140101970784775
2.762,-0.246140076113056,0.042901761715966,0.616800423474449,2.03972223896194,0.314194684854909,3.32420194475202,3.23223839235417,0.0919635523978486,0.998878730036586,-0.00136184339618225
2.763,-0.256640518265451,0.057243600910531,0.616814837437883,2.04282206877647,0.313898615032095,3.28807211001722,3.1958714453346,0.0922006646826159,0.998878767923039,-0.0014199254279081
2.764,-0.25311602109185,0.0543783300200227,0.616797081983696,2.04589145402748,0.313601855952672,3.30752265219132,3.21509669787867,0.0924259543126503,0.998878721253376,-0.00140044327588375
2.765,-0.27898144452168,0.0882763080906324,0.616790303520313,2.04897262561399,0.313304459215354,3.20905610766519,3.116399550713,0.0926565569521943,0.998878703435686,-0.00154355935680138
2.766,-0.293065515715687,0.10927693073943,0.616699767065076,2.05197471444357,0.313006405228937,3.15275098687427,3.059896306407,0.0928546804672699,0.99887846541639,-0.00162159038461889
2.767,-0.278960010381351,0.0904980180087873,0.61656043410398,2.05493041885984,0.312707830521929,3.22248779038342,3.12945369509604,0.0930340952873757,0.998878098975077,-0.00154369726265714
2.768,-0.312147847704041,0.137772884580206,0.616470553308719,2.05793680406661,0.312408814059305,3.08366837175386,2.99043438320643,0.0932339885474329,0.998877862503517,-0.00172746295607922
2.769,-0.3319986661509,0.169945840043944,0.616261614145561,2.06083098066419,0.312109273095987,2.9943032212553,2.9009162123263,0.093387008928998,0.998877312529215,-0.00183759719362188
2.77,-0.34327387466781,0.190000901478816,0.615975586843828,2.06365160124698,0.31180940211404,2.94310877934529,2.84959909103652,0.0935096883087678,0.998876559036822,-0.00190039769175581
2.771,-0.347669393587445,0.199021101633123,0.615644244941209,2.06642898306149,0.311509326790297,2.92577961066458,2.83216502409909,0.0936145865654879,0.998875685295173,-0.00192519250348242
2.772,-0.339710445699999,0.186968395791271,0.615295586221202,2.06919038332011,0.311209120771817,2.97262151944445,2.87890868200001,0.0937128374444351,0.998874764873349,-0.00188159421427034
2.773,-0.328352641151496,0.169559526729969,0.614981245231574,2.07198718210113,0.310908811804272,3.0363791058618,2.94255394939579,0.0938251564660031,0.998873934152051,-0.00181909826469003
2.774,-0.336900853160651,0.184961348523499,0.614713847760471,2.0748322339505,0.310608342697872,2.99905798419636,2.90510127321577,0.0939567109805894,0.998873226821482,-0.00186681634624459
2.775,-0.333384955379173,0.18071778683128,0.614412903126946,2.07764537450239,0.31030763533905,3.0223456301281,2.9282704306458,0.0940751994822998,0.998872430014229,-0.00184773556985998
2.776,-0.297224789151713,0.123044944869703,0.614127165513574,2.0804748335782,0.310006743938754,3.21369399614822,3.11949379897988,0.0942001971683395,0.998871672747673,-0.0016476630440851
2.777,-0.267496717304795,0.0812360492889882,0.613979940836835,2.08344860282803,0.309705642572182,3.35902815383924,3.2646466463427,0.0943815074965338,0.998871282295254,-0.00148302326377889
2.778,-0.29795945224071,0.122852918073358,0.613934376969843,2.08652828466511,0.309404102348666,3.23502243770416,3.14041784432333,0.0946045933808337,0.99887116141804,-0.00165196541523094
2.779,-0.293602092362756,0.11807987520019,0.613785042772146,2.08950933617793,0.30910195477328,3.26082511657816,3.166038473386,0.09478664319216,0.998870765120826,-0.00162798244762656
2.78,-0.287911533997403,0.111477043450283,0.613651655653895,2.09250748438574,0.308799368809133,3.29262192704715,3.19764606821691,0.0949758588302438,0.998870410980258,-0.00159658271390189
2.781,-0.317612916505682,0.155055471168567,0.613538565598763,2.09552712094336,0.308496316913566,3.16379143682522,3.06861738993126,0.0951740468939564,0.998870110607433,-0.00176143223921137
2.782,-0.310832484401959,0.146079378653901,0.6133174518486,2.0984436509683,0.308192764384253,3.20279521359039,3.10746599523691,0.0953292183534847,0.998869522998268,-0.00172410392607474
2.783,-0.315724155130971,0.155134534517329,0.613122642821182,2.10138780882386,0.307888886995928,3.18452020176619,3.08902456311146,0.0954956386547321,0.998869004942635,-0.00175148272746212
2.784,-0.326680619938844,0.173692092548927,0.612909963406912,2.10431539198804,0.307584640411983,3.13631926424097,3.04066383879504,0.0956554254459312,0.998868438988263,-0.00181254173226119
2.785,-0.323353209393144,0.169942702256314,0.612655607464085,2.10720299103538,0.307280052666547,3.15867576144247,3.06287690894949,0.0957988524929836,0.998867761613839,-0.00179440904744026
2.786,-0.323334869252896,0.171494019345494,0.612415027744758,2.1101056320327,0.30697519085592,3.16430467053415,3.06835627359232,0.0959483969418272,0.998867120409043,-0.00179461842232567
2.787,-0.346544389031823,0.209838352919424,0.612175252831141,2.11301029831563,0.306670031295145,3.05445382055397,2.95835501107906,0.0960988094749053,0.998866480847804,-0.00192377151636362
2.788,-0.379606290791055,0.267500647920261,0.611842983459094,2.11582566623552,0.306364571513875,2.88802746570672,2.7918154376927,0.0962120280140206,0.998865593743763,-0.00210781254433894
2.789,-0.378034197463637,0.266061977595249,0.61136802927527,2.11850350325895,0.306058961916226,2.90271077275651,2.80644345278498,0.0962673199715322,0.998864324020696,-0.00209980149050115
2.79,-0.367770323336321,0.248567815178712,0.610902012602271,2.12119147857401,0.305753435580984,2.96644239275108,2.87011608438676,0.0963263083643195,0.998863076271855,-0.00204347606388413
2.791,-0.35873144741291,0.233827369232058,0.610483473123395,2.12392882707824,0.305447977688078,3.02235092609899,2.9259461379638,0.0964047881351953,0.998861954018372,-0.0019938530995621
2.792,-0.35923463630158,0.23623099180805,0.610105616313763,2.12670872290914,0.305142510102971,3.02542417012544,2.92892407168988,0.0965000984355602,0.99886093952709,-0.00199719281368488
2.793,-0.370085562101891,0.256774479005247,0.609726935376387,2.12948904377742,0.304836965579317,2.97252193866461,2.8759266137266,0.0965953249380046,0.998859921561637,-0.00205807995438548
2.794,-0.37644236544077,0.269741076987119,0.609302513480996,2.13222489046769,0.304531344819386,2.94324321485606,2.8465711848613,0.0966720299947658,0.998858779132082,-0.00209406980575107
2.795,-0.377249252421198,0.272693573391326,0.608851461385444,2.13493520067687,0.30422572230509,2.94467714114813,2.84793919234734,0.0967379488007848,0.99885756327541,-0.00209923898479692
2.796,-0.353821509676684,0.231111172113525,0.608398499110505,2.13764480867403,0.30392014136677,3.0840479817218,2.98724480143434,0.0968031802874578,0.998856340455373,-0.00196951417565233
2.797,-0.356015585468678,0.236407766445496,0.608048679901209,2.14046252166151,0.303614604848216,3.07810691031848,2.98119593931998,0.096910970998497,0.998855394834238,-0.00198222545667564
2.798,-0.365872658720705,0.254989192323619,0.607690849749861,2.14327343187516,0.303308942813749,3.03075862961307,2.93374284869225,0.0970157809208252,0.998854426431776,-0.00203763140225304
2.799,-0.377019735917381,0.276304131536987,0.607292215713266,2.1460445547134,0.303003167653653,2.97539655480815,2.87829249215218,0.0971040626559638,0.998853346257163,-0.00210031328416756
2.8,-0.393164245455463,0.307332929803326,0.606846152160394,2.14876918394577,0.302697345742538,2.89103387886826,2.79386090362315,0.0971729752451039,0.998852135880832,-0.0021909531255569
2.801,-0.414290547097231,0.349062647833892,0.60632850139896,2.15142312620201,0.302391554573406,2.77604351078549,2.67883110103533,0.0972124097501657,0.998850729022811,-0.00230953971051694
2.802,-0.450412661606406,0.422974573066047,0.605712580672008,2.15397966030193,0.302085911715311,2.57064384178558,2.47343270360356,0.0972111381820198,0.998849051956473,-0.0025120188303353
2.803,-0.442014072565451,0.405778072254711,0.604915970678341,2.15635746353039,0.301780579249835,2.630154516608,2.53301975291099,0.0971347636970122,0.998846877833497,-0.00246658709348607
2.804,-0.46421191413416,0.454441697038723,0.60416716994024,2.15878525305179,0.301475856234814,2.50103716797717,2.40395961701343,0.0970775509637428,0.998844828964972,-0.00259184891941303
2.805,-0.481844639408939,0.495041883642277,0.603304463439332,2.16109852733791,0.301171665804632,2.39742352639701,2.30045102283707,0.0969725035599339,0.998842462122194,-0.00269196102871282
2.806,-0.513898798504768,0.57048853659583,0.602349064236976,2.16331775038943,0.300868198476559,2.20283696844516,2.10600883685957,0.0968281315855894,0.998839833064626,-0.00287300454647101
2.807,-0.516730045710416,0.578108804362364,0.601213610994481,2.16535463308241,0.300565611044248,2.19182765207717,2.09521979768712,0.0966078543900546,0.998836697669991,-0.00289117981891938
2.808,-0.529774246964341,0.611104678195449,0.600068192149004,2.16738036210609,0.300264207147834,2.1144809725882,2.01809897276652,0.0963819998216746,0.998833522734443,-0.00296659127722275
2.809,-0.524107484620969,0.597124615952446,0.598851150534042,2.1693311239851,0.299964009543069,2.15993761194601,2.06381277024843,0.0961248416975787,0.998830135962654,-0.00293741039629255
2.81,-0.508487387810107,0.558398022199748,0.597676145984981,2.17132478453106,0.299665144494649,2.27225683564763,2.17637324002382,0.0958835956238104,0.998826853084705,-0.00285225597356761
2.811,-0.526140203509195,0.60197386406575,0.596600681622122,2.17342312839429,0.299367548727307,2.16528509822098,2.06960272291712,0.0956823753038561,0.998823836980405,-0.00295353921190382
2.812,-0.527281830342337,0.605311552498062,0.595427593736706,2.17541912256116,0.299071061372542,2.16557972297484,2.0701406917493,0.0954390312255413,0.998820534670346,-0.00296242203689153
2.813,-0.521753298902452,0.591881739413317,0.59425505060906,2.17741465563248,0.29877585289219,2.21037591197752,2.11518154186313,0.095194370114394,0.998817220865056,-0.0029338082590405
2.814,-0.505406412329505,0.551849243251363,0.593122654543066,2.17945200674039,0.29848192928843,2.32813776866606,2.23317279775627,0.0949649709097811,0.998814008085275,-0.00284417932702008
2.815,-0.532100678237253,0.616546506324136,0.592091758295408,2.18159807977868,0.29818922931849,2.1631945880537,2.0684179379765,0.094776650077208,0.998811072589696,-0.00299659572122709
2.816,-0.557492112603583,0.680946081108215,0.590911538037366,2.18358664123139,0.297897586530669,2.0050715297477,1.91054710187814,0.0945244278695607,0.998807699316007,-0.00314222281401952
2.817,-0.558173483253173,0.682831112466249,0.589584256084754,2.18541835660273,0.29760726121288,2.00892113274833,1.91471227643933,0.0942088563090064,0.998803889580362,-0.00314902667446505
2.818,-0.547646479964119,0.655196161303554,0.588261865042023,2.18725328080276,0.297318512754995,2.08892246891018,1.99502904819483,0.0938934207153468,0.998800076786503,-0.00309253368096354
2.819,-0.546866633838394,0.653403671952552,0.587013014872795,2.18916649600149,0.297031342360665,2.1025637066604,2.00895669429227,0.0936070123681305,0.998796460257842,-0.00309086174485574
2.82,-0.525940327692172,0.5998880701852,0.585777162688049,2.19109233735499,0.296745632685162,2.25449684293146,2.16117252526597,0.0933243176654919,0.998792866189233,-0.00297518728994264
2.821,-0.541229889718092,0.638043871398502,0.584672735155864,2.1931624622518,0.296461369771236,2.1612555466495,2.06816025975013,0.0930952868993709,0.998789641469713,-0.00306406967786658
2.822,-0.549026661838594,0.658079238716218,0.583485890145778,2.19514222800747,0.296178333716636,2.11735424668846,2.02452421982192,0.0928300268665441,0.998786162498719,-0.00311081605272148
2.823,-0.529359155494306,0.607876589350474,0.582260425363861,2.19707842276133,0.295896674677091,2.26130357351272,2.16875676011998,0.0925468133927432,0.998782555440076,-0.00300197369576107
2.824,-0.528576089582088,0.606379957306083,0.581158123642562,2.19915133101322,0.295616467998669,2.27495626327693,2.18264233578987,0.0923139274870518,0.998779297906511,-0.00299986356296137
2.825,-0.51345476144295,0.569660355593401,0.580067150866189,2.20123620002391,0.295337506222933,2.3866805454955,2.29459617921307,0.0920843662824378,0.998776061661987,-0.00291628512926789
2.826,-0.518022351584153,0.581140678444701,0.5790677618346,2.20342372388371,0.295059776167045,2.36433972992737,2.27244758988205,0.0918921400453199,0.998773086388315,-0.00294429863782485
2.827,-0.521653333825279,0.590403479687777,0.578048981638771,2.20558951762328,0.2947831230193,2.34826905480596,2.25657861185548,0.0916904429504765,0.998770042796088,-0.0029670619570576
2.828,-0.495197494984532,0.527093272441012,0.577016099340932,2.20773932535658,0.294507586474482,2.53904848755277,2.44756702491222,0.0914814626405509,0.998766946102297,-0.00281863225203899
2.829,-0.458085671200201,0.443021162170723,0.57613275377874,2.21006052693514,0.294233197255902,2.80115117113933,2.70981652765587,0.0913346434834665,0.998764288927437,-0.00260901273274128
2.83,-0.421481796429642,0.366778850001843,0.575442176308745,2.21260602700105,0.293959695757772,3.05166868612638,2.96039993905559,0.0912687470707888,0.99876220593281,-0.00240170076258938
2.831,-0.416246906146932,0.357862020515453,0.574925536107676,2.21535550097793,0.293686743174399,3.09191010110048,3.00063383279118,0.0912762683093075,0.998760644314444,-0.00237273134649667
2.832,-0.404441180136813,0.336519981546775,0.574434294682352,2.21813558761599,0.293414031871643,3.17300221423707,3.08170779650353,0.0912944177335415,0.998759156862226,-0.00230622990488504
2.833,-0.433172352297943,0.391223532581613,0.573996262759671,2.22097849970952,0.293141517151552,3.0077332328156,2.91639811697784,0.0913351158377591,0.998757828378198,-0.00247082157298423
2.834,-0.411138292187405,0.348575568534003,0.573433122382535,2.22368384156353,0.292869104532657,3.15709496716585,3.06577253592813,0.0913224312377116,0.998756117477405,-0.00234606507901907
2.835,-0.420585217966517,0.367671055144021,0.572970362444956,2.22650741098611,0.292597017164286,3.10658034780552,3.01522803296151,0.0913523148440041,0.998754709029394,-0.00240075028462297
2.836,-0.422827671519912,0.373229687680593,0.572468228224651,2.22928804643738,0.292325076721331,3.10022453772035,3.00885923555486,0.0913653021654952,0.998753178166584,-0.00241439974032193
2.837,-0.405615503596658,0.341121544910707,0.571958306868069,2.23206149719869,0.292053353717205,3.21717423357628,3.12579943347484,0.0913748001014433,0.998751620812231,-0.00231694340206713
2.838,-0.405205536469707,0.341651839977173,0.571525200517658,2.23492607471343,0.291781862526298,3.22731314340976,3.13589612905039,0.0914170143593618,0.998750295876552,-0.0023153035898308
2.839,-0.412850792270425,0.357105585810128,0.571095568221094,2.23779648552206,0.291510466189549,3.18813880120463,3.09667808426238,0.0914607169422474,0.998748979583023,-0.00235969730695474
2.84,-0.456741562989431,0.441150003056741,0.570635018008125,2.24063337289338,0.291239158456453,2.92880424019035,2.83731307764968,0.0914911625406732,0.998747566363013,-0.00261140158382943
2.841,-0.483751437904031,0.498507915308434,0.569977512270782,2.2432525860734,0.290967994664061,2.7618352741283,2.67039830574627,0.0914369683820301,0.998745544818047,-0.00276710173869651
2.842,-0.489119548217362,0.511204272899607,0.569191124809802,2.24572710938041,0.29069732820355,2.73417329616723,2.64284643517476,0.0913268609924727,0.998743120884335,-0.00279934636247392
2.843,-0.508812354525625,0.555874918120935,0.568381806401076,2.24817619511258,0.29042739245193,2.61053689702988,2.51933082643983,0.0912060705900515,0.998740619265539,-0.00291370009546745
2.844,-0.51228241456831,0.564544177610253,0.567475241268102,2.25051467429006,0.290158231826144,2.59555401531049,2.50451148258275,0.0910425327277471,0.998737808582159,-0.00293542896932823
2.845,-0.52544407556958,0.595759934219478,0.566555591610422,2.25283848624385,0.28989002523007,2.51420843490335,2.42333618116273,0.0908722537406161,0.998734948141351,-0.00301277948818676
2.846,-0.547740522488115,0.649335316803675,0.565571095404142,2.25508755881924,0.289622800955381,2.37017431510945,2.2795014487927,0.0906728663167539,0.998731875694981,-0.00314277935070158
2.847,-0.527666057513113,0.599815252492299,0.564470044400997,2.25720182640094,0.28935668143648,2.52361587343687,2.43319400437591,0.0904218690609649,0.998728426805073,-0.00302992172845132
2.848,-0.558370431998788,0.673433019294986,0.563486124356367,2.25945540977541,0.289091884418675,2.32227756555998,2.2320576447011,0.090219920858875,0.998725333407913,-0.00320842749326153
2.849,-0.557063867213831,0.670252331025591,0.562338725462529,2.26151941886599,0.288828203743003,2.34137454195926,2.25142856981915,0.0899459721401066,0.998721712368862,-0.00320347659734933
2.85,-0.540378966132898,0.628562712466631,0.561206291678942,2.26360040953702,0.28856594429773,2.47146432996226,2.38178750887083,0.0896768210914299,0.998718124039543,-0.00310997542632434
2.851,-0.554409196171577,0.662923779771377,0.560173579793649,2.26580084553103,0.288305087018382,2.38268026202741,2.29323104535267,0.089449216674738,0.998714839049767,-0.00319301203301282
2.852,-0.549836496368131,0.651721304660802,0.559070192489136,2.26791731955025,0.288045456563718,2.42529115296046,2.33610161446345,0.0891895384970136,0.998711315835767,-0.00316910318749654
2.853,-0.556307263801802,0.6678467871891,0.557999233720265,2.27007236193211,0.287787190152956,2.3892383166343,2.30029598360302,0.0889423330312721,0.998707882843615,-0.00320878200275678
2.854,-0.573666710219023,0.711090687657303,0.556899474930217,2.27219248559669,0.287530235653892,2.27672303689088,2.18804194763782,0.0886810892530612,0.998704343790905,-0.00331143492292864
2.855,-0.571906858854324,0.706504950176492,0.555709550217483,2.27420401074661,0.287274654032317,2.29967841343203,2.21129935912618,0.0883790543058546,0.998700498804441,-0.00330399845763393
2.856,-0.558154332361355,0.671475234285936,0.554537747799162,2.27623647134958,0.287020621313411,2.41006985928919,2.32198677024485,0.0880830890443425,0.998696696250221,-0.00322716407332284
2.857,-0.570849138105389,0.703023610253697,0.553450391276514,2.27837193571145,0.286768113227985,2.32986799258583,2.24204588671311,0.0878221058727136,0.998693153323655,-0.00330304638946602
2.858,-0.574983561931467,0.71342657601025,0.552299885124611,2.28043011487718,0.28651698075602,2.31050920452129,2.22297718771703,0.0875320168042533,0.998689389447774,-0.00332961507463827
2.859,-0.583243126377242,0.73430848349477,0.551134041486398,2.28246859241979,0.286267350777393,2.26165890290295,2.17442540511796,0.0872334977849896,0.998685559365371,-0.00338016444538031
2.86,-0.602712320770219,0.784160212630333,0.54992967578194,2.28445867348861,0.286019261456483,2.13344667133743,2.04653028448883,0.0869163868485975,0.998681585675335,-0.00349590100155836
2.861,-0.620667784681606,0.83127069117843,0.548622006923849,2.28632053879103,0.285772795350462,2.01608668227391,1.92953439008813,0.0865522921857869,0.998677251390977,-0.00360329425479294
2.862,-0.608873059783116,0.798351106498839,0.547218210100893,2.28806141435028,0.285528159301568,2.11388800465906,2.027743924046,0.0861440806130633,0.998672575434184,-0.00353823877445215
2.863,-0.611405574774398,0.804513732422307,0.545894780779761,2.28990070557011,0.285285549394646,2.10664755316106,2.02087887417203,0.085768678989028,0.998668145153226,-0.00355619214935904
2.864,-0.60261442432086,0.780415094357399,0.544566520957838,2.29173157343993,0.28504482606092,2.18254096947983,2.09715196586908,0.0853890036107531,0.998663677050434,-0.00350826083244059
2.865,-0.622837103057018,0.833023750591669,0.543298892437411,2.29363723107304,0.284806011680084,2.04840208617385,1.96336838622368,0.0850336999501757,0.998659392529748,-0.00362914999141703
2.866,-0.624790749440943,0.837507589709272,0.541923504515743,2.29540534677606,0.284569002340765,2.04566777708262,1.96103864507562,0.0846291320070062,0.99865472111531,-0.00364397082542342
2.867,-0.648067115259841,0.899722828043084,0.540547303084439,2.29716951839147,0.284334019445884,1.89059227639112,1.80637035946936,0.08422191692176,0.998650023144517,-0.00378329319659291
2.868,-0.65967479834761,0.93100456142523,0.539043271803142,2.29876835408561,0.284101079208984,1.81903240630883,1.73527608113428,0.0837563251745502,0.998644861363996,-0.00385502534027078
2.869,-0.69099307485496,1.01862767897647,0.537481083447902,2.30028807912423,0.28387044682922,1.61136606456796,1.52810343646831,0.0832626280996471,0.998639469404979,-0.00404236177272705
2.87,-0.681028049582878,0.986885194662423,0.535736646031215,2.30156930375789,0.283642254760505,1.6957868770484,1.61310068996794,0.0826861870804528,0.998633411243364,-0.00398881766411648
2.871,-0.696735878169851,1.03084223027276,0.534071041374181,2.30294677771436,0.283416883413131,1.59715508245624,1.51501378492437,0.0821412975318701,0.998627589922444,-0.00408546120129101
2.872,-0.711288886405948,1.07192744228025,0.532321558899055,2.30420805492153,0.283194200562647,1.50787072949688,1.4263141168208,0.0815566126760797,0.998621436219739,-0.00417577345589099
2.873,-0.735485041158428,1.14264436288465,0.530495413091244,2.30536059370847,0.282974397071735,1.35512995704393,1.27419483756086,0.0809351194830787,0.99861496956369,-0.0043231945663401
2.874,-0.740830917490425,1.15613978941759,0.528529177627549,2.30631911999205,0.282757652982697,1.33175250023287,1.2515037470769,0.0802487531559665,0.99860795686912,-0.00436044431759474
2.875,-0.717464229069724,1.07963075997183,0.526547656542769,2.30724577838558,0.282544280632745,1.51060840149196,1.43105625360673,0.0795521478852264,0.998600836671526,-0.00422859739867851
2.876,-0.743460126648372,1.15554035755588,0.524737636009485,2.30839569600342,0.282334344354725,1.34534650567568,1.26641900654802,0.0789274991276598,0.998594285731809,-0.00438719497588778
2.877,-0.756457285850212,1.19277909469771,0.52277778170087,2.30933436460307,0.282127525731465,1.27060998257505,1.1923762967673,0.0782336858077459,0.998587141353356,-0.00446982203940902
2.878,-0.738688573761951,1.13289321443635,0.520752798005603,2.31017223836982,0.281924163716274,1.40825995943236,1.33075223551545,0.0775077239169149,0.998579703068654,-0.00437081202352998
2.879,-0.760250807051317,1.19611556366968,0.518864458083638,2.31118799861078,0.281724428398554,1.27501885176371,1.19818048412658,0.0768383676371314,0.998572714396948,-0.00450413796437666
2.88,-0.763003631203947,1.20108685147385,0.516855924647402,2.31202670215194,0.281528070321804,1.27005026807473,1.19393751040641,0.0761127576683253,0.998565224848332,-0.00452657726037035
2.881,-0.814018905460861,1.35826876403895,0.514850714575313,2.31285694975512,0.281335376336309,0.960339299690403,0.884954199840769,0.0753850998496339,0.998557689400655,-0.00483575838306898
2.882,-0.845802481516728,1.45945484607816,0.512525570837608,2.31322991240245,0.28114637713573,0.785630598495301,0.711117557203801,0.0745130412915005,0.998548877837713,-0.00503243825351312
2.883,-0.855064292933865,1.48505278307176,0.510006353082415,2.31330846721692,0.280961796916252,0.746099522446744,0.672547973346428,0.0735515491003162,0.998539240111508,-0.00509616145671042
2.884,-0.855601818566403,1.48009911623692,0.507453579735782,2.31331356105697,0.280782107396033,0.75662015001511,0.684049082300561,0.072571067714549,0.99852937640026,-0.00510810172589095
2.885,-0.879394311468201,1.55596173797187,0.504929954727724,2.31333477858418,0.280607443252653,0.639612566596717,0.568013362324334,0.071599204272383,0.998519527281682,-0.00525902437223612
2.886,-0.874019477602405,1.52916118551652,0.502270386571567,2.31313109758516,0.280437804289524,0.682394107123067,0.611830638895663,0.0705634682274032,0.998509040495447,-0.00523617941727303
2.887,-0.87086488227259,1.5106931620126,0.499684663055185,2.31300737983147,0.2802735573379,0.71367031473428,0.644114330204295,0.0695559845299847,0.99849873785622,-0.0052262877571212
2.888,-0.853948433360785,1.44462692400515,0.497155181065901,2.31293960417772,0.280114608252479,0.826850424134526,0.758281256299043,0.0685691678354834,0.998488555609828,-0.00513340791485271
2.889,-0.833943387742534,1.37027042537373,0.49477421209389,2.3130714404546,0.279960898912737,0.965905630956319,0.898262007508231,0.0676436234480872,0.99847887607002,-0.00502109237153531
2.89,-0.804438641062185,1.26728462702381,0.49255543706468,2.31343004476083,0.279812156848099,1.17774701724228,1.11096148037085,0.0667855368714354,0.998469771674922,-0.00485058662273736
2.891,-0.827883565935922,1.33707040096656,0.490550902278349,2.31410403209774,0.279668068849245,1.03900023148075,0.972982326531034,0.066017904949714,0.998461475566846,-0.00499859240648203
2.892,-0.799229129959687,1.23871076119796,0.488421428708355,2.31456861939217,0.279528190751698,1.25010169351459,1.1849092433344,0.0651924501801899,0.998452587783373,-0.00483239050559641
2.893,-0.79120264198238,1.20937406669941,0.48649490449241,2.31533771530876,0.279392862609379,1.32156295370716,1.25711038363445,0.064452570072717,0.998444480012502,-0.00478995692087736
2.894,-0.772421742361539,1.14754969675518,0.484637843693023,2.31620271912564,0.279261656787127,1.47278183782313,1.40904172514507,0.0637401126780615,0.998436603562817,-0.00468199470833379
2.895,-0.771265034568173,1.14066351636674,0.482911061289221,2.31726440138285,0.279134452403893,1.4964612528031,1.43337951187617,0.0630817409269341,0.998429225316707,-0.00468031061103071
2.896,-0.7602655184009,1.10452529849336,0.481208617388472,2.31835425691758,0.279010979168772,1.59334817342118,1.53091682803321,0.0624313453879635,0.99842189922652,-0.00461873887137635
2.897,-0.773253451299185,1.13949026600541,0.479585912305563,2.31956343958165,0.278891216056322,1.51366218636924,1.45184904233284,0.0618131440364023,0.998414867859248,-0.00470266176285443
2.898,-0.769003246735072,1.12351778379522,0.477905952155613,2.32067017889268,0.278775006502011,1.56059835794399,1.49943085101075,0.061167506933242,0.99840753809303,-0.00468198105851378
2.899,-0.784563667365595,1.16604243209452,0.476267014150262,2.32183396087832,0.278662525415259,1.46295857440027,1.40242135012413,0.0605372242761354,0.99840033747816,-0.00478186215785696
2.9,-0.767851551842517,1.11246877153786,0.474556776940237,2.32287039370037,0.278553709273347,1.60349497151113,1.54362149918062,0.0598734723305021,0.998392770583854,-0.00468525578429647
2.901,-0.785950971281985,1.16209170362952,0.472957748832346,2.32408230822042,0.278448771385869,1.48667924903661,1.42742366362642,0.0592555854101882,0.998385646228508,-0.00480072136197525
2.902,-0.764691344762405,1.09527725313499,0.471273959892384,2.32514340140483,0.278347473974662,1.66336654338231,1.60476800267672,0.0585985407055907,0.99837809196963,-0.004676014285533
2.903,-0.784541576731191,1.1495034502544,0.469724716191812,2.32642306234728,0.27825006600768,1.53241401057199,1.47441653119572,0.057997479376276,0.998371093503218,-0.00480225833596679
2.904,-0.781189393540593,1.13612802357903,0.468082096498904,2.32753620485831,0.278156247043539,1.57359783023581,1.51624412152935,0.0573537087064531,0.998363622626288,-0.00478687207196021
2.905,-0.795882652016349,1.17573411048682,0.466474689633567,2.32869912347377,0.278066289813626,1.48158939692756,1.42486650477887,0.0567228921486908,0.998356260967159,-0.00488202476379444
2.906,-0.785930533574398,1.14242934896468,0.464802881679166,2.32974128466333,0.277980143437873,1.57252165463386,1.51645965227207,0.0560620023617848,0.998348550343777,-0.00482623316137506
2.907,-0.81541541624755,1.2251517472321,0.463202940897623,2.33089739152196,0.277898012592595,1.37523308743967,1.31980318118945,0.0554299062502142,0.998341119060984,-0.00501251205454372
2.908,-0.817550016286627,1.22736482453414,0.46145718724674,2.3317907934664,0.277819752375992,1.3763686290259,1.3216358467939,0.054732782231995,0.998332951728488,-0.00503134280649656
2.909,-0.80990495856079,1.20002654609037,0.459718476052989,2.33268295367252,0.277745783633043,1.44935841544236,1.3953219246827,0.0540364907596635,0.998324755688338,-0.00498992657529701
2.91,-0.803856581888755,1.17800440478222,0.458040704087391,2.33367017836209,0.277676134362192,1.51127330282001,1.45790905514059,0.0533642476794177,0.998316787916278,-0.00495805651609538
2.911,-0.815418141830407,1.20825674931496,0.456413534916207,2.33473582966319,0.277610689697129,1.44284913009434,1.39013747554087,0.0527116545534784,0.998309004502499,-0.0050346736284528
2.912,-0.807051998163962,1.17924972737219,0.454740978527948,2.3357084034673,0.277549359130376,1.52254141461369,1.47050379519893,0.0520376194147567,0.998300945929181,-0.00498841752383967
2.913,-0.810665080641335,1.18602971563479,0.453131218066536,2.33678282406818,0.277492308001438,1.51259073056838,1.46120225640099,0.0513884741673876,0.998293133732284,-0.0050159700233908
2.914,-0.82409037641559,1.22158481721186,0.451519095598861,2.337841442047,0.277439411948618,1.43055498110891,1.37981855544303,0.0507364256658793,0.998285254245618,-0.00510435284552148
2.915,-0.835380740004955,1.25094583035001,0.449852330752808,2.33878811936053,0.277390721071141,1.36538070157313,1.31532145646469,0.0500592451084365,0.998277048307549,-0.00517985402821072
2.916,-0.833626305534081,1.24112562294377,0.448142892558395,2.33964269659207,0.277346430073322,1.39574044304868,1.34637833282113,0.0493621102275541,0.998268568872551,-0.0051746756287733
2.917,-0.844289512422234,1.26853968450578,0.446461713125023,2.34053582118511,0.277306704995079,1.33565647328274,1.28698126095933,0.0486752123234067,0.998260166279432,-0.00524654433101934
2.918,-0.871703259304557,1.34646849676507,0.444741875706441,2.34134240012143,0.277271517667461,1.16072142758532,1.11275116831233,0.0479702592729916,0.998251504738762,-0.00542289430402647
2.919,-0.87170415742869,1.34090031894472,0.442892364806975,2.3418899223741,0.277241026911011,1.17838691049675,1.13117798566068,0.0472089248360642,0.998242115061216,-0.0054293487966473
2.92,-0.872311172503561,1.33725512292603,0.441064657940176,2.34246036325565,0.277215653354665,1.19190815061966,1.14545289108516,0.0464552595344991,0.998232758719164,-0.00543950686435765
2.921,-0.874579947591959,1.33874839801929,0.439255126098696,2.34304735969159,0.277195395646755,1.19380641096087,1.1480986156886,0.0457077952722689,0.998223418713672,-0.00545998468008417
2.922,-0.878405662794969,1.34499071065907,0.437454562688901,2.34363346532862,0.277180262180212,1.18483809375235,1.13987535679587,0.0449627369564723,0.998214048302861,-0.00549019504203434
2.923,-0.891621457480742,1.38002513104101,0.435654584623444,2.34420232062705,0.27717028767154,1.11116015838781,1.06694349804852,0.0442166603392898,0.998204603520093,-0.0055792157570456
2.924,-0.901341578479594,1.40424231152098,0.433804772633334,2.34465422208913,0.277165531711512,1.06277190137581,1.0193232270936,0.0434486742822021,0.998194815587367,-0.00564670751376724
2.925,-0.907881300428884,1.41842732305283,0.431924793303261,2.34502555489779,0.277166203933611,1.03657198349799,0.993904837798219,0.0426671456997678,0.998184782129888,-0.00569450463130434
2.926,-0.888338701529865,1.35067562500012,0.430032532670702,2.34535041167962,0.277172460741292,1.19223207366462,1.15035242230559,0.0418796513590328,0.998174594538721,-0.00557865144548515
2.927,-0.891193592493588,1.35369855838453,0.42826753837705,2.34591349521341,0.2771844086078,1.19053104237462,1.14938723186578,0.0411438105088381,0.998165010979376,-0.00560287159565006
2.928,-0.859977025171506,1.25263808047742,0.426508527735749,2.34646991844131,0.277201732880467,1.44304055811823,1.40263091115114,0.0404096469670914,0.998155380994821,-0.0054126660618022
2.929,-0.872761663899409,1.28545358391987,0.424929489675974,2.34738386731767,0.277224479969372,1.36666963802466,1.32692123539982,0.0397484026248385,0.998146668390178,-0.00549864463739702
2.93,-0.879028835840213,1.29900254062065,0.423303940218504,2.34818731269412,0.277252160354726,1.33930183433459,1.30023439586063,0.0390674384739552,0.998137631250293,-0.00554384520761447
2.931,-0.892805004050543,1.33481475715314,0.421665344943868,2.34894781330008,0.277284974095764,1.25790910179084,1.21952855256202,0.0383805492288202,0.998128451064355,-0.00563658031240207
2.932,-0.889093557296949,1.31804730213119,0.419976066102599,2.34958539728244,0.277323021306476,1.30449583891113,1.26682319259633,0.0376726463148007,0.998118911931625,-0.00561915640001256
2.933,-0.884642160699557,1.29933053053806,0.418325272799691,2.35028713295358,0.277366523020517,1.35713654631353,1.32015664840032,0.036979897913213,0.998109515692639,-0.00559686459277691
2.934,-0.888663947471909,1.30600619458346,0.416715740281786,2.35106056330587,0.277415422024431,1.34671543276555,1.31041202433016,0.0363034084353913,0.998100282630736,-0.00562803056084526
2.935,-0.910297591243368,1.36478569541989,0.415104831084462,2.35181485386046,0.277469649850962,1.20909664099525,1.17347051474532,0.0356261262499271,0.998090969978867,-0.00577090501854856
2.936,-0.893186077220567,1.3070949172144,0.413405167427229,2.35236048752975,0.277529273279831,1.35635325963597,1.32143983502458,0.0349134246113915,0.998081065553139,-0.00566849765857649
2.937,-0.874144859674404,1.24549718979976,0.411810259966279,2.35311862826544,0.277594645133453,1.52379389491364,1.48955158505428,0.0342423098593655,0.998071697217836,-0.0055532315897526
2.938,-0.859061067648254,1.19733483323427,0.410325059112614,2.35410535340536,0.277665491412657,1.66417299005892,1.63055851284192,0.033614477216993,0.998062907802505,-0.00546251140772942
2.939,-0.86783688393973,1.21782770995969,0.408926698536631,2.35527374859095,0.277741513249128,1.61494661241956,1.58192592392211,0.0330206884974545,0.998054573952793,-0.00552316838424644
2.94,-0.876891771102305,1.23907021300845,0.40750271582222,2.35637350967643,0.277822479425074,1.56414485213133,1.53172802078915,0.0324168313421862,0.998046028624663,-0.00558579105599303
2.941,-0.853691370949688,1.16806075812887,0.406052191372216,2.35740128311261,0.277908530050436,1.77361192764118,1.74180919894596,0.0318027286952194,0.998037262398165,-0.0054429579598794
2.942,-0.894671989942791,1.27770410916341,0.40472355447511,2.35869658051857,0.277999811416777,1.47486918460053,1.44363320370869,0.0312359808918389,0.998029177659806,-0.00570899660810629
2.943,-0.885284626073765,1.24539293700181,0.403221028290839,2.35958905554666,0.278095966905367,1.56999754024134,1.53939514990396,0.0306023903373729,0.998019970612052,-0.00565441549956784
2.944,-0.901097580270976,1.28575510070688,0.401779018773601,2.36060705807341,0.278197645934584,1.46773149303092,1.43773900113195,0.0299924918989672,0.998011069634615,-0.00576061223568549
2.945,-0.902780475288011,1.28540427127304,0.400280048021295,2.36147976828085,0.27830470328497,1.47577185112806,1.44641043312631,0.0293614180017546,0.99800174907557,-0.00577678375430017
2.946,-0.906350970262497,1.29049448642698,0.398790413222898,2.362359066888,0.278417398934567,1.46920767647302,1.44047304141777,0.0287346350552464,0.997992417152363,-0.00580503145027616
2.947,-0.918719458857693,1.32096243114489,0.397301353665844,2.36322446979695,0.278535766187871,1.39521999717409,1.36711106971059,0.0281089274635007,0.997983018895423,-0.00588972173228811
2.948,-0.918179804564624,1.31375187433606,0.395772353210393,2.36397964370269,0.278659869570928,1.42091977322934,1.39345050077623,0.0274692724531143,0.997973294958861,-0.00589187770882587
2.949,-0.900915553394205,1.2579943147285,0.394263742068096,2.36476675661874,0.278789919441229,1.58029757763177,1.55345915363947,0.0268384239922981,0.997963626772387,-0.00578653107767966
2.95,-0.912388327833842,1.2856027058273,0.392850824584118,2.36577030716587,0.278925913968615,1.51123796487075,1.48499376094818,0.0262442039225702,0.997954504515655,-0.00586537659494882
2.951,-0.936185615110252,1.34854773586473,0.391402391967143,2.36667392719298,0.279067576905389,1.34982643356608,1.32418830689669,0.0256381266693846,0.99794508459702,-0.00602378376456461
2.952,-0.938743473989293,1.35005481988829,0.389862709695545,2.36734029884327,0.27921510374023,1.35222353461334,1.3272233018911,0.0250002327222421,0.997934994486185,-0.00604602349400055
2.953,-0.938130814089592,1.34224046410774,0.388329772635827,2.36800486526992,0.279368900379575,1.37913348439957,1.35476685131523,0.0243666330843457,0.997924869092029,-0.0060478300097645
2.954,-0.961202198304392,1.40353375347427,0.386817962926714,2.36870361159241,0.279529018993551,1.22786566129546,1.20412305567655,0.0237426056189028,0.997914804647556,-0.00620237648119963
2.955,-0.94966059564355,1.36254502868527,0.385219258858687,2.36916756051022,0.279695458333183,1.33830038373166,1.31521062132227,0.0230897624093868,0.997904075790596,-0.00613397456186391
2.956,-0.962927445379394,1.39516620497736,0.383692762848792,2.36979369436533,0.279868625187148,1.26030270169902,1.23783771163419,0.0224649900648337,0.997893748079648,-0.00622554639527307
2.957,-0.958241161916411,1.37472189762072,0.382124960985951,2.3702955207266,0.280048329852234,1.3187428216439,1.29691454395806,0.0218282776858417,0.997883055015773,-0.00620125782888155
2.958,-0.957315665538526,1.36563743269653,0.380597573520333,2.37088052052927,0.280234813216723,1.34874404391259,1.3275356123382,0.0212084315743905,0.997872552875862,-0.00620111724672016
2.959,-0.981300422024264,1.42926412364649,0.379092937642194,2.37150472472364,0.280428004721067,1.19157512686436,1.17097585072421,0.0205992761401553,0.997862124427272,-0.00636238713741556
2.96,-0.994858328209094,1.46257257265486,0.377499652377683,2.37187938576866,0.280627899785019,1.11511479622134,1.09515184340875,0.0199629528125935,0.997850990938133,-0.00645663193341655
2.961,-0.990785708012806,1.44287916146905,0.375865443654688,2.37212324593502,0.28083493341863,1.16799159576461,1.14867512176552,0.0193164739990872,0.997839473428904,-0.00643667722526707
2.962,-0.981999815585601,1.40946673956695,0.374270644909982,2.3724468494053,0.281049362650221,1.2575375912611,1.23885042088636,0.0186871703747407,0.997828136701075,-0.00638586370756185
2.963,-0.99962145835189,1.45442031564924,0.372735077884556,2.37290592697177,0.281271127528072,1.14973750938252,1.13165605849929,0.0180814508832301,0.99781712935183,-0.00650659573827964
2.964,-1.02572355441167,1.52481142840661,0.371141122398313,2.37318577685176,0.28150008407002,0.98709059401999,0.969629868079259,0.0174607259407308,0.997805607113709,-0.00668303567027449
2.965,-1.01660180472262,1.48872258762218,0.369451205292542,2.37318080925168,0.281736565500304,1.07550069156141,1.05868695865884,0.0168137329025732,0.997793282615743,-0.00663047538955192
2.966,-1.03971277813428,1.55028713466907,0.367824731471415,2.3733215494062,0.281981070561181,0.936991805293235,0.920799486663031,0.0161923186302042,0.99778131385837,-0.00678797393137598
2.967,-1.06776681828375,1.62743751940528,0.366116838087402,2.37321020853645,0.282233445429338,0.775112791870491,0.759562038664241,0.0155507532062498,0.997768631496918,-0.00697842490097107
2.968,-1.09395931625456,1.69962267727451,0.364305533394514,2.37277937015007,0.282494142493066,0.636806438117339,0.621922935044264,0.0148835030730747,0.997755051300807,-0.0071575328011559
2.969,-1.08980643422474,1.67562080877247,0.362399940009362,2.37204561985044,0.282763722595506,0.683355587468982,0.669160592952167,0.0141949945168143,0.997740617644765,-0.00713866832825847
2.97,-1.08941286334956,1.66392618716482,0.360541825282423,2.37140449470095,0.283042726077661,0.707658844091533,0.694129668925523,0.0135291751660102,0.997726396689991,-0.00714418729784385
2.971,-1.10588233510378,1.70536231940277,0.358712879200445,2.37080605524154,0.283331091090725,0.630108612110779,0.617228138775038,0.0128804733357407,0.99771225509876,-0.0072602817349028
2.972,-1.09980537689658,1.67514949654734,0.356836305245116,2.37002800814409,0.283628831918859,0.688806179687186,0.676579342938832,0.0122268367483546,0.997697594568431,-0.00722864106645044
2.973,-1.12571701892152,1.74597292313914,0.35501519078166,2.36936966595046,0.283936304900103,0.558932119147568,0.547333619854555,0.011598499293013,0.997683219124235,-0.007407149582418
2.974,-1.13149332756511,1.75286355562638,0.353104696572437,2.36840423884421,0.284253410631346,0.547467818817381,0.536512734571549,0.0109550842458319,0.997667978761804,-0.00745380418810623
2.975,-1.13795937758581,1.76182161227671,0.351197532641581,2.3674003656584,0.284580707137397,0.532430933370286,0.52210735051147,0.0103235828588155,0.997652599585543,-0.00750508091806836
2.976,-1.16223723950961,1.82756945493238,0.349290832004014,2.36634861870764,0.284918342005618,0.425235664134483,0.415531930301317,0.00970373383316547,0.997637056262649,-0.00767406266657937
2.977,-1.18346776296182,1.88361838687837,0.3473047002545,2.3650031688068,0.285266479287033,0.342689382943035,0.33361383837086,0.00907554457217441,0.997620683943329,-0.00782364643698889
2.978,-1.18112548869548,1.86210328672052,0.345254344992967,2.36340172391897,0.285625666757258,0.372379702513759,0.363934772700287,0.00844492981347222,0.997603584605082,-0.00781784908174791
2.979,-1.18553347959141,1.86297000295226,0.343248424575665,2.36187822579351,0.28599639910467,0.37041936390644,0.362579107429732,0.00784025647670805,0.997586658150766,-0.00785653784012518
2.98,-1.18187873650338,1.83750702264089,0.341255671209239,2.36033607588777,0.286378658306306,0.40776046684397,0.400506485284787,0.00725398155918344,0.997569645768944,-0.00784173860597343
2.981,-1.19632608515523,1.87091575739854,0.339311706764374,2.35889079493786,0.286772576194114,0.35758095726511,0.350886268458238,0.00669468880687152,0.997552857357809,-0.00794689889803859
2.982,-1.23865197987,1.99459712870932,0.33733596159754,2.35728315525418,0.287178107781024,0.201114853446086,0.194970546911087,0.0061443065349992,0.99753559621908,-0.00823784841210294
2.983,-1.23249386369655,1.95817077356121,0.335205156560385,2.355105778114,0.28759561120428,0.240594530177522,0.235016369461691,0.00557816071583073,0.997516752336804,-0.00820739771541204
2.984,-1.26903607985032,2.06366552413567,0.333139019344295,2.35306924117602,0.288026091441302,0.130750587237806,0.125705045901891,0.00504554133591495,0.99749825015404,-0.00846122689818682
2.985,-1.31578833638342,2.20465711452145,0.330946190514377,2.35053417687784,0.288469448236682,0.0366590300269542,0.0321504189074608,0.00450861111949341,0.997478360746665,-0.00878448614126975
2.986,-1.31578319313103,2.18489683354958,0.328581305496167,2.34732901749915,0.288926585475215,0.0441122024504512,0.0401486845741052,0.00396351787634608,0.997456613223963,-0.00879689850765237
2.987,-1.31828499493338,2.17411303358021,0.32626201384064,2.34417911470728,0.289398691083021,0.0477783071668853,0.0443239953212044,0.0034543118456809,0.997434978766825,-0.00882585469041586
2.988,-1.33468806261882,2.21125551925483,0.323975888720408,2.34104449026564,0.289885817637896,0.0289765197071571,0.0259975781879578,0.00297894151919931,0.997413350546086,-0.0089478774959445
2.989,-1.34820904434173,2.23797891263953,0.321660303255243,2.33770315376176,0.290388081985276,0.0179869991724425,0.0154587373181595,0.00252826185428301,0.997391130208236,-0.00905101103451603
2.99,-1.34658018179299,2.21171116508288,0.319329593056128,2.33419985696594,0.290905953493906,0.0255988500818025,0.0234921535076536,0.00210669657414897,0.997368439312406,-0.00905262984846683
2.991,-1.36354647539892,2.24988886844783,0.317051823538718,2.33078078393947,0.291439836728171,0.0120442662743009,0.0103192940492718,0.0017249722250291,0.99734594149676,-0.00917911221717179
2.992,-1.3624725219502,2.22519801867748,0.314744432999337,2.32714235680177,0.29198975249913,0.0178829324861423,0.0165096614681373,0.001373271018005,0.997322819102881,-0.00918445761000803
2.993,-1.37468744430917,2.24652836135535,0.312487357062303,2.32358048269959,0.292556204261897,0.0105621023738996,0.00949963137622886,0.00106247099767076,0.99729987053108,-0.00927920976943774
2.994,-1.36228826279896,2.18286899240042,0.310222349919883,2.31987573478429,0.293139232019642,0.0310409970814345,0.0302538605994806,0.000787136481953943,0.99727650562489,-0.00920785703777686
2.995,-1.37268925681513,2.19811639653065,0.308054509529905,2.31643641178155,0.293739226280691,0.0232798390952618,0.0227226441682949,0.000557194926966931,0.997253821258692,-0.00929006159154029
2.996,-1.3838903025794,2.21573946451893,0.305885443585852,2.31288397427393,0.294355934298991,0.0157901621239683,0.0154258006934059,0.000364361430562399,0.997230802262843,-0.00937787482432032
2.997,-1.40851795572834,2.27847094180427,0.303712470719841,2.30920462330874,0.294989703940262,0.0017652739652522,0.00155502205190919,0.000210251913343007,0.997207412120319,-0.00955700577227653
2.998,-1.42320917394955,2.30679657194127,0.301480765426824,2.30517210752639,0.295640910386428,9.94105531719017e-05,4.37653896671526e-06,9.50340142051864e-05,0.997183038804866,-0.00966939262709725
2.999,-1.43157062842638,2.3129136691914,0.299233664998807,2.3009511943329,0.296310299617912,0.000263129511195122,0.000239112141243843,2.40173699512791e-05,0.997158130026901,-0.00973906852401682
3,-1.4334728924445,2.29664972856545,0.296998361066663,2.29664972856545,0.296998361066663,0,0,0,0.997132978052779,-0.00976482674079805
