index,t,objective,peak
1,0,0.308297278208935,0.510827471746798
2,0.005,0.305567494574314,0.514329963041852
3,0.01,0.304646377743833,0.517852497441992
4,0.015,0.301653909211562,0.521395154469099
5,0.02,0.300935796640331,0.524958247099635
6,0.025,0.297187163764513,0.528540741149027
7,0.03,0.295087725365044,0.532142467106431
8,0.035,0.297708687551895,0.520301920903462
9,0.04,0.308131330247645,0.502254994309393
10,0.045,0.302594710491967,0.505921630483557
11,0.05,0.300327976608033,0.509609208846332
12,0.055,0.294857028756816,0.513317303633875
13,0.06,0.294019153195733,0.517046583437496
14,0.065,0.289200987219709,0.520796220976876
15,0.07,0.289085581715947,0.52456641310468
16,0.075,0.284145328064765,0.528356404263566
17,0.08,0.283680384823974,0.532165882848094
18,0.085,0.278565607973845,0.535994986627586
19,0.09,0.276633465801693,0.539842486054058
20,0.095,0.271216698148527,0.543708966584376
21,0.1,0.269254545819499,0.547593899475431
22,0.105,0.26535197833908,0.551497930046611
23,0.11,0.264632220734375,0.555420677728652
24,0.115,0.261403219731598,0.559361751684503
25,0.12,0.261141249599018,0.563320989458972
26,0.125,0.257463430867983,0.567297848669232
27,0.13,0.255061995388512,0.57129105595042
28,0.135,0.249580050212052,0.575300675026366
29,0.14,0.296722886258244,0.481910754026172
30,0.145,0.292352796540884,0.485568566369897
31,0.15,0.292097332790907,0.489245667907069
32,0.155,0.288547288711689,0.492941046881296
33,0.16,0.287677911645602,0.496653842888091
34,0.165,0.284692951096364,0.500384602502982
35,0.17,0.284623370878392,0.504133216483442
36,0.175,0.281892379078913,0.507899330281839
37,0.18,0.281269399249857,0.511682302069239
38,0.185,0.277665242484899,0.515481847927216
39,0.19,0.276241681172623,0.519297635125796
40,0.195,0.272526969776625,0.523130012045342
41,0.2,0.269741726632467,0.526977842389433
42,0.205,0.266063129624756,0.530841603965211
43,0.21,0.263811908162334,0.534721282726624
44,0.215,0.259207540335142,0.53861606440163
45,0.22,0.282420284670737,0.49171872312837
46,0.225,0.279187397814386,0.495385979685942
47,0.23,0.274967269574818,0.499067995968154
48,0.235,0.270765484295703,0.502764654209646
49,0.24,0.334310797019287,0.40394309296361
50,0.245,0.331275087473432,0.407131022563982
51,0.25,0.328967054811093,0.410334785074997
52,0.255,0.326893445928032,0.413553811137492
53,0.26,0.324157223344792,0.416787565783825
54,0.265,0.322443570405964,0.420036175130306
55,0.27,0.320992609775531,0.423299895254178
56,0.275,0.319772532440875,0.426578454074388
57,0.28,0.317386273129782,0.429871019637872
58,0.285,0.315581875446968,0.433177748567939
59,0.29,0.312119657965954,0.436498336408043
60,0.295,0.308113514943839,0.439832160344547
61,0.3,0.352957794276444,0.381464617171761
62,0.305,0.349435489007675,0.384493504103523
63,0.31,0.345442802010726,0.387536389119122
64,0.315,0.341148107921002,0.390592655845147
65,0.32,0.3371045908098,0.393662348979091
66,0.325,0.334023363228536,0.39674563694181
67,0.33,0.330664829730479,0.399842240287889
68,0.335,0.32782365564965,0.402952042148149
69,0.34,0.323633266404146,0.406074660113435
70,0.345,0.37650849480153,0.347448867627025
71,0.35,0.377112903504309,0.345840146561974
72,0.355,0.3732142554322,0.348638197477982
73,0.36,0.370217507665735,0.351449407480429
74,0.365,0.366672143377677,0.354273456839362
75,0.37,0.364391997321425,0.357110373734665
76,0.375,0.361822555647173,0.35996017866381
77,0.38,0.359901130011328,0.362822585860196
78,0.385,0.357840332888212,0.365697690921792
79,0.39,0.355276622607692,0.368585054430878
80,0.395,0.351924856677564,0.371484445047242
81,0.4,0.348164158286086,0.374395714186936
82,0.405,0.344183702634615,0.377318858061182
83,0.41,0.369828945457248,0.349539492175285
84,0.415,0.366226617092088,0.352596414383976
85,0.42,0.36175767257628,0.355670112775124
86,0.425,0.360067427378446,0.358761015822773
87,0.43,0.356910458346239,0.361868851938387
88,0.435,0.356607849985953,0.364993848031854
89,0.44,0.354083378596222,0.368135679424539
90,0.445,0.354521895634193,0.371294532087967
91,0.45,0.352281727527907,0.374470278066239
92,0.455,0.352107097995439,0.377662341179203
93,0.46,0.349495115102867,0.380870819376059
94,0.465,0.349371236791991,0.384095633638617
95,0.47,0.347504774069174,0.38733722794155
96,0.475,0.346995945700358,0.390594831716785
97,0.48,0.344893184050896,0.39386851637085
98,0.485,0.344337115864114,0.397158380435485
99,0.49,0.340965994865787,0.40046375541384
100,0.495,0.339482905154809,0.403784522655906
101,0.5,0.337160207133709,0.407121403432948
102,0.505,0.335291150025629,0.410473501278773
103,0.51,0.333392104576695,0.413841305194495
104,0.515,0.331181187837129,0.417224210583894
105,0.52,0.329520025295373,0.420622493674556
106,0.525,0.327114321194559,0.424035746173355
107,0.53,0.325771968992624,0.427464086381349
108,0.535,0.323790542275332,0.430907506040681
109,0.54,0.321905617128467,0.434365579026263
110,0.545,0.318800488061347,0.43783794799346
111,0.55,0.316549215930269,0.441324681092667
112,0.555,0.313857995902367,0.44482581221037
113,0.56,0.312295346490329,0.4483413471104
114,0.565,0.30985071612694,0.451871079481573
115,0.57,0.30805599969651,0.455414729472875
116,0.575,0.30552253717718,0.458972235363468
117,0.58,0.303606874311425,0.462543477963231
118,0.585,0.300903555403526,0.466128141934706
119,0.59,0.300370078367442,0.469726723852605
120,0.595,0.298939649355438,0.47333932989465
121,0.6,0.298286761243994,0.476965161726943
122,0.605,0.296840468151568,0.480604409034438
123,0.61,0.29554032860277,0.484256588381769
124,0.615,0.293031625555534,0.487921354473273
125,0.62,0.291226637246841,0.491598720212878
126,0.625,0.28885465585343,0.495288694224352
127,0.63,0.287382115758142,0.498991237359581
128,0.635,0.28482704385713,0.502706071101384
129,0.64,0.282789056977866,0.506432807901492
130,0.645,0.280382142370199,0.510171707338382
131,0.65,0.277642910809981,0.51392214699341
132,0.655,0.274795768241988,0.517684196409766
133,0.66,0.271076222586787,0.521457418059585
134,0.665,0.267501813862256,0.525241653044074
135,0.67,0.263884648384984,0.529037018423539
136,0.675,0.259733889390828,0.532843079502568
137,0.68,0.255493769178226,0.536659648143822
138,0.685,0.25118971002964,0.540486668529091
139,0.69,0.246715327532573,0.544323921682555
140,0.695,0.247872324083771,0.535452820829324
141,0.7,0.287569516068422,0.456836716586353
142,0.705,0.306120260930048,0.426103138688918
143,0.71,0.302056491334281,0.429193150883656
144,0.715,0.297583499418847,0.432292463977043
145,0.72,0.315890582391183,0.404123989255838
146,0.725,0.329472393048525,0.384939674416258
147,0.73,0.32501638659561,0.387742127223527
148,0.735,0.3469182971368,0.361221632615157
149,0.74,0.344140044744338,0.363877965251638
150,0.745,0.341602486730348,0.366543445646794
151,0.75,0.339116601095565,0.369217763211055
152,0.755,0.335763129119848,0.371900807853367
153,0.76,0.341169924290599,0.363177656591517
154,0.765,0.350354642560596,0.352312473995572
155,0.77,0.345926718544995,0.354884647524095
156,0.775,0.342928918827215,0.357465410377573
157,0.78,0.33795899006494,0.360054475874904
158,0.785,0.353171125361593,0.343475617188056
159,0.79,0.349291995460133,0.346192288596206
160,0.795,0.346203201903776,0.3489209522414
161,0.8,0.342266621613607,0.351661420921858
162,0.805,0.339583823530942,0.354413818250067
163,0.81,0.335005723565344,0.357177851512446
164,0.815,0.331955397139674,0.359953484073648
165,0.82,0.327946903663021,0.362740849006729
166,0.825,0.32486834169277,0.365539719910111
167,0.83,0.321478289892173,0.368350179872964
168,0.835,0.319307616039539,0.371172293262783
169,0.84,0.316139385302642,0.374005811413095
170,0.845,0.315038936542211,0.37685099906356
171,0.85,0.31223832466535,0.379707630146235
172,0.855,0.311200410558414,0.382575680800585
173,0.86,0.308207514278688,0.38545495840812
174,0.865,0.30757304861921,0.388345643834039
175,0.87,0.304180118305457,0.391247457115164
176,0.875,0.302926936194372,0.394160213942906
177,0.88,0.299983004751873,0.397084175724558
178,0.885,0.298399192691342,0.40001901884337
179,0.89,0.295096998835328,0.402964709027231
180,0.895,0.293230584141814,0.405921161793381
181,0.9,0.289684912686173,0.408888298721222
182,0.905,0.287721238311264,0.41186604006492
183,0.91,0.284342856065132,0.41485442446836
184,0.915,0.282061083965694,0.417853182382644
185,0.92,0.279235349398062,0.420862487192793
186,0.925,0.277648020171181,0.423882257000482
187,0.93,0.275601309999594,0.426912632254535
188,0.935,0.273427751895093,0.429953155542741
189,0.94,0.270993590907592,0.433003771010301
190,0.945,0.269458320848633,0.436064731705499
191,0.95,0.266747621729339,0.439135687263272
192,0.955,0.264826834938323,0.442216524276644
193,0.96,0.26231215171265,0.445307361328468
194,0.965,0.259681625664952,0.448407901631069
195,0.97,0.255794391934812,0.451517809567362
196,0.975,0.253178315676966,0.454637271309219
197,0.98,0.249736881747588,0.457766305282833
198,0.985,0.24654758560677,0.460904605601769
199,0.99,0.242447189326066,0.464051992996929
200,0.995,0.239860866057347,0.467208685688839
201,1,0.236034566609136,0.470374474496575
202,1.005,0.233779600334316,0.473549353117449
203,1.01,0.229815330016946,0.476733212649383
204,1.015,0.226497806949765,0.47992561551472
205,1.02,0.22273208786848,0.483126869186989
206,1.025,0.218596599578592,0.48633651632398
207,1.03,0.214595916211884,0.489554586019758
208,1.035,0.210917998435011,0.492781137241658
209,1.04,0.206574697995778,0.496015929143576
210,1.045,0.269444325165513,0.374868578579376
211,1.05,0.435028464755475,0.230889770753124
212,1.055,0.448879366602799,0.223108157021887
213,1.06,0.491344187374582,0.203330828695155
214,1.065,0.564692344889522,0.176774075990276
215,1.07,0.560922124438896,0.178044952712816
216,1.075,0.679291258992818,0.146908015487472
217,1.08,0.676323859712553,0.14798980348981
218,1.085,0.672472008034446,0.149076381793003
219,1.09,0.669698139680365,0.150167689013181
220,1.095,0.666844076400383,0.151263780657071
221,1.1,0.664720113479411,0.152364656705005
222,1.105,0.660948263202645,0.153470258851573
223,1.11,0.657031280451648,0.154580511370649
224,1.115,0.653200289227674,0.155695488255748
225,1.12,0.671709275990543,0.151432819309553
226,1.125,0.809245619802198,0.125916269973928
227,1.13,0.805440093083326,0.126846585756882
228,1.135,0.80332156943481,0.127781233917055
229,1.14,0.801866099921974,0.128720260366922
230,1.145,0.80113456479677,0.1296636975387
231,1.15,0.79921603136449,0.13061146765342
232,1.155,0.797517037579084,0.131563538623743
233,1.16,0.795777484905947,0.132519956263157
234,1.165,0.795053817123243,0.13348074976466
235,1.17,0.794845150935622,0.134446036256068
236,1.175,0.794622025749758,0.135415797451922
237,1.18,0.794460041008995,0.136390008543974
238,1.185,0.794266342431774,0.137368717906517
239,1.19,0.794116058839927,0.138351885098934
240,1.195,0.793922615838145,0.139339518392151
241,1.2,0.793795110725038,0.1403316434098
242,1.205,0.793555053513083,0.141328249372253
243,1.21,0.793250876602496,0.14232944602974
244,1.215,0.793063917502084,0.143335169312337
245,1.22,0.79275780473834,0.144345440497496
246,1.225,0.792481584040285,0.145360283045214
247,1.23,0.79214483556332,0.14637970034777
248,1.235,0.791644120253311,0.147460130877733
249,1.24,0.79106210750742,0.148570035188753
250,1.245,0.790482258802309,0.149685980869721
251,1.25,0.789861003354745,0.150808018654155
252,1.255,0.789328329430736,0.151936139087397
253,1.26,0.788759449256558,0.153070346908859
254,1.265,0.788205231427586,0.154210616085948
255,1.27,0.787452045014427,0.155356967682466
256,1.275,0.786456521955959,0.156509331485967
257,1.28,0.785895342934223,0.157667820896813
258,1.285,0.784818477415945,0.158832458753896
259,1.29,0.783197055928979,0.160003083935273
260,1.295,0.781887383523959,0.161179815202962
261,1.3,0.779744011298287,0.162362599093199
262,1.305,0.778388659807808,0.163551484541806
263,1.31,0.77619972335741,0.164746494848967
264,1.315,0.774018783518594,0.165947564509343
265,1.32,0.77118431293414,0.167154736973558
266,1.325,0.767697516479817,0.168367928772793
267,1.33,0.765257435470652,0.169587238336164
268,1.335,0.76261796503368,0.170812707242884
269,1.34,0.760144283313336,0.172044311210987
270,1.345,0.757083087073344,0.173282029666111
271,1.35,0.754730038804528,0.174525914241188
272,1.355,0.751152981819491,0.17577593685644
273,1.36,0.747344925020231,0.177032053696166
274,1.365,0.742035746357701,0.178294220935733
275,1.37,0.73797756464902,0.179562492498021
276,1.375,0.733476365222474,0.180836899375607
277,1.38,0.730842298740149,0.182117518510806
278,1.385,0.726709741837248,0.183404290394913
279,1.39,0.725780808629427,0.184697324762594
280,1.395,0.723854116096919,0.185996762038304
281,1.4,0.723312033587331,0.187302506790117
282,1.405,0.721497941668909,0.18861458706855
283,1.41,0.721059372267721,0.189933041773248
284,1.415,0.718651359448992,0.191257788215653
285,1.42,0.71761469174422,0.192588858844547
286,1.425,0.713665407199245,0.193926163064543
287,1.43,0.710966431540078,0.195269651328231
288,1.435,0.706643800637331,0.19661941434709
289,1.44,0.702689018334014,0.197975343722127
290,1.445,0.698614461242738,0.19933752500453
291,1.45,0.69570349871342,0.200705993938543
292,1.455,0.692959042182187,0.202080803145991
293,1.46,0.690998328356898,0.203461982788997
294,1.465,0.68839346687904,0.204849494047769
295,1.47,0.686751532460714,0.20624338002461
296,1.475,0.684492214453501,0.20764364039048
297,1.48,0.68377874023806,0.209050350399326
298,1.485,0.682644984555674,0.210463606663165
299,1.49,0.682441120892671,0.211883393981667
300,1.495,0.681703073571943,0.213309786063794
301,1.5,0.681625814936006,0.214742766272446
302,1.505,0.680926453493293,0.21618235875756
303,1.51,0.680744336708584,0.217628544571929
304,1.515,0.679913371242965,0.219081297121653
305,1.52,0.679906340996305,0.220540728986352
306,1.525,0.678895722592609,0.222006753710418
307,1.53,0.678701313923269,0.223479363679734
308,1.535,0.677888423420698,0.224958649713639
309,1.54,0.677793423097589,0.226444599785606
310,1.545,0.677061911942446,0.227937249843836
311,1.55,0.676961298998102,0.229436582638038
312,1.555,0.676206394610443,0.230942643957661
313,1.56,0.675745936276617,0.232455325430758
314,1.565,0.674912522898496,0.233974686437971
315,1.57,0.674528924830283,0.235500746473614
316,1.575,0.673831882457564,0.237033535922959
317,1.58,0.673577904819171,0.238573068326935
318,1.585,0.673080232070911,0.240119396858759
319,1.59,0.672915612606348,0.241672543304391
320,1.595,0.672268512685295,0.243232444405176
321,1.6,0.671982359437594,0.244799109185383
322,1.605,0.671314901443262,0.246372560717503
323,1.61,0.670957623998638,0.247952799481972
324,1.615,0.670151929864848,0.249539786450281
325,1.62,0.670017592212099,0.25113361652245
326,1.625,0.669397756253163,0.25273431295435
327,1.63,0.669215009505142,0.254341856521117
328,1.635,0.668361961843289,0.255956184582219
329,1.64,0.668206705711157,0.257577349603633
330,1.645,0.66760461563871,0.259205412957155
331,1.65,0.667722946668025,0.260840455062553
332,1.655,0.667200112185284,0.262482500501109
333,1.66,0.6671818243902,0.264131424175833
334,1.665,0.666371348405485,0.265787282437149
335,1.67,0.66533558203398,0.267449805139605
336,1.675,0.664271726561107,0.269119110418848
337,1.68,0.663422351010096,0.270795259198412
338,1.685,0.662164461881962,0.272478180397614
339,1.69,0.661285755711981,0.274167888908392
340,1.695,0.66049498644982,0.275864462811992
341,1.7,0.660214839594375,0.277567998967342
342,1.705,0.659625017812098,0.279278455227026
343,1.71,0.659488872740653,0.280995887258465
344,1.715,0.658855416005849,0.282720247515575
345,1.72,0.658662844644851,0.284451538611501
346,1.725,0.658080050688231,0.286189776689246
347,1.73,0.658110922338291,0.287935043661659
348,1.735,0.657676522248404,0.289687389056404
349,1.74,0.657632834568616,0.291446723302042
350,1.745,0.657118373170507,0.293213050053749
351,1.75,0.657055085252639,0.294986382396068
352,1.755,0.65656169282405,0.296766734288031
353,1.76,0.656483531921248,0.298554123848265
354,1.765,0.655867112163243,0.300348458654155
355,1.77,0.655997928583645,0.302149918660137
356,1.775,0.655404792076627,0.303958391109407
357,1.78,0.655702410227426,0.305774059940439
358,1.785,0.655158828333491,0.307596862649654
359,1.79,0.655449171250361,0.30942691314798
360,1.795,0.6548326181122,0.311264260727717
361,1.8,0.655065538250179,0.313108926188009
362,1.805,0.654479284044647,0.314960869600351
363,1.81,0.654688037231381,0.316820136736191
364,1.815,0.654052968434905,0.318686756032427
365,1.82,0.654224215779359,0.320560744885168
366,1.825,0.653586702355594,0.322442118277606
367,1.83,0.653806390413528,0.324330840933606
368,1.835,0.653108288394593,0.326226982802042
369,1.84,0.653290632777615,0.328130563281237
370,1.845,0.652643406236975,0.330041532689664
371,1.85,0.652741118566816,0.331959989304996
372,1.855,0.652103192673343,0.333885889909154
373,1.86,0.652143849369758,0.335819299157899
374,1.865,0.651564193112173,0.337760192111216
375,1.87,0.651710124186941,0.339708504874809
376,1.875,0.650975791910147,0.341664367880252
377,1.88,0.650892716465389,0.34362782795123
378,1.885,0.649994357217316,0.345598934382936
379,1.89,0.649991060684243,0.347577634130239
380,1.895,0.649037453959503,0.349563971339706
381,1.9,0.648768953876198,0.351558018543059
382,1.905,0.647549173836437,0.353559848468723
383,1.91,0.647364793412558,0.355569398444318
384,1.915,0.646042538955389,0.357586745438831
385,1.92,0.645879145989182,0.359611883000619
386,1.925,0.644644375124901,0.361644791341883
387,1.93,0.644221219649058,0.363685548778224
388,1.935,0.6425130915755,0.365734265776317
389,1.94,0.642011113780744,0.367790922268688
390,1.945,0.640166082467034,0.369855544456427
391,1.95,0.639175793622022,0.371928251319273
392,1.955,0.637065802709619,0.374009039945093
393,1.96,0.635554299885834,0.376098035671331
394,1.965,0.633552754261307,0.378195205287275
395,1.97,0.63237044448076,0.380300531183566
396,1.975,0.630637433013424,0.382414001241428
397,1.98,0.629541452606959,0.384535633424048
398,1.985,0.627906952252069,0.386665456508227
399,1.99,0.627279653806004,0.388803372217346
400,1.995,0.62578998285152,0.390949430804204
401,2,0.625247795661969,0.393103594334103
402,2.005,0.623443380874192,0.395265997973976
403,2.01,0.623020287438903,0.397436581273169
404,2.015,0.62121969154674,0.399615356083843
405,2.02,0.620433195644236,0.401802454044418
406,2.025,0.618809549912656,0.403997792139516
407,2.03,0.618035009636665,0.406201422973112
408,2.035,0.616399526999229,0.40841335038411
409,2.04,0.615585295710887,0.410633623192225
410,2.045,0.614185843241882,0.412862177224818
411,2.05,0.613319656554968,0.415099065914116
412,2.055,0.611703575161544,0.417344351837994
413,2.06,0.61083590055297,0.41959804250285
414,2.065,0.609455370995059,0.42186009342985
415,2.07,0.608618736599038,0.424130524870538
416,2.075,0.606875605729441,0.426409420114491
417,2.08,0.605376991636503,0.428696904220672
418,2.085,0.603082346996223,0.430993040919993
419,2.09,0.601126024706177,0.433297916802211
420,2.095,0.598841813537274,0.435611531518477
421,2.1,0.597159820919182,0.437933869908726
422,2.105,0.595117757090252,0.4402649004595
423,2.11,0.593181851035812,0.442604718824489
424,2.115,0.590945169652011,0.444953344848317
425,2.12,0.588683826401949,0.44731085952514
426,2.125,0.586309095980936,0.449677287581515
427,2.13,0.583993597453351,0.452052662608483
428,2.135,0.58161031014078,0.454436994045015
429,2.14,0.579197470077234,0.456830353169576
430,2.145,0.577178080441098,0.45923265544071
431,2.15,0.574527270953309,0.461644003246464
432,2.155,0.572185720590832,0.46406443545235
433,2.16,0.569060942585073,0.466494062580422
434,2.165,0.56668092212446,0.468932879911313
435,2.17,0.563438017742557,0.471380949499345
436,2.175,0.561090013657489,0.473838266554656
437,2.18,0.557458904749518,0.476304914545546
438,2.185,0.5544624441184,0.478781002724659
439,2.19,0.550242912111088,0.481266612264233
440,2.195,0.546716842942568,0.483761863433668
441,2.2,0.542786718054615,0.486266717437107
442,2.205,0.539136721096362,0.488781229113116
443,2.21,0.53494732022456,0.491305472804938
444,2.215,0.531277056208741,0.493839456107216
445,2.22,0.526542096326547,0.496383290978829
446,2.225,0.522517073492979,0.498937057094994
447,2.23,0.517966877028954,0.501500781017957
448,2.235,0.514546311466874,0.504074396134327
449,2.24,0.510003434676268,0.506657944467996
450,2.245,0.506375712123247,0.509251476857365
451,2.25,0.501456461823173,0.511855080257849
452,2.255,0.497609471962948,0.514468814345589
453,2.26,0.492774492880612,0.517092732047441
454,2.265,0.489677768760011,0.519726732420403
455,2.27,0.484865109737209,0.522370863344533
456,2.275,0.481742481052422,0.525025165294885
457,2.28,0.476981475321843,0.527689642504861
458,2.285,0.473454444634245,0.530364404137313
459,2.29,0.468588082233317,0.533049484888564
460,2.295,0.464990520932961,0.535744944971496
461,2.3,0.460374089543229,0.538450775336336
462,2.305,0.456820262238023,0.541166998809964
463,2.31,0.452052007935451,0.543893694667242
464,2.315,0.448837409655605,0.546630834292134
465,2.32,0.44424787117546,0.549378432415912
466,2.325,0.441190605149259,0.552136514017498
467,2.33,0.436926089493088,0.554905039467968
468,2.335,0.43378128399268,0.557684086189187
469,2.34,0.429733866640212,0.560473637499571
470,2.345,0.426755351692111,0.563273711330597
471,2.35,0.423000213851292,0.56608430976025
472,2.355,0.420547306086988,0.568905347955253
473,2.36,0.416703813754942,0.571736889096711
474,2.365,0.413917559061673,0.574579033751389
475,2.37,0.410153184495031,0.577431783002072
476,2.375,0.407487591328764,0.580295140928081
477,2.38,0.403562499555005,0.583169169903193
478,2.385,0.400603730174103,0.586053946079574
479,2.39,0.396425117010159,0.588949543702874
480,2.395,0.393454197857963,0.591856000046876
481,2.4,0.389436948690846,0.594773302468863
482,2.405,0.38630696954703,0.597701522780364
483,2.41,0.381974994108233,0.600640721262559
484,2.415,0.378235806703605,0.603591053848913
485,2.42,0.373864618660143,0.606552555242558
486,2.425,0.370289924421652,0.609525213708564
487,2.43,0.365669334903656,0.612509124802475
488,2.435,0.362004210195498,0.615504331982865
489,2.44,0.357363939238275,0.618510883753223
490,2.445,0.353821009662037,0.621528793456477
491,2.45,0.349127988305712,0.624558087562644
492,2.455,0.344985988206659,0.627598905438852
493,2.46,0.339723347118388,0.630651384264463
494,2.465,0.338813815079956,0.627415844494674
495,2.47,0.345424291682923,0.608903667233463
496,2.475,0.350575614370802,0.595581874280055
497,2.48,0.371938995004103,0.555844340614132
498,2.485,0.368043740912523,0.558563831961533
499,2.49,0.362624706895097,0.561293848391508
500,2.495,0.400899814647853,0.504820309151091
501,2.5,0.395922406546712,0.507305447337388
502,2.505,0.391929667346392,0.509800274641913
503,2.51,0.386669479365827,0.512304866017736
504,2.515,0.407681786829043,0.483125085615062
505,2.52,0.402498810088429,0.485507116569274
506,2.525,0.421024804620162,0.461570057619537
507,2.53,0.421752532608797,0.457546980093584
508,2.535,0.417814664587459,0.459812680054511
509,2.54,0.412829644815811,0.462087369545151
510,2.545,0.418602230326077,0.453195104154347
511,2.55,0.413676694713893,0.45544038395734
512,2.555,0.409484848981803,0.457694629656103
513,2.56,0.418874449035688,0.444073440189152
514,2.565,0.414909161918137,0.446277990045681
515,2.57,0.409963584751879,0.448491406186113
516,2.575,0.406119229329948,0.45071369249071
517,2.58,0.402567188929662,0.450815643747754
518,2.585,0.40533940275217,0.445553017050742
519,2.59,0.399928526495231,0.447761915749999
520,2.595,0.40022936672927,0.44518350874352
521,2.6,0.395042760249059,0.447396158584055
522,2.605,0.391567505605862,0.449617768832469
523,2.61,0.386517105865283,0.451848393209125
524,2.615,0.383351078421678,0.454088009752796
525,2.62,0.378172834646177,0.45633667850287
526,2.625,0.374544629462405,0.458594473774207
527,2.63,0.381311429114297,0.445879363479164
528,2.635,0.384611461506796,0.440038141185219
529,2.64,0.390937769621314,0.428778945648743
530,2.645,0.387822767058388,0.430913549668301
531,2.65,0.389065516198862,0.425063247674222
532,2.655,0.386493922799314,0.427182708642111
533,2.66,0.380420270460802,0.429310926632644
534,2.665,0.415780996217546,0.39168380405717
535,2.67,0.409876995996214,0.393657296530891
536,2.675,0.406999412774901,0.395639133741674
537,2.68,0.400972879991301,0.397629370204115
538,2.685,0.398059993399691,0.399628050953326
539,2.69,0.392375166377145,0.40163513784513
540,2.695,0.409769394409018,0.383209118129034
541,2.7,0.404311227616543,0.385156892787
542,2.705,0.401561609306655,0.387113029208491
543,2.71,0.396302000879758,0.389077597927979
544,2.715,0.394284077671515,0.391050539953608
545,2.72,0.389466224891715,0.393031854199164
546,2.725,0.387108849130198,0.395021651952327
547,2.73,0.382238758750823,0.397019918589478
548,2.735,0.379340880851123,0.399026762678243
549,2.74,0.374149463796804,0.401042228493312
550,2.745,0.371428545467881,0.40306631601662
551,2.75,0.366545391652351,0.405099041954086
552,2.755,0.364115454742752,0.407140395113462
553,2.76,0.358891876032576,0.409190478685027
554,2.765,0.356348101619669,0.411249314497294
555,2.77,0.350946682983449,0.413316919143233
556,2.775,0.369964204893451,0.390063199195242
557,2.78,0.374482522908221,0.381468234236512
558,2.785,0.370902595016042,0.383405930232875
559,2.79,0.385175188355925,0.365488689818169
560,2.795,0.381993686122442,0.367357958911518
561,2.8,0.376401272482537,0.369235538687979
562,2.805,0.415997297121843,0.332763408912449
563,2.81,0.422154998038518,0.325219490659328
564,2.815,0.418807376104043,0.326927239124895
565,2.82,0.413586232059863,0.32864297208399
566,2.825,0.410912453555272,0.330366676176497
567,2.83,0.405838799704942,0.33209837902968
568,2.835,0.402485961753165,0.333838213804134
569,2.84,0.397786705748672,0.335586127208799
570,2.845,0.394618328687384,0.337342163441317
571,2.85,0.389928540795754,0.339106380456092
572,2.855,0.387263282059528,0.340878729905449
573,2.86,0.382285565013334,0.342659328113878
574,2.865,0.379663435184089,0.344448174957364
575,2.87,0.374836247680361,0.346245299014979
576,2.875,0.372333357576468,0.348050734663138
577,2.88,0.367766391797614,0.349864491416511
578,2.885,0.365653312436712,0.351686601097934
579,2.89,0.362090104736891,0.353516972005957
580,2.895,0.36012358481486,0.355355668670047
581,2.9,0.35590121534381,0.357202836180314
582,2.905,0.35404600303749,0.359058419837309
583,2.91,0.349535024502566,0.360922495210306
584,2.915,0.346798858788663,0.362795192167188
585,2.92,0.341714097359238,0.364676521440412
586,2.925,0.367425563039876,0.337283094149322
587,2.93,0.362659517168523,0.339056549492305
588,2.935,0.359471354123,0.340838392920508
589,2.94,0.354881139037084,0.342628639737887
590,2.945,0.350611711175197,0.344427467717905
591,2.95,0.347508406919915,0.344441781774825
592,2.955,0.350305617368798,0.339617432768984
593,2.96,0.346572436295114,0.341408232134178
594,2.965,0.342422718728149,0.343207622269083
595,2.97,0.338543100694653,0.345015590839247
596,2.975,0.340425187610368,0.339803710322112
597,2.98,0.344456487918126,0.333906700886224
598,2.985,0.340584335555106,0.33570763222591
599,2.99,0.336889000931327,0.337517488952477
600,2.995,0.332716109917896,0.339336329767852
601,3,0.32888632997634,0.341164214776307
602,3.005,0.325450057005831,0.343001103520954
603,3.01,0.32245685972684,0.344846964401275
604,3.015,0.318987697412593,0.346701916595207
605,3.02,0.316325798994785,0.348565945933065
606,3.025,0.313515942555917,0.350439034243235
607,3.03,0.311403497625282,0.352321191387163
608,3.035,0.308988017666589,0.354212441909992
609,3.04,0.307264650537997,0.356112782029313
610,3.045,0.304914584745329,0.358022258029701
611,3.05,0.303081570412859,0.359940978291822
612,3.055,0.301634304753587,0.361868760814529
613,3.06,0.300200674228872,0.363805657215841
614,3.065,0.298354382999324,0.365751835929116
615,3.07,0.296718076134779,0.367707300782958
616,3.075,0.294853995410999,0.369672079796315
617,3.08,0.293353509172003,0.371646191385445
618,3.085,0.291783680206058,0.373629609495374
619,3.09,0.290178335375132,0.375622406185316
620,3.095,0.28800412543331,0.377624741319499
621,3.1,0.28612965525745,0.379636599632599
622,3.105,0.283829960533843,0.381658073240203
623,3.11,0.282461672015907,0.383689007014785
624,3.115,0.279588406006347,0.385729660104742
625,3.12,0.277916668606909,0.387780057001594
626,3.125,0.275603152022861,0.389840079062088
627,3.13,0.274132051951328,0.39190982309096
628,3.135,0.271732612911874,0.39398928179044
629,3.14,0.269228744020302,0.396078732857576
630,3.145,0.266557271419352,0.398178109792272
631,3.15,0.263844176824311,0.400287471868975
632,3.155,0.260378424211289,0.402406939403363
633,3.16,0.256506041237037,0.404536696761449
634,3.165,0.253082605307103,0.406676657626684
635,3.17,0.248854315869884,0.408826915402444
636,3.175,0.266030589468228,0.377510436267967
637,3.18,0.299116994165154,0.332302779449182
638,3.185,0.297634199494302,0.330727783742897
639,3.19,0.350958460465525,0.278037429797698
640,3.195,0.34706672256091,0.279647206797447
641,3.2,0.343268039264914,0.281265997945303
642,3.205,0.340341127383832,0.282893826483516
643,3.21,0.337580410940246,0.284530682488822
644,3.215,0.335532984148793,0.286176560060252
645,3.22,0.333102089258512,0.287831538371601
646,3.225,0.331203752139085,0.28949561949631
647,3.23,0.328013209004931,0.291168979215704
648,3.235,0.325315870978475,0.292851681532052
649,3.24,0.321528637522004,0.294543787301649
650,3.245,0.318488257218237,0.296245367518823
651,3.25,0.315096664487616,0.297956392194776
652,3.255,0.312296899093806,0.299676938017869
653,3.26,0.309548518129693,0.301406995967045
654,3.265,0.307673069657143,0.303146522764597
655,3.27,0.305271539552782,0.304895607790688
656,3.275,0.303486224160483,0.306654276104848
657,3.28,0.300698804521731,0.308422661744092
658,3.285,0.298857482575813,0.31020077913363
659,3.29,0.296340243836317,0.311988622489119
660,3.295,0.294400228948284,0.313786284745432
661,3.3,0.291426400966213,0.315593844808503
662,3.305,0.288711512892804,0.317411445618104
663,3.31,0.285779812554062,0.319239058671632
664,3.315,0.283568614647563,0.321076696400244
665,3.32,0.281291441945566,0.322924328719855
666,3.325,0.27912912005585,0.324782080489874
667,3.33,0.276830715801315,0.326649970768283
668,3.335,0.274404122374573,0.32852812172349
669,3.34,0.272109164526303,0.330416500217872
670,3.345,0.269170165970401,0.332315310391118
671,3.35,0.267286715703959,0.334224419919983
672,3.355,0.264078105211189,0.336143998761173
673,3.36,0.261665620102066,0.338074142545861
674,3.365,0.258462541828755,0.34001486848252
675,3.37,0.256558498436508,0.341966141846874
676,3.375,0.25352249571387,0.343928055011229
677,3.38,0.251658845587794,0.345900650182597
678,3.385,0.248372540767081,0.347884009176737
679,3.39,0.245830584790173,0.349878271963903
680,3.395,0.241949309491767,0.351883494483784
681,3.4,0.238755721516387,0.353899793910505
682,3.405,0.234497188626134,0.35592719416009
683,3.41,0.23056672750844,0.357965855644746
684,3.415,0.22625327227914,0.360015783432196
685,3.42,0.222558978061515,0.362076991304412
686,3.425,0.21789594446275,0.364149638636213
687,3.43,0.214224034121841,0.366233712522126
688,3.435,0.219798608813131,0.350551059831355
689,3.44,0.216172784789965,0.352580780883942
690,3.445,0.22087251627898,0.338858785985737
691,3.45,0.217820255535942,0.340845683925435
692,3.455,0.213286026608169,0.342843913645551
693,3.46,0.210073783730125,0.344853626495792
694,3.465,0.205118946334467,0.346874933791906
695,3.47,0.202009691292427,0.348907823627799
696,3.475,0.196754575246965,0.350952455614942
697,3.48,0.193938381401928,0.353008806018802
698,3.485,0.188669852500606,0.355076967836709
699,3.49,0.221557717027349,0.299095080573883
700,3.495,0.219684411442775,0.296627005437339
701,3.5,0.217023622644607,0.298454048285166
702,3.505,0.212284001296006,0.300292423771577
703,3.51,0.209861861323708,0.302142158867588
704,3.515,0.204892923188091,0.304003415496898
705,3.52,0.203117993846989,0.305876132005791
706,3.525,0.198286243189041,0.307760401767679
707,3.53,0.195527555786378,0.309656452026243
708,3.535,0.190263661151216,0.311564290327664
709,3.54,0.236295881157946,0.248561027651578
710,3.545,0.235513600714596,0.245606167215054
711,3.55,0.247360785321939,0.232226653272471
712,3.555,0.251104407245249,0.225615004384015
713,3.56,0.311146392461784,0.181241777053711
714,3.565,0.33111741969746,0.168899307777306
715,3.57,0.359670178526357,0.155268330884188
716,3.575,0.379146183121403,0.146388603257508
717,3.58,0.391065942759995,0.141955750216632
718,3.585,0.451171249692546,0.122505385163947
719,3.59,0.449842837273832,0.123471161876375
720,3.595,0.44563183620087,0.12444526678396
721,3.6,0.444687656388692,0.125427813647531
722,3.605,0.440873027066855,0.126418804663687
723,3.61,0.439872672417981,0.127418412157986
724,3.615,0.436379163569837,0.128426589410998
725,3.62,0.435498463580788,0.129443421717603
726,3.625,0.431973832466733,0.130468958191718
727,3.63,0.431094809088485,0.131503293613224
728,3.635,0.4276754041372,0.132546545630217
729,3.64,0.426838056076687,0.133598784761105
730,3.645,0.423403732435489,0.134660094819601
731,3.65,0.422437967912409,0.135730590520902
732,3.655,0.418957512880261,0.136810328665059
733,3.66,0.418056439834512,0.137899366931316
734,3.665,0.414684382613223,0.13899775930091
735,3.67,0.41375013410727,0.140105628913377
736,3.675,0.410206937404442,0.14122303328674
737,3.68,0.408481247504066,0.142350192155158
738,3.685,0.404667119437336,0.143487117821199
739,3.69,0.403047678790861,0.144633874263548
740,3.695,0.399547779257205,0.145790533349635
741,3.7,0.398548331309783,0.146957105616728
742,3.705,0.395447856670746,0.148133627666921
743,3.71,0.394395196148584,0.149320306099137
744,3.715,0.391256572607604,0.150517171064416
745,3.72,0.389872025561605,0.151724381371524
746,3.725,0.386285632449211,0.152942043230329
747,3.73,0.384660205420864,0.154170226274958
748,3.735,0.380904597056619,0.155409009988789
749,3.74,0.378945459993964,0.156658538855492
750,3.745,0.37560003808353,0.157918797576828
751,3.75,0.373715236908639,0.159189940185503
752,3.755,0.37059772289012,0.160472000865465
753,3.76,0.368531057747715,0.161765127477849
754,3.765,0.36485609644723,0.163069433459478
755,3.77,0.361888011479375,0.164385090979968
756,3.775,0.358385027154614,0.165712094278913
757,3.78,0.355811299590759,0.16705055256256
758,3.785,0.353274898783702,0.168400465222543
759,3.79,0.351331610471691,0.169761881286225
760,3.795,0.348440165773963,0.171135081768359
761,3.8,0.346679734793456,0.172520004967658
762,3.805,0.343395229175506,0.173916895348674
763,3.81,0.341800411276904,0.175325771606386
764,3.815,0.339233314650482,0.176746594581583
765,3.82,0.337722771696152,0.178179595404013
766,3.825,0.335417582392024,0.179624784769005
767,3.83,0.334252459541442,0.181082161055965
768,3.835,0.332059911826597,0.182551836913409
769,3.84,0.330911646325312,0.184033928612714
770,3.845,0.328693698297864,0.18552852673877
771,3.85,0.3274406273042,0.187035622735829
772,3.855,0.325354542804304,0.188555470021063
773,3.86,0.324172438961102,0.190088215610258
774,3.865,0.322111330074019,0.191633857687023
775,3.87,0.320905521897528,0.193192564715225
776,3.875,0.318875648409133,0.194764382334164
777,3.88,0.317710694957504,0.196349299763528
778,3.885,0.315654156531495,0.197947410430922
779,3.89,0.314514533578284,0.199558879857452
780,3.895,0.312477801382072,0.201183769883842
781,3.9,0.311393174643317,0.202822362033826
782,3.905,0.309397737365028,0.204474576174255
783,3.91,0.308178818187243,0.206140650387739
784,3.915,0.305763872479557,0.207820777105576
785,3.92,0.304089298156263,0.209515042370577
786,3.925,0.301132499697884,0.211223566191902
787,3.93,0.298419961982663,0.212946538822934
788,3.935,0.293982801635517,0.214684153283628
789,3.94,0.29965447754299,0.209821054844005
790,3.945,0.296027826743364,0.211534415549128
791,3.95,0.292741645081475,0.213262313596309
792,3.955,0.289157312128466,0.215004903392185
793,3.96,0.286862815005186,0.216762137771698
794,3.965,0.283806523877907,0.218534174753031
795,3.97,0.281570537354892,0.220321167979561
796,3.975,0.27839676981335,0.22212321577839
797,3.98,0.275334756174805,0.223940570104378
798,3.985,0.271347899855851,0.225773328806245
799,3.99,0.272124184696454,0.223582659420619
800,3.995,0.275543704384298,0.219364953351445
801,4,0.272008794545,0.22118721496612
802,4.005,0.267688492907661,0.223025194087149
803,4.01,0.335516718102987,0.177064942509953
804,4.015,0.393028680106069,0.150821951854006
805,4.02,0.404096744244343,0.146610570653746
806,4.025,0.41653752482902,0.142170303854476
807,4.03,0.413355260424592,0.143564558023849
808,4.035,0.409970412979581,0.144973034088332
809,4.04,0.407043441002773,0.146395901524065
810,4.045,0.403475314068454,0.14783335106172
811,4.05,0.400448101501561,0.149285526586047
812,4.055,0.397229026323901,0.150752446766044
813,4.06,0.393889922072803,0.152234395353563
814,4.065,0.390437736761641,0.153731481024418
815,4.07,0.387118929771202,0.155243820184999
816,4.075,0.383832372413495,0.156771555714455
817,4.08,0.381152100339039,0.158314728883817
818,4.085,0.378465124301801,0.159873421072472
819,4.09,0.376063609226481,0.161447731002782
820,4.095,0.373351493106361,0.163037741550541
821,4.1,0.370904580338691,0.164643617724886
822,4.105,0.368378027139781,0.166265636446427
823,4.11,0.366017414321679,0.167903873556964
824,4.115,0.363379259411918,0.169558408841543
825,4.12,0.360465377205421,0.171229217450652
826,4.125,0.357055909987371,0.172916429210397
827,4.13,0.353473421086939,0.174620154995596
828,4.135,0.349765249809018,0.176340603734659
829,4.14,0.349328409962583,0.17600217452302
830,4.145,0.423071512308881,0.145238922798106
831,4.15,0.467572313876614,0.13151991850915
832,4.155,0.463998774724926,0.13291119904363
833,4.16,0.46020375317087,0.134317742993619
834,4.165,0.456746033748562,0.135739613632925
835,4.17,0.453117111822652,0.137176994577381
836,4.175,0.449841751389202,0.138630010018078
837,4.18,0.446649190242023,0.140099004771625
838,4.185,0.443501651945477,0.141583945415019
839,4.19,0.440346589079808,0.143085115279434
840,4.195,0.437229315509914,0.144602533814707
841,4.2,0.43373219864815,0.1461365446708
842,4.205,0.430037584600365,0.147687372056897
843,4.21,0.427036496287248,0.149254902917324
844,4.215,0.423303256022377,0.150839458231512
845,4.22,0.420166582502316,0.152441209597106
846,4.225,0.416779769876125,0.154060196591361
847,4.23,0.413821514638329,0.155696634042957
848,4.235,0.410613973849438,0.15735065534181
849,4.24,0.407845139313728,0.159022386034766
850,4.245,0.404694563076307,0.160712060903873
851,4.25,0.402134101860936,0.162419681101525
852,4.255,0.398938787603808,0.164145600000639
853,4.26,0.396367348528579,0.165889941700052
854,4.265,0.393281012895983,0.167652762229041
855,4.27,0.390504772277178,0.169434423422361
856,4.275,0.387285954655802,0.171234998681603
857,4.28,0.38408894785874,0.173054757970504
858,4.285,0.380298897038938,0.174893888523766
859,4.29,0.376379632123053,0.176752590442601
860,4.295,0.396245181804534,0.167636761956589
861,4.3,0.394332531210737,0.168558797984336
862,4.305,0.402564716955161,0.164904634026544
863,4.31,0.40810671003383,0.162902879277967
864,4.315,0.403807154794293,0.164709647809083
865,4.32,0.400056304324635,0.166536321550032
866,4.325,0.395537797160874,0.168383133113877
867,4.33,0.391635333948917,0.170250244169994
868,4.335,0.410816748736563,0.162195226191805
869,4.34,0.40854477951384,0.163798397859277
870,4.345,0.404852245974754,0.165418536306635
871,4.35,0.402133464548696,0.167056000839322
872,4.355,0.398531133547189,0.168710890206297
873,4.36,0.396831028506948,0.170383142009392
874,4.365,0.393742800082635,0.17207287149254
875,4.37,0.392039650903658,0.173780350446164
876,4.375,0.388647559146806,0.175505630655335
877,4.38,0.386665222551864,0.177248915079512
878,4.385,0.382952600900209,0.179010415196944
879,4.39,0.379902427229581,0.180790075421842
880,4.395,0.376094551361391,0.182588194576436
881,4.4,0.374389616245563,0.184405211721722
882,4.405,0.371495826836657,0.18624138764471
883,4.41,0.369892417516813,0.18809660106418
884,4.415,0.367127808487884,0.18997130647751
885,4.42,0.365435506119833,0.191865295756956
886,4.425,0.362826521489581,0.19377903597358
887,4.43,0.361229975105466,0.195712816720828
888,4.435,0.35867293330421,0.197666617396157
889,4.44,0.357016809994905,0.199640767532326
890,4.445,0.354293186798913,0.201634991014637
891,4.45,0.352473331693692,0.203649643454543
892,4.455,0.349932611212837,0.205685041634959
893,4.46,0.348364158340372,0.207741451890735
894,4.465,0.345821641597778,0.209818887252972
895,4.47,0.344129577754251,0.211917555854553
896,4.475,0.341242981482748,0.214037443377654
897,4.48,0.339696117718117,0.216178983640771
898,4.485,0.336671839618249,0.218342215499287
899,4.49,0.334669858990263,0.220527211038041
900,4.495,0.331435987916736,0.22273419590681
901,4.5,0.329634181131852,0.224963431372152
902,4.505,0.326727871277284,0.227215132886004
903,4.51,0.325096851648547,0.229489460184991
904,4.515,0.322282240742277,0.231786515240131
905,4.52,0.321242161207883,0.234106774067177
906,4.525,0.318717568206914,0.236450399223985
907,4.53,0.317456130194639,0.238817224278598
908,4.535,0.314520436382629,0.241207425107061
909,4.54,0.312927947123738,0.243621129735062
910,4.545,0.31039519557654,0.246058816775016
911,4.55,0.308962900068053,0.248520576870951
912,4.555,0.306138241264533,0.251006385632358
913,4.56,0.304543587948325,0.253516494501352
914,4.565,0.301404849499024,0.256051064672309
915,4.57,0.298979302350594,0.258609976098738
916,4.575,0.296002416803464,0.261193749991308
917,4.58,0.293638907250179,0.263802380653959
918,4.585,0.291098579539633,0.266436288508767
919,4.59,0.288322148145789,0.269095283242527
920,4.595,0.285553577742901,0.271779634171271
921,4.6,0.282768784320931,0.27448952315529
922,4.605,0.279691278307433,0.277225083128291
923,4.61,0.275659109195088,0.279986175835797
924,4.615,0.279760139871276,0.274571151605167
925,4.62,0.2759073990775,0.277323281631128
926,4.625,0.272636690540828,0.280101623578837
927,4.63,0.283028269052247,0.267985876471892
928,4.635,0.280029520547483,0.27071620383981
929,4.64,0.275889238798002,0.273472873229933
930,4.645,0.290929082416035,0.258653600010648
931,4.65,0.28730740160766,0.261351074479671
932,4.655,0.392705464137879,0.190629711771862
933,4.66,0.390655891134998,0.192675203923287
934,4.665,0.38764596905359,0.194743246022507
935,4.67,0.386413596995525,0.196833970536178
936,4.675,0.383547883026446,0.19894750826991
937,4.68,0.38222075689619,0.201084299226678
938,4.685,0.379544945162311,0.203244117453138
939,4.69,0.378296343718522,0.205427369388752
940,4.695,0.375662837974968,0.207634085546624
941,4.7,0.374468314291615,0.20986466974085
942,4.705,0.371814656941664,0.212119330089141
943,4.71,0.370440869302587,0.214398460794795
944,4.715,0.367685254541937,0.216702127348858
945,4.72,0.366105704336098,0.219030676492675
946,4.725,0.363446579939971,0.221384181788551
947,4.73,0.362106212662541,0.223762835825964
948,4.735,0.359773940707216,0.226166684893327
949,4.74,0.358569570296602,0.22859593882641
950,4.745,0.356199371036232,0.231051105846627
951,4.75,0.354900150559265,0.233532427082324
952,4.755,0.352626727547808,0.236039916453904
953,4.76,0.351356909315522,0.238573852342053
954,4.765,0.348952399615846,0.241134596800673
955,4.77,0.347591017180723,0.243722305078754
956,4.775,0.345139966993682,0.246337258230562
957,4.78,0.344064626447444,0.248979385813246
958,4.785,0.341676311801621,0.251649146437241
959,4.79,0.340698367562593,0.254346578286687
960,4.795,0.338172232820427,0.257072150504051
961,4.8,0.337034987215607,0.259826082484338
962,4.805,0.33446048471841,0.262608468660809
963,4.81,0.332668684230518,0.265419782036958
964,4.815,0.32899866627599,0.268260541028705
965,4.82,0.327769447421556,0.271130355601055
966,4.825,0.32448579312209,0.274029638793165
967,4.83,0.323600294829881,0.276958492715957
968,4.835,0.320478443847437,0.279917284986771
969,4.84,0.320138109537441,0.282905936176148
970,4.845,0.317426659873051,0.285924630543835
971,4.85,0.317130753559622,0.288973774890181
972,4.855,0.314320289425994,0.292053703841133
973,4.86,0.314028800189956,0.295164528306766
974,4.865,0.311237005110001,0.298306419251744
975,4.87,0.310622061114598,0.301479821973345
976,4.875,0.307399341142937,0.304685083404812
977,4.88,0.30688026532853,0.307922064932282
978,4.885,0.303424543181295,0.311191235094766
979,4.89,0.302765575843876,0.31449286185773
980,4.895,0.300068939750501,0.317826513844572
981,4.9,0.299381992720375,0.32119297818693
982,4.905,0.296454744190077,0.324592391343659
983,4.91,0.29526877883222,0.328025156656695
984,4.915,0.29214097247044,0.331491467087119
985,4.92,0.291686407598925,0.334990981374738
986,4.925,0.288811897396332,0.33852419697209
987,4.93,0.288013522830305,0.342091404950464
988,4.935,0.284137347127835,0.345693378146882
989,4.94,0.283797147180824,0.349329597940025
990,4.945,0.280718462788773,0.35300006150603
991,4.95,0.280491160959747,0.356705386263618
992,4.955,0.277700352869252,0.360445426329981
993,4.96,0.277340305798239,0.364220704809475
994,4.965,0.274252084892801,0.368031511443103
995,4.97,0.273887904377681,0.371877910899105
996,4.975,0.271109683527726,0.375759834842216
997,4.98,0.270582622376994,0.37967777549978
998,4.985,0.267547652398689,0.383632107809979
999,4.99,0.267620555901113,0.387622305175315
1000,4.995,0.264930270396097,0.391648860934874
1001,5,0.265181575661317,0.395711607814942
1002,5.005,0.261923262103921,0.399811716725945
1003,5.01,0.26207171608375,0.403948754816821
1004,5.015,0.258701019892486,0.4081230139458
1005,5.02,0.258633151092755,0.412334834895221
1006,5.025,0.255586350330948,0.416583919500992
1007,5.03,0.255614771536386,0.420870728319645
1008,5.035,0.252608320449451,0.425195116471742
1009,5.04,0.251842589447028,0.42955820022999
1010,5.045,0.248775333562551,0.433959228974204
1011,5.05,0.246718004541985,0.438399417010655
1012,5.055,0.242513415270337,0.442878636917238
1013,5.06,0.239593991546794,0.447397282618088
1014,5.065,0.236058361231194,0.451954744314497
1015,5.07,0.23316168496264,0.456551739307488
1016,5.075,0.229852674051638,0.461187977525725
1017,5.08,0.226272151243225,0.465864495058816
1018,5.085,0.22405604134911,0.470580114530513
1019,5.09,0.219623213595781,0.475336347710268
1020,5.095,0.21705595897535,0.480132882939499
1021,5.1,0.212501318152904,0.484969808870951
1022,5.105,0.21443075554656,0.477889314619533
1023,5.11,0.210556040514279,0.482804528024709
1024,5.115,0.207951082966782,0.487761494031014
1025,5.12,0.203650166343202,0.492760926557343
1026,5.125,0.200458997843081,0.497803047078034
1027,5.13,0.196475854433083,0.502887738357985
1028,5.135,0.194674764613161,0.508014711494585
1029,5.14,0.192284995689533,0.513183487502393
1030,5.145,0.190272588903187,0.518395486531783
1031,5.15,0.188243466027196,0.523650185431418
1032,5.155,0.186832257693261,0.528947448872365
1033,5.16,0.184475579554184,0.534287980099685
1034,5.165,0.181949230254449,0.539672384245657
1035,5.17,0.178828619121805,0.545100733979257
1036,5.175,0.176601940037595,0.550572472608849
1037,5.18,0.172937836641647,0.556088152152699
1038,5.185,0.202765831977199,0.468484885230439
1039,5.19,0.306243463389749,0.308812927216113
1040,5.195,0.303494843155096,0.312589795692774
1041,5.2,0.300256385517539,0.316409146217711
1042,5.205,0.298327824385967,0.320271414544828
1043,5.21,0.296632221110446,0.324176078584021
1044,5.215,0.294786741629202,0.328124400993796
1045,5.22,0.293172790468819,0.332116474431997
1046,5.225,0.291642495271999,0.336152222144538
1047,5.23,0.28944516044339,0.340232717445743
1048,5.235,0.287459456921592,0.344358229255079
1049,5.24,0.286216680553995,0.348528102799028
1050,5.245,0.284793279481387,0.352742804476917
1051,5.25,0.283567882331011,0.357002969464432
1052,5.255,0.282065983479592,0.361308865528863
1053,5.26,0.280742209003746,0.365660748693464
1054,5.265,0.278991863817489,0.370059118439064
1055,5.27,0.277495536828716,0.374503916874511
1056,5.275,0.27432080470311,0.378996254115335
1057,5.28,0.270821361575326,0.38353668557339
1058,5.285,0.267169673399208,0.38812490497658
1059,5.29,0.263891444948412,0.392760969250948
1060,5.295,0.259607822259496,0.397445605898015
1061,5.3,0.258846160538054,0.397741937583309
1062,5.305,0.263565277112195,0.388793731400207
1063,5.31,0.260731588094279,0.392403639438537
1064,5.315,0.301459556120323,0.338169342493701
1065,5.32,0.298732221411473,0.34249212874225
1066,5.325,0.294690439839484,0.346864270146077
1067,5.33,0.292413138692361,0.351286103440781
1068,5.335,0.28833343152636,0.355758086110414
1069,5.34,0.28544718315217,0.360280747986556
1070,5.345,0.320549084774094,0.32000387225664
1071,5.35,0.319458288122961,0.324401430219862
1072,5.355,0.315886214768764,0.328854544901395
1073,5.36,0.315691161065909,0.333363703579089
1074,5.365,0.312874980370739,0.3379287097345
1075,5.37,0.312527442595708,0.342551243524313
1076,5.375,0.30959606182272,0.347231364973013
1077,5.38,0.309385403754816,0.351969421264949
1078,5.385,0.306992136222105,0.356764793741948
1079,5.39,0.30693159749513,0.361618735173948
1080,5.395,0.304575296602081,0.366531472418336
1081,5.4,0.304394374505226,0.371503656141114
1082,5.405,0.301728015904037,0.376536198478005
1083,5.41,0.301315055220194,0.381628395662161
1084,5.415,0.297059426245153,0.386782742324027
1085,5.42,0.296866244936189,0.391997875366104
1086,5.425,0.293502684636313,0.397273904270284
1087,5.43,0.293969196787665,0.402611020421134
1088,5.435,0.290720431721899,0.408009845758993
1089,5.44,0.290425509135382,0.413471380103172
1090,5.445,0.285633564767488,0.41899647800853
1091,5.45,0.28398829316529,0.42458524666111
1092,5.455,0.278655364929835,0.430237863882957
1093,5.46,0.278031163443967,0.435953961354945
1094,5.465,0.274496600097359,0.441733046277079
1095,5.47,0.274740247573011,0.44757607180632
1096,5.475,0.272251553015222,0.453481779310304
1097,5.48,0.272336172804953,0.459452637310836
1098,5.485,0.269993563900531,0.465487719955557
1099,5.49,0.270252041499964,0.471587457482918
1100,5.495,0.268168055867265,0.477751327212668
1101,5.5,0.268226056550061,0.483980795731536
1102,5.505,0.26599698325989,0.49027529768377
1103,5.51,0.265537667672617,0.496636043607661
1104,5.515,0.263676736344974,0.503061909193296
1105,5.52,0.263929534001439,0.509551926196379
1106,5.525,0.262172702414371,0.516107363436562
1107,5.53,0.262200139182691,0.522729022074209
1108,5.535,0.260540610993395,0.529416080927659
1109,5.54,0.260766241855459,0.536168326576898
1110,5.545,0.259249689072225,0.542985771623673
1111,5.55,0.259487504372578,0.549868485883572
1112,5.555,0.257722456762512,0.556817459611922
1113,5.56,0.257575985937489,0.563832741006988
1114,5.565,0.255745794719981,0.570913863281142
1115,5.57,0.255986760018432,0.578059948857128
1116,5.575,0.254568266369128,0.585270337310006
1117,5.58,0.254911944514179,0.592545652016496
1118,5.585,0.253315499638394,0.599886118986128
1119,5.59,0.252846162670187,0.607293447734255
1120,5.595,0.250608102553941,0.614766572410093
1121,5.6,0.249513453821874,0.622305378914977
1122,5.605,0.246353642858567,0.629910204845249
1123,5.61,0.244474863209696,0.637580914097972
1124,5.615,0.240990226480212,0.645316946634709
1125,5.62,0.238279092015718,0.653118723175709
1126,5.625,0.233916788769176,0.660986518879036
1127,5.63,0.231771066322556,0.668918869617863
1128,5.635,0.227824758958034,0.676916211710233
1129,5.64,0.226280532121728,0.684977566405584
1130,5.645,0.221355051342412,0.693104319747142
1131,5.65,0.218312282720058,0.701296741668766
1132,5.655,0.213060800722777,0.709553817010623
1133,5.66,0.231194672730046,0.65299751499939
1134,5.665,0.226725463029359,0.660901471863897
1135,5.67,0.223401571816036,0.66887150464228
1136,5.675,0.24219171267183,0.611659083982813
1137,5.68,0.240006338053832,0.619384635662638
1138,5.685,0.235896560150536,0.627178914810276
1139,5.69,0.235128825766248,0.635041030124369
1140,5.695,0.232008537697746,0.642970636524983
1141,5.7,0.230681206234584,0.650969486204424
1142,5.705,0.227402634791032,0.659036217242279
1143,5.71,0.224860793146688,0.667172328233145
1144,5.715,0.220751857412402,0.675376814641019
1145,5.72,0.222882143628234,0.665920438988513
1146,5.725,0.219317751601345,0.674155182032202
1147,5.73,0.238296602453413,0.615897006480522
1148,5.735,0.235400752904778,0.623987791698915
1149,5.74,0.231548861599158,0.632152854146617
1150,5.745,0.229165095927243,0.640392252641169
1151,5.75,0.225634227273532,0.648705860258664
1152,5.755,0.223653145212657,0.657093488322744
1153,5.76,0.221055656145156,0.665554350636579
1154,5.765,0.220174736684029,0.674087617292225
1155,5.77,0.217590727077216,0.682693788408686
1156,5.775,0.215260459362734,0.691374592760613
1157,5.78,0.21188913376059,0.700128883795222
1158,5.785,0.209262644822709,0.708955726702883
1159,5.79,0.204264343307738,0.717856664877889
1160,5.795,0.209754902127158,0.696107644345975
1161,5.8,0.214094869572684,0.674760648306504
1162,5.805,0.211507009302217,0.683472635268638
1163,5.81,0.206720509365765,0.692259268353164
1164,5.815,0.203252665490375,0.701121421970706
1165,5.82,0.200184432969389,0.703810065251817
1166,5.825,0.197824531159211,0.713782689526431
1167,5.83,0.194317245376466,0.723850268455246
1168,5.835,0.191518267809129,0.734014965308242
1169,5.84,0.187649318092696,0.744275877294401
1170,5.845,0.185213506011929,0.754631536045749
1171,5.85,0.181073064483605,0.765082397548544
1172,5.855,0.178668540954061,0.775627837780411
1173,5.86,0.175678183219971,0.786265055954864
1174,5.865,0.172999546334008,0.79699603960369
1175,5.87,0.170083953922569,0.807818762206674
1176,5.875,0.167101193920696,0.818733418873334
1177,5.88,0.164034880023044,0.829739238866082
1178,5.885,0.16160425795205,0.840834090610485
1179,5.89,0.158559636056037,0.852018797165848
1180,5.895,0.157339739648327,0.863289806818599
1181,5.9,0.154867677652905,0.874647441217457
1182,5.905,0.1537310333877,0.886091184160533
1183,5.91,0.151296233358606,0.897619992640012
1184,5.915,0.149668882862193,0.909233092946874
1185,5.92,0.145228341637171,0.920932645893483
1186,5.925,0.142541748027892,0.932716227446425
1187,5.93,0.138393903832245,0.944581247630397
1188,5.935,0.135427262290093,0.95652768645053
1189,5.94,0.130284925923567,0.968555543276252
1190,5.945,0.137234989292675,0.906661539620163
1191,5.95,0.132523173747525,0.918876355707174
1192,5.955,0.129907918086878,0.931183392914181
1193,5.96,0.126060481340323,0.943581189186576
1194,5.965,0.123175138042523,0.956070548484753
1195,5.97,0.119549761330112,0.968649121614894
1196,5.975,0.117096643264374,0.981315766089809
1197,5.98,0.114055498180496,0.99406859584827
1198,5.985,0.111502993261417,1.00690727691192
1199,5.99,0.10742647184969,1.01983178459087
1200,5.995,0.103398537155566,1.03284178439078
1201,6,0.103042457616491,1.00185357260047
1202,6.005,0.103970259250669,0.967240429524591
1203,6.01,0.0992202977672118,0.979825958572315
1204,6.015,0.0963267208718436,0.980497219451087
1205,6.02,0.122192860242187,0.748513027986153
1206,6.025,0.119264478820005,0.759440324596389
1207,6.03,0.114652917037617,0.770467172069738
1208,6.035,0.112267981189409,0.781592732293684
1209,6.04,0.107674483850526,0.792816896144922
1210,6.045,0.105168082635982,0.804138812336733
1211,6.05,0.100598855883947,0.815558180165789
1212,6.055,0.0995048923722014,0.827071764537112
1213,6.06,0.0951411750955692,0.83868014605222
1214,6.065,0.0926530878256628,0.85038463623982
1215,6.07,0.0874127591345857,0.862183343719294
1216,6.075,0.127727476874282,0.580543673537665
1217,6.08,0.123319197379438,0.58967414831954
1218,6.085,0.12008144915852,0.598906135691692
1219,6.09,0.115747752259246,0.60823951302151
1220,6.095,0.112633512267841,0.617673894543324
1221,6.1,0.125994356496953,0.536935561553818
1222,6.105,0.125884197784976,0.53395244097903
1223,6.11,0.129765135164204,0.50456107797749
1224,6.115,0.144724988753863,0.452253849730578
1225,6.12,0.140673594448173,0.460175506136348
1226,6.125,0.139895311325977,0.468203909361847
1227,6.13,0.13583134286023,0.476339975149559
1228,6.135,0.132182762479551,0.485711796707024
1229,6.14,0.127504635762237,0.495951377505831
1230,6.145,0.125064414806646,0.506377722561291
1231,6.15,0.121655840672264,0.516992206870123
1232,6.155,0.119853018347818,0.527797119126212
1233,6.16,0.117837747536286,0.538791623347426
1234,6.165,0.116433612471213,0.549979003709882
1235,6.17,0.114836473861575,0.561358734845062
1236,6.175,0.112719827893355,0.572934922833573
1237,6.18,0.110298239476156,0.584707946090306
1238,6.185,0.107688577772591,0.596679241063908
1239,6.19,0.106751324070036,0.608845620146402
1240,6.195,0.104899605741415,0.621209317591898
1241,6.2,0.104366225576093,0.633770468043779
1242,6.205,0.102810995056779,0.646529639356933
1243,6.21,0.102703545105355,0.659485202718492
1244,6.215,0.101311371219326,0.672637784144759
1245,6.22,0.101204667040151,0.68598590045467
1246,6.225,0.0998563698492343,0.6995329421439
1247,6.23,0.0996243297079884,0.713278552542006
1248,6.235,0.0981632927388929,0.727220929033549
1249,6.24,0.0978286440211504,0.741360087553814
1250,6.245,0.0966274125988013,0.755692586650091
1251,6.25,0.0963483646751557,0.770218644572391
1252,6.255,0.0949987376169946,0.784938485103331
1253,6.26,0.0947899200357851,0.799848546523219
1254,6.265,0.0931761437315542,0.814949789874453
1255,6.27,0.092557917121645,0.830240063359587
1256,6.275,0.0903032290372351,0.845719450413472
1257,6.28,0.0898886716843888,0.861382710866361
1258,6.285,0.087517937027946,0.8772293482099
1259,6.29,0.0865238393515428,0.893258068652269
1260,6.295,0.0834968659962895,0.909467417827203
1261,6.3,0.082788126069795,0.925852581959446
1262,6.305,0.0804527842863735,0.942410601346831
1263,6.31,0.0806327610062412,0.959136608783673
1264,6.315,0.0784690183053863,0.976030594244748
1265,6.32,0.0788473440654721,0.99308841063847
1266,6.325,0.0769881421056474,1.01030636600979
1267,6.33,0.077614154302011,1.02768111903308
1268,6.335,0.0759988983918834,1.04520842807662
1269,6.34,0.0767199756131149,1.06288592897653
1270,6.345,0.0753115812723283,1.08070753804116
1271,6.35,0.075985484074328,1.09867134359799
1272,6.355,0.0741179556505663,1.11677707139375
1273,6.36,0.0742800267238669,1.13501999271753
1274,6.365,0.0721077022229849,1.15339487736908
1275,6.37,0.0716216292879869,1.17189895360133
1276,6.375,0.0682299928913037,1.19053010511603
1277,6.38,0.066655221094544,1.20928447099306
1278,6.385,0.0629567016970281,1.22815492914592
1279,6.39,0.059776716575912,1.24714225949801
1280,6.395,0.0548947217878141,1.26624086864524
1281,6.4,0.0750237529664036,0.882491063238499
1282,6.405,0.0875650349634264,0.727225820161475
1283,6.41,0.11169639579711,0.558247803162269
1284,6.415,0.108093933407896,0.568966919442746
1285,6.42,0.104289834355422,0.57982578589085
1286,6.425,0.119055804240153,0.497416323631958
1287,6.43,0.137323370029452,0.42777885199181
1288,6.435,0.133460953113239,0.43770670869493
1289,6.44,0.131384746118085,0.447814246124053
1290,6.445,0.129369056883378,0.458101013006624
1291,6.45,0.12748827171467,0.468569890475855
1292,6.455,0.125952748839372,0.479219398390683
1293,6.46,0.123947965861312,0.49005180497784
1294,6.465,0.122998361318162,0.50106472854034
1295,6.47,0.12088524062266,0.512259795949981
1296,6.475,0.119182088785605,0.523638113252168
1297,6.48,0.116755638941524,0.535198277027578
1298,6.485,0.115041851225446,0.546940240943572
1299,6.49,0.113643420062411,0.558861093362763
1300,6.495,0.112642424303449,0.570960721864313
1301,6.5,0.111711839212274,0.583237046807229
1302,6.505,0.110868978347667,0.595689641584701
1303,6.51,0.109940871763467,0.608319158173117
1304,6.515,0.109083684446804,0.621123143417351
1305,6.52,0.107856943965502,0.63410237005208
1306,6.525,0.106628140693277,0.647254475683336
1307,6.53,0.104706463034433,0.660579064408226
1308,6.535,0.102669858814408,0.674073515109468
1309,6.54,0.0988103306776082,0.687739200993234
1310,6.545,0.0966825021700353,0.701571505132405
1311,6.55,0.0939864127902446,0.715566372959547
1312,6.555,0.091073020151086,0.729724794475699
1313,6.56,0.0860770522059277,0.744047186151638
1314,6.565,0.0825524813478133,0.758528917736437
1315,6.57,0.0774624246744545,0.773168166091648
1316,6.575,0.0742771476253374,0.787962033147307
1317,6.58,0.0692366868383169,0.802908981901313
1318,6.585,0.0660973066073076,0.818006344343255
1319,6.59,0.0694906913442243,0.728442926260873
1320,6.595,0.089950430295145,0.555795075122064
1321,6.6,0.0852567957381068,0.567783195765492
1322,6.605,0.0825399625316511,0.579942933578003
1323,6.61,0.0786425550686667,0.592271420150369
1324,6.615,0.0752929640077604,0.604769955148625
1325,6.62,0.0706393992111599,0.617437620127089
1326,6.625,0.0672258439685064,0.630272704742568
1327,6.63,0.0708620838460812,0.565918680593673
1328,6.635,0.0772344106544897,0.5103315963732
1329,6.64,0.0737259589341149,0.52191828881344
1330,6.645,0.0732875732415025,0.533682596272665
1331,6.65,0.0708183134712167,0.545625179339663
1332,6.655,0.0700548194812858,0.557746555874759
1333,6.66,0.0658754921861989,0.570048468536514
1334,6.665,0.0639146061578113,0.582529393567865
1335,6.67,0.0595806207621088,0.595186867235693
1336,6.675,0.0727304761230359,0.470184244427604
1337,6.68,0.0964079377105356,0.344326734636756
1338,6.685,0.0944887027763369,0.353583993056935
1339,6.69,0.09159419578126,0.363036618169969
1340,6.695,0.0896155846222269,0.372687738592787
1341,6.7,0.0857142476172643,0.38253956531202
1342,6.705,0.0843272876846839,0.392591289944403
1343,6.71,0.0812041450437805,0.402844137008101
1344,6.715,0.0807695475327186,0.413297727680339
1345,6.72,0.0776615244521582,0.423953973611352
1346,6.725,0.0766421004469105,0.434814605537131
1347,6.73,0.0743330534111109,0.445877263077093
1348,6.735,0.0736754309885967,0.457143483908858
1349,6.74,0.071564870059352,0.46861198061402
1350,6.745,0.0699673953887311,0.48028649240653
1351,6.75,0.0677700901546637,0.492164004191472
1352,6.755,0.0655510255859711,0.504246100226278
1353,6.76,0.0635271809767465,0.516530844719674
1354,6.765,0.0611768866378472,0.529017859790147
1355,6.77,0.0581142692378416,0.541708912465637
1356,6.775,0.0570460857375137,0.554599174449615
1357,6.78,0.0542919437490974,0.567689271433303
1358,6.785,0.0519042849072526,0.580980893607855
1359,6.79,0.0483437592955602,0.594471128226384
1360,6.795,0.0598718692072021,0.450613767269174
1361,6.8,0.0732852741548204,0.359159112107293
1362,6.805,0.0848489932992895,0.301395422880507
1363,6.81,0.0836520084774223,0.310404822725746
1364,6.815,0.0807495857009971,0.319629710955588
1365,6.82,0.0800984542860575,0.329072986613261
1366,6.825,0.0771546883873157,0.338736978713911
1367,6.83,0.0761679136083997,0.348624072370033
1368,6.835,0.073700010375729,0.358734333999425
1369,6.84,0.0731853930980722,0.36906800444989
1370,6.845,0.0697450356112737,0.379625581420681
1371,6.85,0.0835919904755401,0.310272270373888
1372,6.855,0.0808510143915881,0.319894526051196
1373,6.86,0.0763919823686409,0.329747926390889
1374,6.865,0.092456526390663,0.270398759344446
1375,6.87,0.0893696970958533,0.279510961798614
1376,6.875,0.110874872148349,0.222396576086003
1377,6.88,0.109596102078534,0.230229045414931
1378,6.885,0.105433023495378,0.238292265463588
1379,6.89,0.104072425459118,0.24659026566324
1380,6.895,0.0994951866610555,0.25512636608638
1381,6.9,0.0988209535797596,0.263901044098749
1382,6.905,0.0938357742638513,0.272918969975817
1383,6.91,0.0916899270580251,0.282183342014779
1384,6.915,0.0866284706604361,0.291695108404159
1385,6.92,0.113613665108056,0.22355571372142
1386,6.925,0.10985390622578,0.231116232834709
1387,6.93,0.108174896373036,0.238895233298967
1388,6.935,0.10483563283798,0.246897055234516
1389,6.94,0.103484247753632,0.255156852980988
1390,6.945,0.09990694983007,0.264196149519148
1391,6.95,0.0970705794665203,0.273487142072695
1392,6.955,0.0928737386504075,0.283033925087504
1393,6.96,0.090264561798877,0.290345694573039
1394,6.965,0.0883207554499734,0.299744776724517
1395,6.97,0.0861232503168631,0.309386797100808
1396,6.975,0.0844165254673648,0.319275120656736
1397,6.98,0.0810620591131625,0.3294141964356
1398,6.985,0.0805698241819118,0.339801275108495
1399,6.99,0.0779819088461435,0.350437795724168
1400,6.995,0.0776955908778156,0.361326976932058
1401,7,0.0751986457956364,0.372469783901342
1402,7.005,0.0748187391534374,0.383867893743682
1403,7.01,0.071275197092749,0.395518615312645
1404,7.015,0.0691256169992849,0.40742322828423
1405,7.02,0.0640749130711775,0.416051320129389
1406,7.025,0.0616736627249067,0.428359317788201
1407,7.03,0.0680884060121752,0.364279968605912
1408,7.035,0.0891791766762891,0.281759251105006
1409,7.04,0.0832757747857551,0.291658187732483
1410,7.045,0.0835844096503469,0.301827642456029
1411,7.05,0.0777074302211134,0.312268324760085
1412,7.055,0.0805999371419612,0.306080147770349
1413,7.06,0.0750319217695189,0.316634840326077
1414,7.065,0.103892782963766,0.231437339922473
1415,7.07,0.101228407994638,0.2327960332216
1416,7.075,0.115860910575092,0.207754008316792
1417,7.08,0.132541332543127,0.179557305185704
1418,7.085,0.131334189320495,0.187834459958875
1419,7.09,0.124193291487295,0.196402987718345
1420,7.095,0.131194930476492,0.191606694602234
1421,7.1,0.144189709933419,0.172473592001168
1422,7.105,0.144375568046334,0.179123657722961
1423,7.11,0.137452734647605,0.18600121669779
1424,7.115,0.138134096469862,0.193109944630246
1425,7.12,0.131336787339617,0.200455601363657
1426,7.125,0.131765622697116,0.208043686468928
1427,7.13,0.125583599288142,0.215877632694269
1428,7.135,0.12624582004464,0.223963057993219
1429,7.14,0.12039757420351,0.232303267344877
1430,7.145,0.120883773507886,0.240902201066452
1431,7.15,0.11519400568572,0.249764762135758
1432,7.155,0.116302984039582,0.258896442314383
1433,7.16,0.110862175575391,0.268299650886147
1434,7.165,0.111569103876295,0.277976978891914
1435,7.17,0.10498489145499,0.287930432246359
1436,7.175,0.106545261857494,0.298165456543401
1437,7.18,0.10082519979882,0.308685022654034
1438,7.185,0.10212358635738,0.319489524199098
1439,7.19,0.0966125345397509,0.330581958298424
1440,7.195,0.0985089864991368,0.341965312241149
1441,7.2,0.0929432294257513,0.35363919711603
1442,7.205,0.0945482091183607,0.365605029181471
1443,7.21,0.0882083291547813,0.377862913280769
1444,7.215,0.0886555929120722,0.390412413096339
1445,7.22,0.0828898216575,0.403255373918545
1446,7.225,0.0845528165311081,0.416392160435303
1447,7.23,0.0796610692656697,0.429822532232292
1448,7.235,0.0810474128353753,0.443543667596628
1449,7.24,0.0750492984841851,0.457553648919613
1450,7.245,0.0748067234963485,0.471849389516299
1451,7.25,0.069161481044702,0.486431812363513
1452,7.255,0.0685104481815506,0.501296483139278
1453,7.26,0.0630690727782516,0.516442100739532
1454,7.265,0.0618840395768889,0.531864422129305
1455,7.27,0.0555993068991247,0.547559487958462
1456,7.275,0.0545000862623783,0.563524951407027
1457,7.28,0.0481178474462728,0.573907075237876
1458,7.285,0.0642512737721249,0.436528534648957
1459,7.29,0.0576581495613681,0.450409305105767
1460,7.295,0.108465312717924,0.246117328896467
1461,7.3,0.100610336638525,0.256336140822181
1462,7.305,0.152553399301053,0.177167020225035
1463,7.31,0.143710168905241,0.18564814295018
1464,7.315,0.144602671227071,0.194445769151609
1465,7.32,0.135589507259296,0.203563498830924
1466,7.325,0.136841429189298,0.213003887863588
1467,7.33,0.137545564365499,0.206363905931222
1468,7.335,0.145144395066087,0.207415112654072
1469,7.34,0.136621492956149,0.216705303702534
1470,7.345,0.139268503163111,0.226382374885011
1471,7.35,0.130815458615688,0.236459495455739
1472,7.355,0.133099972543659,0.246950272324445
1473,7.36,0.125380274259467,0.257866502874574
1474,7.365,0.128135841457652,0.269220409596334
1475,7.37,0.120087018800192,0.281027898652687
1476,7.375,0.122397565718221,0.293301471190503
1477,7.38,0.114719681875288,0.306052737570858
1478,7.385,0.116413600434783,0.319297164217867
1479,7.39,0.110560380574424,0.333041201095103
1480,7.395,0.112687698788882,0.347300048129591
1481,7.4,0.106983101952531,0.362089297524234
1482,7.405,0.109292952172042,0.377417105750703
1483,7.41,0.103497277642787,0.393297350255104
1484,7.415,0.10548458747152,0.409740689969195
1485,7.42,0.0999658437753694,0.426756602198803
1486,7.425,0.102569520084124,0.444351515471308
1487,7.43,0.0973206388293772,0.462537864616335
1488,7.435,0.100002359186558,0.481321337383155
1489,7.44,0.0947792453093238,0.500711732263924
1490,7.445,0.097058886460816,0.520716521045026
1491,7.45,0.0917029127023899,0.541339586649511
1492,7.455,0.093593786509997,0.5625870080451
1493,7.46,0.0887289565076002,0.584458147339458
1494,7.465,0.0903148669338702,0.606959254060701
1495,7.47,0.0855475525514179,0.630087495101053
1496,7.475,0.0859848636788195,0.653848439581479
1497,7.48,0.0810779421483225,0.678235847764644
1498,7.485,0.081106103229861,0.703249746020137
1499,7.49,0.0775783798609919,0.728879364470481
1500,7.495,0.0785251594852471,0.755119908679179
1501,7.5,0.075422817522663,0.781963605977011
1502,7.505,0.0763189620557074,0.809403950332886
1503,7.51,0.0735106111370101,0.837425934878542
1504,7.515,0.0740773165707225,0.866023637510988
1505,7.52,0.0719881027989824,0.895174551847099
1506,7.525,0.0729350345083686,0.924865955751486
1507,7.53,0.0708865643231925,0.955080938025301
1508,7.535,0.0712915989456557,0.985806927846372
1509,7.54,0.0688924050739727,1.01702326982873
1510,7.545,0.0698866142067533,1.04870270889015
1511,7.55,0.0681068817122506,1.08082137719457
1512,7.555,0.0692227908546032,1.11335846325041
1513,7.56,0.0672199035216558,1.14629591480318
1514,7.565,0.0682768506212433,1.17960523633217
1515,7.57,0.0664426131249665,1.21325831740804
1516,7.575,0.067488091697233,1.24723109032561
1517,7.58,0.0650746071813482,1.28149653801749
1518,7.585,0.0636413989629146,1.31604340714497
1519,7.59,0.0595396639332577,1.35083531478886
1520,7.595,0.0566429670806568,1.3858485112575
1521,7.6,0.0528382608183722,1.42104905443676
1522,7.605,0.0497818925929527,1.45641416389207
1523,7.61,0.0454650649727542,1.49191755470172
1524,7.615,0.0472039971085252,1.34107453068824
1525,7.62,0.0505087775858228,1.17299642431707
1526,7.625,0.0624845202392431,0.902575964122665
1527,7.63,0.0751648911747696,0.72655453563287
1528,7.635,0.0770351583664989,0.696027703039101
1529,7.64,0.0740042517295451,0.716791317199903
1530,7.645,0.0698608818924787,0.737839125759981
1531,7.65,0.0676444777534049,0.759157432895027
1532,7.655,0.063884693600731,0.780736621307821
1533,7.66,0.0614353473117472,0.802567070072861
1534,7.665,0.057863259159979,0.824635878709618
1535,7.67,0.0906497896402769,0.511241258818874
1536,7.675,0.12296885868984,0.380177326872099
1537,7.68,0.11854463649819,0.39679945912569
1538,7.685,0.116624476715864,0.414032987105822
1539,7.69,0.113900818485107,0.43188927062699
1540,7.695,0.112561763211992,0.450382102900163
1541,7.7,0.111330063016139,0.46951751426943
1542,7.705,0.110532072160665,0.489306513130768
1543,7.71,0.109430341508734,0.509760515265622
1544,7.715,0.108465878441276,0.530888870686124
1545,7.72,0.10693513258357,0.552700738770347
1546,7.725,0.106473531661059,0.575196574281236
1547,7.73,0.105400101953018,0.598379881584788
1548,7.735,0.105030783185586,0.622254830770086
1549,7.74,0.103944213061969,0.646825815226372
1550,7.745,0.10319433131802,0.672097545262552
1551,7.75,0.102467586919506,0.698061865621979
1552,7.755,0.101974317827838,0.724712730611266
1553,7.76,0.101114513528009,0.752055372201758
1554,7.765,0.100270301770641,0.780082479390067
1555,7.77,0.099436373966928,0.808783223839471
1556,7.775,0.0986015615901529,0.838150342705819
1557,7.78,0.0984232626607157,0.868164807714264
1558,7.785,0.0977433767654129,0.898819761254532
1559,7.79,0.0976371122207614,0.930091311191258
1560,7.795,0.0970089394319012,0.961970365924705
1561,7.8,0.0968135510996667,0.994432927018001
1562,7.805,0.0964247340756282,1.02747011225052
1563,7.81,0.0963364255756622,1.06105221079986
1564,7.815,0.0959023084316264,1.09516082748855
1565,7.82,0.0959220635975917,1.12976403317257
1566,7.825,0.0954690986126958,1.16483415174305
1567,7.83,0.0955470163178146,1.20034774071898
1568,7.835,0.0951257271517691,1.23628056481408
1569,7.84,0.0950106920953213,1.27260522357248
1570,7.845,0.0941307667764061,1.30929073762947
1571,7.85,0.093350975170942,1.34630966793886
1572,7.855,0.0921852979280894,1.3836256833805
1573,7.86,0.0905337742662308,1.42121268312638
1574,7.865,0.0881229797089211,1.45904134361921
1575,7.87,0.0856507123115478,1.49707712496249
1576,7.875,0.081948953588095,1.53529373721299
1577,7.88,0.0792186549255081,1.57365505740341
1578,7.885,0.0750975681093604,1.61213307133446
1579,7.89,0.0718174024242736,1.65069730280011
1580,7.895,0.0745011416674557,1.51307785862802
1581,7.9,0.0714830105123703,1.54951610091784
1582,7.905,0.068319757124978,1.52594268530921
1583,7.91,0.0775125444975077,1.32204808120829
1584,7.915,0.0721204386534676,1.34494698606578
1585,7.92,0.0790869374028522,1.21112706905783
1586,7.925,0.0739027629593991,1.24407335062037
1587,7.93,0.0715418800029379,1.2772557724112
1588,7.935,0.0667601053646148,1.31064848657854
1589,7.94,0.0642584127624852,1.34422921307938
1590,7.945,0.0600963565268803,1.37796866185776
1591,7.95,0.0571756740681481,1.41184562560305
1592,7.955,0.0516280109538401,1.4458391043874
1593,7.96,0.0589749339234645,1.219226141931
1594,7.965,0.0541498898714527,1.25012899323549
1595,7.97,0.0511034622833194,1.28118351783162
1596,7.975,0.0465426665157254,1.31236694276854
1597,7.98,0.0523100525688486,1.09657767424222
1598,7.985,0.0625144995197606,0.865797071064855
1599,7.99,0.0676341507932583,0.775189464162077
1600,7.995,0.0631707076094129,0.796126791880123
1601,8,0.059049566955979,0.817263688316833
1602,8.005,0.0677708536125703,0.678714623615856
1603,8.01,0.0645476210127662,0.697565764007351
1604,8.015,0.0597483765450982,0.71662780017231
1605,8.02,0.0655015088172672,0.634727702723115
1606,8.025,0.0613896487260595,0.65259555459954
1607,8.03,0.0573713684711209,0.670679455523218
1608,8.035,0.0969859414512039,0.381779065538891
1609,8.04,0.0952562629088284,0.394331304170253
1610,8.045,0.0912002049922415,0.407132203730094
1611,8.05,0.0894884530444566,0.420180845224943
1612,8.055,0.0851786911010445,0.433473935865702
1613,8.06,0.0828574038873422,0.44700874360552
1614,8.065,0.0776995819778337,0.46078205032988
1615,8.07,0.0840806007928921,0.423525549186888
1616,8.075,0.0818449803805161,0.423894394383905
1617,8.08,0.0805290148606119,0.437139339000982
1618,8.085,0.0768409108173959,0.436067909694724
1619,8.09,0.0899927320418348,0.376997893574051
1620,8.095,0.0897602179153442,0.362956683865171
1621,8.1,0.103134834921635,0.323599029600747
1622,8.105,0.0973778575590377,0.335398774538987
1623,8.11,0.0985603535790509,0.347496100543986
1624,8.115,0.0944555155993345,0.359889899696886
1625,8.12,0.0959451312150427,0.372581006188129
1626,8.125,0.0920495803264541,0.385566914013282
1627,8.13,0.0931207633166049,0.398848268234102
1628,8.135,0.0899401399327726,0.412419451430559
1629,8.14,0.0914192171821373,0.426277419045851
1630,8.145,0.0881209785096,0.440419536548212
1631,8.15,0.0885610301796858,0.45483913063376
1632,8.155,0.0846852723435901,0.469533320188797
1633,8.16,0.0853665026572006,0.484498065042275
1634,8.165,0.0822957992436753,0.499728970338049
1635,8.17,0.0835838489301302,0.515220064145416
1636,8.175,0.0810106700904283,0.530967188665678
1637,8.18,0.0819445767623093,0.546958734672124
1638,8.185,0.0797700710978531,0.563192314555691
1639,8.19,0.0805948655451769,0.579658516029025
1640,8.195,0.0776929094067497,0.596348471406984
1641,8.2,0.0774944125454129,0.613254149657725
1642,8.205,0.0731955751422377,0.630367574228229
1643,8.21,0.0706068759161154,0.647677613749821
1644,8.215,0.0669400317806715,0.665179687744217
1645,8.22,0.0661111055615462,0.682865922421859
1646,8.225,0.0639274528946337,0.700727965246304
1647,8.23,0.0632576454073433,0.718755762594448
1648,8.235,0.0590725044143737,0.73693677338485
1649,8.24,0.0890741229335102,0.477293160448353
1650,8.245,0.0909052100195066,0.460139789615789
1651,8.25,0.133294609966497,0.312096127243341
1652,8.255,0.139277183156743,0.30226701511273
1653,8.26,0.136853289243103,0.31348414455141
1654,8.265,0.135462783176063,0.325015056367297
1655,8.27,0.134091964709225,0.336863909436252
1656,8.275,0.132850661267607,0.349031183951686
1657,8.28,0.131583085200422,0.361516329890286
1658,8.285,0.129819425306219,0.374320312961902
1659,8.29,0.128300490986109,0.387444482761719
1660,8.295,0.127226287676093,0.400891522385882
1661,8.3,0.125890383308304,0.414664179631244
1662,8.305,0.125256084400652,0.428757162157263
1663,8.31,0.124111557159577,0.443170585455278
1664,8.315,0.123310563906276,0.45790486489066
1665,8.32,0.121625609802352,0.472957514439611
1666,8.325,0.119128434680206,0.488330143123257
1667,8.33,0.117968653898133,0.504015487821082
1668,8.335,0.115617738893561,0.520012012822759
1669,8.34,0.114560233818231,0.536316194557171
1670,8.345,0.113047871767245,0.552922508203153
1671,8.35,0.112909858835362,0.569825350609336
1672,8.355,0.111805435844625,0.58702049786784
1673,8.36,0.111928387478826,0.604500890860287
1674,8.365,0.11087216504189,0.622261738971695
1675,8.37,0.110862653800033,0.640294509743158
1676,8.375,0.109762643300056,0.658593056153671
1677,8.38,0.109927594856531,0.677152285460013
1678,8.385,0.108674591138382,0.695960338201616
1679,8.39,0.109034085782787,0.715011988237088
1680,8.395,0.107938667955142,0.734299509609199
1681,8.4,0.107978979716653,0.753809255334893
1682,8.405,0.10646641089348,0.773532508746869
1683,8.41,0.106404490413503,0.793460549730568
1684,8.415,0.104977385764332,0.813584446757245
1685,8.42,0.10413287030957,0.833891650225259
1686,8.425,0.100881698032175,0.854367921411816
1687,8.43,0.0994557076849301,0.875006771853271
1688,8.435,0.0953379398730012,0.89579438799634
1689,8.44,0.0944504982767901,0.91672369687041
1690,8.445,0.0903112042412647,0.937780780974037
1691,8.45,0.0901124157042959,0.958957033400806
1692,8.455,0.0859667543172172,0.980240412265009
1693,8.46,0.0845023582070931,1.001615029347
1694,8.465,0.0818380090989912,1.0230776229119
1695,8.47,0.0805559027128794,1.04461320160479
1696,8.475,0.0764424273057563,1.06620892162874
1697,8.48,0.0755550470463771,1.0439263672467
1698,8.485,0.0930530504009402,0.815975902615271
1699,8.49,0.105395430773896,0.711544441839476
1700,8.495,0.10066141467064,0.72699718853799
1701,8.5,0.10557399019429,0.684217204714636
1702,8.505,0.101483093724768,0.699574747921197
1703,8.51,0.0995526263666219,0.715029449028435
1704,8.515,0.0979802358955623,0.730577272478384
1705,8.52,0.0958270666271569,0.746207293185914
1706,8.525,0.0929734843933307,0.761913066103451
1707,8.53,0.108255816309224,0.634791142814218
1708,8.535,0.106792942910077,0.642330035876248
1709,8.54,0.102690251775942,0.656167146115013
1710,8.545,0.0993254300319668,0.670081377486957
1711,8.55,0.102803506279832,0.629916567944068
1712,8.555,0.115145075300495,0.558252814844424
1713,8.56,0.111322026645226,0.570475166764022
1714,8.565,0.109963880451228,0.582781331462239
1715,8.57,0.105085191146645,0.595163999837375
1716,8.575,0.122598481408774,0.508064098338231
1717,8.58,0.143453727205868,0.426599531571957
1718,8.585,0.150701745055886,0.409267245814479
1719,8.59,0.177926718375287,0.34229279359501
1720,8.595,0.222152573060827,0.279388033869963
1721,8.6,0.216521910630515,0.28636682058513
1722,8.605,0.215367195699168,0.293435108394779
1723,8.61,0.20983705827706,0.300591638786755
1724,8.615,0.244996180494586,0.261808089046843
1725,8.62,0.239720368715222,0.268685069989674
1726,8.625,0.240751601483342,0.275667558330306
1727,8.63,0.236971033028219,0.282753775607581
1728,8.635,0.23905834395635,0.289944239046125
1729,8.64,0.235549437028256,0.297235112205149
1730,8.645,0.237782960858724,0.304626062871077
1731,8.65,0.234375420257104,0.31211611072536
1732,8.655,0.236664260573478,0.31970340090346
1733,8.66,0.233240203373237,0.327386164973977
1734,8.665,0.235225235283053,0.335163721748674
1735,8.67,0.231742715073606,0.343033752095966
1736,8.675,0.233561826117536,0.350994485335738
1737,8.68,0.229120997156708,0.359045076788889
1738,8.685,0.229936474781118,0.367183380881538
1739,8.69,0.224147603722786,0.375408009959129
1740,8.695,0.224647696720132,0.383716517072558
1741,8.7,0.219450621966678,0.392106709408654
1742,8.705,0.221118495934484,0.400575915823263
1743,8.71,0.216215109849786,0.409122884035802
1744,8.715,0.219076057571888,0.417744469971202
1745,8.72,0.215405436108649,0.426437452775863
1746,8.725,0.21821321412983,0.435201763437313
1747,8.73,0.214785573085329,0.444033792489217
1748,8.735,0.217602691946983,0.452931861801724
1749,8.74,0.21401138167395,0.461893798683345
1750,8.745,0.216640767213922,0.470917272634454
1751,8.75,0.212494059211788,0.479999975081311
1752,8.755,0.213896541962202,0.489141083165971
1753,8.76,0.210864219135426,0.498335375726185
1754,8.765,0.212718587970079,0.507581561639897
1755,8.77,0.209294920280215,0.516877491657612
1756,8.775,0.209502329340889,0.526646674637613
1757,8.78,0.204428789112017,0.537477229930153
1758,8.785,0.203175514573174,0.548404473769681
1759,8.79,0.196853038163462,0.559426140339412
1760,8.795,0.194691588141606,0.570540224746191
1761,8.8,0.190357738631816,0.581741976844569
1762,8.805,0.190061420311838,0.593028652364909
1763,8.81,0.186096626436596,0.604398530504246
1764,8.815,0.185338747624604,0.615849401664874
1765,8.82,0.180650827843141,0.627379026253423
1766,8.825,0.180020339664607,0.63898399451262
1767,8.83,0.176007371835646,0.65066098211513
1768,8.835,0.175376242350373,0.662407662414543
1769,8.84,0.170289625190098,0.674222277424376
1770,8.845,0.1686089745702,0.686102229879259
1771,8.85,0.163726759255523,0.698043747450313
1772,8.855,0.162557511098609,0.710043766515899
1773,8.86,0.157354818165275,0.722100061458952
1774,8.865,0.155652916877889,0.734210730767278
1775,8.87,0.152195337242113,0.746369795517683
1776,8.875,0.150107379574333,0.758577053514019
1777,8.88,0.145409848470176,0.770830270439193
1778,8.885,0.143279670558574,0.783125812188717
1779,8.89,0.139485534125555,0.795459887918073
1780,8.895,0.13760805276727,0.807830587126134
1781,8.9,0.134304803783379,0.820234729110324
1782,8.905,0.132875359050238,0.832668851803398
1783,8.91,0.128012184124394,0.845133035806377
1784,8.915,0.125762364892121,0.857623691977427
1785,8.92,0.121195458686695,0.8701373162322
1786,8.925,0.118724138806203,0.882671611654515
1787,8.93,0.116840542653327,0.863554998437062
1788,8.935,0.116527845739565,0.862271405923459
1789,8.94,0.112227064266388,0.874616090360268
1790,8.945,0.108796004657262,0.886982360317135
1791,8.95,0.104263139582801,0.894348536086864
1792,8.955,0.101621736828688,0.906940075797047
1793,8.96,0.0966361012657148,0.91955034676166
1794,8.965,0.102972138946651,0.842923868047624
1795,8.97,0.112936616480261,0.742010942175409
1796,8.975,0.121656527899563,0.678917333169043
1797,8.98,0.136426704333189,0.588281424041239
1798,8.985,0.1740206038645,0.460239174153019
1799,8.99,0.169437678155183,0.466969849865091
1800,8.995,0.204664234296419,0.385163160168665
1801,9,0.222190925586858,0.352438709922768
1802,9.005,0.219313841927581,0.357748648071782
1803,9.01,0.282872651273404,0.275635882772931
1804,9.015,0.426209804955153,0.184858550361702
1805,9.02,0.420267676142111,0.188189641403265
1806,9.025,0.418719055554619,0.191554340324346
1807,9.03,0.413101398891693,0.194952641166103
1808,9.035,0.413974114650681,0.198383818685781
1809,9.04,0.409582775331422,0.201847784060034
1810,9.045,0.409598821532197,0.205344577796709
1811,9.05,0.403029168048914,0.208874352860751
1812,9.055,0.403965492232878,0.212436341677489
1813,9.06,0.399934335858183,0.21602979380263
1814,9.065,0.40124396603394,0.219654952736595
1815,9.07,0.396782819600786,0.223311549274643
1816,9.075,0.397585726554201,0.226999548242996
1817,9.08,0.395015673315782,0.230717573149876
1818,9.085,0.396168886520032,0.234466036011102
1819,9.09,0.392992118249116,0.238244767147946
1820,9.095,0.392914860171586,0.24205365368496
1821,9.1,0.388649327721371,0.245892350185641
1822,9.105,0.388140498234505,0.249760424472548
1823,9.11,0.383990705603076,0.253657537172521
1824,9.115,0.384547853039389,0.257583078947804
1825,9.12,0.381388124787868,0.261536707095472
1826,9.125,0.382929376313683,0.265517903550803
1827,9.13,0.380414400438843,0.269526073841687
1828,9.135,0.381602185851658,0.273561602620051
1829,9.14,0.37913135644442,0.27762367239141
1830,9.145,0.380345330641731,0.281712114938156
1831,9.15,0.378450972066451,0.285825934650848
1832,9.155,0.379693902177155,0.289965231119665
1833,9.16,0.377356207786275,0.294129707867606
1834,9.165,0.37756918993596,0.298319353946641
1835,9.17,0.374684121452885,0.302533492200426
1836,9.175,0.374353078373275,0.30677187766744
1837,9.18,0.371445372010039,0.31103394927535
1838,9.185,0.371244017610746,0.315319339409822
1839,9.19,0.368474050986016,0.319627522748432
1840,9.195,0.367505473121006,0.323958535046885
1841,9.2,0.364629985032236,0.328311695286867
1842,9.205,0.363618154438413,0.332686730310965
1843,9.21,0.361498805279012,0.337083007136074
1844,9.215,0.361833932526119,0.341499756431637
1845,9.22,0.360314494690267,0.345936713386525
1846,9.225,0.360510919329308,0.350393698131547
1847,9.23,0.358760965627631,0.354870442878695
1848,9.235,0.359564826554345,0.359365975085736
1849,9.24,0.357996107193987,0.363880121749585
1850,9.245,0.358524465501139,0.368412660901563
1851,9.25,0.356680596702626,0.372963237782791
1852,9.255,0.357134557972317,0.377531181802272
1853,9.26,0.354446881273197,0.382116676209071
1854,9.265,0.35449681150382,0.386718938886014
1855,9.27,0.350699187751823,0.391338019910925
1856,9.275,0.350176379781493,0.395973429170304
1857,9.28,0.346996958117943,0.400624358061668
1858,9.285,0.346492926329418,0.405290683155048
1859,9.29,0.343039151435464,0.409972014900816
1860,9.295,0.342055958384032,0.414668166043466
1861,9.3,0.338559201641098,0.419378419824058
1862,9.305,0.33596313675838,0.424103104438159
1863,9.31,0.331488583475146,0.428841593917399
1864,9.315,0.328217488809678,0.433593655885469
1865,9.32,0.323879183667618,0.438358664214796
1866,9.325,0.320178131633463,0.443136552618737
1867,9.33,0.315933036137174,0.447926738011856
1868,9.335,0.311786749494371,0.452729107530122
1869,9.34,0.359180113006402,0.391862631553227
1870,9.345,0.355516560086405,0.396080888483159
1871,9.35,0.429933785364849,0.326870083432511
1872,9.355,0.426739960187711,0.330598660745984
1873,9.36,0.421393012913925,0.334341988266565
1874,9.365,0.41878664424679,0.338099745228805
1875,9.37,0.414269137157974,0.341871620896789
1876,9.375,0.411975383577712,0.345657452168222
1877,9.38,0.407149472931181,0.349457042448775
1878,9.385,0.40389505120267,0.353270440068994
1879,9.39,0.400306336684137,0.3570969576355
1880,9.395,0.39832248525719,0.360936316758935
1881,9.4,0.394966206654059,0.364788481879827
1882,9.405,0.393534139566719,0.36865308278926
1883,9.41,0.390775967905022,0.372529813151502
1884,9.415,0.389176035024895,0.376418609390962
1885,9.42,0.386147170721895,0.380319314588455
1886,9.425,0.384986558096325,0.384231435923092
1887,9.43,0.381441341322685,0.388155012452358
1888,9.435,0.37920509323477,0.392089986672292
1889,9.44,0.375333480262365,0.396036028387927
1890,9.445,0.373381596855996,0.399992791667777
1891,9.45,0.369386217105554,0.403960170052088
1892,9.455,0.366986176690812,0.407937986868327
1893,9.46,0.362008905818234,0.411926169266944
1894,9.465,0.366265523860001,0.407138100914352
1895,9.47,0.364439218051992,0.407301476790846
1896,9.475,0.382539686250394,0.388289755146027
1897,9.48,0.377789093887315,0.392533275587512
1898,9.485,0.374861013059611,0.396797355769961
1899,9.49,0.371306111463011,0.401081656784195
1900,9.495,0.36903295845936,0.405386135641891
1901,9.5,0.366181375025978,0.409710544974522
1902,9.505,0.364683777951751,0.414054647904539
1903,9.51,0.362212700099541,0.418418243287975
1904,9.515,0.36006641457946,0.422801606554799
1905,9.52,0.357557959206641,0.427204331567222
1906,9.525,0.35560521559526,0.431626331204524
1907,9.53,0.353986020207195,0.436067119053154
1908,9.535,0.352656865309106,0.440526548706721
1909,9.54,0.351196171493786,0.445004571017166
1910,9.545,0.349765911181521,0.449500991420443
1911,9.55,0.347241870648534,0.454016055003046
1912,9.555,0.344615536083068,0.458549844996139
1913,9.56,0.342648784424819,0.463101633189316
1914,9.565,0.340626064941111,0.467671329283528
1915,9.57,0.339270808816574,0.472258659211784
1916,9.575,0.337865532356846,0.476863390417829
1917,9.58,0.337238539706633,0.481485225560312
1918,9.585,0.336699142142468,0.486123618336743
1919,9.59,0.336449615506156,0.490778582994458
1920,9.595,0.336174564670554,0.49544978881191
1921,9.6,0.336064781067182,0.500137029866513
1922,9.605,0.335720161824033,0.504840372259587
1923,9.61,0.335481179138775,0.509559618090182
1924,9.615,0.334959933286584,0.514294808471339
1925,9.62,0.334833869786631,0.519045290565936
1926,9.625,0.333903626901836,0.523811469849414
1927,9.63,0.333197717702647,0.528593362356621
1928,9.635,0.332224005736146,0.533390448787901
1929,9.64,0.331203141468547,0.538202720323622
1930,9.645,0.329486107974711,0.54303047547767
1931,9.65,0.328698849527409,0.547872949204509
1932,9.655,0.326931804138971,0.552730303622179
1933,9.66,0.326202231499007,0.557602172163194
1934,9.665,0.324146331483799,0.562488690811214
1935,9.67,0.323167182917531,0.567389553979627
1936,9.675,0.320042870182567,0.572305070532533
1937,9.68,0.317760274779554,0.577235321116005
1938,9.685,0.314215893616954,0.582179986487148
1939,9.69,0.311954824327036,0.5871388201561
1940,9.695,0.307963683380614,0.592111883273937
1941,9.7,0.305063654015628,0.597099163992223
1942,9.705,0.300666965679881,0.602100504863428
1943,9.71,0.297457281136039,0.607115882312123
1944,9.715,0.29328443172676,0.612144950351055
1945,9.72,0.289888363817109,0.617187812855537
1946,9.725,0.285824376981983,0.622244159292458
1947,9.73,0.281991927338148,0.627314103350674
1948,9.735,0.277369478768986,0.632397558403007
1949,9.74,0.273050231102502,0.637494554027761
1950,9.745,0.268892216608959,0.642604658767711
1951,9.75,0.264673620265199,0.647727870180735
1952,9.755,0.260285536904866,0.652864178973013
1953,9.76,0.256131082332205,0.658013390783195
1954,9.765,0.252089570846985,0.663175369030194
1955,9.77,0.248563572437004,0.668349713376436
1956,9.775,0.243929886272922,0.673536773452828
1957,9.78,0.240095566960351,0.678736358222384
1958,9.785,0.23543198341013,0.683948236576628
1959,9.79,0.251069311821604,0.633869577757253
1960,9.795,0.269441346317697,0.584280366956076
1961,9.8,0.279785409609089,0.557641473253732
1962,9.805,0.275277125069854,0.561914953786338
1963,9.81,0.270548077391644,0.566199209017752
1964,9.815,0.288215260532683,0.526468738033359
1965,9.82,0.295871818479573,0.508643758617292
1966,9.825,0.291244915509196,0.512535255426643
1967,9.83,0.286732993005478,0.516437135635903
1968,9.835,0.282693414132237,0.520349191046281
1969,9.84,0.278431620047574,0.524271381496913
1970,9.845,0.274069104860159,0.528203715358426
1971,9.85,0.297122588219975,0.482274360704284
1972,9.855,0.31644740626595,0.449779132370275
1973,9.86,0.33252312473588,0.424723639172706
1974,9.865,0.328809455274667,0.427918560761867
1975,9.87,0.323863506427816,0.431122291700724
1976,9.875,0.31991355371067,0.434334803550702
1977,9.88,0.34315532431798,0.401365750408944
1978,9.885,0.339835953161493,0.404509089955282
1979,9.89,0.335355076720928,0.407663195350249
1980,9.895,0.332841327904313,0.410828038239545
1981,9.9,0.329226039526945,0.414003484207422
1982,9.905,0.327498316191925,0.417189461773918
1983,9.91,0.324592171574272,0.420385808000863
1984,9.915,0.322839094377554,0.423592669794061
1985,9.92,0.32059918117267,0.42680978398181
1986,9.925,0.319466686212858,0.430037020587723
1987,9.93,0.317131970761415,0.433274541265777
1988,9.935,0.316367960940965,0.436522079422469
1989,9.94,0.314117892004818,0.439779706360805
1990,9.945,0.313589761127198,0.443047269458504
1991,9.95,0.311438763272887,0.446324740376072
1992,9.955,0.310727675442705,0.449612131079973
1993,9.96,0.308181842099296,0.452909476108208
1994,9.965,0.307242986794363,0.456216758368921
1995,9.97,0.304870416403625,0.459533751384042
1996,9.975,0.303397807020042,0.462860700355082
1997,9.98,0.300891863078823,0.466197416340372
1998,9.985,0.299117062882363,0.469543967608521
1999,9.99,0.296560103416346,0.472900300327858
2000,9.995,0.295307810980179,0.476266181485293
2001,10,0.292696741640706,0.479641652316181
2002,10.005,0.290481910724927,0.483026919344285
2003,10.01,0.286972366265016,0.486422008929368
2004,10.015,0.28436110180727,0.489826825153048
2005,10.02,0.280437669040324,0.493241445396481
2006,10.025,0.277851768053828,0.496665676296513
2007,10.03,0.273041465067097,0.500099782851388
2008,10.035,0.270319395567776,0.503543596285367
2009,10.04,0.265311547274524,0.506997091949572
2010,10.045,0.261485586932716,0.510460477135736
2011,10.05,0.255842187275894,0.513933705612914
2012,10.055,0.280995043158032,0.464165442947699
2013,10.06,0.275599634191586,0.467414817412537
2014,10.065,0.271880943929458,0.470674662287063
2015,10.07,0.267469182805945,0.473944798037017
2016,10.075,0.264632237788179,0.47722517810835
2017,10.08,0.260875564151115,0.480515635992811
2018,10.085,0.257242498801345,0.483816485587101
2019,10.09,0.253506217695285,0.487127544694138
2020,10.095,0.249991537381025,0.490448779356645
2021,10.1,0.245869941663987,0.493780292126256
2022,10.105,0.242107991646341,0.497122003830959
2023,10.11,0.237288661592998,0.500474094006097
2024,10.115,0.233926336004852,0.503836347904864
2025,10.12,0.229431915155966,0.507208748895831
2026,10.125,0.226060418873396,0.510591338891107
2027,10.13,0.221847699372733,0.513983998521597
2028,10.135,0.218273271650148,0.517386797675057
2029,10.14,0.213891878107727,0.520799779010482
2030,10.145,0.211177808659572,0.524222675118875
2031,10.15,0.206990890766937,0.527655508646779
2032,10.155,0.203400524112066,0.531098497445904
2033,10.16,0.198774800500822,0.534551584642069
2034,10.165,0.194890850901887,0.538014758995971
2035,10.17,0.189567427333634,0.541488136446748
2036,10.175,0.241457511374297,0.419004012143341
2037,10.18,0.23871061772314,0.417726274734064
2038,10.185,0.300140286041482,0.328448883915357
2039,10.19,0.308568857583669,0.316777524812766
2040,10.195,0.303876358717601,0.318858062921839
2041,10.2,0.306281114297406,0.313518841966082
2042,10.205,0.301900986892727,0.315571672261558
2043,10.21,0.31660700553804,0.297856417804056
2044,10.215,0.318781756506703,0.293688263272565
2045,10.22,0.321927085806783,0.288020151794821
2046,10.225,0.317981559724982,0.289919230483939
2047,10.23,0.313671116288193,0.29182468305254
2048,10.235,0.310001070262906,0.293736513022535
2049,10.24,0.304887630643124,0.295654809040395
2050,10.245,0.300780952673291,0.297579569213242
2051,10.25,0.295882148167414,0.29951074053161
2052,10.255,0.291721520723827,0.301448378957546
2053,10.26,0.287771233137797,0.303392360367984
2054,10.265,0.283916348787849,0.305342726844787
2055,10.27,0.279785403354597,0.307299459912258
2056,10.275,0.277070713584254,0.306597261861694
2057,10.28,0.272747325337735,0.308554809590293
2058,10.285,0.30080349276644,0.276433348344174
2059,10.29,0.297237870125248,0.278206624718434
2060,10.295,0.291885095434146,0.279985893519226
2061,10.3,0.296890998491534,0.273154203524499
2062,10.305,0.330418912592555,0.242620255538013
2063,10.31,0.363239942944488,0.21968941212611
2064,10.315,0.357995255062846,0.221113184915725
2065,10.32,0.354616262865007,0.222542056691255
2066,10.325,0.357935820730773,0.218167285979727
2067,10.33,0.367888046648985,0.211688098800019
2068,10.335,0.362517372854745,0.213058159045204
2069,10.34,0.358911905692659,0.214433281809357
2070,10.345,0.354196055010979,0.215813388847685
2071,10.35,0.35000560233098,0.217198557882695
2072,10.355,0.344699769380943,0.21858879816976
2073,10.36,0.364423132515692,0.205647986699153
2074,10.365,0.359670478378117,0.207039748294245
2075,10.37,0.355076976423116,0.208437551436419
2076,10.375,0.350930424476691,0.20984132833955
2077,10.38,0.345618683394559,0.211251180800366
2078,10.385,0.341413697608818,0.212667093481414
2079,10.39,0.336502092458319,0.214089054195834
2080,10.395,0.332576521761794,0.215517108622932
2081,10.4,0.329625471404641,0.216951127073286
2082,10.405,0.326684798565384,0.218391143271315
2083,10.41,0.324287080898657,0.219837156758564
2084,10.415,0.322031543634668,0.22128913713374
2085,10.42,0.319880095419792,0.222747098069948
2086,10.425,0.31739892127524,0.22421108983579
2087,10.43,0.315333259902991,0.225681086043514
2088,10.435,0.31260236847188,0.227157127551475
2089,10.44,0.310088373350417,0.228639248397097
2090,10.445,0.306941085099656,0.230127460278453
2091,10.45,0.303759047019769,0.231621823528961
2092,10.455,0.300634803133921,0.233122320309008
2093,10.46,0.297830955421509,0.234628930894061
2094,10.465,0.294675223686617,0.236141695245121
2095,10.47,0.291998488354845,0.23766060819761
2096,10.475,0.289032360436828,0.239185669598036
2097,10.48,0.286163687903949,0.240716903737068
2098,10.485,0.282497528543352,0.242254378474802
2099,10.49,0.279195637577898,0.243798088408822
2100,10.495,0.274835590408934,0.245348110037328
2101,10.5,0.271991236278394,0.246904388438539
2102,10.505,0.26822187627799,0.24846691404129
2103,10.51,0.265613246960465,0.250035715647124
2104,10.515,0.262331683629545,0.251610754606468
2105,10.52,0.259523903419012,0.25319208215019
2106,10.525,0.255863264004631,0.254779748820389
2107,10.53,0.253750703273173,0.256373682923685
2108,10.535,0.250682946828135,0.257973875798805
2109,10.54,0.248649339219329,0.259580368460871
2110,10.545,0.245894054011731,0.261193130288841
2111,10.55,0.244149570385902,0.262812184273408
2112,10.555,0.242375491088526,0.264437446751097
2113,10.56,0.241763640694616,0.266068822402309
2114,10.565,0.240368994212786,0.267706332087742
2115,10.57,0.239552485844784,0.269350054418963
2116,10.575,0.238097058833753,0.270999959746084
2117,10.58,0.237167795878423,0.27265610035577
2118,10.585,0.23594279765498,0.274318388634439
2119,10.59,0.234588433745507,0.275986946265705
2120,10.595,0.233010360152319,0.277661794336814
2121,10.6,0.231808113566183,0.279342876450417
2122,10.605,0.230171875538645,0.281030240488327
2123,10.61,0.229037047504548,0.282723873381018
2124,10.615,0.227584331605064,0.284423758966698
2125,10.62,0.226689876637884,0.286129906845809
2126,10.625,0.225901192776269,0.287842187702975
2127,10.63,0.225270120672967,0.289560641197652
2128,10.635,0.2245156314499,0.29128525234594
2129,10.64,0.223616961679597,0.293016121758084
2130,10.645,0.222917010408211,0.294753185371787
2131,10.65,0.222116885690298,0.296496449490054
2132,10.655,0.221539068747317,0.298245889932982
2133,10.66,0.220697367409958,0.300001522039636
2134,10.665,0.219808604839379,0.301763426498159
2135,10.67,0.218779262968356,0.303531595453212
2136,10.675,0.217753826535378,0.305306050635892
2137,10.68,0.216741380380574,0.307086787292324
2138,10.685,0.215916751456341,0.308873763265839
2139,10.69,0.214879615192961,0.310666996530077
2140,10.695,0.213730941293335,0.312466576396838
2141,10.7,0.212773113569967,0.3142724403941
2142,10.705,0.211542727826949,0.316084593953435
2143,10.71,0.209714821299229,0.317903186845302
2144,10.715,0.207601555554442,0.319728289554105
2145,10.72,0.20556355980639,0.321559858910287
2146,10.725,0.203151899383615,0.323397969048476
2147,10.73,0.201197587073079,0.325242547814426
2148,10.735,0.197799996211156,0.327093751726397
2149,10.74,0.194940218005036,0.328951636472744
2150,10.745,0.19142403337111,0.330816183193256
2151,10.75,0.188623520207138,0.332687412504559
2152,10.755,0.185244064152567,0.33456529155092
2153,10.76,0.181714184536704,0.336449944137484
2154,10.765,0.178115489313225,0.338341347518343
2155,10.77,0.174167097290562,0.34023956399728
2156,10.775,0.170297133423509,0.342144613075202
2157,10.78,0.166191884139362,0.344056518850297
2158,10.785,0.162215474424485,0.345975297977416
2159,10.79,0.15797397933377,0.347900984404366
2160,10.795,0.15411924950839,0.349833569316853
2161,10.8,0.149769522963391,0.351773084670206
2162,10.805,0.145557587594432,0.353719566078319
2163,10.81,0.140723410244476,0.355673079611071
2164,10.815,0.136706903408056,0.357633598747348
2165,10.82,0.131817048409607,0.359601146541644
2166,10.825,0.127182022233901,0.36157579871835
2167,10.83,0.134418699875759,0.330159981060598
2168,10.835,0.130497113300117,0.331222509762575
2169,10.84,0.126045421521485,0.333049871091082
2170,10.845,0.121671904908499,0.334883917770396
2171,10.85,0.116947758712676,0.336724673693759
2172,10.855,0.112351736156481,0.338572163134081
2173,10.86,0.107229871064667,0.340426434103697
2174,10.865,0.111653088672474,0.314387654902111
2175,10.87,0.106730547414252,0.316121063839896
2176,10.875,0.102309105216828,0.317860937146145
2177,10.88,0.097973802684865,0.319607252767265
2178,10.885,0.0935489035680748,0.321360046280036
2179,10.89,0.0891335575431845,0.323119346236352
2180,10.895,0.0849298642582375,0.324885134911856
2181,10.9,0.0800799540737989,0.326657469342673
2182,10.905,0.0824261933524882,0.299887949934321
2183,10.91,0.0780193598096531,0.300491743255981
2184,10.915,0.0735934367503512,0.302151285000989
2185,10.92,0.0689308023168422,0.303817212508436
2186,10.925,0.0643660202023291,0.305489542056452
2187,10.93,0.0593437468775409,0.307168324808518
2188,10.935,0.0547989277413584,0.308853564154093
2189,10.94,0.0498320983770713,0.310545281668386
2190,10.945,0.045540003982537,0.312243487810115
2191,10.95,0.0411337809513133,0.313948151849947
2192,10.955,0.0368330274467252,0.315659320594489
2193,10.96,0.0326360576263987,0.317376995211486
2194,10.965,0.028866207583822,0.319101157763361
2195,10.97,0.0251121533397932,0.32083180392771
2196,10.975,0.0214338041819624,0.322568946529094
2197,10.98,0.0172994470533374,0.32431264632205
2198,10.985,0.0135077256946335,0.326062914194091
2199,10.99,0.00924637620436052,0.327819763829769
2200,10.995,0.00478918331921106,0.329583276811634
2201,11,0,0.331353478673302
