t,online_mean,online_cov
0,2,0.1
0.001,1.99938689979398,0.10074
0.002,1.98188736722385,0.101475015885517
0.003,1.97423025710046,0.102211849909164
0.004,1.95908001898355,0.102946635444448
0.005,1.94916778226742,0.103682479940268
0.006,1.91333893589805,0.104417338255661
0.007,1.9002010673203,0.105161916153537
0.008,1.89446621702223,0.105907233332444
0.009,1.91128048065965,0.106650258687093
0.01,1.9302905026469,0.10738118021131
0.011,1.90875572436212,0.108098735001093
0.012,1.8867338044709,0.108820340243052
0.013,1.8613357919427,0.109546405806982
0.014,1.84212667274077,0.110278593343039
0.015,1.82627688470998,0.111014476066323
0.016,1.82722946030291,0.111752764282543
0.017,1.79877191132617,0.112486080258047
0.018,1.77784553663504,0.113227484804867
0.019,1.77569631116206,0.113973948516101
0.02,1.76469586822479,0.114717177717655
0.021,1.7877323626313,0.115461215234206
0.022,1.80027552062012,0.116190086584326
0.023,1.80830879144499,0.116908511073882
0.024,1.80755385535082,0.117618434330238
0.025,1.79389548707607,0.118323897888868
0.026,1.79401797367863,0.119030971552106
0.027,1.77940709372952,0.119733191911445
0.028,1.77331225075295,0.120437568197948
0.029,1.74981279085446,0.121140134981764
0.03,1.73964347042197,0.121849272036351
0.031,1.73391371384145,0.122558798981485
0.032,1.73136535880807,0.123266615995412
0.033,1.73529130835373,0.123971166729438
0.034,1.72727403416506,0.124669181602674
0.035,1.70266917964221,0.125366561910965
0.036,1.66726380660768,0.126071574413577
0.037,1.65415280783914,0.126789729614343
0.038,1.6550228363541,0.127510399153657
0.039,1.66188396047935,0.128226569476618
0.04,1.65199681850226,0.128935058464824
0.041,1.65947127999479,0.129644441140102
0.042,1.66981384068053,0.130345716057585
0.043,1.66100905227792,0.131037209690342
0.044,1.65183998596849,0.131728896503264
0.045,1.64980596101256,0.132421031213478
0.046,1.64409995159482,0.133109895878926
0.047,1.64126921651251,0.133797433813768
0.048,1.6275838718837,0.134482126060905
0.049,1.63682048307211,0.135169789288753
0.05,1.64518039735337,0.135848071171628
0.051,1.66718930422355,0.136517298317155
0.052,1.63703159832862,0.137169634844294
0.053,1.61274878284801,0.137833525815147
0.054,1.61957164045421,0.138506118628746
0.055,1.61057845036099,0.139170471220267
0.056,1.61659638735611,0.139835331317844
0.057,1.59650713926868,0.140492304980524
0.058,1.60842945642211,0.141155943299762
0.059,1.63793807999541,0.141808299484034
0.06,1.63422168253063,0.14243883122506
0.061,1.62006626814244,0.143066575756501
0.062,1.63768840425111,0.143697493672872
0.063,1.63470457726055,0.144313229717908
0.064,1.66470580640409,0.144925642999989
0.065,1.67947884882213,0.14551511769408
0.066,1.69915298642681,0.146090443163484
0.067,1.69777084761891,0.146648465068996
0.068,1.69808724405281,0.147201493708978
0.069,1.66133967964715,0.147748485845077
0.07,1.64938126010926,0.1483110982201
0.071,1.63328252277684,0.148875188732471
0.072,1.64393753907661,0.149443291704935
0.073,1.64920303142243,0.149999450675496
0.074,1.66456529288044,0.150546790826935
0.075,1.6927404143783,0.151079014326842
0.076,1.71464339665801,0.151587944023601
0.077,1.69402359211663,0.152077171692702
0.078,1.70210144930198,0.1525725267148
0.079,1.69087424209167,0.153056603470824
0.08,1.69429640340007,0.153541173870803
0.081,1.69909687319523,0.154017262304276
0.082,1.6942686328593,0.154483930108667
0.083,1.67267910894212,0.154947081995979
0.084,1.63122609756,0.155417078374763
0.085,1.63590034136505,0.155906202814894
0.086,1.65405693073724,0.15638626061096
0.087,1.65125730974769,0.156848579999607
0.088,1.66121634812761,0.157306278504866
0.089,1.64056028218351,0.157751226745175
0.09,1.62306689291641,0.158202673011615
0.091,1.62853326579678,0.158658780200868
0.092,1.6085609329027,0.159105060525196
0.093,1.62680668485807,0.159557638993988
0.094,1.62346568234269,0.159992101520113
0.095,1.64841550462533,0.16042224162599
0.096,1.62191899247254,0.160829609084428
0.097,1.60190628101391,0.161247268613701
0.098,1.5847952813877,0.16167127210394
0.099,1.57003578412166,0.162099894505332
0.1,1.57275438021198,0.162531733594738
0.101,1.56186303511154,0.162955494104202
0.102,1.57143107183704,0.163380021269019
0.103,1.57949181781956,0.163791916736474
0.104,1.54385325822664,0.164192062658185
0.105,1.55114274950266,0.164608957455438
0.106,1.58578009656081,0.16501471217666
0.107,1.54074244238498,0.165390762902229
0.108,1.52039377953121,0.165789676575869
0.109,1.5343882311319,0.166195690720333
0.11,1.55032720284189,0.166586012879589
0.111,1.54604323721471,0.166959175451801
0.112,1.51852786021464,0.167328671290513
0.113,1.52181974836032,0.167709977800543
0.114,1.54103039614349,0.168082663779714
0.115,1.52712604066926,0.168435811084234
0.116,1.54553026987735,0.168791739841317
0.117,1.59141299680561,0.169128539062813
0.118,1.56049454254444,0.169426925341184
0.119,1.53152840781356,0.169739197059319
0.12,1.54781940353948,0.170064235204453
0.121,1.53121662833607,0.170371370989015
0.122,1.51830867178872,0.170683017272136
0.123,1.56867211523103,0.170996753065146
0.124,1.5572684204179,0.171268564492688
0.125,1.57179781330055,0.171541205398863
0.126,1.56753869657482,0.171796810891954
0.127,1.55680184710831,0.172048295432723
0.128,1.52631874660189,0.172300130288232
0.129,1.52674553146127,0.172565884445903
0.13,1.52482176970542,0.172824463159426
0.131,1.51372477373647,0.173077478091112
0.132,1.5041214371909,0.173331285211886
0.133,1.52976241362426,0.173584900201631
0.134,1.53949300061446,0.173813634147263
0.135,1.56762217950531,0.17402856126054
0.136,1.54418848210435,0.174216594444045
0.137,1.54698431516996,0.174413750322904
0.138,1.54573522444643,0.17460184642798
0.139,1.55133979744174,0.174783697739997
0.14,1.51826657683001,0.174954476811555
0.141,1.51563193596876,0.175141158509366
0.142,1.49467158146226,0.17532266803114
0.143,1.4893160291194,0.175511846196365
0.144,1.49832788627462,0.175697856140242
0.145,1.52694324265003,0.175870555112118
0.146,1.52833651080879,0.17601588766251
0.147,1.57005985946218,0.176153134018826
0.148,1.59460725152185,0.176253407950742
0.149,1.55161810065238,0.176328918988982
0.15,1.5191462293271,0.176427239879555
0.151,1.50712450158051,0.176541203490959
0.152,1.45807079654527,0.176656582736542
0.153,1.48103037177867,0.176799321774483
0.154,1.45939516879477,0.17691877658834
0.155,1.45722702463757,0.177046576768947
0.156,1.45488649555346,0.177169038993905
0.157,1.48857877450413,0.177286293798872
0.158,1.50168534949955,0.177372474629697
0.159,1.49390650206266,0.177442308944712
0.16,1.45831446142941,0.177510668777733
0.161,1.49985085694337,0.177597222080498
0.162,1.45798861973635,0.177646967503755
0.163,1.4304903718686,0.177719321793951
0.164,1.45030042699755,0.177804326051043
0.165,1.44188764943874,0.177868338126306
0.166,1.5094339092821,0.177931527251439
0.167,1.50995958908131,0.177938875488542
0.168,1.54016018974598,0.177938896669836
0.169,1.50075025213915,0.177910252788129
0.17,1.51822563233331,0.177902554696188
0.171,1.47920536823151,0.177875434244015
0.172,1.51427668494208,0.177869056906684
0.173,1.49540730727943,0.177830624036565
0.174,1.51018927776695,0.177798754577182
0.175,1.48318493559552,0.177749489829196
0.176,1.45905013805284,0.177712582278591
0.177,1.45964538912151,0.177686064682019
0.178,1.4908767161661,0.177652434155868
0.179,1.48285032005403,0.177589709965837
0.18,1.50132562589024,0.177526005690594
0.181,1.48182675344633,0.177442423516043
0.182,1.47323155642916,0.177366021572125
0.183,1.45904320967489,0.177289119648481
0.184,1.46469955404483,0.177215713183988
0.185,1.446862269933,0.177131743734922
0.186,1.42527246556588,0.177053899827786
0.187,1.46501382072884,0.176984866539556
0.188,1.46617361753025,0.176880952794116
0.189,1.46265468857917,0.176769784960056
0.19,1.44743751181284,0.176654710291395
0.191,1.41526950356762,0.17654402488484
0.192,1.39505012989033,0.176449665547871
0.193,1.36186654457906,0.176363291899304
0.194,1.35100931964428,0.17629402229581
0.195,1.38104616809931,0.176226237657362
0.196,1.37078505220085,0.176130934138278
0.197,1.36443928830961,0.176036729464116
0.198,1.35913579660928,0.175940896972548
0.199,1.36561758164803,0.175842732179296
0.2,1.32450958137104,0.175733945918273
0.201,1.33041255378438,0.175647912191916
0.202,1.33447123841747,0.17555174756213
0.203,1.34276689333367,0.175446782091239
0.204,1.33172049823401,0.175330055740374
0.205,1.30743354636437,0.175215202491335
0.206,1.25629895203184,0.175111498941223
0.207,1.22307911630392,0.175037568988065
0.208,1.21917174250278,0.174981061095214
0.209,1.15365138081439,0.174921578880815
0.21,1.18934417409488,0.174901807364366
0.211,1.21040452681107,0.174851183568411
0.212,1.19979093589195,0.174780105761492
0.213,1.18944323534384,0.17471085780051
0.214,1.13353148584299,0.174643282530702
0.215,1.16348885625509,0.174608925285495
0.216,1.15007328983835,0.174547970641376
0.217,1.12255199158261,0.174490918217651
0.218,1.10881412326006,0.174447592818329
0.219,1.10390221262677,0.174408458440327
0.22,1.11924682806971,0.174367391330454
0.221,1.08201972053175,0.174310216228587
0.222,1.09184416397116,0.174273566277252
0.223,1.08529745886856,0.174224754434532
0.224,1.07169768949069,0.1741752557966
0.225,1.09815517898033,0.174130005935344
0.226,1.13786532478468,0.174060976033007
0.227,1.11583241254903,0.173958826449002
0.228,1.07954355129555,0.173866843221259
0.229,1.05007154600145,0.173794877357477
0.23,1.06066476062529,0.173738250490784
0.231,1.02701641530214,0.173669163380437
0.232,1.00205809971544,0.1736183299611
0.233,0.954001360854866,0.173579788048144
0.234,1.03711416998311,0.173569412015324
0.235,1.06043150345022,0.17349523216491
0.236,1.03427835863068,0.173399838103071
0.237,1.01725207797831,0.173317663580502
0.238,1.01406564339851,0.173242428473067
0.239,1.08439602354915,0.173164572531836
0.24,1.11500763339575,0.173032408363677
0.241,1.10649345089914,0.172874149972056
0.242,1.08517712526947,0.172717108775565
0.243,1.11499150439645,0.172570125137001
0.244,1.07972233204506,0.17239776583574
0.245,1.01334719942344,0.172245067406
0.246,0.991417665871145,0.172133104089534
0.247,0.949202869679092,0.172031623511674
0.248,0.982971572135405,0.171954460699389
0.249,0.98555684605265,0.171849292928025
0.25,0.94673772030377,0.171737822980153
0.251,0.976286663784776,0.171648408367406
0.252,0.985168049059685,0.171534059642733
0.253,0.975480724532967,0.17140916141933
0.254,0.992231050988177,0.171286517267756
0.255,0.956030284949383,0.171147965132865
0.256,1.00296840344535,0.171029773314747
0.257,1.00921070771054,0.170874797601882
0.258,0.972118080662957,0.170711302373278
0.259,1.00151549279571,0.170568832548338
0.26,1.05206203008656,0.170401946516182
0.261,1.07538635324151,0.17019609738844
0.262,1.05645889442946,0.16997025680402
0.263,1.08548393329441,0.169753332078498
0.264,1.0314764446049,0.16951262899655
0.265,1.05768654253323,0.169304460775441
0.266,0.961751572921925,0.169074521863392
0.267,0.89729667292233,0.168904774291323
0.268,0.896674066847585,0.168774236871446
0.269,0.91350575469871,0.168640110911131
0.27,0.935878412632733,0.168490594160377
0.271,0.97097578519367,0.168321986517027
0.272,0.997330772636085,0.16812570626903
0.273,1.02632905587396,0.167907834773078
0.274,1.0386340075384,0.167666692501671
0.275,1.02272376895549,0.167413700108822
0.276,1.04043480021429,0.167167853440526
0.277,0.985679557600168,0.166906608563476
0.278,0.904767662490615,0.166678254511855
0.279,0.900463672183133,0.166499741152976
0.28,0.922874437169951,0.166320455410048
0.281,0.888710632160888,0.16612256007326
0.282,0.849004799541409,0.165943744089077
0.283,0.851288860699614,0.165787588243716
0.284,0.865880736718379,0.16562630109082
0.285,0.877467482435089,0.165451727961068
0.286,0.904228152398672,0.165265941093199
0.287,0.879311833414482,0.165058894698611
0.288,0.83793376160948,0.164864893624938
0.289,0.839749642460344,0.164694656198493
0.29,0.827441422160746,0.164519777639752
0.291,0.771388988472995,0.164349590252923
0.292,0.798307088095057,0.16421257959089
0.293,0.770482264136207,0.164054302225625
0.294,0.774695828477674,0.163910842157629
0.295,0.719373187478085,0.163761200231063
0.296,0.698485548401641,0.163644154941961
0.297,0.669417771005651,0.163537318107118
0.298,0.715603673965147,0.163445990430263
0.299,0.752940311630532,0.163320702409616
0.3,0.718125872206672,0.163167469750277
0.301,0.745370073675463,0.163033616183236
0.302,0.727614789824996,0.162878593851581
0.303,0.708311429800881,0.162731920539073
0.304,0.747748636563156,0.162594582633926
0.305,0.782822154645659,0.162428163031092
0.306,0.778758975330756,0.162235683467605
0.307,0.777446751742025,0.162042850881211
0.308,0.773560274327406,0.16184789845967
0.309,0.798160725362429,0.16165252020501
0.31,0.843661597354676,0.16143822644212
0.311,0.818521568053255,0.161191474793465
0.312,0.796020209670886,0.16095822783446
0.313,0.852601923921259,0.160736731399315
0.314,0.853561352306823,0.160475753360113
0.315,0.843272492299554,0.160211620866072
0.316,0.854103447839742,0.159951576806502
0.317,0.878184975423041,0.159682078487149
0.318,0.883899715302616,0.159394687290289
0.319,0.865222791647277,0.159101317707817
0.32,0.850326349289304,0.158817539516808
0.321,0.847652306913737,0.158540905695868
0.322,0.904589719900092,0.158263639668285
0.323,0.908204003962994,0.15794768935427
0.324,0.881377189276188,0.157627380020662
0.325,0.83823708426369,0.157321912559688
0.326,0.793722064073473,0.157041364104148
0.327,0.818978559576662,0.156786418190443
0.328,0.844911458727476,0.15651322241198
0.329,0.829998189840521,0.156221494244651
0.33,0.841694422480862,0.15593697713483
0.331,0.841478828403551,0.155643022830136
0.332,0.841702209697897,0.155347152120831
0.333,0.801654924889025,0.155049120070503
0.334,0.819382831920718,0.154773822571137
0.335,0.792802377481363,0.154485405381147
0.336,0.850522087914606,0.154211357121165
0.337,0.909762235402735,0.153899305207875
0.338,0.848393644924818,0.153548630535268
0.339,0.857671969784616,0.153233817749662
0.34,0.813244593182273,0.152911526368398
0.341,0.802094212053308,0.15261455944639
0.342,0.75578238432986,0.152322538418176
0.343,0.748373901977788,0.15205671553045
0.344,0.745380002193614,0.151793388842334
0.345,0.770305636423646,0.151529872808339
0.346,0.774939220712283,0.151249190999525
0.347,0.825925817362491,0.150963828733014
0.348,0.79935199909869,0.15064561200583
0.349,0.779783715873082,0.150341766287484
0.35,0.750154210619594,0.15004798976219
0.351,0.731635582889417,0.149770215431931
0.352,0.73942563729121,0.1495017057205
0.353,0.749444883953345,0.149226674256493
0.354,0.746186332017953,0.148943850248722
0.355,0.718264929687966,0.148661234135644
0.356,0.718052464727375,0.148393454540118
0.357,0.721082694259977,0.148124002536652
0.358,0.735535228534632,0.147850979460672
0.359,0.727326759767499,0.147567649201229
0.36,0.76015839914748,0.147287508100103
0.361,0.744754869737447,0.146986263922652
0.362,0.785224251970623,0.146692559918056
0.363,0.740874491733393,0.146373425514516
0.364,0.781505815812526,0.146078781713233
0.365,0.752926649805574,0.145758749002735
0.366,0.70821065437557,0.145454018415367
0.367,0.6901360383181,0.145173770077939
0.368,0.67311015324427,0.144902441398731
0.369,0.65736851262804,0.144639361973084
0.37,0.652364373901192,0.144383733388299
0.371,0.677814403378962,0.14412931538455
0.372,0.661400760122939,0.14385848971644
0.373,0.673013239306149,0.143595545061944
0.374,0.636627765903839,0.143324324235036
0.375,0.635619041579149,0.143072361616345
0.376,0.587285485195692,0.142819341057518
0.377,0.529814073088012,0.142592168647093
0.378,0.489134180615066,0.142395792496249
0.379,0.468532069984266,0.142220546963344
0.38,0.49522759170531,0.142054959859924
0.381,0.465692589417553,0.141872051501936
0.382,0.434980361945021,0.141703885422112
0.383,0.421992981395276,0.141551035894105
0.384,0.405996256055361,0.1414034300386
0.385,0.416045365672743,0.141262744053533
0.386,0.36203175878822,0.141114225731337
0.387,0.337465392512996,0.140993914885742
0.388,0.369760550931232,0.140885213782496
0.389,0.353453935933066,0.140755951354016
0.39,0.345907504217238,0.140633722405076
0.391,0.337209445925314,0.140513581020987
0.392,0.346038990207797,0.140396174000712
0.393,0.324534014713328,0.140271643078976
0.394,0.342617899890877,0.140157052016924
0.395,0.386389990405313,0.14003014559873
0.396,0.44581267563231,0.139876480243558
0.397,0.429195896592152,0.139687358847631
0.398,0.415627596141741,0.139505830970679
0.399,0.392066501603369,0.139330154670147
0.4,0.38084591992114,0.139165843944573
0.401,0.372640749951412,0.139005984908071
0.402,0.386493324905767,0.1388488831022
0.403,0.355301363676599,0.138682257821524
0.404,0.327617693409961,0.138531139406261
0.405,0.324850154852965,0.138393500526166
0.406,0.314583207308875,0.138255513796254
0.407,0.35255759216512,0.138121336326146
0.408,0.417210636946938,0.137964172126264
0.409,0.395139070091014,0.137769253943794
0.41,0.440525996280486,0.137584992863482
0.411,0.410893622359631,0.137374045764378
0.412,0.42575614628209,0.137177981058214
0.413,0.425602769338767,0.136972299743323
0.414,0.364123970479206,0.136765337907626
0.415,0.319043936409472,0.136590423073091
0.416,0.336501813099813,0.136438468591596
0.417,0.346980192198761,0.136275281749473
0.418,0.37375303168593,0.136104776846296
0.419,0.410266361253743,0.135918096461897
0.42,0.372731527789959,0.135710035167435
0.421,0.335002232380945,0.135521001571938
0.422,0.325041743978368,0.13535095219741
0.423,0.321540938491914,0.135184795052823
0.424,0.324065959410132,0.135019019508632
0.425,0.260222822409865,0.134850374714875
0.426,0.272737463250556,0.134714432462548
0.427,0.22050694544974,0.134570063283999
0.428,0.204605599835907,0.134452033911129
0.429,0.253152834835013,0.134340798443638
0.43,0.253747534069189,0.134201501748399
0.431,0.249635847309915,0.134060289740378
0.432,0.257446515297336,0.133919710068056
0.433,0.260804392975137,0.133773372096667
0.434,0.216374464381502,0.133623715193854
0.435,0.155753325066718,0.133496197655908
0.436,0.184699122393971,0.133399201331113
0.437,0.226413758479595,0.133284904050598
0.438,0.169323390812529,0.13314655364248
0.439,0.143930652567296,0.133036894563499
0.44,0.228808019258784,0.132939043150448
0.441,0.237560189674039,0.132793760209477
0.442,0.220392917543794,0.132642395052393
0.443,0.201522725550457,0.132498749530953
0.444,0.168645590617174,0.132363672283768
0.445,0.203046759699639,0.132244479589229
0.446,0.217173675840276,0.132105441297257
0.447,0.157449228103505,0.131957504806302
0.448,0.137531984653935,0.131839525078777
0.449,0.0772481432151801,0.131730504186687
0.45,0.096618148938599,0.131651447878606
0.451,0.0932804497162206,0.131560423656421
0.452,0.0584069870978173,0.131469506004842
0.453,0.0948890551522752,0.131395216245926
0.454,0.0602862588139297,0.131299913784295
0.455,-0.00762341527959962,0.131221124709144
0.456,0.0199077508337742,0.131176003959148
0.457,0.0703400049604913,0.131114523596281
0.458,0.0647032072705136,0.131024637501422
0.459,0.0966427072629965,0.130936136965339
0.46,0.133909759493538,0.130829254182376
0.461,0.108261874044663,0.130701311047013
0.462,0.142056038675659,0.130585440252397
0.463,0.175129337963337,0.13045045527782
0.464,0.150921226527633,0.130296890924246
0.465,0.174307112433022,0.130154811907352
0.466,0.180685338931596,0.129999341249652
0.467,0.214495929382737,0.12983947793841
0.468,0.255152596380952,0.129660936630053
0.469,0.241549817675712,0.129460302377614
0.47,0.264211736625655,0.129265988793974
0.471,0.231460835950633,0.129059161253132
0.472,0.222999176446261,0.128868525921438
0.473,0.242669702728768,0.128681473061819
0.474,0.205034737320792,0.128483467325174
0.475,0.163483237539529,0.128304015714241
0.476,0.187088153211984,0.12814494523291
0.477,0.120367229943403,0.127972742357962
0.478,0.119264994092449,0.12783354437578
0.479,0.15411485456783,0.127693792438242
0.48,0.117614674871897,0.127535044186439
0.481,0.108042081266018,0.127393879836088
0.482,0.0404359856793769,0.127256508431244
0.483,0.0390587475550709,0.127152176526001
0.484,0.0118863289280281,0.127047229512366
0.485,0.0152092242994134,0.126954749216198
0.486,0.030364493352147,0.126859204871324
0.487,0.0500077604520301,0.126754603422492
0.488,-0.00563803371436115,0.126638732360878
0.489,-0.0399036629000988,0.126549673101879
0.49,-0.00276146324099677,0.126476533401861
0.491,0.0172531534105167,0.126383044567235
0.492,-0.0500700925770297,0.126278092466567
0.493,-0.102643192193436,0.126205646776832
0.494,-0.0957428663968701,0.126158150758795
0.495,-0.122502505540754,0.126105603144927
0.496,-0.103249870472291,0.126064993289202
0.497,-0.111231941079867,0.126013059947704
0.498,-0.149790188755257,0.125963645213952
0.499,-0.202731457599035,0.125932064337916
0.5,-0.256569458675839,0.125925380192772
0.501,-0.26472415901487,0.125943911687128
0.502,-0.245131502348597,0.125964718173791
0.503,-0.191555855288717,0.12597378422276
0.504,-0.245164382733302,0.125953857987872
0.505,-0.268061301649529,0.125959169668334
0.506,-0.307513743463086,0.1259742792229
0.507,-0.305814930207277,0.126007426294822
0.508,-0.278437929643677,0.126037896033165
0.509,-0.281174783714679,0.126052699515681
0.51,-0.327836073037746,0.126067180873646
0.511,-0.362981441657364,0.126103365583803
0.512,-0.343140935992694,0.12615542344967
0.513,-0.338097667469213,0.126195591162901
0.514,-0.378748882282609,0.126231440452998
0.515,-0.408106199393326,0.126285976707547
0.516,-0.383546731331951,0.126353486496471
0.517,-0.361927169924337,0.126406676138954
0.518,-0.416921395123918,0.126447118307993
0.519,-0.421262108227388,0.126513476037481
0.52,-0.431878108519881,0.126580234622221
0.521,-0.443945346461731,0.126650581470662
0.522,-0.468173705323341,0.126725252286946
0.523,-0.457178963676741,0.126810382806482
0.524,-0.427642574754498,0.126888104902095
0.525,-0.445554649213316,0.126948979518089
0.526,-0.437699922978743,0.12701725166357
0.527,-0.478225959102147,0.12707982371353
0.528,-0.458467029751824,0.127161224113572
0.529,-0.450487683886846,0.127230804202393
0.53,-0.459043695656677,0.127294651721309
0.531,-0.449331129826881,0.127361230698032
0.532,-0.449986651181077,0.127421227153276
0.533,-0.439398682708696,0.127479978878908
0.534,-0.46017999149383,0.127531757164605
0.535,-0.482498752013168,0.12759259646217
0.536,-0.512186377012688,0.127663252273541
0.537,-0.506010079487906,0.127747434853614
0.538,-0.517491135561,0.127826834595233
0.539,-0.530880778542705,0.12791051307218
0.54,-0.568323126350605,0.127999442875201
0.541,-0.544725118339236,0.12810584483458
0.542,-0.559573677894582,0.128198439292756
0.543,-0.616778871739662,0.12829705188843
0.544,-0.641620568742506,0.128423175762273
0.545,-0.610268772344596,0.128560334100242
0.546,-0.566600867369746,0.128679555769068
0.547,-0.583963375391082,0.128774483159808
0.548,-0.572743425166732,0.128876821335935
0.549,-0.556208089817604,0.128971827365162
0.55,-0.567928744978401,0.12905678392139
0.551,-0.556673264293516,0.129146352656672
0.552,-0.569601262379024,0.129228651896288
0.553,-0.54135897396305,0.129316230259834
0.554,-0.519107386738199,0.129387713653825
0.555,-0.535172895020599,0.129446309065488
0.556,-0.507451294546425,0.129511958742394
0.557,-0.490112442431924,0.129561900491237
0.558,-0.50770043070552,0.129601640728083
0.559,-0.577086447826307,0.129649356101498
0.56,-0.588072793209374,0.12973153086855
0.561,-0.599966139958261,0.129818094674981
0.562,-0.609432075793664,0.129909512850522
0.563,-0.560738508291238,0.130004522244225
0.564,-0.560859906624808,0.130072655743678
0.565,-0.621770395363521,0.130139659864139
0.566,-0.679417938079844,0.130236903367964
0.567,-0.699556035122717,0.130362608002524
0.568,-0.716992856957146,0.130497381355633
0.569,-0.713435912837315,0.130639811266521
0.57,-0.672590149659457,0.130778940366578
0.571,-0.636582677161291,0.130895114437601
0.572,-0.630779650712888,0.130990993373012
0.573,-0.604714094470931,0.131082615865054
0.574,-0.610238313215003,0.131159320989336
0.575,-0.656358989370933,0.13123782213596
0.576,-0.650336682669284,0.131339264601382
0.577,-0.617020898332454,0.131436345579109
0.578,-0.588116523397283,0.131514637499861
0.579,-0.586955565616207,0.131576576304255
0.58,-0.56617546267192,0.131636927498917
0.581,-0.545197102242048,0.131685334095012
0.582,-0.530992496316018,0.131721757128269
0.583,-0.514624052487672,0.131749856035603
0.584,-0.490227505329682,0.131768535346209
0.585,-0.434911216506978,0.131773593289204
0.586,-0.442345232348332,0.131748613208442
0.587,-0.473247326031042,0.131727112701316
0.588,-0.488381868738964,0.131721370406564
0.589,-0.516457107190001,0.131723038485189
0.59,-0.557093457340482,0.131738852403389
0.591,-0.510245243033481,0.131775287053158
0.592,-0.566864043284136,0.131786058410136
0.593,-0.523886829531241,0.131825803404188
0.594,-0.524764116499789,0.131841942093015
0.595,-0.47599499732051,0.131857903157507
0.596,-0.509941374969474,0.131847303975811
0.597,-0.455289805632195,0.131854051544461
0.598,-0.436504452228064,0.131831153564508
0.599,-0.455679545322831,0.131797936772468
0.6,-0.497213270805314,0.13177448842979
0.601,-0.492889639325773,0.131772427477965
0.602,-0.508952201660306,0.131767580036211
0.603,-0.504351353010762,0.131770695642091
0.604,-0.546655809111878,0.131770854216489
0.605,-0.539349683367207,0.131792666143498
0.606,-0.580972425865834,0.131809990279938
0.607,-0.553716491342569,0.131848525952632
0.608,-0.501943541546344,0.131871905736067
0.609,-0.509519592503128,0.131867123333882
0.61,-0.545897225638424,0.131865884449234
0.611,-0.537010876737669,0.131883265115471
0.612,-0.484942488746177,0.131895375705284
0.613,-0.51110399873885,0.131879248228394
0.614,-0.470614369359634,0.131876509702643
0.615,-0.44201389229044,0.13185183468086
0.616,-0.484712755174632,0.131811709650048
0.617,-0.515569526475967,0.131793765224798
0.618,-0.531591539161894,0.131791677164668
0.619,-0.512053597682636,0.131797581253621
0.62,-0.494648259757611,0.131792670453223
0.621,-0.4509500330217,0.131778146384551
0.622,-0.475047914589583,0.131740085159786
0.623,-0.520410717963558,0.131714487998774
0.624,-0.538239235291529,0.131712361651423
0.625,-0.568228554618381,0.131719185916674
0.626,-0.552605248859767,0.1317412720342
0.627,-0.50286181141804,0.131754545912701
0.628,-0.505583185740478,0.131740895231856
0.629,-0.504843269997829,0.131728348377707
0.63,-0.505691068336532,0.131715076621733
0.631,-0.499269057945332,0.131701923329299
0.632,-0.456339289737925,0.13168505599778
0.633,-0.439447434715399,0.13164512608614
0.634,-0.437513004762959,0.131596132006401
0.635,-0.473481159014781,0.131546035039321
0.636,-0.48889642916471,0.13151469062651
0.637,-0.474556189147512,0.131491234118515
0.638,-0.457775122106207,0.1314599627365
0.639,-0.457266958765669,0.131419641978441
0.64,-0.416677049914848,0.131378913276787
0.641,-0.416488038631859,0.131316588843056
0.642,-0.410379906669464,0.131254178680786
0.643,-0.424405446442537,0.131188571516481
0.644,-0.43311297135402,0.131130344141977
0.645,-0.445619942047663,0.131076658596637
0.646,-0.472020956732499,0.131029466144004
0.647,-0.457247711815599,0.130995960723457
0.648,-0.451843165618535,0.130954504549349
0.649,-0.453398229833119,0.130910077190317
0.65,-0.470505639545186,0.13086634673403
0.651,-0.471671621447266,0.130831428021095
0.652,-0.455002152974343,0.130796937297011
0.653,-0.479422150259265,0.130753518652929
0.654,-0.483274248447052,0.130722705366468
0.655,-0.491262808495587,0.130693697086963
0.656,-0.480546269382666,0.130668641126216
0.657,-0.517517722400863,0.130637729392431
0.658,-0.46629190714204,0.130625831250816
0.659,-0.518722145657721,0.130586631331769
0.66,-0.523229598752372,0.130574470986913
0.661,-0.565205368942519,0.130564342794451
0.662,-0.566392346464979,0.130575672478052
0.663,-0.53928189161374,0.130587159884218
0.664,-0.595859375080422,0.130583964398381
0.665,-0.653682747291391,0.130609712347766
0.666,-0.635570980420321,0.130664871939815
0.667,-0.628684526000763,0.130709838969015
0.668,-0.656412901394001,0.130750567637955
0.669,-0.62879768338053,0.130805136566022
0.67,-0.651099065897201,0.130844513356285
0.671,-0.690370251610795,0.130894941995214
0.672,-0.683328913489854,0.130965171501919
0.673,-0.674164163496792,0.131030968717151
0.674,-0.690085415251661,0.131091245904037
0.675,-0.697140979910748,0.131159181922265
0.676,-0.724147047875564,0.131230111511365
0.677,-0.733909744311471,0.1313144459831
0.678,-0.728599041663599,0.131403127662554
0.679,-0.780214544022948,0.131488226025127
0.68,-0.787333432946435,0.131599485942088
0.681,-0.805883674520705,0.131713612389731
0.682,-0.848438461341026,0.131836603716026
0.683,-0.831134181645403,0.131980967445649
0.684,-0.845381363276055,0.132115170253487
0.685,-0.880018186174209,0.132255949365926
0.686,-0.866015578807873,0.132413992449405
0.687,-0.862986794394921,0.132563582648972
0.688,-0.898330983949764,0.132710598032766
0.689,-0.894894580318715,0.132875318573541
0.69,-0.929567892549104,0.133037206937864
0.691,-0.913509733221175,0.133216456113706
0.692,-0.986300842259779,0.133386083485194
0.693,-0.998442208927654,0.133593045194819
0.694,-0.976578601251427,0.133805383562126
0.695,-0.996546843898644,0.13400485704206
0.696,-1.00202327736726,0.134213951124193
0.697,-0.983081992404493,0.134424919447459
0.698,-0.971946722393631,0.134624600276014
0.699,-1.00681001213488,0.134817261976973
0.7,-1.05532338534359,0.135027635288109
0.701,-1.05623989804452,0.135262950617176
0.702,-1.06559700201208,0.13549768675228
0.703,-1.02780799700294,0.135736428475544
0.704,-1.04920960045784,0.135953415447515
0.705,-1.08744307847026,0.136181020041741
0.706,-1.0680628834067,0.136428299042341
0.707,-1.07844930039678,0.136663913809228
0.708,-1.10120710421341,0.136904208574782
0.709,-1.10089747707943,0.13715592327396
0.71,-1.10418518889903,0.137406463072643
0.711,-1.06024595762919,0.137657822454762
0.712,-1.13445055707942,0.137883758775409
0.713,-1.13334188217077,0.138149099052723
0.714,-1.12777951358568,0.138412845881735
0.715,-1.11866688119876,0.138672545872787
0.716,-1.0971514509154,0.138926241333663
0.717,-1.09366500359408,0.1391670093145
0.718,-1.08390165031339,0.139404978664117
0.719,-1.09323990166994,0.139636655234438
0.72,-1.11324841485675,0.139872737068729
0.721,-1.11634491884791,0.140119165253815
0.722,-1.11403616734357,0.140366507677533
0.723,-1.07271070662338,0.140611741980935
0.724,-1.09950275087072,0.140832711156767
0.725,-1.13810264497015,0.141067986755145
0.726,-1.13222986100271,0.141324125382177
0.727,-1.11947705408512,0.141576153571687
0.728,-1.16193039817303,0.141820175202578
0.729,-1.17413985358452,0.142087329103468
0.73,-1.14887289439935,0.142360629102332
0.731,-1.16773459133945,0.142618667753032
0.732,-1.16693016914877,0.142886698502121
0.733,-1.15170782932981,0.143153530768852
0.734,-1.16430706831164,0.143410888577387
0.735,-1.16139020372945,0.143674771187352
0.736,-1.18528225726854,0.14393628631466
0.737,-1.21079681345096,0.14421081188953
0.738,-1.20759757676337,0.144499274521569
0.739,-1.23290464735451,0.144785170880181
0.74,-1.24061812587605,0.14508493911416
0.741,-1.21954090018464,0.145388461508967
0.742,-1.23164506935958,0.145678943849317
0.743,-1.26427570668513,0.145975794089658
0.744,-1.30148055019223,0.146290873067647
0.745,-1.3061269544032,0.146626816048242
0.746,-1.32920609894997,0.146964760620194
0.747,-1.31345056709855,0.147315477905463
0.748,-1.32161774497165,0.147656147343094
0.749,-1.33650246781783,0.148000945453696
0.75,-1.31959087881348,0.148353841671471
0.751,-1.28670612105706,0.148695970921839
0.752,-1.32078852472554,0.149017702869836
0.753,-1.30576233098283,0.149358970666284
0.754,-1.30273397755337,0.149690604654373
0.755,-1.28129002392445,0.150019840897541
0.756,-1.30598097146832,0.150335562233747
0.757,-1.30179350590197,0.150665508507483
0.758,-1.31230934301285,0.150992387520892
0.759,-1.29481720170013,0.151325078711031
0.76,-1.25457641400219,0.151646605437971
0.761,-1.2709017341078,0.151942952393652
0.762,-1.30446618881811,0.152248766556378
0.763,-1.28526853966673,0.152574407348552
0.764,-1.2841145919707,0.152887807952388
0.765,-1.28076260904319,0.153200085519356
0.766,-1.25326736147474,0.153509903844156
0.767,-1.27621958538411,0.153802319204496
0.768,-1.25275434033498,0.154108434912743
0.769,-1.25277378811849,0.154399633565053
0.77,-1.25784406407107,0.154690538727157
0.771,-1.27533631674827,0.154984282077559
0.772,-1.29734776668651,0.155288523965141
0.773,-1.28827872197191,0.155606042975823
0.774,-1.33063355596991,0.155917571575689
0.775,-1.34489245955764,0.156254882774368
0.776,-1.35650485178942,0.156600715293832
0.777,-1.38568353301087,0.156953437834781
0.778,-1.3764172711213,0.157323949084275
0.779,-1.388926066659,0.157688232381395
0.78,-1.42165415518495,0.158060017437033
0.781,-1.44459801197329,0.158451910206959
0.782,-1.46541848167612,0.15885785235011
0.783,-1.42890058451598,0.159276542911966
0.784,-1.45723293668941,0.159671265850461
0.785,-1.4611289287001,0.160083561727973
0.786,-1.43123022030122,0.160498000424105
0.787,-1.47469886900044,0.160892691769045
0.788,-1.48737706678999,0.161314617385858
0.789,-1.53177722969418,0.161744362651751
0.79,-1.52745886790456,0.162202009748285
0.791,-1.56101066777368,0.162656524765673
0.792,-1.5484748904257,0.163132244585251
0.793,-1.55729821832301,0.163599430902357
0.794,-1.53773315048386,0.164072076552668
0.795,-1.5086429474695,0.164531491275839
0.796,-1.54690992932651,0.164971264398538
0.797,-1.53786974307369,0.165435652421131
0.798,-1.53427634967531,0.165893800492969
0.799,-1.53459416517637,0.166349343310618
0.8,-1.54637328298877,0.166804894452363
0.801,-1.53377814877936,0.167268070530705
0.802,-1.54474444124382,0.167722589945603
0.803,-1.55041774294457,0.168184263016965
0.804,-1.55287636180465,0.168649582184623
0.805,-1.57520115561892,0.169116407232272
0.806,-1.5409294718766,0.169598031730845
0.807,-1.54960507646589,0.170055893478186
0.808,-1.59160199523657,0.170519524824633
0.809,-1.60764410980052,0.171011127807429
0.81,-1.63337841249707,0.17151350238689
0.811,-1.63302998949753,0.172033182889773
0.812,-1.62288260136951,0.172552530780709
0.813,-1.61715920098685,0.17306475944359
0.814,-1.61895446746878,0.173572950213383
0.815,-1.59352756074458,0.174082332716936
0.816,-1.57545430255179,0.174573734256775
0.817,-1.56125197413518,0.17505238609632
0.818,-1.55707145587987,0.17552103106355
0.819,-1.56165828631822,0.175986759320751
0.82,-1.56555763930403,0.176455742937157
0.821,-1.53892162597892,0.176927514739779
0.822,-1.53555975775033,0.177380248469752
0.823,-1.51547778782378,0.177830677781943
0.824,-1.50505503337915,0.178266791618603
0.825,-1.49121364009989,0.178695568305362
0.826,-1.45213068183157,0.179114542137654
0.827,-1.463868196329,0.179505218739756
0.828,-1.43662514840077,0.1799045084546
0.829,-1.43975965185658,0.180284204034762
0.83,-1.447201712167,0.18066642798216
0.831,-1.43456906851737,0.181054284229032
0.832,-1.39892727751323,0.181433220839797
0.833,-1.39963436996191,0.181786228065313
0.834,-1.40048622360843,0.182140114764732
0.835,-1.38388539662506,0.182494991602897
0.836,-1.35980646484706,0.182838054686804
0.837,-1.34325405509811,0.183163768949019
0.838,-1.34810773754692,0.18347775495841
0.839,-1.34274553762687,0.183795797136795
0.84,-1.32325886746373,0.184110388949013
0.841,-1.33446581681926,0.184411050651127
0.842,-1.30737768239633,0.184720497567759
0.843,-1.32006261976646,0.185010284810486
0.844,-1.33752192840089,0.185310011995045
0.845,-1.33979703981219,0.185623163702898
0.846,-1.37099379041792,0.185938541092472
0.847,-1.39944010199468,0.186277369100717
0.848,-1.38486000658978,0.186637615976876
0.849,-1.37828254277976,0.186987352021362
0.85,-1.38929830343595,0.1873326217977
0.851,-1.39509192150251,0.187686581623917
0.852,-1.35354858725702,0.188045339725252
0.853,-1.35014898270767,0.18837279652728
0.854,-1.33778470716101,0.188698236994389
0.855,-1.35368539745465,0.189014865507403
0.856,-1.37089080015102,0.189344018815779
0.857,-1.32833276066505,0.189686658984247
0.858,-1.34102139369605,0.189997005971076
0.859,-1.35262393193128,0.190317562854065
0.86,-1.36911760767183,0.190647500778879
0.861,-1.38281065987769,0.190990496868883
0.862,-1.40870405320451,0.191344429556975
0.863,-1.38762974708464,0.191718467038722
0.864,-1.37248314557107,0.192076687978058
0.865,-1.34239333317243,0.192423730980224
0.866,-1.32562884902315,0.192747902807019
0.867,-1.33263159295799,0.193059700742622
0.868,-1.33910072321665,0.193377552019316
0.869,-1.3118400084889,0.193701041163279
0.87,-1.33039436030255,0.194003838291206
0.871,-1.31985920844903,0.194321622178037
0.872,-1.32322191655613,0.194631855688153
0.873,-1.30717171526593,0.194945391915948
0.874,-1.31606725246894,0.195247030259789
0.875,-1.31197919737336,0.195556309437821
0.876,-1.30632883452677,0.1958630936484
0.877,-1.29460752584158,0.196166161530784
0.878,-1.29168236712441,0.196460729921745
0.879,-1.32307610496329,0.196753759729531
0.88,-1.34187699912086,0.197071940414227
0.881,-1.33710317180956,0.197405508557272
0.882,-1.38582039713178,0.197735959905127
0.883,-1.41599616430911,0.198104785918882
0.884,-1.44398826324901,0.198497744765797
0.885,-1.4221686243023,0.19891313100503
0.886,-1.41712715187014,0.19931147255546
0.887,-1.43598424563727,0.199706320518769
0.888,-1.41055696456723,0.200116618947135
0.889,-1.41214703144641,0.200506841427897
0.89,-1.41548380229367,0.200898903423704
0.891,-1.4319151492683,0.201294207491297
0.892,-1.46799845775507,0.201703184390576
0.893,-1.47218933645124,0.2021412392752
0.894,-1.46627186474469,0.20258316974555
0.895,-1.47543192446609,0.203020794759502
0.896,-1.49361326782975,0.20346632325629
0.897,-1.47050735134667,0.20392697968757
0.898,-1.44002272701848,0.204369041275107
0.899,-1.44582618818631,0.204786304284533
0.9,-1.48356426682251,0.205208877535883
0.901,-1.48030568309437,0.205662315651132
0.902,-1.49328312981234,0.206113599949351
0.903,-1.45712194359924,0.206576022673339
0.904,-1.45743336793438,0.207008464237692
0.905,-1.44856989307877,0.20744174713646
0.906,-1.47598166415247,0.20786823645947
0.907,-1.47618495661472,0.208317737285298
0.908,-1.49609236482338,0.208767980280678
0.909,-1.48338477407072,0.2092351978869
0.91,-1.47420449470248,0.209692268217425
0.911,-1.47769841072061,0.210142186126095
0.912,-1.4614512279604,0.210595627643466
0.913,-1.45603563470516,0.211035862854409
0.914,-1.4800016180877,0.211472144447831
0.915,-1.49188729955685,0.211929014800198
0.916,-1.47142061275994,0.212396478316865
0.917,-1.46594702421751,0.21284694710173
0.918,-1.43770557741558,0.213293380157726
0.919,-1.4333554588518,0.213715976415816
0.92,-1.45222396146797,0.214135545085258
0.921,-1.45858930929039,0.214571778400355
0.922,-1.44345273866047,0.215014124700857
0.923,-1.43429764762835,0.215444024598262
0.924,-1.41034338569636,0.215866705830124
0.925,-1.36724192712945,0.216269161586842
0.926,-1.37394258813317,0.216634245884798
0.927,-1.39548238229773,0.217005969994619
0.928,-1.39791240531687,0.217397000019095
0.929,-1.40002163317981,0.217790944244994
0.93,-1.40746171824215,0.218187525500226
0.931,-1.38586921758189,0.218591365335792
0.932,-1.38105885023826,0.21897691048367
0.933,-1.37437463356257,0.219359074137912
0.934,-1.37924725478511,0.219736208654755
0.935,-1.3690065894502,0.220118472017239
0.936,-1.37512665488744,0.22049253698704
0.937,-1.36259775424027,0.220872852077021
0.938,-1.35139226267389,0.221242905565613
0.939,-1.35450034679791,0.221603893397254
0.94,-1.34747492206302,0.221968549400713
0.941,-1.35423277060745,0.2223278693544
0.942,-1.3684090051674,0.222694100541874
0.943,-1.35095370257598,0.223073760513386
0.944,-1.33233905705904,0.223438605415556
0.945,-1.35593254533311,0.223787599572844
0.946,-1.34785717124708,0.224158392623799
0.947,-1.35249284180021,0.224522843846188
0.948,-1.35085456100908,0.224892379807302
0.949,-1.31889913667537,0.225261371821801
0.95,-1.31870470882366,0.22560203950863
0.951,-1.28526479322674,0.225943543557075
0.952,-1.2656444021913,0.226255356725866
0.953,-1.27257765512238,0.226550370471341
0.954,-1.27416352026063,0.226852791925518
0.955,-1.29492775418151,0.227157781654762
0.956,-1.27876942753238,0.227482545162468
0.957,-1.25210741933528,0.22779357616658
0.958,-1.21313603536258,0.228081142026136
0.959,-1.21568888453495,0.228333741902049
0.96,-1.20829477433118,0.228589975336563
0.961,-1.21252486096076,0.228840730669603
0.962,-1.22036263538313,0.229096659030647
0.963,-1.26125104204972,0.22936102914043
0.964,-1.28829117916965,0.229663426387746
0.965,-1.26761238764026,0.22999143964103
0.966,-1.24403914769406,0.230301323968956
0.967,-1.24816533645587,0.230590394698881
0.968,-1.20891756319552,0.230884448869369
0.969,-1.16960096916601,0.231142797174503
0.97,-1.17323590998051,0.231365499839885
0.971,-1.16622797389708,0.231592984310096
0.972,-1.14579956753094,0.231815375785911
0.973,-1.13837549115337,0.23202011576526
0.974,-1.1725281459701,0.232219449014687
0.975,-1.19672001679058,0.232451529286823
0.976,-1.20379296268521,0.232707220134096
0.977,-1.19520779497226,0.232970765501334
0.978,-1.20951509324158,0.233227565708489
0.979,-1.21654771233478,0.233498903462084
0.98,-1.21991150459701,0.233778026314899
0.981,-1.17842058591295,0.234061507938624
0.982,-1.19747431712228,0.2343066319816
0.983,-1.21008585191981,0.234570774441871
0.984,-1.22896396178828,0.234847937247002
0.985,-1.2038951734244,0.23514387773084
0.986,-1.18033593122759,0.235417153534848
0.987,-1.19970739863096,0.235669275250515
0.988,-1.23776117710694,0.235940786057884
0.989,-1.25025894362193,0.236248754127331
0.99,-1.23467433190281,0.236569579108206
0.991,-1.24471798147461,0.236876663755395
0.992,-1.20940867706057,0.23719434727686
0.993,-1.19295264822386,0.237479071970986
0.994,-1.1650559635185,0.237749280718058
0.995,-1.15287808575459,0.237993910112929
0.996,-1.13974329668167,0.238228253180841
0.997,-1.14462578153407,0.238451414513993
0.998,-1.0995052177648,0.238680644821736
0.999,-1.0913888888641,0.238867397927986
1,-1.03994617097805,0.239047950464861
1.001,-1.03636576868875,0.239179938234259
1.002,-1.06319943948665,0.239310299400444
1.003,-1.02111577655501,0.239467847065579
1.004,-1.05551149882886,0.239586151236584
1.005,-1.05383444813329,0.239738795469384
1.006,-1.04945522657561,0.239891528470588
1.007,-1.0593301076117,0.240041750078383
1.008,-1.06778152980541,0.240203100779196
1.009,-1.05158185318507,0.240374180257225
1.01,-1.02952355648711,0.240531209443803
1.011,-1.04122343138314,0.240668521467931
1.012,-1.01383823721348,0.240818770519482
1.013,-1.02110061335863,0.240944076674788
1.014,-0.999996219713195,0.241078140209575
1.015,-1.00874382181303,0.241193462563007
1.016,-1.01710215541245,0.241319008671561
1.017,-1.05989156022456,0.24145435949793
1.018,-1.07198178199243,0.241632017616079
1.019,-1.07013644283184,0.241822835496808
1.02,-1.05924949896274,0.242013366410356
1.021,-1.07880209812578,0.24219482056178
1.022,-1.05988718228513,0.2423965617398
1.023,-1.05428554703058,0.242581288666949
1.024,-1.03892311120372,0.242762087628685
1.025,-1.08025838942341,0.242929419649992
1.026,-1.08390145299029,0.24313775073104
1.027,-1.09727831590803,0.243351032581239
1.028,-1.0689055479906,0.24357863739758
1.029,-1.06229720868907,0.243779625795464
1.03,-1.0582835848111,0.243975603417984
1.031,-1.05055984355588,0.244169122083149
1.032,-1.02908072882819,0.244356549170012
1.033,-1.02820091789642,0.244524306142755
1.034,-1.02990535254236,0.24469276485059
1.035,-1.02954117026632,0.24486444389694
1.036,-1.06916353503529,0.245037307026808
1.037,-1.04081187634505,0.24524983451108
1.038,-1.05386645103069,0.24543561870198
1.039,-1.04107363791678,0.245635610331395
1.04,-1.05187038762921,0.245824407347671
1.041,-1.04229810616737,0.246025222543265
1.042,-1.03378881203252,0.246218012429748
1.043,-1.04597766827991,0.246403851322089
1.044,-1.05014959446907,0.246603095038493
1.045,-1.06620866160443,0.246807861507722
1.046,-1.08368205627471,0.247029743850337
1.047,-1.06571894227962,0.247270065087172
1.048,-1.0509539817482,0.24749376852981
1.049,-1.06693816144864,0.247704106961756
1.05,-1.06746117964196,0.247931520284837
1.051,-1.0931746931106,0.24816076839271
1.052,-1.10665432929352,0.248416501583108
1.053,-1.09590713624504,0.248686743771863
1.054,-1.08230296458016,0.248947433441432
1.055,-1.0722388817239,0.24919571320552
1.056,-1.04114899296388,0.249435174583583
1.057,-1.02263125282665,0.249644467832199
1.058,-1.02138805457504,0.249836515710186
1.059,-1.01674587923166,0.250028758907553
1.06,-0.99188007790005,0.250217790392882
1.061,-1.00123144867114,0.250383138100867
1.062,-0.996829093683013,0.250559330472336
1.063,-0.974692620128968,0.250732595224628
1.064,-1.0035336623027,0.250884972099219
1.065,-0.973422033293109,0.251067472348796
1.066,-0.980689434824323,0.251220829999832
1.067,-1.01271717584338,0.251383023421385
1.068,-1.01181018034608,0.251578462162871
1.069,-1.01904130301341,0.251774394879046
1.07,-0.99688893452024,0.251978977679626
1.071,-1.03289715751662,0.2521624063303
1.072,-1.01328331483714,0.25238296195438
1.073,-1.00766781762749,0.252584875257293
1.074,-0.996550034094262,0.252782485873418
1.075,-1.00135776736177,0.252970204383084
1.076,-1.01860043166925,0.253164193837437
1.077,-0.972282222159052,0.25337688085094
1.078,-0.976182103193231,0.253542995221546
1.079,-0.975143294060539,0.253714552091127
1.08,-0.999111395219288,0.253886532857562
1.081,-0.995716915804277,0.254084034651994
1.082,-0.973957165259091,0.254279467116456
1.083,-0.91450465512291,0.254453963164878
1.084,-0.942014616349363,0.254567890640778
1.085,-0.952917123065981,0.254711175502463
1.086,-0.893333417931769,0.254867076342387
1.087,-0.900787598521159,0.254962278955422
1.088,-0.904190902220641,0.255066819619354
1.089,-0.925043725754436,0.255176548000481
1.09,-0.91435218676116,0.255309051619577
1.091,-0.915384673646111,0.255432207364031
1.092,-0.944068796043309,0.25555805371618
1.093,-0.915239446201634,0.255714456199482
1.094,-0.912027540152564,0.255842545438593
1.095,-0.933957782774277,0.255968957738513
1.096,-0.89771905131091,0.256119201055104
1.097,-0.871377739947155,0.256233308655687
1.098,-0.882740787660517,0.256321824422539
1.099,-0.884384432849996,0.256423682942159
1.1,-0.85485284639084,0.25652892406366
1.101,-0.890714006900671,0.256605227209373
1.102,-0.852305673395995,0.25671958032806
1.103,-0.848368920549846,0.256795568332144
1.104,-0.876734328102398,0.256869308698824
1.105,-0.911971364780144,0.256973637169681
1.106,-0.885463817129484,0.257115290628019
1.107,-0.885639995891087,0.257230930797979
1.108,-0.897664955638299,0.257348370299278
1.109,-0.911138822638001,0.257479717296546
1.11,-0.877790872251145,0.257626393274301
1.111,-0.871365459948839,0.257739744841662
1.112,-0.852360150722046,0.257848078989012
1.113,-0.907625544779932,0.257938318068671
1.114,-0.853382995605432,0.25808595378521
1.115,-0.802073038931479,0.258177827175521
1.116,-0.807948611220983,0.25821740025967
1.117,-0.776133565678742,0.258264941277279
1.118,-0.758324470018982,0.258281151090137
1.119,-0.781639188807484,0.258280889829736
1.12,-0.782567712713396,0.258306577564176
1.121,-0.804655601735828,0.258335185003848
1.122,-0.813052797052542,0.25838834481107
1.123,-0.830074615288183,0.258451970623222
1.124,-0.831344127913805,0.258534831102526
1.125,-0.805180311096249,0.258620691583615
1.126,-0.786977200550563,0.258680915731952
1.127,-0.758140699914116,0.258723976944487
1.128,-0.743191788781002,0.258738764386279
1.129,-0.725709111216565,0.258739990833248
1.13,-0.694542100715833,0.258725067147193
1.131,-0.683140508907855,0.258679690372353
1.132,-0.703642420067463,0.25862473614038
1.133,-0.70314767084596,0.258593109269237
1.134,-0.714430450399836,0.258563133385829
1.135,-0.708793302190119,0.25854691275551
1.136,-0.679094539516502,0.258526929870662
1.137,-0.689331434213897,0.258478049310166
1.138,-0.702643274482024,0.258441923294529
1.139,-0.65137141487536,0.258421626962885
1.14,-0.62234869633711,0.258349543181667
1.141,-0.567197700479071,0.258249553706523
1.142,-0.538064371489127,0.258094173321153
1.143,-0.606700232989765,0.257911283435344
1.144,-0.623839510884565,0.257800672139521
1.145,-0.6424862797713,0.257710119067981
1.146,-0.661964523917064,0.257641031344142
1.147,-0.673713929456835,0.257594123934585
1.148,-0.66186008416345,0.257561396486543
1.149,-0.699644370946212,0.257518482408952
1.15,-0.728991295958493,0.257516056783061
1.151,-0.742283416720544,0.257545415046352
1.152,-0.714389378987577,0.257590134537465
1.153,-0.701709225539939,0.257607531742284
1.154,-0.666498574961294,0.257613614618599
1.155,-0.664557604761848,0.25758485272628
1.156,-0.652137622750367,0.257556090998891
1.157,-0.679240285308347,0.257516488746262
1.158,-0.637409973869351,0.257506556675511
1.159,-0.642767367073604,0.257454864212901
1.16,-0.624916037653445,0.257410758516911
1.161,-0.630436929542498,0.257350229214375
1.162,-0.651698969297732,0.257297481591734
1.163,-0.641703977413622,0.257268507211318
1.164,-0.659957299319934,0.257231171293006
1.165,-0.66523701100221,0.257214459185161
1.166,-0.686097563972223,0.257205036815422
1.167,-0.706882945886299,0.25721873076001
1.168,-0.723093250928874,0.257255351638216
1.169,-0.714042364278627,0.257310154872501
1.17,-0.74625101061229,0.257357161615166
1.171,-0.731591816656405,0.257438458592873
1.172,-0.690932193498338,0.257506018880734
1.173,-0.669801848611138,0.257532574599334
1.174,-0.655772432638364,0.257538867045352
1.175,-0.639102150734416,0.257532380379138
1.176,-0.594163924350143,0.257510422051443
1.177,-0.603415519384633,0.257443374168905
1.178,-0.6365517093081,0.25738787150432
1.179,-0.663263572776784,0.257368071176308
1.18,-0.682832844118664,0.257377306375997
1.181,-0.687240128752873,0.257408207543035
1.182,-0.702259594559407,0.257445217206123
1.183,-0.680533568435275,0.25749914409523
1.184,-0.707712049514074,0.257532015893342
1.185,-0.726013321012516,0.257594138885389
1.186,-0.750652260770652,0.257676407214145
1.187,-0.762382566612012,0.257785158039563
1.188,-0.726180661466468,0.257907193867459
1.189,-0.708849742984563,0.257992572360776
1.19,-0.756708187742219,0.258061304504519
1.191,-0.754458537150386,0.25817987877044
1.192,-0.731083628961465,0.258297349051476
1.193,-0.750102951369946,0.258391681170448
1.194,-0.74135332454958,0.258506800286801
1.195,-0.71332924183567,0.258614072898288
1.196,-0.723809267118221,0.258693304053057
1.197,-0.766307046085458,0.258784671335419
1.198,-0.761422561465719,0.258920538170052
1.199,-0.782645345723466,0.259052487500571
1.2,-0.7358243077665,0.259207363546426
1.201,-0.757327789708282,0.259313823092231
1.202,-0.76964956567715,0.259443610238924
1.203,-0.758817001071438,0.259587266033654
1.204,-0.742188875186942,0.259720747978165
1.205,-0.811718599247642,0.25983799666151
1.206,-0.815254446345078,0.260026537343008
1.207,-0.755768328307105,0.260219727829493
1.208,-0.733391239828943,0.260350281996531
1.209,-0.763182285233199,0.260458495043243
1.21,-0.765109154458494,0.260598564837449
1.211,-0.822907513185328,0.260741766339543
1.212,-0.809450537038385,0.260944777372157
1.213,-0.781734655380263,0.261134609643122
1.214,-0.778395521144419,0.261296120632316
1.215,-0.756923712408691,0.261455201255602
1.216,-0.755050768004755,0.26159269960196
1.217,-0.739083327273887,0.261729371517436
1.218,-0.743379864747585,0.261850361952821
1.219,-0.701080354852338,0.261977022310072
1.22,-0.69379073889721,0.2620597619082
1.221,-0.700600136469825,0.262136158506836
1.222,-0.663474581586356,0.262221000371753
1.223,-0.631343636231913,0.262267660880068
1.224,-0.631718204515258,0.262281678220922
1.225,-0.648702699327893,0.262297655308426
1.226,-0.678436585821996,0.26233287713157
1.227,-0.686332848000678,0.262400391584449
1.228,-0.696414425966561,0.262477504606008
1.229,-0.72080452973333,0.262566455327957
1.23,-0.713372618951589,0.262682003649995
1.231,-0.724335575244347,0.262790895071792
1.232,-0.728388666039443,0.262912433828012
1.233,-0.715242371752936,0.263039367567571
1.234,-0.689229749934892,0.263153529971337
1.235,-0.67580410356967,0.263241202500016
1.236,-0.702146110269989,0.263315928296721
1.237,-0.734634032747002,0.263419375158149
1.238,-0.719744646268574,0.263557749358487
1.239,-0.760313762755285,0.263681419576114
1.24,-0.77676280910592,0.263848212786442
1.241,-0.758666504799028,0.264033210855693
1.242,-0.763314420862834,0.264199894520671
1.243,-0.78349827941372,0.264372468345497
1.244,-0.755732074866917,0.264567138692729
1.245,-0.802994686272303,0.264732972803442
1.246,-0.79348822839948,0.26494869952944
1.247,-0.79314487683718,0.265155179425927
1.248,-0.801254644057071,0.265362184560548
1.249,-0.74847037274649,0.265578641310662
1.25,-0.718686546803338,0.265738430506171
1.251,-0.72465138808851,0.265867174264889
1.252,-0.747336887885512,0.266003347829857
1.253,-0.734928798780215,0.266164475530397
1.254,-0.747686057768684,0.266313340439431
1.255,-0.76447801928608,0.266476746803539
1.256,-0.781123274422435,0.266658894608051
1.257,-0.791478486184699,0.266859585184272
1.258,-0.820892877727464,0.267072161862707
1.259,-0.805643473915479,0.267316526661995
1.26,-0.805264370531429,0.267545268185061
1.261,-0.789876416957517,0.267774440515941
1.262,-0.778740222130129,0.267987848745929
1.263,-0.785362469067866,0.268190135810904
1.264,-0.824257326146323,0.268400395221076
1.265,-0.798291877099942,0.268652412514811
1.266,-0.777864600013249,0.268876940086884
1.267,-0.760462621654983,0.269080132952467
1.268,-0.76010794136623,0.269265350109124
1.269,-0.736284154407738,0.269451131930448
1.27,-0.722692184256997,0.269611904696802
1.271,-0.74266373673713,0.26975895141906
1.272,-0.695692420964945,0.269928376339217
1.273,-0.711141145706719,0.270046977054248
1.274,-0.670234318939974,0.270183269914558
1.275,-0.634692660332516,0.270275655601868
1.276,-0.569838140383123,0.270330295972468
1.277,-0.533554274634524,0.270314407422334
1.278,-0.477115645233272,0.27026043717222
1.279,-0.518935029269972,0.270146119084225
1.28,-0.490060382527225,0.270078399085505
1.281,-0.461633952267995,0.269981054196636
1.282,-0.473305478866001,0.269854732906386
1.283,-0.456451811831955,0.269743056648684
1.284,-0.407704135653086,0.26961514538418
1.285,-0.47499229575849,0.26943601705511
1.286,-0.477877648245116,0.26933023708404
1.287,-0.499152514871201,0.26922954155808
1.288,-0.487627733707777,0.269153524403115
1.289,-0.50664615592992,0.269066893263033
1.29,-0.531665988736353,0.269002451104791
1.291,-0.519794029212869,0.268966436478308
1.292,-0.511676423933274,0.268919241935426
1.293,-0.537026102616802,0.268864975307113
1.294,-0.537413969801273,0.268839406296629
1.295,-0.565337861748488,0.268815826137154
1.296,-0.540731599771253,0.268823500974507
1.297,-0.493873082991016,0.268805930041541
1.298,-0.526641686089836,0.268738704667398
1.299,-0.456766773998783,0.268708014650885
1.3,-0.448631607556131,0.268602019058362
1.301,-0.452736368032907,0.268489180600347
1.302,-0.448608361604374,0.268382676588493
1.303,-0.477316592051053,0.268273638795128
1.304,-0.462634312128844,0.268196996257399
1.305,-0.425814019509322,0.268106289148941
1.306,-0.470110153371922,0.267977467260004
1.307,-0.466420872245818,0.267897402693866
1.308,-0.439230205718566,0.267815129954591
1.309,-0.46791065556099,0.267705247821896
1.31,-0.439097320290503,0.26762763753511
1.311,-0.43973538955284,0.267520636597113
1.312,-0.461460344547176,0.267416164685904
1.313,-0.408533006536067,0.267336574018894
1.314,-0.437875606075263,0.267201163537984
1.315,-0.434761289470379,0.267098766061724
1.316,-0.479246605874061,0.266994843815748
1.317,-0.423826111907225,0.266939511121924
1.318,-0.420840285653393,0.266825529518017
1.319,-0.452738364758263,0.266710205200676
1.32,-0.454436227539536,0.266630378246417
1.321,-0.443292850016759,0.266554032392503
1.322,-0.419241237205054,0.266467424529886
1.323,-0.446946992602456,0.266356696802702
1.324,-0.441279492868514,0.266276996961925
1.325,-0.430875019927539,0.266192903901167
1.326,-0.472613572047219,0.266099367784853
1.327,-0.422153119718741,0.266051317292598
1.328,-0.420555959860669,0.265950189447046
1.329,-0.436775133298129,0.265849090270547
1.33,-0.46889628206388,0.265766852879602
1.331,-0.4279203962937,0.265720001354781
1.332,-0.472992074650513,0.265630500733983
1.333,-0.476849407172866,0.265589800993484
1.334,-0.522677755321532,0.26555462834828
1.335,-0.53128933588539,0.26556873268783
1.336,-0.508552917355078,0.265593165300562
1.337,-0.480898555696057,0.265594434376432
1.338,-0.478787710778484,0.265567313354119
1.339,-0.477797300828366,0.265539315808606
1.34,-0.491398276454186,0.26551163104825
1.341,-0.509132154256856,0.265499668293374
1.342,-0.551646675558594,0.265507695962153
1.343,-0.529517418001017,0.265561348414452
1.344,-0.514987015153895,0.26559236103028
1.345,-0.569358528150746,0.265608990863062
1.346,-0.541273603738102,0.265683350788894
1.347,-0.535501854100641,0.265728528840089
1.348,-0.522655664473233,0.265768635968883
1.349,-0.529782075001394,0.265796117500759
1.35,-0.488068445590997,0.265832277077867
1.351,-0.484501472196403,0.265824506997507
1.352,-0.47574757594436,0.265814194896293
1.353,-0.518770958324588,0.265795811773066
1.354,-0.5348222815785,0.265823721596762
1.355,-0.519288898521595,0.265869693978718
1.356,-0.588542844423523,0.265900108255457
1.357,-0.603834042240343,0.26600329229093
1.358,-0.623380817480912,0.266123497867499
1.359,-0.650038579783889,0.266265138194432
1.36,-0.701855843612974,0.266435570485
1.361,-0.686799907543724,0.266660522074206
1.362,-0.682984654720467,0.266869879301195
1.363,-0.683799091343395,0.267075769741321
1.364,-0.697552532384162,0.267283147434876
1.365,-0.684546881139845,0.267505730656713
1.366,-0.638593738524247,0.26771490012744
1.367,-0.61920498865502,0.267874355836159
1.368,-0.628992773565007,0.268013591529195
1.369,-0.659369724504269,0.268164043481498
1.37,-0.670284479646039,0.268347346442985
1.371,-0.690961858743023,0.268542965429312
1.372,-0.723266729639245,0.268761193378096
1.373,-0.716399622678337,0.269014135808907
1.374,-0.776611853273245,0.269260207017746
1.375,-0.77946331550223,0.269569460936634
1.376,-0.783034772041594,0.269882249451551
1.377,-0.790448456003151,0.270199347452664
1.378,-0.802626937826714,0.270524875612915
1.379,-0.798975323144362,0.270863919194044
1.38,-0.780778384073834,0.271199447014053
1.381,-0.80000573213942,0.271515459724009
1.382,-0.793481190230158,0.271852546295437
1.383,-0.795336407890034,0.272182970065986
1.384,-0.816688006329949,0.272515875186578
1.385,-0.832246237469617,0.272872154552216
1.386,-0.829034283887062,0.273245651721177
1.387,-0.806160996452418,0.273616073496678
1.388,-0.794453108904703,0.273961495199872
1.389,-0.818607058461766,0.274294460408539
1.39,-0.819256761426751,0.274653934819344
1.391,-0.826065017138017,0.275014584447114
1.392,-0.834424030571847,0.275383141157427
1.393,-0.832196739774114,0.275761297228258
1.394,-0.814841251609103,0.276137453904236
1.395,-0.833753364879457,0.276494662807999
1.396,-0.803635066560653,0.276872945496078
1.397,-0.80674237459297,0.277217576124777
1.398,-0.791692855871468,0.277566138366802
1.399,-0.763665312050598,0.277898320857936
1.4,-0.778009768244206,0.278199274813665
1.401,-0.784873551656956,0.278516576675345
1.402,-0.769292957502223,0.27884201686384
1.403,-0.785328342735546,0.27915043631854
1.404,-0.817825217299898,0.279477098674457
1.405,-0.831169863315512,0.279839745718596
1.406,-0.79753576813739,0.280217661233825
1.407,-0.791714949380313,0.280557385232943
1.408,-0.797534028987311,0.280891087959452
1.409,-0.774472405314549,0.281231833347279
1.41,-0.779099426584691,0.281546756763845
1.411,-0.803312889276648,0.281867433307604
1.412,-0.821611615069926,0.282215471493824
1.413,-0.799528722931231,0.282584390382898
1.414,-0.818288100359833,0.282928457552539
1.415,-0.833166580502324,0.283293974555037
1.416,-0.829857832015988,0.283676660388779
1.417,-0.835773035283895,0.284056111031584
1.418,-0.865110090303427,0.284442769492517
1.419,-0.88240095611427,0.284862442775009
1.42,-0.905187099395496,0.285301978681318
1.421,-0.92165784606097,0.285767380137532
1.422,-0.915328681052092,0.286251742023711
1.423,-0.911293620734489,0.286729351162122
1.424,-0.911761376984309,0.287202856890499
1.425,-0.905251221718991,0.287677438602803
1.426,-0.903210561540606,0.288145030306374
1.427,-0.93524228953752,0.28861081577161
1.428,-0.941121957563821,0.289112664359907
1.429,-0.939041370226652,0.289621807394901
1.43,-0.926530341404537,0.290129114879226
1.431,-0.923866091157955,0.290622261057829
1.432,-0.935877310259068,0.291112882819281
1.433,-0.926140120090504,0.291617812354735
1.434,-0.941064579190422,0.292111845956714
1.435,-0.975119799587213,0.292623508093307
1.436,-0.960602435706822,0.293173496137829
1.437,-0.952916241915798,0.293706702438971
1.438,-0.954522416426826,0.294231420146413
1.439,-0.949429939631327,0.29475864370214
1.44,-0.959664931434446,0.295280464513542
1.441,-0.949354508754901,0.295814769572553
1.442,-0.938324023940411,0.296337345185311
1.443,-0.947024015626195,0.296847294531149
1.444,-0.923784541291631,0.297368044224004
1.445,-0.928308419387907,0.297860841925757
1.446,-0.924289305226657,0.29835962001165
1.447,-0.913628393338833,0.298854232645841
1.448,-0.922312011925788,0.299336588017682
1.449,-0.935862175766984,0.299829837821019
1.45,-0.915843658318939,0.300339630215971
1.451,-0.917207680840758,0.300825355016183
1.452,-0.915104751651622,0.301313374649893
1.453,-0.91149775049712,0.301799524418899
1.454,-0.899103991213592,0.30228197768293
1.455,-0.885920056605864,0.302749895926605
1.456,-0.929473008016434,0.303202282049371
1.457,-0.924135265831728,0.303705193040559
1.458,-0.921716431645654,0.30420227795812
1.459,-0.939640021424282,0.304697111162612
1.46,-0.912137054411233,0.305213827227551
1.461,-0.904413812091597,0.305696215238675
1.462,-0.903864176818241,0.306169782666367
1.463,-0.899445703424527,0.306643381572711
1.464,-0.906164853618858,0.307112248695002
1.465,-0.910984565312269,0.307589981471166
1.466,-0.900413772535956,0.308074301006895
1.467,-0.902649681893489,0.308546147231523
1.468,-0.903940053399826,0.309021456622105
1.469,-0.895868356670359,0.309499077318002
1.47,-0.878256543136194,0.30996734396054
1.471,-0.87418461678269,0.310414025730646
1.472,-0.88073235781676,0.310856369193585
1.473,-0.883492925093123,0.311307502657871
1.474,-0.875190119730048,0.311762789974108
1.475,-0.885906160009392,0.312208375288245
1.476,-0.880797131269593,0.312667869251421
1.477,-0.865249228441225,0.313121692355797
1.478,-0.894159192788886,0.313556435547405
1.479,-0.882541756084482,0.314026803088102
1.48,-0.865779820273974,0.314483131780028
1.481,-0.863947395248839,0.314918707530081
1.482,-0.879624901406504,0.315352740197057
1.483,-0.872632211405595,0.315806879617368
1.484,-0.85401409483065,0.316252894223247
1.485,-0.871243359686556,0.316675607472759
1.486,-0.848411656560563,0.317120418123832
1.487,-0.864447400671945,0.317536241663107
1.488,-0.868354291358526,0.317972786907007
1.489,-0.86282696357294,0.318415050470987
1.49,-0.883159024098054,0.31885102921022
1.491,-0.903310541973187,0.319312982188626
1.492,-0.897485072264661,0.319800639365364
1.493,-0.897234042794107,0.320281602306637
1.494,-0.900831342499924,0.320763050298078
1.495,-0.875602606169744,0.321249880839386
1.496,-0.875723013257225,0.321703850370021
1.497,-0.839122918234548,0.322158786559802
1.498,-0.846212522131375,0.322565018003458
1.499,-0.825897667198097,0.322981128261415
1.5,-0.849803610593183,0.323371224900864
1.501,-0.856728959063329,0.32379218576983
1.502,-0.849364844924428,0.324222848267852
1.503,-0.873720161007819,0.324644725150185
1.504,-0.878326607312678,0.32509800332587
1.505,-0.89817334314663,0.325558051326577
1.506,-0.8904994543824,0.32604392937386
1.507,-0.896763734964692,0.326520551752406
1.508,-0.887051747913457,0.327006093557347
1.509,-0.871189511846341,0.327479618323931
1.51,-0.880022701891629,0.327932748626588
1.511,-0.870760255649042,0.328398134410713
1.512,-0.88058068006926,0.328852073357918
1.513,-0.894988086878572,0.329319561421268
1.514,-0.898844430540551,0.329806389967894
1.515,-0.892386660920124,0.330299126545672
1.516,-0.899393352566197,0.330784141678578
1.517,-0.919233672603346,0.33127915709148
1.518,-0.911318710072583,0.331800253958301
1.519,-0.917791834452816,0.332311616761572
1.52,-0.929081915047934,0.332832330515939
1.521,-0.90403997326996,0.333368530469937
1.522,-0.887551673598703,0.333870326167113
1.523,-0.869998814706433,0.334350371515151
1.524,-0.891535621981115,0.334807193910156
1.525,-0.914493526922215,0.335292673167821
1.526,-0.904954732114507,0.335808418012124
1.527,-0.89326314560751,0.336312070891697
1.528,-0.873005842935207,0.336800610734112
1.529,-0.887722619872514,0.337261833437074
1.53,-0.890875225201856,0.337743276835657
1.531,-0.870283974575904,0.338229868345784
1.532,-0.864171538983404,0.338688545272602
1.533,-0.883446599422546,0.339139817870092
1.534,-0.901541722167341,0.339617272591928
1.535,-0.90480125179134,0.340119332052272
1.536,-0.877948112378075,0.34062673029566
1.537,-0.882172130514776,0.341096484740376
1.538,-0.875844275013363,0.341572888680843
1.539,-0.858966532234179,0.342041534522633
1.54,-0.855231141950368,0.342487430111976
1.541,-0.855329960056614,0.342929152331927
1.542,-0.844155551587379,0.343371969863452
1.543,-0.814768676686737,0.343800177425258
1.544,-0.814021041670281,0.344187274453117
1.545,-0.816680767963927,0.344574328021733
1.546,-0.824807436402665,0.344966011359994
1.547,-0.836651017818117,0.345369744939319
1.548,-0.855326227257417,0.345790510489999
1.549,-0.891770727543326,0.346237295148736
1.55,-0.87936807569867,0.346732288462803
1.551,-0.898692486094852,0.347210692031186
1.552,-0.883452741261843,0.34771578438532
1.553,-0.878312802004631,0.348200038021355
1.554,-0.882417919334044,0.348678090688949
1.555,-0.854795683195817,0.349162800143801
1.556,-0.864053086300371,0.349607878959585
1.557,-0.866361599487515,0.35006665928947
1.558,-0.856389736025508,0.35052965448688
1.559,-0.838154249091609,0.350979473134061
1.56,-0.845487512468613,0.351403976278975
1.561,-0.843176371259184,0.351839652641513
1.562,-0.866082652332594,0.352273092708738
1.563,-0.848000811648144,0.352738507254207
1.564,-0.846826286796988,0.353178646277433
1.565,-0.833410078268944,0.353618154593019
1.566,-0.823312356760732,0.354039347137118
1.567,-0.850304924874021,0.354447091458977
1.568,-0.855604458335439,0.354892490093805
1.569,-0.859132997020221,0.35534634935843
1.57,-0.848823341977853,0.355806210525906
1.571,-0.849848432652064,0.356252209338731
1.572,-0.878442563835713,0.356700703799829
1.573,-0.876529514354662,0.357188754216649
1.574,-0.867931055873945,0.35767513336696
1.575,-0.880035607128936,0.358150092081132
1.576,-0.884117575295141,0.358642923241629
1.577,-0.885113816266425,0.359142593078615
1.578,-0.882699917963377,0.359644760315082
1.579,-0.880533321068045,0.360144535291617
1.58,-0.873904730755492,0.36064227280618
1.581,-0.900080640449109,0.361131425512249
1.582,-0.897373256166005,0.361656894763522
1.583,-0.899018756801826,0.362179556311146
1.584,-0.911340676445078,0.362705687178568
1.585,-0.917128385302362,0.363249968348907
1.586,-0.921987650812475,0.363803537348291
1.587,-0.917983745099826,0.364365115130805
1.588,-0.908010163023629,0.364921988321188
1.589,-0.894923550812612,0.365464964300805
1.59,-0.900326586850104,0.365989151310038
1.591,-0.898238618814381,0.366522187048223
1.592,-0.912339617046022,0.367053317186131
1.593,-0.917383680812286,0.367605086553022
1.594,-0.915394314401436,0.368165207932428
1.595,-0.913342789374629,0.368723606439156
1.596,-0.903768084934869,0.369280185867348
1.597,-0.908004968724437,0.369823322414736
1.598,-0.898214166878523,0.370373738838771
1.599,-0.902038500617801,0.370910350990776
1.6,-0.896698242481217,0.371453683146802
1.601,-0.90763425920026,0.371990175393527
1.602,-0.915860585761679,0.372543259207047
1.603,-0.911267117353081,0.373109173113463
1.604,-0.918709949428646,0.373669386149283
1.605,-0.929931399875124,0.374241346513232
1.606,-0.930069170954075,0.374829784703736
1.607,-0.920313286865147,0.375419726764277
1.608,-0.913334851223597,0.375995206586041
1.609,-0.909293631122214,0.376561114264379
1.61,-0.907403976242447,0.377122141237002
1.611,-0.915395916031633,0.377681590898382
1.612,-0.922410393427257,0.378253629356633
1.613,-0.906312618185447,0.378836814518772
1.614,-0.898787637806625,0.379393678422939
1.615,-0.879198977901281,0.379940053524453
1.616,-0.885262412689973,0.380455299397317
1.617,-0.885862152615454,0.380980719859542
1.618,-0.87447393628755,0.381508284742786
1.619,-0.862494410113034,0.38201906146702
1.62,-0.856610519115462,0.382512135694083
1.621,-0.849016075687548,0.382997327588251
1.622,-0.840370967298476,0.38347192199771
1.623,-0.850763294740198,0.383934240246984
1.624,-0.852500313514549,0.384413229912327
1.625,-0.834394634187388,0.384896082566547
1.626,-0.829983408709613,0.385351002858979
1.627,-0.833362365883526,0.385800303989129
1.628,-0.831099723951998,0.386255969413446
1.629,-0.845121103204767,0.386709359398552
1.63,-0.831069251625813,0.387184813563491
1.631,-0.839912734459583,0.387639016032012
1.632,-0.835633860047592,0.388107789677776
1.633,-0.855199368806907,0.388571119689248
1.634,-0.847753486209682,0.389064365378241
1.635,-0.850003911499865,0.389547083224991
1.636,-0.830294253126013,0.390034512521829
1.637,-0.813069923359481,0.390490747833207
1.638,-0.841087511966071,0.390920296726843
1.639,-0.842051779027929,0.391392027937653
1.64,-0.839052067758514,0.391866514405069
1.641,-0.838726858983625,0.392337551327481
1.642,-0.82121402670227,0.392809343958776
1.643,-0.807832782634165,0.393253668984167
1.644,-0.790375212188649,0.39367763325809
1.645,-0.78872537268162,0.394074457134061
1.646,-0.796322190456703,0.394469944254078
1.647,-0.795806547762687,0.394878463320888
1.648,-0.778562677375962,0.395287433169807
1.649,-0.772099828100605,0.395669570861673
1.65,-0.763699058428177,0.396042671848013
1.651,-0.757028196658749,0.396403596237705
1.652,-0.752822204332898,0.396755145899935
1.653,-0.736038714812385,0.397101285788227
1.654,-0.734073407332065,0.397421452122611
1.655,-0.735671631191763,0.397739805393864
1.656,-0.736239565113042,0.398062000859205
1.657,-0.733111774390992,0.398386406970741
1.658,-0.738880751320109,0.398707129455045
1.659,-0.70785349077396,0.399038261827975
1.66,-0.686376552788462,0.399319054725638
1.661,-0.689406379684351,0.399566063118917
1.662,-0.690462398539748,0.399819278367743
1.663,-0.681474516224091,0.400075560161453
1.664,-0.688113929341702,0.400318721868853
1.665,-0.650553774727416,0.400573807111849
1.666,-0.691628933797828,0.40076760522407
1.667,-0.688590635222877,0.401025913065826
1.668,-0.677330071601194,0.40128072324298
1.669,-0.6610697033596,0.401518650185132
1.67,-0.68853228370631,0.401731455695295
1.671,-0.678144098016053,0.401988476799001
1.672,-0.708653899988859,0.402230013447073
1.673,-0.704444196789391,0.402520237312246
1.674,-0.695461330731668,0.402805013002768
1.675,-0.705239872186787,0.40307654013928
1.676,-0.690693178591486,0.403364970858396
1.677,-0.681274533068893,0.403630897865176
1.678,-0.711720065513006,0.403882855802628
1.679,-0.71420987190162,0.404183516650729
1.68,-0.699542618879998,0.404489519762087
1.681,-0.694534396280151,0.404772710830672
1.682,-0.707144338295793,0.405049120465868
1.683,-0.70669888925806,0.405346946027627
1.684,-0.697697016780504,0.405645396076145
1.685,-0.694450296985668,0.40593044498311
1.686,-0.687067992337879,0.406211570669159
1.687,-0.688932760210933,0.406481978466043
1.688,-0.661397039433013,0.406756774888799
1.689,-0.664818969461824,0.406986677690931
1.69,-0.655850676836275,0.407223538152898
1.691,-0.651050519144651,0.407447085401447
1.692,-0.642355341772138,0.407664213619
1.693,-0.667667503060761,0.407868496506677
1.694,-0.65845303255743,0.408114342356844
1.695,-0.64826222983909,0.408346417021213
1.696,-0.66486273863511,0.408563107155576
1.697,-0.680505166557726,0.408807811548501
1.698,-0.682896734757723,0.409078961446374
1.699,-0.71140471483152,0.409355372565075
1.7,-0.706364453746026,0.409677973686366
1.701,-0.674507877649809,0.409993606655471
1.702,-0.714248262820651,0.410256003082856
1.703,-0.712244128553478,0.41058158878818
1.704,-0.703048814845827,0.410905217886669
1.705,-0.707477101190845,0.4112149020401
1.706,-0.727332588987521,0.411533147038558
1.707,-0.736963814144568,0.411884329684938
1.708,-0.709257504267403,0.412252383606679
1.709,-0.73328414124775,0.412573874479876
1.71,-0.701811751019957,0.412934759851509
1.711,-0.682063364024015,0.413242200784455
1.712,-0.687497642328176,0.413517502146408
1.713,-0.650213869129605,0.4138030907147
1.714,-0.656468118586941,0.414025351052598
1.715,-0.649671050617478,0.414259323017189
1.716,-0.660869178394224,0.414483404351012
1.717,-0.680537965921281,0.4147272178278
1.718,-0.682588522015889,0.415004224214692
1.719,-0.670602201328996,0.415286004377634
1.72,-0.644774729722274,0.415548985278458
1.721,-0.63411551717148,0.415769116976403
1.722,-0.665898800711955,0.41597280011627
1.723,-0.641643571402462,0.416228888304783
1.724,-0.616915747837979,0.416444864762962
1.725,-0.632927057037253,0.416620051612321
1.726,-0.623033361951331,0.416822950873885
1.727,-0.596542815031228,0.417010690842594
1.728,-0.614862854495798,0.417154603391503
1.729,-0.640925576126621,0.417330065874202
1.73,-0.614979093220586,0.417549301778113
1.731,-0.565810727777962,0.417725465806185
1.732,-0.591418277238199,0.417817011132361
1.733,-0.615894566922656,0.417952022448311
1.734,-0.650107687212241,0.418128530943544
1.735,-0.667035599601307,0.418361644433299
1.736,-0.674661183988829,0.418623886669394
1.737,-0.651462109845588,0.41890014890899
1.738,-0.671230845876085,0.419137806081776
1.739,-0.675883916001603,0.419409165576284
1.74,-0.679602063107764,0.419689665589706
1.741,-0.661799569632386,0.419977753899573
1.742,-0.645719323199344,0.420236646326709
1.743,-0.650743273772628,0.420469427550063
1.744,-0.675160515338891,0.42071203230479
1.745,-0.661212389552972,0.420995806230448
1.746,-0.660969546133878,0.421257086924419
1.747,-0.658216851038647,0.421519374997216
1.748,-0.647074566368769,0.421778431329779
1.749,-0.636878637165688,0.422019879138365
1.75,-0.638592739002558,0.422245373566996
1.751,-0.623101246040938,0.422475203394527
1.752,-0.603876644090771,0.422679872041743
1.753,-0.598865409152233,0.422852880915266
1.754,-0.612161716307224,0.42301891098409
1.755,-0.613537609938662,0.42320861839681
1.756,-0.596238906397436,0.423402143208322
1.757,-0.569985831834106,0.423567365551499
1.758,-0.616667416213425,0.423688529300962
1.759,-0.637202968802806,0.423886826648485
1.76,-0.613802926009814,0.424120550120701
1.761,-0.625948727086133,0.424314965066747
1.762,-0.65301001639844,0.424531163047967
1.763,-0.670219713538731,0.424793201768197
1.764,-0.659855744904968,0.425085137262015
1.765,-0.676518692514579,0.425360619962031
1.766,-0.685724874711486,0.425665106855555
1.767,-0.65030745599473,0.425986376176256
1.768,-0.624630110119489,0.426245276143844
1.769,-0.589558946154526,0.42646041664392
1.77,-0.594449639071572,0.426614849399948
1.771,-0.588938994885667,0.426779130709081
1.772,-0.585907428973429,0.426935514507548
1.773,-0.590043434861393,0.427088270949141
1.774,-0.606588202982448,0.42724960849219
1.775,-0.655093977074905,0.427440220952585
1.776,-0.652703048097141,0.427710583796597
1.777,-0.656752955258187,0.427978270487776
1.778,-0.658534905805705,0.428254250316902
1.779,-0.662802895038323,0.428534677720982
1.78,-0.679686705716989,0.428823761887068
1.781,-0.691241340062149,0.429142379068995
1.782,-0.709983165449447,0.429481759799616
1.783,-0.720876767460827,0.429853477028759
1.784,-0.72494508864281,0.430244777025545
1.785,-0.733814893002487,0.430644354381199
1.786,-0.727545789914813,0.431060169831152
1.787,-0.712647886785402,0.431466439289447
1.788,-0.691849340024114,0.43184751065975
1.789,-0.66655417101764,0.432192486631785
1.79,-0.701976691631465,0.432493149126819
1.791,-0.688185739751783,0.4328527891862
1.792,-0.694536130451244,0.433189358918605
1.793,-0.66163296748957,0.433538157531971
1.794,-0.663954138539438,0.433827788138532
1.795,-0.680230991254808,0.434122844396586
1.796,-0.673276706619446,0.434446760361716
1.797,-0.663622254379886,0.434759891720621
1.798,-0.65512240543945,0.43505742488242
1.799,-0.646650483356175,0.435341431047254
1.8,-0.658013439056064,0.435611965969166
1.801,-0.653628375092154,0.435903349191244
1.802,-0.665745477390989,0.436188482687067
1.803,-0.651609394364321,0.436495721414661
1.804,-0.666598693963627,0.436779185665932
1.805,-0.676296034227076,0.437089576987721
1.806,-0.658097941863213,0.437417997753305
1.807,-0.642137630672204,0.43771502631053
1.808,-0.623936827145886,0.437984891985433
1.809,-0.604225707969523,0.438223539289332
1.81,-0.593445342490848,0.43842827493417
1.811,-0.567006181839122,0.43861540825633
1.812,-0.569061464532128,0.438756354236686
1.813,-0.552255525927576,0.438902488749716
1.814,-0.526087912875976,0.439020242757246
1.815,-0.516800036580691,0.439092576584225
1.816,-0.523573717086514,0.439150207382671
1.817,-0.516271022844612,0.439221388867089
1.818,-0.540960792848643,0.439281393392828
1.819,-0.537653442243373,0.43938549738645
1.82,-0.505968643347385,0.439485429466812
1.821,-0.562978362235027,0.439529737584293
1.822,-0.512232732072662,0.439670998100207
1.823,-0.489706168632684,0.439720036781382
1.824,-0.505583241936983,0.439730521196198
1.825,-0.498303676830875,0.439770378980159
1.826,-0.505294276437026,0.439799155237003
1.827,-0.493402713477044,0.439841938700258
1.828,-0.483682541533352,0.43986539403481
1.829,-0.475222015964059,0.439873448233862
1.83,-0.496536966312248,0.439868381304133
1.831,-0.460879500174827,0.439902001902855
1.832,-0.440960642526265,0.439872895956332
1.833,-0.429150005914508,0.439810203789659
1.834,-0.415073630026069,0.439728603818434
1.835,-0.408379708739603,0.43962410322499
1.836,-0.388214685533064,0.4395099181295
1.837,-0.421863074379579,0.439362014937109
1.838,-0.424482857519625,0.439274170061844
1.839,-0.403133144021687,0.439192976209662
1.84,-0.373912710166792,0.439075825303293
1.841,-0.294369968570958,0.438908600516409
1.842,-0.344034902869812,0.438597529930976
1.843,-0.382324413725587,0.438374113818956
1.844,-0.364264338946762,0.438218797824851
1.845,-0.360652367240521,0.438033782661489
1.846,-0.365392838652597,0.437844788184592
1.847,-0.36946442165853,0.437666422722026
1.848,-0.349368336038447,0.437497478715583
1.849,-0.322552752146603,0.437295279802456
1.85,-0.347019865113967,0.437047915059479
1.851,-0.325397865226502,0.436845245492131
1.852,-0.318802782519757,0.436606766642502
1.853,-0.363047835017646,0.43635925093058
1.854,-0.385717249023417,0.436189547617109
1.855,-0.383625638133588,0.436061070710472
1.856,-0.386757594703166,0.435931076749504
1.857,-0.401288798132723,0.435808656148629
1.858,-0.370062996026738,0.435713399991558
1.859,-0.343746875916851,0.435564699055073
1.86,-0.356444129864551,0.435371654085515
1.861,-0.351411273370514,0.435202845993977
1.862,-0.363925755405054,0.435027495624717
1.863,-0.367114927556865,0.434875980076833
1.864,-0.351901728259358,0.434732162012662
1.865,-0.345651757148655,0.434563819619446
1.866,-0.346037502075841,0.434386800584779
1.867,-0.351850715441158,0.434212686206973
1.868,-0.380273217706817,0.43405084111661
1.869,-0.410212405033944,0.433939615221433
1.87,-0.413287150212177,0.433881307449594
1.871,-0.387813866551387,0.433830191036127
1.872,-0.370232868561115,0.433735995417135
1.873,-0.39981119572147,0.43361295336213
1.874,-0.462807731827023,0.433542230962421
1.875,-0.471143290702229,0.433577810560008
1.876,-0.461440581211228,0.433629374647825
1.877,-0.461692666759871,0.433665613627788
1.878,-0.457217229556282,0.433703932234089
1.879,-0.491630672981063,0.433736106731944
1.88,-0.528347924846266,0.433827870384915
1.881,-0.554356850443166,0.433982635157315
1.882,-0.55158538410004,0.434182661621513
1.883,-0.569014698410066,0.43437925395255
1.884,-0.57820043660486,0.434606831306604
1.885,-0.555779003044201,0.434851508674235
1.886,-0.561466803031461,0.43505744044389
1.887,-0.555312460548387,0.43527455828837
1.888,-0.570907241901144,0.435482269273671
1.889,-0.545377651121368,0.435717943100275
1.89,-0.530964969460809,0.435909074454182
1.891,-0.575884895291956,0.436076098736577
1.892,-0.588725573283733,0.436318875382653
1.893,-0.594682283390278,0.436584965470491
1.894,-0.605569511400981,0.436862673364496
1.895,-0.580754237766484,0.437160363985858
1.896,-0.570507729972369,0.437414340938705
1.897,-0.571323699199077,0.437651520189517
1.898,-0.598965328972938,0.437891478544998
1.899,-0.575600669196777,0.438179268639676
1.9,-0.581054956827983,0.438426027095629
1.901,-0.587438084749269,0.438683605612725
1.902,-0.619082866372741,0.438953596501349
1.903,-0.642487694882147,0.439277684268865
1.904,-0.671128191919505,0.439642292449417
1.905,-0.664230614305757,0.44005514347465
1.906,-0.667972812045507,0.440457032122304
1.907,-0.664923415747451,0.440866758318558
1.908,-0.669347165633807,0.441272447117742
1.909,-0.655567548712763,0.441687155177572
1.91,-0.680648765544908,0.442078003440544
1.911,-0.688104306909455,0.442511385414102
1.912,-0.679378328644757,0.442958904258525
1.913,-0.691685190215201,0.443391954180124
1.914,-0.682762284273014,0.443847100024253
1.915,-0.678569516832706,0.444287352666491
1.916,-0.681922311316456,0.444721497296937
1.917,-0.669064314151116,0.445162886426991
1.918,-0.665536521966717,0.445581824581101
1.919,-0.668261245331558,0.445995832311036
1.92,-0.656443238922361,0.446416012983145
1.921,-0.644718783794508,0.446815794519437
1.922,-0.667220041539598,0.447195407378781
1.923,-0.658484736855071,0.447614101991925
1.924,-0.663766078073192,0.448018205224993
1.925,-0.660081768643224,0.448432952882519
1.926,-0.680022647347278,0.448842454572126
1.927,-0.673748710874586,0.449286669381384
1.928,-0.666804845404286,0.449720846579068
1.929,-0.670837527272014,0.450143722997247
1.93,-0.678362871425876,0.45057511946726
1.931,-0.674105569231827,0.451021009679006
1.932,-0.671300152402653,0.45146059322619
1.933,-0.669934590906535,0.45189653531146
1.934,-0.681277097328324,0.452331453142501
1.935,-0.683066704586919,0.452787230167895
1.936,-0.682911773145858,0.453247654632398
1.937,-0.676444877094054,0.453709279648985
1.938,-0.685966842227655,0.454160381335447
1.939,-0.677621186772021,0.454629288372167
1.94,-0.698768539309081,0.455083966589551
1.941,-0.690471160782111,0.455574121879631
1.942,-0.669006448609193,0.456049950701119
1.943,-0.659502635867203,0.456483136511909
1.944,-0.645726041414732,0.456899901744945
1.945,-0.653526031141848,0.45729187138519
1.946,-0.641614397865914,0.45769911387335
1.947,-0.631992515369578,0.458085262372888
1.948,-0.639320220806812,0.458454813176639
1.949,-0.627496445009435,0.458838889760254
1.95,-0.645463944151516,0.459202072484796
1.951,-0.652761957399354,0.459597982260611
1.952,-0.651011587509518,0.460008354531785
1.953,-0.6443032723398,0.46041696544725
1.954,-0.655156982438913,0.46081447533164
1.955,-0.65141809015391,0.461232604439515
1.956,-0.645791731625883,0.461645260652576
1.957,-0.646947944761324,0.462048856198876
1.958,-0.634581130450329,0.462456023382581
1.959,-0.616335255412232,0.462840940708835
1.96,-0.613414384642452,0.463191858810256
1.961,-0.625537332891149,0.463538782935199
1.962,-0.627436014772011,0.463908844716766
1.963,-0.600704788984192,0.464283833822254
1.964,-0.619805305725174,0.464607082204263
1.965,-0.636790181056163,0.464965629766698
1.966,-0.634819074349751,0.465355638121005
1.967,-0.628387944620796,0.465743442470615
1.968,-0.632669589139386,0.466120561430699
1.969,-0.638385970254251,0.466506973244966
1.97,-0.633917789273725,0.466905257637086
1.971,-0.642766310339551,0.467296603629575
1.972,-0.648644460964477,0.467705370038708
1.973,-0.653521511589727,0.468126295652777
1.974,-0.64753192848373,0.468557593609121
1.975,-0.650660434005675,0.468978984389593
1.976,-0.649022032180972,0.469407624962005
1.977,-0.646450638397659,0.469834718012474
1.978,-0.621963786274729,0.470258489941696
1.979,-0.638584972641871,0.47063315794806
1.98,-0.628130403361401,0.471038825876892
1.981,-0.64911689472238,0.471425669568249
1.982,-0.663645276263189,0.471850559665509
1.983,-0.668992864053416,0.472302331656149
1.984,-0.674468864608469,0.472765317590278
1.985,-0.67137984848946,0.473239683292604
1.986,-0.66330289316454,0.473709791603077
1.987,-0.661290615780858,0.47416547420058
1.988,-0.655890475113563,0.474618943160924
1.989,-0.65895798973265,0.4750635397752
1.99,-0.655042225568921,0.475515369032945
1.991,-0.649043522664884,0.475961263768054
1.992,-0.644096578349233,0.476397060930293
1.993,-0.640097261353155,0.476824861254474
1.994,-0.633006171842473,0.477246524703328
1.995,-0.652143827187245,0.477655888591064
1.996,-0.642941826987672,0.478100095194623
1.997,-0.638866323970982,0.478527543319349
1.998,-0.624347834702502,0.47894868538628
1.999,-0.635696468912384,0.47934192737973
2,-0.632904122002373,0.479757371919101
2.001,-0.641994591989011,0.480169002786366
2.002,-0.645232524925821,0.480598791765028
2.003,-0.645178848836615,0.481036215543127
2.004,-0.648408279805926,0.481475140243684
2.005,-0.651211245380936,0.481921691312641
2.006,-0.650526241048532,0.482375090304625
2.007,-0.655498939411487,0.482828823320757
2.008,-0.634483841970825,0.483293284277364
2.009,-0.631536761443929,0.483711794501891
2.01,-0.632849292998335,0.484126167835271
2.011,-0.64939704641674,0.484544627115848
2.012,-0.658856847563022,0.484993779009038
2.013,-0.656171101970933,0.485461371374112
2.014,-0.650534008783301,0.485925423509666
2.015,-0.655379192079095,0.486379852522498
2.016,-0.645968778458906,0.486844837511648
2.017,-0.66178267253959,0.487291882747342
2.018,-0.672970788680142,0.487767324709332
2.019,-0.671198257207395,0.488262477173319
2.02,-0.669756081298382,0.488756020956355
2.021,-0.670453736957535,0.489248607898093
2.022,-0.675984029715688,0.489744238934109
2.023,-0.677126288497952,0.490249703666919
2.024,-0.674154962246091,0.490758226010035
2.025,-0.680714504510459,0.491260785393704
2.026,-0.67989756735357,0.491769375557783
2.027,-0.678643502425238,0.492276648524987
2.028,-0.675885245097565,0.492783519923168
2.029,-0.674931783319454,0.493284640531752
2.03,-0.670044036865574,0.49378585341884
2.031,-0.675334377140841,0.494277083785526
2.032,-0.672156529735466,0.494777927745093
2.033,-0.668258583547658,0.495273762998426
2.034,-0.674112014145228,0.495763104399028
2.035,-0.670875864151115,0.496262781284677
2.036,-0.669826579123093,0.496757223517676
2.037,-0.666599488093912,0.497251550754585
2.038,-0.662431754512357,0.497741001956854
2.039,-0.664101776504362,0.4982234536979
2.04,-0.657258425555908,0.498710725508658
2.041,-0.667126932130851,0.499184114326266
2.042,-0.670899880067591,0.499674719898766
2.043,-0.670870510987349,0.500172392279483
2.044,-0.669262210643828,0.500671484265139
2.045,-0.667951836431003,0.501169354429798
2.046,-0.666247998255888,0.501666699681505
2.047,-0.66413306505425,0.502162616331833
2.048,-0.661588449391217,0.502656081988795
2.049,-0.663614437839051,0.503146109231178
2.05,-0.661477606300367,0.503640751918895
2.051,-0.659843147343066,0.504132852479382
2.052,-0.658962748661817,0.504623687630692
2.053,-0.653035787642865,0.505114770376703
2.054,-0.650381711715703,0.50559077857177
2.055,-0.652639233373634,0.506063246912443
2.056,-0.647423700889875,0.506541658269166
2.057,-0.647687632163707,0.507010407912433
2.058,-0.6485261271325,0.50748152221185
2.059,-0.646032405168294,0.507956078298083
2.06,-0.64703585121798,0.508427428045629
2.061,-0.645906419531376,0.508902520994919
2.062,-0.649226917430295,0.50937728446134
2.063,-0.646351756124985,0.509859486843892
2.064,-0.643405458844033,0.510337531871867
2.065,-0.64782745561169,0.510811312434254
2.066,-0.648240183095967,0.511294031086009
2.067,-0.647621410195727,0.511779214385573
2.068,-0.646701935281666,0.512265112876706
2.069,-0.644771440364998,0.512751199305897
2.07,-0.64269736510658,0.513235205102079
2.071,-0.642556711162436,0.51371685728702
2.072,-0.640485108559623,0.514200055904677
2.073,-0.63920299792443,0.514680893966947
2.074,-0.635920113301787,0.515161188058096
2.075,-0.634079602362753,0.515635941143364
2.076,-0.632553364607228,0.51610890148574
2.077,-0.632503142903017,0.516580735820118
2.078,-0.633204141421361,0.517054377133793
2.079,-0.634190674236506,0.517531115616159
2.08,-0.63476996991296,0.518011130887608
2.081,-0.633706832240452,0.518493001198798
2.082,-0.632521241091627,0.518974357096044
2.083,-0.631209091795864,0.519455382711267
2.084,-0.629290176459438,0.519935222672131
2.085,-0.629623116224775,0.520412665045627
2.086,-0.628484176242836,0.52089190101314
2.087,-0.627274298114634,0.521370909004191
2.088,-0.625955276556693,0.521849538066979
2.089,-0.625023156950203,0.522326486383791
2.09,-0.623512530627249,0.522803572851631
2.091,-0.623857036644253,0.523279625783846
2.092,-0.622256712062758,0.523756076881018
2.093,-0.621893219619377,0.524231180660081
2.094,-0.620766187321935,0.524706938717782
2.095,-0.619517652685098,0.525179027835079
2.096,-0.618147628563904,0.525650658216165
2.097,-0.616847578044002,0.52612156919061
2.098,-0.619056169198186,0.526591906603162
2.099,-0.617687802002059,0.527065311777484
2.1,-0.616187164473936,0.527536880691076
2.101,-0.616311618055157,0.528007632889409
2.102,-0.614981723417604,0.528479611427232
2.103,-0.613711214315657,0.528951053685838
2.104,-0.612324310961868,0.529422091397267
2.105,-0.611140724947873,0.529891908718339
2.106,-0.608305641807835,0.530361541631989
2.107,-0.613455540472611,0.530822125368158
2.108,-0.61284944437982,0.531290816959055
2.109,-0.611471435634324,0.531759362830065
2.11,-0.610095588676292,0.532227211608141
2.111,-0.60950889012132,0.53269437812641
2.112,-0.608068380401644,0.533161654551722
2.113,-0.605819297301573,0.533627524101846
2.114,-0.608029690585059,0.534089996431483
2.115,-0.606747122609665,0.534555904829798
2.116,-0.605775718631402,0.535021028516204
2.117,-0.604457096864845,0.535486006710562
2.118,-0.60293824563728,0.535950162547476
2.119,-0.601382111663171,0.536413305450051
2.12,-0.599646416027767,0.536875440278929
2.121,-0.597400846194507,0.537336136943294
2.122,-0.593316800015609,0.537794066342518
2.123,-0.589938670428268,0.538243896615524
2.124,-0.589769636980446,0.538688682930408
2.125,-0.586984155618132,0.539135635510768
2.126,-0.585918555747296,0.539579045116803
2.127,-0.596376027111781,0.540022792946951
2.128,-0.595103821958955,0.540481887505886
2.129,-0.592812662205166,0.54094063989294
2.13,-0.59440867703914,0.541395418638798
2.131,-0.593406754848026,0.541853752629293
2.132,-0.591877705585529,0.542311882119014
2.133,-0.591694669042298,0.542765116283954
2.134,-0.590328296954036,0.543219881515786
2.135,-0.591040777353127,0.543673925857123
2.136,-0.59066374243955,0.544130116547868
2.137,-0.591562955584855,0.544580630160923
2.138,-0.589849229122885,0.545034496438783
2.139,-0.589802988359101,0.545486975501088
2.14,-0.588650565138562,0.545941029113555
2.141,-0.58696917925145,0.546394917114299
2.142,-0.586861120110398,0.546846557378252
2.143,-0.586093751128932,0.547299515759587
2.144,-0.584417059486553,0.547751411788911
2.145,-0.584259477321508,0.54820170095016
2.146,-0.583081107999708,0.548653201993495
2.147,-0.581685747624569,0.549104425771618
2.148,-0.58004239197899,0.549554816671502
2.149,-0.578785949182561,0.550003597035221
2.15,-0.575729175857649,0.550451913991114
2.151,-0.575700797917219,0.550893443869953
2.152,-0.573846875810635,0.551336908375603
2.153,-0.565527178409176,0.551778431778894
2.154,-0.561832319369848,0.552195176393241
2.155,-0.554714193783083,0.552605553850879
2.156,-0.549978376228131,0.553001041442978
2.157,-0.550370913982756,0.553387708722035
2.158,-0.556409799538615,0.553777148542937
2.159,-0.558359902726986,0.554180840769559
2.16,-0.551627688019917,0.554590598559064
2.161,-0.538366598512513,0.554986378304357
2.162,-0.542187415851989,0.555351016820577
2.163,-0.544380069166246,0.555725683788695
2.164,-0.541229585792916,0.556106968086885
2.165,-0.529965854310975,0.556483104930814
2.166,-0.530247415557315,0.556834192622247
2.167,-0.513643098736489,0.557187763495032
2.168,-0.512644938913863,0.557502838796556
2.169,-0.49955661378746,0.557817510060221
2.17,-0.483400111511262,0.558103366829255
2.171,-0.483218483130074,0.558353097798202
2.172,-0.467032818386392,0.558604183972531
2.173,-0.451701225596169,0.55881933949716
2.174,-0.43332659583411,0.559000822680759
2.175,-0.435710845401436,0.559141492261469
2.176,-0.453112882197792,0.559289206905984
2.177,-0.442549608311813,0.559476183524484
2.178,-0.460446499969721,0.559640804333444
2.179,-0.463348068514692,0.559845640798802
2.18,-0.457986924705397,0.560058649106586
2.181,-0.449152041886478,0.560261287248427
2.182,-0.453382652317049,0.560445538930641
2.183,-0.480579937358247,0.560640893683348
2.184,-0.479675424708019,0.560894931881519
2.185,-0.460263140497585,0.561148712063821
2.186,-0.459941178613148,0.561358361922489
2.187,-0.439457058817678,0.56156904053951
2.188,-0.392768027706462,0.561733331310967
2.189,-0.437565221269938,0.56178479338433
2.19,-0.443283358449433,0.561931944628013
2.191,-0.446711139807631,0.562093530137849
2.192,-0.440000362362163,0.562264503417213
2.193,-0.443138070909666,0.562421984244764
2.194,-0.449255112504742,0.562588215619026
2.195,-0.449723946442064,0.562769746939799
2.196,-0.473006431558423,0.562954084686893
2.197,-0.463077636548101,0.563189686936645
2.198,-0.476721264484884,0.563404181751113
2.199,-0.443235657882093,0.563649985474327
2.2,-0.454341447873775,0.563814999905519
2.201,-0.437820958966582,0.564006158380583
2.202,-0.448074196218205,0.564160541673136
2.203,-0.436150948220793,0.564339275091712
2.204,-0.443123360623692,0.56449225429483
2.205,-0.445332176018045,0.564662470160088
2.206,-0.445643013580822,0.564839395979766
2.207,-0.422457332220335,0.565018782440616
2.208,-0.429957648901545,0.56514504327047
2.209,-0.447984471768126,0.565289746372798
2.21,-0.444162622370535,0.565475410439973
2.211,-0.428789143156565,0.565654150584599
2.212,-0.456678685048284,0.565798816847417
2.213,-0.432713185024774,0.566004720786528
2.214,-0.429053750484441,0.566155144082099
2.215,-0.399673360186234,0.566299015949089
2.216,-0.367464196567622,0.566374505275329
2.217,-0.346133091053157,0.566375303886116
2.218,-0.33294984675605,0.566328406877752
2.219,-0.279443982828321,0.566253173576303
2.22,-0.283469632507141,0.566051731927143
2.221,-0.294664189524919,0.565861569885647
2.222,-0.344073453434901,0.565698632681154
2.223,-0.359097175368091,0.565644206639397
2.224,-0.34531275549034,0.565625062043501
2.225,-0.3756012522384,0.565576155653702
2.226,-0.367047763003851,0.565595142808078
2.227,-0.328456911160707,0.565596449406939
2.228,-0.299351026892823,0.565508106824494
2.229,-0.300491147129265,0.565353968193587
2.23,-0.33751568123355,0.565204511817017
2.231,-0.368327145111077,0.565137721165563
2.232,-0.385459351215621,0.565139991454806
2.233,-0.358931510054472,0.565181908937036
2.234,-0.345972269316399,0.565163536827801
2.235,-0.365145655655452,0.565117348855759
2.236,-0.383117246625725,0.565115368406848
2.237,-0.403628230273902,0.565154851207053
2.238,-0.43125690373128,0.56524105940385
2.239,-0.40432531877756,0.565388558855659
2.24,-0.391730511081456,0.565473890973999
2.241,-0.395522506852893,0.565532025291239
2.242,-0.389016565214662,0.565600480301579
2.243,-0.365615110908931,0.565655909136264
2.244,-0.353935029329192,0.565658481959419
2.245,-0.377199155943392,0.565636142327384
2.246,-0.402551557426029,0.565666704371674
2.247,-0.376667007926579,0.565754292146953
2.248,-0.372484927346018,0.565782774480053
2.249,-0.393520679602243,0.565803593592675
2.25,-0.368362671414908,0.565872383397967
2.251,-0.388145597447557,0.565883953737192
2.252,-0.393653797724231,0.565940868305445
2.253,-0.400105467697508,0.566011925521504
2.254,-0.424508985791444,0.566099200030405
2.255,-0.439644400977197,0.566241165513448
2.256,-0.435690533016841,0.566418054284143
2.257,-0.41797234768979,0.566587696876573
2.258,-0.412117188603088,0.566717558787225
2.259,-0.410369901671404,0.566835807174697
2.26,-0.385350392761238,0.566951859196445
2.261,-0.401698711060346,0.567010567730394
2.262,-0.36467489599461,0.56710714470341
2.263,-0.35824449626911,0.567116502879024
2.264,-0.388091015606358,0.567113028683094
2.265,-0.418967538694616,0.567176349472742
2.266,-0.419296432594403,0.567308022914313
2.267,-0.41737386599891,0.56744220516956
2.268,-0.419296651216364,0.567573784878926
2.269,-0.406719747262215,0.567711463075215
2.27,-0.404362714370101,0.567821741190869
2.271,-0.389171237271442,0.567928427770272
2.272,-0.398644013304743,0.568001557165869
2.273,-0.407385669799012,0.568097617012022
2.274,-0.388062787812729,0.568214964307235
2.275,-0.398514477352664,0.568288753160167
2.276,-0.382629843063434,0.568387628127628
2.277,-0.364730017728942,0.568451278612708
2.278,-0.392905429042536,0.568474994111083
2.279,-0.37162230397452,0.568561937187598
2.28,-0.375976023526509,0.56860068258591
2.281,-0.375845540147477,0.568651052796326
2.282,-0.356028562110436,0.568702923949912
2.283,-0.351706348277129,0.568710280165677
2.284,-0.33717727441137,0.568709601656684
2.285,-0.341185559046444,0.568677149450498
2.286,-0.352149390775099,0.568655626125829
2.287,-0.34074466132833,0.568660505989514
2.288,-0.29844625349249,0.568640933219445
2.289,-0.288381935370584,0.568522066166562
2.29,-0.29674020222051,0.568382110052421
2.291,-0.329133458124104,0.568262997567842
2.292,-0.303255314529296,0.5682169218532
2.293,-0.332770309701942,0.568112215693011
2.294,-0.32294347423667,0.568074336356827
2.295,-0.327933784859493,0.568015779096935
2.296,-0.307642819242976,0.567970371286757
2.297,-0.326220166715531,0.567879718473648
2.298,-0.318239087137171,0.567832278188818
2.299,-0.306438222460121,0.567768451316347
2.3,-0.315128235028226,0.567679408535422
2.301,-0.296653062052647,0.567611807849844
2.302,-0.329786644364942,0.567503354720361
2.303,-0.330954812467151,0.567469328584075
2.304,-0.329861383702057,0.567439797943745
2.305,-0.339045070249055,0.567409631935587
2.306,-0.330038312078377,0.567401877135133
2.307,-0.322985449939828,0.567375301001515
2.308,-0.304278113158701,0.567334445085777
2.309,-0.352223555963347,0.567252114943389
2.31,-0.381723553943799,0.567274539589554
2.311,-0.394767084446967,0.567362810136165
2.312,-0.412280841752845,0.567481707357176
2.313,-0.391425306628327,0.567640709282778
2.314,-0.428331130461666,0.567752190050889
2.315,-0.454945789557945,0.567943500070326
2.316,-0.434333526230966,0.568192965529041
2.317,-0.431800360235368,0.568394594782912
2.318,-0.43510256979679,0.568592188062952
2.319,-0.453161689085461,0.568798933858524
2.32,-0.440606441764868,0.569046446722995
2.321,-0.43146134010692,0.569266185301457
2.322,-0.434994473662204,0.569466426400009
2.323,-0.414115200184876,0.569676346581297
2.324,-0.411659461772716,0.569838072461628
2.325,-0.424754917566939,0.569995921773734
2.326,-0.411524117867914,0.570184435854018
2.327,-0.43656454974345,0.57034368385888
2.328,-0.436094264004213,0.570558572626635
2.329,-0.449028875514755,0.570774134875242
2.33,-0.429665571913864,0.571019816266981
2.331,-0.447590298852188,0.571220610285928
2.332,-0.449107597434309,0.571462087531769
2.333,-0.469705251718314,0.571708760191407
2.334,-0.486618023634184,0.57200099046765
2.335,-0.484039978389541,0.572330679759987
2.336,-0.480681197094467,0.572656321947323
2.337,-0.468116777105649,0.572976078830556
2.338,-0.45830265913749,0.573267266205702
2.339,-0.476203680254628,0.573537011438305
2.34,-0.464612179792601,0.573846662124106
2.341,-0.447919126390418,0.574130286909532
2.342,-0.45257070163364,0.57437509517869
2.343,-0.444779990431743,0.574632150362595
2.344,-0.42655031288279,0.574872719647501
2.345,-0.434614816074141,0.575070996408033
2.346,-0.455321770870981,0.575289117661485
2.347,-0.47364835282439,0.575553677158587
2.348,-0.477297871269805,0.575859176056088
2.349,-0.477018265002596,0.576174710158906
2.35,-0.468111651737776,0.57649147671115
2.351,-0.468336912277098,0.576788805326398
2.352,-0.47720556462357,0.577088492793145
2.353,-0.469596479253612,0.577409473379684
2.354,-0.482414762590287,0.577714198650468
2.355,-0.473456359222076,0.57804826929248
2.356,-0.462663146929517,0.578362590928774
2.357,-0.475411745431781,0.578652628380764
2.358,-0.475813521938315,0.5789721210198
2.359,-0.469657010172575,0.579294422692454
2.36,-0.469485203560902,0.579604001567897
2.361,-0.482663654776506,0.579915060590105
2.362,-0.481619676834439,0.580256122960327
2.363,-0.497808213241975,0.580596720421643
2.364,-0.500248331700631,0.580971844807714
2.365,-0.4919196127142,0.581354342735184
2.366,-0.49039966796504,0.58171763432506
2.367,-0.489481363860821,0.582079419355655
2.368,-0.485279606704351,0.582441098567243
2.369,-0.495603211821579,0.582794779683323
2.37,-0.497394125031036,0.583171802685978
2.371,-0.496616155660102,0.583554827384592
2.372,-0.490761407873683,0.583938162799645
2.373,-0.490093241980088,0.584309017447407
2.374,-0.494974154631317,0.584680386885524
2.375,-0.488387317233024,0.58506417114227
2.376,-0.496179851806598,0.585433369978651
2.377,-0.497791438309943,0.585820556807307
2.378,-0.497090348719222,0.586213325406004
2.379,-0.50044724268255,0.58660664901398
2.38,-0.501624749504776,0.587008722646265
2.381,-0.496434787283608,0.58741519535638
2.382,-0.496549106847732,0.587808403317007
2.383,-0.492568484586007,0.588204001973497
2.384,-0.497053395452868,0.588591806255684
2.385,-0.494901467399367,0.588990569332643
2.386,-0.49053828606746,0.589386437960681
2.387,-0.489588870660614,0.589773327424449
2.388,-0.492369809996308,0.590160182300147
2.389,-0.488966510080204,0.590554913711993
2.39,-0.489663342098096,0.590943398444087
2.391,-0.484104856601725,0.591335541179324
2.392,-0.491001347606488,0.59171516536218
2.393,-0.484735424435346,0.59211022327657
2.394,-0.480035320056596,0.592489942178082
2.395,-0.470516625789821,0.592860060081301
2.396,-0.491386543931784,0.593207057456234
2.397,-0.496202970602725,0.593594423657941
2.398,-0.49041873582031,0.593992930468383
2.399,-0.489614603670588,0.59437623863358
2.4,-0.496365102295186,0.594759867269116
2.401,-0.493876011033666,0.595157829896649
2.402,-0.496044092315543,0.59555190205296
2.403,-0.49852606855739,0.595952029420934
2.404,-0.497261149947107,0.596356076848069
2.405,-0.495400101083531,0.596759102069058
2.406,-0.498064582894225,0.597159528030592
2.407,-0.497669228279116,0.597561056251262
2.408,-0.496464975756518,0.597963409794998
2.409,-0.495321387964179,0.598365424632954
2.41,-0.493015470134913,0.598766618532045
2.411,-0.493547139629567,0.599161426931387
2.412,-0.490198992312449,0.599559525896401
2.413,-0.48936795380309,0.599950113309679
2.414,-0.484012448118226,0.600341511127987
2.415,-0.488585310024598,0.600720190619409
2.416,-0.491701367333395,0.601110379723724
2.417,-0.490051636279083,0.60150773870268
2.418,-0.486873281581889,0.601903698510964
2.419,-0.484317837433025,0.602292703742444
2.42,-0.47664469151499,0.602678161275004
2.421,-0.478904849535941,0.603043275528407
2.422,-0.471638588658067,0.603416309612683
2.423,-0.456592678910361,0.603772724342544
2.424,-0.464387509297186,0.604089240002902
2.425,-0.469640441661982,0.604426403860777
2.426,-0.456880033959324,0.60477841614183
2.427,-0.461529026385067,0.605098449073028
2.428,-0.463322166503837,0.6054323781308
2.429,-0.467937782093348,0.605773689344685
2.43,-0.463299391847093,0.606128410070593
2.431,-0.466139648329016,0.606474659662061
2.432,-0.467369882133648,0.606830439424529
2.433,-0.469703328612664,0.607192068565946
2.434,-0.470275028958211,0.607561798554107
2.435,-0.47055567057494,0.607935690325503
2.436,-0.464943469378273,0.608313021529308
2.437,-0.463913641099584,0.608677817502843
2.438,-0.461654287383297,0.609043156107015
2.439,-0.457823062130209,0.609405998881229
2.44,-0.467819033048332,0.609762261993459
2.441,-0.462928123201379,0.610140375989636
2.442,-0.456431048643293,0.610507923646112
2.443,-0.44578119446924,0.610860884333436
2.444,-0.453881160403402,0.61118749734098
2.445,-0.448491646355969,0.611535042689866
2.446,-0.450135959263316,0.611872026597186
2.447,-0.442546093184535,0.612216012614331
2.448,-0.42626202263928,0.612543340503672
2.449,-0.427073149970016,0.612828656455145
2.45,-0.432488418135291,0.613119446897086
2.451,-0.422770681739372,0.613426296627186
2.452,-0.432656667307475,0.613711485539704
2.453,-0.443892521378733,0.614022559426873
2.454,-0.441499754038559,0.614361385881852
2.455,-0.44678377137912,0.614697542263026
2.456,-0.447414274630635,0.615048556375216
2.457,-0.449622829605722,0.615404078949691
2.458,-0.444380429642646,0.615767469188717
2.459,-0.434719821018115,0.616119907778934
2.46,-0.421327349827837,0.616448413051138
2.461,-0.401967191939392,0.616743295941383
2.462,-0.386223341583731,0.616988477487151
2.463,-0.37157148040607,0.617196381031738
2.464,-0.37086629089607,0.617370606136413
2.465,-0.362053692791217,0.617547195844178
2.466,-0.35746086825739,0.61770574547511
2.467,-0.356755082011029,0.617857072916494
2.468,-0.354083116191937,0.618010859388122
2.469,-0.327383883659889,0.618162231441136
2.47,-0.302756096873666,0.618247668123864
2.471,-0.302212074010632,0.618274027067585
2.472,-0.292891613466487,0.618303795767911
2.473,-0.292025079171193,0.618315018994811
2.474,-0.305957537606965,0.618328915277443
2.475,-0.310803013359818,0.618381026275857
2.476,-0.310547948979469,0.618449542595656
2.477,-0.311992417787431,0.618521969018357
2.478,-0.328736315764411,0.61860244732545
2.479,-0.319397795106036,0.61872709161583
2.48,-0.295618722655571,0.618832578263687
2.481,-0.275767655940812,0.618880899620539
2.482,-0.268753541907452,0.618883220923141
2.483,-0.275106346767188,0.618872900764993
2.484,-0.264800789022192,0.618882912386691
2.485,-0.256548311135128,0.618871904849286
2.486,-0.25116504836399,0.618845182829763
2.487,-0.267940195028583,0.618810024287727
2.488,-0.23101050700425,0.618820056344374
2.489,-0.225047736522687,0.618738382912894
2.49,-0.209110673865391,0.618647066318068
2.491,-0.192989342017779,0.618520889670144
2.492,-0.224512880939517,0.618359585985157
2.493,-0.231691249485626,0.618278558610093
2.494,-0.20530681647968,0.618220142207621
2.495,-0.164026660011495,0.618099450545791
2.496,-0.176667973792185,0.617877332657155
2.497,-0.176678650897737,0.617691660662482
2.498,-0.138946012456337,0.617511589202107
2.499,-0.136098416461731,0.617240440270003
2.5,-0.0773549205813252,0.616968229269103
2.501,-0.0614242821996193,0.616549606023991
2.502,-0.0413466830904355,0.616098030374377
2.503,-0.0715383004178551,0.615603249008865
2.504,-0.100572860598451,0.615187988625384
2.505,-0.0792857382833992,0.61484891196963
2.506,-0.0985420968098809,0.61446297574664
2.507,-0.115999001412455,0.614129900152327
2.508,-0.0856598579787405,0.613845070367189
2.509,-0.0859346124650805,0.613489931922211
2.51,-0.0577615499586492,0.613141729064333
2.511,-0.0543548231126614,0.612729300805668
2.512,-0.0753067932858373,0.612315053921451
2.513,-0.0433815541069129,0.611957623207162
2.514,-0.00359825995654008,0.611526534038126
2.515,0.0256056150499417,0.611002184686531
2.516,-0.0165134225877713,0.610412361804164
2.517,-0.0664873638684027,0.6099296921135
2.518,-0.0761809936865019,0.609571045918629
2.519,-0.0965898170536659,0.609241947547541
2.52,-0.135571048531356,0.60896756758735
2.521,-0.14898889199351,0.608790136602495
2.522,-0.160340110544121,0.608650104927379
2.523,-0.130351334888126,0.608542392594849
2.524,-0.12581543453404,0.608364404214546
2.525,-0.137665481316066,0.608180700590677
2.526,-0.162864903154599,0.608030676667976
2.527,-0.135777011715857,0.607945112089601
2.528,-0.0974401735089166,0.607796651788633
2.529,-0.0811205483815426,0.607556577630954
2.53,-0.0618911278834767,0.607281956368987
2.531,-0.050798400945035,0.606965709991987
2.532,-0.0349629079978349,0.606628273831233
2.533,-0.073865375700069,0.606258033687081
2.534,-0.0916153359539316,0.60598498260743
2.535,-0.0769851389622487,0.605759757118816
2.536,-0.0585471972602725,0.605504174959834
2.537,-0.0351108735772041,0.605208925794757
2.538,-0.030620944924978,0.604861739760728
2.539,-0.0447488241235352,0.604509658875707
2.54,-0.0629145200223755,0.604197197990468
2.541,-0.0710681883218867,0.603933576057836
2.542,-0.091732772322913,0.60369498619946
2.543,-0.0536011312665319,0.603510554049485
2.544,-0.0681599627347035,0.603236027125442
2.545,-0.0912569577174398,0.603001618179626
2.546,-0.12661811447668,0.602826866139825
2.547,-0.128983154878735,0.602738976392432
2.548,-0.123378089245442,0.602661533180993
2.549,-0.0958224150808501,0.602575289247774
2.55,-0.0803625814315353,0.602425439059716
2.551,-0.0723215968447143,0.602242889310034
2.552,-0.0560745112338543,0.602046039524055
2.553,-0.0409031334788886,0.601814785178047
2.554,-0.0373576244400562,0.601551964063941
2.555,-0.0499217975099179,0.601286079308962
2.556,-0.0216597270122213,0.601055415782112
2.557,-0.0559110394118507,0.600760551036727
2.558,-0.0577642531225206,0.600550811806378
2.559,-0.0592066763548546,0.600350704813294
2.56,-0.0676176705217156,0.600159200695586
2.561,-0.0516339098439793,0.59999274620669
2.562,-0.0508824936386062,0.59979245071146
2.563,-0.0753957033505952,0.599595493343775
2.564,-0.0841345464408372,0.599460751088314
2.565,-0.0739065346713306,0.599351522785799
2.566,-0.0574929790972189,0.599222341227506
2.567,-0.0405509230208869,0.599058084180728
2.568,-0.0648114378724426,0.598857626851287
2.569,-0.0969859329892843,0.598718734709106
2.57,-0.138791886524577,0.598658652335325
2.571,-0.147874965429723,0.598697296807888
2.572,-0.147236527467091,0.5987614073747
2.573,-0.141024769200454,0.598828065405112
2.574,-0.15563489232978,0.598883826361027
2.575,-0.179091999044143,0.598977580660908
2.576,-0.179370018871149,0.599128545532233
2.577,-0.166922335274513,0.599283908803771
2.578,-0.169725623549323,0.599412481603968
2.579,-0.18812888168829,0.599551500974965
2.58,-0.17201160958776,0.599736236206238
2.581,-0.163238223107555,0.599884517912154
2.582,-0.155095944668066,0.600015208579983
2.583,-0.138562672799311,0.60012994603981
2.584,-0.149325119430841,0.600207747265717
2.585,-0.161039874538231,0.600314693175079
2.586,-0.162494236356083,0.600452780501624
2.587,-0.177862223237975,0.600598085964417
2.588,-0.169149896503288,0.600782421802565
2.589,-0.158783867840587,0.600949082988968
2.59,-0.169032698977275,0.601094015502756
2.591,-0.146240612197605,0.601266533184604
2.592,-0.172269558944879,0.60138500322611
2.593,-0.20255029698755,0.601565971182622
2.594,-0.196903878678769,0.601816663967134
2.595,-0.197872116941126,0.602056942508908
2.596,-0.216134168944009,0.602302883629061
2.597,-0.214155703167233,0.602592457297629
2.598,-0.221280846755363,0.602880440027229
2.599,-0.213379340881275,0.603187817536683
2.6,-0.205525598271838,0.603478546026959
2.601,-0.220172034970044,0.603752923938883
2.602,-0.228634950309392,0.604062820919166
2.603,-0.235524804740703,0.604394605197312
2.604,-0.243592860846066,0.604744467116331
2.605,-0.246233963308521,0.605113889831841
2.606,-0.245201838839933,0.60549156568942
2.607,-0.240084423544899,0.60586939627188
2.608,-0.241920374945505,0.606236163072336
2.609,-0.24378290856624,0.606609607150611
2.61,-0.243889580557809,0.606989553607202
2.611,-0.245967076785947,0.607372185176744
2.612,-0.244205529788129,0.607760904431
2.613,-0.243870437009178,0.608147708593089
2.614,-0.241941695304182,0.608536017581858
2.615,-0.239623673751992,0.608921885275832
2.616,-0.239279678075739,0.609304299048527
2.617,-0.231224816600812,0.609688317805929
2.618,-0.233873668470378,0.610044776858026
2.619,-0.229298590478386,0.610409826974585
2.62,-0.227140598945769,0.610765799687823
2.621,-0.218985766564467,0.611119280242877
2.622,-0.223513860002025,0.611453692603667
2.623,-0.22647315581646,0.611801181779696
2.624,-0.220114709067204,0.612158113862094
2.625,-0.215936805636899,0.612501043964064
2.626,-0.204458477339574,0.61283635887306
2.627,-0.220349757801095,0.6131435129917
2.628,-0.232493265982536,0.613487121732291
2.629,-0.226704399052365,0.613857111420723
2.63,-0.220567736910006,0.614213687845088
2.631,-0.21691784532544,0.614556784927097
2.632,-0.211854254111517,0.614893609062891
2.633,-0.215627597403585,0.615220474693757
2.634,-0.215034516040077,0.615558931571849
2.635,-0.209406615010042,0.615898827623917
2.636,-0.209974687074597,0.61622713200021
2.637,-0.213262224651442,0.616559712224441
2.638,-0.210398503182417,0.616902714937397
2.639,-0.196914417607816,0.617241440939596
2.64,-0.183341394279659,0.617544695910766
2.641,-0.184477916120913,0.617814676940517
2.642,-0.186700408404586,0.618090639447509
2.643,-0.178001487515364,0.618375139946864
2.644,-0.164201568769206,0.618640482153776
2.645,-0.166447437545802,0.618872940456767
2.646,-0.15392980679236,0.619114232041767
2.647,-0.168586580356052,0.619326562305354
2.648,-0.156450737540683,0.619576320355776
2.649,-0.144539540111588,0.619798004738977
2.65,-0.135883692204846,0.619992561990412
2.651,-0.121375913597109,0.620168790421673
2.652,-0.12864467141646,0.620311386094644
2.653,-0.0910483169635088,0.620475260487483
2.654,-0.0953094551790315,0.620540219697886
2.655,-0.101240892651924,0.620619616752368
2.656,-0.0855129783940092,0.620717421743495
2.657,-0.119614524795472,0.620778994270941
2.658,-0.102457685187073,0.620923078347608
2.659,-0.0825542645288269,0.621026697219681
2.66,-0.0659592769515066,0.621082885011356
2.661,-0.122063800688318,0.621100831519937
2.662,-0.134631562816648,0.621248070471172
2.663,-0.144535488133191,0.621428943713381
2.664,-0.153753060479707,0.621637023686821
2.665,-0.138468695116377,0.621870486299952
2.666,-0.119710201208856,0.622067290196284
2.667,-0.0976626157863241,0.622218420893982
2.668,-0.0883072472827161,0.622315524997841
2.669,-0.113197957865922,0.622392919703831
2.67,-0.0689129496831006,0.622532629546366
2.671,-0.0613055367126534,0.622553924686517
2.672,-0.0491611004759421,0.622560308079759
2.673,-0.0404217648922389,0.622540226906081
2.674,-0.0460061310815705,0.622502515231904
2.675,-0.0339384306660117,0.622482889745891
2.676,0.0212379730570288,0.622437111123663
2.677,0.0575406085407227,0.622247907366125
2.678,0.0654865539080235,0.621970047061969
2.679,0.0748320833597963,0.621677606992247
2.68,0.0624065014175763,0.621367123890499
2.681,0.0299307722599281,0.621092437410364
2.682,0.0503962115864108,0.620900857978043
2.683,0.032714424979391,0.620662427504516
2.684,0.0591332056533528,0.620472012529767
2.685,0.0178644992379418,0.62021929430501
2.686,0.0309138176637567,0.620069531430608
2.687,0.054270965467329,0.619891771518991
2.688,0.0626635365277655,0.619659653691111
2.689,0.0593691633862926,0.6194116559899
2.69,0.04394269057423,0.619176832198831
2.691,0.0396779050695205,0.618984484483136
2.692,0.0237957826261514,0.618807449113905
2.693,0.0042805827531413,0.618673651434772
2.694,0.0165769369545607,0.618591422697446
2.695,-0.0342204448785929,0.618482841969056
2.696,-0.0458186409402841,0.618495823373237
2.697,-0.0797662447851671,0.618540878729056
2.698,-0.0779369911524109,0.618668165232406
2.699,-0.0734204896468668,0.618794643405075
2.7,-0.0593024396998756,0.618913608526898
2.701,-0.0418389148638747,0.619000442620625
2.702,-0.0154990536763166,0.619046574029704
2.703,-0.00825807655516588,0.619028672939376
2.704,-0.0198759264561918,0.61899692541368
2.705,-0.0198058552913992,0.618997528710002
2.706,-0.0305286989993629,0.619002077950293
2.707,0.00633073638882938,0.61903666433114
2.708,-0.00369527346146302,0.618978497191458
2.709,-0.00650498899575486,0.618948994682773
2.71,0.00565769977836792,0.618930593062994
2.711,0.0255392171117404,0.618885836281035
2.712,0.0632029164730173,0.618794935575183
2.713,0.0414867901139675,0.618611040735214
2.714,0.0407697601096345,0.618484119687881
2.715,0.0451647286748792,0.618363488772893
2.716,0.0338620623311277,0.618236472764829
2.717,0.0262771539656937,0.618141415652098
2.718,0.0317031188949007,0.618069240134377
2.719,0.000745438551150016,0.617987926809142
2.72,0.0227288252847053,0.617983964855106
2.721,0.00575740655780884,0.617928113591881
2.722,-0.0198691167415173,0.617917252718103
2.723,0.00292395077840513,0.61797094344107
2.724,0.0213300284704519,0.617970093253673
2.725,0.0390489824182537,0.617926693002542
2.726,0.0380441664262299,0.617842779188282
2.727,0.0327074147538848,0.617765661078212
2.728,0.0346984694218506,0.617705873431272
2.729,0.031858328813443,0.61764541084847
2.73,0.0359362491423522,0.617596135957366
2.731,0.0694071138394714,0.617540966101045
2.732,0.0579265516067039,0.617403808765383
2.733,0.0344223173830617,0.617298976216063
2.734,0.0461328024123932,0.617254560998014
2.735,0.0633032644467185,0.617185041045627
2.736,0.0710842032891919,0.617076570395616
2.737,0.0690438618645977,0.61695315066866
2.738,0.0739709093673706,0.616839137391414
2.739,0.0451497027306845,0.616717312397697
2.74,0.0294897622504297,0.6166681692754
2.741,0.0308862578927308,0.616660753183886
2.742,0.013351275992997,0.61665390904706
2.743,0.0154724886973114,0.616692896575002
2.744,0.0264747813409622,0.616730512350051
2.745,0.0355839936363514,0.616744458188728
2.746,0.0680700214383813,0.61673963321055
2.747,0.0821848947636229,0.61665491923829
2.748,0.077177956606162,0.616539131670378
2.749,0.0383831323977272,0.616439895146992
2.75,0.053614851351838,0.61643543524772
2.751,0.068062886617955,0.616396669335605
2.752,0.0431662604683409,0.616325773117902
2.753,0.0182785176032058,0.616318076599091
2.754,0.0377969863128771,0.616372987293645
2.755,0.0223386114794468,0.616382065132332
2.756,-0.00879212874878148,0.616431997974952
2.757,0.000756411091129509,0.616557615151103
2.758,0.0250832637034166,0.616662857611334
2.759,0.0164211868060123,0.616708865889474
2.76,0.0346960984856702,0.616779573109047
2.761,0.0501529783316331,0.616807552673512
2.762,0.042901761715966,0.616800423474449
2.763,0.057243600910531,0.616814837437883
2.764,0.0543783300200227,0.616797081983696
2.765,0.0882763080906324,0.616790303520313
2.766,0.10927693073943,0.616699767065076
2.767,0.0904980180087873,0.61656043410398
2.768,0.137772884580206,0.616470553308719
2.769,0.169945840043944,0.616261614145561
2.77,0.190000901478816,0.615975586843828
2.771,0.199021101633123,0.615644244941209
2.772,0.186968395791271,0.615295586221202
2.773,0.169559526729969,0.614981245231574
2.774,0.184961348523499,0.614713847760471
2.775,0.18071778683128,0.614412903126946
2.776,0.123044944869703,0.614127165513574
2.777,0.0812360492889882,0.613979940836835
2.778,0.122852918073358,0.613934376969843
2.779,0.11807987520019,0.613785042772146
2.78,0.111477043450283,0.613651655653895
2.781,0.155055471168567,0.613538565598763
2.782,0.146079378653901,0.6133174518486
2.783,0.155134534517329,0.613122642821182
2.784,0.173692092548927,0.612909963406912
2.785,0.169942702256314,0.612655607464085
2.786,0.171494019345494,0.612415027744758
2.787,0.209838352919424,0.612175252831141
2.788,0.267500647920261,0.611842983459094
2.789,0.266061977595249,0.61136802927527
2.79,0.248567815178712,0.610902012602271
2.791,0.233827369232058,0.610483473123395
2.792,0.23623099180805,0.610105616313763
2.793,0.256774479005247,0.609726935376387
2.794,0.269741076987119,0.609302513480996
2.795,0.272693573391326,0.608851461385444
2.796,0.231111172113525,0.608398499110505
2.797,0.236407766445496,0.608048679901209
2.798,0.254989192323619,0.607690849749861
2.799,0.276304131536987,0.607292215713266
2.8,0.307332929803326,0.606846152160394
2.801,0.349062647833892,0.60632850139896
2.802,0.422974573066047,0.605712580672008
2.803,0.405778072254711,0.604915970678341
2.804,0.454441697038723,0.60416716994024
2.805,0.495041883642277,0.603304463439332
2.806,0.57048853659583,0.602349064236976
2.807,0.578108804362364,0.601213610994481
2.808,0.611104678195449,0.600068192149004
2.809,0.597124615952446,0.598851150534042
2.81,0.558398022199748,0.597676145984981
2.811,0.60197386406575,0.596600681622122
2.812,0.605311552498062,0.595427593736706
2.813,0.591881739413317,0.59425505060906
2.814,0.551849243251363,0.593122654543066
2.815,0.616546506324136,0.592091758295408
2.816,0.680946081108215,0.590911538037366
2.817,0.682831112466249,0.589584256084754
2.818,0.655196161303554,0.588261865042023
2.819,0.653403671952552,0.587013014872795
2.82,0.5998880701852,0.585777162688049
2.821,0.638043871398502,0.584672735155864
2.822,0.658079238716218,0.583485890145778
2.823,0.607876589350474,0.582260425363861
2.824,0.606379957306083,0.581158123642562
2.825,0.569660355593401,0.580067150866189
2.826,0.581140678444701,0.5790677618346
2.827,0.590403479687777,0.578048981638771
2.828,0.527093272441012,0.577016099340932
2.829,0.443021162170723,0.57613275377874
2.83,0.366778850001843,0.575442176308745
2.831,0.357862020515453,0.574925536107676
2.832,0.336519981546775,0.574434294682352
2.833,0.391223532581613,0.573996262759671
2.834,0.348575568534003,0.573433122382535
2.835,0.367671055144021,0.572970362444956
2.836,0.373229687680593,0.572468228224651
2.837,0.341121544910707,0.571958306868069
2.838,0.341651839977173,0.571525200517658
2.839,0.357105585810128,0.571095568221094
2.84,0.441150003056741,0.570635018008125
2.841,0.498507915308434,0.569977512270782
2.842,0.511204272899607,0.569191124809802
2.843,0.555874918120935,0.568381806401076
2.844,0.564544177610253,0.567475241268102
2.845,0.595759934219478,0.566555591610422
2.846,0.649335316803675,0.565571095404142
2.847,0.599815252492299,0.564470044400997
2.848,0.673433019294986,0.563486124356367
2.849,0.670252331025591,0.562338725462529
2.85,0.628562712466631,0.561206291678942
2.851,0.662923779771377,0.560173579793649
2.852,0.651721304660802,0.559070192489136
2.853,0.6678467871891,0.557999233720265
2.854,0.711090687657303,0.556899474930217
2.855,0.706504950176492,0.555709550217483
2.856,0.671475234285936,0.554537747799162
2.857,0.703023610253697,0.553450391276514
2.858,0.71342657601025,0.552299885124611
2.859,0.73430848349477,0.551134041486398
2.86,0.784160212630333,0.54992967578194
2.861,0.83127069117843,0.548622006923849
2.862,0.798351106498839,0.547218210100893
2.863,0.804513732422307,0.545894780779761
2.864,0.780415094357399,0.544566520957838
2.865,0.833023750591669,0.543298892437411
2.866,0.837507589709272,0.541923504515743
2.867,0.899722828043084,0.540547303084439
2.868,0.93100456142523,0.539043271803142
2.869,1.01862767897647,0.537481083447902
2.87,0.986885194662423,0.535736646031215
2.871,1.03084223027276,0.534071041374181
2.872,1.07192744228025,0.532321558899055
2.873,1.14264436288465,0.530495413091244
2.874,1.15613978941759,0.528529177627549
2.875,1.07963075997183,0.526547656542769
2.876,1.15554035755588,0.524737636009485
2.877,1.19277909469771,0.52277778170087
2.878,1.13289321443635,0.520752798005603
2.879,1.19611556366968,0.518864458083638
2.88,1.20108685147385,0.516855924647402
2.881,1.35826876403895,0.514850714575313
2.882,1.45945484607816,0.512525570837608
2.883,1.48505278307176,0.510006353082415
2.884,1.48009911623692,0.507453579735782
2.885,1.55596173797187,0.504929954727724
2.886,1.52916118551652,0.502270386571567
2.887,1.5106931620126,0.499684663055185
2.888,1.44462692400515,0.497155181065901
2.889,1.37027042537373,0.49477421209389
2.89,1.26728462702381,0.49255543706468
2.891,1.33707040096656,0.490550902278349
2.892,1.23871076119796,0.488421428708355
2.893,1.20937406669941,0.48649490449241
2.894,1.14754969675518,0.484637843693023
2.895,1.14066351636674,0.482911061289221
2.896,1.10452529849336,0.481208617388472
2.897,1.13949026600541,0.479585912305563
2.898,1.12351778379522,0.477905952155613
2.899,1.16604243209452,0.476267014150262
2.9,1.11246877153786,0.474556776940237
2.901,1.16209170362952,0.472957748832346
2.902,1.09527725313499,0.471273959892384
2.903,1.1495034502544,0.469724716191812
2.904,1.13612802357903,0.468082096498904
2.905,1.17573411048682,0.466474689633567
2.906,1.14242934896468,0.464802881679166
2.907,1.2251517472321,0.463202940897623
2.908,1.22736482453414,0.46145718724674
2.909,1.20002654609037,0.459718476052989
2.91,1.17800440478222,0.458040704087391
2.911,1.20825674931496,0.456413534916207
2.912,1.17924972737219,0.454740978527948
2.913,1.18602971563479,0.453131218066536
2.914,1.22158481721186,0.451519095598861
2.915,1.25094583035001,0.449852330752808
2.916,1.24112562294377,0.448142892558395
2.917,1.26853968450578,0.446461713125023
2.918,1.34646849676507,0.444741875706441
2.919,1.34090031894472,0.442892364806975
2.92,1.33725512292603,0.441064657940176
2.921,1.33874839801929,0.439255126098696
2.922,1.34499071065907,0.437454562688901
2.923,1.38002513104101,0.435654584623444
2.924,1.40424231152098,0.433804772633334
2.925,1.41842732305283,0.431924793303261
2.926,1.35067562500012,0.430032532670702
2.927,1.35369855838453,0.42826753837705
2.928,1.25263808047742,0.426508527735749
2.929,1.28545358391987,0.424929489675974
2.93,1.29900254062065,0.423303940218504
2.931,1.33481475715314,0.421665344943868
2.932,1.31804730213119,0.419976066102599
2.933,1.29933053053806,0.418325272799691
2.934,1.30600619458346,0.416715740281786
2.935,1.36478569541989,0.415104831084462
2.936,1.3070949172144,0.413405167427229
2.937,1.24549718979976,0.411810259966279
2.938,1.19733483323427,0.410325059112614
2.939,1.21782770995969,0.408926698536631
2.94,1.23907021300845,0.40750271582222
2.941,1.16806075812887,0.406052191372216
2.942,1.27770410916341,0.40472355447511
2.943,1.24539293700181,0.403221028290839
2.944,1.28575510070688,0.401779018773601
2.945,1.28540427127304,0.400280048021295
2.946,1.29049448642698,0.398790413222898
2.947,1.32096243114489,0.397301353665844
2.948,1.31375187433606,0.395772353210393
2.949,1.2579943147285,0.394263742068096
2.95,1.2856027058273,0.392850824584118
2.951,1.34854773586473,0.391402391967143
2.952,1.35005481988829,0.389862709695545
2.953,1.34224046410774,0.388329772635827
2.954,1.40353375347427,0.386817962926714
2.955,1.36254502868527,0.385219258858687
2.956,1.39516620497736,0.383692762848792
2.957,1.37472189762072,0.382124960985951
2.958,1.36563743269653,0.380597573520333
2.959,1.42926412364649,0.379092937642194
2.96,1.46257257265486,0.377499652377683
2.961,1.44287916146905,0.375865443654688
2.962,1.40946673956695,0.374270644909982
2.963,1.45442031564924,0.372735077884556
2.964,1.52481142840661,0.371141122398313
2.965,1.48872258762218,0.369451205292542
2.966,1.55028713466907,0.367824731471415
2.967,1.62743751940528,0.366116838087402
2.968,1.69962267727451,0.364305533394514
2.969,1.67562080877247,0.362399940009362
2.97,1.66392618716482,0.360541825282423
2.971,1.70536231940277,0.358712879200445
2.972,1.67514949654734,0.356836305245116
2.973,1.74597292313914,0.35501519078166
2.974,1.75286355562638,0.353104696572437
2.975,1.76182161227671,0.351197532641581
2.976,1.82756945493238,0.349290832004014
2.977,1.88361838687837,0.3473047002545
2.978,1.86210328672052,0.345254344992967
2.979,1.86297000295226,0.343248424575665
2.98,1.83750702264089,0.341255671209239
2.981,1.87091575739854,0.339311706764374
2.982,1.99459712870932,0.33733596159754
2.983,1.95817077356121,0.335205156560385
2.984,2.06366552413567,0.333139019344295
2.985,2.20465711452145,0.330946190514377
2.986,2.18489683354958,0.328581305496167
2.987,2.17411303358021,0.32626201384064
2.988,2.21125551925483,0.323975888720408
2.989,2.23797891263953,0.321660303255243
2.99,2.21171116508288,0.319329593056128
2.991,2.24988886844783,0.317051823538718
2.992,2.22519801867748,0.314744432999337
2.993,2.24652836135535,0.312487357062303
2.994,2.18286899240042,0.310222349919883
2.995,2.19811639653065,0.308054509529905
2.996,2.21573946451893,0.305885443585852
2.997,2.27847094180427,0.303712470719841
2.998,2.30679657194127,0.301480765426824
2.999,2.3129136691914,0.299233664998807
3,2.29664972856545,0.296998361066663
