t,x,L_x,f_x,L_y,f_y
0,4,0.4,-1.6,-0.5,0
0.005,3.98858212278435,0.398858212278435,-1.59543284911374,-0.495432849113741,0
0.01,4.0093026677921,0.40093026677921,-1.60372106711684,-0.50372106711684,0
0.015,3.98818359612693,0.398818359612693,-1.59527343845077,-0.495273438450773,0
0.02,3.96062954441783,0.396062954441783,-1.58425181776713,-0.484251817767132,0
0.025,3.96436400946604,0.396436400946604,-1.58574560378642,-0.485745603786417,0
0.03,3.95181715338956,0.395181715338956,-1.58072686135582,-0.480726861355822,0
0.035,3.9904187558449,0.39904187558449,-1.59616750233796,-0.49616750233796,0
0.04,3.96689421238338,0.396689421238338,-1.58675768495335,-0.486757684953352,0
0.045,3.96718103491318,0.396718103491318,-1.58687241396527,-0.48687241396527,0
0.05,3.953123335652,0.3953123335652,-1.5812493342608,-0.481249334260798,0
0.055,3.94440416396108,0.394440416396108,-1.57776166558443,-0.47776166558443,0
0.06,3.93824629916277,0.393824629916277,-1.57529851966511,-0.475298519665108,0
0.065,3.9593323969897,0.39593323969897,-1.58373295879588,-0.483732958795879,0
0.07,3.96109166363021,0.396109166363021,-1.58443666545208,-0.484436665452084,0
0.075,3.91563859054814,0.391563859054814,-1.56625543621926,-0.466255436219258,0
0.08,3.89511087484674,0.389511087484674,-1.55804434993869,-0.458044349938695,0
0.085,3.94746690770988,0.394746690770988,-1.57898676308395,-0.478986763083951,0
0.09,3.9648292724837,0.39648292724837,-1.58593170899348,-0.485931708993479,0
0.095,3.94642699765486,0.394642699765486,-1.57857079906194,-0.478570799061942,0
0.1,3.94144979362848,0.394144979362848,-1.57657991745139,-0.476579917451392,0
0.105,3.94070606160923,0.394070606160923,-1.57628242464369,-0.476282424643694,0
0.11,3.96388768528704,0.396388768528704,-1.58555507411482,-0.485555074114818,0
0.115,3.97760956892567,0.397760956892567,-1.59104382757027,-0.491043827570267,0
0.12,3.97805956425128,0.397805956425128,-1.59122382570051,-0.491223825700513,0
0.125,3.97081848758007,0.397081848758008,-1.58832739503203,-0.48832739503203,0
0.13,3.98744054472306,0.398744054472306,-1.59497621788922,-0.494976217889222,0
0.135,4.03160959591492,0.403160959591492,-1.61264383836597,-0.512643838365969,0
0.14,4.0534513397312,0.40534513397312,-1.62138053589248,-0.521380535892481,0
0.145,4.03270694541207,0.403270694541207,-1.61308277816483,-0.51308277816483,0
0.15,4.01513391651433,0.401513391651433,-1.60605356660573,-0.506053566605732,0
0.155,3.998927119646,0.3998927119646,-1.5995708478584,-0.499570847858402,0
0.16,3.98027414548256,0.398027414548256,-1.59210965819302,-0.492109658193024,0
0.165,3.98175390751695,0.398175390751695,-1.59270156300678,-0.492701563006781,0
0.17,3.99299531600146,0.399299531600146,-1.59719812640059,-0.497198126400585,0
0.175,4.02138808727959,0.402138808727959,-1.60855523491184,-0.508555234911836,0
0.18,4.00558654461558,0.400558654461558,-1.60223461784623,-0.502234617846232,0
0.185,4.02566425789722,0.402566425789722,-1.61026570315889,-0.510265703158889,0
0.19,3.97701795668851,0.397701795668851,-1.59080718267541,-0.490807182675406,0
0.195,3.93413968948363,0.393413968948363,-1.57365587579345,-0.473655875793452,0
0.2,3.94113320352879,0.394113320352879,-1.57645328141152,-0.476453281411516,0
0.205,3.91616002350485,0.391616002350485,-1.56646400940194,-0.466464009401939,0
0.21,3.90178150283808,0.390178150283808,-1.56071260113523,-0.460712601135233,0
0.215,3.90780941674703,0.390780941674703,-1.56312376669881,-0.46312376669881,0
0.22,3.90559583316115,0.390559583316115,-1.56223833326446,-0.462238333264458,0
0.225,3.92575823628055,0.392575823628055,-1.57030329451222,-0.47030329451222,0
0.23,3.92782690345959,0.392782690345959,-1.57113076138384,-0.471130761383836,0
0.235,3.92696795016982,0.392696795016982,-1.57078718006793,-0.470787180067927,0
0.24,3.92380160056033,0.392380160056033,-1.56952064022413,-0.469520640224134,0
0.245,3.90631142837753,0.390631142837753,-1.56252457135101,-0.462524571351011,0
0.25,3.9140526708219,0.39140526708219,-1.56562106832876,-0.465621068328758,0
0.255,3.91379438074639,0.391379438074639,-1.56551775229856,-0.465517752298557,0
0.26,3.89451197482483,0.389451197482483,-1.55780478992993,-0.457804789929932,0
0.265,3.90442620664272,0.390442620664272,-1.56177048265709,-0.461770482657086,0
0.27,3.87256460998886,0.387256460998886,-1.54902584399554,-0.449025843995543,0
0.275,3.83660249855572,0.383660249855572,-1.53464099942229,-0.434640999422287,0
0.28,3.85104176832483,0.385104176832483,-1.54041670732993,-0.440416707329933,0
0.285,3.87303496505401,0.387303496505401,-1.5492139860216,-0.449213986021604,0
0.29,3.85346148771862,0.385346148771862,-1.54138459508745,-0.441384595087448,0
0.295,3.85456696326034,0.385456696326034,-1.54182678530414,-0.441826785304137,0
0.3,3.87534847080294,0.387534847080294,-1.55013938832118,-0.450139388321176,0
0.305,3.85547030930011,0.385547030930011,-1.54218812372004,-0.442188123720044,0
0.31,3.85373941457859,0.385373941457859,-1.54149576583143,-0.441495765831435,0
0.315,3.83328938888741,0.383328938888741,-1.53331575555496,-0.433315755554964,0
0.32,3.82692908876594,0.382692908876594,-1.53077163550638,-0.430771635506377,0
0.325,3.80755068378463,0.380755068378463,-1.52302027351385,-0.423020273513852,0
0.33,3.82401735720092,0.382401735720093,-1.52960694288037,-0.42960694288037,0
0.335,3.82416023257986,0.382416023257987,-1.52966409303195,-0.429664093031946,0
0.34,3.81926385090396,0.381926385090396,-1.52770554036158,-0.427705540361584,0
0.345,3.8396446572914,0.38396446572914,-1.53585786291656,-0.435857862916559,0
0.35,3.83823416556658,0.383823416556658,-1.53529366622663,-0.435293666226632,0
0.355,3.80132357485442,0.380132357485442,-1.52052942994177,-0.42052942994177,0
0.36,3.81470024308753,0.381470024308753,-1.52588009723501,-0.425880097235012,0
0.365,3.80373279602998,0.380373279602998,-1.52149311841199,-0.421493118411992,0
0.37,3.83332836630031,0.383332836630031,-1.53333134652012,-0.433331346520122,0
0.375,3.80800453969209,0.380800453969209,-1.52320181587683,-0.423201815876835,0
0.38,3.84024756317132,0.384024756317132,-1.53609902526853,-0.43609902526853,0
0.385,3.84392862903293,0.384392862903293,-1.53757145161317,-0.437571451613173,0
0.39,3.83047173148884,0.383047173148884,-1.53218869259553,-0.432188692595534,0
0.395,3.82073278834445,0.382073278834445,-1.52829311533778,-0.428293115337778,0
0.4,3.8271139666015,0.38271139666015,-1.5308455866406,-0.4308455866406,0
0.405,3.78826426871797,0.378826426871798,-1.51530570748719,-0.41530570748719,0
0.41,3.77508348992689,0.377508348992689,-1.51003339597076,-0.410033395970758,0
0.415,3.72812403444812,0.372812403444812,-1.49124961377925,-0.39124961377925,0
0.42,3.73458652904952,0.373458652904952,-1.49383461161981,-0.393834611619809,0
0.425,3.73422710166054,0.373422710166054,-1.49369084066422,-0.393690840664217,0
0.43,3.73731880830947,0.373731880830947,-1.49492752332379,-0.394927523323788,0
0.435,3.74673821294346,0.374673821294346,-1.49869528517738,-0.398695285177384,0
0.44,3.78720268733378,0.378720268733378,-1.51488107493351,-0.414881074933511,0
0.445,3.77201045475305,0.377201045475305,-1.50880418190122,-0.408804181901219,0
0.45,3.79927703271795,0.379927703271795,-1.51971081308718,-0.419710813087179,0
0.455,3.78668660876806,0.378668660876806,-1.51467464350722,-0.414674643507222,0
0.46,3.8283683575886,0.38283683575886,-1.53134734303544,-0.431347343035438,0
0.465,3.82803449249077,0.382803449249077,-1.53121379699631,-0.431213796996308,0
0.47,3.77477907083874,0.377477907083874,-1.50991162833549,-0.409911628335494,0
0.475,3.81423412508072,0.381423412508072,-1.52569365003229,-0.425693650032289,0
0.48,3.80455915354043,0.380455915354043,-1.52182366141617,-0.421823661416173,0
0.485,3.82476514594524,0.382476514594524,-1.5299060583781,-0.429906058378097,0
0.49,3.84556784242395,0.384556784242395,-1.53822713696958,-0.43822713696958,0
0.495,3.8577591086393,0.38577591086393,-1.54310364345572,-0.443103643455721,0
0.5,3.82542231131899,0.382542231131899,-1.5301689245276,-0.430168924527595,0
0.505,3.83123101694451,0.383123101694451,-1.5324924067778,-0.432492406777802,0
0.51,3.78317633928886,0.378317633928886,-1.51327053571555,-0.413270535715546,0
0.515,3.75698266566122,0.375698266566122,-1.50279306626449,-0.402793066264486,0
0.52,3.7582844227994,0.37582844227994,-1.50331376911976,-0.403313769119761,0
0.525,3.78002267961705,0.378002267961705,-1.51200907184682,-0.412009071846821,0
0.53,3.78183514366099,0.378183514366099,-1.51273405746439,-0.412734057464395,0
0.535,3.77286246769872,0.377286246769872,-1.50914498707949,-0.409144987079489,0
0.54,3.78377353065696,0.378377353065696,-1.51350941226278,-0.413509412262782,0
0.545,3.78997363604514,0.378997363604514,-1.51598945441805,-0.415989454418055,0
0.55,3.76129634086338,0.376129634086338,-1.50451853634535,-0.404518536345353,0
0.555,3.7484285747025,0.37484285747025,-1.499371429881,-0.399371429881002,0
0.56,3.80968651633492,0.380968651633492,-1.52387460653397,-0.423874606533967,0
0.565,3.84979953962288,0.384979953962288,-1.53991981584915,-0.439919815849151,0
0.57,3.86382189472011,0.386382189472011,-1.54552875788804,-0.445528757888044,0
0.575,3.86786403834199,0.386786403834199,-1.5471456153368,-0.447145615336797,0
0.58,3.85215717777242,0.385215717777242,-1.54086287110897,-0.440862871108967,0
0.585,3.83465397067155,0.383465397067155,-1.53386158826862,-0.433861588268619,0
0.59,3.83607189227568,0.383607189227568,-1.53442875691027,-0.434428756910272,0
0.595,3.86168780466816,0.386168780466816,-1.54467512186726,-0.444675121867264,0
0.6,3.90250650464869,0.390250650464869,-1.56100260185948,-0.461002601859477,0
0.605,3.84224193569405,0.384224193569406,-1.53689677427762,-0.436896774277622,0
0.61,3.8351025083201,0.38351025083201,-1.53404100332804,-0.434041003328042,0
0.615,3.89490780695869,0.389490780695869,-1.55796312278348,-0.457963122783476,0
0.62,3.88226854624449,0.388226854624449,-1.5529074184978,-0.452907418497795,0
0.625,3.89699283235414,0.389699283235414,-1.55879713294166,-0.458797132941657,0
0.63,3.87627759047902,0.387627759047902,-1.55051103619161,-0.450511036191609,0
0.635,3.91660398636533,0.391660398636533,-1.56664159454613,-0.466641594546134,0
0.64,3.91642531854198,0.391642531854198,-1.56657012741679,-0.466570127416793,0
0.645,3.92324091163536,0.392324091163536,-1.56929636465415,-0.469296364654145,0
0.65,3.90408196316699,0.390408196316699,-1.5616327852668,-0.461632785266798,0
0.655,3.9216111808911,0.39216111808911,-1.56864447235644,-0.46864447235644,0
0.66,3.92657881092047,0.392657881092047,-1.57063152436819,-0.470631524368189,0
0.665,3.91469670592935,0.391469670592935,-1.56587868237174,-0.46587868237174,0
0.67,3.93090341713578,0.393090341713578,-1.57236136685431,-0.472361366854311,0
0.675,3.95581195080424,0.395581195080424,-1.5823247803217,-0.482324780321696,0
0.68,3.95377036770036,0.395377036770036,-1.58150814708014,-0.481508147080143,0
0.685,3.96406955788383,0.396406955788383,-1.58562782315353,-0.485627823153532,0
0.69,3.97352840103567,0.397352840103567,-1.58941136041427,-0.489411360414268,0
0.695,4.01173963880738,0.401173963880738,-1.60469585552295,-0.504695855522952,0
0.7,4.00061643353879,0.400061643353879,-1.60024657341552,-0.500246573415515,0
0.705,4.00449323587584,0.400449323587584,-1.60179729435033,-0.501797294350334,0
0.71,4.00080538559608,0.400080538559608,-1.60032215423843,-0.500322154238431,0
0.715,3.97785541083942,0.397785541083942,-1.59114216433577,-0.491142164335769,0
0.72,3.95351829591384,0.395351829591384,-1.58140731836553,-0.481407318365534,0
0.725,3.96752825378882,0.396752825378882,-1.58701130151553,-0.487011301515529,0
0.73,3.94550988282969,0.394550988282969,-1.57820395313188,-0.478203953131877,0
0.735,3.95615858060141,0.395615858060141,-1.58246343224056,-0.482463432240563,0
0.74,3.96130991902748,0.396130991902748,-1.58452396761099,-0.484523967610991,0
0.745,3.93993848126126,0.393993848126126,-1.57597539250451,-0.475975392504506,0
0.75,3.94065428074153,0.394065428074153,-1.57626171229661,-0.476261712296613,0
0.755,3.94615774990277,0.394615774990277,-1.57846309996111,-0.478463099961107,0
0.76,3.94501065498883,0.394501065498883,-1.57800426199553,-0.478004261995534,0
0.765,3.95962606468328,0.395962606468328,-1.58385042587331,-0.483850425873312,0
0.77,3.95184290640459,0.395184290640459,-1.58073716256183,-0.480737162561834,0
0.775,3.92969130892329,0.392969130892329,-1.57187652356932,-0.471876523569317,0
0.78,3.94727358233833,0.394727358233833,-1.57890943293533,-0.478909432935331,0
0.785,3.94231760183986,0.394231760183986,-1.57692704073594,-0.476927040735944,0
0.79,3.91865718272044,0.391865718272044,-1.56746287308818,-0.467462873088175,0
0.795,3.91754939386608,0.391754939386608,-1.56701975754643,-0.467019757546432,0
0.8,3.93327418114705,0.393327418114705,-1.57330967245882,-0.47330967245882,0
0.805,3.96083866603674,0.396083866603674,-1.5843354664147,-0.484335466414697,0
0.81,3.96141447758691,0.396141447758691,-1.58456579103476,-0.484565791034764,0
0.815,3.95670906427007,0.395670906427007,-1.58268362570803,-0.48268362570803,0
0.82,3.94839290300431,0.394839290300431,-1.57935716120172,-0.479357161201724,0
0.825,3.91955803922388,0.391955803922388,-1.56782321568955,-0.467823215689551,0
0.83,3.90236968115375,0.390236968115375,-1.5609478724615,-0.4609478724615,0
0.835,3.94703654236332,0.394703654236332,-1.57881461694533,-0.478814616945326,0
0.84,3.94375521862697,0.394375521862697,-1.57750208745079,-0.477502087450787,0
0.845,3.94006755351306,0.394006755351306,-1.57602702140523,-0.476027021405226,0
0.85,3.91669626110187,0.391669626110187,-1.56667850444075,-0.466678504440749,0
0.855,3.91124951176555,0.391124951176555,-1.56449980470622,-0.464499804706222,0
0.86,3.92234021467445,0.392234021467445,-1.56893608586978,-0.468936085869782,0
0.865,3.91737279633171,0.391737279633171,-1.56694911853269,-0.466949118532685,0
0.87,3.9146265088237,0.39146265088237,-1.56585060352948,-0.465850603529479,0
0.875,3.92441374701958,0.392441374701958,-1.56976549880783,-0.469765498807833,0
0.88,3.87113058995588,0.387113058995588,-1.54845223598235,-0.44845223598235,0
0.885,3.82038419994576,0.382038419994576,-1.5281536799783,-0.428153679978305,0
0.89,3.85797299230936,0.385797299230936,-1.54318919692374,-0.443189196923744,0
0.895,3.84715815019376,0.384715815019376,-1.53886326007751,-0.438863260077506,0
0.9,3.84038200288703,0.384038200288703,-1.53615280115481,-0.436152801154813,0
0.905,3.87061735159601,0.387061735159601,-1.54824694063841,-0.448246940638405,0
0.91,3.90317457602275,0.390317457602275,-1.5612698304091,-0.461269830409101,0
0.915,3.88541366276498,0.388541366276498,-1.55416546510599,-0.454165465105991,0
0.92,3.85994495869768,0.385994495869768,-1.54397798347907,-0.443977983479072,0
0.925,3.86672580177826,0.386672580177826,-1.5466903207113,-0.446690320711303,0
0.93,3.85334969640801,0.385334969640801,-1.5413398785632,-0.441339878563204,0
0.935,3.82471142921134,0.382471142921134,-1.52988457168454,-0.429884571684537,0
0.94,3.807580031809,0.3807580031809,-1.5230320127236,-0.4230320127236,0
0.945,3.81522436460477,0.381522436460477,-1.52608974584191,-0.426089745841907,0
0.95,3.82099172421626,0.382099172421626,-1.5283966896865,-0.428396689686503,0
0.955,3.85632803047685,0.385632803047685,-1.54253121219074,-0.442531212190738,0
0.96,3.83398060314345,0.383398060314345,-1.53359224125738,-0.433592241257379,0
0.965,3.85273145784385,0.385273145784385,-1.54109258313754,-0.44109258313754,0
0.97,3.84665192006847,0.384665192006847,-1.53866076802739,-0.438660768027389,0
0.975,3.86336352185313,0.386336352185313,-1.54534540874125,-0.445345408741252,0
0.98,3.89038116844043,0.389038116844043,-1.55615246737617,-0.456152467376173,0
0.985,3.88166619296972,0.388166619296972,-1.55266647718789,-0.452666477187887,0
0.99,3.89024052689468,0.389024052689468,-1.55609621075787,-0.456096210757873,0
0.995,3.91443308672506,0.391443308672506,-1.56577323469002,-0.465773234690023,0
1,3.92998750403105,0.392998750403106,-1.57199500161242,-0.471995001612422,0
1.005,3.93959796509626,0.393959796509626,-1.57583918603851,-0.475839186038505,0
1.01,3.8763599370249,0.38763599370249,-1.55054397480996,-0.450543974809962,0
1.015,3.85098791807114,0.385098791807114,-1.54039516722846,-0.440395167228455,0
1.02,3.88360476505329,0.388360476505329,-1.55344190602131,-0.453441906021315,0
1.025,3.88529562065293,0.388529562065293,-1.55411824826117,-0.454118248261171,0
1.03,3.88060680532758,0.388060680532758,-1.55224272213103,-0.452242722131033,0
1.035,3.86563419938652,0.386563419938652,-1.54625367975461,-0.446253679754607,0
1.04,3.89242138111649,0.389242138111649,-1.5569685524466,-0.456968552446597,0
1.045,3.89922247394184,0.389922247394184,-1.55968898957674,-0.459688989576736,0
1.05,3.89530858028885,0.389530858028885,-1.55812343211554,-0.458123432115542,0
1.055,3.89327995051584,0.389327995051584,-1.55731198020634,-0.457311980206337,0
1.06,3.9165455425059,0.39165455425059,-1.56661821700236,-0.466618217002358,0
1.065,3.86475659534034,0.386475659534034,-1.54590263813614,-0.445902638136136,0
1.07,3.88654764557729,0.388654764557729,-1.55461905823092,-0.454619058230917,0
1.075,3.84467312513425,0.384467312513425,-1.5378692500537,-0.437869250053702,0
1.08,3.85012018665255,0.385012018665255,-1.54004807466102,-0.440048074661019,0
1.085,3.88042659989098,0.388042659989098,-1.55217063995639,-0.452170639956391,0
1.09,3.84914446146342,0.384914446146342,-1.53965778458537,-0.439657784585366,0
1.095,3.8803072538364,0.38803072538364,-1.55212290153456,-0.452122901534562,0
1.1,3.86338155661228,0.386338155661228,-1.54535262264491,-0.445352622644911,0
1.105,3.90817966048221,0.390817966048221,-1.56327186419288,-0.463271864192883,0
1.11,3.91838359912869,0.391838359912869,-1.56735343965148,-0.467353439651475,0
1.115,3.88813600692083,0.388813600692083,-1.55525440276833,-0.455254402768332,0
1.12,3.88936660703056,0.388936660703056,-1.55574664281222,-0.455746642812223,0
1.125,3.90727978474629,0.390727978474629,-1.56291191389851,-0.462911913898514,0
1.13,3.90329802576414,0.390329802576414,-1.56131921030565,-0.461319210305654,0
1.135,3.89738374801651,0.389738374801651,-1.5589534992066,-0.458953499206604,0
1.14,3.86007470662,0.386007470662,-1.544029882648,-0.444029882647998,0
1.145,3.86902150165142,0.386902150165142,-1.54760860066057,-0.447608600660566,0
1.15,3.86902094577127,0.386902094577127,-1.54760837830851,-0.447608378308507,0
1.155,3.85729476088482,0.385729476088483,-1.54291790435393,-0.44291790435393,0
1.16,3.87839469124483,0.387839469124483,-1.55135787649793,-0.45135787649793,0
1.165,3.91714989651972,0.391714989651972,-1.56685995860789,-0.466859958607889,0
1.17,3.94581458188929,0.394581458188929,-1.57832583275572,-0.478325832755718,0
1.175,3.95114266909377,0.395114266909377,-1.58045706763751,-0.480457067637506,0
1.18,4.00165385117967,0.400165385117967,-1.60066154047187,-0.500661540471869,0
1.185,4.00182372829238,0.400182372829238,-1.60072949131695,-0.500729491316954,0
1.19,3.99855370453827,0.399855370453827,-1.59942148181531,-0.499421481815308,0
1.195,4.00420505772736,0.400420505772736,-1.60168202309094,-0.501682023090944,0
1.2,4.01034445391598,0.401034445391598,-1.60413778156639,-0.50413778156639,0
1.205,4.04014216508243,0.404014216508243,-1.61605686603297,-0.516056866032972,0
1.21,4.00889552712329,0.400889552712329,-1.60355821084932,-0.503558210849316,0
1.215,4.02701443993258,0.402701443993258,-1.61080577597303,-0.510805775973034,0
1.22,4.02906319127845,0.402906319127845,-1.61162527651138,-0.51162527651138,0
1.225,4.00078816164237,0.400078816164237,-1.60031526465695,-0.500315264656946,0
1.23,3.98985549598315,0.398985549598315,-1.59594219839326,-0.495942198393258,0
1.235,3.96222179310516,0.396222179310516,-1.58488871724206,-0.484888717242064,0
1.24,3.98809352399066,0.398809352399066,-1.59523740959626,-0.495237409596265,0
1.245,3.98556165836453,0.398556165836453,-1.59422466334581,-0.494224663345811,0
1.25,4.00419099920152,0.400419099920152,-1.60167639968061,-0.501676399680609,0
1.255,3.98762404017538,0.398762404017538,-1.59504961607015,-0.495049616070152,0
1.26,4.02071093326316,0.402071093326317,-1.60828437330527,-0.508284373305266,0
1.265,4.03251091314442,0.403251091314442,-1.61300436525777,-0.513004365257769,0
1.27,4.0257413659072,0.40257413659072,-1.61029654636288,-0.51029654636288,0
1.275,4.04687242957481,0.404687242957481,-1.61874897182992,-0.518748971829924,0
1.28,4.01470957597581,0.401470957597581,-1.60588383039032,-0.505883830390324,0
1.285,4.03021854221358,0.403021854221358,-1.61208741688543,-0.512087416885431,0
1.29,4.03414563161753,0.403414563161753,-1.61365825264701,-0.513658252647011,0
1.295,4.07476034377945,0.407476034377945,-1.62990413751178,-0.529904137511779,0
1.3,4.0798491846504,0.40798491846504,-1.63193967386016,-0.53193967386016,0
1.305,4.07255118567886,0.407255118567886,-1.62902047427154,-0.529020474271544,0
1.31,4.05538509878512,0.405538509878512,-1.62215403951405,-0.52215403951405,0
1.315,4.07242984773245,0.407242984773245,-1.62897193909298,-0.52897193909298,0
1.32,4.09075260480785,0.409075260480785,-1.63630104192314,-0.536301041923139,0
1.325,4.10631882371104,0.410631882371104,-1.64252752948442,-0.542527529484416,0
1.33,4.1000221455078,0.41000221455078,-1.64000885820312,-0.540008858203119,0
1.335,4.11791027738215,0.411791027738215,-1.64716411095286,-0.547164110952859,0
1.34,4.08591829930501,0.408591829930501,-1.634367319722,-0.534367319722004,0
1.345,4.08466610054427,0.408466610054427,-1.63386644021771,-0.533866440217709,0
1.35,4.07328737336555,0.407328737336555,-1.62931494934622,-0.52931494934622,0
1.355,4.070393767362,0.4070393767362,-1.6281575069448,-0.5281575069448,0
1.36,4.06728768946598,0.406728768946598,-1.62691507578639,-0.52691507578639,0
1.365,4.06977047670088,0.406977047670088,-1.62790819068035,-0.527908190680351,0
1.37,4.09979358451013,0.409979358451013,-1.63991743380405,-0.539917433804052,0
1.375,4.07233683890946,0.407233683890946,-1.62893473556378,-0.528934735563782,0
1.38,4.0910350465134,0.40910350465134,-1.63641401860536,-0.53641401860536,0
1.385,4.10569802523212,0.410569802523212,-1.64227921009285,-0.542279210092848,0
1.39,4.07435709788667,0.407435709788667,-1.62974283915467,-0.529742839154669,0
1.395,4.05898768180869,0.405898768180869,-1.62359507272348,-0.523595072723475,0
1.4,4.04712540626982,0.404712540626982,-1.61885016250793,-0.518850162507927,0
1.405,4.07655506853748,0.407655506853748,-1.63062202741499,-0.53062202741499,0
1.41,4.0729835320572,0.40729835320572,-1.62919341282288,-0.529193412822882,0
1.415,4.06338181842731,0.406338181842731,-1.62535272737092,-0.525352727370923,0
1.42,4.08840282043612,0.408840282043612,-1.63536112817445,-0.535361128174447,0
1.425,4.06210816737425,0.406210816737425,-1.6248432669497,-0.524843266949701,0
1.43,4.0572020597058,0.40572020597058,-1.62288082388232,-0.522880823882319,0
1.435,4.05198727325595,0.405198727325595,-1.62079490930238,-0.52079490930238,0
1.44,4.04742501903135,0.404742501903135,-1.61897000761254,-0.518970007612538,0
1.445,4.05275540683624,0.405275540683624,-1.62110216273449,-0.521102162734495,0
1.45,4.01966794187699,0.401966794187699,-1.6078671767508,-0.507867176750798,0
1.455,3.98877634300532,0.398877634300532,-1.59551053720213,-0.495510537202127,0
1.46,3.95522391590369,0.395522391590369,-1.58208956636147,-0.482089566361475,0
1.465,3.92520053409339,0.392520053409339,-1.57008021363736,-0.470080213637358,0
1.47,3.96130767397145,0.396130767397145,-1.58452306958858,-0.484523069588582,0
1.475,3.97895366174199,0.397895366174199,-1.5915814646968,-0.491581464696795,0
1.48,3.96088803965384,0.396088803965384,-1.58435521586153,-0.484355215861534,0
1.485,3.93858013946663,0.393858013946663,-1.57543205578665,-0.475432055786652,0
1.49,3.92716744101244,0.392716744101244,-1.57086697640498,-0.470866976404977,0
1.495,3.8969827502221,0.38969827502221,-1.55879310008884,-0.458793100088841,0
1.5,3.86167135973094,0.386167135973094,-1.54466854389238,-0.444668543892376,0
1.505,3.85741500774767,0.385741500774767,-1.54296600309907,-0.442966003099069,0
1.51,3.83858234733258,0.383858234733258,-1.53543293893303,-0.435432938933033,0
1.515,3.84449380089903,0.384449380089903,-1.53779752035961,-0.437797520359611,0
1.52,3.8544806466734,0.38544806466734,-1.54179225866936,-0.441792258669361,0
1.525,3.85933691956103,0.385933691956103,-1.54373476782441,-0.443734767824412,0
1.53,3.81050945764099,0.381050945764099,-1.5242037830564,-0.424203783056395,0
1.535,3.79166276654497,0.379166276654497,-1.51666510661799,-0.416665106617987,0
1.54,3.79760529143467,0.379760529143467,-1.51904211657387,-0.419042116573866,0
1.545,3.79009226226042,0.379009226226042,-1.51603690490417,-0.416036904904167,0
1.55,3.76836363586028,0.376836363586028,-1.50734545434411,-0.407345454344112,0
1.555,3.78106069468965,0.378106069468965,-1.51242427787586,-0.412424277875858,0
1.56,3.77773846872993,0.377773846872993,-1.51109538749197,-0.411095387491974,0
1.565,3.73373156719654,0.373373156719654,-1.49349262687862,-0.393492626878615,0
1.57,3.73132594552674,0.373132594552674,-1.49253037821069,-0.392530378210694,0
1.575,3.7074557033103,0.37074557033103,-1.48298228132412,-0.382982281324118,0
1.58,3.66950848211344,0.366950848211344,-1.46780339284537,-0.367803392845374,0
1.585,3.65633778345145,0.365633778345145,-1.46253511338058,-0.362535113380579,0
1.59,3.63484049073529,0.363484049073529,-1.45393619629412,-0.353936196294116,0
1.595,3.63653288456133,0.363653288456133,-1.45461315382453,-0.354613153824532,0
1.6,3.65456373050951,0.365456373050951,-1.4618254922038,-0.361825492203803,0
1.605,3.6207170248806,0.36207170248806,-1.44828680995224,-0.34828680995224,0
1.61,3.62253449184257,0.362253449184257,-1.44901379673703,-0.349013796737029,0
1.615,3.61354751464865,0.361354751464865,-1.44541900585946,-0.345419005859461,0
1.62,3.59776525330043,0.359776525330043,-1.43910610132017,-0.339106101320172,0
1.625,3.60424545774427,0.360424545774427,-1.44169818309771,-0.341698183097709,0
1.63,3.59062408742816,0.359062408742816,-1.43624963497127,-0.336249634971266,0
1.635,3.59857689143927,0.359857689143927,-1.43943075657571,-0.339430756575707,0
1.64,3.57661661457675,0.357661661457675,-1.4306466458307,-0.330646645830698,0
1.645,3.5560629784204,0.35560629784204,-1.42242519136816,-0.322425191368161,0
1.65,3.54215212771934,0.354215212771934,-1.41686085108774,-0.316860851087736,0
1.655,3.52931637848556,0.352931637848556,-1.41172655139423,-0.311726551394226,0
1.66,3.51440314441733,0.351440314441733,-1.40576125776693,-0.305761257766932,0
1.665,3.50294382006476,0.350294382006476,-1.40117752802591,-0.301177528025905,0
1.67,3.55049627350987,0.355049627350987,-1.42019850940395,-0.320198509403948,0
1.675,3.58789866627518,0.358789866627518,-1.43515946651007,-0.335159466510071,0
1.68,3.55621965398474,0.355621965398474,-1.4224878615939,-0.322487861593898,0
1.685,3.58771739162362,0.358771739162362,-1.43508695664945,-0.335086956649446,0
1.69,3.58815142225112,0.358815142225112,-1.43526056890045,-0.335260568900449,0
1.695,3.5955423716657,0.35955423716657,-1.43821694866628,-0.338216948666279,0
1.7,3.57673510258375,0.357673510258375,-1.4306940410335,-0.330694041033498,0
1.705,3.57313539320749,0.357313539320749,-1.429254157283,-0.329254157282995,0
1.71,3.53721391508788,0.353721391508788,-1.41488556603515,-0.31488556603515,0
1.715,3.52648745287503,0.352648745287503,-1.41059498115001,-0.31059498115001,0
1.72,3.48297680468555,0.348297680468555,-1.39319072187422,-0.293190721874219,0
1.725,3.48118357576439,0.348118357576439,-1.39247343030576,-0.292473430305757,0
1.73,3.46685069529661,0.346685069529661,-1.38674027811864,-0.286740278118643,0
1.735,3.43252225712199,0.343252225712199,-1.3730089028488,-0.273008902848797,0
1.74,3.41414572030089,0.341414572030089,-1.36565828812036,-0.265658288120357,0
1.745,3.40102934038499,0.340102934038499,-1.360411736154,-0.260411736153997,0
1.75,3.40298536120062,0.340298536120062,-1.36119414448025,-0.261194144480249,0
1.755,3.39084330960133,0.339084330960133,-1.35633732384053,-0.256337323840532,0
1.76,3.42883933933286,0.342883933933286,-1.37153573573314,-0.271535735733142,0
1.765,3.45196911679568,0.345196911679568,-1.38078764671827,-0.280787646718271,0
1.77,3.48153186230503,0.348153186230503,-1.39261274492201,-0.292612744922014,0
1.775,3.45925960604306,0.345925960604306,-1.38370384241723,-0.283703842417225,0
1.78,3.47504453310548,0.347504453310548,-1.39001781324219,-0.290017813242192,0
1.785,3.50138716012647,0.350138716012647,-1.40055486405059,-0.300554864050587,0
1.79,3.52247332087507,0.352247332087507,-1.40898932835003,-0.308989328350029,0
1.795,3.48608955075667,0.348608955075667,-1.39443582030267,-0.29443582030267,0
1.8,3.49594969040236,0.349594969040236,-1.39837987616095,-0.298379876160946,0
1.805,3.49398202946773,0.349398202946773,-1.39759281178709,-0.297592811787092,0
1.81,3.51663817725494,0.351663817725494,-1.40665527090198,-0.306655270901975,0
1.815,3.53165223192352,0.353165223192352,-1.41266089276941,-0.31266089276941,0
1.82,3.51398374861925,0.351398374861925,-1.4055934994477,-0.305593499447699,0
1.825,3.49586836329348,0.349586836329348,-1.39834734531739,-0.298347345317394,0
1.83,3.49156533912489,0.349156533912489,-1.39662613564996,-0.296626135649958,0
1.835,3.51000326987143,0.351000326987143,-1.40400130794857,-0.304001307948572,0
1.84,3.50666305478863,0.350666305478863,-1.40266522191545,-0.302665221915454,0
1.845,3.51062439902864,0.351062439902864,-1.40424975961146,-0.304249759611456,0
1.85,3.52942156366606,0.352942156366606,-1.41176862546642,-0.311768625466425,0
1.855,3.5115061110313,0.351150611103131,-1.40460244441252,-0.304602444412522,0
1.86,3.53698939322075,0.353698939322075,-1.4147957572883,-0.314795757288302,0
1.865,3.53522284949423,0.353522284949423,-1.41408913979769,-0.314089139797694,0
1.87,3.57853831193577,0.357853831193577,-1.43141532477431,-0.331415324774307,0
1.875,3.55845525452749,0.355845525452749,-1.423382101811,-0.323382101810995,0
1.88,3.56279348854692,0.356279348854692,-1.42511739541877,-0.325117395418767,0
1.885,3.56381587457861,0.356381587457861,-1.42552634983144,-0.325526349831442,0
1.89,3.59177747544325,0.359177747544325,-1.4367109901773,-0.336710990177298,0
1.895,3.60886633909878,0.360886633909878,-1.44354653563951,-0.343546535639511,0
1.9,3.62550853872103,0.362550853872103,-1.45020341548841,-0.350203415488413,0
1.905,3.61387581344589,0.361387581344589,-1.44555032537836,-0.345550325378358,0
1.91,3.58650903842236,0.358650903842236,-1.43460361536894,-0.334603615368942,0
1.915,3.60129438076518,0.360129438076518,-1.44051775230607,-0.340517752306071,0
1.92,3.60669996951659,0.360669996951659,-1.44267998780663,-0.342679987806635,0
1.925,3.60537726214385,0.360537726214385,-1.44215090485754,-0.34215090485754,0
1.93,3.58584460479517,0.358584460479517,-1.43433784191807,-0.334337841918069,0
1.935,3.60284291997925,0.360284291997925,-1.4411371679917,-0.341137167991701,0
1.94,3.59195411291688,0.359195411291688,-1.43678164516675,-0.336781645166754,0
1.945,3.62013856292904,0.362013856292904,-1.44805542517162,-0.348055425171618,0
1.95,3.61822847248888,0.361822847248888,-1.44729138899555,-0.34729138899555,0
1.955,3.6184106827176,0.36184106827176,-1.44736427308704,-0.347364273087038,0
1.96,3.64014396137962,0.364014396137962,-1.45605758455185,-0.356057584551849,0
1.965,3.64220213675535,0.364220213675535,-1.45688085470214,-0.35688085470214,0
1.97,3.64491371622709,0.364491371622709,-1.45796548649083,-0.357965486490834,0
1.975,3.60909165565555,0.360909165565555,-1.44363666226222,-0.343636662262222,0
1.98,3.60702803785252,0.360702803785252,-1.44281121514101,-0.342811215141008,0
1.985,3.60970854176037,0.360970854176037,-1.44388341670415,-0.343883416704149,0
1.99,3.65110156561148,0.365110156561148,-1.46044062624459,-0.360440626244594,0
1.995,3.62842965593751,0.362842965593751,-1.45137186237501,-0.351371862375005,0
2,3.63738891587857,0.363738891587857,-1.45495556635143,-0.354955566351427,0
2.005,3.65467875237621,0.365467875237621,-1.46187150095049,-0.361871500950485,0
2.01,3.65045508623944,0.365045508623944,-1.46018203449578,-0.360182034495776,0
2.015,3.63968310087795,0.363968310087795,-1.45587324035118,-0.355873240351181,0
2.02,3.62749828511905,0.362749828511905,-1.45099931404762,-0.35099931404762,0
2.025,3.58620473305846,0.358620473305846,-1.43448189322338,-0.334481893223384,0
2.03,3.5751728136753,0.35751728136753,-1.43006912547012,-0.330069125470121,0
2.035,3.61708733135796,0.361708733135796,-1.44683493254318,-0.346834932543182,0
2.04,3.6022249310513,0.36022249310513,-1.44088997242052,-0.340889972420519,0
2.045,3.59378372987549,0.359378372987549,-1.4375134919502,-0.337513491950197,0
2.05,3.58359298054308,0.358359298054308,-1.43343719221723,-0.333437192217232,0
2.055,3.55558388412221,0.355558388412221,-1.42223355364888,-0.322233553648883,0
2.06,3.54884095515483,0.354884095515483,-1.41953638206193,-0.319536382061932,0
2.065,3.53161380985447,0.353161380985447,-1.41264552394179,-0.31264552394179,0
2.07,3.53254650822756,0.353254650822756,-1.41301860329103,-0.313018603291025,0
2.075,3.53842664023857,0.353842664023858,-1.41537065609543,-0.31537065609543,0
2.08,3.56209515667553,0.356209515667553,-1.42483806267021,-0.324838062670213,0
2.085,3.54844796675274,0.354844796675274,-1.41937918670109,-0.319379186701094,0
2.09,3.56374422846218,0.356374422846218,-1.42549769138487,-0.325497691384874,0
2.095,3.53356918265696,0.353356918265696,-1.41342767306278,-0.313427673062782,0
2.1,3.5019253429033,0.35019253429033,-1.40077013716132,-0.300770137161322,0
2.105,3.4783631222852,0.34783631222852,-1.39134524891408,-0.291345248914079,0
2.11,3.44722420911702,0.344722420911702,-1.37888968364681,-0.278889683646808,0
2.115,3.44688652090375,0.344688652090375,-1.3787546083615,-0.278754608361498,0
2.12,3.46458274844964,0.346458274844964,-1.38583309937986,-0.285833099379857,0
2.125,3.4611597456127,0.34611597456127,-1.38446389824508,-0.284463898245078,0
2.13,3.44961591751325,0.344961591751325,-1.3798463670053,-0.279846367005298,0
2.135,3.43327270228375,0.343327270228375,-1.3733090809135,-0.273309080913501,0
2.14,3.43876551392198,0.343876551392198,-1.37550620556879,-0.275506205568794,0
2.145,3.42762883246308,0.342762883246308,-1.37105153298523,-0.271051532985231,0
2.15,3.43226443310314,0.343226443310314,-1.37290577324126,-0.272905773241258,0
2.155,3.36381827736042,0.336381827736042,-1.34552731094417,-0.245527310944168,0
2.16,3.38048289191713,0.338048289191713,-1.35219315676685,-0.252193156766853,0
2.165,3.34271875774758,0.334271875774758,-1.33708750309903,-0.237087503099031,0
2.17,3.32636847363379,0.332636847363379,-1.33054738945352,-0.230547389453517,0
2.175,3.28657134817427,0.328657134817427,-1.31462853926971,-0.214628539269708,0
2.18,3.30275829369856,0.330275829369856,-1.32110331747942,-0.221103317479422,0
2.185,3.30836358464747,0.330836358464747,-1.32334543385899,-0.223345433858988,0
2.19,3.26629483749212,0.326629483749212,-1.30651793499685,-0.206517934996849,0
2.195,3.27749775590262,0.327749775590262,-1.31099910236105,-0.210999102361049,0
2.2,3.31358460559999,0.331358460559999,-1.32543384224,-0.225433842239996,0
2.205,3.31471146372691,0.331471146372691,-1.32588458549077,-0.225884585490766,0
2.21,3.29876675741818,0.329876675741818,-1.31950670296727,-0.219506702967273,0
2.215,3.25681617416872,0.325681617416872,-1.30272646966749,-0.202726469667488,0
2.22,3.2230927989729,0.32230927989729,-1.28923711958916,-0.18923711958916,0
2.225,3.18544731571378,0.318544731571378,-1.27417892628551,-0.174178926285511,0
2.23,3.17402859868436,0.317402859868436,-1.26961143947375,-0.169611439473746,0
2.235,3.19284487104021,0.319284487104021,-1.27713794841608,-0.177137948416083,0
2.24,3.16507900278221,0.316507900278221,-1.26603160111288,-0.166031601112884,0
2.245,3.16211136154269,0.316211136154269,-1.26484454461708,-0.164844544617075,0
2.25,3.16386676396678,0.316386676396678,-1.26554670558671,-0.16554670558671,0
2.255,3.16177087653399,0.316177087653399,-1.2647083506136,-0.164708350613596,0
2.26,3.14770196360033,0.314770196360033,-1.25908078544013,-0.159080785440131,0
2.265,3.16636503444808,0.316636503444808,-1.26654601377923,-0.166546013779232,0
2.27,3.18728964555743,0.318728964555743,-1.27491585822297,-0.174915858222973,0
2.275,3.20725203582269,0.320725203582269,-1.28290081432907,-0.182900814329074,0
2.28,3.19748455371361,0.319748455371361,-1.27899382148544,-0.178993821485443,0
2.285,3.17278792956659,0.317278792956659,-1.26911517182663,-0.169115171826635,0
2.29,3.17561636648038,0.317561636648038,-1.27024654659215,-0.170246546592152,0
2.295,3.14299121429769,0.314299121429769,-1.25719648571908,-0.157196485719078,0
2.3,3.15545009021448,0.315545009021448,-1.26218003608579,-0.162180036085792,0
2.305,3.12414802528657,0.312414802528657,-1.24965921011463,-0.149659210114626,0
2.31,3.07382390037228,0.307382390037228,-1.22952956014891,-0.129529560148913,0
2.315,3.03336968656097,0.303336968656097,-1.21334787462439,-0.113347874624389,0
2.32,3.0223326608046,0.30223326608046,-1.20893306432184,-0.108933064321839,0
2.325,3.02751479321234,0.302751479321234,-1.21100591728493,-0.111005917284934,0
2.33,3.01311847796026,0.301311847796026,-1.20524739118411,-0.105247391184105,0
2.335,2.99112344375246,0.299112344375246,-1.19644937750099,-0.0964493775009851,0
2.34,3.01808413852856,0.301808413852856,-1.20723365541142,-0.107233655411423,0
2.345,3.0210649674086,0.30210649674086,-1.20842598696344,-0.10842598696344,0
2.35,2.99349153135381,0.299349153135381,-1.19739661254152,-0.0973966125415231,0
2.355,2.98423986175386,0.298423986175386,-1.19369594470154,-0.0936959447015437,0
2.36,2.98085228289914,0.298085228289914,-1.19234091315966,-0.0923409131596569,0
2.365,2.93532627625648,0.293532627625648,-1.17413051050259,-0.0741305105025913,0
2.37,2.91780760356633,0.291780760356633,-1.16712304142653,-0.0671230414265314,0
2.375,2.90624091209572,0.290624091209572,-1.16249636483829,-0.0624963648382895,0
2.38,2.88901483786953,0.288901483786953,-1.15560593514781,-0.0556059351478109,0
2.385,2.90283018731785,0.290283018731785,-1.16113207492714,-0.0611320749271389,0
2.39,2.90631710503565,0.290631710503565,-1.16252684201426,-0.0625268420142584,0
2.395,2.9216832300315,0.29216832300315,-1.1686732920126,-0.0686732920126012,0
2.4,2.93209120588492,0.293209120588493,-1.17283648235397,-0.07283648235397,0
2.405,2.89554244223469,0.289554244223469,-1.15821697689388,-0.0582169768938754,0
2.41,2.90028987221555,0.290028987221555,-1.16011594888622,-0.0601159488862184,0
2.415,2.89530923632357,0.289530923632357,-1.15812369452943,-0.0581236945294266,0
2.42,2.87839466574506,0.287839466574506,-1.15135786629802,-0.0513578662980243,0
2.425,2.85266784211133,0.285266784211133,-1.14106713684453,-0.0410671368445321,0
2.43,2.86163292087642,0.286163292087642,-1.14465316835057,-0.0446531683505669,0
2.435,2.87087397138255,0.287087397138255,-1.14834958855302,-0.0483495885530199,0
2.44,2.85896889524384,0.285896889524384,-1.14358755809754,-0.043587558097536,0
2.445,2.85172891340405,0.285172891340405,-1.14069156536162,-0.0406915653616182,0
2.45,2.84008574103643,0.284008574103643,-1.13603429641457,-0.0360342964145721,0
2.455,2.88754516621259,0.288754516621259,-1.15501806648503,-0.0550180664850348,0
2.46,2.91911825807401,0.291911825807401,-1.1676473032296,-0.0676473032296043,0
2.465,2.90475450799768,0.290475450799768,-1.16190180319907,-0.0619018031990726,0
2.47,2.93261347207938,0.293261347207938,-1.17304538883175,-0.0730453888317526,0
2.475,2.95466810730583,0.295466810730583,-1.18186724292233,-0.0818672429223337,0
2.48,2.96460603828011,0.296460603828011,-1.18584241531204,-0.085842415312043,0
2.485,2.9331119096082,0.29331119096082,-1.17324476384328,-0.0732447638432803,0
2.49,2.90602943110194,0.290602943110194,-1.16241177244077,-0.0624117724407747,0
2.495,2.91626672208365,0.291626672208365,-1.16650668883346,-0.0665066888334613,0
2.5,2.88959677082284,0.288959677082284,-1.15583870832914,-0.0558387083291363,0
2.505,2.90665248463814,0.290665248463814,-1.16266099385526,-0.0626609938552571,0
2.51,2.91884615035814,0.291884615035814,-1.16753846014326,-0.0675384601432578,0
2.515,2.92882308141693,0.292882308141693,-1.17152923256677,-0.0715292325667714,0
2.52,2.96478184708437,0.296478184708437,-1.18591273883375,-0.0859127388337495,0
2.525,2.96972567502897,0.296972567502897,-1.18789027001159,-0.0878902700115862,0
2.53,2.953119919691,0.2953119919691,-1.1812479678764,-0.0812479678764007,0
2.535,2.91302708083037,0.291302708083037,-1.16521083233215,-0.0652108323321494,0
2.54,2.88979791724826,0.288979791724826,-1.15591916689931,-0.0559191668993058,0
2.545,2.84157550059903,0.284157550059903,-1.13663020023961,-0.0366302002396113,0
2.55,2.82754208749007,0.282754208749007,-1.13101683499603,-0.0310168349960276,0
2.555,2.79255656909298,0.279255656909298,-1.11702262763719,-0.0170226276371905,0
2.56,2.79102375861005,0.279102375861005,-1.11640950344402,-0.0164095034440208,0
2.565,2.77147269040746,0.277147269040746,-1.10858907616299,-0.00858907616298499,0
2.57,2.79049021895469,0.279049021895469,-1.11619608758188,-0.016196087581877,0
2.575,2.7705349906328,0.27705349906328,-1.10821399625312,-0.00821399625311892,0
2.58,2.82052667115403,0.282052667115403,-1.12821066846161,-0.0282106684616139,0
2.585,2.86621774697906,0.286621774697906,-1.14648709879162,-0.046487098791623,0
2.59,2.8701426536772,0.28701426536772,-1.14805706147088,-0.0480570614708813,0
2.595,2.86455259264337,0.286455259264337,-1.14582103705735,-0.0458210370573486,0
2.6,2.87834156606061,0.287834156606061,-1.15133662642425,-0.0513366264242456,0
2.605,2.88246672892947,0.288246672892947,-1.15298669157179,-0.0529866915717894,0
2.61,2.8729270255594,0.28729270255594,-1.14917081022376,-0.0491708102237589,0
2.615,2.86630360948392,0.286630360948392,-1.14652144379357,-0.0465214437935673,0
2.62,2.84108374869621,0.284108374869621,-1.13643349947848,-0.0364334994784843,0
2.625,2.81769577356813,0.281769577356813,-1.12707830942725,-0.0270783094272506,0
2.63,2.76092349684895,0.276092349684895,-1.10436939873958,-0.00436939873958164,0
2.635,2.75015552847045,0.275015552847045,-1.10006221138818,-6.22113881798558e-05,0
2.64,2.71190561007614,0.271190561007614,-1.08476224403046,0.0152377559695434,0
2.645,2.72150695184446,0.272150695184446,-1.08860278073778,0.0113972192622163,0
2.65,2.70619283569858,0.270619283569858,-1.08247713427943,0.0175228657205684,0
2.655,2.73463027431289,0.273463027431289,-1.09385210972516,0.00614789027484242,0
2.66,2.74721804593124,0.274721804593124,-1.09888721837249,0.00111278162750539,0
2.665,2.75662778644516,0.275662778644516,-1.10265111457806,-0.00265111457806411,0
2.67,2.7593739247925,0.27593739247925,-1.103749569917,-0.00374956991699826,0
2.675,2.75580089811977,0.275580089811977,-1.10232035924791,-0.00232035924790797,0
2.68,2.73338438053818,0.273338438053818,-1.09335375221527,0.00664624778473,0
2.685,2.69089165329307,0.269089165329307,-1.07635666131723,0.0236433386827708,0
2.69,2.67328996821851,0.267328996821851,-1.06931598728741,0.0306840127125945,0
2.695,2.68997719326274,0.268997719326274,-1.0759908773051,0.0240091226949024,0
2.7,2.717105925193,0.2717105925193,-1.0868423700772,0.0131576299228007,0
2.705,2.69773742809426,0.269773742809426,-1.0790949712377,0.0209050287622972,0
2.71,2.71053274821243,0.271053274821243,-1.08421309928497,0.0157869007150273,0
2.715,2.67006518440007,0.267006518440007,-1.06802607376003,0.0319739262399727,0
2.72,2.64570434126496,0.264570434126496,-1.05828173650598,0.0417182634940179,0
2.725,2.64273879972503,0.264273879972503,-1.05709551989001,0.0429044801099874,0
2.73,2.6469831034209,0.26469831034209,-1.05879324136836,0.0412067586316389,0
2.735,2.66488390494071,0.266488390494071,-1.06595356197628,0.0340464380237171,0
2.74,2.6374548978186,0.26374548978186,-1.05498195912744,0.0450180408725616,0
2.745,2.67861270002982,0.267861270002982,-1.07144508001193,0.028554919988071,0
2.75,2.69114936970861,0.269114936970861,-1.07645974788344,0.023540252116556,0
2.755,2.69164423416602,0.269164423416602,-1.07665769366641,0.0233423063335918,0
2.76,2.68351366632779,0.268351366632779,-1.07340546653111,0.0265945334688855,0
2.765,2.66019888588584,0.266019888588584,-1.06407955435434,0.035920445645665,0
2.77,2.65612566486252,0.265612566486252,-1.06245026594501,0.0375497340549906,0
2.775,2.64285009846589,0.264285009846589,-1.05714003938636,0.0428599606136426,0
2.78,2.57700888234778,0.257700888234778,-1.03080355293911,0.0691964470608886,0
2.785,2.57280129847368,0.257280129847368,-1.02912051938947,0.0708794806105268,0
2.79,2.57909589669059,0.257909589669059,-1.03163835867623,0.0683616413237655,0
2.795,2.56354849554872,0.256354849554872,-1.02541939821949,0.0745806017805111,0
2.8,2.56650709628993,0.256650709628993,-1.02660283851597,0.0733971614840301,0
2.805,2.58815848411238,0.258815848411238,-1.03526339364495,0.0647366063550479,0
2.81,2.5918161520388,0.25918161520388,-1.03672646081552,0.0632735391844808,0
2.815,2.602487473768,0.2602487473768,-1.0409949895072,0.0590050104928006,0
2.82,2.61429756748412,0.261429756748412,-1.04571902699365,0.0542809730063516,0
2.825,2.61664417535902,0.261664417535902,-1.04665767014361,0.0533423298563911,0
2.83,2.62351329917046,0.262351329917046,-1.04940531966818,0.0505946803318162,0
2.835,2.66724952466664,0.266724952466664,-1.06689980986666,0.0331001901333434,0
2.84,2.61507328743419,0.261507328743419,-1.04602931497368,0.0539706850263231,0
2.845,2.57661567600477,0.257661567600477,-1.03064627040191,0.0693537295980926,0
2.85,2.59936452768524,0.259936452768524,-1.0397458110741,0.0602541889259036,0
2.855,2.59613753799183,0.259613753799183,-1.03845501519673,0.0615449848032668,0
2.86,2.58609032052307,0.258609032052307,-1.03443612820923,0.0655638717907716,0
2.865,2.61610502957591,0.261610502957591,-1.04644201183036,0.0535579881696366,0
2.87,2.59896228364373,0.259896228364373,-1.03958491345749,0.0604150865425097,0
2.875,2.59912502247829,0.259912502247829,-1.03965000899132,0.0603499910086847,0
2.88,2.57617739805748,0.257617739805748,-1.03047095922299,0.0695290407770062,0
2.885,2.57512718575495,0.257512718575495,-1.03005087430198,0.0699491256980205,0
2.89,2.56256327903304,0.256256327903304,-1.02502531161322,0.0749746883867828,0
2.895,2.5964110314534,0.25964110314534,-1.03856441258136,0.0614355874186383,0
2.9,2.61039628799809,0.261039628799809,-1.04415851519924,0.0558414848007629,0
2.905,2.5556818837487,0.25556818837487,-1.02227275349948,0.0777272465005205,0
2.91,2.5706046297291,0.25706046297291,-1.02824185189164,0.0717581481083596,0
2.915,2.57227273074982,0.257227273074982,-1.02890909229993,0.0710909077000721,0
2.92,2.57225089081608,0.257225089081608,-1.02890035632643,0.07109964367357,0
2.925,2.62301465423683,0.262301465423683,-1.04920586169473,0.0507941383052697,0
2.93,2.64818876430325,0.264818876430325,-1.0592755057213,0.0407244942787011,0
2.935,2.61771602488709,0.261771602488709,-1.04708640995484,0.0529135900451649,0
2.94,2.60109600824084,0.260109600824084,-1.04043840329633,0.0595615967036653,0
2.945,2.58760134821036,0.258760134821035,-1.03504053928414,0.0649594607158581,0
2.95,2.59666786005668,0.259666786005668,-1.03866714402267,0.0613328559773298,0
2.955,2.57883656493858,0.257883656493858,-1.03153462597543,0.0684653740245678,0
2.96,2.57053937566836,0.257053937566836,-1.02821575026734,0.0717842497326557,0
2.965,2.5949774608434,0.25949774608434,-1.03799098433736,0.0620090156626405,0
2.97,2.5643692550257,0.25643692550257,-1.02574770201028,0.0742522979897191,0
2.975,2.5689278016471,0.25689278016471,-1.02757112065884,0.0724288793411583,0
2.98,2.54248037635931,0.254248037635931,-1.01699215054373,0.0830078494562745,0
2.985,2.53150268108911,0.253150268108911,-1.01260107243564,0.0873989275643574,0
2.99,2.57605393526241,0.257605393526241,-1.03042157410496,0.0695784258950372,0
2.995,2.58980210166413,0.258980210166413,-1.03592084066565,0.0640791593343486,0
3,2.57246928647738,0.257246928647738,-1.02898771459095,0.0710122854090478,0
3.005,2.56425917582919,0.256425917582919,-1.02570367033168,0.0742963296683228,0
3.01,2.53773961615233,0.253773961615233,-1.01509584646093,0.0849041535390689,0
3.015,2.48698289275759,0.248698289275759,-0.994793157103036,0.105206842896964,0
3.02,2.47445192752797,0.247445192752797,-0.989780771011188,0.110219228988812,0
3.025,2.46934688389303,0.246934688389303,-0.987738753557214,0.112261246442786,0
3.03,2.45261777700334,0.245261777700334,-0.981047110801336,0.118952889198664,0
3.035,2.45999132708909,0.245999132708909,-0.983996530835638,0.116003469164362,0
3.04,2.48006206950435,0.248006206950435,-0.99202482780174,0.10797517219826,0
3.045,2.48834242292662,0.248834242292662,-0.995336969170648,0.104663030829352,0
3.05,2.43415062553917,0.243415062553917,-0.973660250215667,0.126339749784333,0
3.055,2.43585007504976,0.243585007504976,-0.974340030019904,0.125659969980096,0
3.06,2.43259953720754,0.243259953720754,-0.973039814883017,0.126960185116983,0
3.065,2.4381189792822,0.24381189792822,-0.975247591712881,0.124752408287119,0
3.07,2.42164856060986,0.242164856060986,-0.968659424243943,0.131340575756057,0
3.075,2.38499629715728,0.238499629715728,-0.953998518862911,0.14600148113709,0
3.08,2.36526208903068,0.236526208903068,-0.946104835612273,0.153895164387727,0
3.085,2.33631898704734,0.233631898704734,-0.934527594818934,0.165472405181066,0
3.09,2.30280004286456,0.230280004286456,-0.921120017145823,0.178879982854177,0
3.095,2.29363405323696,0.229363405323696,-0.917453621294786,0.182546378705214,0
3.1,2.2990136034917,0.22990136034917,-0.919605441396681,0.180394558603319,0
3.105,2.31295455673463,0.231295455673463,-0.925181822693853,0.174818177306147,0
3.11,2.3402826510573,0.23402826510573,-0.936113060422921,0.163886939577079,0
3.115,2.3355900609527,0.23355900609527,-0.934236024381078,0.165763975618922,0
3.12,2.32411784569508,0.232411784569508,-0.929647138278033,0.170352861721967,0
3.125,2.31495261890303,0.231495261890303,-0.925981047561213,0.174018952438788,0
3.13,2.31710424973492,0.231710424973492,-0.926841699893968,0.173158300106032,0
3.135,2.31945542432311,0.231945542432311,-0.927782169729243,0.172217830270757,0
3.14,2.31147539714713,0.231147539714713,-0.924590158858854,0.175409841141146,0
3.145,2.26604343199596,0.226604343199596,-0.906417372798383,0.193582627201617,0
3.15,2.21882859966262,0.221882859966262,-0.887531439865046,0.212468560134954,0
3.155,2.21053257176695,0.221053257176695,-0.884213028706781,0.215786971293219,0
3.16,2.21045737861055,0.221045737861055,-0.88418295144422,0.21581704855578,0
3.165,2.23588108872982,0.223588108872982,-0.894352435491929,0.205647564508071,0
3.17,2.2067542151322,0.22067542151322,-0.882701686052881,0.217298313947119,0
3.175,2.20854332141595,0.220854332141595,-0.88341732856638,0.21658267143362,0
3.18,2.17160236944043,0.217160236944043,-0.868640947776171,0.23135905222383,0
3.185,2.13567013785568,0.213567013785568,-0.854268055142272,0.245731944857728,0
3.19,2.1568484181745,0.215684841817451,-0.862739367269802,0.237260632730198,0
3.195,2.17011420020359,0.217011420020359,-0.868045680081437,0.231954319918563,0
3.2,2.15548047278912,0.215548047278912,-0.862192189115649,0.237807810884351,0
3.205,2.1199902621436,0.21199902621436,-0.84799610485744,0.25200389514256,0
3.21,2.12077382958134,0.212077382958134,-0.848309531832535,0.251690468167465,0
3.215,2.11508475983694,0.211508475983694,-0.846033903934778,0.253966096065222,0
3.22,2.11348887840172,0.211348887840172,-0.845395551360688,0.254604448639312,0
3.225,2.07589233693556,0.207589233693556,-0.830356934774225,0.269643065225775,0
3.23,2.05383061072368,0.205383061072368,-0.821532244289474,0.278467755710526,0
3.235,2.07879616405424,0.207879616405424,-0.831518465621695,0.268481534378305,0
3.24,2.10621179902196,0.210621179902196,-0.842484719608784,0.257515280391216,0
3.245,2.07122590191437,0.207122590191437,-0.828490360765748,0.271509639234252,0
3.25,2.07243509984243,0.207243509984243,-0.828974039936972,0.271025960063028,0
3.255,2.07085234185781,0.207085234185781,-0.828340936743122,0.271659063256878,0
3.26,2.05383201828828,0.205383201828828,-0.821532807315312,0.278467192684688,0
3.265,2.08209251786678,0.208209251786678,-0.832837007146712,0.267162992853288,0
3.27,2.06201474303641,0.206201474303641,-0.824805897214563,0.275194102785438,0
3.275,2.03406121608671,0.203406121608671,-0.813624486434685,0.286375513565315,0
3.28,2.00806435403021,0.200806435403021,-0.803225741612083,0.296774258387917,0
3.285,2.05080860184354,0.205080860184354,-0.820323440737415,0.279676559262585,0
3.29,2.07195718870073,0.207195718870073,-0.82878287548029,0.27121712451971,0
3.295,2.05635564964549,0.205635564964549,-0.822542259858197,0.277457740141803,0
3.3,2.08587042879475,0.208587042879475,-0.8343481715179,0.2656518284821,0
3.305,2.10760397841079,0.210760397841079,-0.843041591364315,0.256958408635685,0
3.31,2.1037172227505,0.21037172227505,-0.841486889100199,0.258513110899801,0
3.315,2.10014100504238,0.210014100504238,-0.840056402016954,0.259943597983047,0
3.32,2.13386633778735,0.213386633778735,-0.853546535114941,0.246453464885059,0
3.325,2.09860010282298,0.209860010282298,-0.83944004112919,0.26055995887081,0
3.33,2.11867429521109,0.211867429521109,-0.847469718084434,0.252530281915566,0
3.335,2.12380580256306,0.212380580256306,-0.849522321025225,0.250477678974775,0
3.34,2.13183569435795,0.213183569435795,-0.852734277743182,0.247265722256818,0
3.345,2.14178982324771,0.214178982324771,-0.856715929299083,0.243284070700917,0
3.35,2.11503935945816,0.211503935945816,-0.846015743783264,0.253984256216736,0
3.355,2.1437003859542,0.21437003859542,-0.85748015438168,0.24251984561832,0
3.36,2.15099347405877,0.215099347405877,-0.860397389623508,0.239602610376492,0
3.365,2.14031047222834,0.214031047222834,-0.856124188891336,0.243875811108664,0
3.37,2.1337476823559,0.21337476823559,-0.853499072942362,0.246500927057638,0
3.375,2.1201692079537,0.21201692079537,-0.84806768318148,0.25193231681852,0
3.38,2.09168455318527,0.209168455318527,-0.836673821274108,0.263326178725892,0
3.385,2.11637387993182,0.211637387993182,-0.846549551972727,0.253450448027273,0
3.39,2.1160051245262,0.21160051245262,-0.846402049810482,0.253597950189518,0
3.395,2.13331633584484,0.213331633584484,-0.853326534337935,0.246673465662065,0
3.4,2.1520611441466,0.21520611441466,-0.86082445765864,0.23917554234136,0
3.405,2.12202872397267,0.212202872397267,-0.848811489589066,0.251188510410934,0
3.41,2.10190789968473,0.210190789968473,-0.840763159873891,0.259236840126109,0
3.415,2.08644911958686,0.208644911958686,-0.834579647834743,0.265420352165257,0
3.42,2.07958066964184,0.207958066964184,-0.831832267856735,0.268167732143265,0
3.425,2.09084018030277,0.209084018030277,-0.836336072121109,0.263663927878891,0
3.43,2.06995328290498,0.206995328290498,-0.827981313161993,0.272018686838007,0
3.435,2.03330607637723,0.203330607637723,-0.813322430550891,0.286677569449109,0
3.44,2.04186039639233,0.204186039639233,-0.816744158556933,0.283255841443067,0
3.445,2.06745886542019,0.206745886542019,-0.826983546168076,0.273016453831924,0
3.45,2.07346304781562,0.207346304781562,-0.829385219126247,0.270614780873753,0
3.455,2.05081782714137,0.205081782714137,-0.820327130856546,0.279672869143454,0
3.46,2.01586130820376,0.201586130820376,-0.806344523281504,0.293655476718496,0
3.465,2.014778419352,0.2014778419352,-0.805911367740801,0.2940886322592,0
3.47,1.97728489425103,0.197728489425103,-0.790913957700411,0.309086042299589,0
3.475,1.97288780393329,0.197288780393329,-0.789155121573316,0.310844878426684,0
3.48,1.96444396289639,0.196444396289639,-0.785777585158555,0.314222414841445,0
3.485,1.92518408335608,0.192518408335608,-0.770073633342432,0.329926366657568,0
3.49,1.9538044885113,0.19538044885113,-0.781521795404519,0.318478204595481,0
3.495,1.96962716646399,0.196962716646399,-0.787850866585595,0.312149133414405,0
3.5,1.96512556075462,0.196512556075462,-0.786050224301848,0.313949775698152,0
3.505,1.96216685006063,0.196216685006063,-0.784866740024253,0.315133259975747,0
3.51,1.94706555038744,0.194706555038744,-0.778826220154976,0.321173779845024,0
3.515,1.93761114406381,0.193761114406381,-0.775044457625526,0.324955542374474,0
3.52,1.91014894389163,0.191014894389163,-0.764059577556652,0.335940422443348,0
3.525,1.92740224137838,0.192740224137838,-0.770960896551351,0.329039103448649,0
3.53,1.93168935721016,0.193168935721016,-0.772675742884063,0.327324257115937,0
3.535,1.97520540238074,0.197520540238074,-0.790082160952296,0.309917839047704,0
3.54,1.98784725620186,0.198784725620186,-0.795138902480744,0.304861097519256,0
3.545,2.01041062416739,0.201041062416739,-0.804164249666956,0.295835750333045,0
3.55,2.00791098163628,0.200791098163628,-0.803164392654513,0.296835607345487,0
3.555,2.04259321021088,0.204259321021088,-0.817037284084352,0.282962715915648,0
3.56,2.02440186708907,0.202440186708907,-0.809760746835629,0.290239253164371,0
3.565,2.04307509036445,0.204307509036445,-0.817230036145779,0.282769963854221,0
3.57,2.00778433996978,0.200778433996978,-0.803113735987912,0.296886264012088,0
3.575,1.99720270131507,0.199720270131507,-0.798881080526029,0.301118919473971,0
3.58,1.97359478097824,0.197359478097824,-0.789437912391295,0.310562087608705,0
3.585,2.00792471341853,0.200792471341854,-0.803169885367414,0.296830114632586,0
3.59,1.99129631106251,0.199129631106251,-0.796518524425003,0.303481475574997,0
3.595,1.99798728779246,0.199798728779246,-0.799194915116982,0.300805084883018,0
3.6,2.00376019932054,0.200376019932054,-0.801504079728216,0.298495920271785,0
3.605,1.9932482412508,0.19932482412508,-0.797299296500319,0.302700703499681,0
3.61,2.00132419114474,0.200132419114474,-0.800529676457898,0.299470323542102,0
3.615,2.02605661720307,0.202605661720307,-0.810422646881227,0.289577353118773,0
3.62,2.01744561586329,0.201744561586329,-0.806978246345317,0.293021753654683,0
3.625,1.99630814696089,0.199630814696089,-0.798523258784357,0.301476741215643,0
3.63,1.96813888896593,0.196813888896593,-0.787255555586374,0.312744444413626,0
3.635,1.95625788553561,0.195625788553561,-0.782503154214243,0.317496845785757,0
3.64,1.96530188433396,0.196530188433396,-0.786120753733582,0.313879246266418,0
3.645,1.95954638514336,0.195954638514336,-0.783818554057345,0.316181445942655,0
3.65,1.94975414301531,0.194975414301531,-0.779901657206123,0.320098342793877,0
3.655,1.91702036447242,0.191702036447242,-0.766808145788967,0.333191854211033,0
3.66,1.92786898550442,0.192786898550442,-0.771147594201766,0.328852405798234,0
3.665,1.92349006979405,0.192349006979405,-0.76939602791762,0.33060397208238,0
3.67,1.96501379730103,0.196501379730103,-0.78600551892041,0.31399448107959,0
3.675,1.96069780891834,0.196069780891834,-0.784279123567336,0.315720876432664,0
3.68,1.9533619230418,0.19533619230418,-0.781344769216719,0.318655230783281,0
3.685,1.94450778902392,0.194450778902392,-0.777803115609566,0.322196884390434,0
3.69,1.94460579970721,0.194460579970721,-0.777842319882882,0.322157680117118,0
3.695,1.96082958713946,0.196082958713946,-0.784331834855785,0.315668165144215,0
3.7,1.97688876728705,0.197688876728705,-0.790755506914821,0.309244493085179,0
3.705,1.92943756635624,0.192943756635624,-0.771775026542496,0.328224973457505,0
3.71,1.87536937933163,0.187536937933163,-0.750147751732651,0.349852248267349,0
3.715,1.92170870295507,0.192170870295507,-0.768683481182028,0.331316518817973,0
3.72,1.94390715416521,0.194390715416521,-0.777562861666084,0.322437138333916,0
3.725,1.96957349732746,0.196957349732746,-0.787829398930982,0.312170601069018,0
3.73,1.95184624532782,0.195184624532782,-0.78073849813113,0.31926150186887,0
3.735,1.93356174944499,0.193356174944499,-0.773424699777995,0.326575300222005,0
3.74,1.90983039290631,0.190983039290631,-0.763932157162526,0.336067842837474,0
3.745,1.91065716762142,0.191065716762142,-0.764262867048567,0.335737132951433,0
3.75,1.91783331460401,0.191783331460401,-0.767133325841603,0.332866674158397,0
3.755,1.8855045953579,0.18855045953579,-0.754201838143162,0.345798161856838,0
3.76,1.85828517139682,0.185828517139682,-0.743314068558728,0.356685931441273,0
3.765,1.87444540868627,0.187444540868627,-0.749778163474506,0.350221836525494,0
3.77,1.87352805278343,0.187352805278343,-0.749411221113373,0.350588778886627,0
3.775,1.83581116261821,0.183581116261821,-0.734324465047286,0.365675534952715,0
3.78,1.80717081380705,0.180717081380705,-0.722868325522819,0.377131674477181,0
3.785,1.80482734547863,0.180482734547863,-0.721930938191452,0.378069061808548,0
3.79,1.80583599051824,0.180583599051824,-0.722334396207297,0.377665603792703,0
3.795,1.80848702342011,0.180848702342011,-0.723394809368043,0.376605190631957,0
3.8,1.83443001648644,0.183443001648644,-0.733772006594577,0.366227993405423,0
3.805,1.81049815392392,0.181049815392392,-0.724199261569569,0.375800738430431,0
3.81,1.8037649088215,0.18037649088215,-0.721505963528601,0.3784940364714,0
3.815,1.83734175901801,0.183734175901801,-0.734936703607206,0.365063296392794,0
3.82,1.82311898498037,0.182311898498037,-0.729247593992146,0.370752406007854,0
3.825,1.80232450069407,0.180232450069407,-0.72092980027763,0.37907019972237,0
3.83,1.79458791825214,0.179458791825214,-0.717835167300858,0.382164832699142,0
3.835,1.75729321680851,0.175729321680851,-0.702917286723404,0.397082713276596,0
3.84,1.7527427163036,0.17527427163036,-0.701097086521441,0.398902913478559,0
3.845,1.73596289426721,0.173596289426721,-0.694385157706884,0.405614842293116,0
3.85,1.75735308052152,0.175735308052152,-0.702941232208607,0.397058767791393,0
3.855,1.7393449023532,0.17393449023532,-0.695737960941279,0.404262039058721,0
3.86,1.74406705204572,0.174406705204572,-0.697626820818286,0.402373179181714,0
3.865,1.7459675494868,0.17459675494868,-0.698387019794721,0.40161298020528,0
3.87,1.73608701231539,0.173608701231539,-0.694434804926158,0.405565195073842,0
3.875,1.73432418674625,0.173432418674625,-0.693729674698501,0.406270325301499,0
3.88,1.70633282551215,0.170633282551215,-0.682533130204861,0.417466869795139,0
3.885,1.69890833642146,0.169890833642146,-0.679563334568585,0.420436665431415,0
3.89,1.71553991748088,0.171553991748088,-0.686215966992352,0.413784033007648,0
3.895,1.74035790667277,0.174035790667277,-0.696143162669107,0.403856837330893,0
3.9,1.70976851557879,0.17097685155788,-0.683907406231518,0.416092593768482,0
3.905,1.7166002329202,0.17166002329202,-0.686640093168078,0.413359906831922,0
3.91,1.69491286071431,0.169491286071431,-0.677965144285723,0.422034855714277,0
3.915,1.72190417812461,0.172190417812461,-0.688761671249844,0.411238328750157,0
3.92,1.7104667531355,0.17104667531355,-0.684186701254199,0.415813298745801,0
3.925,1.69808186144443,0.169808186144443,-0.679232744577771,0.420767255422229,0
3.93,1.69825222182913,0.169825222182913,-0.679300888731652,0.420699111268348,0
3.935,1.70500079723592,0.170500079723592,-0.68200031889437,0.41799968110563,0
3.94,1.70524371957395,0.170524371957395,-0.682097487829579,0.417902512170421,0
3.945,1.71560047976982,0.171560047976982,-0.686240191907928,0.413759808092072,0
3.95,1.70303874709094,0.170303874709094,-0.681215498836375,0.418784501163625,0
3.955,1.70570007768282,0.170570007768282,-0.682280031073126,0.417719968926874,0
3.96,1.71299245445475,0.171299245445475,-0.685196981781899,0.414803018218101,0
3.965,1.72552917949522,0.172552917949522,-0.690211671798089,0.409788328201911,0
3.97,1.69251591896595,0.169251591896595,-0.677006367586379,0.422993632413622,0
3.975,1.74788284331735,0.174788284331735,-0.699153137326938,0.400846862673062,0
3.98,1.76268933961641,0.176268933961641,-0.705075735846564,0.394924264153436,0
3.985,1.7630925222795,0.17630925222795,-0.705237008911799,0.394762991088201,0
3.99,1.75669682142017,0.175669682142017,-0.702678728568068,0.397321271431932,0
3.995,1.77755570060953,0.177755570060953,-0.711022280243811,0.388977719756189,0
4,1.80003225053527,0.180003225053527,-0.720012900214106,0.379987099785894,0
4.005,1.78513220050204,0.178513220050204,-0.714052880200814,0.385947119799186,0
4.01,1.82516560175621,0.182516560175621,-0.730066240702485,0.369933759297515,0
4.015,1.82529435334429,0.182529435334429,-0.730117741337717,0.369882258662283,0
4.02,1.82426128968695,0.182426128968695,-0.72970451587478,0.37029548412522,0
4.025,1.78555653789107,0.178555653789107,-0.71422261515643,0.38577738484357,0
4.03,1.75658649572589,0.175658649572589,-0.702634598290354,0.397365401709646,0
4.035,1.76590689560507,0.176590689560507,-0.706362758242029,0.393637241757971,0
4.04,1.74831473271391,0.174831473271391,-0.699325893085565,0.400674106914435,0
4.045,1.73403180695328,0.173403180695328,-0.69361272278131,0.40638727721869,0
4.05,1.71021167468271,0.171021167468271,-0.684084669873082,0.415915330126918,0
4.055,1.71225911030892,0.171225911030892,-0.684903644123568,0.415096355876432,0
4.06,1.70569543878778,0.170569543878778,-0.682278175515113,0.417721824484887,0
4.065,1.71440727250296,0.171440727250296,-0.685762909001182,0.414237090998818,0
4.07,1.75068457438413,0.175068457438413,-0.70027382975365,0.39972617024635,0
4.075,1.78379649253698,0.178379649253698,-0.713518597014792,0.386481402985208,0
4.08,1.76317371463943,0.176317371463943,-0.705269485855774,0.394730514144226,0
4.085,1.73544965635795,0.173544965635795,-0.694179862543179,0.405820137456821,0
4.09,1.72455955112887,0.172455955112887,-0.689823820451547,0.410176179548453,0
4.095,1.75378031093745,0.175378031093745,-0.70151212437498,0.39848787562502,0
4.1,1.76498556054653,0.176498556054653,-0.705994224218611,0.394005775781389,0
4.105,1.74162530575062,0.174162530575062,-0.696650122300249,0.403349877699751,0
4.11,1.72771210824414,0.172771210824414,-0.691084843297655,0.408915156702345,0
4.115,1.70740456464183,0.170740456464183,-0.682961825856732,0.417038174143268,0
4.12,1.72207541731399,0.172207541731399,-0.688830166925596,0.411169833074404,0
4.125,1.69731625419714,0.169731625419714,-0.678926501678855,0.421073498321145,0
4.13,1.72706851752184,0.172706851752184,-0.690827407008735,0.409172592991265,0
4.135,1.73698124137584,0.173698124137584,-0.694792496550337,0.405207503449663,0
4.14,1.71877145417025,0.171877145417025,-0.687508581668101,0.412491418331899,0
4.145,1.70786986563291,0.170786986563291,-0.683147946253165,0.416852053746835,0
4.15,1.70193384934381,0.170193384934381,-0.680773539737523,0.419226460262477,0
4.155,1.66945570388545,0.166945570388545,-0.667782281554182,0.432217718445818,0
4.16,1.68192145089141,0.168192145089141,-0.672768580356563,0.427231419643437,0
4.165,1.69691376516124,0.169691376516124,-0.678765506064497,0.421234493935503,0
4.17,1.67399570711543,0.167399570711543,-0.669598282846174,0.430401717153826,0
4.175,1.66974131909868,0.166974131909868,-0.667896527639471,0.432103472360529,0
4.18,1.66971137190624,0.166971137190625,-0.667884548762498,0.432115451237502,0
4.185,1.67673677714374,0.167673677714374,-0.670694710857495,0.429305289142505,0
4.19,1.64465798518121,0.164465798518121,-0.657863194072486,0.442136805927515,0
4.195,1.64162340569257,0.164162340569257,-0.656649362277026,0.443350637722974,0
4.2,1.68325029388422,0.168325029388422,-0.673300117553688,0.426699882446313,0
4.205,1.69174281496782,0.169174281496782,-0.676697125987126,0.423302874012874,0
4.21,1.68004741333843,0.168004741333843,-0.672018965335371,0.427981034664629,0
4.215,1.6447662273659,0.16447662273659,-0.65790649094636,0.44209350905364,0
4.22,1.62732135259304,0.162732135259304,-0.650928541037215,0.449071458962785,0
4.225,1.5934761324593,0.15934761324593,-0.637390452983722,0.462609547016279,0
4.23,1.61453586493045,0.161453586493045,-0.645814345972178,0.454185654027822,0
4.235,1.60551796396665,0.160551796396665,-0.64220718558666,0.457792814413341,0
4.24,1.60693876748025,0.160693876748025,-0.642775506992101,0.457224493007899,0
4.245,1.57226447582104,0.157226447582104,-0.628905790328415,0.471094209671585,0
4.25,1.56719857685384,0.156719857685384,-0.626879430741538,0.473120569258462,0
4.255,1.55712874906774,0.155712874906774,-0.622851499627095,0.477148500372905,0
4.26,1.56920033928958,0.156920033928958,-0.627680135715831,0.472319864284169,0
4.265,1.60155342496638,0.160155342496638,-0.640621369986551,0.459378630013449,0
4.27,1.59730322296641,0.159730322296641,-0.638921289186563,0.461078710813437,0
4.275,1.55255722192069,0.155255722192069,-0.621022888768276,0.478977111231724,0
4.28,1.57211840920361,0.157211840920361,-0.628847363681444,0.471152636318556,0
4.285,1.57354410220181,0.157354410220181,-0.629417640880725,0.470582359119275,0
4.29,1.52556183084153,0.152556183084153,-0.610224732336611,0.48977526766339,0
4.295,1.54446997931811,0.154446997931811,-0.617787991727244,0.482212008272756,0
4.3,1.55399010216653,0.155399010216653,-0.621596040866612,0.478403959133388,0
4.305,1.53404139409088,0.153404139409088,-0.613616557636354,0.486383442363646,0
4.31,1.5299016341096,0.15299016341096,-0.611960653643842,0.488039346356158,0
4.315,1.51354627930248,0.151354627930248,-0.605418511720991,0.494581488279009,0
4.32,1.47728338470267,0.147728338470267,-0.590913353881069,0.509086646118931,0
4.325,1.49445256307456,0.149445256307456,-0.597781025229823,0.502218974770177,0
4.33,1.48414090585432,0.148414090585432,-0.593656362341729,0.506343637658271,0
4.335,1.48070043385511,0.148070043385511,-0.592280173542044,0.507719826457956,0
4.34,1.49383204280482,0.149383204280482,-0.597532817121929,0.502467182878071,0
4.345,1.51503963615389,0.151503963615389,-0.606015854461557,0.493984145538443,0
4.35,1.53141328213828,0.153141328213828,-0.612565312855313,0.487434687144687,0
4.355,1.51828953833001,0.151828953833001,-0.607315815332006,0.492684184667994,0
4.36,1.49561626894691,0.149561626894691,-0.598246507578763,0.501753492421237,0
4.365,1.49094769486357,0.149094769486357,-0.596379077945426,0.503620922054574,0
4.37,1.49901223770369,0.149901223770369,-0.599604895081477,0.500395104918523,0
4.375,1.50416605353881,0.150416605353881,-0.601666421415523,0.498333578584477,0
4.38,1.47645099244093,0.147645099244093,-0.590580396976374,0.509419603023627,0
4.385,1.46388766027263,0.146388766027263,-0.58555506410905,0.51444493589095,0
4.39,1.46372487429934,0.146372487429934,-0.585489949719735,0.514510050280265,0
4.395,1.4525191563192,0.14525191563192,-0.581007662527681,0.518992337472319,0
4.4,1.46840186012093,0.146840186012093,-0.587360744048373,0.512639255951627,0
4.405,1.45341639280746,0.145341639280746,-0.581366557122984,0.518633442877016,0
4.41,1.44331054104371,0.144331054104371,-0.577324216417486,0.522675783582515,0
4.415,1.42306897166406,0.142306897166406,-0.569227588665626,0.530772411334374,0
4.42,1.43664668896467,0.143664668896467,-0.574658675585867,0.525341324414133,0
4.425,1.41655049072909,0.141655049072909,-0.566620196291635,0.533379803708366,0
4.43,1.43092422398975,0.143092422398975,-0.572369689595901,0.527630310404099,0
4.435,1.41598157973377,0.141598157973377,-0.566392631893508,0.533607368106492,0
4.44,1.3873769832858,0.13873769832858,-0.55495079331432,0.54504920668568,0
4.445,1.3681859182387,0.13681859182387,-0.547274367295481,0.552725632704519,0
4.45,1.38367260235757,0.138367260235757,-0.553469040943026,0.546530959056974,0
4.455,1.3786478484296,0.13786478484296,-0.551459139371838,0.548540860628162,0
4.46,1.3832681439651,0.13832681439651,-0.553307257586038,0.546692742413962,0
4.465,1.40010901230859,0.140010901230859,-0.560043604923435,0.539956395076565,0
4.47,1.35081820390213,0.135081820390213,-0.540327281560851,0.559672718439149,0
4.475,1.36061369018485,0.136061369018485,-0.544245476073939,0.555754523926061,0
4.48,1.37619410110398,0.137619410110398,-0.550477640441593,0.549522359558407,0
4.485,1.38453473717639,0.138453473717639,-0.553813894870556,0.546186105129444,0
4.49,1.40685948281798,0.140685948281798,-0.562743793127192,0.537256206872808,0
4.495,1.397127620763,0.1397127620763,-0.558851048305201,0.541148951694799,0
4.5,1.42754172175896,0.142754172175896,-0.571016688703585,0.528983311296415,0
4.505,1.41955219670356,0.141955219670356,-0.567820878681425,0.532179121318575,0
4.51,1.4153038947485,0.14153038947485,-0.566121557899398,0.533878442100602,0
4.515,1.43609953247729,0.143609953247729,-0.574439812990917,0.525560187009083,0
4.52,1.40526939746754,0.140526939746754,-0.562107758987017,0.537892241012983,0
4.525,1.410636167349,0.1410636167349,-0.564254466939602,0.535745533060398,0
4.53,1.39302300008733,0.139302300008733,-0.557209200034931,0.542790799965069,0
4.535,1.42948154310034,0.142948154310034,-0.571792617240135,0.528207382759865,0
4.54,1.45748466429771,0.145748466429771,-0.582993865719084,0.517006134280916,0
4.545,1.46799775116363,0.146799775116363,-0.587199100465453,0.512800899534547,0
4.55,1.49661552285654,0.149661552285654,-0.598646209142617,0.501353790857383,0
4.555,1.50712681670722,0.150712681670722,-0.60285072668289,0.49714927331711,0
4.56,1.48959188834818,0.148959188834818,-0.595836755339273,0.504163244660727,0
4.565,1.51213577219658,0.151213577219658,-0.60485430887863,0.49514569112137,0
4.57,1.47302234987531,0.147302234987531,-0.589208939950123,0.510791060049877,0
4.575,1.44283070038726,0.144283070038726,-0.577132280154904,0.522867719845096,0
4.58,1.4822964467704,0.14822964467704,-0.592918578708159,0.507081421291841,0
4.585,1.48179787806289,0.148179787806289,-0.592719151225158,0.507280848774842,0
4.59,1.49480380255086,0.149480380255086,-0.597921521020342,0.502078478979658,0
4.595,1.50183491289918,0.150183491289918,-0.600733965159672,0.499266034840328,0
4.6,1.49441762516588,0.149441762516588,-0.597767050066353,0.502232949933647,0
4.605,1.49973618608746,0.149973618608746,-0.599894474434984,0.500105525565016,0
4.61,1.51301662524833,0.151301662524833,-0.605206650099333,0.494793349900667,0
4.615,1.49911542634025,0.149911542634025,-0.599646170536099,0.500353829463902,0
4.62,1.45290926881908,0.145290926881908,-0.58116370752763,0.51883629247237,0
4.625,1.47559524627578,0.147559524627578,-0.590238098510312,0.509761901489688,0
4.63,1.45819561408863,0.145819561408863,-0.58327824563545,0.51672175436455,0
4.635,1.48088723096347,0.148088723096347,-0.592354892385389,0.507645107614611,0
4.64,1.48497537299511,0.148497537299511,-0.593990149198045,0.506009850801955,0
4.645,1.49296587024785,0.149296587024785,-0.59718634809914,0.50281365190086,0
4.65,1.48420183452775,0.148420183452775,-0.5936807338111,0.5063192661889,0
4.655,1.48724790977357,0.148724790977357,-0.594899163909428,0.505100836090572,0
4.66,1.51191993773217,0.151191993773217,-0.604767975092866,0.495232024907134,0
4.665,1.51475480204876,0.151475480204876,-0.605901920819504,0.494098079180496,0
4.67,1.55399501687722,0.155399501687722,-0.621598006750888,0.478401993249112,0
4.675,1.53828260551249,0.153828260551249,-0.615313042204995,0.484686957795005,0
4.68,1.5252960227975,0.15252960227975,-0.610118409118998,0.489881590881002,0
4.685,1.54197546469823,0.154197546469823,-0.616790185879291,0.483209814120709,0
4.69,1.56110620374764,0.156110620374764,-0.624442481499057,0.475557518500943,0
4.695,1.56383913453738,0.156383913453738,-0.625535653814951,0.474464346185049,0
4.7,1.56236229339749,0.156236229339749,-0.624944917358996,0.475055082641004,0
4.705,1.57850480834247,0.157850480834247,-0.631401923336988,0.468598076663012,0
4.71,1.58677309832674,0.158677309832674,-0.634709239330696,0.465290760669304,0
4.715,1.59798076530522,0.159798076530522,-0.639192306122088,0.460807693877912,0
4.72,1.60083970689943,0.160083970689943,-0.640335882759773,0.459664117240227,0
4.725,1.60168901924627,0.160168901924627,-0.64067560769851,0.45932439230149,0
4.73,1.61385826258348,0.161385826258348,-0.645543305033391,0.454456694966609,0
4.735,1.60891723817665,0.160891723817665,-0.643566895270662,0.456433104729338,0
4.74,1.60813836244427,0.160813836244427,-0.64325534497771,0.45674465502229,0
4.745,1.57169043590499,0.157169043590499,-0.628676174361995,0.471323825638006,0
4.75,1.61002222437853,0.161002222437853,-0.644008889751411,0.455991110248589,0
4.755,1.63674680705766,0.163674680705766,-0.654698722823066,0.445301277176934,0
4.76,1.63274575921374,0.163274575921374,-0.653098303685495,0.446901696314505,0
4.765,1.61752797160262,0.161752797160262,-0.64701118864105,0.45298881135895,0
4.77,1.59383377462524,0.159383377462524,-0.637533509850094,0.462466490149906,0
4.775,1.60222861402762,0.160222861402762,-0.640891445611047,0.459108554388953,0
4.78,1.60732950065444,0.160732950065444,-0.642931800261777,0.457068199738223,0
4.785,1.61558383121933,0.161558383121933,-0.64623353248773,0.45376646751227,0
4.79,1.58443501181379,0.158443501181379,-0.633774004725518,0.466225995274482,0
4.795,1.61304194938688,0.161304194938688,-0.645216779754752,0.454783220245248,0
4.8,1.62104009610959,0.162104009610959,-0.648416038443834,0.451583961556166,0
4.805,1.59831289152186,0.159831289152186,-0.639325156608745,0.460674843391256,0
4.81,1.59119536618394,0.159119536618394,-0.636478146473577,0.463521853526423,0
4.815,1.55648903167111,0.155648903167111,-0.622595612668443,0.477404387331557,0
4.82,1.5375007094856,0.15375007094856,-0.615000283794239,0.484999716205761,0
4.825,1.5188778561664,0.15188778561664,-0.607551142466561,0.492448857533439,0
4.83,1.4945899782845,0.14945899782845,-0.597835991313801,0.502164008686199,0
4.835,1.51504132226968,0.151504132226968,-0.606016528907872,0.493983471092128,0
4.84,1.49443030679262,0.149443030679262,-0.597772122717048,0.502227877282952,0
4.845,1.48913289330847,0.148913289330847,-0.595653157323386,0.504346842676614,0
4.85,1.4610184624281,0.14610184624281,-0.584407384971241,0.515592615028759,0
4.855,1.48500355375973,0.148500355375973,-0.594001421503891,0.505998578496109,0
4.86,1.47888375046842,0.147888375046842,-0.591553500187367,0.508446499812633,0
4.865,1.48535908513438,0.148535908513438,-0.594143634053754,0.505856365946246,0
4.87,1.48882721124837,0.148882721124837,-0.595530884499346,0.504469115500654,0
4.875,1.51641779807931,0.151641779807931,-0.606567119231725,0.493432880768275,0
4.88,1.52319819024309,0.152319819024309,-0.609279276097235,0.490720723902765,0
4.885,1.51781064563458,0.151781064563458,-0.607124258253833,0.492875741746167,0
4.89,1.50500222407343,0.150500222407343,-0.602000889629372,0.497999110370628,0
4.895,1.4717835777103,0.14717835777103,-0.588713431084119,0.511286568915881,0
4.9,1.48690348777631,0.148690348777631,-0.594761395110523,0.505238604889477,0
4.905,1.49975515985076,0.149975515985076,-0.599902063940305,0.500097936059695,0
4.91,1.49807100936639,0.149807100936639,-0.599228403746557,0.500771596253443,0
4.915,1.4650658367537,0.14650658367537,-0.586026334701481,0.513973665298519,0
4.92,1.44515613759516,0.144515613759516,-0.578062455038063,0.521937544961937,0
4.925,1.43688815358804,0.143688815358804,-0.574755261435218,0.525244738564782,0
4.93,1.45469516404203,0.145469516404203,-0.581878065616811,0.518121934383189,0
4.935,1.46555265501196,0.146555265501196,-0.586221062004785,0.513778937995215,0
4.94,1.47133052000067,0.147133052000067,-0.588532208000269,0.511467791999731,0
4.945,1.42847486634891,0.142847486634891,-0.571389946539564,0.528610053460436,0
4.95,1.41017024052474,0.141017024052474,-0.564068096209896,0.535931903790105,0
4.955,1.47409023238859,0.147409023238859,-0.589636092955437,0.510363907044563,0
4.96,1.48660949846589,0.148660949846589,-0.594643799386356,0.505356200613644,0
4.965,1.48971957510824,0.148971957510824,-0.595887830043297,0.504112169956703,0
4.97,1.54523256419497,0.154523256419497,-0.618093025677988,0.481906974322012,0
4.975,1.53871667066466,0.153871667066466,-0.615486668265863,0.484513331734137,0
4.98,1.50930832384494,0.150930832384494,-0.603723329537976,0.496276670462024,0
4.985,1.50127412674931,0.150127412674931,-0.600509650699725,0.499490349300275,0
4.99,1.5051360677607,0.15051360677607,-0.602054427104281,0.497945572895719,0
4.995,1.48750763747443,0.148750763747443,-0.595003054989772,0.504996945010228,0
5,1.50242846521029,0.150242846521029,-0.600971386084118,0.499028613915882,0
5.005,1.51642263993905,0.151642263993905,-0.606569055975618,0.493430944024382,0
5.01,1.49745373147899,0.149745373147899,-0.598981492591595,0.501018507408405,0
5.015,1.49621781555789,0.149621781555789,-0.598487126223155,0.501512873776845,0
5.02,1.53080577542358,0.153080577542358,-0.612322310169431,0.487677689830569,0
5.025,1.53586866240628,0.153586866240628,-0.614347464962513,0.485652535037487,0
5.03,1.53006754655005,0.153006754655005,-0.612027018620021,0.48797298137998,0
5.035,1.53204626722961,0.153204626722961,-0.612818506891846,0.487181493108154,0
5.04,1.53215527906193,0.153215527906193,-0.612862111624771,0.487137888375229,0
5.045,1.52641935624418,0.152641935624418,-0.61056774249767,0.48943225750233,0
5.05,1.54475169222856,0.154475169222856,-0.617900676891425,0.482099323108575,0
5.055,1.51989234807984,0.151989234807984,-0.607956939231938,0.492043060768062,0
5.06,1.50476526113686,0.150476526113686,-0.601906104454746,0.498093895545254,0
5.065,1.5047971974553,0.15047971974553,-0.60191887898212,0.49808112101788,0
5.07,1.53383161205016,0.153383161205016,-0.613532644820063,0.486467355179938,0
5.075,1.55100537084417,0.155100537084417,-0.620402148337669,0.479597851662331,0
5.08,1.54728779898905,0.154728779898906,-0.618915119595622,0.481084880404378,0
5.085,1.56592477885328,0.156592477885328,-0.62636991154131,0.47363008845869,0
5.09,1.55181164864952,0.155181164864952,-0.62072465945981,0.47927534054019,0
5.095,1.57169395296823,0.157169395296823,-0.62867758118729,0.47132241881271,0
5.1,1.57121116285846,0.157121116285846,-0.628484465143385,0.471515534856615,0
5.105,1.58059323140932,0.158059323140932,-0.632237292563728,0.467762707436272,0
5.11,1.57657865917206,0.157657865917206,-0.630631463668823,0.469368536331177,0
5.115,1.59593640294777,0.159593640294777,-0.638374561179108,0.461625438820892,0
5.12,1.59641897062271,0.159641897062271,-0.638567588249083,0.461432411750917,0
5.125,1.62156051569791,0.162156051569791,-0.648624206279164,0.451375793720836,0
5.13,1.62822035993012,0.162822035993012,-0.651288143972048,0.448711856027952,0
5.135,1.62359671034573,0.162359671034573,-0.649438684138292,0.450561315861708,0
5.14,1.62561713570155,0.162561713570155,-0.65024685428062,0.44975314571938,0
5.145,1.63903731166693,0.163903731166693,-0.655614924666773,0.444385075333227,0
5.15,1.62527536884722,0.162527536884722,-0.650110147538888,0.449889852461112,0
5.155,1.66808314411215,0.166808314411215,-0.667233257644862,0.432766742355138,0
5.16,1.69969380391181,0.169969380391181,-0.679877521564724,0.420122478435276,0
5.165,1.69307099590868,0.169307099590868,-0.677228398363473,0.422771601636527,0
5.17,1.72613017725439,0.172613017725439,-0.690452070901755,0.409547929098245,0
5.175,1.70797666619315,0.170797666619315,-0.683190666477259,0.416809333522741,0
5.18,1.72237674291033,0.172237674291033,-0.688950697164132,0.411049302835868,0
5.185,1.73538800825554,0.173538800825554,-0.694155203302215,0.405844796697785,0
5.19,1.73548577240049,0.173548577240049,-0.694194308960195,0.405805691039805,0
5.195,1.73009275270715,0.173009275270715,-0.692037101082859,0.407962898917142,0
5.2,1.74405161971951,0.174405161971951,-0.697620647887802,0.402379352112198,0
5.205,1.68855437343922,0.168855437343922,-0.675421749375686,0.424578250624314,0
5.21,1.68292715173383,0.168292715173383,-0.67317086069353,0.42682913930647,0
5.215,1.64389712680907,0.164389712680907,-0.657558850723627,0.442441149276373,0
5.22,1.64444915637432,0.164444915637432,-0.657779662549727,0.442220337450273,0
5.225,1.66133505101756,0.166133505101756,-0.664534020407024,0.435465979592976,0
5.23,1.69161743663043,0.169161743663043,-0.676646974652173,0.423353025347827,0
5.235,1.7095860714426,0.17095860714426,-0.683834428577039,0.416165571422961,0
5.24,1.71098702902993,0.171098702902993,-0.684394811611974,0.415605188388027,0
5.245,1.6848859854049,0.16848859854049,-0.673954394161959,0.426045605838041,0
5.25,1.70970370771194,0.170970370771194,-0.683881483084777,0.416118516915223,0
5.255,1.70306217057774,0.170306217057774,-0.681224868231097,0.418775131768903,0
5.26,1.73692443563854,0.173692443563854,-0.694769774255418,0.405230225744582,0
5.265,1.72192308633229,0.172192308633229,-0.688769234532918,0.411230765467082,0
5.27,1.73203528048669,0.173203528048669,-0.692814112194675,0.407185887805325,0
5.275,1.71663067715546,0.171663067715547,-0.686652270862186,0.413347729137814,0
5.28,1.70371313669692,0.170371313669692,-0.681485254678767,0.418514745321233,0
5.285,1.72218799433814,0.172218799433814,-0.688875197735256,0.411124802264744,0
5.29,1.73082872232024,0.173082872232024,-0.692331488928096,0.407668511071904,0
5.295,1.76242516109816,0.176242516109816,-0.704970064439264,0.395029935560737,0
5.3,1.78506170789697,0.178506170789697,-0.71402468315879,0.38597531684121,0
5.305,1.75329959001808,0.175329959001808,-0.701319836007233,0.398680163992768,0
5.31,1.74433693265577,0.174433693265577,-0.697734773062309,0.402265226937692,0
5.315,1.73162469563573,0.173162469563573,-0.692649878254291,0.407350121745709,0
5.32,1.6918145973265,0.16918145973265,-0.676725838930602,0.423274161069398,0
5.325,1.68550120131006,0.168550120131006,-0.674200480524022,0.425799519475978,0
5.33,1.70513277763161,0.170513277763161,-0.682053111052645,0.417946888947355,0
5.335,1.69454211218458,0.169454211218458,-0.677816844873832,0.422183155126169,0
5.34,1.65381892133707,0.165381892133707,-0.661527568534828,0.438472431465172,0
5.345,1.66731093401706,0.166731093401706,-0.666924373606824,0.433075626393176,0
5.35,1.68429056887536,0.168429056887536,-0.673716227550142,0.426283772449858,0
5.355,1.69224825109681,0.169224825109681,-0.676899300438725,0.423100699561275,0
5.36,1.67403855124779,0.167403855124779,-0.669615420499114,0.430384579500886,0
5.365,1.67588339595239,0.167588339595239,-0.670353358380956,0.429646641619045,0
5.37,1.67316192191534,0.167316192191534,-0.669264768766135,0.430735231233865,0
5.375,1.69407766102109,0.169407766102109,-0.677631064408435,0.422368935591566,0
5.38,1.68733000757147,0.168733000757147,-0.674932003028587,0.425067996971413,0
5.385,1.66286804470638,0.166286804470638,-0.665147217882552,0.434852782117448,0
5.39,1.63598364644536,0.163598364644536,-0.654393458578144,0.445606541421856,0
5.395,1.68916201502658,0.168916201502658,-0.675664806010633,0.424335193989367,0
5.4,1.71896179950457,0.171896179950457,-0.687584719801829,0.412415280198171,0
5.405,1.75826716323016,0.175826716323016,-0.703306865292064,0.396693134707936,0
5.41,1.78804298641614,0.178804298641614,-0.715217194566454,0.384782805433546,0
5.415,1.82296846702788,0.182296846702788,-0.729187386811152,0.370812613188848,0
5.42,1.80868287880221,0.180868287880221,-0.723473151520884,0.376526848479116,0
5.425,1.79253860528051,0.179253860528051,-0.717015442112205,0.382984557887795,0
5.43,1.77594284318602,0.177594284318602,-0.710377137274409,0.389622862725592,0
5.435,1.77751087300262,0.177751087300262,-0.711004349201049,0.388995650798951,0
5.44,1.77171623020745,0.177171623020745,-0.708686492082981,0.391313507917019,0
5.445,1.77057077340927,0.177057077340927,-0.708228309363709,0.391771690636291,0
5.45,1.77382548470281,0.177382548470281,-0.709530193881123,0.390469806118877,0
5.455,1.75740156671445,0.175740156671445,-0.702960626685779,0.397039373314221,0
5.46,1.74540866528891,0.174540866528891,-0.698163466115566,0.401836533884434,0
5.465,1.78188766020388,0.178188766020388,-0.712755064081552,0.387244935918448,0
5.47,1.78736709326318,0.178736709326318,-0.714946837305272,0.385053162694728,0
5.475,1.76428280269203,0.176428280269203,-0.705713121076812,0.394286878923188,0
5.48,1.73967953635956,0.173967953635956,-0.695871814543824,0.404128185456176,0
5.485,1.71227562162047,0.171227562162047,-0.684910248648186,0.415089751351814,0
5.49,1.75766567978272,0.175766567978272,-0.70306627191309,0.396933728086911,0
5.495,1.75989932017689,0.175989932017689,-0.703959728070758,0.396040271929242,0
5.5,1.77511984154999,0.177511984154999,-0.710047936619995,0.389952063380005,0
5.505,1.74305417356316,0.174305417356316,-0.697221669425263,0.402778330574737,0
5.51,1.75245897108626,0.175245897108626,-0.700983588434503,0.399016411565497,0
5.515,1.76207126402106,0.176207126402106,-0.704828505608422,0.395171494391578,0
5.52,1.76411254171998,0.176411254171998,-0.705645016687991,0.394354983312009,0
5.525,1.76264702161614,0.176264702161614,-0.705058808646457,0.394941191353543,0
5.53,1.75918475871717,0.175918475871717,-0.703673903486868,0.396326096513132,0
5.535,1.76530635767515,0.176530635767515,-0.706122543070058,0.393877456929942,0
5.54,1.76372660223121,0.176372660223121,-0.705490640892483,0.394509359107517,0
5.545,1.77244396199259,0.177244396199259,-0.708977584797036,0.391022415202964,0
5.55,1.78855439076465,0.178855439076465,-0.715421756305858,0.384578243694142,0
5.555,1.78970118708655,0.178970118708655,-0.715880474834622,0.384119525165378,0
5.56,1.77999047639071,0.177999047639071,-0.711996190556284,0.388003809443716,0
5.565,1.78795959546362,0.178795959546362,-0.715183838185447,0.384816161814553,0
5.57,1.79507333521789,0.179507333521789,-0.718029334087157,0.381970665912843,0
5.575,1.79614605810524,0.179614605810524,-0.718458423242094,0.381541576757906,0
5.58,1.75185810424046,0.175185810424046,-0.700743241696186,0.399256758303814,0
5.585,1.75061980902168,0.175061980902168,-0.700247923608673,0.399752076391327,0
5.59,1.7348476456122,0.17348476456122,-0.693939058244879,0.406060941755121,0
5.595,1.76467585322506,0.176467585322506,-0.705870341290023,0.394129658709977,0
5.6,1.76407417363925,0.176407417363925,-0.705629669455701,0.394370330544299,0
5.605,1.77161090819879,0.177161090819879,-0.708644363279515,0.391355636720485,0
5.61,1.75117576946984,0.175117576946984,-0.700470307787937,0.399529692212063,0
5.615,1.70314440541684,0.170314440541684,-0.681257762166734,0.418742237833266,0
5.62,1.65869155766215,0.165869155766215,-0.663476623064858,0.436523376935142,0
5.625,1.64929311653468,0.164929311653468,-0.659717246613872,0.440282753386128,0
5.63,1.65316031600007,0.165316031600007,-0.661264126400027,0.438735873599973,0
5.635,1.64890397455834,0.164890397455834,-0.659561589823335,0.440438410176665,0
5.64,1.63997898902943,0.163997898902943,-0.655991595611772,0.444008404388228,0
5.645,1.65169110324186,0.165169110324186,-0.660676441296745,0.439323558703255,0
5.65,1.6364755641542,0.16364755641542,-0.654590225661679,0.445409774338322,0
5.655,1.64493673131575,0.164493673131575,-0.657974692526298,0.442025307473702,0
5.66,1.65053944165378,0.165053944165378,-0.660215776661512,0.439784223338488,0
5.665,1.60978037942627,0.160978037942627,-0.643912151770507,0.456087848229493,0
5.67,1.60450657894177,0.160450657894177,-0.641802631576709,0.458197368423291,0
5.675,1.59610045503184,0.159610045503184,-0.638440182012736,0.461559817987264,0
5.68,1.60704066686268,0.160704066686268,-0.642816266745071,0.457183733254929,0
5.685,1.59827927777019,0.159827927777019,-0.639311711108077,0.460688288891923,0
5.69,1.65427388947428,0.165427388947428,-0.661709555789712,0.438290444210288,0
5.695,1.61796079964684,0.161796079964684,-0.647184319858735,0.452815680141265,0
5.7,1.6085629990579,0.16085629990579,-0.64342519962316,0.45657480037684,0
5.705,1.61823488303575,0.161823488303575,-0.647293953214301,0.452706046785699,0
5.71,1.60847793772235,0.160847793772235,-0.643391175088941,0.456608824911059,0
5.715,1.60525012910191,0.160525012910191,-0.642100051640765,0.457899948359235,0
5.72,1.60051778514896,0.160051778514896,-0.640207114059584,0.459792885940417,0
5.725,1.57638640641279,0.157638640641279,-0.630554562565117,0.469445437434883,0
5.73,1.56476605462594,0.156476605462594,-0.625906421850377,0.474093578149623,0
5.735,1.57857391549537,0.157857391549537,-0.631429566198148,0.468570433801852,0
5.74,1.56508000259684,0.156508000259684,-0.626032001038737,0.473967998961263,0
5.745,1.53394908527195,0.153394908527195,-0.613579634108781,0.486420365891219,0
5.75,1.54896005037432,0.154896005037432,-0.619584020149729,0.480415979850271,0
5.755,1.56474355676202,0.156474355676202,-0.62589742270481,0.47410257729519,0
5.76,1.53339967091986,0.153339967091986,-0.613359868367943,0.486640131632057,0
5.765,1.4930412215771,0.14930412215771,-0.597216488630839,0.502783511369161,0
5.77,1.46042826527965,0.146042826527965,-0.584171306111859,0.515828693888141,0
5.775,1.45607369676265,0.145607369676265,-0.582429478705058,0.517570521294942,0
5.78,1.45657562964108,0.145657562964108,-0.582630251856431,0.517369748143569,0
5.785,1.40816810418927,0.140816810418927,-0.56326724167571,0.53673275832429,0
5.79,1.41163623206233,0.141163623206233,-0.564654492824933,0.535345507175067,0
5.795,1.43403934105793,0.143403934105793,-0.573615736423173,0.526384263576827,0
5.8,1.4547235424065,0.14547235424065,-0.581889416962599,0.518110583037401,0
5.805,1.45160083552563,0.145160083552563,-0.580640334210251,0.519359665789749,0
5.81,1.43722563527347,0.143722563527347,-0.574890254109387,0.525109745890613,0
5.815,1.45906205185627,0.145906205185627,-0.583624820742507,0.516375179257493,0
5.82,1.47701979440323,0.147701979440323,-0.59080791776129,0.50919208223871,0
5.825,1.50354295836716,0.150354295836716,-0.601417183346866,0.498582816653135,0
5.83,1.50239321437182,0.150239321437182,-0.600957285748729,0.499042714251272,0
5.835,1.50477352418967,0.150477352418967,-0.601909409675867,0.498090590324133,0
5.84,1.50794238514826,0.150794238514826,-0.603176954059303,0.496823045940697,0
5.845,1.52169664498656,0.152169664498656,-0.608678657994623,0.491321342005377,0
5.85,1.50969848223826,0.150969848223826,-0.603879392895303,0.496120607104697,0
5.855,1.50220703555142,0.150220703555142,-0.600882814220569,0.499117185779431,0
5.86,1.48509926889702,0.148509926889702,-0.594039707558808,0.505960292441192,0
5.865,1.45462708801006,0.145462708801006,-0.581850835204023,0.518149164795977,0
5.87,1.45740754030209,0.145740754030209,-0.582963016120836,0.517036983879164,0
5.875,1.41974661559525,0.141974661559525,-0.567898646238098,0.532101353761902,0
5.88,1.41475643023628,0.141475643023628,-0.565902572094514,0.534097427905486,0
5.885,1.42301150847936,0.142301150847936,-0.569204603391742,0.530795396608258,0
5.89,1.40401829507447,0.140401829507447,-0.561607318029788,0.538392681970212,0
5.895,1.40365896823445,0.140365896823445,-0.56146358729378,0.53853641270622,0
5.9,1.3586464445417,0.13586464445417,-0.543458577816679,0.556541422183321,0
5.905,1.29668203834518,0.129668203834518,-0.518672815338072,0.581327184661928,0
5.91,1.31459160815888,0.131459160815888,-0.525836643263553,0.574163356736447,0
5.915,1.29577304142156,0.129577304142156,-0.518309216568624,0.581690783431376,0
5.92,1.29022403002449,0.129022403002449,-0.516089612009798,0.583910387990202,0
5.925,1.26666168039478,0.126666168039478,-0.506664672157914,0.593335327842086,0
5.93,1.26506362207552,0.126506362207552,-0.50602544883021,0.593974551169791,0
5.935,1.30449145760676,0.130449145760676,-0.521796583042705,0.578203416957295,0
5.94,1.33113947201741,0.133113947201741,-0.532455788806964,0.567544211193036,0
5.945,1.35601707774775,0.135601707774775,-0.542406831099098,0.557593168900902,0
5.95,1.3796110080962,0.13796110080962,-0.551844403238479,0.548155596761521,0
5.955,1.36527760032951,0.136527760032951,-0.546111040131804,0.553888959868196,0
5.96,1.36421534504515,0.136421534504515,-0.54568613801806,0.55431386198194,0
5.965,1.35126266471718,0.135126266471718,-0.540505065886872,0.559494934113128,0
5.97,1.33045588725804,0.133045588725804,-0.532182354903214,0.567817645096786,0
5.975,1.33333339392225,0.133333339392225,-0.533333357568899,0.566666642431101,0
5.98,1.36673879535407,0.136673879535407,-0.546695518141626,0.553304481858374,0
5.985,1.34927546126008,0.134927546126008,-0.539710184504032,0.560289815495968,0
5.99,1.33818446844785,0.133818446844785,-0.535273787379138,0.564726212620862,0
5.995,1.32692927886057,0.132692927886057,-0.530771711544227,0.569228288455773,0
6,1.37263989312139,0.137263989312139,-0.549055957248554,0.550944042751446,0
6.005,1.36792428008314,0.136792428008314,-0.547169712033255,0.552830287966745,0
6.01,1.30936606906445,0.130936606906445,-0.523746427625778,0.576253572374222,0
6.015,1.32247096176948,0.132247096176948,-0.528988384707791,0.571011615292209,0
6.02,1.3149458936791,0.13149458936791,-0.525978357471642,0.574021642528358,0
6.025,1.33546343848038,0.133546343848038,-0.534185375392153,0.565814624607847,0
6.03,1.34309690094131,0.134309690094131,-0.537238760376523,0.562761239623477,0
6.035,1.31926542107468,0.131926542107468,-0.527706168429871,0.572293831570129,0
6.04,1.27520980159772,0.127520980159772,-0.510083920639088,0.589916079360912,0
6.045,1.28118669628075,0.128118669628075,-0.512474678512301,0.587525321487699,0
6.05,1.31604187255178,0.131604187255178,-0.526416749020714,0.573583250979287,0
6.055,1.32957236095732,0.132957236095732,-0.531828944382929,0.568171055617071,0
6.06,1.33932031009968,0.133932031009968,-0.535728124039871,0.564271875960129,0
6.065,1.36077549459236,0.136077549459236,-0.544310197836945,0.555689802163055,0
6.07,1.38567880767453,0.138567880767453,-0.554271523069811,0.545728476930189,0
6.075,1.39531693648964,0.139531693648964,-0.558126774595857,0.541873225404143,0
6.08,1.35528122224586,0.135528122224586,-0.542112488898344,0.557887511101656,0
6.085,1.37184395632805,0.137184395632805,-0.548737582531219,0.551262417468781,0
6.09,1.3968609236804,0.13968609236804,-0.558744369472161,0.541255630527839,0
6.095,1.39039965091814,0.139039965091814,-0.556159860367258,0.543840139632742,0
6.1,1.37117304113763,0.137117304113763,-0.548469216455054,0.551530783544946,0
6.105,1.3644199952688,0.13644199952688,-0.545767998107518,0.554232001892482,0
6.11,1.36558476449941,0.136558476449941,-0.546233905799763,0.553766094200237,0
6.115,1.40559607119087,0.140559607119087,-0.562238428476349,0.537761571523651,0
6.12,1.40163158474979,0.140163158474979,-0.560652633899914,0.539347366100086,0
6.125,1.42245069677726,0.142245069677726,-0.568980278710906,0.531019721289094,0
6.13,1.45312635320447,0.145312635320447,-0.581250541281789,0.518749458718211,0
6.135,1.44441528934153,0.144441528934153,-0.577766115736613,0.522233884263387,0
6.14,1.46370561422567,0.146370561422567,-0.585482245690269,0.514517754309731,0
6.145,1.44304263068795,0.144304263068795,-0.577217052275182,0.522782947724818,0
6.15,1.44379332033613,0.144379332033613,-0.577517328134451,0.522482671865549,0
6.155,1.45122799419258,0.145122799419258,-0.580491197677033,0.519508802322967,0
6.16,1.41100429150982,0.141100429150982,-0.564401716603929,0.535598283396071,0
6.165,1.41672621117355,0.141672621117355,-0.566690484469419,0.533309515530581,0
6.17,1.43153347794976,0.143153347794976,-0.572613391179903,0.527386608820097,0
6.175,1.41810821490417,0.141810821490417,-0.567243285961669,0.532756714038331,0
6.18,1.43616143502321,0.143616143502321,-0.574464574009283,0.525535425990717,0
6.185,1.41854321174162,0.141854321174162,-0.567417284696647,0.532582715303353,0
6.19,1.44787169979149,0.144787169979149,-0.579148679916595,0.520851320083405,0
6.195,1.44797144130394,0.144797144130394,-0.579188576521574,0.520811423478426,0
6.2,1.47526023176386,0.147526023176386,-0.590104092705545,0.509895907294455,0
6.205,1.47297688641041,0.147297688641041,-0.589190754564165,0.510809245435836,0
6.21,1.50042902559406,0.150042902559406,-0.600171610237624,0.499828389762376,0
6.215,1.5301551262849,0.15301551262849,-0.612062050513961,0.487937949486039,0
6.22,1.53609845896308,0.153609845896308,-0.614439383585231,0.485560616414769,0
6.225,1.53729106291662,0.153729106291662,-0.614916425166648,0.485083574833352,0
6.23,1.53211771843265,0.153211771843265,-0.61284708737306,0.48715291262694,0
6.235,1.51217579832934,0.151217579832934,-0.604870319331737,0.495129680668263,0
6.24,1.48506290928045,0.148506290928045,-0.594025163712182,0.505974836287818,0
6.245,1.5235583944364,0.15235583944364,-0.60942335777456,0.49057664222544,0
6.25,1.50985416190855,0.150985416190855,-0.603941664763421,0.496058335236579,0
6.255,1.51216371428605,0.151216371428605,-0.604865485714419,0.495134514285581,0
6.26,1.52763220694555,0.152763220694555,-0.611052882778221,0.488947117221779,0
6.265,1.49484131470611,0.149484131470611,-0.597936525882445,0.502063474117555,0
6.27,1.48817743609792,0.148817743609792,-0.595270974439167,0.504729025560834,0
6.275,1.47771069727486,0.147771069727486,-0.591084278909946,0.508915721090054,0
6.28,1.49620076714858,0.149620076714858,-0.598480306859433,0.501519693140567,0
6.285,1.50602612060979,0.150602612060979,-0.602410448243917,0.497589551756083,0
6.29,1.50604772034078,0.150604772034078,-0.602419088136312,0.497580911863689,0
6.295,1.514567706656,0.1514567706656,-0.605827082662402,0.494172917337598,0
6.3,1.50849494021509,0.150849494021509,-0.603397976086035,0.496602023913965,0
6.305,1.49518917150647,0.149518917150647,-0.598075668602587,0.501924331397413,0
6.31,1.4978679035462,0.14978679035462,-0.59914716141848,0.50085283858152,0
6.315,1.50835226010201,0.150835226010201,-0.603340904040804,0.496659095959196,0
6.32,1.47822297299228,0.147822297299228,-0.591289189196911,0.508710810803089,0
6.325,1.464471999579,0.1464471999579,-0.585788799831599,0.514211200168401,0
6.33,1.48324744373762,0.148324744373762,-0.593298977495048,0.506701022504953,0
6.335,1.48937799552684,0.148937799552684,-0.595751198210737,0.504248801789263,0
6.34,1.45261582145103,0.145261582145103,-0.581046328580412,0.518953671419588,0
6.345,1.4417947442971,0.14417947442971,-0.576717897718839,0.523282102281161,0
6.35,1.42202294236184,0.142202294236184,-0.568809176944734,0.531190823055266,0
6.355,1.43520409516567,0.143520409516567,-0.574081638066267,0.525918361933733,0
6.36,1.45211695896235,0.145211695896235,-0.58084678358494,0.51915321641506,0
6.365,1.41700778958232,0.141700778958232,-0.566803115832928,0.533196884167072,0
6.37,1.44130034287262,0.144130034287262,-0.576520137149047,0.523479862850953,0
6.375,1.46505625527242,0.146505625527242,-0.586022502108968,0.513977497891032,0
6.38,1.4381665543446,0.14381665543446,-0.575266621737838,0.524733378262162,0
6.385,1.41970862935772,0.141970862935772,-0.567883451743089,0.532116548256911,0
6.39,1.41709362938113,0.141709362938113,-0.566837451752453,0.533162548247547,0
6.395,1.45388924500212,0.145388924500212,-0.58155569800085,0.51844430199915,0
6.4,1.4875957469552,0.14875957469552,-0.595038298782079,0.504961701217921,0
6.405,1.4862054111147,0.14862054111147,-0.594482164445881,0.50551783555412,0
6.41,1.47471242855664,0.147471242855664,-0.589884971422656,0.510115028577344,0
6.415,1.46331621455278,0.146331621455278,-0.585326485821113,0.514673514178887,0
6.42,1.46549177733413,0.146549177733413,-0.586196710933654,0.513803289066346,0
6.425,1.48104716926409,0.148104716926409,-0.592418867705636,0.507581132294364,0
6.43,1.46555546438825,0.146555546438825,-0.586222185755301,0.513777814244699,0
6.435,1.47502123438761,0.147502123438761,-0.590008493755046,0.509991506244954,0
6.44,1.48709640655232,0.148709640655232,-0.594838562620926,0.505161437379074,0
6.445,1.51360788099696,0.151360788099696,-0.605443152398786,0.494556847601214,0
6.45,1.49142360291647,0.149142360291647,-0.596569441166588,0.503430558833412,0
6.455,1.51817293159077,0.151817293159077,-0.607269172636308,0.492730827363692,0
6.46,1.5119433928417,0.15119433928417,-0.604777357136681,0.495222642863319,0
6.465,1.51489263988909,0.151489263988909,-0.605957055955636,0.494042944044364,0
6.47,1.51639495471347,0.151639495471347,-0.606557981885389,0.493442018114611,0
6.475,1.50771688826212,0.150771688826212,-0.603086755304848,0.496913244695152,0
6.48,1.52165737373153,0.152165737373153,-0.608662949492611,0.491337050507389,0
6.485,1.54367903970467,0.154367903970467,-0.617471615881866,0.482528384118134,0
6.49,1.53058407904714,0.153058407904714,-0.612233631618854,0.487766368381146,0
6.495,1.53128784975674,0.153128784975674,-0.612515139902695,0.487484860097305,0
6.5,1.50849945643223,0.150849945643223,-0.603399782572894,0.496600217427106,0
6.505,1.51398401873775,0.151398401873775,-0.605593607495101,0.494406392504899,0
6.51,1.47573599602608,0.147573599602608,-0.590294398410432,0.509705601589568,0
6.515,1.49898303583574,0.149898303583574,-0.599593214334297,0.500406785665703,0
6.52,1.50574189755104,0.150574189755104,-0.602296759020415,0.497703240979585,0
6.525,1.52223000465643,0.152223000465643,-0.608892001862571,0.491107998137429,0
6.53,1.53715837143735,0.153715837143735,-0.614863348574939,0.485136651425062,0
6.535,1.52996595594929,0.152996595594929,-0.611986382379715,0.488013617620285,0
6.54,1.49825903449685,0.149825903449685,-0.599303613798739,0.500696386201261,0
6.545,1.49384249611117,0.149384249611117,-0.597536998444467,0.502463001555533,0
6.55,1.47469066576737,0.147469066576737,-0.589876266306947,0.510123733693053,0
6.555,1.4620848657304,0.14620848657304,-0.584833946292162,0.515166053707839,0
6.56,1.4206405506182,0.14206405506182,-0.568256220247281,0.53174377975272,0
6.565,1.4229970034002,0.14229970034002,-0.56919880136008,0.53080119863992,0
6.57,1.42929602896438,0.142929602896438,-0.571718411585753,0.528281588414247,0
6.575,1.39131874616142,0.139131874616142,-0.556527498464569,0.543472501535431,0
6.58,1.40506024323362,0.140506024323362,-0.562024097293448,0.537975902706552,0
6.585,1.42359372262674,0.142359372262674,-0.569437489050695,0.530562510949305,0
6.59,1.43979829917371,0.143979829917371,-0.575919319669485,0.524080680330515,0
6.595,1.4436553981751,0.14436553981751,-0.577462159270039,0.522537840729961,0
6.6,1.42021439646674,0.142021439646674,-0.568085758586696,0.531914241413304,0
6.605,1.43861214777906,0.143861214777906,-0.575444859111623,0.524555140888377,0
6.61,1.42628528307755,0.142628528307755,-0.570514113231021,0.529485886768979,0
6.615,1.40379869584297,0.140379869584297,-0.561519478337189,0.538480521662811,0
6.62,1.43017111253917,0.143017111253917,-0.572068445015666,0.527931554984334,0
6.625,1.42176205566491,0.142176205566491,-0.568704822265964,0.531295177734037,0
6.63,1.38982655304309,0.138982655304309,-0.555930621217236,0.544069378782764,0
6.635,1.44177608340839,0.144177608340839,-0.576710433363356,0.523289566636644,0
6.64,1.41222126836922,0.141222126836922,-0.56488850734769,0.53511149265231,0
6.645,1.43628652941103,0.143628652941103,-0.574514611764411,0.525485388235589,0
6.65,1.43780983255481,0.143780983255481,-0.575123933021924,0.524876066978076,0
6.655,1.42016619296377,0.142016619296377,-0.568066477185509,0.531933522814492,0
6.66,1.39227324572916,0.139227324572916,-0.556909298291664,0.543090701708336,0
6.665,1.39450804783878,0.139450804783878,-0.557803219135512,0.542196780864488,0
6.67,1.39571882610948,0.139571882610948,-0.55828753044379,0.54171246955621,0
6.675,1.46598006248303,0.146598006248303,-0.586392024993213,0.513607975006787,0
6.68,1.48868282551802,0.148868282551802,-0.595473130207207,0.504526869792793,0
6.685,1.49565618219918,0.149565618219918,-0.598262472879672,0.501737527120328,0
6.69,1.46158434172503,0.146158434172503,-0.584633736690013,0.515366263309987,0
6.695,1.44216682357815,0.144216682357815,-0.576866729431258,0.523133270568742,0
6.7,1.40766912255673,0.140766912255673,-0.563067649022693,0.536932350977307,0
6.705,1.42565197564558,0.142565197564558,-0.570260790258233,0.529739209741767,0
6.71,1.38086170739223,0.138086170739223,-0.552344682956892,0.547655317043108,0
6.715,1.39899408367858,0.139899408367858,-0.55959763347143,0.54040236652857,0
6.72,1.41577415139498,0.141577415139498,-0.566309660557993,0.533690339442007,0
6.725,1.4009742154314,0.14009742154314,-0.560389686172559,0.539610313827441,0
6.73,1.38697930473124,0.138697930473124,-0.554791721892497,0.545208278107503,0
6.735,1.40094798944662,0.140094798944662,-0.560379195778648,0.539620804221353,0
6.74,1.36932893325601,0.136932893325601,-0.547731573302403,0.552268426697597,0
6.745,1.34074969244445,0.134074969244445,-0.536299876977779,0.563700123022221,0
6.75,1.34291781737353,0.134291781737353,-0.537167126949412,0.562832873050588,0
6.755,1.36961268940398,0.136961268940398,-0.547845075761591,0.552154924238409,0
6.76,1.35904508212386,0.135904508212386,-0.543618032849542,0.556381967150458,0
6.765,1.38492040247679,0.138492040247679,-0.553968160990714,0.546031839009286,0
6.77,1.36310657731128,0.136310657731128,-0.545242630924513,0.554757369075487,0
6.775,1.36389355518595,0.136389355518595,-0.545557422074382,0.554442577925619,0
6.78,1.36328528054205,0.136328528054205,-0.54531411221682,0.55468588778318,0
6.785,1.3332997699837,0.13332997699837,-0.533319907993481,0.566680092006519,0
6.79,1.30603981602788,0.130603981602788,-0.522415926411151,0.577584073588849,0
6.795,1.32206243913755,0.132206243913755,-0.528824975655022,0.571175024344978,0
6.8,1.30552808414831,0.130552808414831,-0.522211233659323,0.577788766340677,0
6.805,1.28607366773916,0.128607366773916,-0.514429467095663,0.585570532904337,0
6.81,1.31853593954433,0.131853593954433,-0.52741437581773,0.57258562418227,0
6.815,1.35430408746138,0.135430408746138,-0.541721634984551,0.558278365015449,0
6.82,1.34303801264999,0.134303801264999,-0.537215205059997,0.562784794940003,0
6.825,1.35051542898433,0.135051542898433,-0.540206171593733,0.559793828406267,0
6.83,1.35618070398903,0.135618070398903,-0.542472281595611,0.557527718404389,0
6.835,1.3846299958367,0.13846299958367,-0.553851998334681,0.546148001665319,0
6.84,1.4244766776674,0.14244766776674,-0.569790671066958,0.530209328933042,0
6.845,1.43106536621195,0.143106536621195,-0.572426146484781,0.527573853515219,0
6.85,1.44994794267397,0.144994794267397,-0.57997917706959,0.520020822930411,0
6.855,1.45205323468602,0.145205323468602,-0.580821293874406,0.519178706125594,0
6.86,1.44480649430094,0.144480649430094,-0.577922597720374,0.522077402279626,0
6.865,1.4639299828621,0.14639299828621,-0.585571993144842,0.514428006855159,0
6.87,1.47385590171524,0.147385590171524,-0.589542360686098,0.510457639313902,0
6.875,1.47806919813111,0.147806919813111,-0.591227679252445,0.508772320747555,0
6.88,1.43833199409458,0.143833199409458,-0.575332797637831,0.524667202362169,0
6.885,1.47202159795949,0.147202159795949,-0.588808639183798,0.511191360816202,0
6.89,1.47954147794471,0.147954147794471,-0.591816591177884,0.508183408822116,0
6.895,1.47663381668987,0.147663381668987,-0.59065352667595,0.50934647332405,0
6.9,1.50211318566991,0.150211318566991,-0.600845274267962,0.499154725732038,0
6.905,1.5032338025377,0.15032338025377,-0.601293521015078,0.498706478984922,0
6.91,1.50562692035373,0.150562692035373,-0.60225076814149,0.49774923185851,0
6.915,1.50199851892948,0.150199851892948,-0.600799407571792,0.499200592428208,0
6.92,1.55729135869473,0.155729135869473,-0.622916543477891,0.477083456522109,0
6.925,1.53176750258147,0.153176750258147,-0.612707001032589,0.487292998967411,0
6.93,1.52665875667768,0.152665875667768,-0.610663502671073,0.489336497328928,0
6.935,1.53675536235548,0.153675536235548,-0.614702144942191,0.485297855057809,0
6.94,1.56898624066367,0.156898624066367,-0.627594496265468,0.472405503734532,0
6.945,1.56308738891499,0.156308738891499,-0.625234955565998,0.474765044434003,0
6.95,1.55373699647914,0.155373699647914,-0.621494798591655,0.478505201408345,0
6.955,1.55017817302582,0.155017817302582,-0.620071269210328,0.479928730789672,0
6.96,1.52734353452208,0.152734353452208,-0.61093741380883,0.48906258619117,0
6.965,1.58680970633571,0.158680970633571,-0.634723882534282,0.465276117465718,0
6.97,1.59233321119976,0.159233321119976,-0.636933284479904,0.463066715520096,0
6.975,1.57659747603841,0.157659747603841,-0.630638990415363,0.469361009584638,0
6.98,1.56932712312014,0.156932712312014,-0.627730849248057,0.472269150751943,0
6.985,1.56454206906796,0.156454206906796,-0.625816827627184,0.474183172372816,0
6.99,1.57627380891109,0.157627380891109,-0.630509523564436,0.469490476435564,0
6.995,1.58606849648835,0.158606849648835,-0.63442739859534,0.46557260140466,0
7,1.61605329891713,0.161605329891713,-0.646421319566854,0.453578680433146,0
7.005,1.6123407874504,0.16123407874504,-0.64493631498016,0.45506368501984,0
7.01,1.66105213269842,0.166105213269842,-0.664420853079367,0.435579146920633,0
7.015,1.65938345946306,0.165938345946306,-0.663753383785222,0.436246616214778,0
7.02,1.66233423481964,0.166233423481964,-0.664933693927856,0.435066306072144,0
7.025,1.65511177426987,0.165511177426987,-0.662044709707949,0.437955290292051,0
7.03,1.64480514834516,0.164480514834516,-0.657922059338063,0.442077940661938,0
7.035,1.6579007761327,0.16579007761327,-0.663160310453082,0.436839689546919,0
7.04,1.63958515540839,0.163958515540839,-0.655834062163354,0.444165937836646,0
7.045,1.69037350132645,0.169037350132645,-0.676149400530578,0.423850599469422,0
7.05,1.69308979826026,0.169308979826026,-0.677235919304102,0.422764080695898,0
7.055,1.70706751585796,0.170706751585796,-0.682827006343184,0.417172993656816,0
7.06,1.72996563623598,0.172996563623598,-0.69198625449439,0.40801374550561,0
7.065,1.75044271092403,0.175044271092403,-0.700177084369613,0.399822915630387,0
7.07,1.77983821809113,0.177983821809113,-0.711935287236454,0.388064712763546,0
7.075,1.7749819306715,0.17749819306715,-0.709992772268601,0.390007227731399,0
7.08,1.75440410814498,0.175440410814498,-0.701761643257993,0.398238356742007,0
7.085,1.77831270923361,0.177831270923361,-0.711325083693444,0.388674916306556,0
7.09,1.74708338227384,0.174708338227384,-0.698833352909535,0.401166647090465,0
7.095,1.74128151629337,0.174128151629337,-0.696512606517346,0.403487393482654,0
7.1,1.73535037970748,0.173535037970748,-0.694140151882992,0.405859848117008,0
7.105,1.76525937063249,0.176525937063249,-0.706103748252995,0.393896251747005,0
7.11,1.78372701955909,0.178372701955909,-0.713490807823637,0.386509192176363,0
7.115,1.82020756751967,0.182020756751967,-0.728083027007867,0.371916972992133,0
7.12,1.80561369314482,0.180561369314482,-0.722245477257927,0.377754522742073,0
7.125,1.82177658908042,0.182177658908042,-0.728710635632167,0.371289364367833,0
7.13,1.8167997902616,0.18167997902616,-0.72671991610464,0.37328008389536,0
7.135,1.88978076126109,0.188978076126109,-0.755912304504435,0.344087695495565,0
7.14,1.91781308111756,0.191781308111756,-0.767125232447024,0.332874767552976,0
7.145,1.91723161359699,0.191723161359699,-0.766892645438798,0.333107354561202,0
7.15,1.93308121025069,0.193308121025069,-0.773232484100275,0.326767515899725,0
7.155,1.94370849989017,0.194370849989017,-0.77748339995607,0.32251660004393,0
7.16,1.93456215046961,0.193456215046961,-0.773824860187844,0.326175139812156,0
7.165,1.94543574589815,0.194543574589815,-0.77817429835926,0.32182570164074,0
7.17,1.92309062448441,0.192309062448441,-0.769236249793763,0.330763750206237,0
7.175,1.94197670510176,0.194197670510176,-0.776790682040705,0.323209317959295,0
7.18,1.95659041767334,0.195659041767334,-0.782636167069338,0.317363832930662,0
7.185,1.92813686097107,0.192813686097107,-0.771254744388427,0.328745255611573,0
7.19,1.93542850087023,0.193542850087023,-0.774171400348091,0.325828599651909,0
7.195,1.96898548689584,0.196898548689584,-0.787594194758336,0.312405805241665,0
7.2,1.98414904773439,0.198414904773439,-0.793659619093755,0.306340380906245,0
7.205,1.98782292504923,0.198782292504923,-0.795129170019691,0.30487082998031,0
7.21,2.00195120934705,0.200195120934705,-0.800780483738821,0.299219516261179,0
7.215,2.0288178890956,0.20288178890956,-0.811527155638241,0.288472844361759,0
7.22,2.04408917433047,0.204408917433047,-0.817635669732187,0.282364330267813,0
7.225,2.04485054949206,0.204485054949206,-0.817940219796826,0.282059780203175,0
7.23,2.07083254642316,0.207083254642316,-0.828333018569263,0.271666981430737,0
7.235,2.09607864693636,0.209607864693636,-0.838431458774544,0.261568541225456,0
7.24,2.10759883985397,0.210759883985397,-0.843039535941587,0.256960464058414,0
7.245,2.11525740820091,0.211525740820091,-0.846102963280365,0.253897036719635,0
7.25,2.10100047795856,0.210100047795856,-0.840400191183426,0.259599808816574,0
7.255,2.13422272279273,0.213422272279273,-0.853689089117093,0.246310910882908,0
7.26,2.09964817622605,0.209964817622605,-0.839859270490419,0.260140729509581,0
7.265,2.06286263350257,0.206286263350257,-0.825145053401026,0.274854946598974,0
7.27,2.11624194600494,0.211624194600494,-0.846496778401975,0.253503221598025,0
7.275,2.10574920481519,0.210574920481519,-0.842299681926077,0.257700318073923,0
7.28,2.13969061402965,0.213969061402965,-0.85587624561186,0.24412375438814,0
7.285,2.17975534083286,0.217975534083286,-0.871902136333145,0.228097863666855,0
7.29,2.18828955567224,0.218828955567224,-0.875315822268897,0.224684177731103,0
7.295,2.20916811518543,0.220916811518543,-0.883667246074173,0.216332753925827,0
7.3,2.24232570719456,0.224232570719456,-0.896930282877822,0.203069717122178,0
7.305,2.24622823634716,0.224622823634716,-0.898491294538863,0.201508705461137,0
7.31,2.28868504456935,0.228868504456935,-0.915474017827739,0.184525982172261,0
7.315,2.28308604945003,0.228308604945003,-0.913234419780012,0.186765580219988,0
7.32,2.32659322293263,0.232659322293263,-0.930637289173052,0.169362710826948,0
7.325,2.34392872899978,0.234392872899978,-0.937571491599912,0.162428508400088,0
7.33,2.36717245775529,0.236717245775529,-0.946868983102116,0.153131016897884,0
7.335,2.42172164075829,0.242172164075829,-0.968688656303315,0.131311343696685,0
7.34,2.4083060881453,0.24083060881453,-0.96332243525812,0.136677564741881,0
7.345,2.39909107600658,0.239909107600658,-0.95963643040263,0.14036356959737,0
7.35,2.3961017332847,0.23961017332847,-0.95844069331388,0.14155930668612,0
7.355,2.39664552710055,0.239664552710055,-0.958658210840218,0.141341789159782,0
7.36,2.39586943708158,0.239586943708158,-0.958347774832633,0.141652225167367,0
7.365,2.39811985073102,0.239811985073102,-0.95924794029241,0.14075205970759,0
7.37,2.42295296678073,0.242295296678073,-0.969181186712293,0.130818813287707,0
7.375,2.42873757302763,0.242873757302763,-0.971495029211052,0.128504970788948,0
7.38,2.43335032722037,0.243335032722037,-0.973340130888149,0.126659869111851,0
7.385,2.43562532594378,0.243562532594378,-0.974250130377514,0.125749869622486,0
7.39,2.45783861031018,0.245783861031018,-0.983135444124074,0.116864555875926,0
7.395,2.47196713005171,0.247196713005171,-0.988786852020685,0.111213147979315,0
7.4,2.47425509401628,0.247425509401628,-0.989702037606514,0.110297962393486,0
7.405,2.42560675912722,0.242560675912722,-0.970242703650889,0.129757296349111,0
7.41,2.40916387624864,0.240916387624864,-0.963665550499456,0.136334449500544,0
7.415,2.42543246299911,0.242543246299911,-0.970172985199646,0.129827014800354,0
7.42,2.42443794190688,0.242443794190688,-0.969775176762753,0.130224823237247,0
7.425,2.38234056994242,0.238234056994242,-0.952936227976969,0.147063772023031,0
7.43,2.40160155963433,0.240160155963433,-0.960640623853731,0.139359376146269,0
7.435,2.40777293280001,0.240777293280001,-0.963109173120004,0.136890826879997,0
7.44,2.41435169134387,0.241435169134387,-0.965740676537549,0.134259323462451,0
7.445,2.4042553503797,0.24042553503797,-0.961702140151878,0.138297859848122,0
7.45,2.39630165035787,0.239630165035787,-0.958520660143146,0.141479339856854,0
7.455,2.41835417841756,0.241835417841756,-0.967341671367024,0.132658328632976,0
7.46,2.43544321809369,0.243544321809369,-0.974177287237476,0.125822712762524,0
7.465,2.39765744110121,0.239765744110121,-0.959062976440485,0.140937023559516,0
7.47,2.39493740052172,0.239493740052172,-0.957974960208687,0.142025039791313,0
7.475,2.41056779565631,0.241056779565631,-0.964227118262523,0.135772881737477,0
7.48,2.43038615032912,0.243038615032912,-0.972154460131646,0.127845539868354,0
7.485,2.40032793115557,0.240032793115557,-0.960131172462229,0.139868827537771,0
7.49,2.3923879681688,0.23923879681688,-0.956955187267518,0.143044812732482,0
7.495,2.41822960612186,0.241822960612186,-0.967291842448744,0.132708157551256,0
7.5,2.41530429420458,0.241530429420458,-0.966121717681831,0.133878282318169,0
7.505,2.42582209454288,0.242582209454288,-0.970328837817153,0.129671162182847,0
7.51,2.41130939638889,0.241130939638889,-0.964523758555555,0.135476241444445,0
7.515,2.44030752145175,0.244030752145175,-0.9761230085807,0.1238769914193,0
7.52,2.45473327459807,0.245473327459807,-0.981893309839228,0.118106690160773,0
7.525,2.4758537261511,0.24758537261511,-0.99034149046044,0.10965850953956,0
7.53,2.47891031325397,0.247891031325397,-0.991564125301586,0.108435874698414,0
7.535,2.49836652341855,0.249836652341855,-0.999346609367421,0.100653390632579,0
7.54,2.50260019271479,0.250260019271479,-1.00104007708592,0.0989599229140834,0
7.545,2.50420697729429,0.250420697729429,-1.00168279091772,0.0983172090822846,0
7.55,2.48777959421307,0.248777959421307,-0.995111837685229,0.104888162314771,0
7.555,2.53518654006029,0.253518654006029,-1.01407461602412,0.0859253839758849,0
7.56,2.50333690154264,0.250333690154264,-1.00133476061706,0.098665239382943,0
7.565,2.47092073764714,0.247092073764714,-0.988368295058854,0.111631704941146,0
7.57,2.51919551113168,0.251919551113168,-1.00767820445267,0.0923217955473283,0
7.575,2.50672223092266,0.250672223092266,-1.00268889236906,0.0973111076309363,0
7.58,2.53044119894256,0.253044119894256,-1.01217647957702,0.087823520422978,0
7.585,2.55139251931512,0.255139251931512,-1.02055700772605,0.0794429922739521,0
7.59,2.5707611620256,0.25707611620256,-1.02830446481024,0.0716955351897617,0
7.595,2.55276905259072,0.255276905259072,-1.02110762103629,0.0788923789637126,0
7.6,2.58896193683953,0.258896193683953,-1.03558477473581,0.0644152252641894,0
7.605,2.59432420413591,0.259432420413591,-1.03772968165436,0.0622703183456375,0
7.61,2.57713777274466,0.257713777274466,-1.03085510909786,0.0691448909021375,0
7.615,2.58491929454312,0.258491929454312,-1.03396771781725,0.0660322821827501,0
7.62,2.60294541760129,0.260294541760129,-1.04117816704051,0.0588218329594858,0
7.625,2.58985385911405,0.258985385911405,-1.03594154364562,0.0640584563543816,0
7.63,2.63529375759544,0.263529375759544,-1.05411750303817,0.0458824969618252,0
7.635,2.66680942706484,0.266680942706484,-1.06672377082594,0.0332762291740625,0
7.64,2.68152551878043,0.268152551878043,-1.07261020751217,0.0273897924878272,0
7.645,2.7000343709991,0.27000343709991,-1.08001374839964,0.0199862516003608,0
7.65,2.74440759258,0.274440759258,-1.097763037032,0.00223696296799969,0
7.655,2.71730347009946,0.271730347009946,-1.08692138803978,0.0130786119602171,0
7.66,2.7462776256607,0.27462776256607,-1.09851105026428,0.00148894973572022,0
7.665,2.7593638980582,0.27593638980582,-1.10374555922328,-0.00374555922328157,0
7.67,2.75598069959591,0.275598069959591,-1.10239227983837,-0.00239227983836532,0
7.675,2.77068879020594,0.277068879020594,-1.10827551608238,-0.00827551608237598,0
7.68,2.7792061205829,0.27792061205829,-1.11168244823316,-0.0116824482331586,0
7.685,2.77133747433687,0.277133747433687,-1.10853498973475,-0.00853498973474975,0
7.69,2.77787337731441,0.277787337731441,-1.11114935092577,-0.0111493509257659,0
7.695,2.79467802883686,0.279467802883686,-1.11787121153474,-0.0178712115347432,0
7.7,2.7801552896755,0.27801552896755,-1.1120621158702,-0.012062115870201,0
7.705,2.77290003348898,0.277290003348898,-1.10916001339559,-0.00916001339559314,0
7.71,2.76387716845836,0.276387716845836,-1.10555086738334,-0.00555086738334354,0
7.715,2.7753005428899,0.27753005428899,-1.11012021715596,-0.0101202171559613,0
7.72,2.78639282715185,0.278639282715185,-1.11455713086074,-0.0145571308607388,0
7.725,2.77840949139393,0.277840949139393,-1.11136379655757,-0.0113637965575732,0
7.73,2.7884657890149,0.27884657890149,-1.11538631560596,-0.0153863156059615,0
7.735,2.77307666267093,0.277307666267093,-1.10923066506837,-0.00923066506837267,0
7.74,2.76178468772102,0.276178468772102,-1.10471387508841,-0.00471387508840881,0
7.745,2.73617764804546,0.273617764804546,-1.09447105921818,0.00552894078181732,0
7.75,2.77908806378209,0.277908806378209,-1.11163522551283,-0.0116352255128342,0
7.755,2.80180731915617,0.280180731915617,-1.12072292766247,-0.0207229276624668,0
7.76,2.81019250690509,0.281019250690509,-1.12407700276204,-0.0240770027620363,0
7.765,2.80629413004342,0.280629413004342,-1.12251765201737,-0.0225176520173693,0
7.77,2.81934399551904,0.281934399551904,-1.12773759820762,-0.0277375982076162,0
7.775,2.82648544839774,0.282648544839774,-1.13059417935909,-0.030594179359094,0
7.78,2.86540245293478,0.286540245293478,-1.14616098117391,-0.0461609811739112,0
7.785,2.9154547328897,0.29154547328897,-1.16618189315588,-0.0661818931558804,0
7.79,2.9142798314004,0.29142798314004,-1.16571193256016,-0.0657119325601618,0
7.795,2.92641318042415,0.292641318042414,-1.17056527216966,-0.0705652721696579,0
7.8,2.95790596081098,0.295790596081098,-1.18316238432439,-0.0831623843243927,0
7.805,2.9667684249987,0.29667684249987,-1.18670736999948,-0.0867073699994814,0
7.81,2.97896707753405,0.297896707753405,-1.19158683101362,-0.0915868310136203,0
7.815,3.02366202969749,0.302366202969749,-1.209464811879,-0.109464811878996,0
7.82,3.05415439849528,0.305415439849528,-1.22166175939811,-0.12166175939811,0
7.825,3.08123436576739,0.308123436576739,-1.23249374630696,-0.132493746306957,0
7.83,3.09926735392614,0.309926735392614,-1.23970694157046,-0.139706941570457,0
7.835,3.1220030587259,0.31220030587259,-1.24880122349036,-0.148801223490359,0
7.84,3.14558517886395,0.314558517886395,-1.25823407154558,-0.158234071545581,0
7.845,3.13523654766447,0.313523654766447,-1.25409461906579,-0.154094619065789,0
7.85,3.16878373309289,0.316878373309289,-1.26751349323716,-0.167513493237156,0
7.855,3.15826398337726,0.315826398337726,-1.2633055933509,-0.163305593350905,0
7.86,3.14234409370161,0.314234409370161,-1.25693763748065,-0.156937637480645,0
7.865,3.19499016747701,0.319499016747701,-1.27799606699081,-0.177996066990805,0
7.87,3.19654399836325,0.319654399836325,-1.2786175993453,-0.178617599345301,0
7.875,3.1994802076946,0.31994802076946,-1.27979208307784,-0.179792083077842,0
7.88,3.21754110352854,0.321754110352854,-1.28701644141142,-0.187016441411416,0
7.885,3.20967570424527,0.320967570424527,-1.28387028169811,-0.183870281698106,0
7.89,3.20805437909163,0.320805437909163,-1.28322175163665,-0.183221751636651,0
7.895,3.2530170838908,0.32530170838908,-1.30120683355632,-0.201206833556319,0
7.9,3.26900781783092,0.326900781783092,-1.30760312713237,-0.207603127132369,0
7.905,3.27444217464353,0.327444217464353,-1.30977686985741,-0.209776869857413,0
7.91,3.298670250741,0.3298670250741,-1.3194681002964,-0.219468100296402,0
7.915,3.29734934286066,0.329734934286066,-1.31893973714426,-0.218939737144262,0
7.92,3.30404579620315,0.330404579620315,-1.32161831848126,-0.221618318481259,0
7.925,3.31927226355623,0.331927226355623,-1.32770890542249,-0.227708905422491,0
7.93,3.30091766388737,0.330091766388737,-1.32036706555495,-0.22036706555495,0
7.935,3.27013332430072,0.327013332430072,-1.30805332972029,-0.208053329720287,0
7.94,3.23502634698661,0.323502634698661,-1.29401053879464,-0.194010538794643,0
7.945,3.23746573612046,0.323746573612046,-1.29498629444819,-0.194986294448186,0
7.95,3.28129294280308,0.328129294280308,-1.31251717712123,-0.212517177121232,0
7.955,3.29476865797608,0.329476865797608,-1.31790746319043,-0.217907463190433,0
7.96,3.27177318157328,0.327177318157328,-1.30870927262931,-0.208709272629313,0
7.965,3.2502277400294,0.32502277400294,-1.30009109601176,-0.20009109601176,0
7.97,3.26891107337557,0.326891107337557,-1.30756442935023,-0.20756442935023,0
7.975,3.2969341665542,0.32969341665542,-1.31877366662168,-0.21877366662168,0
7.98,3.26808239810351,0.326808239810351,-1.30723295924141,-0.207232959241405,0
7.985,3.28356196149109,0.328356196149109,-1.31342478459644,-0.213424784596437,0
7.99,3.32870339740161,0.332870339740161,-1.33148135896064,-0.231481358960643,0
7.995,3.34082568819497,0.334082568819497,-1.33633027527799,-0.236330275277989,0
8,3.37323854989439,0.337323854989439,-1.34929541995776,-0.249295419957757,0
8.005,3.35613102700249,0.335613102700249,-1.342452410801,-0.242452410800996,0
8.01,3.39331182712143,0.339331182712143,-1.35732473084857,-0.257324730848574,0
8.015,3.38126716496814,0.338126716496814,-1.35250686598726,-0.252506865987255,0
8.02,3.39882891316073,0.339882891316073,-1.35953156526429,-0.259531565264292,0
8.025,3.39881170077773,0.339881170077773,-1.35952468031109,-0.259524680311093,0
8.03,3.43561428257128,0.343561428257128,-1.37424571302851,-0.274245713028513,0
8.035,3.45205483475869,0.345205483475869,-1.38082193390348,-0.280821933903477,0
8.04,3.43528906804203,0.343528906804203,-1.37411562721681,-0.274115627216812,0
8.045,3.42193147527723,0.342193147527723,-1.36877259011089,-0.268772590110891,0
8.05,3.47922593961967,0.347922593961968,-1.39169037584787,-0.29169037584787,0
8.055,3.48125701499616,0.348125701499616,-1.39250280599847,-0.292502805998466,0
8.06,3.48168074301244,0.348168074301244,-1.39267229720498,-0.292672297204977,0
8.065,3.4593398660413,0.34593398660413,-1.38373594641652,-0.283735946416519,0
8.07,3.47015956200663,0.347015956200663,-1.38806382480265,-0.288063824802652,0
8.075,3.49150533135496,0.349150533135496,-1.39660213254198,-0.296602132541982,0
8.08,3.47660405137126,0.347660405137126,-1.3906416205485,-0.290641620548505,0
8.085,3.50507152471801,0.350507152471801,-1.4020286098872,-0.302028609887202,0
8.09,3.48065621696556,0.348065621696556,-1.39226248678622,-0.292262486786222,0
8.095,3.50235371366536,0.350235371366536,-1.40094148546614,-0.300941485466142,0
8.1,3.48425170804204,0.348425170804204,-1.39370068321682,-0.293700683216815,0
8.105,3.50277254309701,0.350277254309701,-1.4011090172388,-0.301109017238803,0
8.11,3.5292662619738,0.35292662619738,-1.41170650478952,-0.311706504789522,0
8.115,3.54376737910001,0.354376737910001,-1.41750695164,-0.317506951640003,0
8.12,3.56411233333695,0.356411233333695,-1.42564493333478,-0.325644933334781,0
8.125,3.59089668889526,0.359089668889526,-1.4363586755581,-0.336358675558103,0
8.13,3.58744223110213,0.358744223110213,-1.43497689244085,-0.334976892440852,0
8.135,3.61010898360804,0.361010898360804,-1.44404359344322,-0.344043593443216,0
8.14,3.64213619486412,0.364213619486412,-1.45685447794565,-0.356854477945649,0
8.145,3.66901593849046,0.366901593849046,-1.46760637539618,-0.367606375396183,0
8.15,3.68772278388147,0.368772278388147,-1.47508911355259,-0.375089113552586,0
8.155,3.68354518406604,0.368354518406604,-1.47341807362641,-0.373418073626415,0
8.16,3.71471882733164,0.371471882733164,-1.48588753093266,-0.385887530932655,0
8.165,3.70666681699301,0.370666681699301,-1.4826667267972,-0.382666726797204,0
8.17,3.70111632510824,0.370111632510824,-1.4804465300433,-0.380446530043298,0
8.175,3.70669541129155,0.370669541129155,-1.48267816451662,-0.382678164516619,0
8.18,3.72051312553736,0.372051312553736,-1.48820525021495,-0.388205250214945,0
8.185,3.70339630341969,0.370339630341969,-1.48135852136788,-0.381358521367876,0
8.19,3.70932574937843,0.370932574937843,-1.48373029975137,-0.383730299751371,0
8.195,3.74202597848961,0.374202597848961,-1.49681039139584,-0.396810391395845,0
8.2,3.73953058963794,0.373953058963794,-1.49581223585518,-0.395812235855177,0
8.205,3.73479439423388,0.373479439423388,-1.49391775769355,-0.393917757693551,0
8.21,3.75408402155429,0.375408402155429,-1.50163360862172,-0.401633608621716,0
8.215,3.74544146179137,0.374544146179137,-1.49817658471655,-0.398176584716549,0
8.22,3.76808382429165,0.376808382429165,-1.50723352971666,-0.407233529716662,0
8.225,3.79017897181599,0.379017897181599,-1.51607158872639,-0.416071588726395,0
8.23,3.81769143812086,0.381769143812086,-1.52707657524834,-0.427076575248343,0
8.235,3.84832210404449,0.384832210404449,-1.5393288416178,-0.439328841617796,0
8.24,3.83354711638598,0.383354711638598,-1.53341884655439,-0.433418846554392,0
8.245,3.8638438574992,0.38638438574992,-1.54553754299968,-0.44553754299968,0
8.25,3.87412041330164,0.387412041330164,-1.54964816532065,-0.449648165320654,0
8.255,3.87581773974357,0.387581773974357,-1.55032709589743,-0.450327095897427,0
8.26,3.92846447182696,0.392846447182696,-1.57138578873079,-0.471385788730785,0
8.265,3.9459525355116,0.39459525355116,-1.57838101420464,-0.478381014204641,0
8.27,3.97400000309819,0.397400000309819,-1.58960000123927,-0.489600001239274,0
8.275,4.00404387484623,0.400404387484623,-1.60161754993849,-0.50161754993849,0
8.28,4.00243841220008,0.400243841220008,-1.60097536488003,-0.500975364880031,0
8.285,4.05449368286259,0.405449368286259,-1.62179747314504,-0.521797473145037,0
8.29,4.09746741991657,0.409746741991657,-1.63898696796663,-0.538986967966626,0
8.295,4.11711255776538,0.411711255776538,-1.64684502310615,-0.546845023106151,0
8.3,4.09196018752724,0.409196018752724,-1.6367840750109,-0.536784075010897,0
8.305,4.12935767546996,0.412935767546996,-1.65174307018798,-0.551743070187982,0
8.31,4.17387658030204,0.417387658030204,-1.66955063212082,-0.569550632120817,0
8.315,4.1638180114352,0.41638180114352,-1.66552720457408,-0.56552720457408,0
8.32,4.1309494606027,0.41309494606027,-1.65237978424108,-0.552379784241081,0
8.325,4.13018170516245,0.413018170516245,-1.65207268206498,-0.55207268206498,0
8.33,4.14412463106527,0.414412463106527,-1.65764985242611,-0.557649852426108,0
8.335,4.16491853948264,0.416491853948264,-1.66596741579306,-0.565967415793058,0
8.34,4.18789921720649,0.418789921720649,-1.6751596868826,-0.575159686882595,0
8.345,4.18427840239698,0.418427840239698,-1.67371136095879,-0.57371136095879,0
8.35,4.19860143421521,0.419860143421521,-1.67944057368609,-0.579440573686086,0
8.355,4.21884375200014,0.421884375200014,-1.68753750080006,-0.587537500800057,0
8.36,4.23672892499787,0.423672892499787,-1.69469156999915,-0.594691569999147,0
8.365,4.28693834788364,0.428693834788364,-1.71477533915346,-0.614775339153455,0
8.37,4.29540650563138,0.429540650563138,-1.71816260225255,-0.618162602252553,0
8.375,4.30052827774429,0.430052827774429,-1.72021131109772,-0.620211311097717,0
8.38,4.3232409562411,0.43232409562411,-1.72929638249644,-0.629296382496439,0
8.385,4.36026873148732,0.436026873148732,-1.74410749259493,-0.644107492594928,0
8.39,4.37536380069569,0.437536380069569,-1.75014552027828,-0.650145520278276,0
8.395,4.41860427983343,0.441860427983343,-1.76744171193337,-0.667441711933371,0
8.4,4.44658382229021,0.444658382229021,-1.77863352891608,-0.678633528916083,0
8.405,4.4846343329571,0.44846343329571,-1.79385373318284,-0.69385373318284,0
8.41,4.44490967274938,0.444490967274938,-1.77796386909975,-0.677963869099753,0
8.415,4.46751310043499,0.446751310043499,-1.787005240174,-0.687005240173996,0
8.42,4.47623421947783,0.447623421947783,-1.79049368779113,-0.690493687791131,0
8.425,4.4642153666673,0.44642153666673,-1.78568614666692,-0.685686146666919,0
8.43,4.49172826104269,0.449172826104269,-1.79669130441708,-0.696691304417076,0
8.435,4.50889911404337,0.450889911404337,-1.80355964561735,-0.703559645617348,0
8.44,4.49229338185947,0.449229338185947,-1.79691735274379,-0.696917352743788,0
8.445,4.51098480894773,0.451098480894773,-1.80439392357909,-0.704393923579092,0
8.45,4.52855518437602,0.452855518437602,-1.81142207375041,-0.711422073750409,0
8.455,4.55166453397421,0.455166453397421,-1.82066581358968,-0.720665813589684,0
8.46,4.55564220105334,0.455564220105334,-1.82225688042133,-0.722256880421334,0
8.465,4.57381109612732,0.457381109612732,-1.82952443845093,-0.72952443845093,0
8.47,4.59884848805001,0.459884848805001,-1.83953939522,-0.739539395220003,0
8.475,4.63578056946041,0.463578056946041,-1.85431222778416,-0.754312227784165,0
8.48,4.65134681290465,0.465134681290465,-1.86053872516186,-0.760538725161859,0
8.485,4.65403652960119,0.465403652960119,-1.86161461184048,-0.761614611840476,0
8.49,4.67365378463332,0.467365378463332,-1.86946151385333,-0.769461513853328,0
8.495,4.69876390945556,0.469876390945556,-1.87950556378222,-0.779505563782223,0
8.5,4.71429987780422,0.471429987780422,-1.88571995112169,-0.785719951121687,0
8.505,4.69033029605145,0.469033029605145,-1.87613211842058,-0.776132118420578,0
8.51,4.69919934466672,0.469919934466672,-1.87967973786669,-0.779679737866687,0
8.515,4.71928449868899,0.471928449868899,-1.88771379947559,-0.787713799475595,0
8.52,4.76224012617472,0.476224012617472,-1.90489605046989,-0.804896050469889,0
8.525,4.75557650375283,0.475557650375283,-1.90223060150113,-0.80223060150113,0
8.53,4.79858012501617,0.479858012501617,-1.91943205000647,-0.819432050006467,0
8.535,4.83251559899699,0.483251559899699,-1.93300623959879,-0.833006239598794,0
8.54,4.85539380929069,0.485539380929069,-1.94215752371628,-0.842157523716275,0
8.545,4.8995139910242,0.48995139910242,-1.95980559640968,-0.859805596409679,0
8.55,4.94696052749099,0.494696052749099,-1.9787842109964,-0.878784210996397,0
8.555,4.99004619479954,0.499004619479954,-1.99601847791982,-0.896018477919817,0
8.56,4.99335088474112,0.499335088474112,-1.99734035389645,-0.897340353896447,0
8.565,5.03284280575227,0.503284280575227,-2.01313712230091,-0.913137122300909,0
8.57,5.08198326602418,0.508198326602418,-2.03279330640967,-0.932793306409672,0
8.575,5.06543957608931,0.506543957608931,-2.02617583043573,-0.926175830435726,0
8.58,5.05206906610947,0.505206906610947,-2.02082762644379,-0.920827626443788,0
8.585,5.04674935224212,0.504674935224212,-2.01869974089685,-0.91869974089685,0
8.59,5.03136799672433,0.503136799672433,-2.01254719868973,-0.912547198689733,0
8.595,5.0226946832446,0.50226946832446,-2.00907787329784,-0.90907787329784,0
8.6,5.10072054297679,0.510072054297679,-2.04028821719072,-0.940288217190715,0
8.605,5.12816423931106,0.512816423931106,-2.05126569572442,-0.951265695724425,0
8.61,5.13113880332459,0.513113880332459,-2.05245552132984,-0.952455521329835,0
8.615,5.12942664190304,0.512942664190304,-2.05177065676122,-0.951770656761216,0
8.62,5.13571462818083,0.513571462818083,-2.05428585127233,-0.95428585127233,0
8.625,5.13328326483264,0.513328326483264,-2.05331330593306,-0.953313305933057,0
8.63,5.15306771730384,0.515306771730384,-2.06122708692154,-0.961227086921535,0
8.635,5.15230668564318,0.515230668564318,-2.06092267425727,-0.960922674257273,0
8.64,5.13167003860903,0.513167003860903,-2.05266801544361,-0.952668015443611,0
8.645,5.19360458954214,0.519360458954214,-2.07744183581686,-0.977441835816857,0
8.65,5.19069219833117,0.519069219833116,-2.07627687933247,-0.976276879332466,0
8.655,5.18496862482659,0.518496862482659,-2.07398744993064,-0.973987449930635,0
8.66,5.20691905721392,0.520691905721392,-2.08276762288557,-0.982767622885567,0
8.665,5.22434063174048,0.522434063174048,-2.08973625269619,-0.989736252696192,0
8.67,5.21620460972388,0.521620460972388,-2.08648184388955,-0.986481843889551,0
8.675,5.22499847558859,0.522499847558859,-2.08999939023544,-0.989999390235435,0
8.68,5.22935664476357,0.522935664476357,-2.09174265790543,-0.99174265790543,0
8.685,5.26584491771851,0.526584491771851,-2.10633796708741,-1.00633796708741,0
8.69,5.27100643386788,0.527100643386788,-2.10840257354715,-1.00840257354715,0
8.695,5.2927389681693,0.52927389681693,-2.11709558726772,-1.01709558726772,0
8.7,5.32673853362489,0.532673853362489,-2.13069541344995,-1.03069541344995,0
8.705,5.35170123777939,0.535170123777939,-2.14068049511176,-1.04068049511176,0
8.71,5.36252136533673,0.536252136533673,-2.14500854613469,-1.04500854613469,0
8.715,5.41482858882684,0.541482858882684,-2.16593143553074,-1.06593143553074,0
8.72,5.4221613202255,0.54221613202255,-2.1688645280902,-1.0688645280902,0
8.725,5.43090023129711,0.543090023129711,-2.17236009251885,-1.07236009251885,0
8.73,5.43974751937946,0.543974751937946,-2.17589900775178,-1.07589900775178,0
8.735,5.47528106325966,0.547528106325966,-2.19011242530386,-1.09011242530386,0
8.74,5.51739675330902,0.551739675330902,-2.20695870132361,-1.10695870132361,0
8.745,5.51262791834174,0.551262791834174,-2.2050511673367,-1.1050511673367,0
8.75,5.53905807245914,0.553905807245914,-2.21562322898366,-1.11562322898366,0
8.755,5.51623622023844,0.551623622023844,-2.20649448809538,-1.10649448809538,0
8.76,5.5036393168565,0.55036393168565,-2.2014557267426,-1.1014557267426,0
8.765,5.51760543292799,0.551760543292799,-2.2070421731712,-1.1070421731712,0
8.77,5.53466373237851,0.553466373237851,-2.2138654929514,-1.1138654929514,0
8.775,5.54909263054818,0.554909263054818,-2.21963705221927,-1.11963705221927,0
8.78,5.56533462641811,0.556533462641811,-2.22613385056724,-1.12613385056724,0
8.785,5.58052631130486,0.558052631130486,-2.23221052452194,-1.13221052452194,0
8.79,5.56677884205972,0.556677884205972,-2.22671153682389,-1.12671153682389,0
8.795,5.55609742836951,0.555609742836951,-2.2224389713478,-1.1224389713478,0
8.8,5.54829601829548,0.554829601829548,-2.21931840731819,-1.11931840731819,0
8.805,5.58894889239117,0.558894889239117,-2.23557955695647,-1.13557955695647,0
8.81,5.56458337950628,0.556458337950628,-2.22583335180251,-1.12583335180251,0
8.815,5.6067495090433,0.56067495090433,-2.24269980361732,-1.14269980361732,0
8.82,5.59224107952854,0.559224107952854,-2.23689643181141,-1.13689643181141,0
8.825,5.62409403481629,0.562409403481629,-2.24963761392652,-1.14963761392652,0
8.83,5.58397859906877,0.558397859906877,-2.23359143962751,-1.13359143962751,0
8.835,5.57816993121136,0.557816993121136,-2.23126797248455,-1.13126797248455,0
8.84,5.61029822394583,0.561029822394583,-2.24411928957833,-1.14411928957833,0
8.845,5.5968557751187,0.55968557751187,-2.23874231004748,-1.13874231004748,0
8.85,5.61092558635404,0.561092558635404,-2.24437023454162,-1.14437023454162,0
8.855,5.60115384947675,0.560115384947675,-2.2404615397907,-1.1404615397907,0
8.86,5.60154291171277,0.560154291171277,-2.24061716468511,-1.14061716468511,0
8.865,5.60747418630486,0.560747418630486,-2.24298967452194,-1.14298967452194,0
8.87,5.56020631180265,0.556020631180265,-2.22408252472106,-1.12408252472106,0
8.875,5.533943345699,0.5533943345699,-2.2135773382796,-1.1135773382796,0
8.88,5.5696626004378,0.55696626004378,-2.22786504017512,-1.12786504017512,0
8.885,5.57284104269957,0.557284104269957,-2.22913641707983,-1.12913641707983,0
8.89,5.55336131979281,0.555336131979281,-2.22134452791712,-1.12134452791712,0
8.895,5.55472048043472,0.555472048043472,-2.22188819217389,-1.12188819217389,0
8.9,5.55225735849894,0.555225735849894,-2.22090294339958,-1.12090294339958,0
8.905,5.53213149251652,0.553213149251652,-2.21285259700661,-1.11285259700661,0
8.91,5.53067533118275,0.553067533118275,-2.2122701324731,-1.1122701324731,0
8.915,5.53667986340916,0.553667986340916,-2.21467194536367,-1.11467194536367,0
8.92,5.56795469061568,0.556795469061568,-2.22718187624627,-1.12718187624627,0
8.925,5.57340809089152,0.557340809089152,-2.22936323635661,-1.12936323635661,0
8.93,5.55585252923129,0.555585252923129,-2.22234101169252,-1.12234101169252,0
8.935,5.5540175326687,0.55540175326687,-2.22160701306748,-1.12160701306748,0
8.94,5.5283321159314,0.55283321159314,-2.21133284637256,-1.11133284637256,0
8.945,5.5310613670909,0.55310613670909,-2.21242454683636,-1.11242454683636,0
8.95,5.50759621644123,0.550759621644123,-2.20303848657649,-1.10303848657649,0
8.955,5.46971106894814,0.546971106894814,-2.18788442757926,-1.08788442757925,0
8.96,5.44993187759593,0.544993187759593,-2.17997275103837,-1.07997275103837,0
8.965,5.44556603689642,0.544556603689642,-2.17822641475857,-1.07822641475857,0
8.97,5.44719685194194,0.544719685194194,-2.17887874077677,-1.07887874077677,0
8.975,5.42278423218693,0.542278423218693,-2.16911369287477,-1.06911369287477,0
8.98,5.4088473973688,0.54088473973688,-2.16353895894752,-1.06353895894752,0
8.985,5.41946074256313,0.541946074256313,-2.16778429702525,-1.06778429702525,0
8.99,5.41757790807866,0.541757790807866,-2.16703116323146,-1.06703116323146,0
8.995,5.38047447148851,0.538047447148851,-2.15218978859541,-1.05218978859541,0
9,5.38540225715796,0.538540225715796,-2.15416090286318,-1.05416090286318,0
9.005,5.37374381949933,0.537374381949933,-2.14949752779973,-1.04949752779973,0
9.01,5.35279092809068,0.535279092809068,-2.14111637123627,-1.04111637123627,0
9.015,5.36069128214928,0.536069128214928,-2.14427651285971,-1.04427651285971,0
9.02,5.34768616162521,0.534768616162521,-2.13907446465009,-1.03907446465009,0
9.025,5.35910418145654,0.535910418145654,-2.14364167258261,-1.04364167258261,0
9.03,5.38885977738768,0.538885977738768,-2.15554391095507,-1.05554391095507,0
9.035,5.41803446083218,0.541803446083219,-2.16721378433287,-1.06721378433287,0
9.04,5.39764143862737,0.539764143862737,-2.15905657545095,-1.05905657545095,0
9.045,5.43010632266526,0.543010632266526,-2.1720425290661,-1.0720425290661,0
9.05,5.44851173387596,0.544851173387596,-2.17940469355038,-1.07940469355038,0
9.055,5.45948640457829,0.545948640457829,-2.18379456183132,-1.08379456183132,0
9.06,5.45386460316235,0.545386460316235,-2.18154584126494,-1.08154584126494,0
9.065,5.43559881851548,0.543559881851548,-2.17423952740619,-1.07423952740619,0
9.07,5.43163458921693,0.543163458921693,-2.17265383568677,-1.07265383568677,0
9.075,5.45774709880101,0.545774709880101,-2.1830988395204,-1.0830988395204,0
9.08,5.42466755840032,0.542466755840032,-2.16986702336013,-1.06986702336013,0
9.085,5.44600218874345,0.544600218874345,-2.17840087549738,-1.07840087549738,0
9.09,5.4304322277377,0.54304322277377,-2.17217289109508,-1.07217289109508,0
9.095,5.4380059877225,0.54380059877225,-2.175202395089,-1.075202395089,0
9.1,5.46960619799832,0.546960619799832,-2.18784247919933,-1.08784247919933,0
9.105,5.47244254921046,0.547244254921046,-2.18897701968419,-1.08897701968419,0
9.11,5.4743555189835,0.54743555189835,-2.1897422075934,-1.0897422075934,0
9.115,5.496277575656,0.5496277575656,-2.1985110302624,-1.0985110302624,0
9.12,5.50206478632213,0.550206478632213,-2.20082591452885,-1.10082591452885,0
9.125,5.51551045218939,0.551551045218939,-2.20620418087576,-1.10620418087576,0
9.13,5.47829270776827,0.547829270776827,-2.19131708310731,-1.09131708310731,0
9.135,5.45188150982529,0.545188150982529,-2.18075260393012,-1.08075260393012,0
9.14,5.44691308199389,0.544691308199389,-2.17876523279756,-1.07876523279756,0
9.145,5.47031227986793,0.547031227986793,-2.18812491194717,-1.08812491194717,0
9.15,5.49317464374685,0.549317464374685,-2.19726985749874,-1.09726985749874,0
9.155,5.50175428186758,0.550175428186758,-2.20070171274703,-1.10070171274703,0
9.16,5.47789060775268,0.547789060775268,-2.19115624310107,-1.09115624310107,0
9.165,5.46828595036657,0.546828595036657,-2.18731438014663,-1.08731438014663,0
9.17,5.50135966320393,0.550135966320393,-2.20054386528157,-1.10054386528157,0
9.175,5.51821394986801,0.551821394986801,-2.2072855799472,-1.1072855799472,0
9.18,5.50300812808051,0.550300812808051,-2.20120325123221,-1.10120325123221,0
9.185,5.49729079270148,0.549729079270148,-2.19891631708059,-1.09891631708059,0
9.19,5.49387020485985,0.549387020485985,-2.19754808194394,-1.09754808194394,0
9.195,5.47337939304263,0.547337939304263,-2.18935175721705,-1.08935175721705,0
9.2,5.48442883797769,0.548442883797769,-2.19377153519108,-1.09377153519108,0
9.205,5.48941713617838,0.548941713617838,-2.19576685447135,-1.09576685447135,0
9.21,5.50499155328268,0.550499155328268,-2.20199662131307,-1.10199662131307,0
9.215,5.51071715824751,0.551071715824751,-2.204286863299,-1.104286863299,0
9.22,5.53541286769887,0.553541286769887,-2.21416514707955,-1.11416514707955,0
9.225,5.51628252029715,0.551628252029715,-2.20651300811886,-1.10651300811886,0
9.23,5.53271955585716,0.553271955585716,-2.21308782234286,-1.11308782234286,0
9.235,5.52101368190839,0.552101368190839,-2.20840547276336,-1.10840547276336,0
9.24,5.52001926589176,0.552001926589176,-2.2080077063567,-1.1080077063567,0
9.245,5.5553334081239,0.55553334081239,-2.22213336324956,-1.12213336324956,0
9.25,5.51034625551542,0.551034625551542,-2.20413850220617,-1.10413850220617,0
9.255,5.53054702750135,0.553054702750135,-2.21221881100054,-1.11221881100054,0
9.26,5.54707005732149,0.554707005732148,-2.21882802292859,-1.11882802292859,0
9.265,5.50727480050187,0.550727480050187,-2.20290992020075,-1.10290992020075,0
9.27,5.51349673154767,0.551349673154767,-2.20539869261907,-1.10539869261907,0
9.275,5.53415839892137,0.553415839892137,-2.21366335956855,-1.11366335956855,0
9.28,5.57843626947136,0.557843626947136,-2.23137450778855,-1.13137450778855,0
9.285,5.62075260098935,0.562075260098935,-2.24830104039574,-1.14830104039574,0
9.29,5.61522444255104,0.561522444255104,-2.24608977702041,-1.14608977702041,0
9.295,5.60644006268504,0.560644006268504,-2.24257602507402,-1.14257602507402,0
9.3,5.60457727888321,0.560457727888321,-2.24183091155328,-1.14183091155328,0
9.305,5.61247996939495,0.561247996939495,-2.24499198775798,-1.14499198775798,0
9.31,5.61843986696055,0.561843986696055,-2.24737594678422,-1.14737594678422,0
9.315,5.6457348170113,0.56457348170113,-2.25829392680452,-1.15829392680452,0
9.32,5.64291566134621,0.564291566134621,-2.25716626453848,-1.15716626453848,0
9.325,5.63708545976682,0.563708545976682,-2.25483418390673,-1.15483418390673,0
9.33,5.62457680575154,0.562457680575154,-2.24983072230061,-1.14983072230061,0
9.335,5.58410619572246,0.558410619572246,-2.23364247828898,-1.13364247828898,0
9.34,5.58144243513946,0.558144243513946,-2.23257697405578,-1.13257697405578,0
9.345,5.56935584074096,0.556935584074096,-2.22774233629638,-1.12774233629638,0
9.35,5.59048053110012,0.559048053110012,-2.23619221244005,-1.13619221244005,0
9.355,5.57937240815599,0.557937240815599,-2.2317489632624,-1.1317489632624,0
9.36,5.57010868141472,0.557010868141472,-2.22804347256589,-1.12804347256589,0
9.365,5.53899194127763,0.553899194127763,-2.21559677651105,-1.11559677651105,0
9.37,5.54904403143617,0.554904403143617,-2.21961761257447,-1.11961761257447,0
9.375,5.49446212507762,0.549446212507762,-2.19778485003105,-1.09778485003105,0
9.38,5.48919164756994,0.548919164756994,-2.19567665902798,-1.09567665902798,0
9.385,5.49972460287522,0.549972460287522,-2.19988984115009,-1.09988984115009,0
9.39,5.50563936747931,0.550563936747931,-2.20225574699172,-1.10225574699172,0
9.395,5.48531213001279,0.548531213001279,-2.19412485200512,-1.09412485200512,0
9.4,5.45872657380812,0.545872657380812,-2.18349062952325,-1.08349062952325,0
9.405,5.46810779808665,0.546810779808665,-2.18724311923466,-1.08724311923466,0
9.41,5.43447178016429,0.543447178016429,-2.17378871206572,-1.07378871206572,0
9.415,5.43725340957961,0.543725340957962,-2.17490136383185,-1.07490136383185,0
9.42,5.44394601706334,0.544394601706334,-2.17757840682534,-1.07757840682534,0
9.425,5.44940550201506,0.544940550201506,-2.17976220080602,-1.07976220080602,0
9.43,5.41750995214708,0.541750995214708,-2.16700398085883,-1.06700398085883,0
9.435,5.40343772948735,0.540343772948735,-2.16137509179494,-1.06137509179494,0
9.44,5.41379599391228,0.541379599391228,-2.16551839756491,-1.06551839756491,0
9.445,5.39328188147904,0.539328188147904,-2.15731275259161,-1.05731275259161,0
9.45,5.36946625286404,0.536946625286404,-2.14778650114561,-1.04778650114561,0
9.455,5.40311310973266,0.540311310973266,-2.16124524389306,-1.06124524389306,0
9.46,5.39767901011718,0.539767901011718,-2.15907160404687,-1.05907160404687,0
9.465,5.42688120585216,0.542688120585216,-2.17075248234086,-1.07075248234086,0
9.47,5.41090336328306,0.541090336328306,-2.16436134531322,-1.06436134531322,0
9.475,5.41990149908128,0.541990149908128,-2.16796059963251,-1.06796059963251,0
9.48,5.39091049670277,0.539091049670277,-2.15636419868111,-1.05636419868111,0
9.485,5.41603026520225,0.541603026520225,-2.1664121060809,-1.0664121060809,0
9.49,5.42102368470768,0.542102368470768,-2.16840947388307,-1.06840947388307,0
9.495,5.41591957248713,0.541591957248713,-2.16636782899485,-1.06636782899485,0
9.5,5.41458722990813,0.541458722990813,-2.16583489196325,-1.06583489196325,0
9.505,5.40836754351051,0.540836754351051,-2.1633470174042,-1.0633470174042,0
9.51,5.44035993997416,0.544035993997416,-2.17614397598966,-1.07614397598966,0
9.515,5.44287383444461,0.544287383444461,-2.17714953377785,-1.07714953377785,0
9.52,5.45630918414181,0.545630918414181,-2.18252367365672,-1.08252367365672,0
9.525,5.44334655408577,0.544334655408577,-2.17733862163431,-1.07733862163431,0
9.53,5.42598449013567,0.542598449013567,-2.17039379605427,-1.07039379605427,0
9.535,5.42259914693953,0.542259914693953,-2.16903965877581,-1.06903965877581,0
9.54,5.39986385586743,0.539986385586743,-2.15994554234697,-1.05994554234697,0
9.545,5.37939602988254,0.537939602988254,-2.15175841195302,-1.05175841195302,0
9.55,5.35518094495722,0.535518094495722,-2.14207237798289,-1.04207237798289,0
9.555,5.39135090060436,0.539135090060436,-2.15654036024175,-1.05654036024174,0
9.56,5.38399833688467,0.538399833688467,-2.15359933475387,-1.05359933475387,0
9.565,5.36607942372778,0.536607942372778,-2.14643176949111,-1.04643176949111,0
9.57,5.3820535611966,0.53820535611966,-2.15282142447864,-1.05282142447864,0
9.575,5.37378345274335,0.537378345274335,-2.14951338109734,-1.04951338109734,0
9.58,5.35666762340612,0.535666762340612,-2.14266704936245,-1.04266704936245,0
9.585,5.27369866752832,0.527369866752832,-2.10947946701133,-1.00947946701133,0
9.59,5.25192338719622,0.525192338719622,-2.10076935487849,-1.00076935487849,0
9.595,5.24070011353217,0.524070011353217,-2.09628004541287,-0.996280045412866,0
9.6,5.22173789137634,0.522173789137634,-2.08869515655054,-0.988695156550538,0
9.605,5.22430143169832,0.522430143169832,-2.08972057267933,-0.989720572679329,0
9.61,5.2095281770385,0.52095281770385,-2.0838112708154,-0.983811270815401,0
9.615,5.20183143185228,0.520183143185228,-2.08073257274091,-0.980732572740914,0
9.62,5.23245059807188,0.523245059807188,-2.09298023922875,-0.992980239228753,0
9.625,5.22390159110857,0.522390159110857,-2.08956063644343,-0.989560636443429,0
9.63,5.20863774110682,0.520863774110682,-2.08345509644273,-0.983455096442726,0
9.635,5.21113463539676,0.521113463539676,-2.0844538541587,-0.984453854158703,0
9.64,5.19599894629331,0.519599894629331,-2.07839957851732,-0.978399578517324,0
9.645,5.23250236922504,0.523250236922504,-2.09300094769001,-0.993000947690015,0
9.65,5.21194136060541,0.521194136060541,-2.08477654424217,-0.984776544242165,0
9.655,5.22677774489038,0.522677774489038,-2.09071109795615,-0.990711097956153,0
9.66,5.21449026440337,0.521449026440337,-2.08579610576135,-0.985796105761347,0
9.665,5.18380121148494,0.518380121148494,-2.07352048459398,-0.973520484593977,0
9.67,5.1698555663723,0.51698555663723,-2.06794222654892,-0.967942226548919,0
9.675,5.17626367471809,0.517626367471809,-2.07050546988724,-0.970505469887238,0
9.68,5.18751439017127,0.518751439017127,-2.07500575606851,-0.975005756068508,0
9.685,5.14657194196803,0.514657194196803,-2.05862877678721,-0.958628776787211,0
9.69,5.13574215679589,0.513574215679589,-2.05429686271836,-0.954296862718356,0
9.695,5.14670834079028,0.514670834079028,-2.05868333631611,-0.958683336316114,0
9.7,5.15738197958286,0.515738197958286,-2.06295279183314,-0.962952791833144,0
9.705,5.15560064612893,0.515560064612893,-2.06224025845157,-0.962240258451571,0
9.71,5.1473154675367,0.51473154675367,-2.05892618701468,-0.95892618701468,0
9.715,5.15691219956305,0.515691219956305,-2.06276487982522,-0.962764879825222,0
9.72,5.13991463861369,0.51399146386137,-2.05596585544548,-0.955965855445478,0
9.725,5.14938622734227,0.514938622734227,-2.05975449093691,-0.95975449093691,0
9.73,5.14407314186522,0.514407314186522,-2.05762925674609,-0.957629256746087,0
9.735,5.15832469989244,0.515832469989244,-2.06332987995697,-0.963329879956975,0
9.74,5.13883145166029,0.513883145166029,-2.05553258066412,-0.955532580664115,0
9.745,5.08932006154828,0.508932006154828,-2.03572802461931,-0.935728024619313,0
9.75,5.08027859944469,0.508027859944469,-2.03211143977788,-0.932111439777877,0
9.755,5.06754193088256,0.506754193088256,-2.02701677235303,-0.927016772353025,0
9.76,5.04843433733276,0.504843433733276,-2.0193737349331,-0.919373734933104,0
9.765,5.05952441520434,0.505952441520435,-2.02380976608174,-0.923809766081738,0
9.77,5.03146367659778,0.503146367659778,-2.01258547063911,-0.912585470639114,0
9.775,5.01465775676285,0.501465775676285,-2.00586310270514,-0.905863102705141,0
9.78,5.00710057124009,0.500710057124009,-2.00284022849604,-0.902840228496037,0
9.785,4.96074045956822,0.496074045956822,-1.98429618382729,-0.884296183827287,0
9.79,4.95057901660347,0.495057901660347,-1.98023160664139,-0.880231606641387,0
9.795,4.93196650185962,0.493196650185962,-1.97278660074385,-0.872786600743846,0
9.8,4.9146748585551,0.491467485855511,-1.96586994342204,-0.865869943422042,0
9.805,4.93073071128413,0.493073071128413,-1.97229228451365,-0.872292284513651,0
9.81,4.91731014771066,0.491731014771066,-1.96692405908427,-0.866924059084266,0
9.815,4.8864077183564,0.48864077183564,-1.95456308734256,-0.854563087342559,0
9.82,4.89416912211646,0.489416912211646,-1.95766764884658,-0.857667648846582,0
9.825,4.9006183641159,0.49006183641159,-1.96024734564636,-0.860247345646361,0
9.83,4.86957488464154,0.486957488464155,-1.94782995385662,-0.847829953856618,0
9.835,4.86111524873868,0.486111524873868,-1.94444609949547,-0.844446099495472,0
9.84,4.82323267131856,0.482323267131856,-1.92929306852742,-0.829293068527425,0
9.845,4.84902318904351,0.484902318904352,-1.93960927561741,-0.839609275617406,0
9.85,4.86146874901832,0.486146874901832,-1.94458749960733,-0.844587499607326,0
9.855,4.87309361276876,0.487309361276876,-1.9492374451075,-0.849237445107502,0
9.86,4.87379164286644,0.487379164286644,-1.94951665714657,-0.849516657146575,0
9.865,4.83976027538948,0.483976027538948,-1.93590411015579,-0.835904110155791,0
9.87,4.84262304947219,0.484262304947219,-1.93704921978888,-0.837049219788877,0
9.875,4.83281937697496,0.483281937697496,-1.93312775078998,-0.833127750789985,0
9.88,4.83256904273836,0.483256904273836,-1.93302761709534,-0.833027617095343,0
9.885,4.8222886359965,0.48222886359965,-1.9289154543986,-0.8289154543986,0
9.89,4.82719207278781,0.482719207278781,-1.93087682911512,-0.830876829115125,0
9.895,4.82464763751398,0.482464763751398,-1.92985905500559,-0.829859055005592,0
9.9,4.78782533808927,0.478782533808927,-1.91513013523571,-0.815130135235707,0
9.905,4.75451097849222,0.475451097849222,-1.90180439139689,-0.801804391396888,0
9.91,4.77089918599714,0.477089918599714,-1.90835967439886,-0.808359674398857,0
9.915,4.74076106868437,0.474076106868437,-1.89630442747375,-0.796304427473749,0
9.92,4.71846861641313,0.471846861641313,-1.88738744656525,-0.787387446565254,0
9.925,4.70365097865335,0.470365097865335,-1.88146039146134,-0.78146039146134,0
9.93,4.71442262203704,0.471442262203704,-1.88576904881481,-0.785769048814814,0
9.935,4.72279644566016,0.472279644566016,-1.88911857826406,-0.789118578264063,0
9.94,4.73696877071832,0.473696877071832,-1.89478750828733,-0.794787508287329,0
9.945,4.74179478802187,0.474179478802187,-1.89671791520875,-0.796717915208749,0
9.95,4.73821475256687,0.473821475256687,-1.89528590102675,-0.79528590102675,0
9.955,4.73856290561636,0.473856290561636,-1.89542516224654,-0.795425162246544,0
9.96,4.75672782593359,0.475672782593359,-1.90269113037344,-0.802691130373436,0
9.965,4.76206467406076,0.476206467406076,-1.9048258696243,-0.804825869624305,0
9.97,4.74447780647177,0.474447780647177,-1.89779112258871,-0.797791122588708,0
9.975,4.72389399440048,0.472389399440048,-1.88955759776019,-0.789557597760193,0
9.98,4.74785958266013,0.474785958266013,-1.89914383306405,-0.799143833064053,0
9.985,4.78213722526384,0.478213722526384,-1.91285489010553,-0.812854890105534,0
9.99,4.77593866991967,0.477593866991967,-1.91037546796787,-0.810375467967867,0
9.995,4.76539467333567,0.476539467333567,-1.90615786933427,-0.806157869334269,0
10,4.72444528446093,0.472444528446093,-1.88977811378437,-0.789778113784373,0
10.005,4.69636654303623,0.469636654303623,-1.87854661721449,-0.778546617214493,0
10.01,4.70335137268313,0.470335137268313,-1.88134054907325,-0.78134054907325,0
10.015,4.70259964039134,0.470259964039134,-1.88103985615654,-0.781039856156535,0
10.02,4.68230843920553,0.468230843920553,-1.87292337568221,-0.77292337568221,0
10.025,4.70436845114638,0.470436845114638,-1.88174738045855,-0.781747380458553,0
10.03,4.72762401133749,0.472762401133749,-1.891049604535,-0.791049604534997,0
10.035,4.7239017999133,0.47239017999133,-1.88956071996532,-0.789560719965322,0
10.04,4.68935546382286,0.468935546382286,-1.87574218552914,-0.775742185529144,0
10.045,4.68786157389131,0.468786157389131,-1.87514462955652,-0.775144629556525,0
10.05,4.7243827834763,0.47243827834763,-1.88975311339052,-0.789753113390518,0
10.055,4.68402509586173,0.468402509586173,-1.87361003834469,-0.773610038344693,0
10.06,4.66158469903637,0.466158469903637,-1.86463387961455,-0.764633879614549,0
10.065,4.68718857237173,0.468718857237173,-1.87487542894869,-0.774875428948691,0
10.07,4.69707425275068,0.469707425275068,-1.87882970110027,-0.77882970110027,0
10.075,4.70535558015094,0.470535558015094,-1.88214223206038,-0.782142232060378,0
10.08,4.6908156874602,0.46908156874602,-1.87632627498408,-0.776326274984079,0
10.085,4.6542164017815,0.465421640178151,-1.8616865607126,-0.761686560712602,0
10.09,4.65390976545162,0.465390976545162,-1.86156390618065,-0.761563906180647,0
10.095,4.63759533828645,0.463759533828645,-1.85503813531458,-0.755038135314579,0
10.1,4.64842027659705,0.464842027659705,-1.85936811063882,-0.759368110638819,0
10.105,4.63774272106141,0.463774272106141,-1.85509708842456,-0.755097088424563,0
10.11,4.58724143923383,0.458724143923383,-1.83489657569353,-0.734896575693532,0
10.115,4.60939178575482,0.460939178575482,-1.84375671430193,-0.743756714301929,0
10.12,4.56260548409341,0.456260548409341,-1.82504219363736,-0.725042193637363,0
10.125,4.56885330341543,0.456885330341543,-1.82754132136617,-0.727541321366174,0
10.13,4.52365069004588,0.452365069004588,-1.80946027601835,-0.709460276018354,0
10.135,4.50937537437494,0.450937537437494,-1.80375014974998,-0.703750149749978,0
10.14,4.50802341384778,0.450802341384778,-1.80320936553911,-0.703209365539111,0
10.145,4.54615014509175,0.454615014509175,-1.8184600580367,-0.7184600580367,0
10.15,4.54206748513411,0.454206748513411,-1.81682699405364,-0.716826994053644,0
10.155,4.53966662015397,0.453966662015397,-1.81586664806159,-0.715866648061587,0
10.16,4.55013121552374,0.455013121552374,-1.8200524862095,-0.720052486209495,0
10.165,4.53003302628667,0.453003302628667,-1.81201321051467,-0.712013210514668,0
10.17,4.51795035284664,0.451795035284664,-1.80718014113866,-0.707180141138657,0
10.175,4.48181695413848,0.448181695413848,-1.79272678165539,-0.69272678165539,0
10.18,4.47340700054325,0.447340700054325,-1.7893628002173,-0.689362800217301,0
10.185,4.47850592262056,0.447850592262056,-1.79140236904822,-0.691402369048222,0
10.19,4.47862656676441,0.447862656676441,-1.79145062670576,-0.691450626705764,0
10.195,4.46261940677591,0.446261940677591,-1.78504776271036,-0.685047762710365,0
10.2,4.45128775230177,0.445128775230177,-1.78051510092071,-0.680515100920709,0
10.205,4.45943690498196,0.445943690498196,-1.78377476199279,-0.683774761992786,0
10.21,4.43402834768334,0.443402834768334,-1.77361133907334,-0.673611339073337,0
10.215,4.39989145302089,0.439989145302089,-1.75995658120836,-0.659956581208357,0
10.22,4.40857485298589,0.440857485298589,-1.76342994119436,-0.663429941194356,0
10.225,4.42687875194534,0.442687875194534,-1.77075150077814,-0.670751500778137,0
10.23,4.42189190181393,0.442189190181393,-1.76875676072557,-0.668756760725571,0
10.235,4.42755528469424,0.442755528469424,-1.7710221138777,-0.671022113877695,0
10.24,4.38078298194632,0.438078298194632,-1.75231319277853,-0.652313192778527,0
10.245,4.37207546072787,0.437207546072787,-1.74883018429115,-0.648830184291147,0
10.25,4.38289378519677,0.438289378519677,-1.75315751407871,-0.65315751407871,0
10.255,4.3519106118728,0.43519106118728,-1.74076424474912,-0.640764244749118,0
10.26,4.32762059054904,0.432762059054904,-1.73104823621961,-0.631048236219614,0
10.265,4.32685434836855,0.432685434836855,-1.73074173934742,-0.63074173934742,0
10.27,4.2900219767234,0.42900219767234,-1.71600879068936,-0.616008790689361,0
10.275,4.23338931065922,0.423338931065922,-1.69335572426369,-0.593355724263689,0
10.28,4.22967868095436,0.422967868095436,-1.69187147238174,-0.591871472381743,0
10.285,4.23162009521171,0.423162009521171,-1.69264803808468,-0.592648038084683,0
10.29,4.19605405749531,0.419605405749531,-1.67842162299813,-0.578421622998125,0
10.295,4.20215979284631,0.420215979284631,-1.68086391713852,-0.580863917138523,0
10.3,4.18236235864433,0.418236235864433,-1.67294494345773,-0.57294494345773,0
10.305,4.23059628046092,0.423059628046093,-1.69223851218437,-0.59223851218437,0
10.31,4.22867549529162,0.422867549529162,-1.69147019811665,-0.591470198116649,0
10.315,4.21984057574176,0.421984057574176,-1.68793623029671,-0.587936230296706,0
10.32,4.20937080012616,0.420937080012616,-1.68374832005046,-0.583748320050462,0
10.325,4.2222924429559,0.42222924429559,-1.68891697718236,-0.588916977182359,0
10.33,4.2008025950825,0.42008025950825,-1.680321038033,-0.580321038033,0
10.335,4.15551778537615,0.415551778537615,-1.66220711415046,-0.562207114150461,0
10.34,4.09269097837423,0.409269097837423,-1.63707639134969,-0.537076391349694,0
10.345,4.09821565983124,0.409821565983124,-1.6392862639325,-0.539286263932495,0
10.35,4.10659915101908,0.410659915101908,-1.64263966040763,-0.542639660407631,0
10.355,4.12208724005619,0.412208724005619,-1.64883489602247,-0.548834896022475,0
10.36,4.11232193663972,0.411232193663972,-1.64492877465589,-0.544928774655888,0
10.365,4.08495035405626,0.408495035405626,-1.63398014162251,-0.533980141622505,0
10.37,4.08615111459175,0.408615111459175,-1.6344604458367,-0.5344604458367,0
10.375,4.06995999790612,0.406995999790613,-1.62798399916245,-0.52798399916245,0
10.38,4.0604373600713,0.40604373600713,-1.62417494402852,-0.524174944028519,0
10.385,4.0465407330702,0.40465407330702,-1.61861629322808,-0.51861629322808,0
10.39,4.02489645761105,0.402489645761105,-1.60995858304442,-0.50995858304442,0
10.395,3.99634118468718,0.399634118468718,-1.59853647387487,-0.498536473874873,0
10.4,3.99089222565666,0.399089222565666,-1.59635689026266,-0.496356890262664,0
10.405,3.98263256723765,0.398263256723765,-1.59305302689506,-0.493053026895058,0
10.41,3.95081262261585,0.395081262261585,-1.58032504904634,-0.48032504904634,0
10.415,3.98342150803117,0.398342150803117,-1.59336860321247,-0.493368603212468,0
10.42,3.99801316792084,0.399801316792084,-1.59920526716834,-0.499205267168337,0
10.425,3.99228048805648,0.399228048805648,-1.59691219522259,-0.496912195222593,0
10.43,3.99038955410692,0.399038955410692,-1.59615582164277,-0.496155821642768,0
10.435,3.97754585714584,0.397754585714584,-1.59101834285834,-0.491018342858335,0
10.44,3.96430341603656,0.396430341603656,-1.58572136641462,-0.485721366414623,0
10.445,3.97704606735206,0.397704606735206,-1.59081842694082,-0.490818426940823,0
10.45,3.95289376583116,0.395289376583116,-1.58115750633246,-0.481157506332464,0
10.455,3.95343093350909,0.395343093350909,-1.58137237340364,-0.481372373403638,0
10.46,3.95132810852386,0.395132810852386,-1.58053124340954,-0.480531243409543,0
10.465,3.96178927729054,0.396178927729054,-1.58471571091622,-0.484715710916218,0
10.47,3.92364636812281,0.392364636812281,-1.56945854724912,-0.469458547249122,0
10.475,3.93421002348479,0.393421002348479,-1.57368400939392,-0.473684009393917,0
10.48,3.90863256552586,0.390863256552586,-1.56345302621034,-0.463453026210343,0
10.485,3.86865675628233,0.386865675628233,-1.54746270251293,-0.447462702512933,0
10.49,3.87101269306115,0.387101269306115,-1.54840507722446,-0.448405077224459,0
10.495,3.88906126974309,0.388906126974309,-1.55562450789724,-0.455624507897238,0
10.5,3.88993308740603,0.388993308740603,-1.55597323496241,-0.455973234962414,0
10.505,3.86346055742711,0.386346055742711,-1.54538422297084,-0.445384222970845,0
10.51,3.87299867176098,0.387299867176098,-1.54919946870439,-0.449199468704392,0
10.515,3.88274268758963,0.388274268758963,-1.55309707503585,-0.453097075035853,0
10.52,3.91294750212873,0.391294750212873,-1.56517900085149,-0.465179000851493,0
10.525,3.96093387960723,0.396093387960723,-1.58437355184289,-0.484373551842894,0
10.53,3.93750974166666,0.393750974166666,-1.57500389666666,-0.475003896666663,0
10.535,3.89042917655362,0.389042917655362,-1.55617167062145,-0.456171670621449,0
10.54,3.8866193260852,0.38866193260852,-1.55464773043408,-0.454647730434081,0
10.545,3.88806862081136,0.388806862081136,-1.55522744832455,-0.455227448324546,0
10.55,3.91120462728305,0.391120462728305,-1.56448185091322,-0.464481850913222,0
10.555,3.88078669737832,0.388078669737832,-1.55231467895133,-0.452314678951327,0
10.56,3.86958493325485,0.386958493325485,-1.54783397330194,-0.447833973301941,0
10.565,3.84953530100455,0.384953530100455,-1.53981412040182,-0.43981412040182,0
10.57,3.84049424319833,0.384049424319833,-1.53619769727933,-0.436197697279332,0
10.575,3.83183998474405,0.383183998474405,-1.53273599389762,-0.432735993897621,0
10.58,3.83134974651113,0.383134974651113,-1.53253989860445,-0.432539898604452,0
10.585,3.81668805678956,0.381668805678956,-1.52667522271582,-0.426675222715823,0
10.59,3.80655746205751,0.380655746205751,-1.522622984823,-0.422622984823002,0
10.595,3.82140673745362,0.382140673745362,-1.52856269498145,-0.428562694981447,0
10.6,3.82095539732522,0.382095539732522,-1.52838215893009,-0.42838215893009,0
10.605,3.82468211292207,0.382468211292207,-1.52987284516883,-0.42987284516883,0
10.61,3.85741569922031,0.385741569922031,-1.54296627968812,-0.442966279688124,0
10.615,3.87017135593802,0.387017135593802,-1.54806854237521,-0.448068542375208,0
10.62,3.8614443441973,0.38614443441973,-1.54457773767892,-0.44457773767892,0
10.625,3.85842103929778,0.385842103929779,-1.54336841571911,-0.443368415719114,0
10.63,3.84933984864389,0.384933984864389,-1.53973593945755,-0.439735939457554,0
10.635,3.84605580544717,0.384605580544717,-1.53842232217887,-0.438422322178868,0
10.64,3.79961570672792,0.379961570672792,-1.51984628269117,-0.419846282691168,0
10.645,3.80800753628025,0.380800753628025,-1.5232030145121,-0.423203014512101,0
10.65,3.78463818339381,0.378463818339381,-1.51385527335752,-0.413855273357524,0
10.655,3.74854765220561,0.374854765220561,-1.49941906088224,-0.399419060882244,0
10.66,3.73153356214226,0.373153356214226,-1.4926134248569,-0.392613424856904,0
10.665,3.71320595992016,0.371320595992016,-1.48528238396806,-0.385282383968065,0
10.67,3.68309659025714,0.368309659025714,-1.47323863610286,-0.373238636102857,0
10.675,3.67993581072828,0.367993581072828,-1.47197432429131,-0.371974324291312,0
10.68,3.66969830164198,0.366969830164198,-1.46787932065679,-0.367879320656793,0
10.685,3.64267094555994,0.364267094555994,-1.45706837822397,-0.357068378223974,0
10.69,3.62955071914396,0.362955071914396,-1.45182028765758,-0.351820287657584,0
10.695,3.6299424112077,0.36299424112077,-1.45197696448308,-0.351976964483081,0
10.7,3.64149853988683,0.364149853988683,-1.45659941595473,-0.356599415954734,0
10.705,3.65263205514391,0.365263205514391,-1.46105282205757,-0.361052822057566,0
10.71,3.61209880818851,0.361209880818852,-1.44483952327541,-0.344839523275406,0
10.715,3.57362677719871,0.357362677719871,-1.42945071087948,-0.329450710879483,0
10.72,3.57797198083373,0.357797198083373,-1.43118879233349,-0.331188792333493,0
10.725,3.60535995308457,0.360535995308457,-1.44214398123383,-0.342143981233828,0
10.73,3.5881153882887,0.358811538828871,-1.43524615531548,-0.335246155315482,0
10.735,3.53819168710798,0.353819168710798,-1.41527667484319,-0.315276674843192,0
10.74,3.50075456273615,0.350075456273615,-1.40030182509446,-0.300301825094458,0
10.745,3.48604090596143,0.348604090596143,-1.39441636238457,-0.294416362384571,0
10.75,3.52068638983776,0.352068638983776,-1.4082745559351,-0.308274555935103,0
10.755,3.52709908931246,0.352709908931246,-1.41083963572498,-0.310839635724984,0
10.76,3.51860518340444,0.351860518340444,-1.40744207336178,-0.307442073361778,0
10.765,3.48037580326632,0.348037580326632,-1.39215032130653,-0.292150321306527,0
10.77,3.48309215724121,0.348309215724121,-1.39323686289648,-0.293236862896484,0
10.775,3.47768243787089,0.347768243787089,-1.39107297514836,-0.291072975148357,0
10.78,3.43892633660071,0.343892633660071,-1.37557053464029,-0.275570534640285,0
10.785,3.38690853449711,0.338690853449711,-1.35476341379885,-0.254763413798845,0
10.79,3.43991640128182,0.343991640128182,-1.37596656051273,-0.27596656051273,0
10.795,3.46360974884786,0.346360974884786,-1.38544389953914,-0.285443899539142,0
10.8,3.4518909889856,0.34518909889856,-1.38075639559424,-0.280756395594239,0
10.805,3.43678794894109,0.343678794894109,-1.37471517957644,-0.274715179576436,0
10.81,3.44480618059878,0.344480618059878,-1.37792247223951,-0.27792247223951,0
10.815,3.44154628175768,0.344154628175768,-1.37661851270307,-0.276618512703072,0
10.82,3.47458851490733,0.347458851490733,-1.38983540596293,-0.289835405962933,0
10.825,3.45318839202047,0.345318839202047,-1.38127535680819,-0.281275356808186,0
10.83,3.47579372085339,0.347579372085339,-1.39031748834136,-0.290317488341357,0
10.835,3.45012262553651,0.345012262553651,-1.3800490502146,-0.280049050214604,0
10.84,3.47309557801538,0.347309557801538,-1.38923823120615,-0.289238231206153,0
10.845,3.46063956062208,0.346063956062208,-1.38425582424883,-0.284255824248831,0
10.85,3.49105792677211,0.349105792677211,-1.39642317070885,-0.296423170708845,0
10.855,3.49866197161296,0.349866197161296,-1.39946478864518,-0.299464788645184,0
10.86,3.50486613054817,0.350486613054817,-1.40194645221927,-0.301946452219268,0
10.865,3.50426916205666,0.350426916205666,-1.40170766482266,-0.301707664822664,0
10.87,3.50784618044028,0.350784618044028,-1.40313847217611,-0.303138472176113,0
10.875,3.44884024727059,0.344884024727059,-1.37953609890824,-0.279536098908237,0
10.88,3.4163042194223,0.34163042194223,-1.36652168776892,-0.266521687768919,0
10.885,3.41535808617064,0.341535808617064,-1.36614323446826,-0.266143234468256,0
10.89,3.41194075988009,0.341194075988009,-1.36477630395203,-0.264776303952034,0
10.895,3.42260255175761,0.342260255175761,-1.36904102070304,-0.269041020703042,0
10.9,3.41255635802743,0.341255635802743,-1.36502254321097,-0.265022543210971,0
10.905,3.4394716551596,0.34394716551596,-1.37578866206384,-0.275788662063841,0
10.91,3.44902625196996,0.344902625196996,-1.37961050078799,-0.279610500787985,0
10.915,3.42827771498052,0.342827771498052,-1.37131108599221,-0.271311085992208,0
10.92,3.43774753148884,0.343774753148884,-1.37509901259554,-0.275099012595536,0
10.925,3.42704818180865,0.342704818180865,-1.37081927272346,-0.270819272723461,0
10.93,3.42729596223035,0.342729596223035,-1.37091838489214,-0.270918384892141,0
10.935,3.39627739397515,0.339627739397515,-1.35851095759006,-0.258510957590059,0
10.94,3.39423780082415,0.339423780082415,-1.35769512032966,-0.257695120329659,0
10.945,3.38131286501518,0.338131286501518,-1.35252514600607,-0.252525146006072,0
10.95,3.35419117270678,0.335419117270678,-1.34167646908271,-0.24167646908271,0
10.955,3.35621314925044,0.335621314925044,-1.34248525970018,-0.242485259700175,0
10.96,3.33887026725385,0.333887026725385,-1.33554810690154,-0.235548106901541,0
10.965,3.33816851875644,0.333816851875644,-1.33526740750257,-0.235267407502575,0
10.97,3.34909921406608,0.334909921406608,-1.33963968562643,-0.239639685626432,0
10.975,3.34371870699088,0.334371870699089,-1.33748748279635,-0.237487482796354,0
10.98,3.31301740285439,0.331301740285439,-1.32520696114175,-0.225206961141755,0
10.985,3.31638315417741,0.331638315417741,-1.32655326167097,-0.226553261670965,0
10.99,3.30071728870088,0.330071728870088,-1.32028691548035,-0.22028691548035,0
10.995,3.29562539026864,0.329562539026864,-1.31825015610746,-0.218250156107456,0
11,3.29826868960615,0.329826868960615,-1.31930747584246,-0.219307475842461,0
11.005,3.29630283781943,0.329630283781943,-1.31852113512777,-0.218521135127774,0
11.01,3.26856140533001,0.326856140533001,-1.307424562132,-0.207424562132004,0
11.015,3.25543179679111,0.325543179679111,-1.30217271871644,-0.202172718716443,0
11.02,3.25357336716482,0.325357336716482,-1.30142934686593,-0.201429346865928,0
11.025,3.24992340807742,0.324992340807742,-1.29996936323097,-0.199969363230969,0
11.03,3.23054087136711,0.323054087136711,-1.29221634854684,-0.192216348546844,0
11.035,3.23856955155268,0.323856955155268,-1.29542782062107,-0.195427820621071,0
11.04,3.25413191857231,0.325413191857231,-1.30165276742892,-0.201652767428923,0
11.045,3.27814935781913,0.327814935781913,-1.31125974312765,-0.211259743127652,0
11.05,3.28600678407056,0.328600678407056,-1.31440271362823,-0.214402713628225,0
11.055,3.28513260020944,0.328513260020944,-1.31405304008378,-0.214053040083775,0
11.06,3.27100907980428,0.327100907980428,-1.30840363192171,-0.208403631921713,0
11.065,3.25189569821741,0.325189569821741,-1.30075827928696,-0.200758279286964,0
11.07,3.25118888508727,0.325118888508727,-1.30047555403491,-0.200475554034907,0
11.075,3.24443125143958,0.324443125143958,-1.29777250057583,-0.197772500575832,0
11.08,3.22283149449457,0.322283149449457,-1.28913259779783,-0.189132597797826,0
11.085,3.18912673008962,0.318912673008962,-1.27565069203585,-0.175650692035847,0
11.09,3.16408068813305,0.316408068813305,-1.26563227525322,-0.165632275253218,0
11.095,3.15396299907677,0.315396299907677,-1.26158519963071,-0.161585199630707,0
11.1,3.12160132273358,0.312160132273358,-1.24864052909343,-0.148640529093433,0
11.105,3.1257792816888,0.31257792816888,-1.25031171267552,-0.15031171267552,0
11.11,3.14209603170932,0.314209603170932,-1.25683841268373,-0.156838412683729,0
11.115,3.11347857211824,0.311347857211824,-1.24539142884729,-0.145391428847295,0
11.12,3.1057844049882,0.31057844049882,-1.24231376199528,-0.142313761995281,0
11.125,3.11823971613224,0.311823971613224,-1.24729588645289,-0.147295886452894,0
11.13,3.12128706308314,0.312128706308314,-1.24851482523325,-0.148514825233255,0
11.135,3.1264344028889,0.31264344028889,-1.25057376115556,-0.150573761155562,0
11.14,3.15090671271401,0.315090671271401,-1.26036268508561,-0.160362685085605,0
11.145,3.13940188448317,0.313940188448317,-1.25576075379327,-0.155760753793267,0
11.15,3.1327466601083,0.31327466601083,-1.25309866404332,-0.153098664043318,0
11.155,3.14384404716601,0.314384404716601,-1.2575376188664,-0.157537618866404,0
11.16,3.14899349541179,0.314899349541179,-1.25959739816472,-0.159597398164717,0
11.165,3.15050285986875,0.315050285986875,-1.2602011439475,-0.160201143947499,0
11.17,3.13109079782697,0.313109079782697,-1.25243631913079,-0.152436319130787,0
11.175,3.10501864435416,0.310501864435416,-1.24200745774166,-0.142007457741662,0
11.18,3.10505951239441,0.310505951239441,-1.24202380495777,-0.142023804957766,0
11.185,3.08971536263217,0.308971536263217,-1.23588614505287,-0.135886145052869,0
11.19,3.09551225049963,0.309551225049963,-1.23820490019985,-0.138204900199852,0
11.195,3.11586246203918,0.311586246203918,-1.24634498481567,-0.146344984815671,0
11.2,3.09649509155183,0.309649509155183,-1.23859803662073,-0.13859803662073,0
11.205,3.10602058179386,0.310602058179386,-1.24240823271754,-0.142408232717542,0
11.21,3.07725927300878,0.307725927300878,-1.23090370920351,-0.130903709203513,0
11.215,3.06602358788762,0.306602358788762,-1.22640943515505,-0.126409435155049,0
11.22,3.06933499778738,0.306933499778738,-1.22773399911495,-0.127733999114952,0
11.225,3.04970278040699,0.304970278040699,-1.2198811121628,-0.119881112162798,0
11.23,3.03011851393534,0.303011851393534,-1.21204740557414,-0.112047405574135,0
11.235,3.05226366150314,0.305226366150314,-1.22090546460126,-0.120905464601257,0
11.24,3.03630914918204,0.303630914918204,-1.21452365967281,-0.114523659672814,0
11.245,3.06696520587779,0.306696520587779,-1.22678608235112,-0.126786082351117,0
11.25,3.03820776915086,0.303820776915086,-1.21528310766034,-0.115283107660345,0
11.255,3.03174523993824,0.303174523993824,-1.2126980959753,-0.112698095975297,0
11.26,2.98072448297253,0.298072448297253,-1.19228979318901,-0.0922897931890121,0
11.265,2.94042945358528,0.294042945358528,-1.17617178143411,-0.0761717814341105,0
11.27,2.923149780871,0.2923149780871,-1.1692599123484,-0.0692599123484006,0
11.275,2.94502813463994,0.294502813463994,-1.17801125385598,-0.0780112538559765,0
11.28,2.97753266819275,0.297753266819275,-1.1910130672771,-0.0910130672770992,0
11.285,2.98646450841092,0.298646450841092,-1.19458580336437,-0.0945858033643676,0
11.29,2.98849140330178,0.298849140330178,-1.19539656132071,-0.0953965613207131,0
11.295,2.99417984805393,0.299417984805393,-1.19767193922157,-0.0976719392215726,0
11.3,2.99025088446706,0.299025088446706,-1.19610035378682,-0.0961003537868221,0
11.305,2.98677865158864,0.298677865158864,-1.19471146063546,-0.0947114606354553,0
11.31,2.97763644542337,0.297763644542337,-1.19105457816935,-0.091054578169349,0
11.315,2.97806821633773,0.297806821633773,-1.19122728653509,-0.0912272865350903,0
11.32,2.98776600746226,0.298776600746226,-1.1951064029849,-0.0951064029849022,0
11.325,2.99113365033019,0.299113365033019,-1.19645346013208,-0.096453460132075,0
11.33,3.01885411268827,0.301885411268827,-1.20754164507531,-0.107541645075309,0
11.335,2.99808649256245,0.299808649256245,-1.19923459702498,-0.0992345970249797,0
11.34,2.94228847824127,0.294228847824127,-1.17691539129651,-0.0769153912965095,0
11.345,2.94566027287789,0.294566027287789,-1.17826410915116,-0.0782641091511562,0
11.35,2.92334392363747,0.292334392363747,-1.16933756945499,-0.0693375694549885,0
11.355,2.90268940568198,0.290268940568198,-1.16107576227279,-0.0610757622727918,0
11.36,2.92561534370487,0.292561534370487,-1.17024613748195,-0.070246137481947,0
11.365,2.9325519149171,0.29325519149171,-1.17302076596684,-0.0730207659668409,0
11.37,2.89743483364761,0.289743483364761,-1.15897393345904,-0.0589739334590429,0
11.375,2.89739564811598,0.289739564811598,-1.15895825924639,-0.05895825924639,0
11.38,2.90927934400587,0.290927934400587,-1.16371173760235,-0.0637117376023466,0
11.385,2.91214163060854,0.291214163060854,-1.16485665224341,-0.0648566522434149,0
11.39,2.95331873944648,0.295331873944648,-1.18132749577859,-0.0813274957785934,0
11.395,2.97356563811174,0.297356563811174,-1.18942625524469,-0.0894262552446945,0
11.4,2.99110676188507,0.299110676188507,-1.19644270475403,-0.0964427047540288,0
11.405,3.00926183042714,0.300926183042714,-1.20370473217086,-0.103704732170858,0
11.41,3.02463856354362,0.302463856354362,-1.20985542541745,-0.109855425417448,0
11.415,2.99215736124928,0.299215736124928,-1.19686294449971,-0.0968629444997104,0
11.42,3.00860412097354,0.300860412097354,-1.20344164838942,-0.103441648389416,0
11.425,3.02975777487657,0.302975777487658,-1.21190310995063,-0.11190310995063,0
11.43,3.03179379035949,0.303179379035949,-1.2127175161438,-0.112717516143797,0
11.435,3.00892318715912,0.300892318715912,-1.20356927486365,-0.103569274863647,0
11.44,2.99785392993603,0.299785392993603,-1.19914157197441,-0.09914157197441,0
11.445,2.98642481415032,0.298642481415032,-1.19456992566013,-0.0945699256601267,0
11.45,2.9292511867237,0.29292511867237,-1.17170047468948,-0.0717004746894789,0
11.455,2.93793501827499,0.293793501827499,-1.17517400731,-0.0751740073099971,0
11.46,2.92451204273906,0.292451204273906,-1.16980481709563,-0.0698048170956256,0
11.465,2.92153853267339,0.29215385326734,-1.16861541306936,-0.0686154130693579,0
11.47,2.92596522643091,0.292596522643091,-1.17038609057236,-0.0703860905723623,0
11.475,2.9226336182074,0.29226336182074,-1.16905344728296,-0.0690534472829583,0
11.48,2.9467056227711,0.29467056227711,-1.17868224910844,-0.0786822491084411,0
11.485,2.91651991826001,0.291651991826001,-1.166607967304,-0.0666079673040048,0
11.49,2.91915895456095,0.291915895456095,-1.16766358182438,-0.0676635818243787,0
11.495,2.91077193142191,0.291077193142191,-1.16430877256877,-0.0643087725687652,0
11.5,2.87482340188997,0.287482340188997,-1.14992936075599,-0.0499293607559892,0
11.505,2.88290854714812,0.288290854714812,-1.15316341885925,-0.0531634188592476,0
11.51,2.87718460082281,0.287718460082281,-1.15087384032912,-0.050873840329122,0
11.515,2.90217373384585,0.290217373384585,-1.16086949353834,-0.0608694935383418,0
11.52,2.88306377144264,0.288306377144264,-1.15322550857706,-0.0532255085770574,0
11.525,2.92770742850698,0.292770742850698,-1.17108297140279,-0.0710829714027925,0
11.53,2.89247450953328,0.289247450953328,-1.15698980381331,-0.056989803813311,0
11.535,2.88063386036061,0.288063386036061,-1.15225354414424,-0.0522535441442429,0
11.54,2.89385706976666,0.289385706976666,-1.15754282790666,-0.0575428279066628,0
11.545,2.86146503083688,0.286146503083688,-1.14458601233475,-0.044586012334753,0
11.55,2.81351934690948,0.281351934690948,-1.12540773876379,-0.025407738763791,0
11.555,2.82928448638608,0.282928448638608,-1.13171379455443,-0.0317137945544319,0
11.56,2.8061709148532,0.28061709148532,-1.12246836594128,-0.0224683659412783,0
11.565,2.79821929731345,0.279821929731345,-1.11928771892538,-0.0192877189253815,0
11.57,2.80460139133705,0.280460139133705,-1.12184055653482,-0.0218405565348185,0
11.575,2.76751006608184,0.276751006608184,-1.10700402643274,-0.00700402643273712,0
11.58,2.78027557695849,0.278027557695849,-1.11211023078339,-0.0121102307833947,0
11.585,2.76146038867206,0.276146038867206,-1.10458415546882,-0.00458415546882351,0
11.59,2.75450332742421,0.275450332742422,-1.10180133096969,-0.00180133096968604,0
11.595,2.73727781734758,0.273727781734758,-1.09491112693903,0.00508887306096883,0
11.6,2.74997974164122,0.274997974164122,-1.09999189665649,8.1033435106459e-06,0
11.605,2.77822368568866,0.277822368568866,-1.11128947427546,-0.0112894742754623,0
11.61,2.77363817814808,0.277363817814808,-1.10945527125923,-0.00945527125923373,0
11.615,2.7691276658858,0.27691276658858,-1.10765106635432,-0.00765106635431834,0
11.62,2.77801649613048,0.277801649613048,-1.11120659845219,-0.0112065984521901,0
11.625,2.77837153103288,0.277837153103288,-1.11134861241315,-0.0113486124131523,0
11.63,2.8104629371111,0.28104629371111,-1.12418517484444,-0.0241851748444406,0
11.635,2.82079087396919,0.282079087396919,-1.12831634958768,-0.0283163495876759,0
11.64,2.7911879267112,0.27911879267112,-1.11647517068448,-0.0164751706844799,0
11.645,2.77824250339378,0.277824250339378,-1.11129700135751,-0.0112970013575109,0
11.65,2.75713892586568,0.275713892586568,-1.10285557034627,-0.00285557034627382,0
11.655,2.74405111481882,0.274405111481883,-1.09762044592753,0.00237955407247004,0
11.66,2.72266233601043,0.272266233601043,-1.08906493440417,0.0109350655958262,0
11.665,2.72054468147958,0.272054468147958,-1.08821787259183,0.0117821274081693,0
11.67,2.71237032641509,0.271237032641509,-1.08494813056604,0.0150518694339623,0
11.675,2.75895755914691,0.275895755914691,-1.10358302365876,-0.00358302365876484,0
11.68,2.75473394532868,0.275473394532868,-1.10189357813147,-0.00189357813147084,0
11.685,2.71298187059914,0.271298187059914,-1.08519274823966,0.0148072517603433,0
11.69,2.67330110575711,0.267330110575711,-1.06932044230284,0.0306795576971561,0
11.695,2.65932621458297,0.265932621458297,-1.06373048583319,0.036269514166813,0
11.7,2.62306054836886,0.262306054836886,-1.04922421934754,0.0507757806524569,0
11.705,2.58831928167701,0.258831928167701,-1.0353277126708,0.0646722873291976,0
11.71,2.56515305078335,0.256515305078335,-1.02606122031334,0.07393877968666,0
11.715,2.59746008440723,0.259746008440723,-1.03898403376289,0.0610159662371075,0
11.72,2.62628537386646,0.262628537386646,-1.05051414954659,0.0494858504534146,0
11.725,2.60589858756788,0.260589858756788,-1.04235943502715,0.0576405649728475,0
11.73,2.58105176346413,0.258105176346413,-1.03242070538565,0.0675792946143472,0
11.735,2.55754921855889,0.255754921855889,-1.02301968742356,0.0769803125764434,0
11.74,2.53305003436412,0.253305003436412,-1.01322001374565,0.0867799862543508,0
11.745,2.55577041448455,0.255577041448455,-1.02230816579382,0.077691834206181,0
11.75,2.55903766459044,0.255903766459044,-1.02361506583618,0.0763849341638239,0
11.755,2.60893395878252,0.260893395878252,-1.04357358351301,0.0564264164869914,0
11.76,2.59151204820554,0.259151204820554,-1.03660481928222,0.0633951807177831,0
11.765,2.5734803363985,0.25734803363985,-1.0293921345594,0.0706078654405999,0
11.77,2.57292187745405,0.257292187745405,-1.02916875098162,0.0708312490183804,0
11.775,2.58517131470738,0.258517131470738,-1.03406852588295,0.0659314741170474,0
11.78,2.57015994645704,0.257015994645704,-1.02806397858282,0.0719360214171836,0
11.785,2.58974269333631,0.258974269333631,-1.03589707733452,0.0641029226654752,0
11.79,2.59774748031425,0.259774748031425,-1.0390989921257,0.0609010078742998,0
11.795,2.59710718987169,0.259710718987169,-1.03884287594868,0.0611571240513249,0
11.8,2.58826379153727,0.258826379153727,-1.03530551661491,0.0646944833850911,0
11.805,2.52973964971148,0.252973964971148,-1.01189585988459,0.0881041401154072,0
11.81,2.54801351940199,0.254801351940199,-1.0192054077608,0.0807945922392022,0
11.815,2.53220102711931,0.253220102711931,-1.01288041084773,0.0871195891522742,0
11.82,2.49723624930653,0.249723624930653,-0.998894499722613,0.101105500277388,0
11.825,2.53058633994201,0.253058633994201,-1.0122345359768,0.0877654640231971,0
11.83,2.55236178670509,0.255236178670509,-1.02094471468204,0.079055285317964,0
11.835,2.58476319935199,0.258476319935199,-1.03390527974079,0.0660947202592059,0
11.84,2.5988335954529,0.25988335954529,-1.03953343818116,0.0604665618188391,0
11.845,2.60491510986524,0.260491510986524,-1.0419660439461,0.058033956053904,0
11.85,2.57953211228875,0.257953211228875,-1.0318128449155,0.0681871550844997,0
11.855,2.61179691986934,0.261179691986934,-1.04471876794774,0.0552812320522622,0
11.86,2.6185078456151,0.26185078456151,-1.04740313824604,0.0525968617539589,0
11.865,2.57443091680311,0.257443091680311,-1.02977236672125,0.070227633278755,0
11.87,2.55639719642422,0.255639719642422,-1.02255887856969,0.0774411214303106,0
11.875,2.54234237054657,0.254234237054657,-1.01693694821863,0.0830630517813715,0
11.88,2.54673703654952,0.254673703654952,-1.01869481461981,0.0813051853801923,0
11.885,2.53799363298788,0.253799363298788,-1.01519745319515,0.0848025468048486,0
11.89,2.49631118019671,0.249631118019671,-0.998524472078683,0.101475527921317,0
11.895,2.47895842429802,0.247895842429802,-0.991583369719208,0.108416630280793,0
11.9,2.48294143467999,0.248294143467999,-0.993176573871995,0.106823426128005,0
11.905,2.46769258806414,0.246769258806414,-0.987077035225654,0.112922964774346,0
11.91,2.45208925497078,0.245208925497078,-0.980835701988312,0.119164298011688,0
11.915,2.46789579630411,0.246789579630411,-0.987158318521645,0.112841681478355,0
11.92,2.43868401946172,0.243868401946172,-0.975473607784687,0.124526392215314,0
11.925,2.42883010874945,0.242883010874945,-0.971532043499778,0.128467956500222,0
11.93,2.41210592798442,0.241210592798442,-0.964842371193769,0.135157628806231,0
11.935,2.39086903601825,0.239086903601825,-0.956347614407299,0.143652385592701,0
11.94,2.39380916006246,0.239380916006246,-0.957523664024985,0.142476335975015,0
11.945,2.38586075438819,0.238586075438819,-0.954344301755276,0.145655698244724,0
11.95,2.36744957194589,0.236744957194589,-0.946979828778357,0.153020171221643,0
11.955,2.34575262064752,0.234575262064752,-0.938301048259008,0.161698951740992,0
11.96,2.31416486255878,0.231416486255878,-0.925665945023512,0.174334054976488,0
11.965,2.27615178982927,0.227615178982927,-0.910460715931707,0.189539284068293,0
11.97,2.28750708557434,0.228750708557434,-0.915002834229736,0.184997165770264,0
11.975,2.31770472771708,0.231770472771708,-0.927081891086832,0.172918108913168,0
11.98,2.32569164496476,0.232569164496476,-0.930276657985902,0.169723342014098,0
11.985,2.34154289524916,0.234154289524916,-0.936617158099665,0.163382841900336,0
11.99,2.34196087767398,0.234196087767398,-0.936784351069594,0.163215648930406,0
11.995,2.32186195390644,0.232186195390644,-0.928744781562575,0.171255218437426,0
12,2.31145108636431,0.231145108636431,-0.924580434545725,0.175419565454275,0
12.005,2.31722996139602,0.231722996139602,-0.926891984558406,0.173108015441594,0
12.01,2.32110907664093,0.232110907664093,-0.928443630656372,0.171556369343628,0
12.015,2.29477025427491,0.229477025427491,-0.917908101709964,0.182091898290036,0
12.02,2.29019056230221,0.229019056230221,-0.916076224920884,0.183923775079116,0
12.025,2.29462886567124,0.229462886567124,-0.917851546268494,0.182148453731506,0
12.03,2.28543253505922,0.228543253505922,-0.914173014023689,0.185826985976311,0
12.035,2.31688758883717,0.231688758883717,-0.926755035534867,0.173244964465133,0
12.04,2.31334908712114,0.231334908712114,-0.925339634848454,0.174660365151546,0
12.045,2.33860275257577,0.233860275257577,-0.935441101030307,0.164558898969693,0
12.05,2.3512854010006,0.23512854010006,-0.940514160400241,0.159485839599759,0
12.055,2.33493674803887,0.233493674803887,-0.933974699215549,0.166025300784451,0
12.06,2.36523830536085,0.236523830536085,-0.946095322144342,0.153904677855658,0
12.065,2.38868906166725,0.238868906166725,-0.9554756246669,0.1445243753331,0
12.07,2.39211360256176,0.239211360256176,-0.956845441024706,0.143154558975294,0
12.075,2.39607897424213,0.239607897424213,-0.958431589696852,0.141568410303148,0
12.08,2.38652061393047,0.238652061393047,-0.954608245572189,0.145391754427811,0
12.085,2.38072043610804,0.238072043610804,-0.952288174443216,0.147711825556785,0
12.09,2.37407685473032,0.237407685473032,-0.949630741892128,0.150369258107872,0
12.095,2.36037518567326,0.236037518567326,-0.944150074269305,0.155849925730696,0
12.1,2.33289029427556,0.233289029427556,-0.933156117710225,0.166843882289775,0
12.105,2.33144787822427,0.233144787822427,-0.932579151289706,0.167420848710294,0
12.11,2.3150700251455,0.23150700251455,-0.926028010058201,0.173971989941799,0
12.115,2.31111105751952,0.231111105751952,-0.924444423007808,0.175555576992192,0
12.12,2.33978995016651,0.233978995016651,-0.935915980066605,0.164084019933395,0
12.125,2.3705206106005,0.23705206106005,-0.948208244240201,0.151791755759799,0
12.13,2.36621785625429,0.236621785625429,-0.946487142501718,0.153512857498282,0
12.135,2.36494220856448,0.236494220856448,-0.945976883425791,0.154023116574209,0
12.14,2.34223535597275,0.234223535597275,-0.936894142389101,0.163105857610899,0
12.145,2.31444745389294,0.231444745389294,-0.925778981557175,0.174221018442825,0
12.15,2.29880194906607,0.229880194906607,-0.919520779626429,0.180479220373571,0
12.155,2.28224221639868,0.228224221639868,-0.912896886559474,0.187103113440526,0
12.16,2.2918354164037,0.22918354164037,-0.916734166561482,0.183265833438518,0
12.165,2.25459045250673,0.225459045250673,-0.90183618100269,0.19816381899731,0
12.17,2.258330046353,0.2258330046353,-0.903332018541199,0.196667981458801,0
12.175,2.28234350683972,0.228234350683972,-0.912937402735888,0.187062597264113,0
12.18,2.28338493329696,0.228338493329696,-0.913353973318784,0.186646026681216,0
12.185,2.29051132360734,0.229051132360734,-0.916204529442935,0.183795470557065,0
12.19,2.30379116913141,0.230379116913141,-0.921516467652563,0.178483532347437,0
12.195,2.28427580440839,0.228427580440839,-0.913710321763358,0.186289678236642,0
12.2,2.28661582596925,0.228661582596925,-0.9146463303877,0.1853536696123,0
12.205,2.28198789515646,0.228198789515646,-0.912795158062585,0.187204841937415,0
12.21,2.27237829149558,0.227237829149558,-0.908951316598231,0.191048683401769,0
12.215,2.25722515743657,0.225722515743657,-0.902890062974627,0.197109937025373,0
12.22,2.2822656654772,0.22822656654772,-0.912906266190881,0.187093733809119,0
12.225,2.27296109475616,0.227296109475616,-0.909184437902464,0.190815562097536,0
12.23,2.28886063395951,0.228886063395951,-0.915544253583803,0.184455746416197,0
12.235,2.29108554080904,0.229108554080904,-0.916434216323615,0.183565783676385,0
12.24,2.26913996001063,0.226913996001063,-0.907655984004252,0.192344015995748,0
12.245,2.24921846345455,0.224921846345455,-0.899687385381819,0.200312614618181,0
12.25,2.2868187198428,0.22868187198428,-0.914727487937121,0.185272512062879,0
12.255,2.28075272523031,0.228075272523031,-0.912301090092123,0.187698909907877,0
12.26,2.29579816064587,0.229579816064587,-0.918319264258348,0.181680735741652,0
12.265,2.2939338182337,0.22939338182337,-0.917573527293482,0.182426472706518,0
12.27,2.24900849506761,0.224900849506761,-0.899603398027043,0.200396601972957,0
12.275,2.21203552341321,0.221203552341321,-0.884814209365282,0.215185790634718,0
12.28,2.21146027511343,0.221146027511343,-0.884584110045374,0.215415889954626,0
12.285,2.21284454140618,0.221284454140618,-0.88513781656247,0.21486218343753,0
12.29,2.20024120784894,0.220024120784894,-0.880096483139575,0.219903516860425,0
12.295,2.23124451408093,0.223124451408093,-0.892497805632372,0.207502194367628,0
12.3,2.24335319612432,0.224335319612432,-0.897341278449727,0.202658721550273,0
12.305,2.24446680314151,0.224446680314151,-0.897786721256605,0.202213278743395,0
12.31,2.25250067122566,0.225250067122566,-0.901000268490264,0.198999731509736,0
12.315,2.25458049998069,0.225458049998069,-0.901832199992277,0.198167800007723,0
12.32,2.25329751027952,0.225329751027952,-0.901319004111809,0.198680995888191,0
12.325,2.25222983723674,0.225222983723674,-0.900891934894696,0.199108065105304,0
12.33,2.26389478860544,0.226389478860544,-0.905557915442176,0.194442084557825,0
12.335,2.23752235020062,0.223752235020062,-0.895008940080248,0.204991059919752,0
12.34,2.25049174467926,0.225049174467926,-0.900196697871704,0.199803302128296,0
12.345,2.22711177995547,0.222711177995547,-0.890844711982187,0.209155288017813,0
12.35,2.22010136386706,0.222010136386706,-0.888040545546826,0.211959454453175,0
12.355,2.24160438085953,0.224160438085953,-0.896641752343811,0.203358247656189,0
12.36,2.224525710065,0.2224525710065,-0.889810284026002,0.210189715973998,0
12.365,2.1756602588398,0.21756602588398,-0.870264103535921,0.229735896464079,0
12.37,2.15694201448843,0.215694201448843,-0.862776805795373,0.237223194204627,0
12.375,2.14229513743295,0.214229513743295,-0.856918054973181,0.243081945026819,0
12.38,2.13899108449927,0.213899108449927,-0.855596433799706,0.244403566200294,0
12.385,2.16169232718204,0.216169232718204,-0.864676930872815,0.235323069127185,0
12.39,2.16475075440951,0.216475075440951,-0.865900301763803,0.234099698236197,0
12.395,2.16111521159948,0.216111521159948,-0.864446084639792,0.235553915360208,0
12.4,2.12182169048051,0.212182169048051,-0.848728676192202,0.251271323807798,0
12.405,2.15215362409348,0.215215362409348,-0.860861449637392,0.239138550362608,0
12.41,2.13516567494733,0.213516567494733,-0.85406626997893,0.24593373002107,0
12.415,2.14771302612,0.214771302612,-0.859085210448001,0.240914789551999,0
12.42,2.14987567156255,0.214987567156255,-0.85995026862502,0.24004973137498,0
12.425,2.12027656021053,0.212027656021053,-0.848110624084213,0.251889375915787,0
12.43,2.13659412758996,0.213659412758996,-0.854637651035983,0.245362348964017,0
12.435,2.10249837400681,0.210249837400681,-0.840999349602722,0.259000650397278,0
12.44,2.11589741903826,0.211589741903826,-0.846358967615303,0.253641032384697,0
12.445,2.10866946095976,0.210866946095976,-0.843467784383904,0.256532215616096,0
12.45,2.10083361642188,0.210083361642188,-0.840333446568753,0.259666553431247,0
12.455,2.10357811604953,0.210357811604953,-0.841431246419812,0.258568753580188,0
12.46,2.08710168773317,0.208710168773317,-0.83484067509327,0.265159324906731,0
12.465,2.07830923267603,0.207830923267603,-0.83132369307041,0.26867630692959,0
12.47,2.11686104737785,0.211686104737785,-0.846744418951139,0.253255581048861,0
12.475,2.14704221026055,0.214704221026055,-0.858816884104219,0.241183115895781,0
12.48,2.14921940090063,0.214921940090063,-0.859687760360252,0.240312239639749,0
12.485,2.12538303810911,0.212538303810911,-0.850153215243643,0.249846784756357,0
12.49,2.12043663387706,0.212043663387706,-0.848174653550825,0.251825346449175,0
12.495,2.13002083063636,0.213002083063636,-0.852008332254544,0.247991667745456,0
12.5,2.12149234622619,0.212149234622619,-0.848596938490478,0.251403061509522,0
12.505,2.10364993964271,0.210364993964271,-0.841459975857084,0.258540024142916,0
12.51,2.12942087009622,0.212942087009622,-0.851768348038488,0.248231651961512,0
12.515,2.12798578964968,0.212798578964968,-0.851194315859873,0.248805684140127,0
12.52,2.11833320765643,0.211833320765643,-0.847333283062573,0.252666716937427,0
12.525,2.11759243502156,0.211759243502156,-0.847036974008625,0.252963025991375,0
12.53,2.07193528400813,0.207193528400813,-0.828774113603254,0.271225886396746,0
12.535,2.10069126037962,0.210069126037962,-0.84027650415185,0.25972349584815,0
12.54,2.10631741969539,0.210631741969539,-0.842526967878154,0.257473032121846,0
12.545,2.11412051887934,0.211412051887934,-0.845648207551735,0.254351792448265,0
12.55,2.11552652525125,0.211552652525125,-0.846210610100499,0.253789389899501,0
12.555,2.11986009582606,0.211986009582606,-0.847944038330422,0.252055961669578,0
12.56,2.11354420961128,0.211354420961128,-0.845417683844512,0.254582316155488,0
12.565,2.11713998134941,0.211713998134941,-0.846855992539765,0.253144007460235,0
12.57,2.12051681794579,0.212051681794579,-0.848206727178315,0.251793272821685,0
12.575,2.09934500745165,0.209934500745165,-0.839738002980661,0.260261997019339,0
12.58,2.12889149317837,0.212889149317837,-0.851556597271348,0.248443402728652,0
12.585,2.13516839094347,0.213516839094347,-0.854067356377389,0.245932643622611,0
12.59,2.12043934366438,0.212043934366438,-0.848175737465751,0.251824262534249,0
12.595,2.1167057228635,0.21167057228635,-0.846682289145399,0.253317710854601,0
12.6,2.12773346936237,0.212773346936237,-0.851093387744947,0.248906612255053,0
12.605,2.11428547919544,0.211428547919544,-0.845714191678178,0.254285808321822,0
12.61,2.09005695760049,0.209005695760049,-0.836022783040196,0.263977216959804,0
12.615,2.07495494638011,0.207495494638011,-0.829981978552044,0.270018021447956,0
12.62,2.05638111775768,0.205638111775768,-0.822552447103071,0.277447552896929,0
12.625,2.04661908267808,0.204661908267808,-0.818647633071231,0.281352366928769,0
12.63,2.0191630688819,0.20191630688819,-0.807665227552761,0.292334772447239,0
12.635,2.03271569825809,0.203271569825809,-0.813086279303235,0.286913720696766,0
12.64,2.00301938218817,0.200301938218817,-0.801207752875269,0.298792247124731,0
12.645,2.03180164962711,0.203180164962711,-0.812720659850844,0.287279340149157,0
12.65,2.04065031135111,0.204065031135111,-0.816260124540444,0.283739875459556,0
12.655,2.05598065424374,0.205598065424374,-0.822392261697498,0.277607738302502,0
12.66,2.08175120964863,0.208175120964863,-0.832700483859451,0.267299516140549,0
12.665,2.0747332308606,0.20747332308606,-0.829893292344241,0.270106707655759,0
12.67,2.05531696698168,0.205531696698168,-0.822126786792673,0.277873213207327,0
12.675,2.06783346526943,0.206783346526943,-0.827133386107773,0.272866613892227,0
12.68,2.13654304152399,0.213654304152399,-0.854617216609598,0.245382783390402,0
12.685,2.14749032111912,0.214749032111912,-0.85899612844765,0.24100387155235,0
12.69,2.11955584549735,0.211955584549735,-0.847822338198941,0.252177661801059,0
12.695,2.10764197751899,0.210764197751899,-0.843056791007595,0.256943208992405,0
12.7,2.15853710702003,0.215853710702003,-0.863414842808014,0.236585157191987,0
12.705,2.16751049479203,0.216751049479203,-0.86700419791681,0.23299580208319,0
12.71,2.15924052318265,0.215924052318265,-0.863696209273058,0.236303790726942,0
12.715,2.15166303448351,0.215166303448351,-0.860665213793403,0.239334786206598,0
12.72,2.12191695500549,0.212191695500549,-0.848766782002195,0.251233217997805,0
12.725,2.09769101030331,0.209769101030331,-0.839076404121325,0.260923595878676,0
12.73,2.11373818064354,0.211373818064354,-0.845495272257415,0.254504727742585,0
12.735,2.11517656175962,0.211517656175962,-0.846070624703847,0.253929375296153,0
12.74,2.12478371335843,0.212478371335843,-0.849913485343374,0.250086514656626,0
12.745,2.10243190166679,0.210243190166679,-0.840972760666715,0.259027239333286,0
12.75,2.0984912969946,0.20984912969946,-0.839396518797841,0.260603481202159,0
12.755,2.09094606617237,0.209094606617237,-0.83637842646895,0.26362157353105,0
12.76,2.04398204968173,0.204398204968173,-0.817592819872691,0.282407180127309,0
12.765,2.07187952170961,0.207187952170961,-0.828751808683844,0.271248191316156,0
12.77,2.07460332718284,0.207460332718284,-0.829841330873137,0.270158669126863,0
12.775,2.06976130259212,0.206976130259212,-0.827904521036847,0.272095478963153,0
12.78,2.06089740573451,0.206089740573451,-0.824358962293806,0.275641037706194,0
12.785,2.00188315434971,0.200188315434971,-0.800753261739882,0.299246738260118,0
12.79,2.01426271310291,0.201426271310291,-0.805705085241164,0.294294914758836,0
12.795,2.00046689173562,0.200046689173562,-0.80018675669425,0.299813243305751,0
12.8,1.9928354180626,0.19928354180626,-0.797134167225039,0.302865832774961,0
12.805,2.01623449213844,0.201623449213844,-0.806493796855375,0.293506203144625,0
12.81,2.01944044030688,0.201944044030688,-0.807776176122752,0.292223823877248,0
12.815,2.03936483826095,0.203936483826095,-0.815745935304381,0.28425406469562,0
12.82,2.03573484079275,0.203573484079275,-0.814293936317098,0.285706063682902,0
12.825,2.07383693712109,0.207383693712109,-0.829534774848434,0.270465225151566,0
12.83,2.02958932120707,0.202958932120707,-0.81183572848283,0.28816427151717,0
12.835,2.02613049682767,0.202613049682767,-0.810452198731068,0.289547801268932,0
12.84,2.02485820047843,0.202485820047843,-0.809943280191372,0.290056719808628,0
12.845,2.06095015683989,0.206095015683989,-0.824380062735955,0.275619937264045,0
12.85,2.07119862785162,0.207119862785162,-0.828479451140647,0.271520548859353,0
12.855,2.02682062703153,0.202682062703153,-0.810728250812613,0.289271749187387,0
12.86,2.02526700519137,0.202526700519137,-0.810106802076549,0.289893197923451,0
12.865,2.02002274176398,0.202002274176398,-0.808009096705592,0.291990903294408,0
12.87,2.00330725555574,0.200330725555574,-0.801322902222294,0.298677097777706,0
12.875,1.9764671230556,0.19764671230556,-0.790586849222239,0.309413150777761,0
12.88,2.01087008403299,0.201087008403299,-0.804348033613194,0.295651966386806,0
12.885,2.0047171540881,0.20047171540881,-0.801886861635239,0.298113138364761,0
12.89,1.99302585925038,0.199302585925038,-0.79721034370015,0.30278965629985,0
12.895,1.9889057916804,0.19889057916804,-0.795562316672159,0.304437683327841,0
12.9,1.98594830798593,0.198594830798593,-0.794379323194371,0.305620676805629,0
12.905,2.00790761514287,0.200790761514287,-0.803163046057149,0.296836953942851,0
12.91,2.01715226316532,0.201715226316532,-0.806860905266127,0.293139094733873,0
12.915,1.98490089553373,0.198490089553373,-0.793960358213493,0.306039641786507,0
12.92,2.0102002280584,0.20102002280584,-0.804080091223361,0.295919908776639,0
12.925,1.98023997210262,0.198023997210262,-0.792095988841046,0.307904011158954,0
12.93,1.96621448218047,0.196621448218047,-0.786485792872186,0.313514207127814,0
12.935,1.94889130166536,0.194889130166536,-0.779556520666145,0.320443479333855,0
12.94,1.9589253732247,0.19589253732247,-0.78357014928988,0.31642985071012,0
12.945,1.93319568997114,0.193319568997114,-0.773278275988458,0.326721724011542,0
12.95,1.91463398043458,0.191463398043458,-0.76585359217383,0.33414640782617,0
12.955,1.94028496217956,0.194028496217956,-0.776113984871825,0.323886015128175,0
12.96,1.94321714634353,0.194321714634353,-0.777286858537411,0.322713141462589,0
12.965,1.93382865308571,0.193382865308571,-0.773531461234283,0.326468538765717,0
12.97,1.96730549922023,0.196730549922023,-0.786922199688092,0.313077800311908,0
12.975,1.97886609511854,0.197886609511854,-0.791546438047416,0.308453561952584,0
12.98,2.02935071166801,0.202935071166801,-0.811740284667205,0.288259715332795,0
12.985,2.02398686891725,0.202398686891725,-0.809594747566901,0.2904052524331,0
12.99,2.04377357587434,0.204377357587434,-0.817509430349736,0.282490569650264,0
12.995,2.04580136017359,0.204580136017359,-0.818320544069437,0.281679455930563,0
13,2.02276031941692,0.202276031941692,-0.80910412776677,0.29089587223323,0
13.005,2.05646419556138,0.205646419556138,-0.822585678224553,0.277414321775447,0
13.01,2.02861845685315,0.202861845685315,-0.811447382741259,0.288552617258741,0
13.015,2.02310088199459,0.202310088199459,-0.809240352797837,0.290759647202163,0
13.02,2.01387085313477,0.201387085313477,-0.805548341253907,0.294451658746093,0
13.025,1.96996516429744,0.196996516429744,-0.787986065718977,0.312013934281023,0
13.03,2.00632030811484,0.200632030811484,-0.802528123245935,0.297471876754065,0
13.035,1.99632763905861,0.199632763905861,-0.798531055623443,0.301468944376557,0
13.04,2.03146307413616,0.203146307413616,-0.812585229654463,0.287414770345537,0
13.045,2.06526952418819,0.206526952418819,-0.826107809675277,0.273892190324723,0
13.05,2.03428114510963,0.203428114510963,-0.813712458043851,0.28628754195615,0
13.055,2.08605107825921,0.208605107825922,-0.834420431303686,0.265579568696314,0
13.06,2.07424495721286,0.207424495721286,-0.829697982885143,0.270302017114857,0
13.065,2.08858517050481,0.208858517050481,-0.835434068201926,0.264565931798074,0
13.07,2.13607962474901,0.213607962474901,-0.854431849899603,0.245568150100397,0
13.075,2.13550320282925,0.213550320282925,-0.854201281131698,0.245798718868302,0
13.08,2.13019408325047,0.213019408325047,-0.852077633300189,0.247922366699811,0
13.085,2.14498818606554,0.214498818606554,-0.857995274426218,0.242004725573782,0
13.09,2.14251035705312,0.214251035705312,-0.857004142821249,0.242995857178751,0
13.095,2.12700983127783,0.212700983127783,-0.85080393251113,0.24919606748887,0
13.1,2.13450934454418,0.213450934454418,-0.853803737817673,0.246196262182327,0
13.105,2.17078294934852,0.217078294934852,-0.868313179739407,0.231686820260593,0
13.11,2.15573552083986,0.215573552083987,-0.862294208335946,0.237705791664054,0
13.115,2.14821298832231,0.214821298832231,-0.859285195328926,0.240714804671075,0
13.12,2.14276733123627,0.214276733123627,-0.857106932494507,0.242893067505493,0
13.125,2.14658159704036,0.214658159704036,-0.858632638816143,0.241367361183857,0
13.13,2.1637945267926,0.21637945267926,-0.865517810717039,0.234482189282961,0
13.135,2.15306858847427,0.215306858847427,-0.861227435389709,0.238772564610291,0
13.14,2.13995542418426,0.213995542418426,-0.855982169673705,0.244017830326295,0
13.145,2.13790555253313,0.213790555253313,-0.855162221013253,0.244837778986747,0
13.15,2.11543358367647,0.211543358367647,-0.846173433470588,0.253826566529412,0
13.155,2.11394182149431,0.211394182149431,-0.845576728597725,0.254423271402275,0
13.16,2.12559447726504,0.212559447726504,-0.850237790906018,0.249762209093982,0
13.165,2.15146313484426,0.215146313484426,-0.860585253937704,0.239414746062296,0
13.17,2.15236326483115,0.215236326483115,-0.86094530593246,0.23905469406754,0
13.175,2.15945858793305,0.215945858793305,-0.863783435173221,0.236216564826779,0
13.18,2.14988600319483,0.214988600319483,-0.85995440127793,0.24004559872207,0
13.185,2.14561504885779,0.214561504885779,-0.858246019543116,0.241753980456884,0
13.19,2.1737796124761,0.21737796124761,-0.86951184499044,0.23048815500956,0
13.195,2.20548407159724,0.220548407159724,-0.882193628638896,0.217806371361104,0
13.2,2.18645884088312,0.218645884088312,-0.874583536353249,0.225416463646751,0
13.205,2.22230330175155,0.222230330175155,-0.888921320700618,0.211078679299382,0
13.21,2.21410792123885,0.221410792123885,-0.885643168495539,0.214356831504461,0
13.215,2.21286308998584,0.221286308998584,-0.885145235994336,0.214854764005665,0
13.22,2.20275954439954,0.220275954439954,-0.881103817759815,0.218896182240185,0
13.225,2.18561985070793,0.218561985070793,-0.874247940283172,0.225752059716828,0
13.23,2.17917282964199,0.217917282964199,-0.871669131856796,0.228330868143204,0
13.235,2.17231558040071,0.217231558040071,-0.868926232160284,0.231073767839716,0
13.24,2.15524577156362,0.215524577156362,-0.86209830862545,0.23790169137455,0
13.245,2.13630351746544,0.213630351746544,-0.854521406986178,0.245478593013823,0
13.25,2.12616719065282,0.212616719065282,-0.850466876261129,0.249533123738871,0
13.255,2.12981564744926,0.212981564744926,-0.851926258979705,0.248073741020295,0
13.26,2.11259922168313,0.211259922168313,-0.845039688673251,0.254960311326749,0
13.265,2.11654601815865,0.211654601815865,-0.846618407263462,0.253381592736538,0
13.27,2.11653608322204,0.211653608322204,-0.846614433288814,0.253385566711186,0
13.275,2.12789476892497,0.212789476892497,-0.851157907569987,0.248842092430013,0
13.28,2.1090249383132,0.21090249383132,-0.843609975325282,0.256390024674718,0
13.285,2.06305371837137,0.206305371837137,-0.825221487348549,0.274778512651451,0
13.29,2.05895482197607,0.205895482197607,-0.823581928790428,0.276418071209572,0
13.295,2.02781141602583,0.202781141602583,-0.811124566410331,0.288875433589669,0
13.3,2.01379355179897,0.201379355179897,-0.805517420719589,0.294482579280411,0
13.305,2.005021194553,0.2005021194553,-0.802008477821198,0.297991522178802,0
13.31,2.007582026873,0.2007582026873,-0.8030328107492,0.296967189250801,0
13.315,1.98811918775895,0.198811918775895,-0.795247675103579,0.304752324896421,0
13.32,1.96113187183808,0.196113187183808,-0.784452748735232,0.315547251264768,0
13.325,1.96160920542931,0.196160920542931,-0.784643682171726,0.315356317828274,0
13.33,1.95470765761494,0.195470765761494,-0.781883063045977,0.318116936954023,0
13.335,2.00111977547475,0.200111977547475,-0.800447910189899,0.299552089810101,0
13.34,2.01743767949963,0.201743767949963,-0.806975071799853,0.293024928200147,0
13.345,1.97957083209778,0.197957083209778,-0.791828332839113,0.308171667160887,0
13.35,1.96633248078529,0.196633248078529,-0.786532992314115,0.313467007685885,0
13.355,1.97300871919149,0.197300871919149,-0.789203487676595,0.310796512323405,0
13.36,1.97651142267945,0.197651142267945,-0.790604569071781,0.309395430928219,0
13.365,1.98215686700804,0.198215686700804,-0.792862746803215,0.307137253196785,0
13.37,1.94691380298344,0.194691380298344,-0.778765521193374,0.321234478806626,0
13.375,1.90123054714172,0.190123054714172,-0.760492218856688,0.339507781143312,0
13.38,1.89243342795316,0.189243342795316,-0.756973371181266,0.343026628818734,0
13.385,1.90684919282726,0.190684919282726,-0.762739677130904,0.337260322869096,0
13.39,1.93606353244868,0.193606353244868,-0.774425412979471,0.325574587020529,0
13.395,1.92679493139218,0.192679493139218,-0.77071797255687,0.32928202744313,0
13.4,1.94392955040567,0.194392955040567,-0.777571820162269,0.322428179837731,0
13.405,1.95346836605663,0.195346836605663,-0.78138734642265,0.31861265357735,0
13.41,1.97743124871068,0.197743124871068,-0.790972499484271,0.309027500515729,0
13.415,1.99068374615926,0.199068374615926,-0.796273498463706,0.303726501536294,0
13.42,1.98669157936722,0.198669157936722,-0.794676631746888,0.305323368253112,0
13.425,1.99135689297729,0.199135689297729,-0.796542757190916,0.303457242809084,0
13.43,1.99420951488341,0.199420951488341,-0.797683805953364,0.302316194046636,0
13.435,1.99344271086109,0.199344271086109,-0.797377084344435,0.302622915655565,0
13.44,1.97503862493874,0.197503862493874,-0.790015449975496,0.309984550024504,0
13.445,1.95175514127399,0.195175514127399,-0.780702056509597,0.319297943490403,0
13.45,1.95019169286897,0.195019169286897,-0.780076677147588,0.319923322852412,0
13.455,1.93344986778013,0.193344986778013,-0.773379947112053,0.326620052887947,0
13.46,1.91306765475507,0.191306765475507,-0.76522706190203,0.33477293809797,0
13.465,1.92558526394287,0.192558526394287,-0.770234105577147,0.329765894422853,0
13.47,1.89434125216637,0.189434125216637,-0.757736500866548,0.342263499133452,0
13.475,1.9253861155704,0.19253861155704,-0.77015444622816,0.32984555377184,0
13.48,1.90011567608158,0.190011567608158,-0.760046270432632,0.339953729567368,0
13.485,1.92014711828981,0.192014711828981,-0.768058847315925,0.331941152684076,0
13.49,1.92538441217117,0.192538441217117,-0.770153764868468,0.329846235131532,0
13.495,1.92496890972794,0.192496890972794,-0.769987563891175,0.330012436108825,0
13.5,1.9273757894826,0.19273757894826,-0.770950315793041,0.329049684206959,0
13.505,1.92130534254107,0.192130534254107,-0.768522137016429,0.331477862983572,0
13.51,1.92163654062681,0.192163654062681,-0.768654616250726,0.331345383749274,0
13.515,1.95157740808678,0.195157740808678,-0.780630963234713,0.319369036765287,0
13.52,1.93868679125058,0.193868679125058,-0.77547471650023,0.32452528349977,0
13.525,1.91391839063631,0.191391839063631,-0.765567356254526,0.334432643745475,0
13.53,1.91429645339979,0.191429645339979,-0.765718581359917,0.334281418640083,0
13.535,1.86960173891331,0.186960173891331,-0.747840695565325,0.352159304434675,0
13.54,1.88101210362762,0.188101210362762,-0.75240484145105,0.347595158548951,0
13.545,1.88887997180608,0.188887997180608,-0.75555198872243,0.34444801127757,0
13.55,1.8581344769037,0.18581344769037,-0.74325379076148,0.35674620923852,0
13.555,1.84154000340028,0.184154000340028,-0.736616001360112,0.363383998639888,0
13.56,1.83106201832974,0.183106201832974,-0.732424807331897,0.367575192668103,0
13.565,1.87107528952727,0.187107528952727,-0.74843011581091,0.35156988418909,0
13.57,1.8900461230719,0.18900461230719,-0.756018449228758,0.343981550771242,0
13.575,1.86084510754077,0.186084510754077,-0.744338043016308,0.355661956983692,0
13.58,1.83679448280664,0.183679448280664,-0.734717793122657,0.365282206877343,0
13.585,1.8254493451763,0.18254493451763,-0.730179738070519,0.369820261929482,0
13.59,1.8023684500118,0.18023684500118,-0.720947380004718,0.379052619995282,0
13.595,1.83401018942154,0.183401018942154,-0.733604075768615,0.366395924231385,0
13.6,1.85196274944042,0.185196274944042,-0.740785099776167,0.359214900223833,0
13.605,1.85904457387995,0.185904457387995,-0.74361782955198,0.35638217044802,0
13.61,1.87238213447761,0.187238213447761,-0.748952853791043,0.351047146208957,0
13.615,1.8452593627733,0.18452593627733,-0.738103745109321,0.361896254890679,0
13.62,1.88601412039993,0.188601412039993,-0.754405648159971,0.345594351840029,0
13.625,1.87994520691226,0.187994520691226,-0.751978082764905,0.348021917235095,0
13.63,1.87386858735428,0.187386858735428,-0.749547434941712,0.350452565058288,0
13.635,1.88674143777813,0.188674143777813,-0.75469657511125,0.34530342488875,0
13.64,1.84091629043177,0.184091629043177,-0.736366516172709,0.363633483827291,0
13.645,1.83648457985824,0.183648457985824,-0.734593831943295,0.365406168056705,0
13.65,1.84175286022138,0.184175286022138,-0.73670114408855,0.36329885591145,0
13.655,1.84302163374342,0.184302163374342,-0.737208653497369,0.362791346502631,0
13.66,1.89289993554516,0.189289993554516,-0.757159974218065,0.342840025781935,0
13.665,1.88948626990993,0.188948626990993,-0.75579450796397,0.34420549203603,0
13.67,1.90347819324949,0.190347819324949,-0.761391277299797,0.338608722700203,0
13.675,1.9127885058202,0.19127885058202,-0.765115402328079,0.334884597671921,0
13.68,1.90118427581425,0.190118427581425,-0.7604737103257,0.3395262896743,0
13.685,1.90456075138698,0.190456075138698,-0.76182430055479,0.33817569944521,0
13.69,1.93348421071095,0.193348421071095,-0.773393684284382,0.326606315715618,0
13.695,1.92481792650373,0.192481792650373,-0.769927170601492,0.330072829398508,0
13.7,1.88040198678313,0.188040198678313,-0.752160794713253,0.347839205286747,0
13.705,1.89979131075159,0.189979131075159,-0.759916524300636,0.340083475699364,0
13.71,1.89524725176518,0.189524725176518,-0.758098900706073,0.341901099293927,0
13.715,1.91422077093446,0.191422077093446,-0.765688308373785,0.334311691626215,0
13.72,1.91655601247243,0.191655601247243,-0.766622404988974,0.333377595011026,0
13.725,1.89613471448773,0.189613471448773,-0.75845388579509,0.34154611420491,0
13.73,1.90083321700329,0.190083321700329,-0.760333286801315,0.339666713198685,0
13.735,1.86933365737327,0.186933365737327,-0.74773346294931,0.35226653705069,0
13.74,1.86313203566506,0.186313203566506,-0.745252814266022,0.354747185733978,0
13.745,1.86492798539033,0.186492798539033,-0.745971194156131,0.354028805843869,0
13.75,1.88552613706584,0.188552613706584,-0.754210454826337,0.345789545173663,0
13.755,1.85230079796703,0.185230079796703,-0.740920319186814,0.359079680813186,0
13.76,1.83243100996962,0.183243100996962,-0.732972403987849,0.367027596012151,0
13.765,1.83592438905021,0.183592438905021,-0.734369755620086,0.365630244379914,0
13.77,1.80195264766708,0.180195264766708,-0.720781059066834,0.379218940933166,0
13.775,1.80350477915183,0.180350477915183,-0.721401911660732,0.378598088339269,0
13.78,1.79016975881545,0.179016975881545,-0.716067903526181,0.383932096473819,0
13.785,1.80362006535386,0.180362006535386,-0.721448026141543,0.378551973858457,0
13.79,1.7732894719222,0.17732894719222,-0.70931578876888,0.39068421123112,0
13.795,1.78392174070754,0.178392174070754,-0.713568696283015,0.386431303716985,0
13.8,1.80178499141964,0.180178499141964,-0.720713996567855,0.379286003432145,0
13.805,1.77667093915618,0.177667093915618,-0.710668375662471,0.389331624337529,0
13.81,1.74503169446647,0.174503169446647,-0.698012677786588,0.401987322213412,0
13.815,1.75894530680761,0.175894530680761,-0.703578122723043,0.396421877276957,0
13.82,1.77102217835538,0.177102217835538,-0.708408871342152,0.391591128657848,0
13.825,1.75262636017958,0.175262636017958,-0.701050544071831,0.398949455928169,0
13.83,1.77409248939261,0.177409248939261,-0.709636995757045,0.390363004242955,0
13.835,1.7831654576975,0.17831654576975,-0.713266183078999,0.386733816921001,0
13.84,1.79758980169082,0.179758980169083,-0.71903592067633,0.38096407932367,0
13.845,1.76112333939147,0.176112333939147,-0.704449335756587,0.395550664243413,0
13.85,1.80178197027148,0.180178197027148,-0.720712788108593,0.379287211891407,0
13.855,1.80281755990261,0.180281755990261,-0.721127023961043,0.378872976038958,0
13.86,1.81131110317123,0.181131110317123,-0.72452444126849,0.37547555873151,0
13.865,1.8133034152971,0.18133034152971,-0.725321366118839,0.374678633881162,0
13.87,1.83066864304182,0.183066864304182,-0.732267457216728,0.367732542783272,0
13.875,1.80938726434622,0.180938726434622,-0.723754905738487,0.376245094261513,0
13.88,1.83444841133903,0.183444841133903,-0.733779364535613,0.366220635464387,0
13.885,1.79353472573497,0.179353472573497,-0.717413890293987,0.382586109706013,0
13.89,1.7921243708569,0.17921243708569,-0.71684974834276,0.38315025165724,0
13.895,1.76019603556544,0.176019603556544,-0.704078414226175,0.395921585773825,0
13.9,1.73055507210923,0.173055507210923,-0.692222028843691,0.407777971156309,0
13.905,1.73914151988912,0.173914151988912,-0.695656607955648,0.404343392044352,0
13.91,1.75429793942884,0.175429793942884,-0.701719175771537,0.398280824228463,0
13.915,1.74703911492019,0.174703911492019,-0.698815645968076,0.401184354031924,0
13.92,1.72362569127742,0.172362569127742,-0.689450276510967,0.410549723489033,0
13.925,1.72844901667628,0.172844901667629,-0.691379606670514,0.408620393329486,0
13.93,1.74677050216378,0.174677050216378,-0.698708200865514,0.401291799134486,0
13.935,1.76206883032876,0.176206883032876,-0.704827532131506,0.395172467868494,0
13.94,1.76732331482663,0.176732331482663,-0.706929325930651,0.393070674069349,0
13.945,1.75112193808872,0.175112193808872,-0.700448775235487,0.399551224764513,0
13.95,1.74596001138304,0.174596001138304,-0.698384004553215,0.401615995446786,0
13.955,1.75641801525271,0.175641801525271,-0.702567206101083,0.397432793898917,0
13.96,1.74611671252443,0.174611671252443,-0.698446685009773,0.401553314990227,0
13.965,1.72310192245526,0.172310192245526,-0.689240768982105,0.410759231017895,0
13.97,1.69550873245539,0.169550873245539,-0.678203492982155,0.421796507017845,0
13.975,1.70396028950719,0.170396028950719,-0.681584115802876,0.418415884197124,0
13.98,1.67976293408656,0.167976293408656,-0.671905173634624,0.428094826365376,0
13.985,1.64905964948225,0.164905964948225,-0.659623859792899,0.440376140207101,0
13.99,1.63746256182818,0.163746256182818,-0.654985024731272,0.445014975268728,0
13.995,1.6488016788852,0.16488016788852,-0.659520671554081,0.440479328445919,0
14,1.65612027877068,0.165612027877068,-0.662448111508271,0.437551888491729,0
14.005,1.66257550935517,0.166257550935517,-0.665030203742067,0.434969796257933,0
14.01,1.66348636905108,0.166348636905108,-0.66539454762043,0.43460545237957,0
14.015,1.64368025067697,0.164368025067697,-0.657472100270788,0.442527899729213,0
14.02,1.66818164130493,0.166818164130493,-0.66727265652197,0.43272734347803,0
14.025,1.68671695462513,0.168671695462513,-0.674686781850051,0.425313218149949,0
14.03,1.67168145995888,0.167168145995888,-0.668672583983553,0.431327416016447,0
14.035,1.68134844871061,0.168134844871061,-0.672539379484243,0.427460620515757,0
14.04,1.70173503415382,0.170173503415382,-0.680694013661527,0.419305986338473,0
14.045,1.67372187999142,0.167372187999142,-0.669488751996568,0.430511248003432,0
14.05,1.65498025191482,0.165498025191482,-0.661992100765927,0.438007899234073,0
14.055,1.69228732202408,0.169228732202408,-0.676914928809634,0.423085071190366,0
14.06,1.69950925461975,0.169950925461975,-0.679803701847899,0.420196298152101,0
14.065,1.696443569666,0.1696443569666,-0.678577427866399,0.421422572133601,0
14.07,1.70368070335782,0.170368070335782,-0.681472281343129,0.418527718656871,0
14.075,1.75358254969387,0.175358254969387,-0.701433019877548,0.398566980122452,0
14.08,1.76950880082761,0.176950880082761,-0.707803520331045,0.392196479668955,0
14.085,1.75257997778781,0.175257997778781,-0.701031991115122,0.398968008884878,0
14.09,1.74008126410414,0.174008126410414,-0.696032505641655,0.403967494358345,0
14.095,1.72627873038383,0.172627873038383,-0.690511492153533,0.409488507846467,0
14.1,1.68745683380699,0.168745683380699,-0.674982733522797,0.425017266477203,0
14.105,1.69415725059418,0.169415725059418,-0.677662900237673,0.422337099762327,0
14.11,1.727125486079,0.1727125486079,-0.690850194431598,0.409149805568402,0
14.115,1.74621466542334,0.174621466542334,-0.698485866169334,0.401514133830666,0
14.12,1.74879946251499,0.174879946251499,-0.699519785005996,0.400480214994004,0
14.125,1.71307284000503,0.171307284000503,-0.685229136002013,0.414770863997987,0
14.13,1.70254935837974,0.170254935837974,-0.681019743351896,0.418980256648104,0
14.135,1.74749786608807,0.174749786608807,-0.698999146435228,0.401000853564772,0
14.14,1.7591926509613,0.17591926509613,-0.703677060384521,0.396322939615479,0
14.145,1.77056322106024,0.177056322106024,-0.708225288424098,0.391774711575902,0
14.15,1.79159081350496,0.179159081350496,-0.716636325401985,0.383363674598016,0
14.155,1.81610829686244,0.181610829686244,-0.726443318744978,0.373556681255022,0
14.16,1.78645642459304,0.178645642459305,-0.714582569837218,0.385417430162782,0
14.165,1.76777072176589,0.176777072176589,-0.707108288706354,0.392891711293646,0
14.17,1.78006586260588,0.178006586260588,-0.712026345042351,0.387973654957649,0
14.175,1.7659184776871,0.17659184776871,-0.706367391074838,0.393632608925162,0
14.18,1.79326945659866,0.179326945659866,-0.717307782639462,0.382692217360538,0
14.185,1.78510980527096,0.178510980527096,-0.714043922108383,0.385956077891617,0
14.19,1.80163390433015,0.180163390433015,-0.720653561732061,0.379346438267939,0
14.195,1.79655432728308,0.179655432728308,-0.71862173091323,0.38137826908677,0
14.2,1.76082549761788,0.176082549761788,-0.704330199047152,0.395669800952848,0
14.205,1.76680634634529,0.176680634634529,-0.706722538538116,0.393277461461884,0
14.21,1.76535988904418,0.176535988904418,-0.706143955617673,0.393856044382328,0
14.215,1.76261994429025,0.176261994429025,-0.705047977716099,0.394952022283901,0
14.22,1.79310653745557,0.179310653745557,-0.717242614982227,0.382757385017773,0
14.225,1.77985560675846,0.177985560675846,-0.711942242703383,0.388057757296617,0
14.23,1.7634088090085,0.17634088090085,-0.705363523603401,0.394636476396599,0
14.235,1.76392677678887,0.176392677678887,-0.705570710715549,0.394429289284451,0
14.24,1.75904992585235,0.175904992585235,-0.703619970340942,0.396380029659058,0
14.245,1.7678890997192,0.17678890997192,-0.707155639887678,0.392844360112322,0
14.25,1.75935304965769,0.175935304965769,-0.703741219863076,0.396258780136924,0
14.255,1.77238497140091,0.177238497140091,-0.708953988560366,0.391046011439634,0
14.26,1.74454484100535,0.174454484100535,-0.697817936402138,0.402182063597862,0
14.265,1.70651818740431,0.170651818740431,-0.682607274961723,0.417392725038277,0
14.27,1.68916948396961,0.168916948396961,-0.675667793587844,0.424332206412156,0
14.275,1.69755025202099,0.169755025202099,-0.679020100808398,0.420979899191603,0
14.28,1.69707750916186,0.169707750916186,-0.678831003664743,0.421168996335257,0
14.285,1.71520402694721,0.171520402694721,-0.686081610778886,0.413918389221114,0
14.29,1.74258932711727,0.174258932711727,-0.697035730846908,0.402964269153093,0
14.295,1.74601068009489,0.174601068009489,-0.698404272037958,0.401595727962043,0
14.3,1.68667999044128,0.168667999044128,-0.674671996176514,0.425328003823486,0
14.305,1.69079225107239,0.169079225107239,-0.676316900428957,0.423683099571043,0
14.31,1.69042467725701,0.169042467725701,-0.676169870902805,0.423830129097195,0
14.315,1.68261474651164,0.168261474651164,-0.673045898604656,0.426954101395344,0
14.32,1.67560443646454,0.167560443646454,-0.670241774585817,0.429758225414184,0
14.325,1.63794997426429,0.163794997426429,-0.655179989705717,0.444820010294283,0
14.33,1.64044280622493,0.164044280622493,-0.656177122489972,0.443822877510029,0
14.335,1.62332465151781,0.162332465151781,-0.649329860607124,0.450670139392876,0
14.34,1.64578117521262,0.164578117521262,-0.658312470085049,0.441687529914951,0
14.345,1.62410758272935,0.162410758272935,-0.649643033091741,0.450356966908259,0
14.35,1.63460968797209,0.163460968797209,-0.653843875188836,0.446156124811164,0
14.355,1.63255612647451,0.163255612647451,-0.653022450589802,0.446977549410198,0
14.36,1.64530874526468,0.164530874526468,-0.658123498105871,0.441876501894129,0
14.365,1.67679914273023,0.167679914273023,-0.670719657092093,0.429280342907907,0
14.37,1.67519565074201,0.167519565074201,-0.670078260296804,0.429921739703196,0
14.375,1.71620289303706,0.171620289303706,-0.686481157214826,0.413518842785174,0
14.38,1.71467346184921,0.171467346184921,-0.685869384739685,0.414130615260315,0
14.385,1.71303427658017,0.171303427658017,-0.685213710632066,0.414786289367934,0
14.39,1.7103774965381,0.17103774965381,-0.684150998615241,0.415849001384759,0
14.395,1.74885513285015,0.174885513285015,-0.69954205314006,0.400457946859941,0
14.4,1.77682077853507,0.177682077853507,-0.710728311414026,0.389271688585974,0
14.405,1.78570541872529,0.178570541872529,-0.714282167490116,0.385717832509884,0
14.41,1.76161706616264,0.176161706616264,-0.704646826465055,0.395353173534945,0
14.415,1.7149345031847,0.17149345031847,-0.685973801273879,0.414026198726121,0
14.42,1.71171073009269,0.171171073009269,-0.684684292037078,0.415315707962922,0
14.425,1.70354560320879,0.170354560320879,-0.681418241283515,0.418581758716485,0
14.43,1.69326438580494,0.169326438580494,-0.677305754321977,0.422694245678023,0
14.435,1.71620236736122,0.171620236736122,-0.686480946944487,0.413519053055513,0
14.44,1.71617705851134,0.171617705851134,-0.686470823404538,0.413529176595462,0
14.445,1.76295680373914,0.176295680373914,-0.705182721495657,0.394817278504343,0
14.45,1.74576345413423,0.174576345413423,-0.69830538165369,0.40169461834631,0
14.455,1.72121914720585,0.172121914720585,-0.688487658882338,0.411512341117662,0
14.46,1.67977265892673,0.167977265892673,-0.671909063570693,0.428090936429308,0
14.465,1.66615723193532,0.166615723193532,-0.666462892774127,0.433537107225873,0
14.47,1.70148056537662,0.170148056537662,-0.680592226150648,0.419407773849352,0
14.475,1.70731890225465,0.170731890225465,-0.682927560901859,0.417072439098141,0
14.48,1.67861651685046,0.167861651685046,-0.671446606740184,0.428553393259817,0
14.485,1.66299545507643,0.166299545507643,-0.665198182030573,0.434801817969427,0
14.49,1.65466037260843,0.165466037260843,-0.661864149043374,0.438135850956626,0
14.495,1.67075414654881,0.167075414654881,-0.668301658619523,0.431698341380477,0
14.5,1.65017128986477,0.165017128986477,-0.66006851594591,0.43993148405409,0
14.505,1.64554195653049,0.164554195653049,-0.658216782612197,0.441783217387803,0
14.51,1.61807048599921,0.161807048599921,-0.647228194399682,0.452771805600318,0
14.515,1.65518612109669,0.165518612109669,-0.662074448438675,0.437925551561325,0
14.52,1.64660089801433,0.164660089801433,-0.658640359205732,0.441359640794268,0
14.525,1.59852516657866,0.159852516657866,-0.639410066631465,0.460589933368535,0
14.53,1.62235956715332,0.162235956715332,-0.648943826861328,0.451056173138673,0
14.535,1.60556372113219,0.160556372113219,-0.642225488452877,0.457774511547123,0
14.54,1.58435001341491,0.158435001341491,-0.633740005365962,0.466259994634038,0
14.545,1.59328116904917,0.159328116904917,-0.637312467619666,0.462687532380334,0
14.55,1.58273270216412,0.158273270216412,-0.63309308086565,0.46690691913435,0
14.555,1.57566655847624,0.157566655847624,-0.630266623390494,0.469733376609506,0
14.56,1.57439027463521,0.157439027463521,-0.629756109854084,0.470243890145916,0
14.565,1.60639972428596,0.160639972428596,-0.642559889714385,0.457440110285615,0
14.57,1.62477369371799,0.162477369371799,-0.649909477487197,0.450090522512803,0
14.575,1.63679345579619,0.163679345579619,-0.654717382318475,0.445282617681525,0
14.58,1.67456240184579,0.167456240184579,-0.669824960738318,0.430175039261682,0
14.585,1.64932592336421,0.164932592336421,-0.659730369345683,0.440269630654317,0
14.59,1.61687007517779,0.161687007517779,-0.646748030071116,0.453251969928884,0
14.595,1.62086530254218,0.162086530254218,-0.648346121016873,0.451653878983127,0
14.6,1.62854035776018,0.162854035776018,-0.65141614310407,0.44858385689593,0
14.605,1.65906612148133,0.165906612148133,-0.663626448592533,0.436373551407467,0
14.61,1.64140956669894,0.164140956669894,-0.656563826679577,0.443436173320424,0
14.615,1.64162241415852,0.164162241415852,-0.656648965663407,0.443351034336593,0
14.62,1.65287503154526,0.165287503154526,-0.661150012618103,0.438849987381897,0
14.625,1.59305281046159,0.159305281046159,-0.637221124184635,0.462778875815365,0
14.63,1.58893132789682,0.158893132789682,-0.635572531158729,0.464427468841271,0
14.635,1.55464942912218,0.155464942912218,-0.621859771648873,0.478140228351127,0
14.64,1.55418174674322,0.155418174674322,-0.621672698697288,0.478327301302712,0
14.645,1.55267802311015,0.155267802311015,-0.621071209244062,0.478928790755938,0
14.65,1.56201180007077,0.156201180007077,-0.624804720028306,0.475195279971694,0
14.655,1.5774621798092,0.15774621798092,-0.630984871923678,0.469015128076322,0
14.66,1.56631554265383,0.156631554265383,-0.626526217061532,0.473473782938468,0
14.665,1.56718828575715,0.156718828575715,-0.626875314302859,0.473124685697141,0
14.67,1.57253053661665,0.157253053661665,-0.629012214646659,0.470987785353341,0
14.675,1.58226744937186,0.158226744937186,-0.632906979748745,0.467093020251255,0
14.68,1.63651671951272,0.163651671951272,-0.654606687805088,0.445393312194913,0
14.685,1.63194363134058,0.163194363134058,-0.65277745253623,0.44722254746377,0
14.69,1.60663926445813,0.160663926445813,-0.642655705783251,0.457344294216749,0
14.695,1.61025006371006,0.161025006371006,-0.644100025484023,0.455899974515977,0
14.7,1.60539098536722,0.160539098536722,-0.642156394146887,0.457843605853113,0
14.705,1.56880986713642,0.156880986713642,-0.627523946854569,0.472476053145431,0
14.71,1.59110288707323,0.159110288707323,-0.636441154829293,0.463558845170707,0
14.715,1.59417202212508,0.159417202212508,-0.637668808850032,0.462331191149968,0
14.72,1.60852980884022,0.160852980884022,-0.643411923536086,0.456588076463914,0
14.725,1.63118047503426,0.163118047503426,-0.652472190013703,0.447527809986297,0
14.73,1.6371689999349,0.16371689999349,-0.654867599973959,0.445132400026041,0
14.735,1.65508037750521,0.165508037750521,-0.662032151002084,0.437967848997916,0
14.74,1.63307950236661,0.163307950236661,-0.653231800946644,0.446768199053356,0
14.745,1.6345942638789,0.16345942638789,-0.653837705551558,0.446162294448442,0
14.75,1.62937483416794,0.162937483416794,-0.651749933667175,0.448250066332825,0
14.755,1.64104648686607,0.164104648686607,-0.656418594746428,0.443581405253572,0
14.76,1.61220299352029,0.161220299352029,-0.644881197408116,0.455118802591884,0
14.765,1.62466823140755,0.162466823140755,-0.649867292563019,0.450132707436982,0
14.77,1.62472724045998,0.162472724045998,-0.649890896183991,0.450109103816009,0
14.775,1.62647376579701,0.162647376579701,-0.650589506318805,0.449410493681195,0
14.78,1.65750111041318,0.165750111041318,-0.663000444165271,0.436999555834729,0
14.785,1.65423610158542,0.165423610158542,-0.661694440634167,0.438305559365833,0
14.79,1.66265006905897,0.166265006905897,-0.665060027623587,0.434939972376413,0
14.795,1.65506938023466,0.165506938023466,-0.662027752093863,0.437972247906137,0
14.8,1.65374640063704,0.165374640063704,-0.661498560254817,0.438501439745183,0
14.805,1.62481151376529,0.162481151376529,-0.649924605506114,0.450075394493886,0
14.81,1.62329908961636,0.162329908961636,-0.649319635846542,0.450680364153458,0
14.815,1.57018516506898,0.157018516506898,-0.628074066027591,0.471925933972409,0
14.82,1.58450683540034,0.158450683540034,-0.633802734160135,0.466197265839865,0
14.825,1.5707416213919,0.15707416213919,-0.62829664855676,0.47170335144324,0
14.83,1.5617994531272,0.15617994531272,-0.62471978125088,0.47528021874912,0
14.835,1.54308912053717,0.154308912053717,-0.617235648214866,0.482764351785134,0
14.84,1.54402164622453,0.154402164622453,-0.617608658489811,0.482391341510189,0
14.845,1.53925396256204,0.153925396256204,-0.615701585024814,0.484298414975186,0
14.85,1.53266801506589,0.153266801506589,-0.613067206026358,0.486932793973642,0
14.855,1.51538067650683,0.151538067650683,-0.606152270602733,0.493847729397267,0
14.86,1.53671566260394,0.153671566260394,-0.614686265041576,0.485313734958425,0
14.865,1.55246338633675,0.155246338633675,-0.620985354534702,0.479014645465298,0
14.87,1.54663816248357,0.154663816248357,-0.618655264993427,0.481344735006573,0
14.875,1.53257827638584,0.153257827638584,-0.613031310554336,0.486968689445664,0
14.88,1.49960997571776,0.149960997571776,-0.599843990287102,0.500156009712898,0
14.885,1.47107357781524,0.147107357781524,-0.588429431126096,0.511570568873904,0
14.89,1.44654040232683,0.144654040232683,-0.578616160930731,0.521383839069269,0
14.895,1.43217027378182,0.143217027378182,-0.572868109512729,0.527131890487271,0
14.9,1.42422519125468,0.142422519125468,-0.569690076501872,0.530309923498128,0
14.905,1.40586404057371,0.140586404057371,-0.562345616229486,0.537654383770514,0
14.91,1.40513014522812,0.140513014522812,-0.56205205809125,0.53794794190875,0
14.915,1.39407288737815,0.139407288737815,-0.557629154951261,0.54237084504874,0
14.92,1.43407616012092,0.143407616012092,-0.573630464048368,0.526369535951632,0
14.925,1.44282502623466,0.144282502623466,-0.577130010493865,0.522869989506135,0
14.93,1.41713308661674,0.141713308661674,-0.566853234646695,0.533146765353305,0
14.935,1.42661283558706,0.142661283558706,-0.570645134234826,0.529354865765174,0
14.94,1.43785979079254,0.143785979079254,-0.575143916317016,0.524856083682984,0
14.945,1.4244856167344,0.14244856167344,-0.569794246693759,0.530205753306241,0
14.95,1.44508332397059,0.144508332397059,-0.578033329588236,0.521966670411764,0
14.955,1.43788606369652,0.143788606369652,-0.575154425478609,0.524845574521391,0
14.96,1.42063383251224,0.142063383251224,-0.568253533004896,0.531746466995104,0
14.965,1.44664196019701,0.144664196019701,-0.578656784078803,0.521343215921197,0
14.97,1.42442677581706,0.142442677581706,-0.569770710326822,0.530229289673178,0
14.975,1.39380627203183,0.139380627203183,-0.55752250881273,0.54247749118727,0
14.98,1.40800456717119,0.140800456717119,-0.563201826868474,0.536798173131526,0
14.985,1.42808243766166,0.142808243766166,-0.571232975064666,0.528767024935334,0
14.99,1.40878650622743,0.140878650622743,-0.563514602490972,0.536485397509028,0
14.995,1.42139141836178,0.142139141836178,-0.56855656734471,0.53144343265529,0
15,1.41048204170163,0.141048204170163,-0.564192816680651,0.535807183319349,0
