0.0176241306219693,-0.00205069558399812,0.000939265398733761,-0.00205069558399812,0.00204806285324594,-0.00251398151731875,0.000939265398733761,-0.00251398151731875,0.0508413617643477
0.0175917770466677,-0.00204735749050812,0.000973902393858826,-0.00204735749050812,0.00204565464434324,-0.00265629582148699,0.000973902393858826,-0.00265629582148699,0.0498250032468054
0.0175594902144136,-0.00204400839123823,0.00100822997184836,-0.00204400839123823,0.00204337939273139,-0.00277982290252199,0.00100822997184836,-0.00277982290252199,0.0493384248580391
0.0175272721634591,-0.00204065353556904,0.00103883320869826,-0.00204065353556904,0.00204120203861577,-0.00288902278157121,0.00103883320869826,-0.00288902278157121,0.0489713222904328
0.017495124773057,-0.00203729436016812,0.00106839801878921,-0.00203729436016812,0.00203911140773207,-0.00299097226870975,0.00106839801878921,-0.00299097226870975,0.0487082117421229
0.0174630481413499,-0.00203393075491962,0.00109342149259529,-0.00203393075491962,0.0020371114769264,-0.00307820959780356,0.00109342149259529,-0.00307820959780356,0.0484515750974032
0.0174310437449233,-0.0020305646389324,0.00111666871608977,-0.0020305646389324,0.0020351837633956,-0.00315801523216955,0.00111666871608977,-0.00315801523216955,0.0482500474917485
0.0173991100329607,-0.00202719593340368,0.0011402731547015,-0.00202719593340368,0.00203333560214209,-0.00323518620698566,0.0011402731547015,-0.00323518620698566,0.0481284760324928
0.0173672492565511,-0.00202382656293171,0.00116208749691046,-0.00202382656293171,0.00203154628150765,-0.00330580908567956,0.00116208749691046,-0.00330580908567956,0.0480281387180689
0.0173354628874019,-0.00202045712949402,0.00118307719406986,-0.00202045712949402,0.00202981036748638,-0.00337157800390258,0.00118307719406986,-0.00337157800390258,0.0479542109762486
0.0173037490686682,-0.00201708699885948,0.00120440899969625,-0.00201708699885948,0.00202814099851246,-0.00343464161445947,0.00120440899969625,-0.00343464161445947,0.047916150482222
0.0172721064468581,-0.00201371650615081,0.00122421851560278,-0.00201371650615081,0.00202653812217803,-0.0034921578104487,0.00122421851560278,-0.0034921578104487,0.0478647689488961
0.017240533565792,-0.00201034617050684,0.00124307104381874,-0.00201034617050684,0.00202499931976695,-0.00354598343695579,0.00124307104381874,-0.00354598343695579,0.0478228994727992
0.0172090333355605,-0.0020069782513325,0.00126069488727593,-0.0020069782513325,0.0020234976499603,-0.00359611244762775,0.00126069488727593,-0.00359611244762775,0.0477875240629201
0.0171776030641062,-0.00200361119473425,0.00127800622940325,-0.00200361119473425,0.00202205359758103,-0.00364401876273333,0.00127800622940325,-0.00364401876273333,0.0477672594361133
0.0171462439368397,-0.00200024635353472,0.00129405823113914,-0.00200024635353472,0.00202065127647351,-0.00368858888666398,0.00129405823113914,-0.00368858888666398,0.0477390718238413
0.0171149567398126,-0.00199688402662907,0.00130891100826483,-0.00199688402662907,0.00201928582132805,-0.00372995461015899,0.00130891100826483,-0.00372995461015899,0.0476997624078798
0.0170837460307885,-0.00199352560586541,0.00132061113524326,-0.00199352560586541,0.00201793378863219,-0.00376466231752872,0.00132061113524326,-0.00376466231752872,0.0475927482824885
0.0170526083811224,-0.00199016875859134,0.00133263991227113,-0.00199016875859134,0.00201662540010281,-0.00379803992404263,0.00133263991227113,-0.00379803992404263,0.0475075049137076
0.0170215427892524,-0.00198681447072505,0.00134594780499348,-0.00198681447072505,0.00201535525112941,-0.00383198345235878,0.00134594780499348,-0.00383198345235878,0.0474690513897767
0.0169905496970792,-0.0019834631722386,0.00135736823932232,-0.0019834631722386,0.0020141169553454,-0.00386183799127702,0.00135736823932232,-0.00386183799127702,0.0473808459770442
0.0169596295884885,-0.00198011523949417,0.00136784782751802,-0.00198011523949417,0.00201290514799496,-0.00388918132467044,0.00136784782751802,-0.00388918132467044,0.0472776445594929
0.0169287833716665,-0.00197677148227213,0.00137902346956049,-0.00197677148227213,0.00201171213878414,-0.00391640621481482,0.00137902346956049,-0.00391640621481482,0.0472012034735346
0.0168980104212851,-0.00197343102982243,0.0013883093078833,-0.00197343102982243,0.00201054611041063,-0.00393964248366882,0.0013883093078833,-0.00393964248366882,0.0470659245855846
0.0168673105751178,-0.00197009356169379,0.00139489161961507,-0.00197009356169379,0.00200940677603986,-0.00395799786896105,0.00139489161961507,-0.00395799786896105,0.0468665727618155
0.0168366859962936,-0.00196676037576212,0.00140057781259801,-0.00196676037576212,0.00200827654299016,-0.00397416993327862,0.00140057781259801,-0.00397416993327862,0.0466695400288866
0.0168061359375724,-0.0019634311629912,0.00140704059378268,-0.0019634311629912,0.0020071616093204,-0.003990372014323,0.00140704059378268,-0.003990372014323,0.0465150748746521
0.0167756598468037,-0.00196010563027616,0.00141251731816049,-0.00196010563027616,0.0020060651992271,-0.00400426881809038,0.00141251731816049,-0.00400426881809038,0.0463452599081207
0.0167452584126847,-0.00195678485291266,0.00141925880963775,-0.00195678485291266,0.00200497794853277,-0.00401890189984232,0.00141925880963775,-0.00401890189984232,0.0462274779978046
0.0167149308065751,-0.00195346806513427,0.00142466650966818,-0.00195346806513427,0.00200390781113815,-0.00403084742972794,0.00142466650966818,-0.00403084742972794,0.046073596005804
0.0166846778427585,-0.00195015648396771,0.00143162451010938,-0.00195015648396771,0.00200284417340965,-0.00404382849262101,0.00143162451010938,-0.00404382849262101,0.0459734737505077
0.0166544941250494,-0.00194684808731401,0.00143968918599231,-0.00194684808731401,0.00200181849992348,-0.00405739529473219,0.00143968918599231,-0.00405739529473219,0.0458971840412875
0.0166243815529054,-0.00194354469016291,0.00144615837577551,-0.00194354469016291,0.00200080678644344,-0.00406861688337896,0.00144615837577551,-0.00406861688337896,0.0457751977773758
0.0165943397439097,-0.001940246693166,0.00145395581978381,-0.001940246693166,0.00199980733022448,-0.00408109380090461,0.00145395581978381,-0.00408109380090461,0.0456971519510065
0.0165643664677256,-0.00193695342095976,0.00146211146047473,-0.00193695342095976,0.00199883123123286,-0.00409374736585137,0.00146211146047473,-0.00409374736585137,0.0456208878150768
0.0165344628356336,-0.00193366565237334,0.00146928821921792,-0.00193366565237334,0.00199786674383327,-0.0041051165070112,0.00146928821921792,-0.0041051165070112,0.04550924889181
0.0165046307523623,-0.00193038381830481,0.00147524406545514,-0.00193038381830481,0.00199690387691705,-0.00411479558081207,0.00147524406545514,-0.00411479558081207,0.0453584154813328
0.0164748687639087,-0.00192710677445909,0.00148056187230605,-0.00192710677445909,0.00199595516496699,-0.00412338191601108,0.00148056187230605,-0.00412338191601108,0.0451847443153393
0.0164451801586058,-0.00192383546198823,0.00148351237260325,-0.00192383546198823,0.00199500150657618,-0.00412874905052968,0.00148351237260325,-0.00412874905052968,0.0449483793687143
0.0164155649837741,-0.0019205693795343,0.00148644060722553,-0.0019205693795343,0.00199404776351942,-0.00413348394732264,0.00148644060722553,-0.00413348394732264,0.0447179603711356
0.0163860195370092,-0.00191730688984358,0.00148925194309278,-0.00191730688984358,0.00199311667992164,-0.00413757046550409,0.00148925194309278,-0.00413757046550409,0.0444875523383258
0.0163565445487164,-0.00191404978996716,0.00149388464213103,-0.00191404978996716,0.00199219149147904,-0.00414346237103697,0.00149388464213103,-0.00414346237103697,0.0443143952023867
0.0163271419549676,-0.00191079867919719,0.00149752689039433,-0.00191079867919719,0.001991261850972,-0.00414782082485938,0.00149752689039433,-0.00414782082485938,0.044108235501416
0.0162978103150046,-0.00190755250370879,0.0015008278553078,-0.00190755250370879,0.00199034034085186,-0.00415129326076701,0.0015008278553078,-0.00415129326076701,0.0438867892676553
0.0162685496668442,-0.00190431117508555,0.00150283538312319,-0.00190431117508555,0.00198942544523664,-0.00415286382217298,0.00150283538312319,-0.00415286382217298,0.0436304813630705
0.0162393581916873,-0.00190107430637056,0.00150511895251772,-0.00190107430637056,0.001988524072046,-0.00415441572901781,0.00150511895251772,-0.00415441572901781,0.0433879955770036
0.0162102379860657,-0.00189784305771982,0.00150657420851281,-0.00189784305771982,0.00198761922253415,-0.0041547702850531,0.00150657420851281,-0.0041547702850531,0.0431325814625449
0.0161811858573375,-0.00189461601568193,0.00150806664484003,-0.00189461601568193,0.00198673040154784,-0.00415494892046221,0.00150806664484003,-0.00415494892046221,0.0428872883431851
0.0161522016301558,-0.00189139355454801,0.00150862889883884,-0.00189139355454801,0.00198585172411039,-0.00415407743994459,0.00150862889883884,-0.00415407743994459,0.0426321851913113
0.0161232860411123,-0.00188817640422116,0.00150930959067133,-0.00188817640422116,0.00198497376404059,-0.00415338526672033,0.00150930959067133,-0.00415338526672033,0.0424002484474356
0.0160944375360487,-0.00188496390435426,0.00150971971676927,-0.00188496390435426,0.00198410488380556,-0.00415250842529902,0.00150971971676927,-0.00415250842529902,0.0421775530486799
0.0160656584531862,-0.00188175735700459,0.0015102941850788,-0.00188175735700459,0.00198322737362814,-0.00415193235873423,0.0015102941850788,-0.00415193235873423,0.0419767618716209
0.0160369484340463,-0.00187855604043279,0.00151024019309843,-0.00187855604043279,0.00198234796804665,-0.00415064667734196,0.00151024019309843,-0.00415064667734196,0.0417673750135378
0.0160083070073484,-0.00187535956449711,0.00150978945428323,-0.00187535956449711,0.001981470242674,-0.00414888668675653,0.00150978945428323,-0.00414888668675653,0.0415562153406682
0.0159797369604944,-0.00187216846328749,0.00150717316528733,-0.00187216846328749,0.00198058001830734,-0.00414451700417087,0.00150717316528733,-0.00414451700417087,0.0412950083961039
0.0159512358626467,-0.00186898115469908,0.00150398901761422,-0.00186898115469908,0.00197969593153641,-0.00413933039180624,0.00150398901761422,-0.00413933039180624,0.0410351845571611
0.0159228002909638,-0.00186579665077629,0.00150043529931657,-0.00186579665077629,0.00197883228462576,-0.00413379797485603,0.00150043529931657,-0.00413379797485603,0.0407885716369564
0.0158944334907562,-0.00186261704198589,0.00149622586647777,-0.00186261704198589,0.0019779601601341,-0.00412769618156408,0.00149622586647777,-0.00412769618156408,0.0405542921207105
0.0158661354720529,-0.00185944248118634,0.00149335373109443,-0.00185944248118634,0.00197707960789511,-0.00412330720630185,0.00149335373109443,-0.00412330720630185,0.0403934225684469
0.0158379080334975,-0.00185627340036778,0.00149023121571935,-0.00185627340036778,0.00197618315433823,-0.00411864952421461,0.00149023121571935,-0.00411864952421461,0.0402422249416769
0.0158097510397141,-0.00185310924904594,0.00148735582357952,-0.00185310924904594,0.00197527709229847,-0.00411415768694007,0.00148735582357952,-0.00411415768694007,0.0401108289675945
0.015781663785337,-0.00184994983084977,0.00148566018608026,-0.00184994983084977,0.0019743667074464,-0.00411087600541365,0.00148566018608026,-0.00411087600541365,0.0400255076123614
0.0157536437781833,-0.00184679407984024,0.00148368824774949,-0.00184679407984024,0.00197346681110505,-0.00410714806641017,0.00148368824774949,-0.00410714806641017,0.039928542584944
0.0157256907798372,-0.00184364256537145,0.00148199745601541,-0.00184364256537145,0.0019725717360794,-0.00410376094068929,0.00148199745601541,-0.00410376094068929,0.0398465484420776
0.015697805988159,-0.00184049618405543,0.00148069443959503,-0.00184049618405543,0.00197167068776092,-0.004100848794881,0.00148069443959503,-0.004100848794881,0.0397829429208422
0.0156699892131242,-0.00183735447892911,0.0014786585883146,-0.00183735447892911,0.00197076739349244,-0.00409702235572673,0.0014786585883146,-0.00409702235572673,0.0396932965177615
0.0156422404090603,-0.00183421761313723,0.00147732341606022,-0.00183421761313723,0.00196986092362256,-0.00409394121970577,0.00147732341606022,-0.00409394121970577,0.0396308526654551
0.0156145598976413,-0.00183108552037266,0.00147534888067316,-0.00183108552037266,0.0019689505353017,-0.00408997426998243,0.00147534888067316,-0.00408997426998243,0.0395432491475334
0.0155869435743571,-0.0018279562408396,0.00147243770689573,-0.0018279562408396,0.00196806070630801,-0.00408490870077777,0.00147243770689573,-0.00408490870077777,0.0394256171438747
0.0155593959401192,-0.00182483232786078,0.00146867502459893,-0.00182483232786078,0.00196715572107482,-0.00407887089174149,0.00146867502459893,-0.00407887089174149,0.0392941396243526
0.0155319138681086,-0.0018217121656299,0.00146544470996738,-0.0018217121656299,0.00196625742183876,-0.00407348969426337,0.00146544470996738,-0.00407348969426337,0.0391970216576911
0.0155044963837184,-0.00181859559692291,0.00146135879325238,-0.00181859559692291,0.00196536710616093,-0.0040672676231382,0.00146135879325238,-0.0040672676231382,0.0390854286558662
0.0154771462951442,-0.00181548437995437,0.00145786421578344,-0.00181548437995437,0.00196446250024058,-0.00406191625738623,0.00145786421578344,-0.00406191625738623,0.0390200972845927
0.0154498614430181,-0.00181237733324529,0.00145492101718551,-0.00181237733324529,0.00196355979513021,-0.00405738143003015,0.00145492101718551,-0.00405738143003015,0.0389914083935941
0.0154226423903095,-0.00180927538628297,0.00145374750490087,-0.00180927538628297,0.00196265116498473,-0.00405518665029601,0.00145374750490087,-0.00405518665029601,0.0390459896474792
0.0153954890941235,-0.00180617884987157,0.00145437591653671,-0.00180617884987157,0.00196173665309192,-0.00405533891275345,0.00145437591653671,-0.00405533891275345,0.0391700097728519
0.0153683986016688,-0.00180308615168361,0.001454517790057,-0.00180308615168361,0.00196083633123086,-0.0040550575125394,0.001454517790057,-0.0040550575125394,0.0392544955103052
0.0153413729489294,-0.00179999871225702,0.00145491176587896,-0.00179999871225702,0.00195993197989924,-0.00405529018976176,0.00145491176587896,-0.00405529018976176,0.0393384506802832
0.0153144085459088,-0.00179691473086023,0.00145493914951766,-0.00179691473086023,0.00195904642469455,-0.00405532452055344,0.00145493914951766,-0.00405532452055344,0.0393932456653713
0.015287507136451,-0.00179383501836008,0.00145284178737368,-0.00179383501836008,0.00195816415636977,-0.00405308228154232,0.00145284178737368,-0.00405308228154232,0.0393637614012151
0.0152606713964743,-0.00179076028752098,0.00144934047302349,-0.00179076028752098,0.0019572701076168,-0.00404929679239716,0.00144934047302349,-0.00404929679239716,0.0392908349331959
0.0152339018852954,-0.00178769025701224,0.00144583435704602,-0.00178769025701224,0.00195636549467527,-0.00404554780947858,0.00144583435704602,-0.00404554780947858,0.0392292256760922
0.0152071963137187,-0.00178462374545148,0.00144277701200059,-0.00178462374545148,0.00195546631960725,-0.00404240414125238,0.00144277701200059,-0.00404240414125238,0.0391921821135587
0.0151805555755198,-0.00178156131212108,0.00143920141070134,-0.00178156131212108,0.00195456450678744,-0.00403866161874168,0.00143920141070134,-0.00403866161874168,0.0391410670093407
0.0151539790721833,-0.00177850237057548,0.00143456314135973,-0.00177850237057548,0.00195366474582515,-0.00403360948748999,0.00143456314135973,-0.00403360948748999,0.039056548519514
0.0151274646524862,-0.00177544646066712,0.00143088500156285,-0.00177544646066712,0.0019527754698928,-0.00402999716568564,0.00143088500156285,-0.00402999716568564,0.0390292895539459
0.015101015060735,-0.00177239519963859,0.00142687379076078,-0.00177239519963859,0.00195187550827134,-0.00402618762431137,0.00142687379076078,-0.00402618762431137,0.0390041765210989
0.0150746300376543,-0.00176934797411503,0.00142255365341077,-0.00176934797411503,0.00195097049133253,-0.00402209715673197,0.00142255365341077,-0.00402209715673197,0.038977942925096
0.0150483097366184,-0.00176630473127758,0.00141833771669665,-0.00176630473127758,0.00195006047335381,-0.0040182162950103,0.00141833771669665,-0.0040182162950103,0.0389675560320338
0.0150220545483343,-0.00176326558563276,0.00141438140101745,-0.00176326558563276,0.00194914395737601,-0.00401468952718093,0.00141438140101745,-0.00401468952718093,0.0389765588054155
0.0149958662112193,-0.00176023097168599,0.00140992924298358,-0.00176023097168599,0.00194821343197364,-0.00401035058154595,0.00140992924298358,-0.00401035058154595,0.0389656009448334
0.014969740840698,-0.00175719896276154,0.0014064727805058,-0.00175719896276154,0.00194729516683833,-0.00400720359235895,0.0014064727805058,-0.00400720359235895,0.0390004466440749
0.0149436796208981,-0.00175417089288904,0.00140337833466787,-0.00175417089288904,0.00194637473956462,-0.00400451141042019,0.00140337833466787,-0.00400451141042019,0.039053414538556
0.0149176822178309,-0.00175114692880911,0.00140148812943714,-0.00175114692880911,0.00194545273470459,-0.00400337127043394,0.00140148812943714,-0.00400337127043394,0.0391593051985916
0.0148917467090446,-0.00174812615847925,0.00139936887981805,-0.00174812615847925,0.0019445408516399,-0.00400194474270371,0.00139936887981805,-0.00400194474270371,0.0392443838160391
0.0148658710439767,-0.00174510841922774,0.00139827570410198,-0.00174510841922774,0.00194364451144226,-0.00400209007184603,0.00139827570410198,-0.00400209007184603,0.0393743532601666
0.0148400572950396,-0.00174209507332457,0.00139643019148023,-0.00174209507332457,0.00194274575619389,-0.00400155660267096,0.00139643019148023,-0.00400155660267096,0.039468337255632
0.014814307421466,-0.00173908667593275,0.00139426151802984,-0.00173908667593275,0.00194183507119829,-0.00400072352520034,0.00139426151802984,-0.00400072352520034,0.0395465409660985
0.0147886202709076,-0.00173608233404045,0.00139286591827703,-0.00173608233404045,0.00194092377675057,-0.00400090271913119,0.00139286591827703,-0.00400090271913119,0.0396521675256477
0.0147629932702946,-0.00173308095412609,0.00139180810421335,-0.00173308095412609,0.00194002681359232,-0.00400158558559929,0.00139180810421335,-0.00400158558559929,0.0397592709415346
0.0147374281503504,-0.00173008354643545,0.00138945414712002,-0.00173008354643545,0.00193912944068039,-0.00400065576012301,0.00138945414712002,-0.00400065576012301,0.0398004324981015
0.0147119260490744,-0.00172709031170692,0.00138634842805584,-0.00172709031170692,0.00193822620738697,-0.00399871480721769,0.00138634842805584,-0.00399871480721769,0.0398081197703725
0.0146864850344776,-0.00172410013474797,0.00138334920093527,-0.00172410013474797,0.00193733048376939,-0.00399690133522274,0.00138334920093527,-0.00399690133522274,0.039822744107311
0.0146611037450998,-0.00172111291585986,0.00138084991375731,-0.00172111291585986,0.00193644550332844,-0.00399590331823142,0.00138084991375731,-0.00399590331823142,0.0398659302662568
0.0146357826867065,-0.00171812935148053,0.00137829376823376,-0.00171812935148053,0.00193556326180599,-0.00399509284198864,0.00137829376823376,-0.00399509284198864,0.0399144706534014
0.014610518901367,-0.00171514795312041,0.00137508531323497,-0.00171514795312041,0.00193470066086273,-0.0039938263963385,0.00137508531323497,-0.0039938263963385,0.0399439014476021
0.0145853151841507,-0.00171217069066431,0.00137153785194974,-0.00171217069066431,0.00193383303354352,-0.00399265576577225,0.00137153785194974,-0.00399265576577225,0.0399817100075779
0.014560172510054,-0.00170919780895545,0.00136847961786519,-0.00170919780895545,0.00193295645286781,-0.00399263587587639,0.00136847961786519,-0.00399263587587639,0.0400627426081345
0.0145350891130704,-0.00170622795844652,0.00136538038071957,-0.00170622795844652,0.00193208581322243,-0.00399296961699435,0.00136538038071957,-0.00399296961699435,0.0401499682302055
0.0145100645152307,-0.00170326100716155,0.00136213702981921,-0.00170326100716155,0.00193122200466113,-0.00399360340900683,0.00136213702981921,-0.00399360340900683,0.0402403514094125
0.0144851015071713,-0.0017002986786819,0.00135985149318237,-0.0017002986786819,0.00193034511898973,-0.00399613254602262,0.00135985149318237,-0.00399613254602262,0.0403894718360346
0.0144601955128253,-0.00169733826005745,0.0013586172046015,-0.00169733826005745,0.00192948835626447,-0.00400070451255412,0.0013586172046015,-0.00400070451255412,0.0405811659538242
0.0144353499330291,-0.0016943820439084,0.00135732634934801,-0.0016943820439084,0.00192862454256865,-0.00400576755364896,0.00135732634934801,-0.00400576755364896,0.0407561430089559
0.0144105651541136,-0.00169142946340353,0.00135561396533413,-0.00169142946340353,0.00192775745165713,-0.00401044391587788,0.00135561396533413,-0.00401044391587788,0.0408828254338574
0.0143858370769432,-0.00168847800344561,0.00135364045154229,-0.00168847800344561,0.00192691547830338,-0.00401498845470321,0.00135364045154229,-0.00401498845470321,0.0409686217364416
0.01436116695323,-0.00168552889262326,0.00135057550540782,-0.00168552889262326,0.00192608290241491,-0.00401837341323455,0.00135057550540782,-0.00401837341323455,0.0409915846795467
0.0143365561016207,-0.00168258265043325,0.00134645318343054,-0.00168258265043325,0.00192525058700168,-0.00402059876186501,0.00134645318343054,-0.00402059876186501,0.0409646638693502
0.014312007303027,-0.00167964028864644,0.00134163248430146,-0.00167964028864644,0.00192440370966219,-0.00402196598540588,0.00134163248430146,-0.00402196598540588,0.040907150512787
0.0142875212259376,-0.00167670108404026,0.00133576915676594,-0.00167670108404026,0.00192354675685528,-0.00402149882893395,0.00133576915676594,-0.00402149882893395,0.0407960222784961
0.0142630969953004,-0.00167376422993333,0.00133051845343914,-0.00167376422993333,0.00192268898080591,-0.00402178085750353,0.00133051845343914,-0.00402178085750353,0.0407093252277695
0.0142387351449041,-0.0016708299583667,0.00132498966271685,-0.0016708299583667,0.00192182769034587,-0.00402126115254369,0.00132498966271685,-0.00402126115254369,0.0405991009469837
0.0142144367782335,-0.00166789866497624,0.00131912171248461,-0.00166789866497624,0.00192095779077881,-0.00401969148582975,0.00131912171248461,-0.00401969148582975,0.0404631060011483
0.0141901990040466,-0.00166496843523545,0.00131307934399621,-0.00166496843523545,0.00192010062925105,-0.00401737237388532,0.00131307934399621,-0.00401737237388532,0.0403105912611182
0.0141660217296863,-0.00166203988641367,0.00130645433212068,-0.00166203988641367,0.00191924993748802,-0.00401385410922712,0.00130645433212068,-0.00401385410922712,0.0401346121779407
0.0141419043556913,-0.00165911316255176,0.00129977791083617,-0.00165911316255176,0.00191840484464616,-0.00401013890002863,0.00129977791083617,-0.00401013890002863,0.0399677390204314
0.0141178444946424,-0.00165618711853291,0.00129213751982767,-0.00165618711853291,0.00191757716981766,-0.00400499454088954,0.00129213751982767,-0.00400499454088954,0.0397745627290475
0.0140938431789561,-0.00165326335091001,0.00128449816473829,-0.00165326335091001,0.00191675047602489,-0.00400020583438384,0.00128449816473829,-0.00400020583438384,0.0396140657847102
0.0140699025929934,-0.00165034312553357,0.00127624027774321,-0.00165034312553357,0.00191590970848556,-0.00399468412148328,0.00127624027774321,-0.00399468412148328,0.0394541826753741
0.0140460222600718,-0.00164742566631203,0.00126831285678131,-0.00164742566631203,0.00191506223449897,-0.00398994227096021,0.00126831285678131,-0.00398994227096021,0.0393395979065498
0.0140222026988125,-0.00164451101405918,0.00126004159823323,-0.00164451101405918,0.00191420661737133,-0.00398474933457563,0.00126004159823323,-0.00398474933457563,0.0392281255202393
0.0139984428736508,-0.00164159811461855,0.00125107256645057,-0.00164159811461855,0.00191335231773571,-0.00397844977455261,0.00125107256645057,-0.00397844977455261,0.0390987955129071
0.0139747430286897,-0.00163868749405147,0.00124252021693406,-0.00163868749405147,0.00191249437387725,-0.00397312105241802,0.00124252021693406,-0.00397312105241802,0.0390226409166009
0.013951104619491,-0.00163578010369781,0.00123416090366667,-0.00163578010369781,0.00191162297263179,-0.00396832100410598,0.00123416090366667,-0.00396832100410598,0.038981984834888
0.0139275282314441,-0.00163287578717296,0.00122596321310247,-0.00163287578717296,0.00191073901536222,-0.0039638229540957,0.00122596321310247,-0.0039638229540957,0.0389655006926428
0.0139040123706137,-0.00162997321235711,0.00121833005515392,-0.00162997321235711,0.00190985626969539,-0.00396034729756658,0.00121833005515392,-0.00396034729756658,0.038992996686675
0.0138805572016536,-0.00162707262549835,0.00121022610229664,-0.00162707262549835,0.00190897211100134,-0.00395597982656206,0.00121022610229664,-0.00395597982656206,0.0389941138893533
0.0138571637426278,-0.00162417489792168,0.00120262693357623,-0.00162417489792168,0.00190807831667411,-0.00395251844054679,0.00120262693357623,-0.00395251844054679,0.039038065006316
0.0138338294030173,-0.00162127807276964,0.0011956771273518,-0.00162127807276964,0.00190719502497168,-0.00395030299756067,0.0011956771273518,-0.00395030299756067,0.0391281404680612
0.0138105554565062,-0.00161838378114646,0.00118884979394643,-0.00161838378114646,0.00190630721736308,-0.00394845447353094,0.00118884979394643,-0.00394845447353094,0.0392301847125327
0.0137873405004164,-0.00161549088988909,0.00118223239071074,-0.00161549088988909,0.00190542591480152,-0.00394716489191434,0.00118223239071074,-0.00394716489191434,0.0393475375730711
0.0137641849106769,-0.0016126001533686,0.0011759593850019,-0.0016126001533686,0.00190454448807743,-0.00394680249260654,0.0011759593850019,-0.00394680249260654,0.0394928206336546
0.0137410898443032,-0.001609712224966,0.00116924797888517,-0.001609712224966,0.00190365578831981,-0.00394573256425718,0.00116924797888517,-0.00394573256425718,0.039604407795677
0.0137180569954088,-0.00160682794477687,0.00116299229920197,-0.00160682794477687,0.00190275145617375,-0.0039454297857863,0.00116299229920197,-0.0039454297857863,0.0397417907559809
0.0136950855667646,-0.00160394591413495,0.00115729162054681,-0.00160394591413495,0.00190184480249524,-0.00394581189642391,0.00115729162054681,-0.00394581189642391,0.0398940037199089
0.0136721737098579,-0.00160106471985681,0.00115170177194396,-0.00160106471985681,0.00190094978986684,-0.003946039320678,0.00115170177194396,-0.003946039320678,0.0400249450152224
0.0136493231559353,-0.00159818642853995,0.00114606653744059,-0.00159818642853995,0.00190004795767369,-0.00394584960604422,0.00114606653744059,-0.00394584960604422,0.0401324046071443
0.0136265319926432,-0.00159530914805939,0.00114025303186335,-0.00159530914805939,0.00189915660305549,-0.00394495628942092,0.00114025303186335,-0.00394495628942092,0.0402066439290081
0.013603797429948,-0.00159243168751584,0.00113486763765998,-0.00159243168751584,0.00189828836258855,-0.00394485035385254,0.00113486763765998,-0.00394485035385254,0.0403032588388805
0.0135811203634154,-0.00158955628976276,0.00112956888354553,-0.00158955628976276,0.00189742416757635,-0.00394523570152007,0.00112956888354553,-0.00394523570152007,0.0404130400599602
0.0135585010544711,-0.0015866831982888,0.00112388522055988,-0.0015866831982888,0.00189656105100812,-0.00394524638564862,0.00112388522055988,-0.00394524638564862,0.0405044619057783
0.0135359406043947,-0.00158381320215268,0.00111813538631213,-0.00158381320215268,0.00189569116448255,-0.00394539274968336,0.00111813538631213,-0.00394539274968336,0.0406002192648062
0.0135134389648447,-0.00158094583348707,0.00111280719038531,-0.00158094583348707,0.00189481846175316,-0.00394647725558786,0.00111280719038531,-0.00394647725558786,0.0407265422522232
0.013490995981994,-0.00157808076647925,0.00110776777384145,-0.00157808076647925,0.00189394594341614,-0.00394816289306949,0.00110776777384145,-0.00394816289306949,0.0408650004882885
0.0134686143111013,-0.00157522013555873,0.00110307387069181,-0.00157522013555873,0.00189305482638302,-0.00395029635608125,0.00110307387069181,-0.00395029635608125,0.0410102242292981
0.0134462929750968,-0.00157236171070689,0.00109835979903618,-0.00157236171070689,0.00189216398066666,-0.00395177150386863,0.00109835979903618,-0.00395177150386863,0.0411165158867207
0.0134240305117174,-0.00156950417649319,0.00109323869609784,-0.00156950417649319,0.00189128493271332,-0.00395190159251451,0.00109323869609784,-0.00395190159251451,0.0411648152080687
0.0134018275119701,-0.0015666489272597,0.0010880572723745,-0.0015666489272597,0.00189040633275299,-0.00395146589668904,0.0010880572723745,-0.00395146589668904,0.0411943031475049
0.0133796836927043,-0.00156379574927882,0.00108261122597926,-0.00156379574927882,0.00188953003470848,-0.00395009032077209,0.00108261122597926,-0.00395009032077209,0.0411958416588464
0.0133575976534884,-0.00156094395734043,0.00107778900193435,-0.00156094395734043,0.00188866335487647,-0.00394952352432199,0.00107778900193435,-0.00394952352432199,0.0412327135808451
0.013335569246759,-0.00155809467098324,0.00107421059003424,-0.00155809467098324,0.00188779943582558,-0.00395103233373639,0.00107421059003424,-0.00395103233373639,0.0413452781675931
0.0133135989983181,-0.00155524875142204,0.00107129087697045,-0.00155524875142204,0.00188693233901757,-0.00395352524514468,0.00107129087697045,-0.00395352524514468,0.0414831315426981
0.0132916851015637,-0.00155240443557033,0.00106883382318326,-0.00155240443557033,0.00188607786786555,-0.00395663885362078,0.00106883382318326,-0.00395663885362078,0.0416235182122143
0.0132698301487185,-0.00154956493885774,0.00106681911625954,-0.00154956493885774,0.00188520990530624,-0.00396026449962747,0.00106681911625954,-0.00396026449962747,0.0417647235313291
0.0132480322342706,-0.00154672763058851,0.00106557004918035,-0.00154672763058851,0.0018843513373233,-0.00396472255412959,0.00106557004918035,-0.00396472255412959,0.0419076940816142
0.013226292138107,-0.0015438938131567,0.00106448244796212,-0.0015438938131567,0.00188349220240108,-0.00396893367229429,0.00106448244796212,-0.00396893367229429,0.0420138455242352
0.0132046093928883,-0.00154106294837107,0.00106371939616414,-0.00154106294837107,0.00188263769601531,-0.00397305400868782,0.00106371939616414,-0.00397305400868782,0.0420897040702488
0.0131829838091323,-0.0015382354326093,0.00106391085059842,-0.0015382354326093,0.00188178655559847,-0.00397806735092035,0.00106391085059842,-0.00397806735092035,0.0421662927639042
0.0131614141407459,-0.00153541012619357,0.00106377728663785,-0.00153541012619357,0.00188094863019939,-0.00398189726367554,0.00106377728663785,-0.00398189726367554,0.0421730877884351
0.0131399011104645,-0.00153258838335409,0.00106323733273792,-0.00153258838335409,0.0018801126736474,-0.00398448299595646,0.00106323733273792,-0.00398448299595646,0.0421225603263267
0.0131184422482245,-0.00152976797212946,0.00106251572588722,-0.00152976797212946,0.00187929750604139,-0.00398631285905295,0.00106251572588722,-0.00398631285905295,0.0420351119870934
0.0130970388754083,-0.001526951118324,0.00106050575517789,-0.001526951118324,0.00187848352599761,-0.00398585197648092,0.00106050575517789,-0.00398585197648092,0.0418799313437502
0.0130756913720307,-0.00152413831241072,0.0010586761984058,-0.00152413831241072,0.00187766668158532,-0.00398529330558224,0.0010586761984058,-0.00398529330558224,0.0417308125585506
0.0130544007737472,-0.00152133037449179,0.0010569031404845,-0.00152133037449179,0.001876840197175,-0.00398431308319974,0.0010569031404845,-0.00398431308319974,0.0415782566242945
0.0130331651746783,-0.00151852507662851,0.00105543506918984,-0.00151852507662851,0.00187602306390367,-0.00398327163802246,0.00105543506918984,-0.00398327163802246,0.0414288658460577
0.0130119839311374,-0.00151572283820135,0.00105419784612024,-0.00151572283820135,0.00187521324294105,-0.00398219566800506,0.00105419784612024,-0.00398219566800506,0.0412830907044268
0.0129908544205578,-0.00151292252318369,0.0010542059815116,-0.00151292252318369,0.00187442331703474,-0.00398279453892103,0.0010542059815116,-0.00398279453892103,0.0411844000703116
0.0129697798877741,-0.00151012801427121,0.00105272504173173,-0.00151012801427121,0.00187361966308851,-0.00398111375267841,0.00105272504173173,-0.00398111375267841,0.0410206606370141
0.012948758754221,-0.00150733662599529,0.00105077465306526,-0.00150733662599529,0.00187282255294714,-0.00397853604948884,0.00105077465306526,-0.00397853604948884,0.0408389551358115
0.0129277916295075,-0.00150454938363171,0.00104837958351581,-0.00150454938363171,0.00187202305282873,-0.00397512755431615,0.00104837958351581,-0.00397512755431615,0.0406468416748392
0.0129068788625729,-0.00150176657574146,0.00104588162839678,-0.00150176657574146,0.00187121843187701,-0.00397133466091642,0.00104588162839678,-0.00397133466091642,0.040459598613305
0.0128860185049452,-0.00149898629751267,0.00104343897528833,-0.00149898629751267,0.00187042458126497,-0.00396747502489953,0.00104343897528833,-0.00396747502489953,0.0402836638136352
0.012865212216413,-0.0014962113888313,0.00104151412486802,-0.0014962113888313,0.00186961966668625,-0.00396422112635829,0.00104151412486802,-0.00396422112635829,0.0401409245568077
0.0128444581342727,-0.00149343907217387,0.00103856969283528,-0.00149343907217387,0.00186882456915909,-0.00395940285995991,0.00103856969283528,-0.00395940285995991,0.0399614269734624
0.0128237562966007,-0.00149067079289973,0.00103656960224483,-0.00149067079289973,0.00186802947199771,-0.00395592637175983,0.00103656960224483,-0.00395592637175983,0.039838209570824
0.0128031087177668,-0.0014879088313745,0.00103494596506592,-0.0014879088313745,0.00186721641934744,-0.0039528696674198,0.00103494596506592,-0.0039528696674198,0.0397389118735203
0.0127825132868215,-0.00148514978383293,0.00103273931843776,-0.00148514978383293,0.00186641162921842,-0.00394881525891057,0.00103273931843776,-0.00394881525891057,0.0396132724494124
0.0127619716200339,-0.00148239590489082,0.00103025933460758,-0.00148239590489082,0.00186559646704357,-0.00394418193006937,0.00103025933460758,-0.00394418193006937,0.0394824328453971
0.0127414824445159,-0.00147964532598802,0.00102744506417269,-0.00147964532598802,0.00186478525220186,-0.00393888219042331,0.00102744506417269,-0.00393888219042331,0.039343127935666
0.0127210437521352,-0.00147689708417087,0.00102525095514615,-0.00147689708417087,0.00186398752689093,-0.00393445084175319,0.00102525095514615,-0.00393445084175319,0.0392435533672358
0.0127006568080015,-0.00147415418932772,0.00102414578174588,-0.00147415418932772,0.00186318159867955,-0.00393162529711158,0.00102414578174588,-0.00393162529711158,0.0392064093424614
0.0126803194510898,-0.00147141416774834,0.00102299240458747,-0.00147141416774834,0.00186238755519993,-0.00392887165497627,0.00102299240458747,-0.00392887165497627,0.0391703902867027
0.0126600324410789,-0.00146867861348464,0.00102151833138519,-0.00146867861348464,0.00186159232022437,-0.00392587015978975,0.00102151833138519,-0.00392587015978975,0.0391285253762109
0.0126397942003361,-0.00146594577947901,0.0010194371317011,-0.00146594577947901,0.00186080884675525,-0.00392229132122192,0.0010194371317011,-0.00392229132122192,0.0390701724782586
0.0126196067148236,-0.0014632185713917,0.00101749763805981,-0.0014632185713917,0.00186001378546393,-0.00391921340480601,0.00101749763805981,-0.00391921340480601,0.0390378314611568
0.012599469371832,-0.00146049539445458,0.00101497633194973,-0.00146049539445458,0.00185921822825371,-0.00391549464522041,0.00101497633194973,-0.00391549464522041,0.0389897560949499
0.0125793833889439,-0.00145777803428272,0.00101376255595801,-0.00145777803428272,0.00185840928936855,-0.0039138743697034,0.00101376255595801,-0.0039138743697034,0.0390206434665935
0.0125593468851659,-0.00145506387583652,0.00101272257352628,-0.00145506387583652,0.00185760805600259,-0.00391264680141447,0.00101272257352628,-0.00391264680141447,0.0390583961426423
0.0125393600878257,-0.00145235374161218,0.00101165201324506,-0.00145235374161218,0.00185680807204399,-0.00391155777538474,0.00101165201324506,-0.00391155777538474,0.0390949786355354
0.012519422227409,-0.00144964743650269,0.00101164255388793,-0.00144964743650269,0.00185601248365027,-0.00391231492284612,0.00101164255388793,-0.00391231492284612,0.0391853475496204
0.0124995344542231,-0.00144694629283121,0.00101155788011499,-0.00144694629283121,0.0018552104459412,-0.00391313681310971,0.00101155788011499,-0.00391313681310971,0.0392628253919203
0.0124796959891048,-0.00144424882232026,0.00101120040359963,-0.00144424882232026,0.00185441281995442,-0.00391362637005729,0.00101120040359963,-0.00391362637005729,0.0393136121611345
0.012459906662057,-0.00144155574852528,0.00101239229725502,-0.00144155574852528,0.00185361612985018,-0.0039165962356125,0.00101239229725502,-0.0039165962356125,0.039429834401991
0.0124401646785821,-0.00143886504839816,0.00101300218738932,-0.00143886504839816,0.00185283614618437,-0.00391884160231073,0.00101300218738932,-0.00391884160231073,0.039493185683128
0.0124204703444719,-0.00143617782241972,0.00101311534221026,-0.00143617782241972,0.00185206344083192,-0.00392060603993412,0.00101311534221026,-0.00392060603993412,0.0395216184173211
0.0124008227164039,-0.00143349341000551,0.00101305235888296,-0.00143349341000551,0.00185130288996545,-0.00392247569627349,0.00101305235888296,-0.00392247569627349,0.0395368400254279
0.0123812244965493,-0.00143081473417518,0.00101223243595154,-0.00143081473417518,0.00185052941327899,-0.00392343589323205,0.00101223243595154,-0.00392343589323205,0.0395149878849118
0.0123616755604662,-0.0014281401330794,0.0010104759844506,-0.0014281401330794,0.00184975346540005,-0.00392295146522101,0.0010104759844506,-0.00392295146522101,0.0394453535141708
0.0123421745459956,-0.00142546771250021,0.0010079249105998,-0.00142546771250021,0.00184898853897631,-0.00392126563785827,0.0010079249105998,-0.00392126563785827,0.0393418482189277
0.0123227233261411,-0.00142280047686062,0.00100622539160538,-0.00142280047686062,0.00184821185165146,-0.00392100333860868,0.00100622539160538,-0.00392100333860868,0.0392882607949178
0.0123033215251663,-0.00142013754753313,0.00100534765814724,-0.00142013754753313,0.0018474311744672,-0.00392199559421987,0.00100534765814724,-0.00392199559421987,0.0392690107235893
0.0122839689436789,-0.00141747866982939,0.00100511909781934,-0.00141747866982939,0.00184664946637052,-0.00392388135889524,0.00100511909781934,-0.00392388135889524,0.0392649258761607
0.0122646648796105,-0.00141482281143206,0.00100442535616757,-0.00141482281143206,0.00184587436534747,-0.00392483862502399,0.00100442535616757,-0.00392483862502399,0.039219119944937
0.0122454098573927,-0.001412170957895,0.00100385520814245,-0.001412170957895,0.00184509824817312,-0.00392579657184732,0.00100385520814245,-0.00392579657184732,0.0391646648428344
0.0122262021483363,-0.00140952107563778,0.0010027428198369,-0.00140952107563778,0.00184433662435128,-0.003925757114743,0.0010027428198369,-0.003925757114743,0.0390730444392851
0.0122070399900286,-0.0014068724639332,0.00100147191457431,-0.0014068724639332,0.00184359560345498,-0.00392559188486838,0.00100147191457431,-0.00392559188486838,0.0389734632218573
0.0121879257476492,-0.00140422854638823,0.000999277105341693,-0.00140422854638823,0.00184284704487878,-0.00392411782484876,0.000999277105341693,-0.00392411782484876,0.0388414355717228
0.0121688600595712,-0.00140158946957912,0.000997327721659574,-0.00140158946957912,0.00184208911558718,-0.00392305237727124,0.000997327721659574,-0.00392305237727124,0.0387274754971643
0.0121498427396557,-0.00139895455821833,0.000995754500781806,-0.00139895455821833,0.00184132720910485,-0.00392250463664533,0.000995754500781806,-0.00392250463664533,0.0386299513671589
0.0121308707516404,-0.00139632056809277,0.000994189761666179,-0.00139632056809277,0.00184058725214426,-0.0039220316338934,0.000994189761666179,-0.0039220316338934,0.0385302229208541
0.0121119447324639,-0.00139368946914857,0.000991847383666463,-0.00139368946914857,0.00183985343148232,-0.00392053420788809,0.000991847383666463,-0.00392053420788809,0.0384034350297873
0.0120930648847574,-0.00139106153937213,0.000988656475891123,-0.00139106153937213,0.00183912203928579,-0.00391790778433263,0.000988656475891123,-0.00391790778433263,0.0382531492177148
0.0120742310568356,-0.00138843684220877,0.000985461353707135,-0.00138843684220877,0.00183839219202815,-0.0039155887958175,0.000985461353707135,-0.0039155887958175,0.0381213920786872
0.0120554429007196,-0.00138581549753553,0.000982968161735297,-0.00138581549753553,0.0018376638082727,-0.00391486685731387,0.000982968161735297,-0.00391486685731387,0.0380398476071291
0.0120366981228395,-0.0013831951459131,0.000980117230090135,-0.0013831951459131,0.00183695499971297,-0.00391412632487137,0.000980117230090135,-0.00391412632487137,0.0379557614164729
0.0120179983443658,-0.00138057866840816,0.00097708823654657,-0.00138057866840816,0.00183624315633627,-0.00391381149922619,0.00097708823654657,-0.00391381149922619,0.0378853955957101
0.0119993430461985,-0.00137796522889738,0.000974225985534798,-0.00137796522889738,0.00183553410832562,-0.0039145840015133,0.000974225985534798,-0.0039145840015133,0.0378429066404276
0.0119807322497392,-0.00137535442758294,0.000970260202558072,-0.00137535442758294,0.00183482891445352,-0.00391405208226108,0.000970260202558072,-0.00391405208226108,0.0377610739705664
0.0119621677698272,-0.00137274795184609,0.000965549811987921,-0.00137274795184609,0.00183411250605847,-0.00391272615121673,0.000965549811987921,-0.00391272615121673,0.0376626718684282
0.0119436477487935,-0.00137014304516204,0.000961152155290474,-0.00137014304516204,0.00183340527795718,-0.00391274166065295,0.000961152155290474,-0.00391274166065295,0.0376031058397734
0.0119251717442772,-0.00136753961661441,0.000956285345283988,-0.00136753961661441,0.00183270731348859,-0.00391267777407664,0.000956285345283988,-0.00391267777407664,0.0375399995003865
0.0119067397394881,-0.00136493819580926,0.000951690093486057,-0.00136493819580926,0.00183201433047228,-0.0039143265236805,0.000951690093486057,-0.0039143265236805,0.0375215379194186
0.0118883510751003,-0.0013623379853326,0.000946714412973293,-0.0013623379853326,0.0018313313067366,-0.00391642981648316,0.000946714412973293,-0.00391642981648316,0.0375068605113531
0.0118700067801069,-0.00135974012175987,0.000940815137777347,-0.00135974012175987,0.00183064781687779,-0.00391771460409785,0.000940815137777347,-0.00391771460409785,0.0374643962370724
0.0118517092594662,-0.00135714665664628,0.000934239643553046,-0.00135714665664628,0.00182994620024272,-0.00391843806787752,0.000934239643553046,-0.00391843806787752,0.0374079423164035
0.0118334603405657,-0.0013545579140048,0.000927204094970089,-0.0013545579140048,0.00182922166433278,-0.00391856979428251,0.000927204094970089,-0.00391856979428251,0.03733927584504
0.0118152598760295,-0.00135197188523323,0.000920462992108779,-0.00135197188523323,0.00182848775262773,-0.00391976740253349,0.000920462992108779,-0.00391976740253349,0.03729931264586
0.0117971095539778,-0.00134938970268569,0.000913770111465835,-0.00134938970268569,0.00182773553686403,-0.0039209977082999,0.000913770111465835,-0.0039209977082999,0.0372579891305804
0.0117790086782616,-0.00134680906834797,0.000907524075500695,-0.00134680906834797,0.00182698151905061,-0.00392309332725045,0.000907524075500695,-0.00392309332725045,0.0372324740013521
0.0117609580904718,-0.00134423089240237,0.000901599336224454,-0.00134423089240237,0.00182621950542623,-0.00392552765196961,0.000901599336224454,-0.00392552765196961,0.0372064260975595
0.011742958301259,-0.00134165500719301,0.000895555578213982,-0.00134165500719301,0.00182545065921762,-0.00392681055660913,0.000895555578213982,-0.00392681055660913,0.0371423485859282
0.0117250070568761,-0.00133907823913194,0.000890099582991991,-0.00133907823913194,0.00182469856731765,-0.00392896143820747,0.000890099582991991,-0.00392896143820747,0.0370901714583516
0.0117071038956272,-0.00133650149398847,0.000884252688119413,-0.00133650149398847,0.00182395767105245,-0.00392960036730523,0.000884252688119413,-0.00392960036730523,0.0369928520039759
0.0116892493525088,-0.00133392638612532,0.000878026735225653,-0.00133392638612532,0.00182321666829624,-0.00392884573570863,0.000878026735225653,-0.00392884573570863,0.0368624923597146
0.0116714452312368,-0.00133135516602567,0.000871321178117628,-0.00133135516602567,0.00182245920132444,-0.00392622982953016,0.000871321178117628,-0.00392622982953016,0.0366960145266387
0.0116536908844936,-0.00132878596768666,0.000865392084063218,-0.00132878596768666,0.0018216986992196,-0.00392495053681142,0.000865392084063218,-0.00392495053681142,0.036569509015887
0.0116359882192886,-0.00132622129463392,0.000859484296711273,-0.00132622129463392,0.00182091807598035,-0.00392280083768063,0.000859484296711273,-0.00392280083768063,0.03642896080831
0.0116183358527213,-0.00132365751110346,0.000853268769152648,-0.00132365751110346,0.00182014226165595,-0.00391889389777846,0.000853268769152648,-0.00391889389777846,0.036253183851039
0.0116007334008038,-0.00132109542035491,0.000847939336571445,-0.00132109542035491,0.00181936728792118,-0.00391633462382776,0.000847939336571445,-0.00391633462382776,0.0361191590048792
0.0115831812573796,-0.00131853623745495,0.000842983253279479,-0.00131853623745495,0.00181858596285948,-0.0039138265851852,0.000842983253279479,-0.0039138265851852,0.0359927280451456
0.0115656796228786,-0.00131598000957719,0.000838162508404777,-0.00131598000957719,0.00181779844872281,-0.00391073117452671,0.000838162508404777,-0.00391073117452671,0.0358581295077811
0.0115482273395225,-0.0013134252275108,0.000834073713398871,-0.0013134252275108,0.00181701630153412,-0.00390849039413142,0.000834073713398871,-0.00390849039413142,0.0357489424612402
0.0115308213017529,-0.00131086896208199,0.000830765903909724,-0.00131086896208199,0.00181626166435016,-0.00390751796122142,0.000830765903909724,-0.00390751796122142,0.0356694222769391
0.0115134626007315,-0.00130831612903466,0.000827984639880431,-0.00130831612903466,0.00181550317120242,-0.00390738032901668,0.000827984639880431,-0.00390738032901668,0.0356096120168743
0.0114961495230905,-0.00130576409419086,0.000825281436047256,-0.00130576409419086,0.00181475911617187,-0.00390718186695873,0.000825281436047256,-0.00390718186695873,0.0355432817997803
0.01147888118986,-0.00130321365170924,0.000823563998500079,-0.00130321365170924,0.00181402599582736,-0.00390911787076678,0.000823563998500079,-0.00390911787076678,0.0355228486754783
0.0114616579376116,-0.00130066605481168,0.000821243355414216,-0.00130066605481168,0.0018132952615227,-0.00390975290094084,0.000821243355414216,-0.00390975290094084,0.0354627669215358
0.0114444789278108,-0.00129812038596244,0.000819228029338423,-0.00129812038596244,0.0018125732876716,-0.00391114286064811,0.000819228029338423,-0.00391114286064811,0.0354148439301469
0.0114273440130454,-0.00129557752434881,0.00081786588686046,-0.00129557752434881,0.00181185515682143,-0.00391414556560327,0.00081786588686046,-0.00391414556560327,0.0353964716529404
0.0114102520537375,-0.00129303576756878,0.000815947444615084,-0.00129303576756878,0.0018111519138047,-0.00391616981856586,0.000815947444615084,-0.00391616981856586,0.0353433511823287
0.0113932026280878,-0.00129049579572,0.000814136872561424,-0.00129049579572,0.00181045926377232,-0.00391885806168744,0.000814136872561424,-0.00391885806168744,0.0352970835940593
0.0113761981626777,-0.00128796167864184,0.000811928396097051,-0.00128796167864184,0.00180974926391866,-0.00392089422553117,0.000811928396097051,-0.00392089422553117,0.0352307664329245
0.011359237834882,-0.00128543046925635,0.000810248847457036,-0.00128543046925635,0.00180904106953474,-0.00392425239644165,0.000810248847457036,-0.00392425239644165,0.0351858565042941
0.0113423203879219,-0.00128290042567185,0.000808875459177777,-0.00128290042567185,0.00180834674790073,-0.003928512931688,0.000808875459177777,-0.003928512931688,0.035147364480216
0.0113254457805596,-0.00128037214768322,0.000806585545264273,-0.00128037214768322,0.00180766167284379,-0.00393088442800129,0.000806585545264273,-0.00393088442800129,0.0350570556401178
0.011308613112659,-0.00127784495234117,0.000804338642271572,-0.00127784495234117,0.00180699026028818,-0.00393376208606244,0.000804338642271572,-0.00393376208606244,0.0349704923249217
0.0112918231746522,-0.001275320759014,0.000801347308858652,-0.001275320759014,0.00180631910877932,-0.00393525590820253,0.000801347308858652,-0.00393525590820253,0.0348511757778116
0.0112750760483227,-0.00127279944908175,0.000798308131989494,-0.00127279944908175,0.00180564833074119,-0.00393700593098233,0.000798308131989494,-0.00393700593098233,0.0347356850983538
0.0112583713581292,-0.00127028043128733,0.000795558699169151,-0.00127028043128733,0.00180498178655769,-0.00393989092060641,0.000795558699169151,-0.00393989092060641,0.0346394126832421
0.0112417106149385,-0.00126776582343153,0.000792021894933995,-0.00126776582343153,0.00180430452986972,-0.00394099329207867,0.000792021894933995,-0.00394099329207867,0.0345050828948624
0.0112250945340771,-0.00126525532965909,0.000788231663867779,-0.00126525532965909,0.00180361725961456,-0.00394142786979147,0.000788231663867779,-0.00394142786979147,0.0343588453235472
0.0112085206778261,-0.0012627446256471,0.00078562741130446,-0.0012627446256471,0.00180294898672621,-0.00394512742916007,0.00078562741130446,-0.00394512742916007,0.0342720932811235
0.0111919902724581,-0.00126023740895877,0.000782991938692388,-0.00126023740895877,0.00180227633907711,-0.0039489451875581,0.000782991938692388,-0.0039489451875581,0.0341790354657124
0.0111755051977501,-0.00125773554613571,0.000779725329047637,-0.00125773554613571,0.00180158595021943,-0.00395093103933498,0.000779725329047637,-0.00395093103933498,0.0340456653235521
0.0111590645542007,-0.00125523539982985,0.000776186356146079,-0.00125523539982985,0.00180090027100432,-0.00395189368160332,0.000776186356146079,-0.00395189368160332,0.0338898819973917
0.0111426685485817,-0.0012527377868387,0.000772621799226869,-0.0012527377868387,0.00180021410533167,-0.00395249433955888,0.000772621799226869,-0.00395249433955888,0.0337266805352286
0.0111263182554907,-0.00125024425198725,0.000768708180000947,-0.00125024425198725,0.00179951711585339,-0.00395171639383249,0.000768708180000947,-0.00395171639383249,0.0335403612204608
0.0111100118431488,-0.00124775086939307,0.000765019429989792,-0.00124775086939307,0.00179883453434299,-0.00395119722478452,0.000765019429989792,-0.00395119722478452,0.0333595634736257
0.0110937500001592,-0.00124526038369278,0.000760865139947011,-0.00124526038369278,0.00179814905767575,-0.00394912221679143,0.000760865139947011,-0.00394912221679143,0.0331547610773517
0.0110775340479583,-0.00124277489881371,0.000756800975920548,-0.00124277489881371,0.00179744706569105,-0.00394681591170937,0.000756800975920548,-0.00394681591170937,0.0329522738464228
0.0110613643638011,-0.0012402933764351,0.000752566209966368,-0.0012402933764351,0.00179673460541236,-0.00394343348171209,0.000752566209966368,-0.00394343348171209,0.0327369875523561
0.0110452399443221,-0.00123781320931914,0.000748028384198234,-0.00123781320931914,0.0017960279259047,-0.00393869278030523,0.000748028384198234,-0.00393869278030523,0.0325046075018397
0.0110291606662627,-0.00123533542593574,0.000743413190106075,-0.00123533542593574,0.00179532092019895,-0.00393326100675107,0.000743413190106075,-0.00393326100675107,0.0322690401915701
0.0110131265029753,-0.00123286065086866,0.000738921982584099,-0.00123286065086866,0.00179461006669151,-0.00392768454102892,0.000738921982584099,-0.00392768454102892,0.0320403307497524
0.010997138021051,-0.00123039020060244,0.000734730287717277,-0.00123039020060244,0.00179388752580095,-0.00392235638622024,0.000734730287717277,-0.00392235638622024,0.0318252293238054
0.0109811950276539,-0.00122792310773476,0.000730783858641323,-0.00122792310773476,0.00179315962127171,-0.00391711503634973,0.000730783858641323,-0.00391711503634973,0.0316191839399074
0.0109652978168381,-0.00122545994953296,0.00072697971332315,-0.00122545994953296,0.0017924230614413,-0.00391165830209672,0.00072697971332315,-0.00391165830209672,0.0314164478027981
0.010949445358704,-0.00122299858333435,0.000723259411853807,-0.00122299858333435,0.00179169150804542,-0.00390592188039395,0.000723259411853807,-0.00390592188039395,0.031214665255711
0.0109336374735702,-0.00122054052363422,0.000720482657324271,-0.00122054052363422,0.00179095700720251,-0.00390206430537928,0.000720482657324271,-0.00390206430537928,0.031052154290451
0.0109178743200848,-0.00121808643180086,0.000717997828138929,-0.00121808643180086,0.00179021620018315,-0.0038984471018938,0.000717997828138929,-0.0038984471018938,0.0308966175701573
0.0109021561392041,-0.0012156369984194,0.000716652618324514,-0.0012156369984194,0.00178946596478349,-0.00389704588993899,0.000716652618324514,-0.00389704588993899,0.0307816969881121
0.0108864811716397,-0.00121318879008891,0.000716221763458998,-0.00121318879008891,0.00178872902541328,-0.00389738512641405,0.000716221763458998,-0.00389738512641405,0.030692005158932
0.0108708488149002,-0.00121074281692835,0.000716097793378294,-0.00121074281692835,0.00178800046180603,-0.00389810444429184,0.000716097793378294,-0.00389810444429184,0.030600719693461
0.0108552601634696,-0.00120830169581607,0.000715263451665259,-0.00120830169581607,0.00178726359794687,-0.00389674449239969,0.000715263451665259,-0.00389674449239969,0.0304676852581084
0.0108397154501756,-0.00120586444260358,0.000713671386736414,-0.00120586444260358,0.00178652318753124,-0.00389315003042398,0.000713671386736414,-0.00389315003042398,0.0302954238426646
0.0108242136257748,-0.00120342924097422,0.000712356353113896,-0.00120342924097422,0.00178579066972941,-0.00388978728247217,0.000712356353113896,-0.00388978728247217,0.0301276267538059
0.0108087553463731,-0.00120099812860448,0.000709974074190859,-0.00120099812860448,0.00178505280848656,-0.00388359399120642,0.000709974074190859,-0.00388359399120642,0.0299158863840869
0.0107933398222311,-0.00119856967396875,0.000707774972664414,-0.00119856967396875,0.0017843183788415,-0.0038774550877916,0.000707774972664414,-0.0038774550877916,0.0297102886831841
0.0107779667762357,-0.00119614414279231,0.00070484592351158,-0.00119614414279231,0.00178358547139859,-0.0038693901025594,0.00070484592351158,-0.0038693901025594,0.0294790378624686
0.0107626354614435,-0.00119372083461098,0.00070130722692672,-0.00119372083461098,0.00178285792653953,-0.00385975807658713,0.00070130722692672,-0.00385975807658713,0.0292300950053364
0.010747346710651,-0.00119130313275857,0.000698274900033247,-0.00119130313275857,0.00178211561038577,-0.00385095184916565,0.000698274900033247,-0.00385095184916565,0.0290049841485396
0.010732100054196,-0.00118888931856363,0.000695196497311884,-0.00118888931856363,0.00178136904983956,-0.0038417854560067,0.000695196497311884,-0.0038417854560067,0.0287819095699986
0.0107168946490948,-0.00118647848251338,0.000692415189708092,-0.00118647848251338,0.00178062440640704,-0.00383307871546825,0.000692415189708092,-0.00383307871546825,0.0285740623095434
0.0107017302059951,-0.00118407169014796,0.000690290741959898,-0.00118407169014796,0.00177987636432682,-0.00382564140480561,0.000690290741959898,-0.00382564140480561,0.0283945802605782
0.0106866062906073,-0.001181668901565,0.000688689970096591,-0.001181668901565,0.00177912614545559,-0.00381921572153556,0.000688689970096591,-0.00381921572153556,0.0282370852854743
0.0106715231164768,-0.00117927108280624,0.000687315951994299,-0.00117927108280624,0.00177836831558373,-0.00381313275915282,0.000687315951994299,-0.00381313275915282,0.0280889012507097
0.0106564795719739,-0.00117687578942458,0.000685729490444025,-0.00117687578942458,0.0017776177385903,-0.00380651857968909,0.000685729490444025,-0.00380651857968909,0.0279334859880771
0.0106414745766776,-0.0011744831623364,0.00068508865872225,-0.0011744831623364,0.00177687506924054,-0.00380198157064573,0.00068508865872225,-0.00380198157064573,0.0278159897244554
0.0106265072622544,-0.0011720937597376,0.000685434297105461,-0.0011720937597376,0.00177613884374493,-0.0037997143647831,0.000685434297105461,-0.0037997143647831,0.0277366540774939
0.0106115799618259,-0.00116971237037656,0.00068494064963257,-0.00116971237037656,0.00177537900043997,-0.00379556020098305,0.00068494064963257,-0.00379556020098305,0.0276233667295966
0.0105966920162926,-0.00116733484294304,0.000683968326089149,-0.00116733484294304,0.00177461921755844,-0.0037902713902115,0.000683968326089149,-0.0037902713902115,0.0274903996798895
0.0105818430436116,-0.00116496062241115,0.000682483216120652,-0.00116496062241115,0.00177386228835229,-0.00378379901193702,0.000682483216120652,-0.00378379901193702,0.0273387380195944
0.0105670338474072,-0.00116259215373821,0.000681214510525538,-0.00116259215373821,0.00177309330755465,-0.00377766330725857,0.000681214510525538,-0.00377766330725857,0.0271961641684169
0.0105522642789131,-0.00116022828789603,0.000679968894545597,-0.00116022828789603,0.00177231907355949,-0.00377142765366761,0.000679968894545597,-0.00377142765366761,0.0270542429895819
0.0105375328892554,-0.0011578659201692,0.000677955908149469,-0.0011578659201692,0.00177155799381933,-0.00376348521440175,0.000677955908149469,-0.00376348521440175,0.0268854216414426
0.0105228395421933,-0.00115550691742431,0.000675671422940673,-0.00115550691742431,0.00177079874918411,-0.00375493911148988,0.000675671422940673,-0.00375493911148988,0.0267109342017139
0.0105081845672763,-0.00115315308871095,0.00067380647658679,-0.00115315308871095,0.00177003077637144,-0.00374726692028345,0.00067380647658679,-0.00374726692028345,0.0265564497860659
0.0104935656725189,-0.00115080034191226,0.000672510042803921,-0.00115080034191226,0.00176928006743694,-0.00374097963407579,0.000672510042803921,-0.00374097963407579,0.0264276690746928
0.010478983815901,-0.00114845323713042,0.000671438968242464,-0.00114845323713042,0.00176851985533964,-0.00373528992463265,0.000671438968242464,-0.00373528992463265,0.0263115381925201
0.0104644388637234,-0.00114611112274113,0.000670756121474646,-0.00114611112274113,0.00176775422566156,-0.00373055400967912,0.000670756121474646,-0.00373055400967912,0.0262127802254257
0.0104499295841231,-0.00114377146297534,0.000669894129005755,-0.00114377146297534,0.00176699864841676,-0.00372559951512599,0.000669894129005755,-0.00372559951512599,0.0261094874028438
0.0104354559779623,-0.00114143557962112,0.000668651951326253,-0.00114143557962112,0.00176624497209242,-0.00371998618364101,0.000668651951326253,-0.00371998618364101,0.0259954446882617
0.0104210201430978,-0.00113910744864331,0.000666712424397297,-0.00113910744864331,0.00176546770159213,-0.00371279836210517,0.000666712424397297,-0.00371279836210517,0.0258580470890399
0.0104066214804309,-0.00113678343743528,0.000664331273449946,-0.00113678343743528,0.00176468743285886,-0.00370460024661309,0.000664331273449946,-0.00370460024661309,0.0257069838954818
0.0103922610578585,-0.00113446609676827,0.000662553614551807,-0.00113446609676827,0.00176388878303706,-0.00369768452220335,0.000662553614551807,-0.00369768452220335,0.025582102625487
0.0103779378703573,-0.00113215225349939,0.000661124635635322,-0.00113215225349939,0.00176309126083806,-0.00369152656513723,0.000661124635635322,-0.00369152656513723,0.0254717512272308
0.0103636521777805,-0.00112984314770838,0.00065977680430032,-0.00112984314770838,0.00176228763962299,-0.00368548844337084,0.00065977680430032,-0.00368548844337084,0.0253648205566319
0.0103494043903835,-0.00112753936852906,0.000658581117331121,-0.00112753936852906,0.00176147424773979,-0.00367968181883396,0.000658581117331121,-0.00367968181883396,0.0252631389128034
0.0103351946810013,-0.00112524058427931,0.000657511906972722,-0.00112524058427931,0.0017606529309399,-0.00367400947888054,0.000657511906972722,-0.00367400947888054,0.0251645520656488
0.0103210233265061,-0.00112294683500478,0.000656530713151759,-0.00112294683500478,0.0017598232879581,-0.00366833903376458,0.000656530713151759,-0.00366833903376458,0.0250666223005843
0.0103068891267281,-0.0011206554226166,0.000655644124871884,-0.0011206554226166,0.00175900187714063,-0.00366276388060662,0.000655644124871884,-0.00366276388060662,0.0249698378541031
0.0102927937117855,-0.00111837054637146,0.000654241812192461,-0.00111837054637146,0.00175816278662682,-0.00365577314737605,0.000654241812192461,-0.00365577314737605,0.0248509792447524
0.0102787357260443,-0.00111608810434372,0.000653038887318493,-0.00111608810434372,0.00175733060221001,-0.00364906662270404,0.000653038887318493,-0.00364906662270404,0.0247379001257134
0.0102647152297179,-0.00111381022715996,0.000652754345615903,-0.00111381022715996,0.00175649374023534,-0.00364423608966037,0.000652754345615903,-0.00364423608966037,0.0246570710337832
0.0102507309545137,-0.00111153485714023,0.000652991060858437,-0.00111153485714023,0.00175566583180171,-0.00364047133917243,0.000652991060858437,-0.00364047133917243,0.0245920930449154
0.0102367834131509,-0.00110926467772196,0.000653728424639865,-0.00110926467772196,0.00175483152828527,-0.00363767841398016,0.000653728424639865,-0.00363767841398016,0.0245410546334683
0.0102228713459434,-0.00110699644962005,0.000653752724283928,-0.00110699644962005,0.00175401010718535,-0.00363326039801598,0.000653752724283928,-0.00363326039801598,0.0244596765879124
0.0102089957925539,-0.00110473370768632,0.000653580399768958,-0.00110473370768632,0.0017531797552329,-0.00362827905387349,0.000653580399768958,-0.00362827905387349,0.0243687795799417
0.0101951549943529,-0.00110247273979659,0.000653803778361318,-0.00110247273979659,0.00175236344292984,-0.00362414327167425,0.000653803778361318,-0.00362414327167425,0.0242901047911016
0.0101813478958822,-0.00110021388035265,0.000654299428907857,-0.00110021388035265,0.00175156042365898,-0.00362067515249638,0.000654299428907857,-0.00362067515249638,0.0242200453882738
0.0101675744157939,-0.00109795875585441,0.000654724121699017,-0.00109795875585441,0.00175076134130687,-0.00361714655800473,0.000654724121699017,-0.00361714655800473,0.0241470555256204
0.0101538349489512,-0.00109570834791279,0.000654542706440439,-0.00109570834791279,0.00174995954232322,-0.00361234875966362,0.000654542706440439,-0.00361234875966362,0.0240529200118852
0.0101401302658686,-0.00109346334981123,0.000653373684163191,-0.00109346334981123,0.00174914917632563,-0.00360535911205431,0.000653373684163191,-0.00360535911205431,0.0239254100411852
0.0101264588680206,-0.00109122072845905,0.000652707616981338,-0.00109122072845905,0.00174834879930422,-0.0035995437303174,0.000652707616981338,-0.0035995437303174,0.023817704797439
0.0101128215370494,-0.00108898293985223,0.000650996501692318,-0.00108898293985223,0.00174754293822756,-0.0035914406785939,0.000650996501692318,-0.0035914406785939,0.0236761931664601
0.010099216676352,-0.00108674706693772,0.000649496430985996,-0.00108674706693772,0.00174674931567958,-0.00358392653932813,0.000649496430985996,-0.00358392653932813,0.0235463449598595
0.0100856453580374,-0.00108451692357644,0.000647898134064127,-0.00108451692357644,0.00174594500834049,-0.00357624610533245,0.000647898134064127,-0.00357624610533245,0.0234172104129038
0.0100721068934134,-0.00108229045255409,0.000645969377422396,-0.00108229045255409,0.00174514199644461,-0.00356791362815701,0.000645969377422396,-0.00356791362815701,0.0232806002225049
0.0100586020057859,-0.00108006957794458,0.000643923938498061,-0.00108006957794458,0.0017443282401895,-0.00355934515622646,0.000643923938498061,-0.00355934515622646,0.0231440756821817
0.0100451305425401,-0.00107785360717441,0.000642177298370602,-0.00107785360717441,0.00174350786161081,-0.00355148122877499,0.000642177298370602,-0.00355148122877499,0.0230220380512082
0.010031691797864,-0.00107564101647141,0.000640161100237438,-0.00107564101647141,0.00174269006272397,-0.00354307770575564,0.000640161100237438,-0.00354307770575564,0.0228938306804793
0.0100182857160204,-0.00107343228127415,0.00063762348239464,-0.00107343228127415,0.00174187157750735,-0.00353355240907867,0.00063762348239464,-0.00353355240907867,0.0227509593915601
0.0100049121060441,-0.00107122800568819,0.00063583725214095,-0.00107122800568819,0.00174104926790021,-0.00352584506954944,0.00063583725214095,-0.00352584506954944,0.0226405836437502
0.00999157007042041,-0.00106902643826085,0.000633314335245547,-0.00106902643826085,0.00174023371595095,-0.00351658178508288,0.000633314335245547,-0.00351658178508288,0.0225073379310479
0.00997826022356915,-0.00106683018276334,0.000631225019164294,-0.00106683018276334,0.00173940931111099,-0.00350844196259095,0.000631225019164294,-0.00350844196259095,0.0223957305210274
0.00996498214469415,-0.00106463827232829,0.000629356319138841,-0.00106463827232829,0.00173858215139385,-0.00350096563174234,0.000629356319138841,-0.00350096563174234,0.022297116950479
0.00995173656274572,-0.00106245248862458,0.000627946824085843,-0.00106245248862458,0.00173774165045019,-0.00349467470762946,0.000627946824085843,-0.00349467470762946,0.0222197966122031
0.00993852152954479,-0.00106026857940012,0.000627060649832516,-0.00106026857940012,0.00173691421211383,-0.00348987594336684,0.000627060649832516,-0.00348987594336684,0.022166121080737
0.00992533725593734,-0.00105808870507384,0.000626201348592088,-0.00105808870507384,0.00173608747743293,-0.00348539003589056,0.000626201348592088,-0.00348539003589056,0.0221165605949856
0.0099121843968467,-0.00105591398594853,0.000624724643123302,-0.00105591398594853,0.00173525389812129,-0.00347957763145255,0.000624724643123302,-0.00347957763145255,0.0220451666607761
0.00989906269583958,-0.00105374323765479,0.000622924969060958,-0.00105374323765479,0.00173441974104354,-0.00347314144905139,0.000622924969060958,-0.00347314144905139,0.0219641688850019
0.00988597103217239,-0.00105157467747652,0.000621122544287543,-0.00105157467747652,0.0017335958627973,-0.00346695590638576,0.000621122544287543,-0.00346695590638576,0.0218875024953174
0.00987291022397882,-0.0010494109041512,0.000618681922670304,-0.0010494109041512,0.0017327662430601,-0.00345936051607433,0.000618681922670304,-0.00345936051607433,0.0217896106277828
0.00985987939859712,-0.0010472503369658,0.000616788536377113,-0.0010472503369658,0.00173194045641824,-0.00345342376997584,0.000616788536377113,-0.00345342376997584,0.0217198328226545
0.00984687915378458,-0.00104509470806541,0.000614553868150164,-0.00104509470806541,0.00173110806599029,-0.003446834502949,0.000614553868150164,-0.003446834502949,0.0216406077505337
0.00983390896122463,-0.00104294239727222,0.000611817693990315,-0.00104294239727222,0.00173027810237314,-0.00343917778398189,0.000611817693990315,-0.00343917778398189,0.0215454480797623
0.00982096956009685,-0.00104079524408267,0.000608804318306352,-0.00104079524408267,0.00172943891503212,-0.00343096053530659,0.000608804318306352,-0.00343096053530659,0.0214438974651022
0.00980806066752415,-0.00103865265412827,0.000606712017045161,-0.00103865265412827,0.00172859424149692,-0.00342543142661697,0.000606712017045161,-0.00342543142661697,0.0213880012470889
0.00979518273399861,-0.00103651487925391,0.000603722435143764,-0.00103651487925391,0.00172774212481644,-0.00341761870330107,0.000603722435143764,-0.00341761870330107,0.0212960461023775
0.00978233518475023,-0.00103438053038528,0.000601122352725577,-0.00103438053038528,0.00172689046209597,-0.00341107295787542,0.000601122352725577,-0.00341107295787542,0.0212263274454423
0.00976951850259768,-0.00103225129489344,0.000599160342872563,-0.00103225129489344,0.00172602963981529,-0.00340648913996371,0.000599160342872563,-0.00340648913996371,0.0211896194309821
0.00975673230639578,-0.00103012577179104,0.000597263251156176,-0.00103012577179104,0.00172516807959853,-0.00340229896917565,0.000597263251156176,-0.00340229896917565,0.0211584689849072
0.00974397647231516,-0.001028004052722,0.000595941543948838,-0.001028004052722,0.00172430547556262,-0.00339998136291099,0.000595941543948838,-0.00339998136291099,0.0211564457563127
0.00973125098208235,-0.00102588580367724,0.000594104970849049,-0.00102588580367724,0.00172344363156305,-0.0033964052322737,0.000594104970849049,-0.0033964052322737,0.0211314185994514
0.00971855598327073,-0.00102377131504397,0.000592196021562202,-0.00102377131504397,0.00172258027928177,-0.00339281199759508,0.000592196021562202,-0.00339281199759508,0.0211047971067101
0.00970589127259716,-0.00102165991242945,0.000589907108600918,-0.00102165991242945,0.00172171902933711,-0.00338829594822858,0.000589907108600918,-0.00338829594822858,0.0210621463099411
0.00969325720430943,-0.00101955262261764,0.000587686492526475,-0.00101955262261764,0.00172085345326574,-0.00338413678985581,0.000587686492526475,-0.00338413678985581,0.0210250311230765
0.00968065403513213,-0.00101744958307966,0.000585464412344633,-0.00101744958307966,0.00171998241339669,-0.00338009252207535,0.000585464412344633,-0.00338009252207535,0.0209893783002717
0.00966808166263524,-0.00101535056791962,0.000584319761237423,-0.00101535056791962,0.00171910749758232,-0.00337943081151072,0.000584319761237423,-0.00337943081151072,0.0210067325472533
0.00965553965061881,-0.00101325406640412,0.000582694627612716,-0.00101325406640412,0.00171823782368746,-0.00337747283942616,0.000582694627612716,-0.00337747283942616,0.0209994888310283
0.00964302791127356,-0.00101116030433347,0.00058100205127278,-0.00101116030433347,0.00171737175991861,-0.00337546783505719,0.00058100205127278,-0.00337546783505719,0.02098893113247
0.00963054626423269,-0.00100906944205461,0.000579728275424512,-0.00100906944205461,0.0017165085295066,-0.00337493079075942,0.000579728275424512,-0.00337493079075942,0.0209988768220646
0.00961809461670202,-0.00100698148816541,0.000578477340823013,-0.00100698148816541,0.00171564823959596,-0.00337465591575672,0.000578477340823013,-0.00337465591575672,0.021009237694709
0.00960567271122587,-0.00100489584557924,0.000576822564910164,-0.00100489584557924,0.0017147941539862,-0.00337332087829994,0.000576822564910164,-0.00337332087829994,0.0209994676233704
0.00959328203751831,-0.00100281555325574,0.000574357321369467,-0.00100281555325574,0.00171392732235331,-0.00336947090950329,0.000574357321369467,-0.00336947090950329,0.0209498329441743
0.00958092233193681,-0.00100073853506169,0.000571907148213681,-0.00100073853506169,0.00171305894861423,-0.00336567315818068,0.000571907148213681,-0.00336567315818068,0.0209009307293123
0.00956859376823367,-0.00099866496644623,0.000569228850369518,-0.00099866496644623,0.0017121877399371,-0.00336112484312702,0.000569228850369518,-0.00336112484312702,0.0208406846231352
0.0095562965457146,-0.00099659502498779,0.000566502618192284,-0.00099659502498779,0.00171131230352645,-0.00335636185271321,0.000566502618192284,-0.00335636185271321,0.0207778250622879
0.00954403061658993,-0.000994528362092949,0.0005639030034389,-0.000994528362092949,0.00171043455925394,-0.00335193363214494,0.0005639030034389,-0.00335193363214494,0.0207206227504856
0.00953179612485863,-0.000992465169783977,0.00056125011516324,-0.000992465169783977,0.00170955330379208,-0.00334724183735388,0.00056125011516324,-0.00334724183735388,0.0206598497373886
0.00951959368873028,-0.000990406230763226,0.000558097217133188,-0.000990406230763226,0.00170866340515743,-0.00334077870413216,0.000558097217133188,-0.00334077870413216,0.0205734000849083
0.00950742375694635,-0.000988351481114456,0.000554573358726523,-0.000988351481114456,0.00170776438433462,-0.00333289466857044,0.000554573358726523,-0.00333289466857044,0.0204677974980658
0.00949528542940503,-0.000986298440411098,0.000551163316001846,-0.000986298440411098,0.00170687055843868,-0.00332521784052546,0.000551163316001846,-0.00332521784052546,0.0203674874970989
0.00948317886918775,-0.000984248607636515,0.000547517263514601,-0.000984248607636515,0.00170597349459157,-0.00331661358898825,0.000547517263514601,-0.00331661358898825,0.0202557026351873
0.00947110436939904,-0.000982202913443762,0.000544191877379861,-0.000982202913443762,0.00170506776803769,-0.00330881647275043,0.000544191877379861,-0.00330881647275043,0.0201592367154895
0.00945906106777764,-0.000980159117314031,0.000540996399329187,-0.000980159117314031,0.00170416667935651,-0.00330130200390608,0.000540996399329187,-0.00330130200390608,0.0200689286655277
0.00944705015631754,-0.000978120571062288,0.000537137495087195,-0.000978120571062288,0.00170325062064585,-0.00329143550522015,0.000537137495087195,-0.00329143550522015,0.0199456062236706
0.00943507182957879,-0.000976086261400843,0.00053320310586616,-0.000976086261400843,0.00170232455794902,-0.00328105331858652,0.00053320310586616,-0.00328105331858652,0.0198180693217333
0.00942312538800363,-0.000974054385440958,0.000529698061909339,-0.000974054385440958,0.00170139909320266,-0.00327180962498225,0.000529698061909339,-0.00327180962498225,0.0197112059013659
0.00941121070361162,-0.000972025737711303,0.00052647131578671,-0.000972025737711303,0.00170047035372412,-0.00326323263683329,0.00052647131578671,-0.00326323263683329,0.0196173278913188
0.00939932729299711,-0.00096999952479023,0.000523197048466255,-0.00096999952479023,0.00169954324148933,-0.00325434867415865,0.000523197048466255,-0.00325434867415865,0.0195206796833943
0.00938747483716737,-0.000967976000874913,0.000520005753543264,-0.000967976000874913,0.00169861663795943,-0.00324558449274147,0.000520005753543264,-0.00324558449274147,0.0194280959259718
0.00937565287188484,-0.000965954990407678,0.000516962830147898,-0.000965954990407678,0.00169769199086496,-0.00323717970441299,0.000516962830147898,-0.00323717970441299,0.0193431579644606
0.00936386155929782,-0.000963937911590779,0.000514221981304056,-0.000963937911590779,0.0016967616195356,-0.00322958720838448,0.000514221981304056,-0.00322958720838448,0.0192731506044304
0.00935210032165025,-0.000961923449955094,0.000511789321015252,-0.000961923449955094,0.00169583341297486,-0.0032228794322537,0.000511789321015252,-0.0032228794322537,0.0192183263698673
0.00934036857093968,-0.000959910978120596,0.00050912625896574,-0.000959910978120596,0.00169491135824491,-0.00321544771917486,0.00050912625896574,-0.00321544771917486,0.0191524670758859
0.00932866580851024,-0.000957900931398877,0.000506979291159999,-0.000957900931398877,0.00169399353624488,-0.00320963595210444,0.000506979291159999,-0.00320963595210444,0.0191134558051842
0.00931699214647402,-0.000955894685405301,0.000505126310896301,-0.000955894685405301,0.00169307276329076,-0.00320475773852592,0.000505126310896301,-0.00320475773852592,0.0190897261462465
0.00930534707071408,-0.000953891122165176,0.00050364041339366,-0.000953891122165176,0.00169215573409938,-0.00320109243734848,0.00050364041339366,-0.00320109243734848,0.0190848021809215
0.0092937304359426,-0.000951890674271431,0.000502433579283206,-0.000951890674271431,0.00169124046237145,-0.0031983882815719,0.000502433579283206,-0.0031983882815719,0.0190939375080122
0.00928214290375888,-0.00094989472545545,0.000500703125732752,-0.00094989472545545,0.00169031875802121,-0.00319406609929797,0.000500703125732752,-0.00319406609929797,0.01907566894412
0.00927058430719784,-0.000947901949121215,0.000498953523503457,-0.000947901949121215,0.00168939745501681,-0.00318969138559143,0.000498953523503457,-0.00318969138559143,0.0190559617214597
0.00925905505142585,-0.000945913257900921,0.000496964678590557,-0.000945913257900921,0.00168847108785514,-0.00318452197183557,0.000496964678590557,-0.00318452197183557,0.0190234069399024
0.00924755478479304,-0.000943927504437546,0.000495414892825268,-0.000943927504437546,0.00168754604702181,-0.00318070619936428,0.000495414892825268,-0.00318070619936428,0.0190124204393361
0.00923608303659952,-0.000941944400470655,0.000494703979024546,-0.000941944400470655,0.00168662477306501,-0.00317954573378823,0.000494703979024546,-0.00317954573378823,0.019042790390908
0.00922463990529096,-0.000939964248885137,0.000493313125742177,-0.000939964248885137,0.00168570573037878,-0.00317626816474009,0.000493313125742177,-0.00317626816474009,0.0190365531677551
0.00921322579401042,-0.000937987837243255,0.000491547504108254,-0.000937987837243255,0.00168478367580275,-0.00317176544501847,0.000491547504108254,-0.00317176544501847,0.0190101251146972
0.00920184005423833,-0.000936013377165971,0.000489975369047935,-0.000936013377165971,0.00168386853339982,-0.0031678681390624,0.000489975369047935,-0.0031678681390624,0.0189928804337189
0.00919048363875371,-0.000934043715508962,0.000487720919272705,-0.000934043715508962,0.00168294399868677,-0.00316172841221142,0.000487720919272705,-0.00316172841221142,0.0189404107328439
0.00917915597097948,-0.000932076777820727,0.000486320602791213,-0.000932076777820727,0.00168202148576955,-0.00315819806336649,0.000486320602791213,-0.00315819806336649,0.0189301787879335
0.00916785618185603,-0.000930111144901573,0.000485027225244742,-0.000930111144901573,0.00168110987271815,-0.00315502800347478,0.000485027225244742,-0.00315502800347478,0.0189244536883005
0.00915658451694883,-0.000928149283646226,0.000484444689969104,-0.000928149283646226,0.00168019598651349,-0.0031540797545717,0.000484444689969104,-0.0031540797545717,0.0189533060060736
0.00914534113173668,-0.000926190730772248,0.000483255699949214,-0.000926190730772248,0.00167928225577908,-0.00315121456077994,0.000483255699949214,-0.00315121456077994,0.0189493443045795
0.00913412584533107,-0.000924234764657279,0.000481968935743741,-0.000924234764657279,0.00167837218993625,-0.00314801836064239,0.000481968935743741,-0.00314801836064239,0.0189391253984189
0.00912293913967638,-0.000922282899276976,0.00048063854706983,-0.000922282899276976,0.00167745710810814,-0.00314459972957477,0.00048063854706983,-0.00314459972957477,0.0189251177047546
0.00911178016783678,-0.000920332687238283,0.000479816004001932,-0.000920332687238283,0.0016765508998521,-0.00314274711991562,0.000479816004001932,-0.00314274711991562,0.0189349343578783
0.00910064995037162,-0.000918387556758507,0.000478797910763871,-0.000918387556758507,0.00167563451321734,-0.00314016733198786,0.000478797910763871,-0.00314016733198786,0.0189323753279775
0.00908954763453789,-0.00091644383321288,0.000477761404690306,-0.00091644383321288,0.00167472808140161,-0.0031374779790609,0.000477761404690306,-0.0031374779790609,0.0189267028036154
0.00907847284374508,-0.000914502172188313,0.000477068840732988,-0.000914502172188313,0.00167382850641915,-0.00313582661412884,0.000477068840732988,-0.00313582661412884,0.0189362605514282
0.00906742618892487,-0.000912565101572487,0.000476887922401799,-0.000912565101572487,0.00167292207933592,-0.00313565886370225,0.000476887922401799,-0.00313565886370225,0.0189680100947629
0.00905640761284295,-0.000910630874690713,0.000476197824633685,-0.000910630874690713,0.00167201814714228,-0.00313382812326051,0.000476197824633685,-0.00313382812326051,0.0189711050417892
0.00904541698856233,-0.000908699171421203,0.000475483508646367,-0.000908699171421203,0.00167111813019231,-0.00313181875097673,0.000475483508646367,-0.00313181875097673,0.0189700877041839
0.00903445374396793,-0.000906769178210632,0.000475040883233091,-0.000906769178210632,0.00167022690051927,-0.00313057609701934,0.000475040883233091,-0.00313057609701934,0.0189795968686804
0.00902351747742908,-0.000904840930755461,0.000474453043227156,-0.000904840930755461,0.00166934466866167,-0.00312887036590858,0.000474453043227156,-0.00312887036590858,0.0189801067520288
0.00901260812592496,-0.000902915210603804,0.000473721497176362,-0.000902915210603804,0.00166846711543363,-0.00312670492055289,0.000473721497176362,-0.00312670492055289,0.018972395859292
0.00900172621808444,-0.000900993898894758,0.000473351170339059,-0.000900993898894758,0.00166758372457848,-0.00312553631554029,0.000473351170339059,-0.00312553631554029,0.0189798270194978
0.00899087288370407,-0.000899078993588328,0.000473731296329278,-0.000899078993588328,0.0016666832213391,-0.00312639700218907,0.000473731296329278,-0.00312639700218907,0.0190180677575826
0.00898004719564931,-0.000897165161170577,0.000473736082500359,-0.000897165161170577,0.00166579501173013,-0.00312598386088288,0.000473736082500359,-0.00312598386088288,0.0190330403462218
0.0089692500807883,-0.000895256075108798,0.000474035349448786,-0.000895256075108798,0.00166489853404688,-0.00312618059071146,0.000474035349448786,-0.00312618059071146,0.0190558496946625
0.00895848107060008,-0.000893349195910773,0.00047473638682937,-0.000893349195910773,0.0016640080153018,-0.00312731662273335,0.00047473638682937,-0.00312731662273335,0.0190902363260451
0.00894774027368001,-0.000891445186952463,0.000475455244266893,-0.000891445186952463,0.00166312000807982,-0.00312823968902373,0.000475455244266893,-0.00312823968902373,0.019118139327859
0.00893702754135107,-0.000889543176677726,0.000475643052922502,-0.000889543176677726,0.00166223900364485,-0.00312738473998371,0.000475643052922502,-0.00312738473998371,0.0191161552028699
0.0089263424327842,-0.000887642915469167,0.00047614317285812,-0.000887642915469167,0.00166136652298255,-0.00312719018467242,0.00047614317285812,-0.00312719018467242,0.0191223273871539
0.00891568449167594,-0.000885744142194053,0.000476396235932742,-0.000885744142194053,0.0016605043879617,-0.00312611394443791,0.000476396235932742,-0.00312611394443791,0.019113167683298
0.00890505308137081,-0.000883846484050817,0.000476530585679963,-0.000883846484050817,0.00165965492013451,-0.0031245732988187,0.000476530585679963,-0.0031245732988187,0.0190956184894013
0.00889444735308957,-0.000881949629802826,0.000476772244183042,-0.000881949629802826,0.00165882050525008,-0.00312326615158731,0.000476772244183042,-0.00312326615158731,0.0190803515365373
0.00888386733988263,-0.000880055551843927,0.000477020404694216,-0.000880055551843927,0.00165799062824774,-0.00312190461752326,0.000477020404694216,-0.00312190461752326,0.0190635536139532
0.00887331296662387,-0.000878164573029083,0.000477466512403612,-0.000878164573029083,0.00165716365498521,-0.00312100799024692,0.000477466512403612,-0.00312100799024692,0.019052987589271
0.00886278436852011,-0.000876277017049407,0.000477722409998406,-0.000876277017049407,0.00165633764965751,-0.00311949490595137,0.000477722409998406,-0.00311949490595137,0.0190325238357125
0.00885228154244689,-0.00087439282288134,0.000478140602937839,-0.00087439282288134,0.0016555128120235,-0.00311831046656543,0.000478140602937839,-0.00311831046656543,0.019016437564235
0.00884180358625229,-0.000872509865253668,0.000478570604395161,-0.000872509865253668,0.00165470133040555,-0.00311712105424552,0.000478570604395161,-0.00311712105424552,0.0189990269551474
0.00883135071064148,-0.000870630447659849,0.000479418858495026,-0.000870630447659849,0.00165389089412276,-0.00311699134190723,0.000479418858495026,-0.00311699134190723,0.0189964534368044
0.00882092225934239,-0.000868752689748657,0.000479888327480482,-0.000868752689748657,0.00165309208125149,-0.00311583449254452,0.000479888327480482,-0.00311583449254452,0.0189770735617923
0.00881051873794235,-0.000866878740558881,0.000480072346499322,-0.000866878740558881,0.00165229251772806,-0.00311385001673351,0.000480072346499322,-0.00311385001673351,0.0189453018315656
0.00880013941444024,-0.000865006847248572,0.000480638327953625,-0.000865006847248572,0.00165150217441244,-0.00311287293148369,0.000480638327953625,-0.00311287293148369,0.0189277140849031
0.00878978419632409,-0.000863137854675462,0.000481255036955527,-0.000863137854675462,0.00165071680668055,-0.00311202444485497,0.000481255036955527,-0.00311202444485497,0.018911119554746
0.00877945256320986,-0.000861270849758566,0.00048171195219882,-0.000861270849758566,0.00164994163502137,-0.00311078582916623,0.00048171195219882,-0.00311078582916623,0.0188877614410345
0.00876914415089494,-0.000859405874660644,0.000481932838756963,-0.000859405874660644,0.00164917650920821,-0.00310898516277539,0.000481932838756963,-0.00310898516277539,0.0188555819331838
0.00875885954310599,-0.000857545319795064,0.000482263884000894,-0.000857545319795064,0.00164840795603167,-0.0031074848567593,0.000482263884000894,-0.0031074848567593,0.0188279563802269
0.00874859874897446,-0.000855688181511049,0.000481941974841623,-0.000855688181511049,0.00164764088114489,-0.00310424143190042,0.000481941974841623,-0.00310424143190042,0.0187753205543741
0.00873836184702158,-0.000853834508075858,0.000481409301624733,-0.000853834508075858,0.00164687436242706,-0.0031004125562396,0.000481409301624733,-0.0031004125562396,0.0187153777078967
0.00872814822456817,-0.000851983585929608,0.00048181037806865,-0.000851983585929608,0.0016461130620609,-0.00309909177777254,0.00048181037806865,-0.00309909177777254,0.0186922035189923
0.00871795878012042,-0.00085013765883345,0.000481567036355218,-0.00085013765883345,0.00164534424247067,-0.00309599611397262,0.000481567036355218,-0.00309599611397262,0.0186436942523493
0.00870779346687301,-0.000848295625437724,0.000481531529487735,-0.000848295625437724,0.00164457338673022,-0.00309338037310552,0.000481531529487735,-0.00309338037310552,0.0186027678804332
0.00869765260968067,-0.000846457711392073,0.00048117001918811,-0.000846457711392073,0.00164379881543564,-0.00308978824756612,0.00048117001918811,-0.00308978824756612,0.0185484609823697
0.00868753516084146,-0.000844620882397195,0.000480552019010463,-0.000844620882397195,0.00164303734983412,-0.00308549368520347,0.000480552019010463,-0.00308549368520347,0.0184845275769021
0.0086774418533501,-0.000842788405748053,0.000479844568368455,-0.000842788405748053,0.00164227062052625,-0.00308086793328406,0.000479844568368455,-0.00308086793328406,0.0184175054971309
0.00866737211308754,-0.000840958765811536,0.000479628566692198,-0.000840958765811536,0.00164150736668588,-0.00307748437509599,0.000479628566692198,-0.00307748437509599,0.0183693672036821
0.00865732652227882,-0.000839133739839212,0.000479299822108981,-0.000839133739839212,0.0016407376900364,-0.00307369420482415,0.000479299822108981,-0.00307369420482415,0.0183163229076535
0.00864730498786489,-0.000837312557983008,0.000479347349356153,-0.000837312557983008,0.00163996578224331,-0.00307077652526032,0.000479347349356153,-0.00307077652526032,0.0182764750993093
0.00863730777943216,-0.00083549578159434,0.000479736072698217,-0.00083549578159434,0.00163918866550849,-0.00306859976601906,0.000479736072698217,-0.00306859976601906,0.0182474015476967
0.00862733415544559,-0.000833680920547091,0.000479946374056971,-0.000833680920547091,0.00163842039923,-0.00306586528324056,0.000479946374056971,-0.00306586528324056,0.0182094773225675
0.00861738415656391,-0.000831868970657157,0.000479988228975163,-0.000831868970657157,0.00163765538349822,-0.00306259217117446,0.000479988228975163,-0.00306259217117446,0.0181636921757907
0.00860745799520526,-0.00083006030287231,0.000479328832259639,-0.00083006030287231,0.00163689090653385,-0.00305739262689744,0.000479328832259639,-0.00305739262689744,0.0180910973225481
0.0085975557227766,-0.000828255232857154,0.000478860530103697,-0.000828255232857154,0.00163612483829781,-0.00305254436858152,0.000478860530103697,-0.00305254436858152,0.0180249412232044
0.00858767661155775,-0.000826451857484816,0.000477932303790192,-0.000826451857484816,0.00163536791200807,-0.00304644978675612,0.000477932303790192,-0.00304644978675612,0.0179420700557577
0.00857782097351053,-0.000824652030575462,0.000476782919171154,-0.000824652030575462,0.00163460951502864,-0.00303968517922737,0.000476782919171154,-0.00303968517922737,0.0178517664293224
0.00856798793503512,-0.00082285431847251,0.000476227385015102,-0.00082285431847251,0.00163385830269724,-0.00303437485898593,0.000476227385015102,-0.00303437485898593,0.0177838411411727
0.00855817707213513,-0.00082105906258348,0.000475770532059765,-0.00082105906258348,0.00163311329393642,-0.00302929956456572,0.000475770532059765,-0.00302929956456572,0.0177202751872279
0.008548388767207,-0.000819267715032016,0.00047483731828152,-0.000819267715032016,0.00163236614172592,-0.00302297789329265,0.00047483731828152,-0.00302297789329265,0.01764031382384
0.00853862352392078,-0.000817481119321969,0.000473632345520235,-0.000817481119321969,0.00163161130928201,-0.00301587489441946,0.000473632345520235,-0.00301587489441946,0.0175514335241178
0.00852888134861113,-0.000815698353816329,0.000471935272430946,-0.000815698353816329,0.00163085319227773,-0.00300743676771639,0.000471935272430946,-0.00300743676771639,0.0174459005721107
0.00851916263664874,-0.000813920758102919,0.00047098815818776,-0.000813920758102919,0.00163008422995228,-0.00300072811358728,0.00047098815818776,-0.00300072811358728,0.0173682101838663
0.00850946640805246,-0.00081214532579212,0.000469983989511568,-0.00081214532579212,0.0016293218149216,-0.00299381450642214,0.000469983989511568,-0.00299381450642214,0.0172889313416413
0.00849979209003787,-0.000810372064490924,0.000469202832791019,-0.000810372064490924,0.0016285665746461,-0.00298742929350238,0.000469202832791019,-0.00298742929350238,0.0172186800337459
0.00849013977805413,-0.000808602413681611,0.000468485630267374,-0.000808602413681611,0.001627810911871,-0.00298116358348078,0.000468485630267374,-0.00298116358348078,0.017151585287927
0.0084805093261381,-0.000806836364325624,0.000467910117315252,-0.000806836364325624,0.00162705506696142,-0.00297521492957817,0.000467910117315252,-0.00297521492957817,0.0170903765122746
0.00847090049614243,-0.000805073256319294,0.000466765608614118,-0.000805073256319294,0.0016263025638014,-0.00296784664296831,0.000466765608614118,-0.00296784664296831,0.0170095276988531
0.00846131266233436,-0.00080331230899233,0.000465617367266236,-0.00080331230899233,0.00162555783305351,-0.00296049570243536,0.000465617367266236,-0.00296049570243536,0.016930469775535
0.0084517470206157,-0.000801556982078557,0.000463856116137457,-0.000801556982078557,0.00162480092762805,-0.00295155811568701,0.000463856116137457,-0.00295155811568701,0.0168307038236128
0.00844220291294332,-0.0007998047773582,0.000462069970578469,-0.0007998047773582,0.00162404527216284,-0.00294253072856763,0.000462069970578469,-0.00294253072856763,0.0167321151464366
0.00843268031406309,-0.000798055871836167,0.000459641119294328,-0.000798055871836167,0.00162328964595524,-0.0029318892981046,0.000459641119294328,-0.0029318892981046,0.0166123708160785
0.00842317964632141,-0.000796311720379174,0.000457240823813591,-0.000796311720379174,0.00162252545672132,-0.00292124283452113,0.000457240823813591,-0.00292124283452113,0.0164960901150341
0.00841370041914123,-0.000794571203231749,0.000455241085390448,-0.000794571203231749,0.00162175929118996,-0.00291154749000274,0.000455241085390448,-0.00291154749000274,0.0163971401194883
0.00840424216012772,-0.000792833475878814,0.000452864911668771,-0.000792833475878814,0.0016209962349824,-0.00290092503112945,0.000452864911668771,-0.00290092503112945,0.0162866479196822
0.00839480456218462,-0.000791099140801789,0.000451089449480246,-0.000791099140801789,0.00162023346828236,-0.00289180225491956,0.000451089449480246,-0.00289180225491956,0.0162018369650072
0.00838538767730258,-0.000789369247346395,0.000449701933170266,-0.000789369247346395,0.00161946594728468,-0.0028836553606458,0.000449701933170266,-0.0028836553606458,0.0161343749454683
0.00837599158443913,-0.000787643671591679,0.000447911093251151,-0.000787643671591679,0.00161869424741639,-0.00287451695602643,0.000447911093251151,-0.00287451695602643,0.0160533874850145
0.00836661657179738,-0.000785923056025197,0.000446270938275171,-0.000785923056025197,0.00161791434213152,-0.00286573064935846,0.000446270938275171,-0.00286573064935846,0.0159802815332146
0.00835726248041332,-0.000784206818321606,0.000444954791540649,-0.000784206818321606,0.00161712958452442,-0.00285773932392429,0.000444954791540649,-0.00285773932392429,0.0159216309314046
0.00834792885058679,-0.000782494126837406,0.000444096674846632,-0.000782494126837406,0.00161634518463854,-0.00285091253702698,0.000444096674846632,-0.00285091253702698,0.0158826670633024
0.00833861541503174,-0.000780784822907238,0.000443288200693828,-0.000780784822907238,0.00161556256455608,-0.00284425430155771,0.000443288200693828,-0.00284425430155771,0.0158469686074395
0.00832932196198478,-0.00077907873003457,0.00044227588109468,-0.00077907873003457,0.00161478279775866,-0.00283714571255973,0.00044227588109468,-0.00283714571255973,0.0158045860756847
0.00832004841493886,-0.000777376439820667,0.000441647268954166,-0.000777376439820667,0.00161400280384817,-0.00283105282826455,0.000441647268954166,-0.00283105282826455,0.0157793574562655
0.00831079507872019,-0.000775679025900522,0.000441281854440019,-0.000775679025900522,0.00161321684510824,-0.00282565080342287,0.000441281854440019,-0.00282565080342287,0.0157658183736962
0.0083015613762122,-0.000773985081156767,0.000441529762288339,-0.000773985081156767,0.00161243323294723,-0.00282185615499213,0.000441529762288339,-0.00282185615499213,0.0157780055800168
0.00829234711515124,-0.000772294518302741,0.000441771930349334,-0.000772294518302741,0.00161165298413333,-0.00281813558941945,0.000441771930349334,-0.00281813558941945,0.0157900817527808
0.00828315331670864,-0.000770609576030637,0.000441569978193274,-0.000770609576030637,0.00161086282624851,-0.00281330064801524,0.000441569978193274,-0.00281330064801524,0.0157835158326445
0.00827397939892736,-0.000768927673153853,0.000441262864588996,-0.000768927673153853,0.00161007647188404,-0.0028082274813226,0.000441262864588996,-0.0028082274813226,0.0157726002708191
0.0082648246694649,-0.000767247477322374,0.000440563251604387,-0.000767247477322374,0.00160930148251803,-0.00280224987385139,0.000440563251604387,-0.00280224987385139,0.0157464772506945
0.00825568959720028,-0.000765571090583602,0.000439536176417982,-0.000765571090583602,0.00160852585629892,-0.00279548814334627,0.000439536176417982,-0.00279548814334627,0.0157083305463152
0.00824657423291461,-0.00076389783072267,0.000437213547618888,-0.00076389783072267,0.00160775234973632,-0.00278551013950836,0.000437213547618888,-0.00278551013950836,0.0156193170584258
0.00823747819074251,-0.000762227463819124,0.000435245722627275,-0.000762227463819124,0.00160698185316044,-0.00277645288240539,0.000435245722627275,-0.00277645288240539,0.0155478605177176
0.00822840136840604,-0.000760560768240399,0.000433551928558576,-0.000760560768240399,0.0016062107721163,-0.00276812822418621,0.000433551928558576,-0.00276812822418621,0.0154907667389987
0.00821934386559637,-0.000758898283618096,0.000431815888400036,-0.000758898283618096,0.00160543629130853,-0.00275973683801846,0.000431815888400036,-0.00275973683801846,0.0154346393576877
0.00821030508265694,-0.000757239017014755,0.000430649148347827,-0.000757239017014755,0.00160466440816112,-0.00275287035776595,0.000430649148347827,-0.00275287035776595,0.0154058564636501
0.00820128553272923,-0.000755584513019529,0.000429171300485209,-0.000755584513019529,0.00160388668283299,-0.00274526856170211,0.000429171300485209,-0.00274526856170211,0.0153660485195398
0.00819228515495835,-0.000753934138175309,0.000427605504726012,-0.000753934138175309,0.00160310609740362,-0.00273748975608387,0.000427605504726012,-0.00273748975608387,0.0153248803003046
0.00818330337232758,-0.000752286822769879,0.000426460905199242,-0.000752286822769879,0.00160232892497598,-0.00273087665154452,0.000426460905199242,-0.00273087665154452,0.0153051250118625
0.00817434023570137,-0.00075064332463843,0.000425351898831855,-0.00075064332463843,0.0016015514271813,-0.00272444950606337,0.000425351898831855,-0.00272444950606337,0.0152895845185665
0.00816539528338461,-0.000749002940347496,0.000424586837918133,-0.000749002940347496,0.00160077788266731,-0.00271903976810343,0.000424586837918133,-0.00271903976810343,0.0152924922226325
0.00815646970075953,-0.000747368851701066,0.000423857930319552,-0.000747368851701066,0.00159999038062821,-0.00271376541721266,0.000423857930319552,-0.00271376541721266,0.015298837042641
0.00814756300429452,-0.000745738441339691,0.000422978374101081,-0.000745738441339691,0.00159920287392021,-0.00270816274740822,0.000422978374101081,-0.00270816274740822,0.0152996360480467
0.00813867487434592,-0.000744110993126655,0.000422086839214759,-0.000744110993126655,0.00159841928430664,-0.00270260954171293,0.000422086839214759,-0.00270260954171293,0.0153016377739046
0.00812980605572301,-0.000742488902299219,0.000421644881044188,-0.000742488902299219,0.00159762621488204,-0.00269823899120721,0.000421644881044188,-0.00269823899120721,0.0153258291917937
0.00812095584604038,-0.000740869864487557,0.000421598250729636,-0.000740869864487557,0.00159683679945149,-0.00269495810313149,0.000421598250729636,-0.00269495810313149,0.0153692323032684
0.00811212403664944,-0.000739253558458919,0.000421273309023907,-0.000739253558458919,0.00159605309740412,-0.00269103754010196,0.000421273309023907,-0.00269103754010196,0.0153999175425627
0.00810331039576945,-0.000737639960398526,0.000421053842850678,-0.000737639960398526,0.00159527527914292,-0.00268748482834866,0.000421053842850678,-0.00268748482834866,0.0154367171882082
0.00809451515780099,-0.000736029961112149,0.000420638829918645,-0.000736029961112149,0.00159449834174499,-0.00268350026825029,0.000420638829918645,-0.00268350026825029,0.0154652608697062
0.00808573798663407,-0.00073442306314355,0.000420731464854007,-0.00073442306314355,0.00159372518579378,-0.00268092378216083,0.000420731464854007,-0.00268092378216083,0.0155194310321206
0.00807697891324175,-0.000732819444726335,0.000420563852814437,-0.000732819444726335,0.00159295502196318,-0.00267776584590784,0.000420563852814437,-0.00267776584590784,0.0155618941252505
0.00806823800611815,-0.000731219413775557,0.000420567276655596,-0.000731219413775557,0.00159218589437436,-0.00267512732160543,0.000420567276655596,-0.00267512732160543,0.0156136164769105
0.00805951536470858,-0.000729623335202608,0.000420955302039342,-0.000729623335202608,0.00159141585444056,-0.00267354475069889,0.000420955302039342,-0.00267354475069889,0.0156844486399659
0.00805081072517188,-0.000728030288426465,0.000421369650611082,-0.000728030288426465,0.00159065015304344,-0.00267210024674905,0.000421369650611082,-0.00267210024674905,0.0157563186935431
0.00804212401522593,-0.000726440326717423,0.000421952029760567,-0.000726440326717423,0.00158988854854549,-0.00267115654649719,0.000421952029760567,-0.00267115654649719,0.0158360942082915
0.00803345477397322,-0.00072485240148545,0.000422365117485889,-0.00072485240148545,0.00158913705477668,-0.00266987574108252,0.000422365117485889,-0.00266987574108252,0.0159074827212717
0.00802480305347548,-0.000723266764695729,0.000421979369483768,-0.000723266764695729,0.00158839385408489,-0.00266663573357191,0.000421979369483768,-0.00266663573357191,0.01594074547175
0.00801616875515444,-0.000721683756858694,0.00042170957746722,-0.000721683756858694,0.00158765673121641,-0.00266378987194324,0.00042170957746722,-0.00266378987194324,0.0159818520714851
0.00800755291492861,-0.000720106013982531,0.000421364519381647,-0.000720106013982531,0.00158691053914517,-0.00266075744660426,0.000421364519381647,-0.00266075744660426,0.016020571574953
0.00799895451702817,-0.000718530124141675,0.000420943956621286,-0.000718530124141675,0.00158617410362298,-0.00265759876500181,0.000420943956621286,-0.00265759876500181,0.0160570665474374
0.00799037404021837,-0.000716958116146714,0.000420800670314398,-0.000716958116146714,0.0015854362152818,-0.00265518260238445,0.000420800670314398,-0.00265518260238445,0.0161089212034455
0.00798181133217037,-0.000715388901654188,0.00042001648666858,-0.000715388901654188,0.00158470257736731,-0.00265115742349691,0.00042001648666858,-0.00265115742349691,0.0161299813642578
0.00797326686244828,-0.000713824068678471,0.000419819787439114,-0.000713824068678471,0.00158396396088843,-0.00264861423291195,0.000419819787439114,-0.00264861423291195,0.0161820466038107
0.00796473926601887,-0.000712260250629559,0.00041997360196571,-0.000712260250629559,0.00158324008131695,-0.00264705167530684,0.00041997360196571,-0.00264705167530684,0.0162532594215807
0.00795622839420232,-0.000710698543526518,0.000420350836943321,-0.000710698543526518,0.00158252574076998,-0.00264617963569394,0.000420350836943321,-0.00264617963569394,0.0163377817387741
0.00794773417308294,-0.000709139292471124,0.00042057011247351,-0.000709139292471124,0.00158181926928581,-0.00264504537226442,0.00042057011247351,-0.00264504537226442,0.0164163687763218
0.00793925685038399,-0.000707583533678317,0.000420990788052787,-0.000707583533678317,0.00158111480087767,-0.00264454293246749,0.000420990788052787,-0.00264454293246749,0.0165078152324631
0.00793079631093235,-0.000706031189102305,0.000421944552158809,-0.000706031189102305,0.00158041302525221,-0.00264551928692409,0.000421944552158809,-0.00264551928692409,0.0166290014999397
0.00792235204612041,-0.000704481674157516,0.000423939453621206,-0.000704481674157516,0.00157971818720941,-0.00264930755353764,0.000423939453621206,-0.00264930755353764,0.0168061574569892
0.00791392393467898,-0.000702934790462343,0.000425872793986563,-0.000702934790462343,0.00157903194629439,-0.00265311195133309,0.000425872793986563,-0.00265311195133309,0.016978899156977
0.00790551132371985,-0.000701389306556279,0.000428008912754382,-0.000701389306556279,0.00157836147802105,-0.00265765169122312,0.000428008912754382,-0.00265765169122312,0.0171619410448943
0.00789711479207391,-0.000699846552545798,0.000429227574696684,-0.000699846552545798,0.0015776987210485,-0.00266004494143944,0.000429227574696684,-0.00266004494143944,0.0172960601197236
0.00788873410029829,-0.000698306496306821,0.00043133703875771,-0.000698306496306821,0.00157704374724886,-0.00266488630862745,0.00043133703875771,-0.00266488630862745,0.017478778063883
0.00788037014320495,-0.000696770602814047,0.000432711812352363,-0.000696770602814047,0.00157638771670534,-0.00266795702941859,0.000432711812352363,-0.00266795702941859,0.0176209958018795
0.00787202272256812,-0.0006952373961028,0.000433893195946118,-0.0006952373961028,0.00157573782820102,-0.00267058927898759,0.000433893195946118,-0.00267058927898759,0.0177520233352507
0.00786369117854932,-0.000693705588265002,0.000435364785628545,-0.000693705588265002,0.00157510158098275,-0.00267404894881777,0.000435364785628545,-0.00267404894881777,0.017898219506232
0.00785537462597244,-0.000692173748068451,0.000436498079705948,-0.000692173748068451,0.0015744876603333,-0.00267685292720135,0.000436498079705948,-0.00267685292720135,0.0180275685395432
0.00784707440140635,-0.000690646129109236,0.000437865136841063,-0.000690646129109236,0.0015738718428772,-0.00268036736164958,0.000437865136841063,-0.00268036736164958,0.0181714912212606
0.00783878941396341,-0.000689119600403895,0.000439129461183008,-0.000689119600403895,0.00157327184423416,-0.00268380139309171,0.000439129461183008,-0.00268380139309171,0.0183114156231989
0.0078305209433474,-0.000687597446322923,0.000440263175683887,-0.000687597446322923,0.00157266847722607,-0.0026869882297557,0.000440263175683887,-0.0026869882297557,0.0184457076896389
0.00782226891077391,-0.000686078235403273,0.000440911550242824,-0.000686078235403273,0.00157206877649449,-0.00268898060500023,0.000440911550242824,-0.00268898060500023,0.0185541985077044
0.00781403401830127,-0.000684563064447608,0.000441454573893906,-0.000684563064447608,0.00157146551802992,-0.00269063764218683,0.000441454573893906,-0.00269063764218683,0.0186570269604155
0.00780581564700817,-0.000683049710929919,0.000441859762651106,-0.000683049710929919,0.00157087091405985,-0.00269189037704625,0.000441859762651106,-0.00269189037704625,0.0187521070596714
0.00779761380056644,-0.000681538372053492,0.000442067927218314,-0.000681538372053492,0.00157028369411817,-0.00269259449976621,0.000442067927218314,-0.00269259449976621,0.0188369945450969
0.00778942814265208,-0.000680029050987902,0.00044297023641329,-0.000680029050987902,0.00156970443292174,-0.00269496633293466,0.00044297023641329,-0.00269496633293466,0.0189604401474746
0.00778125785394341,-0.000678520475952068,0.000444038724937273,-0.000678520475952068,0.00156914133280483,-0.00269778715523702,0.000444038724937273,-0.00269778715523702,0.0190936288593276
0.00777310285906044,-0.000677013949392597,0.000445940672281498,-0.000677013949392597,0.00156858810741547,-0.00270271200813222,0.000445940672281498,-0.00270271200813222,0.0192738252281571
0.00776496292245329,-0.000675509351235904,0.000447983677590031,-0.000675509351235904,0.00156804610370953,-0.00270808730313036,0.000447983677590031,-0.00270808730313036,0.0194616145196217
0.00775683710294667,-0.00067400556705862,0.000450884845346868,-0.00067400556705862,0.00156752284698769,-0.00271573296618863,0.000450884845346868,-0.00271573296618863,0.0196973054611286
0.00774872628571909,-0.000672505642654886,0.000454491455842203,-0.000672505642654886,0.00156700174670411,-0.0027252397144401,0.000454491455842203,-0.0027252397144401,0.0199703175352444
0.00774063021169834,-0.000671008328335888,0.000458150717061128,-0.000671008328335888,0.00156648977987732,-0.00273497710516564,0.000458150717061128,-0.00273497710516564,0.0202399213194976
0.00773254912226529,-0.000669514045017899,0.000462156566574709,-0.000669514045017899,0.00156598431984089,-0.00274556624411968,0.000462156566574709,-0.00274556624411968,0.0205203865607164
0.00772448287425407,-0.000668022144136291,0.000466394456158484,-0.000668022144136291,0.00156548902715629,-0.0027566619166773,0.000466394456158484,-0.0027566619166773,0.0208021773585408
0.00771643067110038,-0.000666530559736134,0.000470245984447394,-0.000666530559736134,0.00156501569811247,-0.00276683134844724,0.000470245984447394,-0.00276683134844724,0.021051463023662
0.00770839293242238,-0.000665040771429555,0.000473966003391632,-0.000665040771429555,0.00156455554013679,-0.00277666312823224,0.000473966003391632,-0.00277666312823224,0.0212846908473328
0.00770036892094943,-0.000663551326098687,0.000477549696566255,-0.000663551326098687,0.00156411703094917,-0.00278619815055581,0.000477549696566255,-0.00278619815055581,0.0215030104964451
0.00769235843839678,-0.000662062669693441,0.000481228781294368,-0.000662062669693441,0.00156369801029721,-0.0027960285984693,0.000481228781294368,-0.0027960285984693,0.0217206966429804
0.00768436180295571,-0.000660575943751235,0.000484851254619173,-0.000660575943751235,0.00156329185760986,-0.00280580680381075,0.000484851254619173,-0.00280580680381075,0.0219305212672596
0.00767637837448937,-0.000659090516128282,0.000489276702910811,-0.000659090516128282,0.00156290310420385,-0.00281752422613576,0.000489276702910811,-0.00281752422613576,0.0221758503902804
0.00766840802799592,-0.000657606467267785,0.000493634602799272,-0.000657606467267785,0.00156253166976385,-0.00282923420626236,0.000493634602799272,-0.00282923420626236,0.0224103499324623
0.00766045143458695,-0.000656124221119285,0.000496392847402803,-0.000656124221119285,0.00156217316889689,-0.00283742909889066,0.000496392847402803,-0.00283742909889066,0.0225597046210025
0.00765250852030413,-0.000654643580136837,0.000499115304690019,-0.000654643580136837,0.00156182784575281,-0.00284562248069709,0.000499115304690019,-0.00284562248069709,0.0227065123901148
0.00764457949060471,-0.000653165059987537,0.000501755901981123,-0.000653165059987537,0.00156149243090481,-0.00285369840544713,0.000501755901981123,-0.00285369840544713,0.0228485808456675
0.00763666408762954,-0.000651688543488908,0.0005049807483662,-0.000651688543488908,0.00156116804220874,-0.00286315568768763,0.0005049807483662,-0.00286315568768763,0.0230178692868555
0.00762876177878353,-0.000650212942766465,0.000507978125163908,-0.000650212942766465,0.00156086122089785,-0.00287222011564984,0.000507978125163908,-0.00287222011564984,0.0231729741204514
0.00762087330121297,-0.000648740024941139,0.000510995415992408,-0.000648740024941139,0.00156056121308656,-0.00288140633911887,0.000510995415992408,-0.00288140633911887,0.0233267632468885
0.0076129982808164,-0.000647268808286967,0.000513971520473519,-0.000647268808286967,0.00156027355658723,-0.00289056553596281,0.000513971520473519,-0.00289056553596281,0.0234750384932977
0.00760513682425948,-0.000645799344165697,0.000516593360381656,-0.000645799344165697,0.00155999741907994,-0.00289898730680763,0.000516593360381656,-0.00289898730680763,0.0236028924736148
0.00759728827255388,-0.000644330480481745,0.000519215797856201,-0.000644330480481745,0.00155973964495196,-0.00290751864843151,0.000519215797856201,-0.00290751864843151,0.0237289835158684
0.00758945404323327,-0.000642865396132528,0.000521998259478828,-0.000642865396132528,0.00155948107239316,-0.00291642651877006,0.000521998259478828,-0.00291642651877006,0.0238603602322317
0.00758163366753552,-0.000641402456239702,0.000524596864890348,-0.000641402456239702,0.00155923080115108,-0.00292488674227575,0.000524596864890348,-0.00292488674227575,0.0239775047970125
0.00757382795958494,-0.000639943016927601,0.000527179722699069,-0.000639943016927601,0.00155898005558948,-0.00293315526345319,0.000527179722699069,-0.00293315526345319,0.024087199777625
0.00756603576054262,-0.000638484407433393,0.000529805136846302,-0.000638484407433393,0.00155874472872821,-0.00294136995499569,0.000529805136846302,-0.00294136995499569,0.0241906049009482
0.0075582575418845,-0.000637027530400089,0.000531871814708061,-0.000637027530400089,0.00155851888242638,-0.00294820868855782,0.000531871814708061,-0.00294820868855782,0.0242612453262775
0.00755049234055844,-0.000635570925235764,0.000534249152868947,-0.000635570925235764,0.00155831168703906,-0.00295563147933742,0.000534249152868947,-0.00295563147933742,0.0243410235748972
0.00754274076114389,-0.000634115896849387,0.000535948904364156,-0.000634115896849387,0.00155811491402605,-0.00296152689649639,0.000535948904364156,-0.00296152689649639,0.0243864713910878
0.00753500359932216,-0.000632663151192788,0.000536372687362982,-0.000632663151192788,0.00155792238962019,-0.00296456382342405,0.000536372687362982,-0.00296456382342405,0.0243748790820612
0.00752727978009286,-0.000631211298985349,0.000537774325939233,-0.000631211298985349,0.00155774318168224,-0.00296961398063096,0.000537774325939233,-0.00296961398063096,0.0244087641885578
0.00751956999284954,-0.000629761788808445,0.000538700993664767,-0.000629761788808445,0.00155756856375845,-0.00297358247346593,0.000538700993664767,-0.00297358247346593,0.0244216695715379
0.00751187325570408,-0.00062831279206582,0.000539615505802635,-0.00062831279206582,0.00155740953547817,-0.00297752410648732,0.000539615505802635,-0.00297752410648732,0.0244358185851035
0.00750418973889066,-0.000626865351875486,0.000540761407488052,-0.000626865351875486,0.00155726038784546,-0.00298200313102132,0.000540761407488052,-0.00298200313102132,0.0244630321040109
0.00749652069150421,-0.000625421651205352,0.000541478275274184,-0.000625421651205352,0.00155710722450156,-0.0029855359945986,0.000541478275274184,-0.0029855359945986,0.0244725664093944
0.00748886662679774,-0.000623981639049666,0.000541511286045996,-0.000623981639049666,0.00155694867673294,-0.00298746161579628,0.000541511286045996,-0.00298746161579628,0.0244523609696644
0.00748122603722026,-0.000622542690488079,0.000542414611129836,-0.000622542690488079,0.00155680121662065,-0.00299111471316848,0.000542414611129836,-0.00299111471316848,0.0244720377308576
0.00747359952922372,-0.00062110620714164,0.000543076759114348,-0.00062110620714164,0.00155665661239737,-0.00299414534588809,0.000543076759114348,-0.00299414534588809,0.0244795576747183
0.00746598768216875,-0.000619672204735691,0.000542344241796034,-0.000619672204735691,0.00155651282304518,-0.00299408780663714,0.000542344241796034,-0.00299408780663714,0.0244252650367022
0.00745839049792539,-0.000618240134731864,0.000541014815208725,-0.000618240134731864,0.00155637174668381,-0.00299259767966767,0.000541014815208725,-0.00299259767966767,0.024348872497079
0.00745080773832322,-0.000616809549913592,0.000539464525475928,-0.000616809549913592,0.00155623575212701,-0.00299049084155335,0.000539464525475928,-0.00299049084155335,0.024268917664379
0.00744323916204445,-0.000615380224075263,0.000537737629059202,-0.000615380224075263,0.00155610625889082,-0.0029879131027816,0.000537737629059202,-0.0029879131027816,0.0241887084293159
0.00743568439987608,-0.000613951982503928,0.000536117665571332,-0.000613951982503928,0.00155598482103312,-0.00298551959199705,0.000536117665571332,-0.00298551959199705,0.024122625353373
0.00742814358012189,-0.000612525247877063,0.000534061334385948,-0.000612525247877063,0.00155586884134508,-0.00298224132122346,0.000534061334385948,-0.00298224132122346,0.0240463737557813
0.00742061689269889,-0.000611100639799579,0.000531941462836607,-0.000611100639799579,0.0015557545285806,-0.0029788617598401,0.000531941462836607,-0.0029788617598401,0.0239789398500785
0.00741310419520816,-0.000609678701419218,0.000530727026152474,-0.000609678701419218,0.00155563969963793,-0.00297742616359937,0.000530727026152474,-0.00297742616359937,0.0239684788718721
0.0074056053326269,-0.000608258985117508,0.000529170097975901,-0.000608258985117508,0.00155552710055034,-0.00297538733067812,0.000529170097975901,-0.00297538733067812,0.0239504335513524
0.00739811999812773,-0.000606841295060478,0.00052802217085298,-0.000606841295060478,0.00155541825714233,-0.00297436237894078,0.00052802217085298,-0.00297436237894078,0.0239649516451075
0.00739064803562584,-0.000605426031903483,0.000527594078950781,-0.000605426031903483,0.00155531181472562,-0.0029750768462887,0.000527594078950781,-0.0029750768462887,0.024028561767288
0.00738318922721287,-0.000604013164901692,0.000527608762228895,-0.000604013164901692,0.00155520871110171,-0.00297700898776795,0.000527608762228895,-0.00297700898776795,0.0241244589787674
0.00737574499622218,-0.000602605158628408,0.000527368648915918,-0.000602605158628408,0.0015550935229927,-0.00297854189771568,0.000527368648915918,-0.00297854189771568,0.02421032258007
0.0073683139668685,-0.0006011984515086,0.000526801526931035,-0.0006011984515086,0.00155498659863444,-0.00297951886203806,0.000526801526931035,-0.00297951886203806,0.024280777640667
0.0073608966555415,-0.000599793964300182,0.000525822896042226,-0.000599793964300182,0.00155488181586093,-0.00297973599454085,0.000525822896042226,-0.00297973599454085,0.0243329561464239
0.00735349323215424,-0.000598391730308154,0.000524482988524884,-0.000598391730308154,0.00155477821788672,-0.00297927306147397,0.000524482988524884,-0.00297927306147397,0.0243708397272939
0.00734610360840859,-0.000596991483319147,0.000523051264783394,-0.000596991483319147,0.0015546770162781,-0.00297871878261496,0.000523051264783394,-0.00297871878261496,0.024410954707966
0.00733872753668277,-0.000595592862672772,0.000521685762764415,-0.000595592862672772,0.0015545804070213,-0.00297845744285487,0.000521685762764415,-0.00297845744285487,0.0244632835180003
0.00733136478976337,-0.000594195879021872,0.000520717134556051,-0.000594195879021872,0.00155448885997116,-0.00297928165033309,0.000520717134556051,-0.00297928165033309,0.0245482946953114
0.00732401600637461,-0.000592802015442768,0.000519914475683777,-0.000592802015442768,0.00155439372679782,-0.00298066015285168,0.000519914475683777,-0.00298066015285168,0.02465035072237
0.00731668100224107,-0.000591410598852472,0.000519094307914033,-0.000591410598852472,0.00155429867119181,-0.00298215362215287,0.000519094307914033,-0.00298215362215287,0.0247557103887768
0.00730935951876928,-0.000590020618707341,0.000517748432037403,-0.000590020618707341,0.00155420896810048,-0.00298261404026056,0.000517748432037403,-0.00298261404026056,0.0248324592977723
0.0073020507104844,-0.000588630767200192,0.00051669658360835,-0.000588630767200192,0.00155413264096296,-0.00298399964992198,0.00051669658360835,-0.00298399964992198,0.024936096106463
0.00729475510605258,-0.000587242556717462,0.000515615526530795,-0.000587242556717462,0.00155406104293345,-0.0029856370676718,0.000515615526530795,-0.0029856370676718,0.0250471709040268
0.00728747347106475,-0.000585857515554485,0.000514558965717387,-0.000585857515554485,0.00155398479392053,-0.00298759518327539,0.000514558965717387,-0.00298759518327539,0.0251683545252095
0.00728020549219244,-0.000584474964340231,0.00051398611239218,-0.000584474964340231,0.00155390790643459,-0.00299091538153955,0.00051398611239218,-0.00299091538153955,0.0253274870931271
0.00727295160515922,-0.00058309511998764,0.000512831685977565,-0.00058309511998764,0.00155382827291238,-0.00299301782910211,0.000512831685977565,-0.00299301782910211,0.0254484523472574
0.00726571113204231,-0.000581716596672815,0.000512138228346025,-0.000581716596672815,0.0015537539529809,-0.00299634287407754,0.000512138228346025,-0.00299634287407754,0.0256027998602546
0.00725848424215971,-0.000580339691909353,0.000511264234834245,-0.000580339691909353,0.00155368313599517,-0.00299937696887636,0.000511264234834245,-0.00299937696887636,0.0257445390801106
0.007251270614103,-0.00057896331528153,0.000509821340590732,-0.00057896331528153,0.00155362151832753,-0.00300121755875848,0.000509821340590732,-0.00300121755875848,0.0258489885910434
0.00724407098199284,-0.000577589471634975,0.000508806370980527,-0.000577589471634975,0.00155355737960259,-0.00300417968969224,0.000508806370980527,-0.00300417968969224,0.0259871220123019
0.00723688514192642,-0.000576216973306347,0.000507096033033781,-0.000576216973306347,0.00155349689306023,-0.00300556361369804,0.000507096033033781,-0.00300556361369804,0.026078144038885
0.00722971299676691,-0.000574845505232267,0.000505227691468115,-0.000574845505232267,0.00155344136150552,-0.00300664103164466,0.000505227691468115,-0.00300664103164466,0.0261631694773401
0.00722255486894188,-0.000573475845008175,0.000503347533197495,-0.000573475845008175,0.00155338609807271,-0.00300774311906291,0.000503347533197495,-0.00300774311906291,0.0262532806476935
0.00721541027751051,-0.000572106969142877,0.000501525310983819,-0.000572106969142877,0.00155333708541679,-0.00300907441425223,0.000501525310983819,-0.00300907441425223,0.0263535248790585
0.00720827923497523,-0.000570739322512184,0.00049998773806312,-0.000570739322512184,0.0015532921121131,-0.00301121897056943,0.00049998773806312,-0.00301121897056943,0.0264809138492928
0.00720116196733315,-0.000569373301927182,0.000498259298804819,-0.000569373301927182,0.00155324870225178,-0.00301303243921634,0.000498259298804819,-0.00301303243921634,0.0265995387774786
0.00719405812080217,-0.000568008119874946,0.000496574216654595,-0.000568008119874946,0.0015532112907539,-0.00301510063751938,0.000496574216654595,-0.00301510063751938,0.0267275408893246
0.0071869680525201,-0.00056664428823852,0.000494374005679744,-0.00056664428823852,0.00155317635316592,-0.00301606562599543,0.000494374005679744,-0.00301606562599543,0.0268240798605938
0.00717989103484159,-0.000565280573889386,0.000492611434898426,-0.000565280573889386,0.00155315126525975,-0.00301831808268391,0.000492611434898426,-0.00301831808268391,0.0269644941767009
0.00717282758709291,-0.000563918507553507,0.000490948592821457,-0.000563918507553507,0.00155312752569212,-0.00302108241046157,0.000490948592821457,-0.00302108241046157,0.0271225553435674
0.00716577827065186,-0.00056255942640495,0.000489666607147136,-0.00056255942640495,0.00155309743891203,-0.00302497246127134,0.000489666607147136,-0.00302497246127134,0.0273171507527268
0.00715874199482751,-0.000561200634176573,0.000488627552917408,-0.000561200634176573,0.00155307659981423,-0.00302967286221527,0.000488627552917408,-0.00302967286221527,0.0275319761792196
0.00715171992540056,-0.000559844565213409,0.000487217501119901,-0.000559844565213409,0.00155305052169634,-0.00303355800144952,0.000487217501119901,-0.00303355800144952,0.0277156792251716
0.00714471148267789,-0.000558489875511021,0.000486439364910436,-0.000558489875511021,0.00155302695519672,-0.0030390387723869,0.000486439364910436,-0.0030390387723869,0.0279464773014214
0.00713771622761281,-0.000557136239328153,0.000486625144196403,-0.000557136239328153,0.00155300890602049,-0.00304693563250398,0.000486625144196403,-0.00304693563250398,0.0282434318037752
0.0071307348267233,-0.000555784449438841,0.000486006935181875,-0.000555784449438841,0.00155299115552635,-0.0030527635236267,0.000486006935181875,-0.0030527635236267,0.0284556629986388
0.00712376745089939,-0.00055443496068971,0.000485998917800441,-0.00055443496068971,0.0015529709948629,-0.00305980237903337,0.000485998917800441,-0.00305980237903337,0.0286959527654801
0.0071168131546104,-0.000553085199436355,0.000485929331120862,-0.000553085199436355,0.00155296320902023,-0.00306638899811071,0.000485929331120862,-0.00306638899811071,0.0289049013879511
0.00710987197341006,-0.000551735020920434,0.000485056083756569,-0.000551735020920434,0.00155296798272408,-0.0030708247496675,0.000485056083756569,-0.0030708247496675,0.0290350355431508
0.00710294429324801,-0.000550385408163732,0.000483780052321455,-0.000550385408163732,0.00155297913908661,-0.00307407505072921,0.000483780052321455,-0.00307407505072921,0.0291272236617646
0.00709602986326545,-0.000549036605650425,0.000483234054963212,-0.000549036605650425,0.00155299609556952,-0.00307876972443737,0.000483234054963212,-0.00307876972443737,0.02926478690211
0.00708912864522213,-0.000547688429958551,0.000482338950291415,-0.000547688429958551,0.0015530199000832,-0.0030824605081448,0.000482338950291415,-0.0030824605081448,0.0293675602194379
0.00708224112317831,-0.000546341963914131,0.000481213990940693,-0.000546341963914131,0.00155304399501232,-0.00308536771260301,0.000481213990940693,-0.00308536771260301,0.0294476863604189
0.00707536659216063,-0.000544995681497492,0.00048030402622487,-0.000544995681497492,0.00155307724315302,-0.00308851555402083,0.00048030402622487,-0.00308851555402083,0.0295373208852911
0.00706850529590472,-0.000543650001393101,0.000478750353695005,-0.000543650001393101,0.00155311681925882,-0.00309005481448827,0.000478750353695005,-0.00309005481448827,0.0295800007380697
0.00706165606902525,-0.000542303209263436,0.000477965790238247,-0.000542303209263436,0.00155317347860261,-0.00309322503338337,0.000477965790238247,-0.00309322503338337,0.0296789860978219
0.00705481872663352,-0.000540956217140167,0.000477691941971659,-0.000540956217140167,0.00155324356339688,-0.00309765392371753,0.000477691941971659,-0.00309765392371753,0.0298166639950935
0.0070479937344207,-0.000539610106012049,0.000476874412906975,-0.000539610106012049,0.00155332067136557,-0.00310112737564273,0.000476874412906975,-0.00310112737564273,0.0299196403787047
0.00704118181753901,-0.000538266749345632,0.00047619268558671,-0.000538266749345632,0.00155339397107367,-0.00310504147606791,0.00047619268558671,-0.00310504147606791,0.0300377713088378
0.00703438281586953,-0.00053692525742116,0.000475382082157779,-0.00053692525742116,0.00155346796567885,-0.00310873947083302,0.000475382082157779,-0.00310873947083302,0.0301471746554188
0.00702759663281284,-0.000535584960739107,0.000474270467286234,-0.000535584960739107,0.00155354580675275,-0.0031118057511539,0.000474270467286234,-0.0031118057511539,0.0302353080100463
0.00702082314284446,-0.000534245677364211,0.000473259120802992,-0.000534245677364211,0.00155362847343941,-0.00311512532315153,0.000473259120802992,-0.00311512532315153,0.0303324530840928
0.00701406226310268,-0.00053290795425865,0.000472949862816239,-0.00053290795425865,0.00155371375752502,-0.00312003239337423,0.000472949862816239,-0.00312003239337423,0.0304791458605806
0.00700731411580689,-0.000531571481486086,0.000472034560120744,-0.000531571481486086,0.00155380277452383,-0.00312362716511588,0.000472034560120744,-0.00312362716511588,0.0305755430780398
0.00700057826986162,-0.00053023582407505,0.000471788334583205,-0.00053023582407505,0.00155389850677372,-0.00312871491506435,0.000471788334583205,-0.00312871491506435,0.0307156769255457
0.00699385549935019,-0.000528902359531738,0.000470865300164024,-0.000528902359531738,0.00155399254137359,-0.00313227863857568,0.000470865300164024,-0.00313227863857568,0.0307987719915093
0.00698714465693459,-0.000527567889232204,0.00046978126372053,-0.000527567889232204,0.00155410225331815,-0.0031355020402473,0.00046978126372053,-0.0031355020402473,0.030867005739915
0.00698044639845651,-0.000526234465973997,0.000468491295632983,-0.000526234465973997,0.00155421613877094,-0.00313834464824181,0.000468491295632983,-0.00313834464824181,0.030923078910311
0.00697376100029224,-0.000524902652935817,0.00046703408957643,-0.000524902652935817,0.00155433067483649,-0.00314085771938861,0.00046703408957643,-0.00314085771938861,0.0309707102697965
0.0069670888518014,-0.000523572639799923,0.00046489149970972,-0.000523572639799923,0.00155444368813099,-0.00314182802545427,0.00046489149970972,-0.00314182802545427,0.0309742312406866
0.00696042981037731,-0.00052224352832911,0.000462353832201311,-0.00052224352832911,0.00155455929892318,-0.00314186256628563,0.000462353832201311,-0.00314186256628563,0.030958533393562
0.00695378411529271,-0.000520916388765128,0.000460179760467265,-0.000520916388765128,0.00155467187321554,-0.00314259897879391,0.000460179760467265,-0.00314259897879391,0.0309792763240985
0.00694715157424869,-0.000519590700698383,0.000458091371912738,-0.000519590700698383,0.00155478443299733,-0.00314342461788298,0.000458091371912738,-0.00314342461788298,0.0310120589674404
0.00694053115044183,-0.000518264437804818,0.000456557289115555,-0.000518264437804818,0.00155490903574922,-0.0031454915425859,0.000456557289115555,-0.0031454915425859,0.0310912705065331
0.00693392329913627,-0.00051693883561839,0.000454491266191756,-0.00051693883561839,0.00155503868349457,-0.00314651906624683,0.000454491266191756,-0.00314651906624683,0.0311365182589298
0.00692732798205892,-0.000515614820210672,0.000453297571343071,-0.000515614820210672,0.00155516916578905,-0.00314960911452969,0.000453297571343071,-0.00314960911452969,0.031257131697107
0.00692074583550057,-0.000514293790442178,0.000451929104561855,-0.000514293790442178,0.00155529263601546,-0.00315237483572171,0.000451929104561855,-0.00315237483572171,0.031362180095424
0.00691417677539587,-0.000512975247053977,0.000450815262989421,-0.000512975247053977,0.00155541164487412,-0.00315561036763983,0.000450815262989421,-0.00315561036763983,0.0314791925987155
0.00690762070476581,-0.000511658175435062,0.000449304355660948,-0.000511658175435062,0.00155553110004816,-0.00315778287899301,0.000449304355660948,-0.00315778287899301,0.0315529792311054
0.00690107698453764,-0.000510340525709964,0.000447465263476653,-0.000510340525709964,0.00155566172778587,-0.00315910015676202,0.000447465263476653,-0.00315910015676202,0.0315953301470472
0.00689454621765479,-0.000509024185339537,0.000445358282101346,-0.000509024185339537,0.00155579298764585,-0.00315971402477758,0.000445358282101346,-0.00315971402477758,0.0316183185719854
0.00688802765381783,-0.000507707556426511,0.000443566614572497,-0.000507707556426511,0.00155593401710368,-0.00316097104358977,0.000443566614572497,-0.00316097104358977,0.0316682789739144
0.00688152209236266,-0.000506392962773726,0.000441465974154547,-0.000506392962773726,0.00155607203411003,-0.00316152896107166,0.000441465974154547,-0.00316152896107166,0.0316985232231497
0.00687502944360523,-0.000505080120153986,0.000439508326796945,-0.000505080120153986,0.00155620848959875,-0.0031623044113675,0.000439508326796945,-0.0031623044113675,0.0317430183581933
0.00686854932744493,-0.000503768060538643,0.00043765694320293,-0.000503768060538643,0.00155634880492635,-0.00316324147563785,0.00043765694320293,-0.00316324147563785,0.0317967637606561
0.00686208133171786,-0.000502455791556085,0.000435696687435364,-0.000502455791556085,0.0015564984290066,-0.00316398067999032,0.000435696687435364,-0.00316398067999032,0.0318450074243543
0.00685562585040623,-0.000501144945656841,0.00043380786373309,-0.000501144945656841,0.00155664875499716,-0.00316494733043144,0.00043380786373309,-0.00316494733043144,0.0319052310558961
0.00684918340294755,-0.00049983648260279,0.000431502828081252,-0.00049983648260279,0.00155679393748836,-0.00316501951856005,0.000431502828081252,-0.00316501951856005,0.0319375840300826
0.00684275377441828,-0.000498529284261338,0.000428996485848005,-0.000498529284261338,0.00155693940002641,-0.00316460678304822,0.000428996485848005,-0.00316460678304822,0.0319602070904178
0.00683633687699295,-0.00049722351307419,0.00042680365800568,-0.00049722351307419,0.00155708460036526,-0.00316481724949238,0.00042680365800568,-0.00316481724949238,0.0320148059667177
0.00682993289921403,-0.00049591947310602,0.000424374794045448,-0.00049591947310602,0.00155722766943403,-0.00316445088973681,0.000424374794045448,-0.00316445088973681,0.0320540096498777
0.00682354189781426,-0.00049461655655052,0.000421343984445236,-0.00049461655655052,0.00155737093097636,-0.00316269718210387,0.000421343984445236,-0.00316269718210387,0.0320509353871379
0.00681716387001083,-0.000493314682551908,0.000418166049954038,-0.000493314682551908,0.00155751445869422,-0.00316053143373955,0.000418166049954038,-0.00316053143373955,0.0320486982776074
0.00681079885168397,-0.000492014529011298,0.000415339558329757,-0.000492014529011298,0.00155765510335295,-0.00315902451100503,0.000415339558329757,-0.00315902451100503,0.0320901458573764
0.00680444687764726,-0.000490715692074452,0.00041208301748356,-0.000490715692074452,0.0015577945659824,-0.00315652753217686,0.00041208301748356,-0.00315652753217686,0.0321062099695047
0.0067981079521918,-0.0004894192992274,0.000409720047910232,-0.0004894192992274,0.00155792784971409,-0.00315581190426823,0.000409720047910232,-0.00315581190426823,0.0322145882927464
0.00679178224669778,-0.000488125392331576,0.000407137127914075,-0.000488125392331576,0.00155805460360978,-0.00315447115726261,0.000407137127914075,-0.00315447115726261,0.0323052209972079
0.00678547012336571,-0.000486834146490679,0.000404071312683297,-0.000486834146490679,0.00155817296974549,-0.00315183311596585,0.000404071312683297,-0.00315183311596585,0.0323541282849308
0.0067791709145631,-0.000485543814824377,0.000401510144510206,-0.000485543814824377,0.00155829259600115,-0.00314993411733842,0.000401510144510206,-0.00314993411733842,0.0324535499800978
0.00677288451121645,-0.000484254450860176,0.000398971742796267,-0.000484254450860176,0.00155841362335825,-0.00314784628898771,0.000398971742796267,-0.00314784628898771,0.0325581780532381
0.00676661066389625,-0.000482965517463046,0.000396363337449041,-0.000482965517463046,0.00155853899773024,-0.00314545871739867,0.000396363337449041,-0.00314545871739867,0.0326635347050447
0.00676034900572876,-0.000481676957664919,0.000394199386946753,-0.000481676957664919,0.00155866989501581,-0.00314388752324474,0.000394199386946753,-0.00314388752324474,0.0328240271405818
0.0067540994970109,-0.000480390136789324,0.000392770775523933,-0.000480390136789324,0.00155880054562949,-0.00314376903145791,0.000392770775523933,-0.00314376903145791,0.0330685423687979
0.00674786180901635,-0.00047910487131117,0.000391913796853587,-0.00047910487131117,0.0015589329639264,-0.00314483790542888,0.000391913796853587,-0.00314483790542888,0.033374703611786
0.00674163629213699,-0.000477822054193438,0.000390827876129404,-0.000477822054193438,0.00155906227206154,-0.00314551438527521,0.000390827876129404,-0.00314551438527521,0.0336563354241938
0.00673542251961152,-0.000476540320017827,0.000389910332154813,-0.000476540320017827,0.00155919562933721,-0.00314652955811835,0.000389910332154813,-0.00314652955811835,0.0339543771278751
0.00672921978156763,-0.000475259210002879,0.000390127614190555,-0.000475259210002879,0.00155933722734159,-0.00314979849302952,0.000390127614190555,-0.00314979849302952,0.034366872300913
0.00672302805769448,-0.000473979598812523,0.000390704946862809,-0.000473979598812523,0.00155948349678354,-0.00315395244822167,0.000390704946862809,-0.00315395244822167,0.0348038279884706
0.0067168467125219,-0.000472699777621316,0.000391422351566486,-0.000472699777621316,0.00155964370689052,-0.00315867158557247,0.000391422351566486,-0.00315867158557247,0.0352395988823347
0.00671067621154429,-0.000471422570858641,0.000392756667855539,-0.000471422570858641,0.00155980408062193,-0.00316485792603163,0.000392756667855539,-0.00316485792603163,0.0357231357815144
0.00670451633701021,-0.000470146277682603,0.000393566794953736,-0.000470146277682603,0.00155997264903038,-0.00317033618839972,0.000393566794953736,-0.00317033618839972,0.0361258522414956
0.00669836698758538,-0.000468870664650832,0.000394352184437324,-0.000468870664650832,0.00156015038755532,-0.00317601708866426,0.000394352184437324,-0.00317601708866426,0.0365071928444425
0.00669222898633565,-0.000467597528106108,0.000394430178282561,-0.000467597528106108,0.00156032670891526,-0.00318054815431318,0.000394430178282561,-0.00318054815431318,0.0368050985067784
0.0066861020634568,-0.000466325411568164,0.000394352422569265,-0.000466325411568164,0.00156050850947276,-0.00318481950839144,0.000394352422569265,-0.00318481950839144,0.0370773495930228
0.0066799860052061,-0.000465053916056465,0.000394390090665619,-0.000465053916056465,0.00156069800333808,-0.0031893438155703,0.000394390090665619,-0.0031893438155703,0.03735234600282
0.00667388081812875,-0.000463783102737879,0.000394274290666935,-0.000463783102737879,0.00156089472026657,-0.00319368260674447,0.000394274290666935,-0.00319368260674447,0.03760687212344
0.00666778634039104,-0.000462513719091636,0.000394934210859034,-0.000462513719091636,0.00156109587817536,-0.00319951795278577,0.000394934210859034,-0.00319951795278577,0.0379266634124846
0.00666170256120456,-0.000461245352769826,0.000395297688664486,-0.000461245352769826,0.00156130330049259,-0.00320493822790514,0.000395297688664486,-0.00320493822790514,0.0381988994849049
0.0066556295304486,-0.000459977782613863,0.000395342635235437,-0.000459977782613863,0.00156151750623758,-0.00320988230567386,0.000395342635235437,-0.00320988230567386,0.0384280019001894
0.00664956751503117,-0.000458711912710881,0.000395352198273337,-0.000458711912710881,0.00156173355586112,-0.00321479872414495,0.000395352198273337,-0.00321479872414495,0.0386438211148872
0.00664351628338115,-0.000457446314534713,0.00039494375121995,-0.000457446314534713,0.00156195814360999,-0.00321900233480436,0.00039494375121995,-0.00321900233480436,0.0388123056239573
0.00663747596134982,-0.000456181254179819,0.000394246722828589,-0.000456181254179819,0.00156218938900385,-0.00322276280130697,0.000394246722828589,-0.00322276280130697,0.0389563577159522
0.00663144713232089,-0.000454918210663965,0.000393159554498612,-0.000454918210663965,0.00156241885008679,-0.00322584974159967,0.000393159554498612,-0.00322584974159967,0.0390729773484581
0.00662542901635871,-0.000453654153079368,0.000391853769905162,-0.000453654153079368,0.00156266177842024,-0.00322862734742461,0.000391853769905162,-0.00322862734742461,0.0391814772666377
0.00661942191437456,-0.000452391083822146,0.000390843188455073,-0.000452391083822146,0.00156290838081005,-0.00323212384336907,0.000390843188455073,-0.00323212384336907,0.0393373123537205
0.00661342607479013,-0.000451129538088812,0.000389612867132004,-0.000451129538088812,0.0015631555026752,-0.00323544736569619,0.000389612867132004,-0.00323544736569619,0.0394876225445045
0.0066074408618455,-0.000449866942016423,0.00038812226353365,-0.000449866942016423,0.00156341594758562,-0.00323862238720494,0.00038812226353365,-0.00323862238720494,0.039631261194372
0.00660146658510403,-0.000448605638802047,0.000387211930882661,-0.000448605638802047,0.00156367851107179,-0.00324329664146933,0.000387211930882661,-0.00324329664146933,0.0398561044378
0.0065955037955518,-0.000447346633067411,0.000385833120157533,-0.000447346633067411,0.00156393713519933,-0.00324751113760498,0.000385833120157533,-0.00324751113760498,0.0400443032649799
0.00658955244120918,-0.000446089680010504,0.000384740058829806,-0.000446089680010504,0.00156419298003765,-0.00325246538590001,0.000384740058829806,-0.00325246538590001,0.0402622396535306
0.00658361324303575,-0.000444835789283376,0.000382952881774642,-0.000444835789283376,0.00156443947243405,-0.0032560737898181,0.000382952881774642,-0.0032560737898181,0.0403978518106008
0.00657768579140088,-0.000443583786185524,0.00038180055861181,-0.000443583786185524,0.00156468305685447,-0.00326052011501209,0.00038180055861181,-0.00326052011501209,0.0405750562025932
0.00657177005972057,-0.000442333213860825,0.000380565650971821,-0.000442333213860825,0.00156492599726874,-0.00326434891702696,0.000380565650971821,-0.00326434891702696,0.0407062867414706
0.00656586641191435,-0.00044108502564227,0.000379224832252706,-0.00044108502564227,0.00156516311848352,-0.00326733303396177,0.000379224832252706,-0.00326733303396177,0.0407907397990631
0.00655997348992063,-0.00043983449472807,0.000378051173930496,-0.00043983449472807,0.00156541898215061,-0.00327003229944053,0.000378051173930496,-0.00327003229944053,0.0408570541617271
0.00655409184497395,-0.000438585203572345,0.000377135791307294,-0.000438585203572345,0.00156567619705156,-0.0032727401490798,0.000377135791307294,-0.0032727401490798,0.0409275869369609
0.00654822179407244,-0.000437338127232635,0.000376081217046767,-0.000437338127232635,0.00156592961648208,-0.00327471722982218,0.000376081217046767,-0.00327471722982218,0.0409650777477114
0.00654236308732894,-0.000436092021635188,0.000374912797343131,-0.000436092021635188,0.00156618534865123,-0.00327595256670916,0.000374912797343131,-0.00327595256670916,0.0409749101134333
0.00653651548378726,-0.000434845976832379,0.000373526604605863,-0.000434845976832379,0.00156644785725864,-0.003276369306729,0.000373526604605863,-0.003276369306729,0.0409596758131227
0.00653067866308871,-0.000433601141778743,0.000373191204744407,-0.000433601141778743,0.00156671322454449,-0.00327795285868076,0.000373191204744407,-0.00327795285868076,0.0410282098109325
0.00652485191854865,-0.000432355211083672,0.000372717893488179,-0.000432355211083672,0.00156699352572434,-0.00327912779465282,0.000372717893488179,-0.00327912779465282,0.0410739664580975
0.00651903561242123,-0.000431110096719839,0.000372043344295831,-0.000431110096719839,0.00156727904914366,-0.00327995662293204,0.000372043344295831,-0.00327995662293204,0.0411097090306982
0.0065132294439024,-0.000429865440757871,0.000371587951650283,-0.000429865440757871,0.00156757209062178,-0.00328115836816462,0.000371587951650283,-0.00328115836816462,0.0411760483983094
0.00650743321419357,-0.000428621096865774,0.000371192423090839,-0.000428621096865774,0.00156787374043154,-0.00328266802961984,0.000371192423090839,-0.00328266802961984,0.0412617051856185
0.00650164761515764,-0.000427379456792676,0.000370528104364487,-0.000427379456792676,0.00156817141965201,-0.00328402778688539,0.000370528104364487,-0.00328402778688539,0.0413415605211734
0.00649587309319802,-0.000426140917940261,0.000369329696482758,-0.000426140917940261,0.00156846184554236,-0.00328468515844517,0.000369329696482758,-0.00328468515844517,0.0413898183224759
0.00649010874951155,-0.00042490265299371,0.000368603790546243,-0.00042490265299371,0.0015687598575782,-0.0032861255378584,0.000368603790546243,-0.0032861255378584,0.0414918770148664
0.00648435488768365,-0.000423665691080681,0.000367576772187017,-0.000423665691080681,0.00156905996848602,-0.00328730422573291,0.000367576772187017,-0.00328730422573291,0.0415782759624181
0.00647861147618231,-0.000422428330210693,0.00036554749990059,-0.000422428330210693,0.00156936910153213,-0.00328724987685003,0.00036554749990059,-0.00328724987685003,0.0415994114324994
0.00647287882003047,-0.000421192974069774,0.000364066682011917,-0.000421192974069774,0.00156967581553189,-0.00328834645936373,0.000364066682011917,-0.00328834645936373,0.0417141054884283
0.00646715689161266,-0.000419959189433402,0.00036246574850008,-0.000419959189433402,0.00156998205570783,-0.00328961498157526,0.00036246574850008,-0.00328961498157526,0.0418451448899266
0.00646144571165986,-0.000418728254753833,0.000361656504406751,-0.000418728254753833,0.00157028239624312,-0.00329244099841634,0.000361656504406751,-0.00329244099841634,0.0420732601170598
0.00645574500765693,-0.000417498347261527,0.000360582946621502,-0.000417498347261527,0.00157058552905721,-0.00329512068863395,0.000360582946621502,-0.00329512068863395,0.0422649301097155
0.0064500548164431,-0.000416269149443354,0.00035923088845941,-0.000416269149443354,0.00157089245907691,-0.00329761931213355,0.00035923088845941,-0.00329761931213355,0.042425161556269
0.0064443754010584,-0.000415041244168737,0.00035760327765922,-0.000415041244168737,0.00157119965647264,-0.00329991233053477,0.00035760327765922,-0.00329991233053477,0.0425610575819641
0.0064387065727596,-0.000413813226088664,0.000355614543884048,-0.000413813226088664,0.00157151345571025,-0.00330187768733956,0.000355614543884048,-0.00330187768733956,0.0426696973779065
0.00643304824094799,-0.000412585716204034,0.000354041170700045,-0.000412585716204034,0.00157183135218771,-0.00330489384445277,0.000354041170700045,-0.00330489384445277,0.0428379923587974
0.00642740018167147,-0.000411359171661467,0.000353172415857155,-0.000411359171661467,0.00157215220537014,-0.0033095702906127,0.000353172415857155,-0.0033095702906127,0.0430792830908544
0.00642176252214078,-0.000410133267534822,0.000351856896745303,-0.000410133267534822,0.00157247693417889,-0.00331398719369216,0.000351856896745303,-0.00331398719369216,0.0432503243596385
0.00641613577324107,-0.000408908694929714,0.000349854044160681,-0.000408908694929714,0.00157280067674402,-0.00331758587021211,0.000349854044160681,-0.00331758587021211,0.0433367257112607
0.00641052017583469,-0.000407684593416327,0.000346977602909488,-0.000407684593416327,0.00157312596182253,-0.00331986759591675,0.000346977602909488,-0.00331986759591675,0.0433357169433558
0.00640491625084354,-0.000406462259076902,0.000343714064489359,-0.000406462259076902,0.00157344536524701,-0.0033215321125232,0.000343714064489359,-0.0033215321125232,0.0433135393790407
0.00639932365130536,-0.000405239661404027,0.000340284261916365,-0.000405239661404027,0.0015737684719609,-0.00332292123016397,0.000340284261916365,-0.00332292123016397,0.0432928385346889
0.00639374307138276,-0.000404018975474688,0.000336391011857697,-0.000404018975474688,0.00157408371937595,-0.00332343731937035,0.000336391011857697,-0.00332343731937035,0.0432498219126169
0.00638817444496038,-0.000402800267579916,0.000332920546644804,-0.000402800267579916,0.00157439111301124,-0.00332452010947025,0.000332920546644804,-0.00332452010947025,0.043272388607962
0.00638261772625377,-0.000401583425969936,0.000329698345314817,-0.000401583425969936,0.00157469153211833,-0.00332571121146988,0.000329698345314817,-0.00332571121146988,0.0433205205438259
0.006377072226864,-0.00040036660713556,0.000327215079411171,-0.00040036660713556,0.00157499520784019,-0.00332784969787209,0.000327215079411171,-0.00332784969787209,0.0434313704429702
0.00637153810923408,-0.000399150469649395,0.000324529173626919,-0.000399150469649395,0.00157529889074894,-0.00332929793853768,0.000324529173626919,-0.00332929793853768,0.0434928766782325
0.00636601496819501,-0.000397933870994271,0.000322109536105614,-0.000397933870994271,0.00157560863125537,-0.00333090481523898,0.000322109536105614,-0.00333090481523898,0.0435642734941337
0.006360503316047,-0.000396718517417798,0.000319160471719874,-0.000396718517417798,0.00157591544630294,-0.00333133597271834,0.000319160471719874,-0.00333133597271834,0.0435709196591474
0.00635500304311359,-0.000395504256660641,0.000316437030129801,-0.000395504256660641,0.00157622027929627,-0.00333178804780867,0.000316437030129801,-0.00333178804780867,0.0436021137930799
0.00634951416769955,-0.000394291644643864,0.00031393658704466,-0.000394291644643864,0.00157652083741787,-0.00333220391246323,0.00031393658704466,-0.00333220391246323,0.043651993109368
0.00634403620777521,-0.00039307987324959,0.000312163931627987,-0.00039307987324959,0.0015768222723478,-0.00333337063795692,0.000312163931627987,-0.00333337063795692,0.0437627895927827
0.00633856914960542,-0.000391869885667526,0.000310760149748354,-0.000391869885667526,0.00157712084179105,-0.00333468484337563,0.000310760149748354,-0.00333468484337563,0.0438815161807361
0.00633311301825843,-0.000390662312769804,0.000309653454121074,-0.000390662312769804,0.00157741400174415,-0.00333589607604335,0.000309653454121074,-0.00333589607604335,0.0439895203478064
0.00632766676931507,-0.000389452906497569,0.000308888862349994,-0.000389452906497569,0.00157772306153991,-0.00333715344077785,0.000308888862349994,-0.00333715344077785,0.0440871603196048
0.00632223048466235,-0.000388243342766089,0.000308060123452232,-0.000388243342766089,0.00157804035463043,-0.00333810365116767,0.000308060123452232,-0.00333810365116767,0.0441561075340294
0.00631680419690017,-0.000387035652700964,0.000307797027622049,-0.000387035652700964,0.00157835715538668,-0.00333968636505835,0.000307797027622049,-0.00333968636505835,0.0442634677557566
0.00631138707910032,-0.000385827033015151,0.000307946461063663,-0.000385827033015151,0.00157868794326086,-0.00334181442430542,0.000307946461063663,-0.00334181442430542,0.0443806027369556
0.00630597989556586,-0.000384620933277991,0.000307610804110514,-0.000384620933277991,0.00157901551894134,-0.00334330598310186,0.000307610804110514,-0.00334330598310186,0.0444339974836656
0.00630058233259916,-0.000383415051004456,0.000306984891337082,-0.000383415051004456,0.00157935033463183,-0.00334439779710245,0.000306984891337082,-0.00334439779710245,0.0444512921046645
0.00629519430509603,-0.000382209189383053,0.000306206773191822,-0.000382209189383053,0.00157969319608186,-0.00334541156029418,0.000306206773191822,-0.00334541156029418,0.0444609683343529
0.00628981615638621,-0.000381004282279018,0.000304883412079905,-0.000381004282279018,0.00158003876526233,-0.00334589274826642,0.000304883412079905,-0.00334589274826642,0.0444420122515175
0.00628444785810137,-0.000379801055815478,0.000303894989179803,-0.000379801055815478,0.00158038395047125,-0.00334709902614751,0.000303894989179803,-0.00334709902614751,0.0444798976725676
0.00627908941941436,-0.000378599965935637,0.000303109814483402,-0.000378599965935637,0.00158072684379741,-0.00334885073235634,0.000303109814483402,-0.00334885073235634,0.0445461055977953
0.00627374092274684,-0.000377400464371101,0.000301977686062889,-0.000377400464371101,0.00158106939174499,-0.00335029481911712,0.000301977686062889,-0.00335029481911712,0.0445772802856281
0.00626840259663373,-0.000376202191839831,0.000300221611875783,-0.000376202191839831,0.0015814121081511,-0.00335095584092454,0.000300221611875783,-0.00335095584092454,0.0445565342808328
0.00626307418441907,-0.000375004525883699,0.000298738182516716,-0.000375004525883699,0.00158175826794011,-0.00335217510049426,0.000298738182516716,-0.00335217510049426,0.0445771346365492
0.00625775588555857,-0.000373808306803206,0.000297092530026883,-0.000373808306803206,0.0015821036291767,-0.00335335026140037,0.000297092530026883,-0.00335335026140037,0.0445919447739099
0.00625244793396671,-0.000372613570519099,0.000294987556053451,-0.000372613570519099,0.00158244711795865,-0.00335396857523185,0.000294987556053451,-0.00335396857523185,0.0445740050216421
0.00624715029883713,-0.0003714186130867,0.000292232921493717,-0.0003714186130867,0.00158279567434692,-0.00335374282911651,0.000292232921493717,-0.00335374282911651,0.0445180053563885
0.00624186341176129,-0.000370226923032741,0.000289941567055356,-0.000370226923032741,0.00158313322351052,-0.00335434368191655,0.000289941567055356,-0.00335434368191655,0.0445448431074372
0.00623658701944309,-0.000369036254091063,0.000287485725250232,-0.000369036254091063,0.00158347007679207,-0.00335470988802218,0.000287485725250232,-0.00335470988802218,0.0445656320188306
0.00623132104840981,-0.000367846515844815,0.000285139135167305,-0.000367846515844815,0.00158380678096611,-0.00335527508843622,0.000285139135167305,-0.00335527508843622,0.0446111274810386
0.00622606527543976,-0.000366657617332939,0.000283207912675782,-0.000366657617332939,0.00158414446232342,-0.00335656749514098,0.000283207912675782,-0.00335656749514098,0.0447074823517941
0.0062208198915085,-0.000365469456808522,0.000280753770640292,-0.000365469456808522,0.00158448284231298,-0.00335712154046639,0.000280753770640292,-0.00335712154046639,0.0447484913871177
0.00621558423285214,-0.000364280851219491,0.000279221833056547,-0.000364280851219491,0.00158482894219204,-0.00335934574312359,0.000279221833056547,-0.00335934574312359,0.0448981420081074
0.00621035835031206,-0.000363093244947825,0.000277951750707312,-0.000363093244947825,0.00158517664247066,-0.00336235943221196,0.000277951750707312,-0.00336235943221196,0.0450615556330811
0.00620514292268045,-0.000361907361727493,0.000275499163253688,-0.000361907361727493,0.00158552052653738,-0.00336367443725077,0.000275499163253688,-0.00336367443725077,0.0450790392796389
0.00619993772517381,-0.000360722682819039,0.000273493857112428,-0.000360722682819039,0.00158586332075994,-0.00336579990928089,0.000273493857112428,-0.00336579990928089,0.0451442925702386
0.00619474273219355,-0.000359537999438659,0.000271065380026003,-0.000359537999438659,0.00158621009957229,-0.00336730629088058,0.000271065380026003,-0.00336730629088058,0.0451517704866259
0.00618955794306,-0.000358352011148587,0.000267994749620924,-0.000358352011148587,0.00158656593877873,-0.00336793002779197,0.000267994749620924,-0.00336793002779197,0.0451038263988204
0.00618438347122316,-0.000357166553083615,0.000265168839435903,-0.000357166553083615,0.00158692259353523,-0.00336930109124725,0.000265168839435903,-0.00336930109124725,0.0451175037268593
0.00617921935930544,-0.000355981614420506,0.000262224609228038,-0.000355981614420506,0.00158727992247582,-0.0033708749335274,0.000262224609228038,-0.0033708749335274,0.0451422559014421
0.00617406600856237,-0.000354798034786407,0.000258728714570539,-0.000354798034786407,0.00158763298279082,-0.00337181607092361,0.000258728714570539,-0.00337181607092361,0.0451290249752111
0.00616892321953494,-0.00035361497187606,0.000255491705567081,-0.00035361497187606,0.00158798582900486,-0.00337353284776959,0.000255491705567081,-0.00337353284776959,0.0451721361275583
0.00616379138914101,-0.000352433950346749,0.000251964920639898,-0.000352433950346749,0.00158833084825617,-0.00337492624233147,0.000251964920639898,-0.00337492624233147,0.0451919861315124
0.00615867033993751,-0.000351252871672732,0.000248273945893441,-0.000351252871672732,0.00158867727757101,-0.00337609916557345,0.000248273945893441,-0.00337609916557345,0.0451990032070028
0.00615356073080121,-0.000350074646030995,0.000244132311112335,-0.000350074646030995,0.00158901082877881,-0.00337632947939645,0.000244132311112335,-0.00337632947939645,0.0451637915905949
0.00614846194746748,-0.000348895583464596,0.000240380892422225,-0.000348895583464596,0.00158934886404707,-0.00337712404413124,0.000240380892422225,-0.00337712404413124,0.0451850219589099
0.0061433741854963,-0.000347717770917791,0.000236732087339195,-0.000347717770917791,0.00158968211740312,-0.00337799088482825,0.000236732087339195,-0.00337799088482825,0.0452219494494912
0.00613829720448838,-0.00034654061672361,0.000233525014098213,-0.00034654061672361,0.00159001394595087,-0.00337951255646187,0.000233525014098213,-0.00337951255646187,0.0453040614897711
0.00613323054411555,-0.000345361888428387,0.000230575877633664,-0.000345361888428387,0.00159035514776114,-0.00338145086794377,0.000230575877633664,-0.00338145086794377,0.0453937019457913
0.00612817469034655,-0.000344184439370413,0.000227190052648888,-0.000344184439370413,0.0015906921779618,-0.0033825497575217,0.000227190052648888,-0.0033825497575217,0.0454137828703392
0.00612312976403305,-0.000343007797253694,0.000223493298410353,-0.000343007797253694,0.00159102650381004,-0.00338288777994362,0.000223493298410353,-0.00338288777994362,0.0453920496163406
0.00611809565554817,-0.000341831407870367,0.000219900373202078,-0.000341831407870367,0.00159136072254279,-0.00338321096545603,0.000219900373202078,-0.00338321096545603,0.0453876247414319
0.00611307224342328,-0.000340655065337493,0.000216449986991607,-0.000340655065337493,0.00159169606852327,-0.00338364725272061,0.000216449986991607,-0.00338364725272061,0.0454048550617147
0.00610805984933188,-0.000339480816381974,0.000212827980313128,-0.000339480816381974,0.00159202303652673,-0.00338354613527826,0.000212827980313128,-0.00338354613527826,0.0454038625899299
0.00610305824049474,-0.000338305539152731,0.00020896157474251,-0.000338305539152731,0.00159235525175239,-0.00338275162910367,0.00020896157474251,-0.00338275162910367,0.0453796327463625
0.00609806742942978,-0.00033713045678649,0.000205178941187101,-0.00033713045678649,0.00159268744028739,-0.00338199306363792,0.000205178941187101,-0.00338199306363792,0.045393948951006
0.00609308710267484,-0.000335955690741788,0.000202051291710343,-0.000335955690741788,0.00159302016375298,-0.00338242656186875,0.000202051291710343,-0.00338242656186875,0.0455195383170271
0.0060881170463511,-0.000334780588438375,0.000199124225630962,-0.000334780588438375,0.00159335687628306,-0.00338338454088468,0.000199124225630962,-0.00338338454088468,0.0456793445367742
0.00608315708730794,-0.000333605472402856,0.000196529441128699,-0.000333605472402856,0.00159369676844467,-0.00338525763958183,0.000196529441128699,-0.00338525763958183,0.0458885663938745
0.00607820777586621,-0.000332433411685675,0.000193475443492146,-0.000332433411685675,0.00159402539365241,-0.00338645782811255,0.000193475443492146,-0.00338645782811255,0.0460258827079009
0.00607326891420606,-0.000331260663430866,0.000190186467845268,-0.000331260663430866,0.00159435877439195,-0.00338720364821727,0.000190186467845268,-0.00338720364821727,0.0461225265922816
0.00606834079893144,-0.000330089629127365,0.000186706954262761,-0.000330089629127365,0.00159468590870121,-0.00338754840588286,0.000186706954262761,-0.00338754840588286,0.0462021677169725
0.0060634230779896,-0.000328916922408408,0.000183274594443847,-0.000328916922408408,0.00159502183232691,-0.00338797465170806,0.000183274594443847,-0.00338797465170806,0.0463000410412598
0.00605851614371805,-0.00032774692655911,0.000179780480061039,-0.00032774692655911,0.00159534712941483,-0.00338831095497791,0.000179780480061039,-0.00338831095497791,0.0464125007417449
0.00605361964989524,-0.000326576677895804,0.000176610175219224,-0.000326576677895804,0.00159567523943872,-0.00338918911008662,0.000176610175219224,-0.00338918911008662,0.046578965549645
0.00604873381831545,-0.000325408296609868,0.000173334445015291,-0.000325408296609868,0.00159599673171271,-0.003389798556729,0.000173334445015291,-0.003389798556729,0.0467326443823064
0.00604385854429063,-0.000324241819038952,0.000170496111887604,-0.000324241819038952,0.00159631195715375,-0.00339095198870775,0.000170496111887604,-0.00339095198870775,0.0469409065682465
0.00603899368301438,-0.00032307660310763,0.000168003515857417,-0.00032307660310763,0.00159662426883282,-0.00339233752472395,0.000168003515857417,-0.00339233752472395,0.0471633712709816
0.0060341391017276,-0.000321911933971296,0.000165704256968582,-0.000321911933971296,0.00159693715912906,-0.00339360592109925,0.000165704256968582,-0.00339360592109925,0.0473663248971984
0.0060292944728154,-0.000320746272598522,0.000163716267186314,-0.000320746272598522,0.00159725799959477,-0.00339502796354923,0.000163716267186314,-0.00339502796354923,0.0475702184324834
0.00602445978819748,-0.00031958056172574,0.00016163598164512,-0.00031958056172574,0.0015975827695949,-0.00339607326372441,0.00016163598164512,-0.00339607326372441,0.04773477759159
0.00601963520864593,-0.000318417735640638,0.000159701805025392,-0.000318417735640638,0.00159789886538522,-0.00339703544691238,0.000159701805025392,-0.00339703544691238,0.0479023049317206
0.00601482029145421,-0.000317254314614334,0.00015824597704021,-0.000317254314614334,0.0015982221784697,-0.00339837837796431,0.00015824597704021,-0.00339837837796431,0.0480998049574319
0.00601001518763591,-0.000316091916871995,0.000156504888547657,-0.000316091916871995,0.00159854543401856,-0.00339900325716693,0.000156504888547657,-0.00339900325716693,0.0482362226939662
0.00600521951434836,-0.000314928083142598,0.000155046099655385,-0.000314928083142598,0.00159887983115299,-0.00339987856632552,0.000155046099655385,-0.00339987856632552,0.0484024056399718
0.00600043307828785,-0.000313763197099204,0.000153671046483061,-0.000313763197099204,0.00159922417612289,-0.00340100715998296,0.000153671046483061,-0.00340100715998296,0.0485911177347724
0.00599565611198673,-0.000312599795919299,0.000151988441817717,-0.000312599795919299,0.00159956708439407,-0.00340193763933391,0.000151988441817717,-0.00340193763933391,0.0487684671390181
0.00599088855305424,-0.000311440872088844,0.000151129585341919,-0.000311440872088844,0.00159989664976616,-0.00340416902242418,0.000151129585341919,-0.00340416902242418,0.0490722660258832
0.0059861300895795,-0.00031028209389039,0.000150485626429138,-0.00031028209389039,0.00160023192348277,-0.00340664754676925,0.000150485626429138,-0.00340664754676925,0.049360022345963
0.00598138018377145,-0.000309122123504129,0.000150571615289671,-0.000309122123504129,0.00160058009003392,-0.00341030405882425,0.000150571615289671,-0.00341030405882425,0.0496968675916741
0.00597663921858953,-0.0003079636569095,0.000149985421306068,-0.0003079636569095,0.00160092862647983,-0.00341321342150493,0.000149985421306068,-0.00341321342150493,0.0499006321687602
0.0059719074819847,-0.000306808032611262,0.000149101395686905,-0.000306808032611262,0.00160127094783395,-0.0034156602047671,0.000149101395686905,-0.0034156602047671,0.050039257237938
0.00596718485114946,-0.000305654354136508,0.000148544561905324,-0.000305654354136508,0.00160161120964084,-0.00341830484189391,0.000148544561905324,-0.00341830484189391,0.0501778979289313
0.005962471103433,-0.000304503096065568,0.000148660627736293,-0.000304503096065568,0.00160194840339993,-0.00342146210806682,0.000148660627736293,-0.00342146210806682,0.0503276463641864
0.00595776633944426,-0.000303352212476837,0.00014824786116892,-0.000303352212476837,0.00160229057617063,-0.00342336526006639,0.00014824786116892,-0.00342336526006639,0.050335522544831
0.00595307049645837,-0.000302201407220235,0.000147745809979369,-0.000302201407220235,0.00160263887619761,-0.00342466310177057,0.000147745809979369,-0.00342466310177057,0.0502947956874465
0.00594838354075685,-0.000301054221084022,0.000147804091376401,-0.000301054221084022,0.00160297892534234,-0.00342612781704334,0.000147804091376401,-0.00342612781704334,0.0502802403931853
0.00594370585966744,-0.00029990908686842,0.000146931939196416,-0.00029990908686842,0.00160331587639339,-0.00342571615804556,0.000146931939196416,-0.00342571615804556,0.0501351326732391
0.00593903688067996,-0.000298762911354965,0.000146746890857623,-0.000298762911354965,0.0016036641675641,-0.00342548552666551,0.000146746890857623,-0.00342548552666551,0.0500495675872223
0.00593437642093669,-0.000297618087078821,0.000146934306367214,-0.000297618087078821,0.00160401449653895,-0.00342525334835362,0.000146934306367214,-0.00342525334835362,0.0499962181874545
0.00592972439481585,-0.000296474950320445,0.000147220012848042,-0.000296474950320445,0.00160436572050858,-0.00342476033973768,0.000147220012848042,-0.00342476033973768,0.0499466385378328
0.00592508086603272,-0.00029533220201944,0.000146993184438584,-0.00029533220201944,0.00160472271110633,-0.003423431526465,0.000146993184438584,-0.003423431526465,0.0498576533550337
0.00592044571803429,-0.0002941921120504,0.00014721189004387,-0.0002941921120504,0.00160507643227927,-0.00342234444596463,0.00014721189004387,-0.00342234444596463,0.0498416590717223
0.00591581885788622,-0.000293052470418072,0.000147185550571744,-0.000293052470418072,0.00160543614410601,-0.00342086094737267,0.000147185550571744,-0.00342086094737267,0.049824806833064
0.00591119967074116,-0.000291914355180173,0.000148435415503293,-0.000291914355180173,0.00160579948942896,-0.00342072416050924,0.000148435415503293,-0.00342072416050924,0.0499664853145015
0.00590658813919463,-0.000290777575718363,0.000149478735711326,-0.000290777575718363,0.00160616728216126,-0.003420552109043,0.000149478735711326,-0.003420552109043,0.0500883006280372
0.00590198402571632,-0.000289643655723573,0.000151185426856408,-0.000289643655723573,0.00160653404766398,-0.00342128371087672,0.000151185426856408,-0.00342128371087672,0.0502825616355141
0.00589738729694969,-0.000288511281578695,0.000152683711944747,-0.000288511281578695,0.00160690520603124,-0.00342203328507966,0.000152683711944747,-0.00342203328507966,0.0504322130946971
0.00589279816897339,-0.00028738099238522,0.000153700758802566,-0.00028738099238522,0.00160727757880104,-0.00342250565279377,0.000153700758802566,-0.00342250565279377,0.0505247703407566
0.00588821660392016,-0.000286253173251536,0.000154844505681704,-0.000286253173251536,0.00160764957523063,-0.00342329799052991,0.000154844505681704,-0.00342329799052991,0.0506309830985239
0.00588364269163969,-0.000285126739726811,0.000155557954226129,-0.000285126739726811,0.00160802515810486,-0.00342381576851967,0.000155557954226129,-0.00342381576851967,0.0506893570740973
0.00587907613633468,-0.00028400203217534,0.000156875841362759,-0.00028400203217534,0.00160840384023182,-0.00342522089736767,0.000156875841362759,-0.00342522089736767,0.0508112118921203
0.00587451724448587,-0.000282880431758244,0.000157733323587769,-0.000282880431758244,0.0016087788698432,-0.00342633159591753,0.000157733323587769,-0.00342633159591753,0.0508672586580757
0.00586996576998732,-0.0002817584959826,0.000158484351221102,-0.0002817584959826,0.00160916492855525,-0.00342752949183657,0.000158484351221102,-0.00342752949183657,0.050898696797786
0.00586542205337604,-0.000280638671356924,0.000158750037475662,-0.000280638671356924,0.00160955063297316,-0.00342848680507617,0.000158750037475662,-0.00342848680507617,0.0508886344687294
0.00586088605551385,-0.000279519497781138,0.000158803593866679,-0.000279519497781138,0.00160994185964759,-0.00342951586092874,0.000158803593866679,-0.00342951586092874,0.050871940748568
0.00585635803838357,-0.000278403379037293,0.000158684692979411,-0.000278403379037293,0.00161032777766164,-0.00343065099283293,0.000158684692979411,-0.00343065099283293,0.050856570566653
0.00585183818086077,-0.000277289783617462,0.000158195342602734,-0.000277289783617462,0.00161070983557343,-0.00343149655432269,0.000158195342602734,-0.00343149655432269,0.0508093822903037
0.00584732643184174,-0.000276179225825504,0.000158015505633746,-0.000276179225825504,0.00161108608258767,-0.00343269734116703,0.000158015505633746,-0.00343269734116703,0.0507898163655323
0.0058428223550653,-0.000275067114904119,0.000157909939007743,-0.000275067114904119,0.00161147667787767,-0.00343404077508378,0.000157909939007743,-0.00343404077508378,0.0507496604214898
0.00583832617207872,-0.000273954958415666,0.000157282931448361,-0.000273954958415666,0.0016118744487306,-0.00343506602795422,0.000157282931448361,-0.00343506602795422,0.0506563029376034
0.00583383815809984,-0.000272843733001561,0.000156121478656399,-0.000272843733001561,0.00161227421250628,-0.00343582226432939,0.000156121478656399,-0.00343582226432939,0.0505346395932256
0.00582935844582618,-0.000271733311252148,0.00015461334356332,-0.000271733311252148,0.00161267582205808,-0.00343656652750687,0.00015461334356332,-0.00343656652750687,0.0504146255076341
0.0058248879006471,-0.000270627505805226,0.000151990687344604,-0.000270627505805226,0.00161306061144133,-0.00343606885779028,0.000151990687344604,-0.00343606885779028,0.0502273098619584
0.00582042616783934,-0.00026952109703825,0.000149423124227862,-0.00026952109703825,0.0016134508659895,-0.00343570668246335,0.000149423124227862,-0.00343570668246335,0.050097216200627
0.00581597341763384,-0.000268415839879923,0.000146661396534723,-0.000268415839879923,0.00161383876499615,-0.00343528129220667,0.000146661396534723,-0.00343528129220667,0.0500032405836347
0.00581152999211459,-0.000267312926171264,0.000143398388338695,-0.000267312926171264,0.00161421819561941,-0.00343428034888586,0.000143398388338695,-0.00343428034888586,0.0499106853712634
0.00580709566250891,-0.000266210224995412,0.000140366857411335,-0.000266210224995412,0.00161459854076699,-0.00343372072534156,0.000140366857411335,-0.00343372072534156,0.0499083448182824
0.00580267031072107,-0.00026510887608851,0.000137723058211506,-0.00026510887608851,0.00161497559948514,-0.00343395127809286,0.000137723058211506,-0.00343395127809286,0.0500082448191517
0.00579825384453281,-0.000264010066808245,0.000135529845261543,-0.000264010066808245,0.00161534497480986,-0.00343503764026159,0.000135529845261543,-0.00343503764026159,0.0501889176906235
0.00579384630482151,-0.00026291247436759,0.00013316008498493,-0.00026291247436759,0.00161571198438509,-0.00343590773900322,0.00013316008498493,-0.00343590773900322,0.0503270979004402
0.00578944762057855,-0.000261816532639171,0.000131061509091769,-0.000261816532639171,0.00161607510138283,-0.00343710588613747,0.000131061509091769,-0.00343710588613747,0.050485560417319
0.00578505745334643,-0.000260719670580051,0.000129322864979481,-0.000260719670580051,0.00161644596922995,-0.00343878650914634,0.000129322864979481,-0.00343878650914634,0.0506585996286207
0.0057806759592345,-0.000259623273606833,0.000127259729513139,-0.000259623273606833,0.0016168183130283,-0.00344006387609794,0.000127259729513139,-0.00344006387609794,0.0507637966448762
0.00577630307238695,-0.00025852769924135,0.000125359228921765,-0.00025852769924135,0.00161719080710327,-0.00344162402239407,0.000125359228921765,-0.00344162402239407,0.0508821519339732
0.00577193873923233,-0.000257432982117237,0.000123562404883444,-0.000257432982117237,0.00161756348063802,-0.00344336634642958,0.000123562404883444,-0.00344336634642958,0.0509966232556525
0.00576758312364093,-0.0002563399897355,0.000121533490365308,-0.0002563399897355,0.00161793221294011,-0.00344470330509768,0.000121533490365308,-0.00344470330509768,0.0510608273365927
0.00576323616086022,-0.00025524678890017,0.000119422778960948,-0.00025524678890017,0.00161830499797032,-0.00344579172030045,0.000119422778960948,-0.00344579172030045,0.0511033369217517
0.00575889770305501,-0.000254154199137119,0.000117638367741148,-0.000254154199137119,0.00161867894305065,-0.00344729958788656,0.000117638367741148,-0.00344729958788656,0.0511885806541369
0.00575456743409038,-0.000253059278911992,0.000116035103170013,-0.000253059278911992,0.00161906700430673,-0.00344923820057185,0.000116035103170013,-0.00344923820057185,0.0512907909868692
0.00575024554430796,-0.000251964433772515,0.000114045653851369,-0.000251964433772515,0.00161945857685932,-0.00345106949051405,0.000114045653851369,-0.00345106949051405,0.0513617945865106
0.00574593182791365,-0.000250868882873447,0.000112331816566213,-0.000250868882873447,0.00161985738851334,-0.00345392587203738,0.000112331816566213,-0.00345392587203738,0.0514990363777809
0.0057416266538131,-0.000249775285875351,0.000110071700652908,-0.000249775285875351,0.00162025131076494,-0.00345662104383864,0.000110071700652908,-0.00345662104383864,0.0515826547551915
0.00573732995546973,-0.000248682761336143,0.000107979028741557,-0.000248682761336143,0.00162064404985032,-0.00346009500775449,0.000107979028741557,-0.00346009500775449,0.0516985837269107
0.00573304192504324,-0.000247591119997049,0.000105496430305522,-0.000247591119997049,0.00162103567078517,-0.00346332124987917,0.000105496430305522,-0.00346332124987917,0.0517453973586531
0.00572876276922697,-0.000246502586967406,0.000102929294143605,-0.000246502586967406,0.00162141640383793,-0.00346649794673546,0.000102929294143605,-0.00346649794673546,0.0517629893136025
0.00572449259583934,-0.00024541489398927,0.000100104337664841,-0.00024541489398927,0.00162179511420793,-0.00346895385980633,0.000100104337664841,-0.00346895385980633,0.051706362873003
0.00572023142218594,-0.000244329365168204,9.74702786217674e-05,-0.000244329365168204,0.00162216639346525,-0.00347122192915501,9.74702786217674e-05,-0.00347122192915501,0.0516425741954092
0.00571597901054261,-0.000243245954227951,9.55431776494895e-05,-0.000243245954227951,0.00162253145520446,-0.00347386957461047,9.55431776494895e-05,-0.00347386957461047,0.0516063808924696
0.00571173550430445,-0.000242162857577514,9.32264076926789e-05,-0.000242162857577514,0.00162289725878726,-0.00347499572840729,9.32264076926789e-05,-0.00347499572840729,0.0514482374946394
0.00570750064813268,-0.000241079430364784,9.13461020323091e-05,-0.000241079430364784,0.00162326720145325,-0.00347592603636093,9.13461020323091e-05,-0.00347592603636093,0.0513049277023045
0.00570327398634259,-0.000239994915504078,9.02016921813482e-05,-0.000239994915504078,0.00162364590548769,-0.00347728711025176,9.02016921813482e-05,-0.00347728711025176,0.0512089308125191
0.00569905552524195,-0.000238911491836598,8.89965872444328e-05,-0.000238911491836598,0.00162402446979327,-0.00347809590645379,8.89965872444328e-05,-0.00347809590645379,0.0510747176705904
0.00569484531161788,-0.000237827446765297,8.74569956732918e-05,-0.000237827446765297,0.00162440952604469,-0.00347805298187142,8.74569956732918e-05,-0.00347805298187142,0.0508977788178036
0.00569064314956542,-0.000236745657673822,8.64522673353087e-05,-0.000236745657673822,0.00162478999782589,-0.00347838983538974,8.64522673353087e-05,-0.00347838983538974,0.0507911164467298
0.00568644886524754,-0.000235665113564527,8.57736949571791e-05,-0.000235665113564527,0.00162517067611309,-0.00347881043948807,8.57736949571791e-05,-0.00347881043948807,0.0507085771538628
0.00568226225728399,-0.000234586096557032,8.55084057043657e-05,-0.000234586096557032,0.00162555114046346,-0.00347943967657537,8.55084057043657e-05,-0.00347943967657537,0.0506499609365732
0.00567808311113868,-0.000233508789940959,8.5689376877421e-05,-0.000233508789940959,0.00162593143654971,-0.0034803065889633,8.5689376877421e-05,-0.0034803065889633,0.050603973216731
0.00567391146355575,-0.000232431028844893,8.55048724147931e-05,-0.000232431028844893,0.00162632011025566,-0.00348046291271263,8.55048724147931e-05,-0.00348046291271263,0.0504905815717688
0.00566974696930057,-0.000231354761990701,8.60364582099924e-05,-0.000231354761990701,0.00162671032480448,-0.00348136548016803,8.60364582099924e-05,-0.00348136548016803,0.0504401548491794
0.00566558932057755,-0.000230278798560124,8.70173159499503e-05,-0.000230278798560124,0.00162710799007635,-0.00348280096695424,8.70173159499503e-05,-0.00348280096695424,0.0503997502825727
0.00566143882449325,-0.000229204375586073,8.72548253750697e-05,-0.000229204375586073,0.00162750688696011,-0.00348336258375091,8.72548253750697e-05,-0.00348336258375091,0.0502630900354367
0.00565729557095719,-0.000228131520609115,8.72629904700494e-05,-0.000228131520609115,0.00162790636962898,-0.00348363115664639,8.72629904700494e-05,-0.00348363115664639,0.050109790246949
0.00565315950123603,-0.000227061004562299,8.7442117745292e-05,-0.000227061004562299,0.00162830343913731,-0.00348407459007677,8.7442117745292e-05,-0.00348407459007677,0.0499807711397235
0.00564903042859369,-0.000225992257494853,8.79816053699486e-05,-0.000225992257494853,0.00162870104709693,-0.00348491292967086,8.79816053699486e-05,-0.00348491292967086,0.0498781481384951
0.00564490830438722,-0.000224923580704828,8.83810560227786e-05,-0.000224923580704828,0.00162910615524393,-0.00348560399500622,8.83810560227786e-05,-0.00348560399500622,0.0497482064288092
0.00564079305839796,-0.000223857238415364,8.89968908993522e-05,-0.000223857238415364,0.00162950973861522,-0.00348665178965728,8.89968908993522e-05,-0.00348665178965728,0.049633781631464
0.00563668471722747,-0.000222793157483935,8.95559072067566e-05,-0.000222793157483935,0.00162991196575181,-0.0034876441808692,8.95559072067566e-05,-0.0034876441808692,0.0494963170295344
0.00563258331490905,-0.000221729244788835,8.98080680295422e-05,-0.000221729244788835,0.00163032104231585,-0.00348827219929377,8.98080680295422e-05,-0.00348827219929377,0.0493186454691201
0.00562848900936376,-0.00022066641801253,8.96508915725602e-05,-0.00022066641801253,0.00163073250338847,-0.00348847943795724,8.96508915725602e-05,-0.00348847943795724,0.0491167370853611
0.00562440196206493,-0.000219604115818941,8.90036233477252e-05,-0.000219604115818941,0.00163114784767285,-0.00348821327601185,8.90036233477252e-05,-0.00348821327601185,0.0489035370487969
0.0056203218116008,-0.000218544622979818,8.92997883028008e-05,-0.000218544622979818,0.00163155903799328,-0.00348943401489158,8.92997883028008e-05,-0.00348943401489158,0.0488094206824724
0.0056162486958119,-0.000217487166430054,8.92483573261013e-05,-0.000217487166430054,0.00163196878473849,-0.00349036509479141,8.92483573261013e-05,-0.00349036509479141,0.0486766809210577
0.00561218254603247,-0.000216430042904082,8.91709733794819e-05,-0.000216430042904082,0.00163238405883395,-0.00349144898276109,8.91709733794819e-05,-0.00349144898276109,0.0485423574198479
0.00560812331808325,-0.000215375127791607,8.92772744202113e-05,-0.000215375127791607,0.0016327973664077,-0.00349302391241786,8.92772744202113e-05,-0.00349302391241786,0.0484257339443077
0.00560407129742339,-0.000214320772271807,8.85973710620897e-05,-0.000214320772271807,0.00163321426466292,-0.00349366162322229,8.85973710620897e-05,-0.00349366162322229,0.0482354740560985
0.00560002633236401,-0.000213268455071713,8.83450595418572e-05,-0.000213268455071713,0.00163362913722116,-0.00349512078098415,8.83450595418572e-05,-0.00349512078098415,0.0481018830817649
0.00559598819264095,-0.000212218214899107,8.86171636448655e-05,-0.000212218214899107,0.00163404268052376,-0.00349753697633406,8.86171636448655e-05,-0.00349753697633406,0.0480030507373993
0.00559195701712363,-0.00021116943227792,8.85325649073184e-05,-0.00021116943227792,0.00163445691252668,-0.0034995051163814,8.85325649073184e-05,-0.0034995051163814,0.0478367596872787
0.00558793314623231,-0.000210120669351399,8.75328655759319e-05,-0.000210120669351399,0.00163487624100325,-0.00350011967470182,8.75328655759319e-05,-0.00350011967470182,0.0475826420597426
0.00558391641136612,-0.000209075291547902,8.71788176005369e-05,-0.000209075291547902,0.00163528749543071,-0.00350173510019338,8.71788176005369e-05,-0.00350173510019338,0.0473985063168426
0.00557990672455557,-0.000208030766338376,8.6862134324255e-05,-0.000208030766338376,0.00163570128030403,-0.00350332572662191,8.6862134324255e-05,-0.00350332572662191,0.0471980105668316
0.00557590433844301,-0.000206986275747982,8.58310472853887e-05,-0.000206986275747982,0.00163611988735119,-0.00350374260954657,8.58310472853887e-05,-0.00350374260954657,0.0469321952473343
0.0055719090734149,-0.000205941138371123,8.50078602702054e-05,-0.000205941138371123,0.00163654646338661,-0.00350459574571619,8.50078602702054e-05,-0.00350459574571619,0.0467056627205426
0.00556792110565385,-0.000204898363411921,8.39446893703071e-05,-0.000204898363411921,0.00163696821491857,-0.00350523550025418,8.39446893703071e-05,-0.00350523550025418,0.0464813013239971
0.00556394026712525,-0.000203856275644303,8.3137227472088e-05,-0.000203856275644303,0.00163739239008247,-0.00350646396176468,8.3137227472088e-05,-0.00350646396176468,0.0462975263741695
0.00555996649345477,-0.000202815630018001,8.24801481319572e-05,-0.000202815630018001,0.00163781615631059,-0.00350816589291843,8.24801481319572e-05,-0.00350816589291843,0.0461343568364567
0.00555599985182769,-0.000201777077820657,8.17381930218857e-05,-0.000201777077820657,0.00163823662537861,-0.00350987222342007,8.17381930218857e-05,-0.00350987222342007,0.0459609117408482
0.00555204034554345,-0.000200738076599357,8.07772562619941e-05,-0.000200738076599357,0.00163866393682207,-0.00351133862642768,8.07772562619941e-05,-0.00351133862642768,0.0457660027696394
0.00554808776807104,-0.000199701431084916,8.04266636026266e-05,-0.000199701431084916,0.00163908741343912,-0.00351409548645194,8.04266636026266e-05,-0.00351409548645194,0.0456264207929877
0.00554414172332137,-0.000198663896295912,8.06728277705373e-05,-0.000198663896295912,0.00163952157242905,-0.00351820447226788,8.06728277705373e-05,-0.00351820447226788,0.0455044760855338
0.00554020243274638,-0.000197629314415523,8.0648598123022e-05,-0.000197629314415523,0.00163995018970009,-0.00352205284014526,8.0648598123022e-05,-0.00352205284014526,0.0453091526052705
0.00553627023305601,-0.000196596465271225,7.98942662991873e-05,-0.000196596465271225,0.00164037688399186,-0.00352444162064843,7.98942662991873e-05,-0.00352444162064843,0.0450132277698782
0.00553234527441853,-0.000195564815362853,7.88104528887735e-05,-0.000195564815362853,0.0016408030702729,-0.00352596453080814,7.88104528887735e-05,-0.00352596453080814,0.0446770557324996
0.00552842745082142,-0.000194533645269378,7.78860671618767e-05,-0.000194533645269378,0.00164123188935493,-0.003527547696934,7.78860671618767e-05,-0.003527547696934,0.0443463555010954
0.0055245169422257,-0.000193504512360851,7.66394642490304e-05,-0.000193504512360851,0.00164165640879723,-0.00352822344649327,7.66394642490304e-05,-0.00352822344649327,0.0439885307427322
0.00552061365611114,-0.000192475619527818,7.54765603385748e-05,-0.000192475619527818,0.00164208407662824,-0.00352875637518903,7.54765603385748e-05,-0.00352875637518903,0.0436398994329124
0.00551671773649303,-0.000191447864700349,7.39742080523792e-05,-0.000191447864700349,0.00164251071703139,-0.00352836835484776,7.39742080523792e-05,-0.00352836835484776,0.0432769690362402
0.0055128289488193,-0.000190422374355906,7.30694191766631e-05,-0.000190422374355906,0.00164293250466571,-0.00352885385815526,7.3069419176663e-05,-0.00352885385815526,0.0429684348226174
0.00550894727378402,-0.000189396618686523,7.20034391388319e-05,-0.000189396618686523,0.00164335977528319,-0.00352878356030232,7.20034391388319e-05,-0.00352878356030232,0.0426462529619754
0.00550507274880128,-0.000188371363017543,7.07732212887574e-05,-0.000188371363017543,0.00164378919010831,-0.00352825279671492,7.07732212887574e-05,-0.00352825279671492,0.042322981953254
0.00550120483036798,-0.00018734709071519,7.06979340709764e-05,-0.00018734709071519,0.00164422059667592,-0.00352998349242539,7.06979340709764e-05,-0.00352998349242539,0.0420892821683454
0.00549734371311392,-0.000186324818502012,7.01929943648697e-05,-0.000186324818502012,0.001644649428171,-0.00353082694418156,7.01929943648697e-05,-0.00353082694418156,0.0418035686839852
0.00549348921446934,-0.000185302942758322,6.99808192427935e-05,-0.000185302942758322,0.00164508260792052,-0.00353221070731052,6.99808192427935e-05,-0.00353221070731052,0.0415240800339092
0.00548964131494711,-0.000184281692447839,6.97225553482712e-05,-0.000184281692447839,0.00164551926933987,-0.00353351188701025,6.97225553482711e-05,-0.00353351188701025,0.0412225213582401
0.00548580032120166,-0.000183261992712668,6.87883391371467e-05,-0.000183261992712668,0.00164595454706691,-0.00353338044579974,6.87883391371467e-05,-0.00353338044579974,0.0408670550246197
0.00548196643112985,-0.000182243965832268,6.74279704489589e-05,-0.000182243965832268,0.00164638704984503,-0.00353223373425814,6.74279704489589e-05,-0.00353223373425814,0.0404928694998247
0.00547813991052173,-0.000181228578039174,6.55573941146522e-05,-0.000181228578039174,0.00164681183576297,-0.00352977496546054,6.55573941146522e-05,-0.00352977496546054,0.0401054285935315
0.00547432071833507,-0.000180215303152099,6.37956279099836e-05,-0.000180215303152099,0.00164723101250106,-0.00352725919909569,6.37956279099836e-05,-0.00352725919909569,0.0397495615769056
0.00547050891843794,-0.000179202503507274,6.17642849863681e-05,-0.000179202503507274,0.00164765094346991,-0.00352392507928614,6.17642849863681e-05,-0.00352392507928614,0.0393991297597057
0.00546670464865472,-0.000178191804640159,5.94460254487429e-05,-0.000178191804640159,0.00164806451746309,-0.00351974885294663,5.94460254487429e-05,-0.00351974885294663,0.0390602022534958
0.00546290759663384,-0.000177181911133632,5.77290504896293e-05,-0.000177181911133632,0.00164847790269392,-0.00351676296126874,5.77290504896293e-05,-0.00351676296126874,0.0387986011508024
0.00545911781826572,-0.000176175114675291,5.59402958202912e-05,-0.000176175114675291,0.00164888183767849,-0.00351350290816767,5.59402958202912e-05,-0.00351350290816767,0.0385537564256157
0.0054553351999028,-0.000175170854340216,5.44319728327928e-05,-0.000175170854340216,0.00164927892507409,-0.00351070446026797,5.44319728327927e-05,-0.00351070446026797,0.03835043598999
0.00545155954901466,-0.000174167000755456,5.32262755878983e-05,-0.000174167000755456,0.00164967842047138,-0.00350850187879175,5.32262755878983e-05,-0.00350850187879175,0.0381846316973895
0.00544779084710959,-0.000173164184936746,5.19689275261216e-05,-0.000173164184936746,0.00165007788401135,-0.00350619308722062,5.19689275261216e-05,-0.00350619308722062,0.0380253551106718
0.00544402901499393,-0.000172163266066077,5.08685198565919e-05,-0.000172163266066077,0.0016504740730759,-0.00350428005048022,5.08685198565918e-05,-0.00350428005048022,0.0378926731110742
0.00544027364593392,-0.000171164182999589,5.06489706261023e-05,-0.000171164182999589,0.0016508685982498,-0.00350448936426603,5.06489706261022e-05,-0.00350448936426603,0.037843799872899
0.00543652477415661,-0.000170164152469603,5.01334762947817e-05,-0.000170164152469603,0.00165127272368681,-0.00350423397074747,5.01334762947817e-05,-0.00350423397074747,0.0377582844016447
0.00543278231103707,-0.000169167230330949,4.9888335346734e-05,-0.000169167230330949,0.00165167031456608,-0.00350484768074338,4.98883353467339e-05,-0.00350484768074338,0.0376958891510764
0.00542904630327987,-0.000168171648834471,4.9496984497361e-05,-0.000168171648834471,0.00165206833427992,-0.00350527118431366,4.94969844973609e-05,-0.00350527118431366,0.0376097841618097
0.00542531667394901,-0.000167176506535146,4.91893846330447e-05,-0.000167176506535146,0.00165247055312512,-0.00350608662703669,4.91893846330446e-05,-0.00350608662703669,0.0375238505881736
0.00542159322491743,-0.000166181659891003,4.92193723223094e-05,-0.000166181659891003,0.00165287816846291,-0.00350802518251444,4.92193723223093e-05,-0.00350802518251444,0.0374585875673053
0.00541787621303415,-0.000165189254380411,4.87131563993987e-05,-0.000165189254380411,0.00165328176015701,-0.00350886998248901,4.87131563993986e-05,-0.00350886998248901,0.0373349225714259
0.00541416538667569,-0.000164197599049959,4.87215772031815e-05,-0.000164197599049959,0.00165368871476813,-0.00351121995676964,4.87215772031815e-05,-0.00351121995676964,0.0372462170357716
0.00541046069628454,-0.00016320749451711,4.88189648670967e-05,-0.00016320749451711,0.00165409607770924,-0.00351401107672413,4.88189648670966e-05,-0.00351401107672413,0.0371434673865896
0.0054067625197971,-0.000162221348641703,4.82219180140298e-05,-0.000162221348641703,0.00165449289698997,-0.00351495943336088,4.82219180140297e-05,-0.00351495943336088,0.0369627354983775
0.0054030707548904,-0.00016123517382887,4.77830670711053e-05,-0.00016123517382887,0.00165489523874624,-0.00351617288070677,4.77830670711052e-05,-0.00351617288070677,0.0367809142268884
0.00539938576620465,-0.000160250498577174,4.65048519603687e-05,-0.000160250498577174,0.00165529575879098,-0.00351501713708613,4.65048519603686e-05,-0.00351501713708613,0.0365295683426688
0.00539570761124252,-0.00015926827123916,4.5156704176141e-05,-0.00015926827123916,0.00165569014862429,-0.00351341032899941,4.5156704176141e-05,-0.00351341032899941,0.0362814029749389
0.00539203609858571,-0.000158286346012394,4.41492650159084e-05,-0.000158286346012394,0.00165608758628738,-0.0035124887127224,4.41492650159083e-05,-0.0035124887127224,0.0360659473055063
0.00538837123203423,-0.000157305462377307,4.30562906268651e-05,-0.000157305462377307,0.00165648516190459,-0.00351120256180346,4.30562906268651e-05,-0.00351120256180346,0.0358486938201501
0.0053847130388605,-0.000156323526354171,4.17338692718465e-05,-0.00015632352635417,0.00165689111927545,-0.00350930109940976,4.17338692718465e-05,-0.00350930109940976,0.0356242423846839
0.00538106173810632,-0.000155344238857004,3.99429297614751e-05,-0.000155344238857004,0.0016572898130084,-0.00350613030163334,3.99429297614751e-05,-0.00350613030163334,0.0353823655012367
0.00537741723425875,-0.000154366441564724,3.8344990635814e-05,-0.000154366441564724,0.0016576859972378,-0.00350347365574775,3.8344990635814e-05,-0.00350347365574775,0.0351782169820606
0.00537377958231755,-0.00015339109838983,3.66249096107041e-05,-0.00015339109838983,0.00165807567351629,-0.00350046199466406,3.6624909610704e-05,-0.00350046199466406,0.034982992169694
0.00537014879609983,-0.000152415950763355,3.47911893201642e-05,-0.000152415950763355,0.0016584677768006,-0.003497180650565,3.47911893201642e-05,-0.003497180650565,0.034798945722292
0.00536652481936033,-0.000151442726740107,3.30499243782088e-05,-0.000151442726740107,0.00165885551325467,-0.00349426676208301,3.30499243782087e-05,-0.00349426676208301,0.0346470603805522
0.00536290758085541,-0.000150470548753193,3.14134947848644e-05,-0.000150470548753193,0.00165924263136911,-0.00349183502085739,3.14134947848644e-05,-0.00349183502085739,0.0345271926827528
0.00535929691742614,-0.000149499286600189,3.00745497888212e-05,-0.000149499286600189,0.00165963018645976,-0.00349057736697635,3.00745497888211e-05,-0.00349057736697635,0.0344576067982773
0.00535569269882653,-0.000148529552331406,2.89827767049073e-05,-0.000148529552331406,0.001660016222975,-0.003490456196347,2.89827767049072e-05,-0.003490456196347,0.0344296490931371
0.00535209475602981,-0.000147561912482729,2.82631776988244e-05,-0.000147561912482729,0.00166039904391158,-0.00349190907188142,2.82631776988243e-05,-0.00349190907188142,0.0344498918358647
0.00534850299922875,-0.000146595617128713,2.7730794326563e-05,-0.000146595617128713,0.00166078200862462,-0.0034943846015242,2.7730794326563e-05,-0.0034943846015242,0.0344885586703961
0.00534491748729806,-0.000145629112660885,2.70060076956654e-05,-0.000145629112660885,0.00166117117077127,-0.00349671162205913,2.70060076956654e-05,-0.00349671162205913,0.0345021466559807
0.00534133822305615,-0.000144663919163566,2.62518247335871e-05,-0.000144663919163566,0.00166156031367933,-0.00349941010382427,2.6251824733587e-05,-0.00349941010382427,0.0345124100607015
0.00533776516755385,-0.000143701483571909,2.56345426819462e-05,-0.000143701483571909,0.00166194367608584,-0.00350290987657302,2.56345426819462e-05,-0.00350290987657302,0.0345322629004004
0.00533419830812408,-0.000142740676585675,2.50957092958407e-05,-0.000142740676585675,0.00166232578088471,-0.0035068692176601,2.50957092958406e-05,-0.0035068692176601,0.0345460360640027
0.00533063762683812,-0.000141780040854522,2.45883506568452e-05,-0.000141780040854522,0.00166271247708946,-0.00351107735549621,2.45883506568451e-05,-0.00351107735549621,0.0345452279402717
0.00532708308833357,-0.000140819964829876,2.4127307172085e-05,-0.000140819964829876,0.00166310226498312,-0.00351556858018297,2.4127307172085e-05,-0.00351556858018297,0.0345313913351879
0.00532353435108756,-0.000139860262035142,2.44022345036813e-05,-0.000139860262035142,0.00166349688315224,-0.00352275067760865,2.44022345036813e-05,-0.00352275067760865,0.034566626385469
0.00531999130258111,-0.000138898788704122,2.48275232643981e-05,-0.000138898788704122,0.0016639054910711,-0.00353069624339177,2.48275232643981e-05,-0.00353069624339177,0.0345766955033028
0.005316453908457,-0.000137937570499633,2.52597914847681e-05,-0.000137937570499633,0.00166432006990657,-0.00353892899734402,2.52597914847681e-05,-0.00353892899734402,0.0345475537957934
0.00531292242943867,-0.000136975606854443,2.50743155665059e-05,-0.000136975606854443,0.00166474373460679,-0.00354513986961373,2.50743155665059e-05,-0.00354513986961373,0.0344303628819965
0.00530939710024105,-0.000136013797425604,2.43433820128266e-05,-0.000136013797425604,0.00166517183271209,-0.00354948088573942,2.43433820128266e-05,-0.00354948088573942,0.0342521870536447
0.0053058780819953,-0.000135051928706749,2.32310151838493e-05,-0.000135051928706749,0.00166560443086564,-0.00355247335154174,2.32310151838492e-05,-0.00355247335154174,0.0340398714302651
0.005302365726256,-0.000134092325125495,2.13608556005338e-05,-0.000134092325125495,0.001666030944478,-0.00355255759651055,2.13608556005337e-05,-0.00355255759651055,0.0337750687149961
0.00529885994615987,-0.000133132640570658,1.96901556383015e-05,-0.000133132640570657,0.00166646062837799,-0.00355325811939888,1.96901556383014e-05,-0.00355325811939888,0.0335389583522858
0.00529536067879147,-0.000132174250364093,1.81132278011449e-05,-0.000132174250364093,0.00166688823360741,-0.00355423089727807,1.81132278011449e-05,-0.00355423089727807,0.0333206717169316
0.0052918679365977,-0.000131219179543534,1.65442850184866e-05,-0.000131219179543534,0.00166730561062524,-0.00355502065684464,1.65442850184866e-05,-0.00355502065684464,0.0331091877062048
0.0052883815019365,-0.000130262302750051,1.54648439017342e-05,-0.000130262302750051,0.00166773383650074,-0.00355759526480416,1.54648439017341e-05,-0.00355759526480416,0.0329404740230297
0.00528490122429911,-0.000129307637220623,1.4621486975455e-05,-0.000129307637220623,0.00166815750068535,-0.00356102817527282,1.46214869754549e-05,-0.00356102817527282,0.0327871102765119
0.00528142740819467,-0.000128353372362844,1.31275324953943e-05,-0.000128353372362844,0.00166858298494577,-0.00356176312895815,1.31275324953942e-05,-0.00356176312895815,0.0325749609460895
0.00527795980015803,-0.000127398888702081,1.21594158956222e-05,-0.000127398888702081,0.00166901314881959,-0.00356448716305593,1.21594158956221e-05,-0.00356448716305593,0.0324078154999495
0.00527449824852944,-0.000126446320220906,1.14701326509168e-05,-0.000126446320220906,0.00166944012223836,-0.00356824346097352,1.14701326509167e-05,-0.00356824346097352,0.0322566136348627
0.00527104275941753,-0.000125493493820294,1.07786964153692e-05,-0.000125493493820294,0.0016698726353458,-0.00357190373203399,1.07786964153691e-05,-0.00357190373203399,0.0320931090320379
0.00526759354623075,-0.000124541589384498,9.56479467524996e-06,-0.000124541589384498,0.00167030530659163,-0.00357331522117507,9.5647946752499e-06,-0.00357331522117507,0.0318811814049035
0.00526415060585774,-0.000123592049903208,8.37147936327018e-06,-0.000123592049903207,0.00167073205766647,-0.00357454167564176,8.37147936327012e-06,-0.00357454167564176,0.0316695073907202
0.00526071397498728,-0.000122645184561354,7.15380603841313e-06,-0.000122645184561354,0.00167115149069692,-0.00357525674408015,7.15380603841307e-06,-0.00357525674408015,0.03145240819513
0.00525728367646066,-0.000121699949836161,5.95395484688891e-06,-0.000121699949836161,0.00167156763689405,-0.00357555233158005,5.95395484688885e-06,-0.00357555233158005,0.0312323886624259
0.0052538597131877,-0.00012075487489188,4.75257876662449e-06,-0.00012075487489188,0.00167198632975396,-0.00357538810024968,4.75257876662443e-06,-0.00357538810024968,0.0310091990535445
0.00525044205793469,-0.000119811131991291,3.53684801530414e-06,-0.000119811131991291,0.00167240293250409,-0.00357472676585031,3.53684801530409e-06,-0.00357472676585031,0.0307838334752146
0.00524703082042207,-0.000118868247450683,2.0602711736344e-06,-0.000118868247450683,0.00167281898370912,-0.00357258930095217,2.06027117363434e-06,-0.00357258930095217,0.030540727061205
0.00524362612457938,-0.000117926481571709,2.62153836646273e-07,-0.000117926481571709,0.00167323293361263,-0.00356875087089185,2.62153836646215e-07,-0.00356875087089185,0.0302806703884471
0.00524022799877944,-0.000116986520568029,-1.64471102608747e-06,-0.000116986520568029,0.00167364177961767,-0.00356407329082931,-1.64471102608753e-06,-0.00356407329082931,0.0300228106780041
0.00523683631280358,-0.000116048302000279,-3.287863245603e-06,-0.000116048302000279,0.00167404606349466,-0.00356009698340018,-3.28786324560306e-06,-0.00356009698340018,0.0297956823782278
0.00523345095294627,-0.000115112974342187,-4.72582497893559e-06,-0.000115112974342187,0.00167444165663142,-0.00355657931104566,-4.72582497893564e-06,-0.00355657931104566,0.0295921405493416
0.00523007190273707,-0.000114179715800398,-6.09253081419985e-06,-0.000114179715800398,0.00167483196692188,-0.0035529871181191,-6.09253081419991e-06,-0.0035529871181191,0.0293994152249097
0.00522669892164422,-0.000113247546875419,-6.93164190828968e-06,-0.000113247546875419,0.00167522157604467,-0.00355123207124858,-6.93164190828974e-06,-0.00355123207124858,0.0292536263463697
0.00522333193329355,-0.000112317193962896,-7.68442583347578e-06,-0.000112317193962896,0.0016756080880001,-0.00354957182123513,-7.68442583347584e-06,-0.00354957182123513,0.0291146088164238
0.00521997080055142,-0.000111388723458628,-8.15175011648958e-06,-0.000111388723458628,0.00167599162595934,-0.0035488072654673,-8.15175011648964e-06,-0.0035488072654673,0.0289975298672651
0.00521661544021214,-0.000110459681539165,-8.42437195740101e-06,-0.000110459681539165,0.00167638232543967,-0.0035486920123528,-8.42437195740107e-06,-0.0035486920123528,0.0288934166479266
0.00521326569407604,-0.00010953184271266,-8.51576131748879e-06,-0.00010953184271266,0.00167677365326956,-0.00354922639059227,-8.51576131748885e-06,-0.00354922639059227,0.0288008175303806
0.00520992157114226,-0.000108603691850523,-8.65447105456602e-06,-0.000108603691850523,0.00167717169296163,-0.00354957978208852,-8.65447105456608e-06,-0.00354957978208852,0.0287011267524921
0.00520658284532167,-0.000107675918768425,-8.41770124811839e-06,-0.000107675918768425,0.00167757427376433,-0.00355154472099714,-8.41770124811845e-06,-0.00355154472099714,0.0286300469446851
0.00520324941747503,-0.000106749062997267,-8.05220449087008e-06,-0.000106749062997267,0.00167797971240918,-0.00355418196971808,-8.05220449087013e-06,-0.00355418196971808,0.0285642177054273
0.00519992142144525,-0.000105823020011935,-8.02126726749403e-06,-0.000105823020011935,0.00167838809658456,-0.00355558653675386,-8.02126726749408e-06,-0.00355558653675386,0.0284667549373528
0.00519659904802003,-0.000104897851284903,-8.4425444355866e-06,-0.000104897851284903,0.00167879843256338,-0.00355522093688283,-8.44254443558665e-06,-0.00355522093688283,0.0283339701172562
0.00519328225872467,-0.000103971487989314,-8.79220637260745e-06,-0.000103971487989313,0.00167921877069108,-0.00355536956486621,-8.7922063726075e-06,-0.00355536956486621,0.0282124798978979
0.00518997097052523,-0.000103046354164033,-9.11559257987242e-06,-0.000103046354164033,0.00167963978534909,-0.00355590492329757,-9.11559257987248e-06,-0.00355590492329757,0.0280994470413019
0.005186664968561,-0.000102123629475028,-9.01734353657824e-06,-0.000102123629475028,0.0016800573181599,-0.00355853385421373,-9.0173435365783e-06,-0.00355853385421373,0.0280244789941326
0.00518336453496396,-0.000101201959382307,-9.51564110144943e-06,-0.000101201959382307,0.00168047620878986,-0.00355878673643398,-9.51564110144949e-06,-0.00355878673643398,0.0279019474780677
0.00518006970641769,-0.000100280808076357,-1.01000813312974e-05,-0.000100280808076357,0.00168089807715058,-0.00355888765627437,-1.01000813312975e-05,-0.00355888765627437,0.027778605359962
0.00517678028149771,-9.93604811095225e-05,-1.03014086353321e-05,-9.93604811095225e-05,0.00168132216128334,-0.00356103099685009,-1.03014086353322e-05,-0.00356103099685009,0.0276931150504553
0.00517349613273122,-9.84414848125527e-05,-1.02815113554085e-05,-9.84414848125527e-05,0.00168174699490056,-0.00356455747673697,-1.02815113554086e-05,-0.00356455747673697,0.0276281700331125
0.00517021731877762,-9.75248906297341e-05,-1.04215817247769e-05,-9.7524890629734e-05,0.00168216824399139,-0.00356761038013563,-1.04215817247769e-05,-0.00356761038013563,0.0275484722002978
0.0051669437908062,-9.66102873013857e-05,-1.04178264788924e-05,-9.66102873013856e-05,0.00168258742769454,-0.00357152902167658,-1.04178264788925e-05,-0.00357152902167658,0.0274782361399419
0.00516367549405612,-9.56960915500524e-05,-1.02583223841907e-05,-9.56960915500524e-05,0.00168301097652606,-0.0035763830688307,-1.02583223841908e-05,-0.0035763830688307,0.0274156091530739
0.00516041236189402,-9.47833411721467e-05,-1.00023070847277e-05,-9.47833411721466e-05,0.00168343497481302,-0.00358184679241864,-1.00023070847277e-05,-0.00358184679241864,0.027353030772164
0.00515715472519641,-9.38704482513652e-05,-1.04355837635867e-05,-9.38704482513651e-05,0.00168386491257594,-0.00358400868445267,-1.04355837635868e-05,-0.00358400868445267,0.0272285205414239
0.0051539024804552,-9.29578668124042e-05,-1.06855923691038e-05,-9.29578668124041e-05,0.00168429870838202,-0.00358716159620082,-1.06855923691039e-05,-0.00358716159620082,0.0271181741215915
0.0051506556843764,-9.20461539114209e-05,-1.11133359696671e-05,-9.20461539114209e-05,0.00168473411807919,-0.00358950183041123,-1.11133359696671e-05,-0.00358950183041123,0.0269925099659273
0.00514741416711353,-9.11335855305939e-05,-1.11670261359579e-05,-9.11335855305939e-05,0.00168517822268093,-0.00359391767726986,-1.11670261359579e-05,-0.00359391767726986,0.0268961067597733
0.00514417791347971,-9.02222167240253e-05,-1.13006875434835e-05,-9.02222167240253e-05,0.00168562317803898,-0.00359810849259653,-1.13006875434836e-05,-0.00359810849259653,0.026790333600761
0.00514094688431817,-8.93104195084199e-05,-1.13292688323625e-05,-8.93104195084199e-05,0.00168607540662065,-0.00360306646231517,-1.13292688323625e-05,-0.00360306646231517,0.026689848234452
0.00513772097601772,-8.83987199102183e-05,-1.11959630161102e-05,-8.83987199102183e-05,0.00168653311898339,-0.00360914296116432,-1.11959630161102e-05,-0.00360914296116432,0.0265977170823622
0.00513450012885364,-8.74853608049003e-05,-1.09458790727809e-05,-8.74853608049003e-05,0.00168700351992451,-0.00361622676084311,-1.0945879072781e-05,-0.00361622676084311,0.0265089989412066
0.00513128475561348,-8.6573709764394e-05,-1.17036975846681e-05,-8.6573709764394e-05,0.00168747239835525,-0.00361806006709573,-1.17036975846682e-05,-0.00361806006709573,0.0263410488535621
0.00512807482283086,-8.56640779548899e-05,-1.23593085991342e-05,-8.56640779548899e-05,0.00168793766623106,-0.00362052041366166,-1.23593085991343e-05,-0.00362052041366166,0.0261830303902111
0.00512487043490505,-8.47543262758546e-05,-1.3202866446366e-05,-8.47543262758546e-05,0.00168840758995791,-0.00362202028401309,-1.32028664463661e-05,-0.00362202028401309,0.0260127479763845
0.00512167152776749,-8.38454519326803e-05,-1.39664081050436e-05,-8.38454519326803e-05,0.00168887819795455,-0.00362407353997191,-1.39664081050436e-05,-0.00362407353997191,0.025851275504303
0.00511847821339525,-8.29376269014352e-05,-1.49982851161082e-05,-8.29376269014351e-05,0.00168934860648604,-0.00362464501460304,-1.49982851161083e-05,-0.00362464501460304,0.0256720998378359
0.00511529051145318,-8.20316827409645e-05,-1.61004938387726e-05,-8.20316827409645e-05,0.0016898152015782,-0.00362479981969957,-1.61004938387727e-05,-0.00362479981969957,0.0254911824430341
0.00511210861053304,-8.1127155914523e-05,-1.75999784743194e-05,-8.1127155914523e-05,0.00169027931785508,-0.00362252386061747,-1.75999784743194e-05,-0.00362252386061747,0.025284332140722
0.00510893245279981,-8.02240582707953e-05,-1.89853071428924e-05,-8.02240582707953e-05,0.00169074064167952,-0.00362086738395603,-1.89853071428925e-05,-0.00362086738395603,0.0250922568727942
0.00510576207993995,-7.93237746922694e-05,-2.05192075830819e-05,-7.93237746922694e-05,0.00169119370238579,-0.00361815613827141,-2.05192075830819e-05,-0.00361815613827141,0.0248931910923552
0.00510259746757802,-7.8424891252044e-05,-2.19543442520277e-05,-7.8424891252044e-05,0.0016916439339328,-0.00361593695566009,-2.19543442520278e-05,-0.00361593695566009,0.0247069089583654
0.00509943862555758,-7.75268868313554e-05,-2.34252083079391e-05,-7.75268868313554e-05,0.00169209348757207,-0.00361342161294574,-2.34252083079392e-05,-0.00361342161294574,0.0245223832044629
0.00509628561560026,-7.66309715275612e-05,-2.50974450164089e-05,-7.66309715275612e-05,0.00169253746118287,-0.00360950250384822,-2.5097445016409e-05,-0.00360950250384822,0.0243261152636331
0.00509313827028135,-7.57362818535412e-05,-2.63977860963818e-05,-7.57362818535412e-05,0.00169297933530862,-0.00360794595734983,-2.63977860963819e-05,-0.00360794595734983,0.0241664658698107
0.00508999652728528,-7.48428407934823e-05,-2.76094382020609e-05,-7.48428407934823e-05,0.00169341954137115,-0.00360699221554576,-2.7609438202061e-05,-0.00360699221554576,0.0240177166736513
0.00508686042860923,-7.39512055409826e-05,-2.89552911214154e-05,-7.39512055409826e-05,0.00169385590384914,-0.0036051327402915,-2.89552911214154e-05,-0.0036051327402915,0.0238599359089903
0.00508373006631537,-7.30612141798435e-05,-3.04983885281577e-05,-7.30612141798435e-05,0.00169428873882166,-0.00360188527992242,-3.04983885281577e-05,-0.00360188527992242,0.0236882380904978
0.00508060536070549,-7.21752670896552e-05,-3.19762511924865e-05,-7.21752670896551e-05,0.00169470846973764,-0.00359889376219794,-3.19762511924866e-05,-0.00359889376219794,0.023525090297733
0.00507748623212641,-7.1289737958104e-05,-3.3121159810866e-05,-7.1289737958104e-05,0.0016951294620614,-0.00359816223258666,-3.31211598108661e-05,-0.00359816223258666,0.0233942708192444
0.00507437256896615,-7.04053465746783e-05,-3.41172046665188e-05,-7.04053465746783e-05,0.00169554949020138,-0.00359847981023155,-3.41172046665189e-05,-0.00359847981023155,0.0232774087849266
0.00507126434264081,-6.95210440210392e-05,-3.50392259523626e-05,-6.95210440210392e-05,0.00169597289588488,-0.00359940650000422,-3.50392259523626e-05,-0.00359940650000422,0.0231671618145229
0.00506816142874554,-6.86377149462969e-05,-3.57837053481726e-05,-6.86377149462969e-05,0.00169639649532668,-0.00360172420308411,-3.57837053481727e-05,-0.00360172420308411,0.0230723131039121
0.00506506388237889,-6.77567773112724e-05,-3.67249122365434e-05,-6.77567773112723e-05,0.00169681481938342,-0.00360259965408497,-3.67249122365435e-05,-0.00360259965408497,0.0229566166393971
0.0050619717583644,-6.68771522863986e-05,-3.77145678950637e-05,-6.68771522863986e-05,0.00169723167741405,-0.00360305518521153,-3.77145678950638e-05,-0.00360305518521153,0.0228344983423903
0.00505888506314006,-6.59981056331473e-05,-3.86975609900513e-05,-6.59981056331472e-05,0.00169764984984102,-0.00360351514787094,-3.86975609900514e-05,-0.00360351514787094,0.0227114472390272
0.00505580389366899,-6.51211809673009e-05,-3.997999237951e-05,-6.51211809673009e-05,0.00169806316645413,-0.00360156293074625,-3.997999237951e-05,-0.00360156293074625,0.0225598547980742
0.00505272839170227,-6.42462105374833e-05,-4.15378705703569e-05,-6.42462105374833e-05,0.00169847165977284,-0.00359727062775959,-4.1537870570357e-05,-0.00359727062775959,0.0223837693594131
0.00504965869236377,-6.33718928418898e-05,-4.33157503004166e-05,-6.33718928418898e-05,0.00169887990005289,-0.00359107282884323,-4.33157503004167e-05,-0.00359107282884323,0.0221903506491054
0.00504659481569687,-6.25012588829212e-05,-4.53257491318156e-05,-6.25012588829211e-05,0.00169927579570373,-0.00358270798602037,-4.53257491318157e-05,-0.00358270798602037,0.0219784734851555
0.00504353669827293,-6.16346655125414e-05,-4.72132081317826e-05,-6.16346655125414e-05,0.00169965765239813,-0.00357488029789637,-4.72132081317826e-05,-0.00357488029789637,0.0217804494470377
0.00504048442847809,-6.07708668076141e-05,-4.92039785662845e-05,-6.07708668076141e-05,0.00170003037696498,-0.00356583148258908,-4.92039785662845e-05,-0.00356583148258908,0.0215747422710522
0.00503743797025851,-5.99095193613883e-05,-5.11143166750956e-05,-5.99095193613883e-05,0.00170039522544571,-0.00355705537849656,-5.11143166750957e-05,-0.00355705537849656,0.0213792957590263
0.00503439729617952,-5.90506726277847e-05,-5.29992769407438e-05,-5.90506726277847e-05,0.00170075221456144,-0.00354814613893886,-5.29992769407438e-05,-0.00354814613893886,0.0211887244962066
0.00503136231795016,-5.81948227527794e-05,-5.47609275256441e-05,-5.81948227527794e-05,0.00170109958650539,-0.00353991500593541,-5.47609275256442e-05,-0.00353991500593541,0.0210126561097911
0.00502833306310161,-5.73418237266501e-05,-5.65850665216302e-05,-5.73418237266501e-05,0.00170143810759246,-0.00353085655020791,-5.65850665216303e-05,-0.00353085655020791,0.0208319296129467
0.00502530950467339,-5.6491293738449e-05,-5.83452340818215e-05,-5.6491293738449e-05,0.0017017692187394,-0.00352204791270324,-5.83452340818216e-05,-0.00352204791270324,0.0206599764428226
0.00502229149255611,-5.56426731113158e-05,-5.97988462956917e-05,-5.56426731113158e-05,0.00170209536481727,-0.0035156367202887,-5.97988462956918e-05,-0.0035156367202887,0.020523100506709
0.0050192790257078,-5.47968872047734e-05,-6.13539120260812e-05,-5.47968872047734e-05,0.00170241356122436,-0.00350819235298603,-6.13539120260812e-05,-0.00350819235298603,0.0203765463314656
0.00501627208737885,-5.39519249242024e-05,-6.27495659573605e-05,-5.39519249242024e-05,0.00170273144038842,-0.00350206938293047,-6.27495659573606e-05,-0.00350206938293047,0.0202502486363429
0.00501327061711626,-5.31096993989431e-05,-6.42111283063247e-05,-5.31096993989431e-05,0.00170304207108492,-0.00349530053961982,-6.42111283063247e-05,-0.00349530053961982,0.0201185541066986
0.00501027459124464,-5.22693513489124e-05,-6.55789569597321e-05,-5.22693513489124e-05,0.00170334868006196,-0.00348934042858507,-6.55789569597321e-05,-0.00348934042858507,0.0200000994305879
0.00500728396958001,-5.1431061091297e-05,-6.69128525046842e-05,-5.1431061091297e-05,0.00170365083465395,-0.00348370677257279,-6.69128525046842e-05,-0.00348370677257279,0.0198880811290881
0.00500429872851875,-5.05953706090687e-05,-6.82649747224919e-05,-5.05953706090687e-05,0.00170394657445299,-0.00347791767780291,-6.82649747224919e-05,-0.00347791767780291,0.0197761423976211
0.00500131880770626,-4.97617428319357e-05,-6.94775842513241e-05,-4.97617428319357e-05,0.00170423796025883,-0.00347348457961342,-6.94775842513242e-05,-0.00347348457961342,0.0196834162047399
0.00499834412720346,-4.89309712614886e-05,-7.06236261672144e-05,-4.89309712614885e-05,0.00170452227119129,-0.00346974033541411,-7.06236261672145e-05,-0.00346974033541411,0.0196003915410818
0.00499537470581555,-4.81021973256876e-05,-7.17523219916737e-05,-4.81021973256876e-05,0.00170480288974443,-0.00346625326487704,-7.17523219916738e-05,-0.00346625326487704,0.0195208666160727
0.00499241044547902,-4.72766034513537e-05,-7.28040753852492e-05,-4.72766034513537e-05,0.00170507534596316,-0.00346354571003085,-7.28040753852492e-05,-0.00346354571003085,0.0194513654309265
0.00498945142477934,-4.6453512939144e-05,-7.3952533399623e-05,-4.64535129391439e-05,0.00170534229381686,-0.00345987754413872,-7.39525333996231e-05,-0.00345987754413872,0.0193693271355375
0.004986497701533,-4.56321196120642e-05,-7.51500025788461e-05,-4.56321196120642e-05,0.00170560657890154,-0.00345570511515052,-7.51500025788461e-05,-0.00345570511515052,0.0192812510625664
0.00498354921974749,-4.48131545112418e-05,-7.63202112467428e-05,-4.48131545112418e-05,0.00170586534615869,-0.00345175565651417,-7.63202112467428e-05,-0.00345175565651417,0.0191966811571466
0.00498060606898619,-4.3996269952126e-05,-7.76396873548245e-05,-4.3996269952126e-05,0.00170611997072484,-0.00344620044074008,-7.76396873548246e-05,-0.00344620044074008,0.0190928769896927
0.00497766815156,-4.31842568121397e-05,-7.9013444244709e-05,-4.31842568121397e-05,0.00170635951930839,-0.00343978798399801,-7.90134442447091e-05,-0.00343978798399801,0.0189806491301688
0.00497473556659436,-4.23760790075463e-05,-8.04498876120368e-05,-4.23760790075462e-05,0.00170658765383966,-0.00343235752314261,-8.04498876120369e-05,-0.00343235752314261,0.0188583793223115
0.00497180824959247,-4.15705794078423e-05,-8.16516153557027e-05,-4.15705794078423e-05,0.0017068085329343,-0.00342707869389689,-8.16516153557028e-05,-0.00342707869389689,0.0187653695911109
0.00496888631252887,-4.0766330148959e-05,-8.29507904550452e-05,-4.0766330148959e-05,0.00170702812375656,-0.00342054934410836,-8.29507904550453e-05,-0.00342054934410836,0.0186580796483164
0.00496596973783895,-3.99648352938487e-05,-8.4379567603955e-05,-3.99648352938487e-05,0.00170724061060061,-0.00341233691351551,-8.43795676039551e-05,-0.00341233691351551,0.0185322697757401
0.00496305852214803,-3.9165991800089e-05,-8.57977176210923e-05,-3.91659918000889e-05,0.00170744610197227,-0.0034039155798116,-8.57977176210923e-05,-0.0034039155798116,0.018406927633556
0.00496015258422516,-3.83687055815552e-05,-8.69881212885431e-05,-3.83687055815551e-05,0.00170764877435021,-0.00339773865278363,-8.69881212885432e-05,-0.00339773865278363,0.0183121971134064
0.00495725190432348,-3.75726444969667e-05,-8.81559074579691e-05,-3.75726444969667e-05,0.00170785053241107,-0.00339171403127963,-8.81559074579691e-05,-0.00339171403127963,0.0182207541626011
0.00495435637090713,-3.67788247017814e-05,-8.92507031461988e-05,-3.67788247017813e-05,0.0017080476850659,-0.00338639849213875,-8.92507031461989e-05,-0.00338639849213875,0.0181395078262525
0.00495146604512499,-3.59865120133482e-05,-9.04083551883574e-05,-3.59865120133482e-05,0.00170824323606859,-0.00338035499511682,-9.04083551883575e-05,-0.00338035499511682,0.0180500866279227
0.00494858071491835,-3.51975707715129e-05,-9.13837945643307e-05,-3.51975707715128e-05,0.00170843002278124,-0.00337625255957053,-9.13837945643307e-05,-0.00337625255957053,0.0179862317964966
0.00494570044533098,-3.4409720246208e-05,-9.22715286001574e-05,-3.44097202462079e-05,0.0017086170217263,-0.00337319616562297,-9.22715286001575e-05,-0.00337319616562297,0.0179352443168702
0.00494282524336725,-3.36220837471943e-05,-9.3126403647325e-05,-3.36220837471943e-05,0.00170880783873206,-0.0033706948251323,-9.3126403647325e-05,-0.0033706948251323,0.0178902299924768
0.00493995495235945,-3.2836193711211e-05,-9.38901210479369e-05,-3.28361937112109e-05,0.00170899688080693,-0.00336943313333867,-9.38901210479369e-05,-0.00336943313333867,0.0178594623794509
0.00493708951319584,-3.20515241884962e-05,-9.45249841312163e-05,-3.20515241884962e-05,0.00170918632149225,-0.00336994709310846,-9.45249841312164e-05,-0.00336994709310846,0.0178485235863903
0.00493422883530745,-3.12681426849025e-05,-9.50366030636898e-05,-3.12681426849025e-05,0.00170937620482753,-0.00337224423463767,-9.50366030636899e-05,-0.00337224423463767,0.0178561057724699
0.00493137300647071,-3.04853568237894e-05,-9.56575834072371e-05,-3.04853568237893e-05,0.00170956947594032,-0.00337355296658216,-9.56575834072371e-05,-0.00337355296658216,0.0178473039629472
0.00492852202731444,-2.97049648625247e-05,-9.64638582048018e-05,-2.97049648625247e-05,0.0017097591523527,-0.0033727335583809,-9.64638582048018e-05,-0.0033727335583809,0.0178100900308696
0.00492567601420853,-2.89248920490486e-05,-9.72720594098973e-05,-2.89248920490486e-05,0.00170995246059307,-0.0033720617753167,-9.72720594098973e-05,-0.0033720617753167,0.017772888415398
0.00492283492075471,-2.81450031511537e-05,-9.80214163131856e-05,-2.81450031511537e-05,0.00171014996264164,-0.00337237864676905,-9.80214163131857e-05,-0.00337237864676905,0.0177454504320636
0.00491999876892061,-2.73650894195717e-05,-9.88228786151639e-05,-2.73650894195717e-05,0.00171035271373539,-0.00337235685557333,-9.88228786151639e-05,-0.00337235685557333,0.0177117315093808
0.00491716751911223,-2.65861663328652e-05,-9.96813783114551e-05,-2.65861663328652e-05,0.0017105568741374,-0.00337189022646349,-9.96813783114552e-05,-0.00337189022646349,0.0176710560972227
0.00491434117657273,-2.58093506387613e-05,-0.000100670505593518,-2.58093506387612e-05,0.00171075817834202,-0.00336987462781162,-0.000100670505593518,-0.00336987462781162,0.017611523595925
0.00491151983987252,-2.50346788388538e-05,-0.000101831576866318,-2.50346788388538e-05,0.0017109561720162,-0.00336559979220074,-0.000101831576866318,-0.00336559979220074,0.0175264270536025
0.00490870343045441,-2.4262800770451e-05,-0.000102930033948939,-2.4262800770451e-05,0.0017111478706296,-0.00336214116809085,-0.000102930033948939,-0.00336214116809085,0.0174516444538568
0.00490589207265309,-2.3491790567265e-05,-0.000104060240353588,-2.3491790567265e-05,0.00171134065971415,-0.0033583142912756,-0.000104060240353588,-0.0033583142912756,0.0173732078927541
0.00490308566581345,-2.27233332396089e-05,-0.000105207544805799,-2.27233332396089e-05,0.00171152823464748,-0.00335423170622433,-0.000105207544805799,-0.00335423170622433,0.0172927681673185
0.00490028423089162,-2.19559939313775e-05,-0.0001062636180608,-2.19559939313774e-05,0.00171171582675727,-0.0033515631098792,-0.0001062636180608,-0.0033515631098792,0.0172287824433958
0.00489748777103103,-2.11901916464902e-05,-0.000107388317133926,-2.11901916464902e-05,0.00171190228213118,-0.00334799946875589,-0.000107388317133926,-0.00334799946875589,0.0171548943425072
0.00489469625678909,-2.04264309015115e-05,-0.000108528201503101,-2.04264309015115e-05,0.00171208554445064,-0.0033442742830252,-0.000108528201503101,-0.0033442742830252,0.0170797835068873
0.00489190978181623,-1.96642469314288e-05,-0.000109781849481003,-1.96642469314288e-05,0.00171226741362448,-0.00333886280959608,-0.000109781849481003,-0.00333886280959608,0.0169867914179109
0.00488912826996729,-1.89047858283811e-05,-0.000111037212424024,-1.8904785828381e-05,0.0017124432942162,-0.003333379327707,-0.000111037212424024,-0.003333379327707,0.0168945664968849
0.00488635167059155,-1.81482887101752e-05,-0.000112249061975506,-1.81482887101752e-05,0.00171261222905186,-0.00332852380513906,-0.000112249061975506,-0.00332852380513906,0.0168107344378161
0.00488358013305334,-1.73936986037927e-05,-0.00011359399133263,-1.73936986037927e-05,0.00171277842669802,-0.00332143652237724,-0.00011359399133263,-0.00332143652237724,0.0167036685840352
0.00488081363869613,-1.66427203000782e-05,-0.000115076658874216,-1.66427203000782e-05,0.00171293528139235,-0.00331175685342333,-0.000115076658874217,-0.00331175685342333,0.0165707339103292
0.00487805216508276,-1.5894988605319e-05,-0.000116488918128006,-1.5894988605319e-05,0.00171308352985264,-0.0033029626954331,-0.000116488918128006,-0.0033029626954331,0.0164505819278878
0.00487529569554482,-1.51505235341401e-05,-0.000117887274546844,-1.51505235341401e-05,0.00171322337356008,-0.00329411535308945,-0.000117887274546844,-0.00329411535308945,0.0163325323743017
0.00487254420851144,-1.44098651188362e-05,-0.000119310505175286,-1.44098651188362e-05,0.00171335291222703,-0.0032844510792501,-0.000119310505175286,-0.0032844510792501,0.0162081856273073
0.00486979769869431,-1.36734991181644e-05,-0.000120770579228147,-1.36734991181644e-05,0.0017134702772264,-0.00327361999695996,-0.000120770579228147,-0.00327361999695996,0.0160739295740949
0.00486705614379898,-1.29408695456389e-05,-0.000122141338394065,-1.29408695456389e-05,0.00171357717977261,-0.00326398464930676,-0.000122141338394065,-0.00326398464930676,0.0159559977139037
0.0048643195346587,-1.22120146627904e-05,-0.000123505646740019,-1.22120146627904e-05,0.00171367385013496,-0.00325400543373421,-0.000123505646740019,-0.00325400543373421,0.0158368417023342
0.00486158787070735,-1.14870230519863e-05,-0.000124874452613386,-1.14870230519862e-05,0.00171375997903778,-0.00324342087118438,-0.000124874452613386,-0.00324342087118438,0.0157135752739669
0.0048588610353192,-1.07663533483674e-05,-0.000126126591302723,-1.07663533483674e-05,0.00171383360699363,-0.0032345923154724,-0.000126126591302723,-0.0032345923154724,0.0156127222480282
0.0048561390875289,-1.00479762668824e-05,-0.00012725902041634,-1.00479762668824e-05,0.00171390245611721,-0.00322786001460324,-0.00012725902041634,-0.00322786001460324,0.0155372780766829
0.00485342197703306,-9.33246902422373e-06,-0.000128393909447293,-9.3324690242237e-06,0.00171396503284981,-0.00322078388644739,-0.000128393909447293,-0.00322078388644739,0.0154589237413856
0.0048507096558872,-8.62036114909158e-06,-0.000129517300696017,-8.62036114909155e-06,0.00171401933760669,-0.00321356914090181,-0.000129517300696018,-0.00321356914090181,0.0153801469478081
0.00484800207367225,-7.91132123871057e-06,-0.000130538940939418,-7.91132123871054e-06,0.00171406636860284,-0.00320813791795404,-0.000130538940939418,-0.00320813791795404,0.0153226052631712
0.00484529922169504,-7.20568085950322e-06,-0.0001315789869834,-7.20568085950319e-06,0.00171410541473573,-0.00320191361885442,-0.0001315789869834,-0.00320191361885442,0.0152564746192344
0.00484260114712218,-6.50179588905428e-06,-0.000132508592377815,-6.50179588905426e-06,0.00171414207932473,-0.00319777139692078,-0.000132508592377815,-0.00319777139692078,0.0152143172263879
0.00483990776130851,-5.80070935299851e-06,-0.000133438327160114,-5.80070935299849e-06,0.00171417313547891,-0.00319329609467531,-0.000133438327160114,-0.00319329609467531,0.0151680845681565
0.0048372191140653,-5.10171163004935e-06,-0.000134352205993519,-5.10171163004932e-06,0.00171420107091136,-0.00318883498693466,-0.000134352205993519,-0.00318883498693466,0.01512178875662
0.00483453504227011,-4.4057197940477e-06,-0.0001351510711787,-4.40571979404768e-06,0.00171422231849066,-0.00318647773216346,-0.0001351510711787,-0.00318647773216346,0.0150989068192087
0.00483185576068428,-3.71088478492657e-06,-0.000136021395849362,-3.71088478492654e-06,0.00171424430580011,-0.00318226080165896,-0.000136021395849362,-0.00318226080165896,0.0150540139366278
0.00482918134498777,-3.01620723798806e-06,-0.000136898503870517,-3.01620723798803e-06,0.00171427035607336,-0.0031776812381605,-0.000136898503870517,-0.0031776812381605,0.0150046633690827
0.00482651165638244,-2.32254709296398e-06,-0.000137719517741852,-2.32254709296395e-06,0.00171429729695352,-0.00317414903348446,-0.000137719517741852,-0.00317414903348446,0.0149667087119911
0.00482384660900244,-1.63154399711459e-06,-0.000138611757943525,-1.63154399711457e-06,0.00171431965931304,-0.00316872769081862,-0.000138611757943525,-0.00316872769081862,0.0149075503009406
0.00482118639178537,-9.40233961141715e-07,-0.000139439398434365,-9.40233961141689e-07,0.00171434768724954,-0.00316466819687064,-0.000139439398434365,-0.00316466819687064,0.0148634264470087
0.00481853092523148,-2.49596018140672e-07,-0.000140304074592875,-2.49596018140646e-07,0.001714378440825,-0.00315976705829071,-0.000140304074592875,-0.00315976705829071,0.0148097485426406
0.00481588004518133,4.39990544620559e-07,-0.000141031462227326,4.39990544620585e-07,0.00171441012299626,-0.00315807756397896,-0.000141031462227326,-0.00315807756397896,0.014791206036736
0.00481323382664232,1.12906682814006e-06,-0.000141820176888997,1.12906682814009e-06,0.00171444569280827,-0.00315522309226545,-0.000141820176888997,-0.00315522309226545,0.0147585377370688
0.00481059220026566,1.81741175960083e-06,-0.000142569101939741,1.81741175960086e-06,0.00171448400246719,-0.00315360469323522,-0.000142569101939741,-0.00315360469323522,0.014738447414903
0.00480795514005703,2.50522222059015e-06,-0.000143293960571303,2.50522222059017e-06,0.00171452602232462,-0.00315301211545805,-0.000143293960571303,-0.00315301211545805,0.0147280544390152
0.00480532263228152,3.19288092740412e-06,-0.000143993627853641,3.19288092740415e-06,0.00171457330657048,-0.00315365964642324,-0.000143993627853641,-0.00315365964642324,0.0147291279424888
0.0048026946532468,3.88040988288433e-06,-0.000144693774320313,3.88040988288435e-06,0.00171462618739359,-0.00315505358130342,-0.000144693774320313,-0.00315505358130342,0.0147357614595037
0.0048000712239307,4.56627147619686e-06,-0.000145578044683183,4.56627147619689e-06,0.00171467968050915,-0.00315213054024736,-0.000145578044683184,-0.00315213054024736,0.0146943523709136
0.00479745242776579,5.25044264283745e-06,-0.000146556577698156,5.25044264283747e-06,0.00171473284228801,-0.00314688773003447,-0.000146556577698156,-0.00314688773003447,0.014628408204334
0.00479483818528755,5.93200093003226e-06,-0.00014753907631525,5.93200093003229e-06,0.00171478178470763,-0.00314158753773501,-0.000147539076315251,-0.00314158753773501,0.0145625840679367
0.00479222848291373,6.61079486661571e-06,-0.000148528993647159,6.61079486661573e-06,0.00171482595536818,-0.00313607494793531,-0.000148528993647159,-0.00313607494793531,0.0144952785462683
0.00478962330560592,7.28633428753762e-06,-0.000149550715053267,7.28633428753765e-06,0.00171486362456248,-0.00312945903601465,-0.000149550715053267,-0.00312945903601465,0.0144173775218673
0.00478702268549457,7.95882975744087e-06,-0.000150586142154117,7.9588297574409e-06,0.00171489533370827,-0.00312216582784644,-0.000150586142154117,-0.00312216582784644,0.0143336544768358
0.00478442660555567,8.62756385116583e-06,-0.000151662378139961,8.62756385116586e-06,0.00171491852876068,-0.00311307809674681,-0.000151662378139961,-0.00311307809674681,0.0142328676994525
0.00478183503456081,9.29196445798102e-06,-0.00015274692310484,9.29196445798105e-06,0.00171493080210139,-0.003102972932245,-0.00015274692310484,-0.003102972932245,0.0141236022963209
0.00477924809097043,9.95303585009788e-06,-0.000153846092133653,9.95303585009791e-06,0.00171493568928346,-0.00309160536161846,-0.000153846092133653,-0.00309160536161846,0.0140034597067579
0.00477666571233584,1.06099717956794e-05,-0.000154943557292089,1.06099717956795e-05,0.00171493016538124,-0.00307933786200741,-0.000154943557292089,-0.00307933786200741,0.0138764896365968
0.00477408793361876,1.1263322008883e-05,-0.000156015943540723,1.1263322008883e-05,0.00171491606373075,-0.00306704420050191,-0.000156015943540723,-0.00306704420050191,0.0137518081807037
0.00477151457942468,1.19119413955173e-05,-0.000157020600391822,1.19119413955174e-05,0.00171488915030422,-0.00305625870333407,-0.000157020600391822,-0.00305625870333407,0.0136454590156316
0.00476894573143867,1.25570747861358e-05,-0.000157988428917153,1.25570747861359e-05,0.00171485423127208,-0.00304608017840897,-0.000157988428917153,-0.00304608017840897,0.0135474723889873
0.00476638149061727,1.31997841500734e-05,-0.000158952465362595,1.31997841500734e-05,0.00171481544263332,-0.00303540737445251,-0.000158952465362595,-0.00303540737445251,0.0134459332538913
0.00476382169279131,1.38388504791772e-05,-0.000159875584920558,1.38388504791772e-05,0.00171476828121467,-0.00302566534524311,-0.000159875584920558,-0.00302566534524311,0.0133560864779473
0.0047612663700294,1.44746976837555e-05,-0.000160787683272129,1.44746976837555e-05,0.00171471459694389,-0.00301571960748511,-0.000160787683272129,-0.00301571960748511,0.0132655642588419
0.0047587153935594,1.51061487405892e-05,-0.000161680674431829,1.51061487405892e-05,0.00171465017261671,-0.00300571457759009,-0.000161680674431829,-0.00300571457759009,0.0131760106774547
0.00475616871305179,1.57334388892051e-05,-0.000162510606670536,1.57334388892051e-05,0.0017145755098689,-0.0029977204048269,-0.000162510606670536,-0.0029977204048269,0.013109472820862
0.00475362652336931,1.63587302517358e-05,-0.000163323882107454,1.63587302517358e-05,0.0017144988373511,-0.00299004917725593,-0.000163323882107454,-0.00299004917725593,0.013047086460546
0.00475108860777956,1.69798149179997e-05,-0.000164134585013263,1.69798149179997e-05,0.0017144125216481,-0.00298165537023855,-0.000164134585013263,-0.00298165537023855,0.0129777293442179
0.00474855522408159,1.75991042200027e-05,-0.000164946134398095,1.75991042200028e-05,0.00171432505441736,-0.00297262722398394,-0.000164946134398095,-0.00297262722398394,0.0129023620296763
0.00474602628399473,1.82155457481347e-05,-0.000165766761784757,1.82155457481348e-05,0.00171423283829079,-0.00296234124643903,-0.000165766761784757,-0.00296234124643903,0.0128145993006221
0.00474350157237509,1.88273540565148e-05,-0.000166554077761315,1.88273540565149e-05,0.00171412913345779,-0.00295261295682764,-0.000166554077761315,-0.00295261295682764,0.0127343368651842
0.00474098130272886,1.94367358240636e-05,-0.000167322645254946,1.94367358240636e-05,0.00171402191584454,-0.00294306968569034,-0.000167322645254946,-0.00294306968569034,0.0126572029960695
0.00473846526673955,2.00419270921738e-05,-0.000168067435162467,2.00419270921739e-05,0.00171390501464731,-0.00293372004021201,-0.000168067435162468,-0.00293372004021201,0.0125833600486402
0.00473595370039496,2.06449095006091e-05,-0.000168818732032313,2.06449095006091e-05,0.00171378573558912,-0.00292313641525536,-0.000168818732032313,-0.00292313641525536,0.0124971894212089
0.00473344646127514,2.12442020551034e-05,-0.00016956793650202,2.12442020551034e-05,0.0017136587830133,-0.00291143192913173,-0.00016956793650202,-0.00291143192913173,0.0124003556691872
0.00473094374956549,2.18420050080052e-05,-0.000170292620582533,2.18420050080052e-05,0.001713531658491,-0.00290041317312092,-0.000170292620582533,-0.00290041317312092,0.0123124019579341
0.00472844533862596,2.2436315861299e-05,-0.000171007084901367,2.24363158612991e-05,0.00171339774038629,-0.00288900200066848,-0.000171007084901367,-0.00288900200066848,0.0122216196919117
0.00472595103095489,2.30252377760434e-05,-0.000171708357871303,2.30252377760434e-05,0.00171325035759879,-0.0028768461533073,-0.000171708357871303,-0.0028768461533073,0.0121243872685493
0.00472346102092999,2.36108693631622e-05,-0.000172378559602464,2.36108693631622e-05,0.00171309655773394,-0.00286552435232311,-0.000172378559602464,-0.00286552435232311,0.0120378680113876
0.00472097519685794,2.41926363466192e-05,-0.000173016057628763,2.41926363466192e-05,0.00171293446456877,-0.002855250367817,-0.000173016057628763,-0.002855250367817,0.0119642651604206
0.00471849370152196,2.47716451582785e-05,-0.000173655458618133,2.47716451582785e-05,0.00171276854597718,-0.00284380256108475,-0.000173655458618133,-0.00284380256108475,0.0118787429036912
0.00471601646005745,2.5347339960018e-05,-0.000174279778902196,2.53473399600181e-05,0.00171259663827292,-0.00283227206827143,-0.000174279778902196,-0.00283227206827143,0.0117936458984901
0.00471354337318448,2.59188956559715e-05,-0.000174888867699961,2.59188956559715e-05,0.00171241593907274,-0.00282045315996485,-0.000174888867699961,-0.00282045315996485,0.0117067482663186
0.00471107449794949,2.64869857544384e-05,-0.000175478644691093,2.64869857544384e-05,0.00171222874421557,-0.00280884708181168,-0.000175478644691093,-0.00280884708181168,0.0116235936500197
0.00470860981541533,2.70516255562129e-05,-0.000176050810355342,2.70516255562129e-05,0.00171203522991361,-0.00279742021220685,-0.000176050810355342,-0.00279742021220685,0.0115437329607282
0.00470614930722755,2.76125619442594e-05,-0.00017661569666553,2.76125619442594e-05,0.00171183480002813,-0.00278511337673674,-0.00017661569666553,-0.00278511337673674,0.0114552449289305
0.00470369288036709,2.81690463151885e-05,-0.000177162330837375,2.81690463151885e-05,0.00171162465694015,-0.00277259399235222,-0.000177162330837375,-0.00277259399235222,0.0113658465815766
0.00470124074269988,2.8723250698134e-05,-0.000177686750390518,2.87232506981341e-05,0.0017114122365311,-0.00276114947208187,-0.000177686750390518,-0.00276114947208187,0.0112899375957825
0.00469879264164676,2.92729478574029e-05,-0.000178202136952924,2.9272947857403e-05,0.00171119037962435,-0.00274877439419675,-0.000178202136952924,-0.00274877439419675,0.0112046632322091
0.00469634868044917,2.98193089400869e-05,-0.000178696523215866,2.98193089400869e-05,0.00171096277494821,-0.00273723627990547,-0.000178696523215866,-0.00273723627990547,0.0111302778267727
0.00469390890110574,3.0363005448162e-05,-0.000179176430181067,3.03630054481621e-05,0.00171073200987754,-0.00272644536828152,-0.000179176430181067,-0.00272644536828152,0.0110655379593779
0.00469147325854156,3.09038968940309e-05,-0.000179647021207185,3.0903896894031e-05,0.00171049787423699,-0.00271612460241142,-0.000179647021207185,-0.00271612460241142,0.0110070998130412
0.00468904176737513,3.14425950996416e-05,-0.00018010767285556,3.14425950996416e-05,0.0017102624599847,-0.00270744902357823,-0.00018010767285556,-0.00270744902357823,0.0109685224444081
0.00468661420673338,3.19779219427287e-05,-0.000180558738644348,3.19779219427287e-05,0.00171002176741774,-0.00270125357873553,-0.000180558738644348,-0.00270125357873553,0.0109594366242145
0.0046841907360996,3.25112318817924e-05,-0.000181020313809445,3.25112318817924e-05,0.00170978129342567,-0.0026948665547725,-0.000181020313809445,-0.0026948665547725,0.0109475797297624
0.00468177122751011,3.30417430205095e-05,-0.000181486613019339,3.30417430205095e-05,0.001709538054223,-0.00268958244182898,-0.000181486613019339,-0.00268958244182898,0.0109484349101604
0.00467935582926132,3.35705559625675e-05,-0.000181966242825544,3.35705559625675e-05,0.00170929632940646,-0.00268358559061577,-0.000181966242825544,-0.00268358559061577,0.0109401255219204
0.00467694433986248,3.40966516359256e-05,-0.000182452301642471,3.40966516359256e-05,0.00170905182998829,-0.00268040094353861,-0.000182452301642471,-0.00268040094353861,0.0109648661180645
0.00467453684789291,3.4620779353978e-05,-0.000182953637291074,3.4620779353978e-05,0.00170880792680631,-0.00267716760161841,-0.000182953637291074,-0.00267716760161841,0.0109877039864443
0.00467213348421035,3.51439790839002e-05,-0.000183472113911267,3.51439790839002e-05,0.00170856821023627,-0.00267381484945125,-0.000183472113911267,-0.00267381484945125,0.0110078156085895
0.00466973409470927,3.56645932678822e-05,-0.000183998845734331,3.56645932678822e-05,0.00170832724359732,-0.0026684806221205,-0.000183998845734331,-0.0026684806221205,0.011003420628983
0.00466733878406077,3.61835423403821e-05,-0.00018453467115528,3.61835423403821e-05,0.00170808751810974,-0.00266355544765959,-0.00018453467115528,-0.00266355544765959,0.011003502079711
0.00466494740921535,3.66998370993301e-05,-0.000185078407878493,3.66998370993301e-05,0.00170784560249012,-0.00265922723920346,-0.000185078407878493,-0.00265922723920346,0.0110103063527875
0.00466256008432067,3.72144034206064e-05,-0.000185630552826694,3.72144034206064e-05,0.00170760482168278,-0.00265486680241517,-0.000185630552826694,-0.00265486680241517,0.011016140245794
0.00466017667254257,3.77264673808208e-05,-0.000186194746683449,3.77264673808208e-05,0.00170736218446798,-0.00265195230778907,-0.000186194746683449,-0.00265195230778907,0.011038758886239
0.00465779729330978,3.8237702180058e-05,-0.000186789484280816,3.8237702180058e-05,0.00170712318648397,-0.0026525916546543,-0.000186789484280816,-0.0026525916546543,0.0111029946349565
0.00465542184949982,3.8747180275197e-05,-0.000187395086105608,3.8747180275197e-05,0.00170688569998247,-0.00265230263329622,-0.000187395086105608,-0.00265230263329622,0.0111538636253783
0.00465305043760486,3.92558523398773e-05,-0.000188021683012425,3.92558523398773e-05,0.00170665239477728,-0.00265329188441715,-0.000188021683012425,-0.00265329188441715,0.0112182543786739
0.00465068302630913,3.97642334911231e-05,-0.000188689225652871,3.97642334911231e-05,0.00170642466081719,-0.00265818583239783,-0.000188689225652871,-0.00265818583239783,0.0113274402151893
0.00464831978485683,4.02737506370753e-05,-0.000189386639510573,4.02737506370753e-05,0.00170620830810154,-0.00266365205146301,-0.000189386639510573,-0.00266365205146301,0.0114395795657998
0.00464596053202025,4.07824891603061e-05,-0.000190086577700902,4.07824891603061e-05,0.00170599715079981,-0.00266665625742423,-0.000190086577700902,-0.00266665625742423,0.0115184365027316
0.00464360553077184,4.1291993246149e-05,-0.000190786743407294,4.12919932461491e-05,0.00170579607922534,-0.00266754669681423,-0.000190786743407294,-0.00266754669681423,0.0115695404385382
0.00464125454946904,4.18003573711111e-05,-0.00019148666013892,4.18003573711112e-05,0.00170559806454258,-0.00266766076929273,-0.00019148666013892,-0.00266766076929273,0.0116099496058972
0.00463890767225198,4.23083340583462e-05,-0.000192194721358549,4.23083340583463e-05,0.0017054053299158,-0.00266839029171417,-0.000192194721358549,-0.00266839029171417,0.0116563625732034
0.00463656512399729,4.28177578828175e-05,-0.000192915109089505,4.28177578828175e-05,0.00170522436944938,-0.00266930849262607,-0.000192915109089505,-0.00266930849262607,0.0117034307313145
0.00463422668138196,4.33273955252465e-05,-0.000193660165877383,4.33273955252465e-05,0.00170505080618388,-0.0026720456508659,-0.000193660165877383,-0.0026720456508659,0.0117704979097675
0.00463189237811722,4.3836868257272e-05,-0.000194390985772716,4.3836868257272e-05,0.0017048842540411,-0.00267129775041429,-0.000194390985772716,-0.00267129775041429,0.0117946555722741
0.00462956224539077,4.4346662363573e-05,-0.000195139259822522,4.4346662363573e-05,0.00170472537241318,-0.00267173896755504,-0.000195139259822522,-0.00267173896755504,0.0118320916353002
0.00462723603462421,4.48553021350953e-05,-0.000195909951857199,4.48553021350953e-05,0.00170456909778856,-0.002674062629851,-0.000195909951857199,-0.002674062629851,0.0118907583405009
0.00462491384988957,4.5363555366142e-05,-0.000196689588531725,4.5363555366142e-05,0.00170441840822431,-0.00267634263420053,-0.000196689588531725,-0.00267634263420053,0.0119472825994046
0.0046225955970342,4.58710133540783e-05,-0.000197489559935692,4.58710133540783e-05,0.00170427153675369,-0.00268032193487966,-0.000197489559935692,-0.00268032193487966,0.0120223042047516
0.00462028147414083,4.63790938715444e-05,-0.000198296338787455,4.63790938715444e-05,0.00170413367704512,-0.00268405375437684,-0.000198296338787455,-0.00268405375437684,0.0120921600205687
0.00461797142321323,4.6887462700222e-05,-0.000199113270068518,4.6887462700222e-05,0.00170400351314793,-0.00268819629132054,-0.000199113270068518,-0.00268819629132054,0.0121648151462143
0.00461566559018735,4.73972509542305e-05,-0.000199940255045572,4.73972509542306e-05,0.00170388498680851,-0.00269238835907096,-0.000199940255045573,-0.00269238835907096,0.0122358428873941
0.00461336389890781,4.79079498836979e-05,-0.000200775786566207,4.79079498836979e-05,0.00170377638514618,-0.00269649172616131,-0.000200775786566207,-0.00269649172616131,0.0123037586698872
0.00461106618397608,4.84179346633023e-05,-0.000201595083042076,4.84179346633024e-05,0.00170367229450893,-0.00269845019905828,-0.000201595083042076,-0.00269845019905828,0.0123449778652107
0.00460877249200611,4.89273981916439e-05,-0.000202405226345843,4.8927398191644e-05,0.00170357284072684,-0.00269980428456429,-0.000202405226345843,-0.00269980428456429,0.0123783502169977
0.00460648281386744,4.94364040569117e-05,-0.000203214021412013,4.94364040569118e-05,0.00170347795771614,-0.002701779731995,-0.000203214021412013,-0.002701779731995,0.0124183311210554
0.00460419738181732,4.99472277717571e-05,-0.000204045677293347,4.99472277717572e-05,0.00170339529205578,-0.00270635056959212,-0.000204045677293347,-0.00270635056959212,0.0124874526047837
0.00460191595397125,5.04579145203033e-05,-0.000204864685134627,5.04579145203034e-05,0.00170331892164206,-0.00270935483892681,-0.000204864685134627,-0.00270935483892681,0.0125365565944551
0.00459963885721359,5.09706007133052e-05,-0.000205674795251124,5.09706007133052e-05,0.00170325599077884,-0.00271080872223484,-0.000205674795251124,-0.00271080872223484,0.012566450055903
0.00459736568392809,5.14831908900703e-05,-0.000206515135603404,5.14831908900703e-05,0.00170319861393725,-0.00271618443427981,-0.000206515135603404,-0.00271618443427981,0.0126413717273508
0.00459509670003486,5.19980170653937e-05,-0.000207379987601223,5.19980170653938e-05,0.00170315542590423,-0.00272323991690879,-0.000207379987601223,-0.00272323991690879,0.0127335726862348
0.00459283169982012,5.25135598530077e-05,-0.000208251269289971,5.25135598530077e-05,0.00170312161704834,-0.00272985167104873,-0.000208251269289971,-0.00272985167104873,0.0128178243552018
0.00459057078432148,5.30301505586828e-05,-0.000209113634757289,5.30301505586828e-05,0.00170309834095137,-0.00273442596161381,-0.000209113634757289,-0.00273442596161381,0.0128760673652988
0.00458831382631269,5.35461766254145e-05,-0.000209945174897456,5.35461766254145e-05,0.00170307992664717,-0.00273545307198123,-0.000209945174897456,-0.00273545307198123,0.0128924108149473
0.00458606106930185,5.40638803213388e-05,-0.000210792776459267,5.40638803213388e-05,0.00170307305451084,-0.00273875316580319,-0.000210792776459267,-0.00273875316580319,0.0129346532153419
0.00458381247755484,5.45830481281268e-05,-0.000211641019881899,5.45830481281268e-05,0.00170307764575087,-0.00274147375697912,-0.000211641019881899,-0.00274147375697912,0.0129693183990859
0.0045815679369874,5.51027947657051e-05,-0.00021248747306253,5.51027947657052e-05,0.00170309067783747,-0.00274346083681999,-0.00021248747306253,-0.00274346083681999,0.0129950264029725
0.00457932726106227,5.56218843726579e-05,-0.00021333606932676,5.56218843726579e-05,0.00170310770506954,-0.00274583668201029,-0.00021333606932676,-0.00274583668201029,0.0130250483955729
0.00457709062961526,5.61418531637169e-05,-0.000214196436572007,5.61418531637169e-05,0.00170313390855265,-0.00274925143405907,-0.000214196436572007,-0.00274925143405907,0.0130665468042702
0.00457485784957567,5.66609192468337e-05,-0.000215037065970291,5.66609192468338e-05,0.00170316360025215,-0.00275041231470655,-0.000215037065970291,-0.00275041231470655,0.0130815984159291
0.00457262932307897,5.71822095799227e-05,-0.000215891447941653,5.71822095799228e-05,0.00170320688923827,-0.00275262102342466,-0.000215891447941653,-0.00275262102342466,0.0131086059879399
0.00457040471285613,5.77038982531507e-05,-0.000216773308352945,5.77038982531507e-05,0.00170325763712976,-0.00275727696987878,-0.000216773308352946,-0.00275727696987878,0.0131635043382675
0.0045681839749708,5.82259093435231e-05,-0.000217674234033611,5.82259093435231e-05,0.0017033159298976,-0.00276297744455587,-0.000217674234033611,-0.00276297744455587,0.0132291713976454
0.0045659672165057,5.87490282137741e-05,-0.000218587656169316,5.87490282137741e-05,0.00170338457670115,-0.00276871751858205,-0.000218587656169316,-0.00276871751858205,0.0132935046905226
0.0045637544744651,5.92738627692995e-05,-0.000219531085887841,5.92738627692995e-05,0.00170346547642067,-0.00277610213620602,-0.000219531085887841,-0.00277610213620602,0.0133749518376928
0.00456154579751502,5.98008193033098e-05,-0.000220495501966303,5.98008193033098e-05,0.00170356032819802,-0.00278359115895767,-0.000220495501966303,-0.00278359115895767,0.013455010335426
0.00455934113906768,6.03292615842617e-05,-0.000221462758244095,6.03292615842617e-05,0.00170366710727501,-0.0027894317946814,-0.000221462758244095,-0.0027894317946814,0.0135137548216354
0.00455714021745586,6.0857337557742e-05,-0.000222448966314736,6.0857337557742e-05,0.00170377898439405,-0.00279620270335041,-0.000222448966314736,-0.00279620270335041,0.0135816497796996
0.00455494330530307,6.13864706874776e-05,-0.00022341776557285,6.13864706874777e-05,0.00170390108301695,-0.00280033880859814,-0.00022341776557285,-0.00280033880859814,0.0136177070227372
0.00455275023195137,6.19154149872049e-05,-0.000224385585675712,6.19154149872049e-05,0.00170402858992082,-0.00280427059512796,-0.000224385585675712,-0.00280427059512796,0.0136508575947727
0.00455056113854884,6.24452865323405e-05,-0.000225361532442756,6.24452865323405e-05,0.00170416515515806,-0.00280870625275494,-0.000225361532442756,-0.00280870625275494,0.0136890655797984
0.0045483760450702,6.29759528204018e-05,-0.000226321892487502,6.29759528204019e-05,0.00170431056772565,-0.00281142010229477,-0.000226321892487503,-0.00281142010229477,0.0137070798025037
0.00454619491565042,6.35073214281853e-05,-0.00022729070634641,6.35073214281853e-05,0.00170446412664277,-0.00281475216181669,-0.00022729070634641,-0.00281475216181669,0.0137319901206936
0.00454401751845957,6.40378732153891e-05,-0.000228260853779177,6.40378732153891e-05,0.00170462070569329,-0.0028184357932223,-0.000228260853779178,-0.0028184357932223,0.0137606718304983
0.00454184413447156,6.45702108477378e-05,-0.000229272676341678,6.45702108477378e-05,0.00170478888090666,-0.00282534438815662,-0.000229272676341678,-0.00282534438815662,0.0138251383284215
0.0045396746295955,6.51031776461447e-05,-0.000230272762454161,6.51031776461447e-05,0.00170496546431066,-0.00283071361057886,-0.000230272762454161,-0.00283071361057886,0.0138702170460515
0.00453750927453305,6.56389854988348e-05,-0.000231302750643191,6.56389854988348e-05,0.0017051575279796,-0.00283766384413917,-0.000231302750643192,-0.00283766384413917,0.0139315959909332
0.00453534797378535,6.61763301920989e-05,-0.000232300103048926,6.61763301920989e-05,0.00170536132262212,-0.00284081982360743,-0.000232300103048926,-0.00284081982360743,0.013948516149957
0.00453319051600016,6.67134907107384e-05,-0.000233283450900592,6.67134907107384e-05,0.00170557036759273,-0.00284264980313232,-0.000233283450900593,-0.00284264980313232,0.013950647411853
0.00453103681946455,6.72499294397881e-05,-0.000234264681499147,6.72499294397882e-05,0.00170578251408845,-0.00284452801032496,-0.000234264681499147,-0.00284452801032496,0.013953843825762
0.00452888693123164,6.77856661245309e-05,-0.000235216691361569,6.77856661245309e-05,0.00170599792014313,-0.00284456535930151,-0.000235216691361569,-0.00284456535930151,0.0139370783088557
0.00452674088942758,6.83206544995503e-05,-0.000236134286632687,6.83206544995504e-05,0.00170621619854652,-0.00284273140721639,-0.000236134286632687,-0.00284273140721639,0.0139007442009504
0.00452459856833139,6.88539004806677e-05,-0.000237022374449087,6.88539004806677e-05,0.00170643368903911,-0.00283990409954175,-0.000237022374449087,-0.00283990409954175,0.0138552806351073
0.00452245994006643,6.93851285164684e-05,-0.000237879762403773,6.93851285164684e-05,0.00170664929554794,-0.00283629445054306,-0.000237879762403773,-0.00283629445054306,0.0138032828267662
0.00452032506437701,6.99144742416224e-05,-0.00023868952213944,6.99144742416224e-05,0.00170686346803171,-0.00283084133845841,-0.00023868952213944,-0.00283084133845841,0.0137330049503632
0.00451819397095762,7.04420473962144e-05,-0.000239461987519662,7.04420473962144e-05,0.00170707633347584,-0.00282444183012495,-0.000239461987519662,-0.00282444183012495,0.0136548880409638
0.00451606644501553,7.09663699679337e-05,-0.00024019465765917,7.09663699679337e-05,0.00170728280065419,-0.00281735426906713,-0.00024019465765917,-0.00281735426906713,0.0135720855487163
0.00451394259431519,7.14883421909913e-05,-0.000240906156458587,7.14883421909913e-05,0.00170748571664826,-0.00281081636290476,-0.000240906156458587,-0.00281081636290476,0.0134986794088799
0.00451182247022157,7.20084551454685e-05,-0.00024159468599697,7.20084551454685e-05,0.00170768688877566,-0.00280448371319773,-0.00024159468599697,-0.00280448371319773,0.0134304660280587
0.00450970608810317,7.25275191532834e-05,-0.000242307035667455,7.25275191532834e-05,0.00170788887614698,-0.0028013528438035,-0.000242307035667455,-0.0028013528438035,0.0134023718921437
0.00450759348633032,7.30461692654782e-05,-0.000243025917499168,7.30461692654782e-05,0.0017080944504326,-0.00279954700357703,-0.000243025917499168,-0.00279954700357703,0.0133914336078061
0.00450548461271827,7.35644251950771e-05,-0.000243756686667844,7.35644251950772e-05,0.00170830388642665,-0.00279915417977788,-0.000243756686667844,-0.00279915417977788,0.0133982923630478
0.00450337959177243,7.40834087529473e-05,-0.000244503289568391,7.40834087529473e-05,0.00170852120924363,-0.00279990593315937,-0.000244503289568391,-0.00279990593315937,0.0134191276986923
0.0045012781905662,7.46014348148019e-05,-0.000245230033010614,7.46014348148019e-05,0.00170874114263468,-0.00279940435211409,-0.000245230033010615,-0.00279940435211409,0.0134248497883803
0.00449918038366443,7.51183178580993e-05,-0.000245947161647743,7.51183178580994e-05,0.00170896276941039,-0.00279868709628098,-0.000245947161647743,-0.00279868709628098,0.0134284854643902
0.0044970862394968,7.5634245780316e-05,-0.000246633025653597,7.5634245780316e-05,0.00170918679580845,-0.00279634274881602,-0.000246633025653597,-0.00279634274881602,0.0134131251223127
0.00449499582644087,7.61495725109826e-05,-0.000247298274265119,7.61495725109826e-05,0.001709414169576,-0.0027932086472219,-0.000247298274265119,-0.0027932086472219,0.0133894289113555
0.00449290919332304,7.66649815023057e-05,-0.000247979653056624,7.66649815023057e-05,0.00170964696837806,-0.00279159785956172,-0.000247979653056624,-0.00279159785956172,0.0133855891963062
0.00449082621424615,7.71803215938566e-05,-0.000248706376832366,7.71803215938567e-05,0.00170988480417785,-0.00279309094412753,-0.000248706376832367,-0.00279309094412753,0.0134205545550545
0.00448874704645038,7.76964145307531e-05,-0.000249420187623323,7.76964145307531e-05,0.00171013126629482,-0.00279308813268011,-0.000249420187623323,-0.00279308813268011,0.0134365130469906
0.0044866714444776,7.8211948833173e-05,-0.000250160005776617,7.82119488331731e-05,0.00171038155015071,-0.00279446761454447,-0.000250160005776617,-0.00279446761454447,0.0134697031752407
0.00448459936435648,7.87264690830784e-05,-0.000250887174556955,7.87264690830784e-05,0.00171063445681268,-0.0027947489910901,-0.000250887174556955,-0.0027947489910901,0.0134890153046729
0.00448253084496116,7.9239935241847e-05,-0.000251587952231327,7.92399352418471e-05,0.00171088970114852,-0.00279338890174353,-0.000251587952231327,-0.00279338890174353,0.0134883158533737
0.00448046591290376,7.97525143885153e-05,-0.000252282539063628,7.97525143885153e-05,0.00171114748860396,-0.00279188487354487,-0.000252282539063628,-0.00279188487354487,0.0134867318628466
0.0044784044490355,8.02637890510045e-05,-0.000252998754870786,8.02637890510045e-05,0.00171140621809454,-0.00279206320949726,-0.000252998754870786,-0.00279206320949726,0.0135070056091235
0.00447634660041744,8.07744587587019e-05,-0.000253686632676425,8.0774458758702e-05,0.00171166868037032,-0.00279065534747562,-0.000253686632676425,-0.00279065534747562,0.0135077186308902
0.00447429234476974,8.12846198024167e-05,-0.000254388128300479,8.12846198024167e-05,0.00171193477738337,-0.00279035802090586,-0.000254388128300479,-0.00279035802090586,0.0135231662888149
0.00447224155985279,8.17933862076354e-05,-0.000255068630845966,8.17933862076354e-05,0.00171220184092071,-0.00278915158148355,-0.000255068630845966,-0.00278915158148355,0.0135277026729415
0.00447019440514132,8.2301756535102e-05,-0.000255739336502761,8.2301756535102e-05,0.00171247301533205,-0.0027877099468404,-0.000255739336502761,-0.0027877099468404,0.0135300600637799
0.00446815090215869,8.28101031054183e-05,-0.000256421795177213,8.28101031054183e-05,0.00171274946370101,-0.00278720102681647,-0.000256421795177213,-0.00278720102681647,0.0135450383554024
0.00446611081770957,8.33166885193802e-05,-0.000257066846649188,8.33166885193802e-05,0.00171302574509946,-0.00278486563899853,-0.000257066846649188,-0.00278486563899853,0.0135375123352514
0.0044640744197438,8.38232332053947e-05,-0.000257706422307765,8.38232332053947e-05,0.00171330721151125,-0.00278257104451308,-0.000257706422307765,-0.00278257104451308,0.0135317289797867
0.00446204154988974,8.43286082652783e-05,-0.000258318677250567,8.43286082652784e-05,0.00171359028031006,-0.00277908780669181,-0.000258318677250567,-0.00277908780669181,0.013512104711738
0.00446001221215481,8.48330766139601e-05,-0.000258939833559855,8.48330766139602e-05,0.00171387552418255,-0.00277663276807292,-0.000258939833559855,-0.00277663276807292,0.0135074541173886
0.00445798637003216,8.53365859954918e-05,-0.000259565310633681,8.53365859954918e-05,0.00171416296496004,-0.00277476119626062,-0.000259565310633681,-0.00277476119626062,0.0135117046156759
0.00445596401630309,8.58397285555729e-05,-0.00026024366997542,8.58397285555729e-05,0.00171445442986543,-0.00277611211736406,-0.00026024366997542,-0.00277611211736406,0.0135591942258705
0.00445394512301952,8.63422030246392e-05,-0.000260907494855308,8.63422030246392e-05,0.00171474965174092,-0.00277642426273674,-0.000260907494855308,-0.00277642426273674,0.0135925558729357
0.00445192978068207,8.68442650090125e-05,-0.000261541291210674,8.68442650090125e-05,0.00171504938697064,-0.00277495049274105,-0.000261541291210674,-0.00277495049274105,0.0136025180412367
0.00444991779132574,8.7344851822182e-05,-0.000262181289472905,8.7344851822182e-05,0.00171534965751264,-0.00277422852744207,-0.000262181289472905,-0.00277422852744207,0.0136234983230591
0.00444790946222271,8.78461176400002e-05,-0.00026284209680262,8.78461176400002e-05,0.00171565767820695,-0.00277468019085758,-0.00026284209680262,-0.00277468019085758,0.0136606017364135
0.00444590442699938,8.83456360402458e-05,-0.000263477788806376,8.83456360402458e-05,0.00171596574355412,-0.00277385549734478,-0.000263477788806376,-0.00277385549734478,0.0136809120183372
0.00444390289015241,8.88445897295179e-05,-0.000264100476690588,8.88445897295179e-05,0.00171627749256447,-0.00277257635786251,-0.000264100476690588,-0.00277257635786251,0.0136959031504068
0.00444190470828657,8.93420203354492e-05,-0.000264701872486698,8.93420203354492e-05,0.00171658969722551,-0.00277060790237108,-0.000264701872486698,-0.00277060790237108,0.0137027369332584
0.00443991009756347,8.98393072571636e-05,-0.000265297253856195,8.98393072571637e-05,0.00171690678785804,-0.00276873351067364,-0.000265297253856195,-0.00276873351067364,0.0137121179111872
0.00443791894686046,9.03355948895913e-05,-0.000265861249424262,9.03355948895913e-05,0.00171722611454373,-0.00276546187371926,-0.000265861249424262,-0.00276546187371926,0.0137038570645753
0.00443593140239052,9.08319876163316e-05,-0.0002664328981872,9.08319876163317e-05,0.00171755105563659,-0.00276303659583936,-0.0002664328981872,-0.00276303659583936,0.0137090313720155
0.00443394723071444,9.13271088259214e-05,-0.000266994868384277,9.13271088259215e-05,0.00171787731898714,-0.00276038600435015,-0.000266994868384277,-0.00276038600435015,0.0137127385342439
0.00443196648452323,9.18211793718485e-05,-0.000267538131047466,9.18211793718486e-05,0.00171820566178165,-0.00275694789303785,-0.000267538131047466,-0.00275694789303785,0.0137072182783709
0.00442998914321862,9.23141810206339e-05,-0.000268079603044306,9.23141810206339e-05,0.00171853587609604,-0.00275381610083122,-0.000268079603044306,-0.00275381610083122,0.0137080853114695
0.00442801515567014,9.28059442455703e-05,-0.000268622442528156,9.28059442455704e-05,0.0017188674573314,-0.00275113067182513,-0.000268622442528156,-0.00275113067182513,0.0137172713329785
0.004426044741704,9.32981025100875e-05,-0.000269189338864885,9.32981025100875e-05,0.00171920584761318,-0.00274981788299378,-0.000269189338864885,-0.00274981788299378,0.0137477699692577
0.00442407754109833,9.37882749401094e-05,-0.000269731584319467,9.37882749401094e-05,0.00171954361046201,-0.00274702981992168,-0.000269731584319467,-0.00274702981992168,0.0137582348780877
0.00442211389411007,9.42786961948176e-05,-0.000270291755480294,9.42786961948176e-05,0.00171988775255419,-0.00274519020701607,-0.000270291755480294,-0.00274519020701607,0.0137842967196531
0.00442015341458985,9.47670266547743e-05,-0.000270844302437747,9.47670266547744e-05,0.0017202308083096,-0.00274293283456692,-0.000270844302437747,-0.00274293283456692,0.0138058670283116
0.00441819609927322,9.52535962868035e-05,-0.000271423238395999,9.52535962868035e-05,0.00172057355723424,-0.00274248815315339,-0.000271423238395999,-0.00274248815315339,0.0138563068898557
0.00441624230841285,9.5740877432944e-05,-0.000272034735045919,9.5740877432944e-05,0.00172092438176511,-0.00274361291998842,-0.000272034735045919,-0.00274361291998842,0.0139310972389935
0.00441429190619665,9.62278927729569e-05,-0.000272635820635368,9.62278927729569e-05,0.00172128049565104,-0.00274354691279351,-0.000272635820635368,-0.00274354691279351,0.0139878365912427
0.00441234490902514,9.67146440453545e-05,-0.000273233876515119,9.67146440453546e-05,0.00172164170109004,-0.00274290671137948,-0.000273233876515119,-0.00274290671137948,0.0140366451357819
0.00441040124535419,9.72008556941209e-05,-0.000273848114511361,9.72008556941209e-05,0.0017220069319017,-0.00274295293224106,-0.000273848114511361,-0.00274295293224106,0.0140972872718062
0.00440846081977143,9.76856260709694e-05,-0.00027443247018628,9.76856260709694e-05,0.00172237344118706,-0.0027410504019036,-0.00027443247018628,-0.0027410504019036,0.0141288872893482
0.00440652357815923,9.81684814210952e-05,-0.000274995923329896,9.81684814210952e-05,0.00172273927279522,-0.00273829352513397,-0.000274995923329896,-0.00273829352513397,0.0141494888260489
0.0044045896624423,9.86503425707297e-05,-0.000275556500626943,9.86503425707297e-05,0.00172310723656526,-0.00273585555710492,-0.000275556500626943,-0.00273585555710492,0.0141777737174771
0.00440265914563072,9.91313709820909e-05,-0.00027608379146927,9.9131370982091e-05,0.00172347806782726,-0.00273169352624181,-0.00027608379146927,-0.00273169352624181,0.0141811617986048
0.00440073221081383,9.96128747126078e-05,-0.000276623174127014,9.96128747126079e-05,0.00172385577835259,-0.00272848985050995,-0.000276623174127014,-0.00272848985050995,0.014203248800522
0.00439880860223041,0.000100093289263786,-0.000277150590334531,0.000100093289263786,0.00172423558711546,-0.00272452710780323,-0.000277150590334531,-0.00272452710780323,0.0142159994647154
0.00439688826626477,0.000100572934152129,-0.00027772792265342,0.00010057293415213,0.00172461823810066,-0.00272374105370633,-0.00027772792265342,-0.00272374105370633,0.014285339015965
0.00439497113518562,0.000101051746160142,-0.000278338945065473,0.000101051746160142,0.00172500404219648,-0.0027244666872493,-0.000278338945065473,-0.0027244666872493,0.0143824534436586
0.00439305742740855,0.000101531357885303,-0.000278998154530776,0.000101531357885304,0.0017253985167139,-0.00272704010792978,-0.000278998154530776,-0.00272704010792978,0.0145125952767067
0.00439114705678945,0.000102011436961597,-0.000279696812095935,0.000102011436961597,0.00172580087637574,-0.00273047176934942,-0.000279696812095935,-0.00273047176934942,0.014657862780217
0.00438924026100561,0.000102493382428577,-0.000280432922425739,0.000102493382428577,0.00172621585376636,-0.00273409707364558,-0.000280432922425739,-0.00273409707364558,0.0148060567404501
0.00438733673349272,0.00010297549050051,-0.000281212504056311,0.00010297549050051,0.00172663785870586,-0.00273832441805753,-0.000281212504056311,-0.00273832441805753,0.0149649720115599
0.00438543648949018,0.000103458235688804,-0.000282064669296357,0.000103458235688804,0.0017270683365097,-0.0027448315936534,-0.000282064669296357,-0.0027448315936534,0.0151649030449482
0.00438353951610742,0.000103941940903089,-0.000282996217007883,0.000103941940903089,0.00172750851844551,-0.00275367959130041,-0.000282996217007883,-0.00275367959130041,0.0154059323786775
0.00438164574937515,0.000104426577479565,-0.000284004616105288,0.000104426577479565,0.00172795844841322,-0.00276465924182113,-0.000284004616105288,-0.00276465924182113,0.0156829048588366
0.00437975550973404,0.000104914354987766,-0.00028509626490053,0.000104914354987766,0.00172842547977641,-0.00277788023964012,-0.00028509626490053,-0.00277788023964012,0.0159961021323487
0.00437786894467822,0.000105406281353907,-0.000286261156310104,0.000105406281353907,0.00172891317583526,-0.00279218707535388,-0.000286261156310104,-0.00279218707535388,0.0163219362756144
0.00437598605917196,0.000105902196596842,-0.000287476369770697,0.000105902196596842,0.00172942112963413,-0.00280585802972772,-0.000287476369770697,-0.00280585802972772,0.0166275894805275
0.00437410679083311,0.000106401864870755,-0.000288769810254705,0.000106401864870755,0.00172994833504739,-0.00282067962949377,-0.000288769810254705,-0.00282067962949377,0.0169478858910011
0.00437223124454887,0.000106906277935816,-0.000290171276233782,0.000106906277935816,0.00173049806394399,-0.00283799848156533,-0.000290171276233782,-0.00283799848156533,0.0173071499710356
0.0043703592682081,0.000107413962370773,-0.00029160253970582,0.000107413962370773,0.00173106574259946,-0.00285280731850853,-0.00029160253970582,-0.00285280731850853,0.0176095359189366
0.00436849088420759,0.000107924967428896,-0.000293094251236491,0.000107924967428896,0.00173165095413336,-0.00286784747186421,-0.000293094251236491,-0.00286784747186421,0.0179099703411694
0.00436662625496603,0.000108439815432998,-0.000294613090750417,0.000108439815432998,0.00173225531216707,-0.0028811448535207,-0.000294613090750418,-0.0028811448535207,0.0181720624980897
0.00436476532458238,0.000108958423677845,-0.000296213494726368,0.000108958423677845,0.00173287817306626,-0.00289621549697337,-0.000296213494726368,-0.00289621549697337,0.0184635242576008
0.00436290807517024,0.000109480620731444,-0.000297872773664637,0.000109480620731444,0.00173351908253178,-0.00291137905708752,-0.000297872773664637,-0.00291137905708752,0.0187514291180276
0.00436105455243326,0.000110006619291448,-0.00029959225126383,0.000110006619291448,0.0017341785935136,-0.00292676762972043,-0.00029959225126383,-0.00292676762972043,0.0190384875334073
0.004359204799832,0.000110536704664027,-0.000301380860873956,0.000110536704664027,0.00173485752623179,-0.00294283081326661,-0.000301380860873956,-0.00294283081326661,0.0193331101703575
0.00435735861441532,0.000111069921759576,-0.000303253550452532,0.000111069921759576,0.00173555265261593,-0.00296060339952543,-0.000303253550452532,-0.00296060339952543,0.0196543020984433
0.00435551637902296,0.00011160774310695,-0.000305121151207757,0.00011160774310695,0.00173626882851913,-0.00297483579814142,-0.000305121151207757,-0.00297483579814142,0.019901913192753
0.0043536780467174,0.000112150377109956,-0.000307095053431074,0.000112150377109956,0.00173700620852451,-0.00299215000450576,-0.000307095053431074,-0.00299215000450576,0.0202045420421004
0.00435184354787719,0.00011269741075292,-0.000309142631600561,0.00011269741075292,0.00173776370203176,-0.00300992841179798,-0.000309142631600561,-0.00300992841179798,0.0205093120849628
0.00435001299655974,0.000113249280749866,-0.000311247970928789,0.000113249280749866,0.00173854262959381,-0.00302713812470114,-0.000311247970928789,-0.00302713812470114,0.0207964446416616
0.00434818623312722,0.000113805159638996,-0.000313441525784886,0.000113805159638996,0.00173934004174865,-0.0030455741761421,-0.000313441525784886,-0.0030455741761421,0.021100780398764
0.00434636343655611,0.000114365834124907,-0.000315688329748328,0.000114365834124907,0.00174015846477832,-0.0030632576905279,-0.000315688329748328,-0.0030632576905279,0.0213834887438177
0.00434454455667215,0.000114930271103768,-0.000317931237456216,0.000114930271103768,0.00174099420524512,-0.00307761802727689,-0.000317931237456216,-0.00307761802727689,0.0215991415469351
0.00434272946182423,0.000115497777223727,-0.000320239924285024,0.000115497777223727,0.00174184443136789,-0.00309292392061486,-0.000320239924285024,-0.00309292392061486,0.0218320673166926
0.00434091834344815,0.000116069013253847,-0.000322554121499458,0.000116069013253847,0.0017427112320467,-0.00310618433340789,-0.000322554121499458,-0.00310618433340789,0.0220253879903444
0.00433911112408919,0.000116643661318932,-0.000324936261771278,0.000116643661318932,0.00174359321633092,-0.00312061194042197,-0.000324936261771278,-0.00312061194042197,0.0222419216616715
0.00433730780062124,0.000117221376339276,-0.000327332093504484,0.000117221376339276,0.00174448922312398,-0.0031336100257571,-0.000327332093504484,-0.0031336100257571,0.0224314756956634
0.00433550823735889,0.000117801378647081,-0.000329770227741335,0.000117801378647081,0.00174539637681316,-0.00314695430273492,-0.000329770227741335,-0.00314695430273492,0.0226297038623508
0.00433371262254992,0.000118384872352838,-0.000332264226190637,0.000118384872352838,0.00174631851922454,-0.00316123958009053,-0.000332264226190637,-0.00316123958009053,0.0228469564203309
0.0043319209548517,0.000118971555094018,-0.000334762020496309,0.000118971555094018,0.00174725462322939,-0.00317414662164073,-0.000334762020496309,-0.00317414662164073,0.0230375861136129
0.00433013314335723,0.000119561012412338,-0.000337308072841952,0.000119561012412338,0.00174820305764597,-0.00318789497249857,-0.000337308072841952,-0.00318789497249857,0.0232463830307439
0.0043283494299043,0.000120154690158406,-0.00033990332015,0.000120154690158406,0.00174916853843734,-0.00320227386669742,-0.00033990332015,-0.00320227386669742,0.0234674435443477
0.00432656938720213,0.000120749735600053,-0.000342470174923429,0.000120749735600053,0.00175014164001481,-0.00321441621521012,-0.000342470174923429,-0.00321441621521012,0.0236448610131844
0.00432479325925125,0.000121347588540913,-0.000345058939626101,0.000121347588540913,0.00175112666514152,-0.00322702856262833,-0.000345058939626101,-0.00322702856262833,0.0238346261881934
0.00432302132717199,0.000121950577255237,-0.000347772616561332,0.000121950577255237,0.00175213128115876,-0.00324389883467481,-0.000347772616561332,-0.00324389883467481,0.0241101414873099
0.00432125329370493,0.000122556992995635,-0.000350518162122509,0.000122556992995636,0.00175315028447498,-0.003260647956071,-0.000350518162122509,-0.003260647956071,0.0243764974951399
0.00431948924249135,0.000123167109177394,-0.000353267651153774,0.000123167109177394,0.00175418437636083,-0.00327652809217762,-0.000353267651153774,-0.00327652809217762,0.0246191360907415
0.0043177293550227,0.000123781988070569,-0.000356049790723595,0.000123781988070569,0.00175523683120367,-0.00329283242067918,-0.000356049790723595,-0.00329283242067918,0.0248651968263352
0.00431597373152089,0.000124402221187675,-0.000358871816883227,0.000124402221187675,0.00175630956625629,-0.00330945913837691,-0.000358871816883227,-0.00330945913837691,0.0251114684693986
0.00431422205056985,0.000125025966901066,-0.00036172406128064,0.000125025966901066,0.00175739651222767,-0.00332598832945109,-0.00036172406128064,-0.00332598832945109,0.0253493717501113
0.00431247429452424,0.000125653617562627,-0.000364671870095711,0.000125653617562627,0.0017584988577199,-0.00334546058537432,-0.000364671870095711,-0.00334546058537432,0.0256383596358807
0.00431073083172192,0.000126287116217181,-0.000367641825411255,0.000126287116217181,0.00175962309637562,-0.00336455746835419,-0.000367641825411255,-0.00336455746835419,0.0259049184369304
0.00430899141083898,0.000126925072241705,-0.000370643257428092,0.000126925072241706,0.00176076455967521,-0.00338379693489363,-0.000370643257428092,-0.00338379693489363,0.0261603632380485
0.00430725600583541,0.000127567522724499,-0.000373690045295213,0.000127567522724499,0.00176192327353046,-0.00340416247367342,-0.000373690045295214,-0.00340416247367342,0.0264224129336923
0.00430552462841563,0.000128214427194645,-0.000376731203858037,0.000128214427194645,0.0017630990625112,-0.00342394819125681,-0.000376731203858037,-0.00342394819125681,0.0266551672393672
0.0043037973874079,0.000128866153373417,-0.000379736503710583,0.000128866153373417,0.00176429291030674,-0.0034423604208177,-0.000379736503710583,-0.0034423604208177,0.0268455377899575
0.00430207438555593,0.000129523085944271,-0.000382705746888086,0.000129523085944271,0.00176550583380607,-0.0034595663734371,-0.000382705746888086,-0.0034595663734371,0.0270003375543363
0.00430035527694864,0.000130182619198562,-0.000385561717172625,0.000130182619198562,0.00176672903397245,-0.00347255283895722,-0.000385561717172625,-0.00347255283895722,0.027071210294482
0.00429864010253806,0.000130844724535854,-0.000388339642873884,0.000130844724535854,0.00176796188639227,-0.00348379961348902,-0.000388339642873884,-0.00348379961348902,0.0271119925196189
0.00429692891520313,0.000131509534288883,-0.000391042765099927,0.000131509534288883,0.00176920460267245,-0.00349365212572428,-0.000391042765099927,-0.00349365212572428,0.0271317479750032
0.0042952217594032,0.000132176897338082,-0.000393647638353262,0.000132176897338082,0.00177045648560108,-0.00350082060722312,-0.000393647638353262,-0.00350082060722312,0.0271104789009632
0.00429351849545619,0.000132846238896795,-0.000396212512194934,0.000132846238896795,0.00177171548002423,-0.00350830547232062,-0.000396212512194934,-0.00350830547232062,0.0271049089354898
0.00429181884435974,0.000133515917569134,-0.000398701822663992,0.000133515917569134,0.00177297627285707,-0.00351440695671488,-0.000398701822663993,-0.00351440695671488,0.0270836380572541
0.00429012296583115,0.000134186710619329,-0.000401118188694625,0.000134186710619329,0.0017742412165416,-0.00351952954321441,-0.000401118188694625,-0.00351952954321441,0.0270552105403711
0.0042884308553977,0.000134858784690408,-0.000403485530717465,0.000134858784690408,0.00177551082780241,-0.0035249644685726,-0.000403485530717466,-0.0035249644685726,0.0270437693937566
0.00428674243793443,0.000135531598069313,-0.000405777461267447,0.000135531598069314,0.00177678338784276,-0.00352900420347672,-0.000405777461267447,-0.00352900420347672,0.0270162684172386
0.004285058184069,0.000136207929701891,-0.000408045753882464,0.000136207929701891,0.00177806785867411,-0.00353394565885964,-0.000408045753882464,-0.00353394565885964,0.0270168666722329
0.00428337747489004,0.000136884436665808,-0.00041026903652065,0.000136884436665808,0.0017793536032072,-0.00353788622544473,-0.00041026903652065,-0.00353788622544473,0.027007530607346
0.00428170070902418,0.000137563336955854,-0.000412474971957796,0.000137563336955854,0.00178064771456584,-0.0035421060776187,-0.000412474971957796,-0.0035421060776187,0.0270137102695752
0.00428002753421557,0.000138242603639922,-0.000414646136594267,0.000138242603639922,0.00178194369274685,-0.00354505940625588,-0.000414646136594267,-0.00354505940625588,0.027004168106202
0.00427835785259325,0.000138921655795583,-0.000416786675257246,0.000138921655795583,0.00178323950929345,-0.00354739538843121,-0.000416786675257246,-0.00354739538843121,0.0269938106834841
0.00427669197450098,0.000139602329107536,-0.000418927984388962,0.000139602329107536,0.00178454106691988,-0.00355059295190593,-0.000418927984388962,-0.00355059295190593,0.0270129492446058
0.00427502986151206,0.00014028484695528,-0.000421106333891059,0.00014028484695528,0.00178584931580197,-0.00355572900504282,-0.000421106333891059,-0.00355572900504282,0.0270821537913207
0.0042733711060749,0.00014096715436945,-0.000423300011686109,0.00014096715436945,0.00178715785719787,-0.00356107307396189,-0.000423300011686109,-0.00356107307396189,0.0271604610246434
0.0042717158354664,0.000141649686691281,-0.000425477984104561,0.000141649686691281,0.00178846798619835,-0.003565279397436,-0.000425477984104561,-0.003565279397436,0.0272180147662001
0.00427006389061236,0.000142331327016935,-0.000427615462983282,0.000142331327016935,0.00178977587724332,-0.00356784145070403,-0.000427615462983282,-0.00356784145070403,0.0272467190419506
0.00426841580807908,0.000143015016005999,-0.000429759992010924,0.000143015016005999,0.00179109081126426,-0.00357127625722815,-0.000429759992010924,-0.00357127625722815,0.0273041337914709
0.00426677144175882,0.000143700022946067,-0.00043190850193063,0.000143700022946067,0.00179241058788975,-0.00357457179926214,-0.00043190850193063,-0.00357457179926214,0.0273657655117401
0.00426513091780388,0.000144387175963224,-0.000434096224942365,0.000144387175963224,0.00179373790291771,-0.0035788252283814,-0.000434096224942366,-0.0035788252283814,0.0274564160740061
0.00426349419492368,0.000145076164856554,-0.000436315458830196,0.000145076164856554,0.00179507185384539,-0.0035826967106765,-0.000436315458830196,-0.0035826967106765,0.0275430662977191
0.00426186093116214,0.000145765294480621,-0.000438586124346002,0.000145765294480621,0.00179640695735272,-0.00358705024377212,-0.000438586124346002,-0.00358705024377212,0.0276473366893223
0.0042602314442154,0.000146456400857862,-0.000440945955091734,0.000146456400857862,0.00179774911200932,-0.00359302758443222,-0.000440945955091734,-0.00359302758443222,0.0277944796112558
0.00425860530641052,0.000147147455134703,-0.000443391340142252,0.000147147455134703,0.00179909196502136,-0.00360011941499485,-0.000443391340142252,-0.00360011941499485,0.0279687351084803
0.00425698248442994,0.000147838484827291,-0.000445924869153815,0.000147838484827291,0.0018004356139028,-0.00360874567880634,-0.000445924869153815,-0.00360874567880634,0.0281770082938335
0.0042553636645004,0.000148532590487488,-0.000448469426939243,0.000148532590487488,0.00180178991061444,-0.00361595381029883,-0.000448469426939243,-0.00361595381029883,0.028342750130226
0.00425374865298764,0.000149229001581292,-0.00045110942015566,0.000149229001581292,0.00180315225743791,-0.00362464298561015,-0.00045110942015566,-0.00362464298561015,0.0285409988592347
0.0042521372877509,0.000149926377492779,-0.000453724829162179,0.000149926377492779,0.00180451832720892,-0.00363068667028958,-0.00045372482916218,-0.00363068667028958,0.028669286589642
0.00425052911487011,0.000150622349165904,-0.000456350574646502,0.000150622349165904,0.00180588017818463,-0.00363636753499681,-0.000456350574646502,-0.00363636753499681,0.0287920032734532
0.00424892489402474,0.000151320758577486,-0.000459016964580503,0.000151320758577486,0.00180724991210301,-0.00364283834653323,-0.000459016964580504,-0.00364283834653323,0.028936555148626
0.00424732455292481,0.000152021462293014,-0.000461754650661968,0.000152021462293014,0.00180862718822675,-0.00365060787575205,-0.000461754650661969,-0.00365060787575205,0.0291129608782855
0.00424572783427477,0.000152723379181226,-0.000464568523424161,0.000152723379181226,0.00181000868970229,-0.00365964519311768,-0.000464568523424161,-0.00365964519311768,0.0293165993870183
0.00424413481901298,0.000153426636594297,-0.000467366103802277,0.000153426636594297,0.00181139478570398,-0.00366735588474421,-0.000467366103802277,-0.00366735588474421,0.0294800832387397
0.00424254565786053,0.000154131920725018,-0.000470178874329087,0.000154131920725018,0.00181278744631347,-0.00367496849375313,-0.000470178874329088,-0.00367496849375313,0.0296382850036652
0.00424096088816904,0.000154841967624219,-0.000473058793302885,0.000154841967624219,0.00181419534057958,-0.00368347459894167,-0.000473058793302886,-0.00368347459894167,0.0298147958682745
0.00423937980612981,0.000155553227979383,-0.000475965326723175,0.000155553227979383,0.00181560726924914,-0.00369131387950291,-0.000475965326723175,-0.00369131387950291,0.0299700886504647
0.00423780224617687,0.000156264887992344,-0.000478916738691417,0.000156264887992344,0.0018170204875286,-0.00369946780113497,-0.000478916738691417,-0.00369946780113497,0.030130871091758
0.00423622837277077,0.000156977617757233,-0.000481870787188639,0.000156977617757233,0.00181843701000016,-0.00370716803986746,-0.00048187078718864,-0.00370716803986746,0.0302771669341957
0.00423465842744156,0.000157692205955672,-0.000484755819077122,0.000157692205955672,0.00181985912868332,-0.00371271957872325,-0.000484755819077122,-0.00371271957872325,0.0303699623247015
0.00423309247336718,0.000158409120978018,-0.000487692746943617,0.000158409120978018,0.0018212881539454,-0.00371931265224144,-0.000487692746943617,-0.00371931265224144,0.0304937954679003
0.00423153047277042,0.000159127804130561,-0.000490561854111278,0.000159127804130561,0.00182272230382841,-0.00372355559095137,-0.000490561854111278,-0.00372355559095137,0.0305626142383353
0.00422997248883707,0.000159848784908943,-0.000493522011810241,0.000159848784908943,0.00182416307915677,-0.00372939848706707,-0.000493522011810241,-0.00372939848706707,0.030681171227652
0.00422841835308328,0.000160571316306301,-0.000496549961880176,0.000160571316306301,0.0018256082601479,-0.0037357965233295,-0.000496549961880176,-0.0037357965233295,0.0308181818909755
0.00422686793804481,0.000161294676267103,-0.000499607599102868,0.000161294676267103,0.00182705552497494,-0.00374182577180039,-0.000499607599102868,-0.00374182577180039,0.0309486230106856
0.00422532117108858,0.000162018589585554,-0.000502741196836321,0.000162018589585554,0.00182850390870602,-0.00374873500389088,-0.000502741196836321,-0.00374873500389088,0.0311058000435488
0.00422377817165814,0.000162743668604545,-0.000505943132040313,0.000162743668604545,0.00182995533915348,-0.00375641689864308,-0.000505943132040313,-0.00375641689864308,0.0312834138196651
0.00422223922880905,0.000163471289170353,-0.000509207564848034,0.000163471289170353,0.00183141413693715,-0.00376466138490893,-0.000509207564848035,-0.00376466138490893,0.0314725674122216
0.00422070457820938,0.000164202385302104,-0.000512484998580947,0.000164202385302104,0.00183288318862451,-0.00377213442040489,-0.000512484998580948,-0.00377213442040489,0.0316365718078638
0.00421917386820447,0.000164935317216363,-0.000515833160460232,0.000164935317216363,0.00183435724737601,-0.00377991660353783,-0.000515833160460232,-0.00377991660353783,0.0318077804899683
0.00421764707277985,0.000165669902230663,-0.000519243921681347,0.000165669902230663,0.00183583566677368,-0.00378784537215107,-0.000519243921681347,-0.00378784537215107,0.0319810264937482
0.00421612398086047,0.000166404962156255,-0.000522650621754138,0.000166404962156255,0.00183731463043898,-0.00379485431208581,-0.000522650621754139,-0.00379485431208581,0.0321288724801592
0.00421460465275867,0.000167140823360261,-0.0005261305955899,0.000167140823360261,0.00183879499946957,-0.0038027550032952,-0.0005261305955899,-0.0038027550032952,0.0323023914463197
0.00421308876669018,0.000167875950664222,-0.000529606694699576,0.000167875950664222,0.00184027196246945,-0.0038104915818676,-0.000529606694699576,-0.0038104915818676,0.0324706864710393
0.00421157761762894,0.000168616132992451,-0.000533069964047469,0.000168616132992451,0.00184176345754112,-0.0038179199818884,-0.000533069964047469,-0.0038179199818884,0.0326285894912616
0.0042100700736325,0.00016935622759771,-0.000536511558165744,0.00016935622759771,0.0018432534644624,-0.00382476498115194,-0.000536511558165744,-0.00382476498115194,0.0327726156984958
0.00420856602248336,0.000170095676260399,-0.000539927480461223,0.000170095676260399,0.00184474011992295,-0.00383149307029032,-0.000539927480461223,-0.00383149307029032,0.0329177723620082
0.0042070662843565,0.000170838087079289,-0.000543292469625444,0.000170838087079289,0.00184623457185849,-0.00383778897594079,-0.000543292469625444,-0.00383778897594079,0.033054605003677
0.00420557130992744,0.000171585657065483,-0.000546697901859656,0.000171585657065483,0.00184774369755624,-0.00384481820773145,-0.000546697901859657,-0.00384481820773145,0.0332154770701391
0.00420408069110984,0.000172336829687378,-0.000550220901989098,0.000172336829687378,0.00184926284498884,-0.00385329329198829,-0.000550220901989098,-0.00385329329198829,0.0334174432332211
0.00420259338075688,0.000173086738286561,-0.000553709314376983,0.000173086738286561,0.0018507769386027,-0.00386049802651202,-0.000553709314376984,-0.00386049802651202,0.0335819719614518
0.00420110976520529,0.00017383697020009,-0.000557182877566266,0.00017383697020009,0.00185229065028191,-0.00386748487404499,-0.000557182877566266,-0.00386748487404499,0.0337436717713442
0.00419963083630756,0.000174592161607428,-0.000560776981561156,0.000174592161607428,0.00185381835437571,-0.00387652899324321,-0.000560776981561156,-0.00387652899324321,0.0339645781850512
0.00419815543550505,0.000175347399320232,-0.000564448097181284,0.000175347399320232,0.00185534509331494,-0.00388659026949497,-0.000564448097181284,-0.00388659026949497,0.0342079285574061
0.00419668422243473,0.000176105335747637,-0.000568051266457413,0.000176105335747637,0.00185687897548025,-0.00389541868972799,-0.000568051266457413,-0.00389541868972799,0.0344054644483371
0.00419521669906119,0.000176863644270107,-0.000571570859126751,0.000176863644270107,0.0018584126548716,-0.00390304848164387,-0.000571570859126751,-0.00390304848164387,0.0345669362973866
0.0041937535911806,0.000177625514259095,-0.000575078816734957,0.000177625514259095,0.00185995585792323,-0.00391092803226853,-0.000575078816734957,-0.00391092803226853,0.0347372628609606
0.00419229468025312,0.000178390137181809,-0.000578601036166539,0.000178390137181809,0.00186150618500109,-0.00391923785486348,-0.000578601036166539,-0.00391923785486348,0.0349207125125858
0.00419083986596459,0.000179157375359178,-0.00058222469680017,0.000179157375359178,0.00186306335184875,-0.00392942500829434,-0.00058222469680017,-0.00392942500829434,0.0351557138706212
0.00418938914777925,0.000179927352249158,-0.000585900412247133,0.000179927352249158,0.00186462790161055,-0.00394046047032417,-0.000585900412247133,-0.00394046047032417,0.0354030733771587
0.00418794258679147,0.000180700240045645,-0.000589547068726302,0.000180700240045645,0.00186620035369849,-0.00395087430944655,-0.000589547068726302,-0.00395087430944655,0.0356176404774412
0.00418650047414025,0.000181477453606108,-0.000593260814432015,0.000181477453606108,0.00186778504334779,-0.00396237465969723,-0.000593260814432015,-0.00396237465969723,0.0358503686052096
0.00418506207777392,0.000182255847073237,-0.00059697186629807,0.000182255847073237,0.00186937236976742,-0.00397364627890355,-0.00059697186629807,-0.00397364627890355,0.0360605855016737
0.00418362783029507,0.000183037194682022,-0.000600658106952066,0.000183037194682022,0.00187096767030397,-0.00398468737366863,-0.000600658106952066,-0.00398468737366863,0.036249581990205
0.00418219696248828,0.000183818315572304,-0.000604331031152876,0.000183818315572304,0.00187256121097568,-0.00399619995870723,-0.000604331031152876,-0.00399619995870723,0.0364389567431156
0.00418076947288245,0.000184599159682974,-0.000607902753383458,0.000184599159682974,0.00187415283599765,-0.004007555421736,-0.000607902753383459,-0.004007555421736,0.0366086424113058
0.00417934624872025,0.000185383451402818,-0.000611321662504192,0.000185383451402818,0.00187575393787746,-0.00401837476312882,-0.000611321662504192,-0.00401837476312882,0.0367478181883125
0.00417792794061086,0.000186174134986053,-0.000614624320367001,0.000186174134986053,0.00187737362778927,-0.00402896550413782,-0.000614624320367001,-0.00402896550413782,0.0368662544376043
0.00417651394966846,0.000186969003091284,-0.000617864494916328,0.000186969003091284,0.00187900535392588,-0.00403973195498213,-0.000617864494916328,-0.00403973195498213,0.0369760485771658
0.00417510382758117,0.00018776615853799,-0.000621000372907099,0.00018776615853799,0.00188064335164737,-0.00404948277621301,-0.000621000372907099,-0.00404948277621301,0.0370470838695328
0.00417369808148205,0.000188567843750358,-0.000624079738985344,0.000188567843750358,0.00188229445698364,-0.00405926453979451,-0.000624079738985344,-0.00405926453979451,0.0371097540069046
0.00417229607370246,0.000189371428285188,-0.000627090078252123,0.000189371428285188,0.00188395069045075,-0.00406841342821518,-0.000627090078252123,-0.00406841342821518,0.0371482201648926
0.00417089670869596,0.000190172151950559,-0.000629963237640116,0.000190172151950559,0.00188559741504482,-0.00407617839670389,-0.000629963237640117,-0.00407617839670389,0.0371497213448971
0.0041695009947504,0.000190974387844285,-0.000632735184329057,0.000190974387844285,0.00188724796148475,-0.004084888489593,-0.000632735184329057,-0.004084888489593,0.0371733669538561
0.00416810910349049,0.000191778737684109,-0.000635315525908434,0.000191778737684109,0.00188890422191373,-0.00409187924597777,-0.000635315525908434,-0.00409187924597777,0.0371492581820406
0.00416672118497711,0.000192585879631187,-0.000637738366200765,0.000192585879631187,0.0018905682217997,-0.00409791736569703,-0.000637738366200766,-0.00409791736569703,0.037104232058064
0.00416533683619497,0.00019339409099987,-0.00063999945740477,0.00019339409099987,0.00189223468190843,-0.0041023814573192,-0.00063999945740477,-0.0041023814573192,0.0370287533747256
0.00416395602294188,0.000194203547281582,-0.000642154393836972,0.000194203547281582,0.00189390425917944,-0.00410751022840367,-0.000642154393836972,-0.00410751022840367,0.0369809749098482
0.00416257850100734,0.000195013382476276,-0.000644184057537776,0.000195013382476276,0.00189557451087634,-0.00411238128703986,-0.000644184057537776,-0.00411238128703986,0.0369337276509908
0.00416120514025725,0.000195827332770307,-0.000646108208687323,0.000195827332770307,0.00189725688802916,-0.00411705899425584,-0.000646108208687324,-0.00411705899425584,0.0368867108893213
0.00415983612138075,0.000196646451120827,-0.000647985944112764,0.000196646451120827,0.00189895478687522,-0.00412188987996479,-0.000647985944112765,-0.00412188987996479,0.0368474882974491
0.00415847080040673,0.000197468223608425,-0.00064985725350955,0.000197468223608425,0.00190066069856181,-0.00412644623535544,-0.00064985725350955,-0.00412644623535544,0.0368050735911536
0.004157108491812,0.000198290139781787,-0.000651757875399503,0.000198290139781787,0.00190236717465153,-0.0041322891147146,-0.000651757875399503,-0.0041322891147146,0.0367977994571353
0.00415574956048023,0.000199113624057878,-0.000653665010365541,0.000199113624057878,0.00190407855143174,-0.00413779694335877,-0.000653665010365541,-0.00413779694335877,0.0367775901081669
0.00415439330366836,0.000199935653723805,-0.000655557075423356,0.000199935653723805,0.00190578554689674,-0.00414259021865004,-0.000655557075423356,-0.00414259021865004,0.0367382603434342
0.00415304043154328,0.00020075871243035,-0.000657389916321884,0.00020075871243035,0.00190749534526574,-0.00414531259841921,-0.000657389916321884,-0.00414531259841921,0.0366513239978321
0.00415169148979494,0.000201585032927373,-0.00065921326797639,0.000201585032927373,0.00190921454812893,-0.00414768187867292,-0.00065921326797639,-0.00414768187867292,0.0365668585608768
0.00415034554254148,0.000202410899574834,-0.000661057245071674,0.000202410899574834,0.00191093197096047,-0.00415026672387292,-0.000661057245071674,-0.00415026672387292,0.0365002928952974
0.00414900351655919,0.000203239984974172,-0.000662926859664486,0.000203239984974172,0.00191265864275526,-0.00415234851001649,-0.000662926859664486,-0.00415234851001649,0.0364308382854374
0.00414766522339944,0.000204071754177297,-0.000664902944161438,0.000204071754177297,0.00191439304112512,-0.00415562109239232,-0.000664902944161438,-0.00415562109239232,0.0364016823678984
0.00414633011454181,0.000204903784092548,-0.000666964124336761,0.000204903784092549,0.00191612780052424,-0.00415829352687609,-0.000666964124336761,-0.00415829352687609,0.0363629837901889
0.00414499740361621,0.000205732860337325,-0.000669130446369527,0.000205732860337325,0.00191785309937417,-0.00416165933083492,-0.000669130446369527,-0.00416165933083492,0.0363507452846117
0.0041436675896389,0.000206560572447281,-0.000671287901839852,0.000206560572447281,0.00191957345449896,-0.00416333676987693,-0.000671287901839852,-0.00416333676987693,0.0363010959660554
0.00414234063254131,0.000207386881616995,-0.000673523307027231,0.000207386881616995,0.00192128864516046,-0.00416626126233883,-0.000673523307027231,-0.00416626126233883,0.0362959310496084
0.0041410172084052,0.000208214496701916,-0.000675801629244013,0.000208214496701916,0.00192300687587169,-0.00416941559262873,-0.000675801629244013,-0.00416941559262873,0.0363011521541844
0.00413969644457141,0.000209039816724313,-0.000678090722668137,0.000209039816724314,0.00192471726139309,-0.00417223958067952,-0.000678090722668137,-0.00417223958067952,0.0363024584930256
0.00413837889950388,0.000209865051405892,-0.000680394343706458,0.000209865051405892,0.00192642636939202,-0.0041752977952096,-0.000680394343706458,-0.0041752977952096,0.0363149586766295
0.0041370646483136,0.000210690505654096,-0.000682702615860978,0.000210690505654096,0.001928135127113,-0.0041784236237639,-0.000682702615860978,-0.0041784236237639,0.0363326851839324
0.00413575341433825,0.000211514887367301,-0.000684949589761684,0.000211514887367301,0.00192983955557737,-0.00418040468333765,-0.000684949589761684,-0.00418040468333765,0.0363245017692223
0.00413444584224768,0.000212340605271014,-0.000687135738365813,0.000212340605271014,0.00193154671096198,-0.00418135878185311,-0.000687135738365813,-0.00418135878185311,0.0362987023469736
0.00413314183722754,0.000213167588686299,-0.000689398174645042,0.000213167588686299,0.00193325648607064,-0.00418387284469519,-0.000689398174645042,-0.00418387284469519,0.0363282711211227
0.00413184093311176,0.000213993992027897,-0.000691672330025999,0.000213993992027897,0.00193496347162209,-0.00418631955274938,-0.000691672330025999,-0.00418631955274938,0.0363620820647175
0.00413054343404232,0.000214821299382956,-0.000694057898963431,0.000214821299382956,0.00193667223950676,-0.00419072599642775,-0.000694057898963431,-0.00419072599642775,0.0364548237340241
0.00412924853509319,0.000215646221864327,-0.000696424026930704,0.000215646221864327,0.00193837302129289,-0.00419462050019509,-0.000696424026930704,-0.00419462050019509,0.0365294249403737
0.00412795696102993,0.000216471394069666,-0.000698713995049314,0.000216471394069666,0.00194007351896364,-0.0041974462121427,-0.000698713995049314,-0.0041974462121427,0.0365736917584323
0.00412666967347226,0.000217300703910337,-0.000701011460298298,0.000217300703910337,0.00194178533738253,-0.00420054331201075,-0.000701011460298298,-0.00420054331201075,0.0366290508483236
0.00412538612472055,0.000218132249844881,-0.000703389762782715,0.000218132249844881,0.00194350296322533,-0.00420460271676534,-0.000703389762782715,-0.00420460271676534,0.0367140295892254
0.00412410620644485,0.000218965554256646,-0.000705806181577121,0.000218965554256646,0.00194522499021343,-0.00420833392986009,-0.000705806181577121,-0.00420833392986009,0.0367884277424679
0.00412282934971794,0.000219798318190078,-0.000708271721340936,0.000219798318190078,0.00194694446359322,-0.00421196539724385,-0.000708271721340936,-0.00421196539724385,0.036862345379574
0.0041215555239692,0.00022063043726142,-0.00071081713354214,0.00022063043726142,0.00194866102702993,-0.00421631747449424,-0.00071081713354214,-0.00421631747449424,0.0369596679234089
0.00412028435347042,0.000221460608387462,-0.000713479261146756,0.000221460608387462,0.00195037089950978,-0.00422240254605547,-0.000713479261146756,-0.00422240254605547,0.0371052342277187
0.0041190163755688,0.00022229071675194,-0.000716081854004021,0.00022229071675194,0.00195207967635397,-0.00422763056151955,-0.000716081854004021,-0.00422763056151955,0.0372159045644751
0.00411775119807853,0.000223119098970335,-0.000718594913585548,0.000223119098970335,0.00195378227135016,-0.00423204972402301,-0.000718594913585548,-0.00423204972402301,0.0373004657174866
0.00411648963778258,0.000223948798916284,-0.000720995802342368,0.000223948798916284,0.00195548763309435,-0.00423561997438897,-0.000720995802342368,-0.00423561997438897,0.0373621180804416
0.00411523088921458,0.000224777013247218,-0.000723397947586184,0.000224777013247218,0.00195718758703318,-0.00424066109295433,-0.000723397947586184,-0.00424066109295433,0.0374710209622127
0.00411397572696772,0.000225606682938574,-0.000725675977349734,0.000225606682938574,0.00195889098857887,-0.00424505106729372,-0.000725675977349734,-0.00424505106729372,0.0375579069936574
0.00411272403714726,0.00022643752417924,-0.000727866644224762,0.00022643752417924,0.00196059708461283,-0.00424948312854961,-0.000727866644224762,-0.00424948312854961,0.0376464757767451
0.00411147676292218,0.000227273699501699,-0.000730095805694627,0.000227273699501699,0.00196231858251945,-0.00425611721658405,-0.000730095805694628,-0.00425611721658405,0.0377948935633534
0.00411023276409422,0.000228110758968332,-0.000732222634771616,0.000228110758968333,0.0019640424103791,-0.00426112435878357,-0.000732222634771616,-0.00426112435878357,0.0378845800368849
0.00410899201705391,0.000228948650773434,-0.000734304636755847,0.000228948650773434,0.0019657683283496,-0.00426605996808234,-0.000734304636755847,-0.00426605996808234,0.0379704278754994
0.00410775500772184,0.000229789212645952,-0.000736325969170581,0.000229789212645952,0.00196750176764167,-0.00427034815209924,-0.000736325969170581,-0.00427034815209924,0.0380366901941207
0.00410652170966003,0.000230632657039785,-0.000738387299926451,0.000230632657039785,0.00196924350909476,-0.00427581440826702,-0.000738387299926451,-0.00427581440826702,0.0381379810389612
0.00410529167916143,0.000231477560450074,-0.000740513978822153,0.000231477560450074,0.00197098958148715,-0.00428252711115997,-0.000740513978822154,-0.00428252711115997,0.0382692463657172
0.00410406513446136,0.00023232458992002,-0.000742618987789917,0.00023232458992002,0.00197274191084345,-0.00428818430274847,-0.000742618987789917,-0.00428818430274847,0.038359025101772
0.00410284182773968,0.000233172928567077,-0.000744780025150962,0.000233172928567077,0.00197449806065953,-0.00429458258137131,-0.000744780025150962,-0.00429458258137131,0.0384650813624458
0.0041016220790302,0.00023402397822441,-0.000747025214707303,0.00023402397822441,0.00197626230720891,-0.0043020942096198,-0.000747025214707303,-0.0043020942096198,0.0385921343470149
0.00410040615709424,0.000234878678479711,-0.00074930725690018,0.000234878678479711,0.00197803740494656,-0.0043090574611291,-0.00074930725690018,-0.0043090574611291,0.0386879531707574
0.00409919304661442,0.000235733054678918,-0.000751635065192309,0.000235733054678918,0.00197981145500691,-0.00431565679945856,-0.000751635065192309,-0.00431565679945856,0.0387645738424213
0.00409798277376894,0.000236587184467446,-0.000754019928761436,0.000236587184467446,0.001981584594006,-0.0043227379107145,-0.000754019928761436,-0.0043227379107145,0.0388472122123553
0.00409677500401886,0.000237439842537284,-0.000756443149857742,0.000237439842537284,0.00198335322973705,-0.00433059814999415,-0.000756443149857742,-0.00433059814999415,0.0389404210360461
0.00409557081709963,0.000238295036355031,-0.000758823743216547,0.000238295036355032,0.00198512916571093,-0.00433807212312105,-0.000758823743216547,-0.00433807212312105,0.0390066928098815
0.00409436925163282,0.000239148915769478,-0.000761089931985432,0.000239148915769478,0.0019869008788862,-0.00434400579377244,-0.000761089931985432,-0.00434400579377244,0.0390220881805012
0.00409317109491995,0.000240004433884186,-0.000763274515824961,0.000240004433884186,0.00198867697008064,-0.00434965077007159,-0.000763274515824961,-0.00434965077007159,0.0390272334655512
0.00409197553042069,0.000240858411657341,-0.000765326445128139,0.000240858411657341,0.00199044801217158,-0.00435419260404142,-0.000765326445128139,-0.00435419260404142,0.0390043892209805
0.00409078356888478,0.000241714738314019,-0.000767281063375674,0.000241714738314019,0.00199222547740759,-0.00435870968895891,-0.000767281063375674,-0.00435870968895891,0.0389846306393218
0.0040895946417341,0.000242571314477784,-0.000769118229042727,0.000242571314477784,0.00199400324087809,-0.00436249915152171,-0.000769118229042727,-0.00436249915152171,0.0389503022665878
0.0040884099090001,0.000243432741232979,-0.00077090677765066,0.000243432741232979,0.00199579498083477,-0.00436672925358823,-0.00077090677765066,-0.00436672925358823,0.0389319715593831
0.00408722836731918,0.000244295270782549,-0.000772631527850867,0.00024429527078255,0.00199758972165466,-0.00437003470253163,-0.000772631527850867,-0.00437003470253163,0.0388934819260175
0.0040860501619464,0.000245159510616276,-0.000774336079759674,0.000245159510616276,0.001999389229229,-0.00437327273363366,-0.000774336079759674,-0.00437327273363366,0.0388611052259333
0.00408487502515915,0.000246024639822115,-0.000776065547166966,0.000246024639822116,0.00200119120562995,-0.00437722142523037,-0.000776065547166966,-0.00437722142523037,0.0388541533997507
0.0040837029405925,0.000246890380101654,-0.000777745496764936,0.000246890380101654,0.0020029947242198,-0.00437976952472479,-0.000777745496764936,-0.00437976952472479,0.0388141880746156
0.00408253403882932,0.000247757335853677,-0.000779457400841819,0.000247757335853677,0.00200480153046381,-0.00438286707393277,-0.000779457400841819,-0.00438286707393277,0.0387988740743946
0.00408136790910723,0.000248624113323919,-0.000781221927848891,0.000248624113323919,0.00200660765119091,-0.00438677136119189,-0.000781221927848891,-0.00438677136119189,0.0388111403902962
0.00408020449770823,0.000249490580676324,-0.00078302468159362,0.000249490580676324,0.00200841277953349,-0.00439124535479555,-0.00078302468159362,-0.00439124535479555,0.0388389828822482
0.00407904338957963,0.000250355167146,-0.000784824371236498,0.000250355167146,0.00201021231409164,-0.00439582620803918,-0.000784824371236498,-0.00439582620803918,0.038866727780868
0.00407788482077968,0.000251218312818418,-0.00078647674728641,0.000251218312818419,0.00201200725683074,-0.00439796725377184,-0.00078647674728641,-0.00439796725377184,0.0388284886582941
0.00407672954479328,0.000252082727506853,-0.000788036983734973,0.000252082727506853,0.00201380534087579,-0.00439924809040376,-0.000788036983734973,-0.00439924809040376,0.0387792180723339
0.00407557812543261,0.000252950679625608,-0.000789579774622406,0.000252950679625608,0.00201561328708366,-0.00440069449619857,-0.000789579774622406,-0.00440069449619857,0.0387488243805305
0.00407442947101554,0.000253818257550346,-0.000791139255871036,0.000253818257550346,0.00201741975111915,-0.00440243896112358,-0.000791139255871037,-0.00440243896112358,0.0387406986485041
0.00407328364805356,0.000254685907199713,-0.000792756210370669,0.000254685907199713,0.00201922618602774,-0.0044053466126943,-0.000792756210370669,-0.0044053466126943,0.0387756533184572
0.00407213960661153,0.000255549473948258,-0.00079430530914629,0.000255549473948258,0.00202102032942786,-0.00440694286682502,-0.00079430530914629,-0.00440694286682502,0.0387805101240099
0.00407099788703628,0.000256411024284826,-0.000795827422173242,0.000256411024284826,0.00202280819253894,-0.00440925072964861,-0.000795827422173242,-0.00440925072964861,0.038817860435169
0.00406985856421024,0.000257270745674987,-0.000797241665774871,0.000257270745674987,0.00202459034673772,-0.00441087637291302,-0.000797241665774871,-0.00441087637291302,0.0388439526967353
0.00406872212452612,0.000258130561389696,-0.000798572574041904,0.000258130561389696,0.00202637249852459,-0.00441278172021016,-0.000798572574041904,-0.00441278172021016,0.0388889855740517
0.00406758842110509,0.000258990387795501,-0.000799874052241176,0.000258990387795501,0.00202815478005993,-0.00441650219582755,-0.000799874052241177,-0.00441650219582755,0.0389949165385312
0.00406645807730981,0.000259852741287032,-0.000801105717095082,0.000259852741287032,0.00202994485581255,-0.00442055379744158,-0.000801105717095082,-0.00442055379744158,0.0391055579758597
0.00406533064939434,0.00026071626213227,-0.000802289674814688,0.00026071626213227,0.00203173898212801,-0.00442515338792983,-0.000802289674814688,-0.00442515338792983,0.039225965840109
0.00406420598409006,0.000261580387306372,-0.000803394205219705,0.000261580387306372,0.00203353556322733,-0.00442913205299221,-0.000803394205219705,-0.00442913205299221,0.0393196330487944
0.00406308427018371,0.000262446231733617,-0.000804476648247451,0.000262446231733617,0.00203533812205,-0.00443467933881537,-0.000804476648247451,-0.00443467933881537,0.0394538198877392
0.00406196504301927,0.000263312270050975,-0.000805509353258115,0.000263312270050975,0.00203714245076637,-0.00444058077506417,-0.000805509353258115,-0.00444058077506417,0.0395828088810064
0.0040608496666944,0.000264183660495222,-0.000806498641155908,0.000264183660495222,0.00203896373152353,-0.00444641846731059,-0.000806498641155909,-0.00444641846731059,0.0396907680059959
0.00405973721955762,0.00026505697483276,-0.000807466642538498,0.00026505697483276,0.00204079189855319,-0.00445128194494359,-0.000807466642538498,-0.00445128194494359,0.0397562037445641
0.00405862652331431,0.00026592789275063,-0.000808414802061896,0.00026592789275063,0.00204261426434419,-0.00445618540664656,-0.000808414802061896,-0.00445618540664656,0.0398170131770071
0.00405751857435641,0.00026679987327153,-0.000809294918091189,0.00026679987327153,0.0020444407664074,-0.00445990608772145,-0.000809294918091189,-0.00445990608772145,0.0398387103324416
0.0040564127466919,0.000267670599544937,-0.000810109073070789,0.000267670599544937,0.00204626455079569,-0.00446319230700022,-0.000810109073070789,-0.00446319230700022,0.0398511536042536
0.00405531009050581,0.000268544021647405,-0.00081086434027182,0.000268544021647405,0.00204809718875108,-0.00446636047679623,-0.00081086434027182,-0.00446636047679623,0.0398637008870099
0.00405420973670685,0.000269417213990823,-0.000811588564264903,0.000269417213990823,0.00204993033716074,-0.0044702555944596,-0.000811588564264904,-0.0044702555944596,0.0399005756211005
0.00405311119731569,0.000270288492751607,-0.000812258353142064,0.000270288492751607,0.00205175921643738,-0.00447446256929998,-0.000812258353142064,-0.00447446256929998,0.039945032825689
0.0040520151823449,0.000271160430438326,-0.000812844932986791,0.000271160430438326,0.00205359133433243,-0.00447809632666361,-0.000812844932986791,-0.00447809632666361,0.0399691962934402
0.00405092103546044,0.000272030684364441,-0.000813337380482571,0.000272030684364441,0.00205541987956523,-0.00448155461914366,-0.000813337380482571,-0.00448155461914366,0.0399886340549437
0.00404983074878777,0.000272906646706725,-0.000813753036715529,0.000272906646706725,0.00205726647816457,-0.00448442681181995,-0.000813753036715529,-0.00448442681181995,0.0399900278710693
0.00404874335929642,0.000273784904108779,-0.000814152146710093,0.000273784904108779,0.00205912121989967,-0.00448694188243936,-0.000814152146710093,-0.00448694188243936,0.0399852218257259
0.00404765766807348,0.000274661153357416,-0.000814541778908587,0.000274661153357416,0.00206097159607288,-0.00448978234196818,-0.000814541778908587,-0.00448978234196818,0.0399965338814965
0.00404657438933087,0.000275537950273631,-0.000814910493489194,0.000275537950273631,0.0020628250161112,-0.00449212482611481,-0.000814910493489194,-0.00449212482611481,0.0399975779882423
0.00404549285591937,0.000276413166244709,-0.000815253883590533,0.000276413166244709,0.00206467547415938,-0.00449576428495267,-0.000815253883590534,-0.00449576428495267,0.0400414494137879
0.00404441405948938,0.000277290491546505,-0.000815574568351333,0.000277290491546506,0.00206653385075333,-0.00449922835290901,-0.000815574568351333,-0.00449922835290901,0.040075734458877
0.00404333733443227,0.00027816746284614,-0.00081588354148324,0.00027816746284614,0.00206839292279499,-0.00450235256828555,-0.00081588354148324,-0.00450235256828555,0.0400985914534366
0.00404226299031692,0.000279045507823595,-0.000816179144421748,0.000279045507823596,0.00207025703645537,-0.0045064976622473,-0.000816179144421749,-0.0045064976622473,0.0401490845227577
0.0040411906468368,0.000279923219106652,-0.000816469034326274,0.000279923219106652,0.00207212213454955,-0.00451042999005581,-0.000816469034326275,-0.00451042999005581,0.0401858064358226
0.00404012100966717,0.000280803214881105,-0.000816757675080414,0.000280803214881105,0.00207399583587659,-0.00451414777863616,-0.000816757675080414,-0.00451414777863616,0.0402096887193735
0.00403905336041087,0.000281682967758196,-0.000817055769303371,0.000281682967758196,0.00207587082250013,-0.00451826766783869,-0.000817055769303371,-0.00451826766783869,0.0402401664066195
0.00403798820919606,0.000282564119402231,-0.000817370059377815,0.000282564119402231,0.00207775170366934,-0.00452118613865591,-0.000817370059377815,-0.00452118613865591,0.0402308309435018
0.00403692581856958,0.000283447892810871,-0.000817718305756224,0.000283447892810871,0.00207964214032487,-0.00452503844176185,-0.000817718305756224,-0.00452503844176185,0.0402475417986755
0.00403586498054049,0.000284329809188269,-0.000818115277551508,0.000284329809188269,0.00208152908134481,-0.0045290454503382,-0.000818115277551509,-0.0045290454503382,0.0402637126136657
0.00403480607441788,0.00028521101709076,-0.000818533552700175,0.00028521101709076,0.00208341564760852,-0.00453207299102846,-0.000818533552700175,-0.00453207299102846,0.0402479692148815
0.00403375003051799,0.000286095022010481,-0.000818979489680258,0.000286095022010481,0.00208531203184934,-0.00453525005697159,-0.000818979489680258,-0.00453525005697159,0.0402362174694885
0.0040326964861504,0.000286980389159247,-0.000819485747852754,0.000286980389159247,0.00208721396970048,-0.00453804019885765,-0.000819485747852755,-0.00453804019885765,0.0402137878113498
0.00403164438504632,0.000287863163295138,-0.000820047922625467,0.000287863163295138,0.00208910980944534,-0.00454102175187458,-0.000820047922625467,-0.00454102175187458,0.0402001407608792
0.00403059510624674,0.000288748370567706,-0.00082065841042227,0.000288748370567706,0.00209101413938067,-0.0045436872269326,-0.00082065841042227,-0.0045436872269326,0.0401781388192239
0.00402954666986893,0.000289628668247183,-0.000821311427998102,0.000289628668247183,0.00209290544922348,-0.00454676524137283,-0.000821311427998103,-0.00454676524137283,0.0401718356964395
0.00402850013299967,0.000290507693039161,-0.000821942681794119,0.000290507693039162,0.00209479412601188,-0.00454861798630964,-0.000821942681794119,-0.00454861798630964,0.0401331619980807
0.0040274562577406,0.000291388362660359,-0.000822563458336426,0.000291388362660359,0.00209668867049196,-0.00455066625830541,-0.000822563458336427,-0.00455066625830541,0.0401068282999367
0.00402641472500216,0.000292269507035755,-0.000823193172528569,0.000292269507035755,0.00209858569100376,-0.00455258326894873,-0.000823193172528569,-0.00455258326894873,0.0400824852380574
0.00402537549715315,0.000293150843410071,-0.000823835323199698,0.000293150843410071,0.00210048423685908,-0.00455378368891973,-0.000823835323199698,-0.00455378368891973,0.0400453100480623
0.00402433816865171,0.000294030748949707,-0.000824488446687557,0.000294030748949707,0.00210237941397566,-0.00455448485423685,-0.000824488446687558,-0.00455448485423685,0.0400064937629611
0.00402330288100125,0.000294909901490058,-0.000825160138572978,0.000294909901490058,0.00210427326236455,-0.00455592900707607,-0.000825160138572978,-0.00455592900707607,0.0400021154004552
0.00402227028542871,0.000295790571810335,-0.000825847917952276,0.000295790571810336,0.00210617235595137,-0.0045566151994979,-0.000825847917952276,-0.0045566151994979,0.0399842338918042
0.00402123996057597,0.000296671304001123,-0.000826589612142507,0.000296671304001123,0.0021080724641788,-0.00455789030697806,-0.000826589612142507,-0.00455789030697806,0.0399962533031373
0.00402021098731242,0.000297548771258481,-0.000827381090192389,0.000297548771258481,0.00210996394267725,-0.00455984585538772,-0.000827381090192389,-0.00455984585538772,0.040037746786526
0.00401918494578404,0.000298428832172246,-0.000828211080445587,0.000298428832172246,0.00211186391476942,-0.00456186783114204,-0.000828211080445587,-0.00456186783114204,0.0400838199286393
0.00401816071218384,0.000299307327264434,-0.000829099137934074,0.000299307327264434,0.00211376023281273,-0.00456412360748116,-0.000829099137934074,-0.00456412360748116,0.0401411865430532
0.00401713931289917,0.000300188008300929,-0.000830044243520477,0.000300188008300929,0.00211566379520774,-0.004566304101971,-0.000830044243520477,-0.004566304101971,0.0401982843795765
0.00401612056298146,0.000301070271512496,-0.000831095942981602,0.000301070271512497,0.00211757287975193,-0.00456919764412464,-0.000831095942981602,-0.00456919764412464,0.0402798962036334
0.00401510400722399,0.00030195259654417,-0.000832295426245531,0.00030195259654417,0.00211948317902884,-0.00457351718348211,-0.000832295426245531,-0.00457351718348211,0.0404030566260498
0.00401408957971193,0.000302834690041127,-0.000833620398160787,0.000302834690041127,0.00212139383073278,-0.00457825400540019,-0.000833620398160787,-0.00457825400540019,0.0405278735337233
0.00401307736294817,0.000303716653411086,-0.000835032408580177,0.000303716653411086,0.00212330493834077,-0.00458255179783064,-0.000835032408580177,-0.00458255179783064,0.0406279867100687
0.00401206805277265,0.000304600776001719,-0.000836509298136684,0.000304600776001719,0.00212522288931076,-0.00458583411985339,-0.000836509298136684,-0.00458583411985339,0.0406919614026894
0.0040110597948829,0.000305480187264324,-0.000838090098473427,0.000305480187264324,0.00212712750845786,-0.00458979969613166,-0.000838090098473427,-0.00458979969613166,0.0407812002107763
0.00401005349007509,0.000306358104376301,-0.00083968487282043,0.000306358104376302,0.00212902805411509,-0.00459349222549024,-0.00083968487282043,-0.00459349222549024,0.0408617229299552
0.00400904974482596,0.00030723666595086,-0.000841266485089227,0.00030723666595086,0.00213093064174307,-0.00459667325364104,-0.000841266485089227,-0.00459667325364104,0.0409286991367706
0.00400804870520843,0.000308116643302548,-0.000842911271935629,0.000308116643302548,0.00213283764122249,-0.00460110086779976,-0.00084291127193563,-0.00460110086779976,0.0410374258014673
0.00400705021755714,0.000308997701092945,-0.000844641293349138,0.000308997701092946,0.00213474830838295,-0.00460686222897285,-0.000844641293349138,-0.00460686222897285,0.0411806921358168
0.00400605453076035,0.000309880698213038,-0.000846407803547573,0.000309880698213038,0.00213666516540279,-0.00461241819514558,-0.000846407803547573,-0.00461241819514558,0.0413025386775508
0.00400506051402823,0.000310761400478459,-0.00084819891014968,0.000310761400478459,0.00213857577616131,-0.00461785697674571,-0.000848198910149681,-0.00461785697674571,0.0414107689870227
0.00400406957305337,0.00031164495216778,-0.000849988725340932,0.00031164495216778,0.00214049505223686,-0.00462313586282755,-0.000849988725340932,-0.00462313586282755,0.0415038905383496
0.00400308219783172,0.000312533177294964,-0.000851824876374969,0.000312533177294964,0.00214242831016622,-0.0046284405414772,-0.000851824876374969,-0.0046284405414772,0.0415887202380803
0.00400209688323668,0.000313420479946157,-0.000853733030271802,0.000313420479946157,0.00214435920233807,-0.00463376957805574,-0.000853733030271802,-0.00463376957805574,0.0416682930177274
0.00400111382974173,0.000314307426928929,-0.000855657420419518,0.000314307426928929,0.00214628919564719,-0.00463848464489853,-0.000855657420419518,-0.00463848464489853,0.0417249757256775
0.0040001330642984,0.000315194068953484,-0.000857600898001037,0.000315194068953484,0.00214821832102282,-0.0046431279275596,-0.000857600898001037,-0.0046431279275596,0.0417794826553512
0.00399915531496832,0.000316083174592289,-0.000859596229393253,0.000316083174592289,0.00215015467045173,-0.00464839146714344,-0.000859596229393254,-0.00464839146714344,0.0418502564282365
0.00399817974417978,0.000316971513054934,-0.000861584209190398,0.000316971513054934,0.00215208875806897,-0.00465284896496744,-0.000861584209190398,-0.00465284896496744,0.0418936474957338
0.00399720696590029,0.000317861386249116,-0.00086360980747033,0.000317861386249116,0.00215402722775609,-0.00465772437803812,-0.00086360980747033,-0.00465772437803812,0.0419496125268959
0.00399623567282843,0.000318747802303689,-0.000865579675680085,0.000318747802303689,0.00215595543001893,-0.00466145850735838,-0.000865579675680086,-0.00466145850735838,0.0419731792494694
0.00399526732754087,0.000319636056075752,-0.000867493230762366,0.000319636056075752,0.00215788861074142,-0.00466474900679676,-0.000867493230762366,-0.00466474900679676,0.0419906573961517
0.00399430201224164,0.000320526601159683,-0.000869426037361172,0.000320526601159683,0.00215982818708742,-0.00466862019920389,-0.000869426037361172,-0.00466862019920389,0.0420332490469418
0.00399333974463111,0.000321419379851651,-0.000871340533614408,0.000321419379851651,0.00216177395114349,-0.00467163970261652,-0.000871340533614408,-0.00467163970261652,0.0420552287319462
0.00399238012872785,0.000322312799822026,-0.000873259521599967,0.000322312799822026,0.00216372111911781,-0.00467391393556275,-0.000873259521599967,-0.00467391393556275,0.042067421048868
0.00399142306072797,0.000323206495423557,-0.000875247298015864,0.000323206495423557,0.00216566857274094,-0.00467655725148677,-0.000875247298015865,-0.00467655725148677,0.0421076826569541
0.0039904689235424,0.000324102173442541,-0.000877432171201273,0.000324102173442541,0.00216762147862232,-0.00468151693541518,-0.000877432171201273,-0.00468151693541518,0.0422296107644214
0.00398951703883468,0.000324997182894161,-0.000879674045561889,0.000324997182894161,0.00216957213143392,-0.00468589001588989,-0.000879674045561889,-0.00468589001588989,0.042328241406163
0.00398856707868648,0.000325890261486487,-0.000881980900038055,0.000325890261486488,0.00217151671941711,-0.00469039585196558,-0.000881980900038055,-0.00469039585196558,0.0424322058963152
0.00398762009580953,0.000326785172406307,-0.000884323660589032,0.000326785172406307,0.00217346605964244,-0.00469486896576375,-0.000884323660589033,-0.00469486896576375,0.0425344357442608
0.00398667528644222,0.0003276789757915,-0.000886709699527658,0.0003276789757915,0.00217541159650962,-0.00469942394791948,-0.000886709699527658,-0.00469942394791948,0.0426407250015812
0.00398573294306968,0.000328572705245952,-0.000889113831091751,0.000328572705245952,0.00217735627031317,-0.0047040309824865,-0.000889113831091752,-0.0047040309824865,0.04274949550996
0.00398479388588897,0.000329469362698378,-0.000891555737477506,0.000329469362698378,0.00217930877654687,-0.00470893437410399,-0.000891555737477506,-0.00470893437410399,0.0428667480180597
0.00398385682843634,0.000330364106415869,-0.000893944764574547,0.000330364106415869,0.00218125498660488,-0.00471262766942623,-0.000893944764574547,-0.00471262766942623,0.0429474658496057
0.00398292244147879,0.000331259318399037,-0.000896319614001948,0.000331259318399037,0.00218320165563338,-0.00471619548426827,-0.000896319614001948,-0.00471619548426827,0.0430347762278951
0.0039819904687349,0.000332154193260016,-0.000898729927945123,0.000332154193260016,0.00218514652943021,-0.00472045996385959,-0.000898729927945123,-0.00472045996385959,0.0431552791858309
0.00398106120640539,0.000333049767718231,-0.000901105481580409,0.000333049767718231,0.00218709261851137,-0.00472441725273207,-0.00090110548158041,-0.00472441725273207,0.0432711468726503
0.00398013451346166,0.000333945617638395,-0.000903487736876171,0.000333945617638395,0.00218903874042791,-0.00472874479366123,-0.000903487736876172,-0.00472874479366123,0.0434070531052342
0.0039792111938,0.000334844818253005,-0.000905935630869235,0.000334844818253005,0.00219099392643149,-0.00473415757476961,-0.000905935630869235,-0.00473415757476961,0.0435812554108125
0.00397829017517812,0.00033574351248726,-0.000908389555815447,0.000335743512487261,0.0021929471088638,-0.00473937918152928,-0.000908389555815447,-0.00473937918152928,0.0437452657956022
0.00397737132345189,0.000336641162782812,-0.000910810253657824,0.000336641162782812,0.0021948966606085,-0.00474428314402017,-0.000910810253657825,-0.00474428314402017,0.04389861081449
0.00397645441431069,0.000337537027238816,-0.000913191741921097,0.000337537027238816,0.00219684045977829,-0.00474941972418325,-0.000913191741921097,-0.00474941972418325,0.0440631822393146
0.00397554144071452,0.00033843838753801,-0.00091555377289062,0.00033843838753801,0.00219879962501608,-0.00475519161631656,-0.00091555377289062,-0.00475519161631656,0.044246456114475
0.00397463193810217,0.000339343770817136,-0.000917959677783939,0.000339343770817136,0.00220077011319783,-0.00476153385494641,-0.000917959677783939,-0.00476153385494641,0.0444413122174156
0.00397372547117456,0.000340251515123494,-0.000920374675844873,0.000340251515123494,0.00220274708413296,-0.00476718570478691,-0.000920374675844874,-0.00476718570478691,0.0446035625173744
0.00397282176103399,0.000341160480035425,-0.000922812542084934,0.000341160480035425,0.00220472707769707,-0.00477221702596817,-0.000922812542084934,-0.00477221702596817,0.0447455963285834
0.00397191985809142,0.000342067329163741,-0.000925336343368148,0.000342067329163741,0.00220670045710981,-0.004777933643287,-0.000925336343368149,-0.004777933643287,0.0449191685010924
0.00397102019700209,0.000342973667480065,-0.00092790265954308,0.000342973667480065,0.0022086718743468,-0.00478430476632263,-0.000927902659543081,-0.00478430476632263,0.0451162510903854
0.00397012223778105,0.000343877617139245,-0.000930439749857065,0.000343877617139245,0.0022106359813643,-0.0047908693106096,-0.000930439749857066,-0.0047908693106096,0.0453164764983143
0.00396922714430399,0.000344783391160469,-0.000932901652931648,0.000344783391160469,0.00221260495624242,-0.00479764105361365,-0.000932901652931649,-0.00479764105361365,0.0455167401673155
0.00396833537622145,0.000345692863029736,-0.000935333574076162,0.000345692863029736,0.00221458440053884,-0.00480517808693268,-0.000935333574076163,-0.00480517808693268,0.0457325552713939
0.00396744682985745,0.000346605684849657,-0.000937696828307901,0.000346605684849657,0.002216573387325,-0.00481215559397527,-0.000937696828307902,-0.00481215559397527,0.0459127381076345
0.00396656048871457,0.000347518341467461,-0.000940032975289021,0.000347518341467461,0.00221856186067782,-0.00481922767082548,-0.000940032975289021,-0.00481922767082548,0.0460882446315152
0.00396567702877032,0.000348433247581998,-0.000942308948126665,0.000348433247581998,0.00222055676545187,-0.00482613217650211,-0.000942308948126666,-0.00482613217650211,0.0462488034967148
0.00396479665720621,0.000349351309480711,-0.000944579015736918,0.000349351309480711,0.00222256083215958,-0.00483360609943571,-0.000944579015736919,-0.00483360609943571,0.0464199729602885
0.00396391897022934,0.000350271224955263,-0.000946856051762531,0.000350271224955263,0.00222457045263036,-0.00484147385639074,-0.000946856051762531,-0.00484147385639074,0.0465901175786027
0.0039630448940656,0.000351196267728707,-0.000949136232170086,0.000351196267728707,0.00222659502064286,-0.0048491927451324,-0.000949136232170087,-0.0048491927451324,0.0467362797115729
0.00396217377729201,0.00035212406565217,-0.00095145766237346,0.00035212406565217,0.00222862765254811,-0.00485651557536691,-0.00095145766237346,-0.00485651557536691,0.0468554014229318
0.00396130495468037,0.000353052249214305,-0.000953856693836719,0.000353052249214305,0.00223066147691197,-0.00486406843985389,-0.00095385669383672,-0.00486406843985389,0.0469742063508004
0.00396043921908759,0.000353983508864753,-0.000956302942986377,0.000353983508864753,0.0022327040787788,-0.00487137423194285,-0.000956302942986377,-0.00487137423194285,0.0470745482176196
0.00395957644450584,0.000354917348766127,-0.000958840601955822,0.000354917348766127,0.00223475394477891,-0.00487878189116395,-0.000958840601955822,-0.00487878189116395,0.0471714158667318
0.00395871568224198,0.000355850349424394,-0.000961469124754035,0.000355850349424395,0.00223680117515804,-0.00488628441534315,-0.000961469124754036,-0.00488628441534315,0.0472658229003972
0.00395785830782329,0.000356787247457982,-0.000964158523393857,0.000356787247457982,0.00223885918808648,-0.00489366654822281,-0.000964158523393857,-0.00489366654822281,0.0473483886451456
0.00395700338907349,0.000357724826785277,-0.000966997222565168,0.000357724826785277,0.00224091878372156,-0.00490195955354968,-0.000966997222565168,-0.00490195955354968,0.0474539263813239
0.00395615116374674,0.000358663691248362,-0.000969859642281375,0.000358663691248362,0.00224298149134135,-0.004909374729347,-0.000969859642281375,-0.004909374729347,0.0475181354475404
0.00395530075406256,0.000359600795867918,-0.000972816494896885,0.000359600795867919,0.00224503853155255,-0.00491750692065744,-0.000972816494896886,-0.00491750692065744,0.0476014902702019
0.00395445334826897,0.000360540255976797,-0.000975772789141893,0.000360540255976797,0.00224710161877651,-0.0049255521388765,-0.000975772789141893,-0.0049255521388765,0.0476688007938519
0.00395360974355225,0.000361484810408397,-0.000978737560944025,0.000361484810408397,0.00224917851244757,-0.00493326663791042,-0.000978737560944026,-0.00493326663791042,0.0477131645157292
0.00395276911833253,0.000362431508156577,-0.000981761617584842,0.000362431508156577,0.00225126068364768,-0.00494073238330513,-0.000981761617584842,-0.00494073238330513,0.04774330193765
0.00395193101488137,0.000363378584751125,-0.000984819035128973,0.000363378584751125,0.00225334290565644,-0.00494762871053077,-0.000984819035128973,-0.00494762871053077,0.047754553639376
0.00395109589919724,0.000364327716940842,-0.000988004525823278,0.000364327716940842,0.00225542992223719,-0.00495542238520904,-0.000988004525823278,-0.00495542238520904,0.047794404252104
0.00395026260429757,0.000365274741210828,-0.000991221058889584,0.000365274741210828,0.00225750978892287,-0.00496298266625393,-0.000991221058889584,-0.00496298266625393,0.0478213437868298
0.00394943324378904,0.000366226990137517,-0.000994466707038237,0.000366226990137517,0.00225960333371848,-0.00497068694980196,-0.000994466707038237,-0.00497068694980196,0.0478451709024882
0.00394860610316397,0.000367178370688463,-0.000997695826857306,0.000367178370688463,0.0022616930841523,-0.00497756825165454,-0.000997695826857307,-0.00497756825165454,0.0478404203831764
0.00394778159693494,0.000368130354572621,-0.00100097860601888,0.000368130354572622,0.00226378317595847,-0.00498500714182999,-0.00100097860601888,-0.00498500714182999,0.0478540717439521
0.0039469599197144,0.000369083656902383,-0.00100428493823098,0.000369083656902383,0.00226587568634317,-0.00499278006710448,-0.00100428493823098,-0.00499278006710448,0.0478716516615093
0.00394614105796285,0.000370038242542827,-0.00100757930753093,0.000370038242542827,0.00226797052927375,-0.00500055446163944,-0.00100757930753093,-0.00500055446163944,0.0478791765993061
0.00394532463385846,0.000370992751364831,-0.00101079442612986,0.000370992751364831,0.00227006378834877,-0.00500774791263092,-0.00101079442612986,-0.00500774791263092,0.0478609444065986
0.00394450926689832,0.000371942400201065,-0.00101387470387244,0.000371942400201065,0.00227214183362919,-0.00501446116532525,-0.00101387470387244,-0.00501446116532525,0.0478273627893985
0.0039436967002807,0.000372893235721441,-0.00101674434931338,0.000372893235721442,0.00227422189294635,-0.00502078645688646,-0.00101674434931338,-0.00502078645688646,0.0477806481922088
0.00394288749205333,0.000373847293818665,-0.00101939023765491,0.000373847293818666,0.00227630988277223,-0.00502643606246163,-0.00101939023765491,-0.00502643606246163,0.0477137817429702
0.00394208169328875,0.000374804845856287,-0.0010218422637336,0.000374804845856287,0.0022784066664941,-0.00503126052552856,-0.0010218422637336,-0.00503126052552856,0.0476279531699998
0.00394127827178137,0.000375762378840623,-0.00102412118621972,0.000375762378840623,0.00228050230226415,-0.00503515637725209,-0.00102412118621972,-0.00503515637725209,0.0475287406842965
0.00394047598735452,0.000376715780608187,-0.00102626513438793,0.000376715780608187,0.00228258524025261,-0.00503917990022152,-0.00102626513438793,-0.00503917990022152,0.0474523931705997
0.0039396767962812,0.000377671986605039,-0.00102826242241792,0.00037767198660504,0.00228467539815915,-0.00504377624885841,-0.00102826242241792,-0.00504377624885841,0.047402129929889
0.0039388812099285,0.000378632875477806,-0.00103008555892285,0.000378632875477806,0.0022867782851133,-0.0050476796782388,-0.00103008555892285,-0.0050476796782388,0.0473337360310154
0.00393808864080412,0.000379596610595853,-0.00103183423936382,0.000379596610595853,0.00228888883432213,-0.00505152239012849,-0.00103183423936382,-0.00505152239012849,0.0472712539983761
0.00393729848954557,0.000380561151900885,-0.00103351334316308,0.000380561151900885,0.00229100128944882,-0.00505482639009332,-0.00103351334316308,-0.00505482639009332,0.0472018590425996
0.00393651133189112,0.000381528844323838,-0.00103528797522742,0.000381528844323838,0.00229312257782361,-0.00506008825808167,-0.00103528797522742,-0.00506008825808167,0.0471972017730914
0.00393572711422354,0.00038249935634324,-0.00103703339151086,0.00038249935634324,0.00229525173829945,-0.0050642413031889,-0.00103703339151086,-0.0050642413031889,0.0471505298732777
0.0039349440797347,0.000383466587154607,-0.00103878346877284,0.000383466587154607,0.00229737134527229,-0.00506794083771973,-0.00103878346877284,-0.00506794083771973,0.0470961991223948
0.00393416416713119,0.00038443724106888,-0.0010405802805173,0.000384437241068881,0.00229950038455193,-0.00507231223170578,-0.0010405802805173,-0.00507231223170578,0.0470662493966476
0.00393338715779824,0.000385410534892569,-0.00104241784422393,0.000385410534892569,0.00230163663702395,-0.00507642787028564,-0.00104241784422393,-0.00507642787028564,0.0470282374292274
0.00393261328268621,0.000386387194086121,-0.00104435114704719,0.000386387194086121,0.00230378206168003,-0.00508051346955786,-0.00104435114704719,-0.00508051346955786,0.0469918416981008
0.00393184133200043,0.000387363149647756,-0.00104648651527271,0.000387363149647756,0.00230592516106661,-0.00508570983900915,-0.00104648651527271,-0.00508570983900915,0.046991135311943
0.00393107116250496,0.000388337877020434,-0.00104877070043562,0.000388337877020434,0.00230806441409669,-0.00509152531455422,-0.00104877070043562,-0.00509152531455422,0.0470011768880634
0.00393030308242183,0.000389312297638563,-0.001051109039537,0.000389312297638564,0.00231020229298434,-0.00509712428811784,-0.001051109039537,-0.00509712428811784,0.0469932395976211
0.00392953801787914,0.000390289522498203,-0.00105352215986319,0.000390289522498203,0.0023123474976584,-0.00510289743126151,-0.00105352215986319,-0.00510289743126151,0.0469802432726796
0.0039287757119358,0.000391268688857084,-0.00105606312356644,0.000391268688857084,0.00231449757552013,-0.00510919295636432,-0.00105606312356644,-0.00510919295636432,0.0469707429492328
0.00392801654668018,0.000392250857204019,-0.00105861752767575,0.000392250857204019,0.00231665531249555,-0.00511438601800614,-0.00105861752767575,-0.00511438601800614,0.0469181103483151
0.00392725992443431,0.000393234003110211,-0.00106137176281491,0.000393234003110211,0.00231881489318539,-0.00512048425867222,-0.00106137176281491,-0.00512048425867222,0.0468882309180415
0.0039265054690777,0.000394216744366582,-0.00106425626980396,0.000394216744366582,0.00232097231765359,-0.00512674612173278,-0.00106425626980396,-0.00512674612173278,0.046853314423735
0.00392575436976086,0.00039520284344487,-0.00106713125385552,0.00039520284344487,0.00232313793075261,-0.00513178284216753,-0.00106713125385552,-0.00513178284216753,0.0467768468632734
0.00392500689215465,0.000396193018061055,-0.00107009920651056,0.000396193018061055,0.00232531350688536,-0.00513632098645848,-0.00107009920651056,-0.00513632098645848,0.0466911735493855
0.00392426163305998,0.00039718234564665,-0.00107322594126442,0.00039718234564665,0.00232748496523571,-0.00514077105505348,-0.00107322594126442,-0.00514077105505348,0.0466141412558128
0.00392351763526105,0.000398167478433706,-0.00107653634407191,0.000398167478433706,0.00232964269898255,-0.00514573186890868,-0.00107653634407191,-0.00514573186890868,0.046562728137446
0.00392277452867777,0.000399147005246647,-0.00107984263565548,0.000399147005246648,0.00233178256565423,-0.00515025118767865,-0.00107984263565548,-0.00515025118767865,0.0465078137227566
0.00392203420828762,0.000400127178296763,-0.00108305566170419,0.000400127178296763,0.00233392200558015,-0.00515414322429834,-0.00108305566170419,-0.00515414322429834,0.046445593515795
0.0039212967467219,0.00040110832563282,-0.00108632126743006,0.00040110832563282,0.0023360619816936,-0.0051586642866487,-0.00108632126743006,-0.0051586642866487,0.0464127274900021
0.00392056191940167,0.000402089761333765,-0.00108962407032648,0.000402089761333766,0.00233820065912685,-0.0051636412560793,-0.00108962407032648,-0.0051636412560793,0.0463980073566954
0.00391983015347418,0.000403072890347559,-0.00109286587299974,0.000403072890347559,0.00234034199459841,-0.0051682238105953,-0.00109286587299974,-0.0051682238105953,0.0463741204283748
0.00391910053694526,0.000404054705557874,-0.00109611309297285,0.000404054705557874,0.00234247757520129,-0.00517301035666355,-0.00109611309297285,-0.00517301035666355,0.0463612191067722
0.0039183734878571,0.000405036621963788,-0.0010993288918643,0.000405036621963788,0.00234461140468564,-0.00517789900331889,-0.0010993288918643,-0.00517789900331889,0.0463533985779483
0.00391764808215471,0.000406015566263757,-0.00110243089673506,0.000406015566263758,0.00234673491418799,-0.0051824181868549,-0.00110243089673506,-0.0051824181868549,0.0463379184936455
0.00391692448140532,0.000406992073261731,-0.00110535101967333,0.000406992073261732,0.00234884963333296,-0.00518645859736685,-0.00110535101967333,-0.00518645859736685,0.046313975606907
0.00391620316489671,0.000407967698491948,-0.00110795807216877,0.000407967698491948,0.00235095994621445,-0.00518918090089018,-0.00110795807216877,-0.00518918090089018,0.0462621209704602
0.00391548522866646,0.000408946160885188,-0.00111032225932125,0.000408946160885188,0.00235307633650155,-0.00519118828862989,-0.00111032225932125,-0.00519118828862989,0.0462065737011784
0.003914769679183,0.000409924440113963,-0.00111260000018656,0.000409924440113963,0.00235519060629864,-0.00519372671485138,-0.00111260000018656,-0.00519372671485138,0.0461855208111835
0.00391405667126659,0.000410903278169583,-0.001114802072712,0.000410903278169583,0.0023573051054389,-0.00519691677475834,-0.001114802072712,-0.00519691677475834,0.0461950969205566
0.00391334711443494,0.000411885829203738,-0.00111686756168969,0.000411885829203739,0.00235942885157099,-0.00519994772909452,-0.00111686756168969,-0.00519994772909452,0.0462045037457543
0.00391264070283823,0.000412871192584785,-0.00111880651912407,0.000412871192584785,0.00236155944662271,-0.00520244122670206,-0.00111880651912407,-0.00520244122670206,0.0462047929995303
0.0039119354568512,0.000413853074743098,-0.00112077603664268,0.000413853074743098,0.00236367952427335,-0.00520600151602917,-0.00112077603664268,-0.00520600151602917,0.0462472698592797
0.00391123469102827,0.000414842509204006,-0.00112270671800529,0.000414842509204006,0.00236582002865669,-0.00520988346448482,-0.00112270671800529,-0.00520988346448482,0.0462958423465041
0.00391053604165535,0.000415831936572938,-0.00112470250216163,0.000415831936572938,0.00236796009118841,-0.00521447792975084,-0.00112470250216163,-0.00521447792975084,0.0463617070052307
0.00390984010890072,0.000416823276193658,-0.00112664782847168,0.000416823276193658,0.00237010504544299,-0.00521852647930944,-0.00112664782847168,-0.00521852647930944,0.0464028033903364
0.00390914616027353,0.000417814083170794,-0.00112855815215437,0.000417814083170795,0.0023722480157123,-0.00522216024719081,-0.00112855815215437,-0.00522216024719081,0.046430493619271
0.00390845325425919,0.000418801238910451,-0.00113042273276241,0.000418801238910451,0.00237438027443117,-0.00522563526800931,-0.00113042273276241,-0.00522563526800931,0.0464574722287902
0.00390776394434593,0.00041979324835779,-0.00113229909842242,0.00041979324835779,0.00237652560292075,-0.00522979623227269,-0.00113229909842242,-0.00522979623227269,0.0465047749850924
0.00390707746776987,0.00042078772824072,-0.0011341971522925,0.00042078772824072,0.00237867750439853,-0.00523414345979029,-0.00113419715229251,-0.00523414345979029,0.0465527020154867
0.00390639256414917,0.000421780387124956,-0.00113598755827495,0.000421780387124956,0.00238082390940922,-0.0052371953271474,-0.00113598755827495,-0.0052371953271474,0.0465612732360843
0.00390571048667789,0.000422775312149758,-0.00113775960069644,0.000422775312149758,0.00238297609464966,-0.0052401181745713,-0.00113775960069644,-0.0052401181745713,0.0465741412876003
0.00390503100334688,0.000423771992204317,-0.00113971366390946,0.000423771992204317,0.00238513283057283,-0.00524476980485029,-0.00113971366390946,-0.00524476980485029,0.0466441646746017
0.00390435470826162,0.00042477239281083,-0.00114174452635174,0.00042477239281083,0.0023872996666538,-0.00524961340691258,-0.00114174452635174,-0.00524961340691258,0.0467105052325973
0.003903680135125,0.000425771616580116,-0.00114381793024676,0.000425771616580116,0.00238946288755224,-0.00525407141704328,-0.00114381793024676,-0.00525407141704328,0.0467587938847438
0.00390300766888525,0.00042677088905827,-0.00114597610448041,0.00042677088905827,0.00239162580937315,-0.00525886219004572,-0.00114597610448041,-0.00525886219004572,0.0468134995477723
0.00390233770542725,0.000427771635974231,-0.00114832545166473,0.000427771635974231,0.00239379248426956,-0.00526509889401683,-0.00114832545166473,-0.00526509889401683,0.0469015861750272
0.00390167005552963,0.000428773017480618,-0.00115057568248195,0.000428773017480618,0.00239596044190006,-0.0052698142621228,-0.00115057568248195,-0.0052698142621228,0.0469282468596206
0.00390100399742139,0.000429772542375142,-0.00115277859515673,0.000429772542375142,0.00239812255199648,-0.00527380134019247,-0.00115277859515673,-0.00527380134019247,0.046933398361234
0.00390034131304165,0.000430776105757566,-0.00115508420353023,0.000430776105757566,0.0024002951883337,-0.00527865017269596,-0.00115508420353023,-0.00527865017269596,0.0469641526424931
0.00389968091522269,0.000431780031648053,-0.00115732420965785,0.000431780031648053,0.00240246807415523,-0.00528237296551578,-0.00115732420965785,-0.00528237296551578,0.0469598577920914
0.00389902238174888,0.000432782858373909,-0.00115956528028579,0.000432782858373909,0.00240463700518562,-0.00528576717001785,-0.00115956528028579,-0.00528576717001785,0.0469537806425037
0.00389836640435277,0.000433786878736322,-0.00116190109107497,0.000433786878736322,0.00240680833658059,-0.00528982264408876,-0.00116190109107497,-0.00528982264408876,0.0469738875193927
0.00389771397580809,0.000434795293721434,-0.00116427754722967,0.000434795293721434,0.00240899093342698,-0.00529374865983535,-0.00116427754722967,-0.00529374865983535,0.0469903502017364
0.00389706346535581,0.000435802585752719,-0.00116657169995297,0.000435802585752719,0.00241116930542867,-0.00529614515034995,-0.00116657169995297,-0.00529614515034995,0.0469693786572086
0.00389641612776578,0.000436812823195497,-0.00116903150605875,0.000436812823195497,0.00241335459792677,-0.00529928176625184,-0.00116903150605875,-0.00529928176625184,0.0469858638693054
0.00389577180694717,0.000437825299549664,-0.00117148853164624,0.000437825299549664,0.00241554469986753,-0.00530130270280093,-0.00117148853164624,-0.00530130270280093,0.0469818267216928
0.00389512950876522,0.000438836672252648,-0.00117410429585002,0.000438836672252648,0.00241773016376834,-0.0053034668930777,-0.00117410429585002,-0.0053034668930777,0.0470049041386052
0.0038944893962037,0.000439847350367565,-0.00117689812479761,0.000439847350367565,0.00241991196942135,-0.0053059764095134,-0.00117689812479761,-0.0053059764095134,0.0470599207928424
0.00389385208598712,0.000440859172669056,-0.00117981797190388,0.000440859172669056,0.00242209503366033,-0.00530837803738437,-0.00117981797190388,-0.00530837803738437,0.0471306817029352
0.00389321698149491,0.000441870174193639,-0.00118306545060235,0.000441870174193639,0.00242427382555518,-0.00531209161717986,-0.00118306545060235,-0.00531209161717986,0.0472634566089501
0.00389258446361301,0.000442881405178683,-0.00118644449716115,0.000442881405178684,0.00242645109726441,-0.00531565854863188,-0.00118644449716115,-0.00531565854863188,0.0474030291321721
0.00389195252532487,0.00044388631945185,-0.00119009186023914,0.00044388631945185,0.0024286086452502,-0.00532025670337786,-0.00119009186023914,-0.00532025670337786,0.047593378727073
0.00389132311893919,0.000444891113913083,-0.00119393381034692,0.000444891113913083,0.0024307634824538,-0.00532583350704036,-0.00119393381034692,-0.00532583350704036,0.0478230520902901
0.00389069551051095,0.000445893467727819,-0.00119800438674276,0.000445893467727819,0.0024329092582734,-0.00533278361426093,-0.00119800438674276,-0.00533278361426093,0.0480988675942051
0.00389007163872929,0.00044689952089778,-0.00120204400808252,0.00044689952089778,0.00243506288708486,-0.00533954074916874,-0.00120204400808252,-0.00533954074916874,0.0483559982858891
0.00388945239668682,0.000447912162139283,-0.00120615113683859,0.000447912162139283,0.00243723231864238,-0.00534648706040953,-0.00120615113683859,-0.00534648706040953,0.0486111946466638
0.00388883570243928,0.000448924795511177,-0.00121049880499159,0.000448924795511177,0.00243939942438749,-0.00535446428640136,-0.00121049880499159,-0.00535446428640136,0.0488962812828861
0.00388822240461734,0.000449940051987141,-0.0012149758144445,0.000449940051987141,0.00244157137639486,-0.00536281748291076,-0.0012149758144445,-0.00536281748291076,0.0491813227857037
0.00388761279681574,0.00045095890433562,-0.00121977949448096,0.00045095890433562,0.0024437508358207,-0.00537276416958738,-0.00121977949448096,-0.00537276416958738,0.0495050578935439
0.00388700515214812,0.000451975839936485,-0.00122482201633686,0.000451975839936485,0.00244592267172069,-0.00538373048714696,-0.00122482201633686,-0.00538373048714696,0.0498365742710691
0.00388640252870552,0.000453000436453883,-0.00122984580595539,0.000453000436453883,0.00244811306154364,-0.00539430200845481,-0.00122984580595539,-0.00539430200845481,0.0501184858562272
0.0038858018519619,0.000454022825428549,-0.00123472874575411,0.000454022825428549,0.00245029481586717,-0.00540350544232307,-0.00123472874575411,-0.00540350544232307,0.0503349955565982
0.00388520392446024,0.000455045456953899,-0.00123964475863532,0.0004550454569539,0.00245247450816075,-0.00541296506789642,-0.00123964475863533,-0.00541296506789642,0.0505539316933553
0.00388460839297269,0.00045606721416304,-0.00124456197527023,0.00045606721416304,0.00245464911251356,-0.00542276938393507,-0.00124456197527023,-0.00542276938393507,0.0507758898581042
0.00388401603388064,0.000457090475646093,-0.00124920301193374,0.000457090475646093,0.00245682515240693,-0.00543144879112568,-0.00124920301193374,-0.00543144879112568,0.0509508997251451
0.00388342656620017,0.000458114379114767,-0.0012536007741502,0.000458114379114767,0.00245900030802647,-0.00543936639752188,-0.0012536007741502,-0.00543936639752188,0.051103248423614
0.00388283987503888,0.000459138741506173,-0.00125799519113837,0.000459138741506173,0.00246117426747355,-0.00544834421644615,-0.00125799519113837,-0.00544834421644615,0.0512952604916098
0.00388225643919885,0.000460165121704927,-0.00126206974060219,0.000460165121704927,0.00246335147012809,-0.00545640195842313,-0.00126206974060219,-0.00545640195842313,0.0514502666600505
0.00388167556068579,0.00046119143518943,-0.00126582830649211,0.000461191435189431,0.00246552636899558,-0.00546367647420836,-0.00126582830649211,-0.00546367647420836,0.051582381632608
0.00388109863171165,0.000462222170099396,-0.00126928950386454,0.000462222170099396,0.00246771138248061,-0.00547040689806369,-0.00126928950386454,-0.00547040689806369,0.0517030432349162
0.00388052489038835,0.000463255246984361,-0.00127261830356711,0.000463255246984361,0.00246990114089148,-0.00547761002592151,-0.00127261830356711,-0.00547761002592151,0.0518475136604817
0.00387995442193213,0.000464291144412458,-0.00127577061088441,0.000464291144412458,0.00247209721748689,-0.00548488416950964,-0.00127577061088441,-0.00548488416950964,0.0519936564191837
0.00387938779997627,0.000465331844380779,-0.00127873836163355,0.000465331844380779,0.0024743052267957,-0.00549197254135388,-0.00127873836163355,-0.00549197254135388,0.0521287126324128
0.00387882451700184,0.000466375900421314,-0.00128151476401608,0.000466375900421314,0.00247652136099022,-0.00549843341860532,-0.00128151476401608,-0.00549843341860532,0.0522398918915641
0.00387826436479156,0.000467422802715059,-0.00128419499439188,0.000467422802715059,0.00247874434503458,-0.00550485200892134,-0.00128419499439188,-0.00550485200892134,0.0523518138032422
0.00387770727513371,0.000468472406988488,-0.00128676318199928,0.000468472406988488,0.00248097385308383,-0.0055108770544111,-0.00128676318199928,-0.0055108770544111,0.0524521936052321
0.00387715275839733,0.000469523279857185,-0.00128928608948562,0.000469523279857185,0.0024832060563173,-0.00551696318284584,-0.00128928608948562,-0.00551696318284584,0.0525594019065561
0.003876600502608,0.000470574338629822,-0.00129159401393969,0.000470574338629822,0.00248543792072581,-0.00552161893391683,-0.00129159401393969,-0.00552161893391683,0.0526250770493467
0.00387605196860832,0.000471630272332072,-0.0012939224365182,0.000471630272332072,0.00248768227414687,-0.00552693421505294,-0.0012939224365182,-0.00552693421505294,0.052730192393065
0.00387550499379531,0.000472684390405317,-0.00129620327344245,0.000472684390405317,0.00248992097833512,-0.00553189853595304,-0.00129620327344245,-0.00553189853595304,0.0528352254477933
0.00387496020531392,0.000473738585674983,-0.0012983880038246,0.000473738585674983,0.00249215912739329,-0.00553643798831813,-0.0012983880038246,-0.00553643798831813,0.0529408115789968
0.00387441677823748,0.000474790344662109,-0.0013005015960942,0.000474790344662109,0.00249438994757957,-0.00554104078065873,-0.0013005015960942,-0.00554104078065873,0.0530687342414928
0.00387387737436221,0.000475848261697221,-0.00130273809295836,0.000475848261697221,0.0024966371267842,-0.00554774641402964,-0.00130273809295836,-0.00554774641402964,0.0532812183677221
0.00387334040980728,0.000476907631586601,-0.00130500593133864,0.000476907631586601,0.00249888814977239,-0.00555497191489032,-0.00130500593133864,-0.00555497191489032,0.0534956565636261
0.00387280468291739,0.000477964771388719,-0.0013072373317212,0.000477964771388719,0.00250113308483857,-0.00556232457206402,-0.0013072373317212,-0.00556232457206402,0.0536940141865762
0.00387227087516199,0.000479021780846255,-0.00130930378950794,0.000479021780846255,0.00250337766219573,-0.00556926882253276,-0.00130930378950794,-0.00556926882253276,0.0538560485778379
0.00387173950000932,0.000480080375660035,-0.00131120237124161,0.000480080375660036,0.00250562667877397,-0.00557614765540547,-0.00131120237124161,-0.00557614765540547,0.0539973776628595
0.00387121143718651,0.000481143344364896,-0.00131286274983096,0.000481143344364896,0.00250788777758396,-0.00558207818202032,-0.00131286274983096,-0.00558207818202032,0.0540871445822861
0.00387068643087287,0.000482210030817028,-0.00131438040611421,0.000482210030817028,0.00251015925779888,-0.00558754019344048,-0.00131438040611421,-0.00558754019344048,0.0541539221427483
0.00387016164411728,0.000483271811720557,-0.00131582266084964,0.000483271811720557,0.00251241787263675,-0.0055933406210223,-0.00131582266084964,-0.0055933406210223,0.054231729637685
0.00386963993189302,0.000484337448252682,-0.00131698519161352,0.000484337448252682,0.00251468737921106,-0.00559790279574628,-0.00131698519161352,-0.00559790279574628,0.0542572622071326
0.00386911972782586,0.000485402304025715,-0.00131799190861097,0.000485402304025715,0.00251695536697504,-0.00560245560941719,-0.00131799190861097,-0.00560245560941719,0.0542866665773617
0.00386860364230403,0.00048647445927691,-0.00131876867495372,0.00048647445927691,0.00251924376528546,-0.00560575655813988,-0.00131876867495372,-0.00560575655813988,0.0542725082635454
0.00386809019398693,0.000487549458531821,-0.00131948704987785,0.000487549458531821,0.00252154052113092,-0.00560863782409609,-0.00131948704987785,-0.00560863782409609,0.0542592269717483
0.00386757828516651,0.000488623801282895,-0.00132014678995698,0.000488623801282896,0.00252383599582919,-0.00561057107078631,-0.00132014678995698,-0.00561057107078631,0.0542352534224812
0.00386706800937405,0.00048969793667608,-0.00132087050676514,0.00048969793667608,0.00252613151518624,-0.0056134585875578,-0.00132087050676514,-0.0056134585875578,0.0542736578507383
0.00386655988846297,0.000490773506952244,-0.00132160786235154,0.000490773506952245,0.00252843158438283,-0.00561637601372291,-0.00132160786235154,-0.00561637601372291,0.0543257903617392
0.00386605375135069,0.00049185023751102,-0.00132249170661725,0.00049185023751102,0.00253073568882045,-0.00562084135609391,-0.00132249170661725,-0.00562084135609391,0.0544414192927379
0.00386554898211629,0.000492926039041625,-0.00132335174668491,0.000492926039041625,0.00253303801673103,-0.00562429179514673,-0.00132335174668491,-0.00562429179514673,0.0545092756988609
0.00386504712141577,0.000494005551847195,-0.00132419678589513,0.000494005551847196,0.00253535094396934,-0.00562697008269389,-0.00132419678589513,-0.00562697008269389,0.0545540930602
0.00386454609249509,0.000495082399388621,-0.00132515965950493,0.000495082399388621,0.00253765716621189,-0.0056302309455072,-0.00132515965950493,-0.0056302309455072,0.054637900551305
0.00386404705681688,0.000496160169194699,-0.00132618533091931,0.000496160169194699,0.00253996640262501,-0.00563376726751568,-0.00132618533091931,-0.00563376726751568,0.0547390248828486
0.00386355187318723,0.000497244564293432,-0.00132728024928434,0.000497244564293432,0.00254229403258252,-0.00563700480438189,-0.00132728024928434,-0.00563700480438189,0.0548311265249395
0.00386305648057768,0.000498323072841397,-0.00132862542951908,0.000498323072841397,0.00254460613678419,-0.00564144982057396,-0.00132862542951908,-0.00564144982057396,0.0549807693559291
0.00386256074973019,0.000499395242267955,-0.00133003744399333,0.000499395242267955,0.00254690146170925,-0.00564644295221399,-0.00133003744399333,-0.00564644295221399,0.0551467180321337
0.00386206720349324,0.000500468852514926,-0.00133133667850979,0.000500468852514926,0.0025492011093947,-0.00565116187187052,-0.00133133667850979,-0.00565116187187052,0.0552873225268042
0.00386157505506992,0.000501541533698343,-0.00133251414950381,0.000501541533698343,0.0025514987172184,-0.00565558344541858,-0.00133251414950381,-0.00565558344541858,0.0554075900562504
0.00386108560001366,0.000502617397734465,-0.00133356008002438,0.000502617397734465,0.00255380553836131,-0.00565982340458627,-0.00133356008002438,-0.00565982340458627,0.0555132579597077
0.00386059910759855,0.000503697406042727,-0.00133453410555939,0.000503697406042727,0.00255612429074701,-0.00566391538255882,-0.00133453410555939,-0.00566391538255882,0.05560620960581
0.0038601135762256,0.000504775324224277,-0.00133543887369286,0.000504775324224277,0.00255843801396469,-0.00566732448884998,-0.00133543887369286,-0.00566732448884998,0.0556727782732427
0.00385962929828544,0.000505852090214058,-0.00133626061967466,0.000505852090214058,0.00256074925988228,-0.00567064522897397,-0.00133626061967466,-0.00567064522897397,0.0557438622550179
0.00385914764462419,0.000506932071993896,-0.00133700277386027,0.000506932071993896,0.00256306999918036,-0.00567406263189847,-0.00133700277386027,-0.00567406263189847,0.0558220067284489
0.00385866763400273,0.000508012146561087,-0.00133763473123158,0.000508012146561087,0.00256539167450004,-0.00567635884613405,-0.00133763473123158,-0.00567635884613405,0.0558620581541585
0.00385818896157485,0.000509091310739136,-0.00133817403784788,0.000509091310739136,0.00256771145510648,-0.00567794844212114,-0.00133817403784788,-0.00567794844212114,0.0558976968700899
0.00385771295711171,0.000510173695820651,-0.00133865367018647,0.000510173695820651,0.00257004052144099,-0.00567917938766223,-0.00133865367018647,-0.00567917938766223,0.0559488348956333
0.00385723930574525,0.0005112585449547,-0.00133923575545708,0.0005112585449547,0.00257237701264104,-0.00568144028295569,-0.00133923575545708,-0.00568144028295569,0.0560713604049139
0.0038567664200706,0.000512340855954773,-0.00133988749212765,0.000512340855954773,0.00257470730210431,-0.00568348081172957,-0.00133988749212765,-0.00568348081172957,0.0562020813720092
0.00385629521421526,0.000513423624515223,-0.00134066838837154,0.000513423624515223,0.00257703964039487,-0.005686815186579,-0.00134066838837154,-0.005686815186579,0.0564043545450111
0.00385582692656563,0.000514510777090922,-0.00134158550223011,0.000514510777090922,0.0025793847864875,-0.00569087682353886,-0.00134158550223011,-0.00569087682353886,0.0566307550394561
0.0038553603054479,0.000515598403908225,-0.001342695962379,0.000515598403908225,0.00258173209454588,-0.00569536784821618,-0.001342695962379,-0.00569536784821618,0.0568616351011023
0.00385489559970341,0.000516687362331034,-0.00134407436258638,0.000516687362331034,0.00258408393432519,-0.00570129434449152,-0.00134407436258638,-0.00570129434449152,0.0571335242564824
0.00385443172827917,0.000517773994382702,-0.00134554407863735,0.000517773994382702,0.00258643007674493,-0.00570625988181243,-0.00134554407863735,-0.00570625988181243,0.05733151851408
0.00385397054685816,0.000518863910899176,-0.00134709930176999,0.000518863910899176,0.00258878549265574,-0.00571098672263261,-0.00134709930176999,-0.00571098672263261,0.0575083601161017
0.00385351217587953,0.000519957296148018,-0.00134877909377989,0.000519957296148018,0.00259115043198267,-0.00571518852333052,-0.00134877909377989,-0.00571518852333052,0.0576622536141039
0.00385305492780212,0.00052104886419082,-0.00135073214844872,0.00052104886419082,0.00259351043426185,-0.00572024482417561,-0.00135073214844872,-0.00572024482417561,0.0578648735500622
0.0038525991134713,0.00052213948752834,-0.00135289131293472,0.00052213948752834,0.00259586774090001,-0.00572586957842879,-0.00135289131293472,-0.00572586957842879,0.0580918694237576
0.00385214346314049,0.00052322507596103,-0.00135512251811423,0.00052322507596103,0.00259821108571942,-0.00573128991964907,-0.00135512251811423,-0.00573128991964907,0.0583085809830479
0.00385168960192106,0.00052431064804236,-0.00135733386715503,0.00052431064804236,0.00260055402550807,-0.00573684126935739,-0.00135733386715503,-0.00573684126935739,0.0585334473730665
0.00385123808661048,0.000525397881204854,-0.00135944053589899,0.000525397881204854,0.00260290106470122,-0.00574173808593914,-0.00135944053589899,-0.00574173808593914,0.0587325247971698
0.00385078917632949,0.000526487721574648,-0.001361574983628,0.000526487721574648,0.00260525488390365,-0.00574726853131949,-0.001361574983628,-0.00574726853131949,0.0589713364111484
0.00385034188904835,0.000527577172384186,-0.00136372042824419,0.000527577172384186,0.00260760742603163,-0.00575291496305196,-0.00136372042824419,-0.00575291496305196,0.0592176050701023
0.00384989639350835,0.000528666908201171,-0.00136590771907091,0.000528666908201171,0.00260996067105962,-0.00575945766690132,-0.00136590771907091,-0.00575945766690132,0.0595022733553986
0.00384945307043146,0.000529758236917314,-0.00136808562116417,0.000529758236917315,0.00261231832687575,-0.00576652008594906,-0.00136808562116417,-0.00576652008594906,0.0597893407057362
0.00384901180891945,0.000530850897736382,-0.00137021258910007,0.000530850897736382,0.00261467978852697,-0.0057736569534604,-0.00137021258910008,-0.0057736569534604,0.0600496358948777
0.00384857317892165,0.000531946636894406,-0.00137223239147583,0.000531946636894406,0.00261704976541693,-0.00578018477981531,-0.00137223239147584,-0.00578018477981531,0.0602543387156699
0.00384813741324783,0.00053304617178235,-0.00137420151197206,0.00053304617178235,0.00261943016147825,-0.00578628884054917,-0.00137420151197206,-0.00578628884054917,0.0604260505579509
0.00384770177893361,0.000534140968877511,-0.0013761113961146,0.000534140968877511,0.00262179776036586,-0.0057916925514975,-0.0013761113961146,-0.0057916925514975,0.0605697580971791
0.00384726817065088,0.000535237007613111,-0.00137791659266325,0.000535237007613111,0.00262416885393236,-0.00579746370689492,-0.00137791659266325,-0.00579746370689492,0.0607391465502823
0.00384683742433365,0.000536336905186872,-0.00137956915108245,0.000536336905186873,0.00262655058762932,-0.00580260202749033,-0.00137956915108245,-0.00580260202749033,0.0608787870644088
0.00384640745948395,0.000537434407182995,-0.00138117355228084,0.000537434407182996,0.00262892619666598,-0.00580812769289197,-0.00138117355228084,-0.00580812769289197,0.0610453515473508
0.00384597925496401,0.000538532678550276,-0.00138263773293977,0.000538532678550276,0.00263130442277833,-0.00581379852304363,-0.00138263773293977,-0.00581379852304363,0.0612130527206229
0.00384555357803215,0.000539634233637588,-0.00138394682998713,0.000539634233637588,0.00263369224291834,-0.00581933206781676,-0.00138394682998713,-0.00581933206781676,0.061359659332539
0.00384512984795263,0.000540737361091539,-0.0013851351097433,0.000540737361091539,0.00263608511338135,-0.00582448470752966,-0.0013851351097433,-0.00582448470752966,0.0614751633493932
0.00384470738867611,0.000541839909198018,-0.00138617026546722,0.000541839909198018,0.00263847713227484,-0.00582862052095566,-0.00138617026546722,-0.00582862052095566,0.0615422383078817
0.00384428684623387,0.00054294388840537,-0.00138704700712909,0.00054294388840537,0.00264087372259841,-0.00583212414001008,-0.00138704700712909,-0.00583212414001008,0.061596656104005
0.00384386898886698,0.000544051843199719,-0.00138785304754994,0.000544051843199719,0.002643281933246,-0.00583587216607173,-0.00138785304754994,-0.00583587216607173,0.0616808760257152
0.00384345382395722,0.000545163778537482,-0.00138867509106641,0.000545163778537482,0.0026457017615153,-0.0058392859929613,-0.00138867509106641,-0.0058392859929613,0.061759168834506
0.00384303985898988,0.000546275067505009,-0.00138961931873051,0.00054627506750501,0.0026481206375995,-0.00584295463078176,-0.00138961931873051,-0.00584295463078176,0.0618663193748344
0.00384262804639484,0.000547388629018466,-0.00139069176188641,0.000547388629018466,0.00265054640416033,-0.00584699596832524,-0.00139069176188641,-0.00584699596832524,0.0619991859884099
0.00384221909114568,0.000548506598980275,-0.00139197987748863,0.000548506598980275,0.00265298477063276,-0.00585157338486896,-0.00139197987748863,-0.00585157338486896,0.0621549082725141
0.00384181150434615,0.000549624188871042,-0.00139356459205081,0.000549624188871042,0.00265542255483143,-0.00585644965436289,-0.00139356459205081,-0.00585644965436289,0.0623172998279674
0.00384140502086654,0.000550740445353406,-0.00139543581747923,0.000550740445353406,0.00265785696840914,-0.00586197437307834,-0.00139543581747923,-0.00586197437307834,0.0625024640830189
0.00384099959740936,0.000551855075194584,-0.0013975014602456,0.000551855075194584,0.00266028700184215,-0.00586768250854924,-0.0013975014602456,-0.00586768250854924,0.0626806795411988
0.0038405957299712,0.000552969394883942,-0.00139963556550064,0.000552969394883943,0.00266271593998978,-0.00587280546755784,-0.00139963556550064,-0.00587280546755784,0.0628211650456876
0.00384019425633362,0.000554085934101447,-0.00140187030132369,0.000554085934101447,0.00266515050457309,-0.00587810214108557,-0.00140187030132369,-0.00587810214108557,0.062975037501275
0.00383979474378559,0.000555203315095961,-0.00140425888814104,0.000555203315095961,0.00266758690176715,-0.00588378591454653,-0.00140425888814104,-0.00588378591454653,0.0631494089382803
0.00383939666460524,0.000556319698183766,-0.00140670791655274,0.000556319698183766,0.00267001991268858,-0.00588880023437499,-0.00140670791655275,-0.00588880023437499,0.0632942970175352
0.00383900040878917,0.000557436338844093,-0.00140929129296079,0.000557436338844093,0.00267245292560146,-0.00589466545091713,-0.00140929129296079,-0.00589466545091713,0.0634969105805667
0.00383860552188638,0.000558551682416752,-0.00141185651597405,0.000558551682416752,0.00267488158763062,-0.00589979981269754,-0.00141185651597405,-0.00589979981269754,0.0636678138857519
0.00383821105974821,0.000559662873504053,-0.00141439676695543,0.000559662873504053,0.0026772982027277,-0.00590518180560261,-0.00141439676695543,-0.00590518180560261,0.0638758125972294
0.0038378193826557,0.000560777299537885,-0.00141679828224174,0.000560777299537886,0.00267972287285934,-0.00591069095422056,-0.00141679828224174,-0.00591069095422056,0.0641020705180886
0.00383742790446226,0.000561887248487717,-0.00141911158096224,0.000561887248487717,0.00268213506410383,-0.00591679899913718,-0.00141911158096224,-0.00591679899913718,0.0643657006084978
0.00383704047118539,0.000563004823696734,-0.00142122234774429,0.000563004823696735,0.00268456779945006,-0.00592342518733294,-0.00142122234774429,-0.00592342518733294,0.064632189522079
0.00383665607956537,0.00056412697273036,-0.0014232186771044,0.00056412697273036,0.00268701290897242,-0.00592926338598748,-0.0014232186771044,-0.00592926338598748,0.0648229688725754
0.00383627404215796,0.000565251541439014,-0.00142521259462317,0.000565251541439014,0.00268946450002274,-0.00593470314351106,-0.00142521259462317,-0.00593470314351106,0.0649842268930836
0.00383589425041283,0.000566378048699388,-0.00142723057506454,0.000566378048699388,0.00269192108250929,-0.00593949742381874,-0.00142723057506454,-0.00593949742381874,0.0651203738865124
0.00383551576610883,0.000567503568998739,-0.00142934422015138,0.00056750356899874,0.00269437467022748,-0.00594445262200942,-0.00142934422015138,-0.00594445262200942,0.0652920087735499
0.0038351390414245,0.000568629573899649,-0.0014315620922905,0.000568629573899649,0.00269682929844834,-0.00595023337107067,-0.0014315620922905,-0.00595023337107067,0.0655252172805774
0.00383476418528033,0.000569756492150031,-0.00143388021977386,0.000569756492150031,0.00269928623271292,-0.00595681618164019,-0.00143388021977386,-0.00595681618164019,0.0657937240248161
0.00383439085513258,0.000570883270180537,-0.00143623830449955,0.000570883270180537,0.0027017426364761,-0.00596353408370896,-0.00143623830449955,-0.00596353408370896,0.0660447290364764
0.00383402050900749,0.000572014437411894,-0.00143862672374404,0.000572014437411894,0.00270421076560189,-0.00597060806185238,-0.00143862672374404,-0.00597060806185238,0.066285200113525
0.00383365121867714,0.000573144036858047,-0.00144107333825403,0.000573144036858047,0.00270667451202182,-0.00597760917938511,-0.00144107333825403,-0.00597760917938511,0.0664909962264665
0.00383328353213784,0.000574273705155613,-0.00144345882503329,0.000574273705155613,0.00270913821207276,-0.00598425571695239,-0.00144345882503329,-0.00598425571695239,0.0666562633595642
0.00383291796881939,0.000575405027580853,-0.00144573545122681,0.000575405027580853,0.00271160611344002,-0.00599042899355955,-0.00144573545122681,-0.00599042899355955,0.066786878550187
0.00383255518234717,0.00057654018020386,-0.00144799779388365,0.00057654018020386,0.00271408425110022,-0.00599720899048719,-0.00144799779388365,-0.00599720899048719,0.0669407420150283
0.00383219460120206,0.000577677373544,-0.00145026496006771,0.000577677373544,0.00271656777735334,-0.00600368246597119,-0.00145026496006771,-0.00600368246597119,0.0670531239675354
0.00383183490177043,0.000578812439105178,-0.00145250762815829,0.000578812439105179,0.00271904531054894,-0.0060095204431346,-0.0014525076281583,-0.0060095204431346,0.0671250374231589
0.00383147701846685,0.00057994833922567,-0.00145468500064946,0.00057994833922567,0.0027215249034234,-0.00601561779138214,-0.00145468500064946,-0.00601561779138214,0.0672127922583282
0.00383112159609088,0.000581087025708938,-0.00145674717534789,0.000581087025708938,0.002724011801042,-0.00602108881839528,-0.0014567471753479,-0.00602108881839528,0.0672600113033867
0.00383076844497183,0.000582227786672932,-0.00145872599870181,0.000582227786672932,0.00272650392234112,-0.00602552256320434,-0.00145872599870181,-0.00602552256320434,0.0672675503565522
0.00383041738287657,0.000583370088311331,-0.00146073794610774,0.000583370088311331,0.00272899981337267,-0.00603010837258052,-0.00146073794610775,-0.00603010837258052,0.0673186450541646
0.00383006803026875,0.000584512797593378,-0.00146283492367942,0.000584512797593378,0.00273149644663938,-0.00603509837346817,-0.00146283492367942,-0.00603509837346817,0.0674151551520885
0.00382972060440592,0.000585656528515102,-0.00146499732567209,0.000585656528515102,0.00273399541221274,-0.00604011306348863,-0.00146499732567209,-0.00604011306348863,0.0675244029988703
0.00382937360021228,0.000586796656960962,-0.00146721095622945,0.000586796656960962,0.00273648422258696,-0.00604521648488629,-0.00146721095622945,-0.00604521648488629,0.0676536065472339
0.00382902775875089,0.000587935558978719,-0.00146935676392849,0.000587935558978719,0.00273896938003012,-0.00605066479401735,-0.00146935676392849,-0.00605066479401735,0.0678104212360643
0.00382868533989068,0.00058908021975661,-0.00147137762352474,0.00058908021975661,0.00274146978673189,-0.00605597304540941,-0.00147137762352474,-0.00605597304540941,0.0679502903643348
0.00382834354612336,0.000590222127355932,-0.00147338287937557,0.000590222127355932,0.00274396258825565,-0.00606111069292699,-0.00147338287937557,-0.00606111069292699,0.0680800441838983
0.00382800333849753,0.000591364309249224,-0.00147527347856283,0.000591364309249224,0.00274645601664092,-0.00606628344322044,-0.00147527347856283,-0.00606628344322044,0.0682133402979468
0.00382766525800133,0.000592508438165325,-0.00147700443226968,0.000592508438165325,0.00274895460761655,-0.00607085406023062,-0.00147700443226968,-0.00607085406023062,0.0683131774041219
0.00382732882132074,0.000593653236808785,-0.00147866068139617,0.000593653236808785,0.00275145513702552,-0.00607586189880146,-0.00147866068139617,-0.00607586189880146,0.0684455971116583
0.00382699396131401,0.00059479843572087,-0.00148017349525241,0.00059479843572087,0.00275395683248028,-0.00607993982374204,-0.00148017349525241,-0.00607993982374204,0.0685250231340701
0.00382666275262538,0.000595950458659762,-0.00148162749073664,0.000595950458659762,0.00275647703976886,-0.00608411623670211,-0.00148162749073664,-0.00608411623670211,0.0686265536388069
0.00382633287919699,0.0005971023242069,-0.00148324345823189,0.0005971023242069,0.00275899709478773,-0.0060890323984622,-0.00148324345823189,-0.0060890323984622,0.0687764191066809
0.00382600366777674,0.000598251869810869,-0.00148494284746292,0.00059825186981087,0.00276151105471401,-0.00609380673487511,-0.00148494284746292,-0.00609380673487511,0.0689099803552847
0.0038256764829997,0.000599403280885208,-0.00148665847310864,0.000599403280885209,0.00276403015808739,-0.00609880851321517,-0.00148665847310864,-0.00609880851321517,0.0690526976704458
0.00382535082600838,0.000600555028432517,-0.00148841341237099,0.000600555028432517,0.00276655028440972,-0.00610384682425454,-0.00148841341237099,-0.00610384682425454,0.0691877431104344
0.00382502569965766,0.000601704027468224,-0.0014901505526302,0.000601704027468224,0.00276906307813709,-0.00610859045069524,-0.0014901505526302,-0.00610859045069524,0.0693031109603785
0.00382470274184554,0.000602855282567856,-0.00149177000998629,0.000602855282567856,0.0027715819776746,-0.00611298443459066,-0.00149177000998629,-0.00611298443459066,0.0694046405728832
0.00382438190078344,0.00060400873382141,-0.00149335741592972,0.00060400873382141,0.00277410692773959,-0.0061175479416719,-0.00149335741592972,-0.0061175479416719,0.069525326710464
0.00382406346982794,0.000605165248638805,-0.00149497152761665,0.000605165248638805,0.00277664023320831,-0.00612199422759693,-0.00149497152761665,-0.00612199422759693,0.0696402161467341
0.00382374636491723,0.000606321518265788,-0.00149670768018024,0.000606321518265788,0.00277917298404767,-0.00612679133187025,-0.00149670768018024,-0.00612679133187025,0.0697803194730712
0.00382343033571547,0.000607476666198711,-0.00149850077096608,0.000607476666198712,0.00278170268068742,-0.00613131685917526,-0.00149850077096608,-0.00613131685917526,0.0699064019711648
0.00382311545916414,0.000608631063054613,-0.0015003376782471,0.000608631063054614,0.00278423043572918,-0.006136625341683,-0.0015003376782471,-0.006136625341683,0.0700844273455958
0.0038228034193814,0.000609789719186425,-0.00150212822900846,0.000609789719186425,0.00278676958659973,-0.0061412427517933,-0.00150212822900846,-0.0061412427517933,0.0702047203761912
0.00382249315103772,0.000610949392858354,-0.00150403238800752,0.000610949392858354,0.00278931140487546,-0.00614617475299366,-0.00150403238800752,-0.00614617475299366,0.0703503673551633
0.00382218586538422,0.000612113752392123,-0.00150611346402658,0.000612113752392123,0.00279186570129427,-0.0061517142679604,-0.00150611346402658,-0.0061517142679604,0.0705226512694413
0.00382187918906534,0.00061327528503611,-0.0015084143542958,0.000613275285036111,0.00279441198159207,-0.00615676498318019,-0.0015084143542958,-0.00615676498318019,0.0706561972539885
0.00382157374298304,0.000614435842259326,-0.00151086529628057,0.000614435842259326,0.00279695509012788,-0.00616234167030043,-0.00151086529628057,-0.00616234167030043,0.070836024172803
0.00382127089407902,0.000615599475400344,-0.00151339388398447,0.000615599475400344,0.0027995057638626,-0.00616782134362503,-0.00151339388398447,-0.00616782134362503,0.0710113678386482
0.00382096931726403,0.000616762200538463,-0.0015161311176681,0.000616762200538463,0.00280205334005467,-0.00617424575185982,-0.0015161311176681,-0.00617424575185982,0.0712481048176997
0.00382066920085035,0.000617924583572974,-0.00151897710699296,0.000617924583572974,0.00280459931959145,-0.00618111344225709,-0.00151897710699296,-0.00618111344225709,0.0714875460531598
0.00382036975880934,0.0006190841677669,-0.00152178117186579,0.0006190841677669,0.00280713702634308,-0.00618751448568082,-0.00152178117186579,-0.00618751448568082,0.0716756821264929
0.00382007262950721,0.000620245878797386,-0.00152438033472143,0.000620245878797386,0.00280967959009722,-0.00619301096502484,-0.00152438033472143,-0.00619301096502484,0.0718135238127431
0.00381977695118292,0.000621407326691056,-0.00152689159450833,0.000621407326691056,0.002812220845429,-0.00619903162537696,-0.00152689159450833,-0.00619903162537696,0.0720080886283757
0.00381948183875792,0.000622565993703833,-0.00152920668029783,0.000622565993703833,0.00281475426476823,-0.00620495842386587,-0.00152920668029783,-0.00620495842386587,0.0721982457515227
0.00381918884560535,0.000623726727006476,-0.00153116078297482,0.000623726727006476,0.00281729301714497,-0.00621014436444075,-0.00153116078297482,-0.00621014436444075,0.0723430088087195
0.00381889787084222,0.000624889528047778,-0.00153282886994154,0.000624889528047778,0.00281983747428373,-0.00621537722462624,-0.00153282886994154,-0.00621537722462624,0.0724996293567775
0.00381860761134904,0.000626050636719699,-0.00153420446847908,0.0006260506367197,0.00282237781783546,-0.00622009265939942,-0.00153420446847908,-0.00622009265939942,0.0726222222087289
0.0038183187103782,0.000627212202861676,-0.00153518629907749,0.000627212202861676,0.00282492005381104,-0.00622411090726419,-0.00153518629907749,-0.00622411090726419,0.0727090631213933
0.00381803181965549,0.00062837640144336,-0.00153578164272053,0.00062837640144336,0.00282747026191943,-0.00622734408861851,-0.00153578164272053,-0.00622734408861851,0.0727644243951041
0.00381774737945711,0.00062954479224137,-0.00153610810546572,0.00062954479224137,0.00283003289820437,-0.00623026511639479,-0.00153610810546572,-0.00623026511639479,0.072824307263768
0.00381746416414701,0.000630713727621672,-0.00153631918221858,0.000630713727621672,0.00283259829150619,-0.00623275438066325,-0.00153631918221858,-0.00623275438066325,0.0728803555723459
0.00381718201907431,0.000631882800418244,-0.00153644031242746,0.000631882800418244,0.00283516541472739,-0.00623504474268623,-0.00153644031242746,-0.00623504474268623,0.0729563194877785
0.0038169007862223,0.000633051604802751,-0.00153648570151288,0.000633051604802751,0.00283773326251312,-0.00623725399771263,-0.00153648570151288,-0.00623725399771263,0.0730596222518796
0.00381662086646728,0.000634221536738891,-0.00153646383745794,0.000634221536738891,0.00284030578260519,-0.00623988698553151,-0.00153646383745794,-0.00623988698553151,0.0732130322546416
0.00381634248970769,0.000635393312741854,-0.00153644784554585,0.000635393312741854,0.00284288493738677,-0.00624251395597961,-0.00153644784554585,-0.00624251395597961,0.073363047008005
0.00381606596898246,0.000636567883259711,-0.00153653231487264,0.000636567883259712,0.00284547327275356,-0.00624543921804161,-0.00153653231487264,-0.00624543921804161,0.0735271660318986
0.00381578995731492,0.000637741082107521,-0.00153681883065522,0.000637741082107522,0.00284805953121437,-0.00624873306217199,-0.00153681883065522,-0.00624873306217199,0.0737032427020194
0.00381551410986507,0.000638911761970311,-0.0015372317003253,0.000638911761970311,0.00285064048428679,-0.00625207791833639,-0.0015372317003253,-0.00625207791833639,0.0738694084722537
0.00381523804554498,0.000640078719192608,-0.00153763104519317,0.000640078719192608,0.00285321280869778,-0.00625515241470723,-0.00153763104519317,-0.00625515241470723,0.0740177878285352
0.00381496314917724,0.00064124631306227,-0.00153786455648079,0.000641246313062271,0.00285578833648585,-0.00625823150723449,-0.00153786455648079,-0.00625823150723449,0.0741761925546305
0.00381469036318889,0.000642417534603802,-0.0015379807697213,0.000642417534603802,0.0028583752561626,-0.00626129735956741,-0.0015379807697213,-0.00626129735956741,0.0743282971516113
0.00381441851794441,0.000643588806840165,-0.00153812093602738,0.000643588806840165,0.00286096397424701,-0.00626421750281796,-0.00153812093602738,-0.00626421750281796,0.0744618260854313
0.00381414890198711,0.000644764042133505,-0.00153831358008928,0.000644764042133505,0.00286356496486105,-0.0062672861175172,-0.00153831358008928,-0.0062672861175172,0.0745991368791396
0.00381388068005763,0.000645940564707029,-0.00153873309970893,0.000645940564707029,0.00286617091021435,-0.00627060726131599,-0.00153873309970893,-0.00627060726131599,0.0747403497330426
0.0038136129282509,0.000647115366192308,-0.00153941788695897,0.000647115366192308,0.00286877348610043,-0.00627411614073565,-0.00153941788695897,-0.00627411614073565,0.0748837672758967
0.00381334622350927,0.000648290011474848,-0.00154029151356779,0.000648290011474848,0.00287137661615968,-0.00627756841334725,-0.00154029151356779,-0.00627756841334725,0.075021207171172
0.0038130801262561,0.0006494630475675,-0.00154132968941632,0.0006494630475675,0.00287397622761485,-0.006281160520582,-0.00154132968941632,-0.006281160520582,0.0751812290988717
0.00381281575772891,0.000650637892198402,-0.00154248378958292,0.000650637892198402,0.00287658145875119,-0.00628524406769558,-0.00154248378958292,-0.00628524406769558,0.0753823770566172
0.00381255304201068,0.000651814201190063,-0.00154383375933609,0.000651814201190063,0.00287919126134959,-0.006289607786888,-0.00154383375933609,-0.006289607786888,0.0755891688436017
0.00381229135168591,0.000652989916674933,-0.00154541920287304,0.000652989916674933,0.00288179992323208,-0.00629425913543012,-0.00154541920287304,-0.00629425913543012,0.0758022616577201
0.0038120307963093,0.000654165296413336,-0.0015471940326605,0.000654165296413336,0.0028844080056384,-0.00629933516285602,-0.0015471940326605,-0.00629933516285602,0.0760303428398735
0.00381177238123254,0.000655343322051247,-0.00154913622417056,0.000655343322051247,0.0028870233916643,-0.00630476695830711,-0.00154913622417056,-0.00630476695830711,0.0762542550349048
0.00381151531966326,0.000656521368987352,-0.00155130660536662,0.000656521368987352,0.00288963876884601,-0.00631010612927776,-0.00155130660536662,-0.00631010612927776,0.0764417103369982
0.00381126074753821,0.000657702767785087,-0.00155370967101092,0.000657702767785088,0.00289226287643365,-0.00631588625879261,-0.00155370967101092,-0.00631588625879261,0.0766445090346074
0.00381100747350837,0.000658883620417624,-0.00155643304222367,0.000658883620417624,0.00289488493584783,-0.00632176104667707,-0.00155643304222367,-0.00632176104667707,0.0768331044125053
0.0038107556477247,0.000660064222445838,-0.00155942163618219,0.000660064222445838,0.00289750548544307,-0.00632801386358068,-0.00155942163618219,-0.00632801386358068,0.077041273174899
0.00381050573357496,0.000661245796290129,-0.00156261060811628,0.000661245796290129,0.00290012754415147,-0.00633429110533223,-0.00156261060811628,-0.00633429110533223,0.0772408150026666
0.00381025736335958,0.000662427142059554,-0.00156601760909364,0.000662427142059554,0.00290274775862545,-0.00634106851023342,-0.00156601760909364,-0.00634106851023342,0.0774719576128552
0.00381000989914876,0.00066360618513188,-0.00156951326194838,0.00066360618513188,0.00290536037683683,-0.00634755520056385,-0.00156951326194838,-0.00634755520056385,0.0776719510103156
0.00380976578344347,0.000664790302821517,-0.0015729923867327,0.000664790302821517,0.0029079850728209,-0.00635395422128312,-0.0015729923867327,-0.00635395422128312,0.077870976871546
0.00380952199719209,0.000665970220788474,-0.00157656791263886,0.000665970220788474,0.0029105968867574,-0.00636003855841604,-0.00157656791263886,-0.00636003855841604,0.0780646139837023
0.00380927970897423,0.000667149594693204,-0.00158003745333515,0.000667149594693205,0.00291320567153134,-0.00636623282644225,-0.00158003745333515,-0.00636623282644225,0.0782993762733762
0.00380904045544292,0.000668333154390504,-0.00158333354958417,0.000668333154390504,0.00291582418781919,-0.00637213733260333,-0.00158333354958417,-0.00637213733260333,0.0785223336315701
0.00380880220728019,0.000669514806973575,-0.0015865708138778,0.000669514806973575,0.00291843621631551,-0.00637783451442085,-0.0015865708138778,-0.00637783451442085,0.0787433773985303
0.00380856537911825,0.000670695900221792,-0.00158959638110287,0.000670695900221792,0.00292104545499712,-0.00638309273519387,-0.00158959638110287,-0.00638309273519387,0.0789493220856825
0.00380833177618515,0.000671881979087463,-0.00159237054189901,0.000671881979087464,0.0029236668458733,-0.00638782580715733,-0.00159237054189901,-0.00638782580715733,0.0791317637617517
0.00380809899790825,0.000673065784390953,-0.00159504912309575,0.000673065784390953,0.00292628101222525,-0.00639191486820969,-0.00159504912309575,-0.00639191486820969,0.0792922194193707
0.00380786791841066,0.000674249988121249,-0.00159750199996305,0.000674249988121249,0.00292889511193254,-0.00639528845844772,-0.00159750199996305,-0.00639528845844772,0.0794467381669053
0.00380763874671352,0.000675435219703736,-0.00159973431326115,0.000675435219703736,0.00293151083786209,-0.00639775657356201,-0.00159973431326115,-0.00639775657356201,0.07959452467321
0.00380741071232727,0.000676619186063637,-0.00160179142481066,0.000676619186063637,0.00293412211073956,-0.00639955787976773,-0.00160179142481066,-0.00639955787976773,0.0797777710981975
0.00380718376908851,0.00067780178096761,-0.00160361873367891,0.00067780178096761,0.00293672868956533,-0.00640055009294003,-0.00160361873367891,-0.00640055009294003,0.079995152342614
0.003806956950505,0.000678980134359287,-0.00160514039250074,0.000678980134359287,0.00293932297015318,-0.00640039101723058,-0.00160514039250074,-0.00640039101723058,0.0802401888043136
0.0038067323891095,0.000680160774840055,-0.00160622655120945,0.000680160774840055,0.0029419225079929,-0.00639911792933027,-0.00160622655120945,-0.00639911792933027,0.0805444690247876
0.00380651000418766,0.000681343418669343,-0.00160707987266659,0.000681343418669343,0.00294452655311043,-0.00639665670024761,-0.00160707987266659,-0.00639665670024761,0.0809123371226259
0.00380628862449438,0.000682524372352343,-0.00160788778257871,0.000682524372352343,0.00294712508305288,-0.00639314516769251,-0.00160788778257871,-0.00639314516769251,0.0813986466039143
0.00380606739616007,0.00068370081311578,-0.0016086764015988,0.00068370081311578,0.00294971026130095,-0.00638837381216616,-0.0016086764015988,-0.00638837381216616,0.0820407776362991
0.00380584734412162,0.000684875592225626,-0.00160939219884099,0.000684875592225626,0.00295228939326028,-0.00638241841578697,-0.00160939219884099,-0.00638241841578697,0.0829342361477918
0.00380562764713212,0.000686045899015636,-0.00161015825647716,0.000686045899015636,0.00295485458472956,-0.00637510644376627,-0.00161015825647716,-0.00637510644376627,0.0841402930011103
0.00380540907142938,0.000687213615377453,-0.00161102691703625,0.000687213615377453,0.00295741032764574,-0.00636650418867917,-0.00161102691703625,-0.00636650418867917,0.0858076280645493
0.00380519126839449,0.000688377123323636,-0.00161221846816423,0.000688377123323637,0.00295995161674674,-0.00635672243420236,-0.00161221846816423,-0.00635672243420236,0.0881154358883731
0.00380497450183244,0.000689536377555987,-0.00161399235431847,0.000689536377555987,0.00296247728864836,-0.00634575630172915,-0.00161399235431847,-0.00634575630172915,0.091249934677349
0.00380475927425519,0.000690691754964253,-0.00161672684806564,0.000690691754964254,0.00296498692473876,-0.00633391393635801,-0.00161672684806564,-0.00633391393635801,0.0955140108598625
0.00380454561337464,0.000691841924364585,-0.00162096342261951,0.000691841924364585,0.00296747518405906,-0.00632205211972258,-0.00162096342261951,-0.00632205211972258,0.101504382399955
0.00380433451504231,0.000692987956950131,-0.00162747631341306,0.000692987956950131,0.00296994246431185,-0.00631129341882211,-0.00162747631341306,-0.00631129341882211,0.109942646783003
0.00380412821832674,0.000694133880043674,-0.00163746911502061,0.000694133880043674,0.00297239603888957,-0.00630344989075936,-0.00163746911502061,-0.00630344989075936,0.121758767510376
0.00380392916076048,0.000695283270543173,-0.00165280144902451,0.000695283270543173,0.00297484063367744,-0.00630145479688207,-0.00165280144902451,-0.00630145479688207,0.138303761190358
