-0.206771019264537,-0.0165380976648129,-0.134072824652721
-0.206586370023883,-0.0164705403585426,-0.139122823374793
-0.206402134748944,-0.0163990633606083,-0.134188337594152
-0.206217862312415,-0.0163277051088333,-0.123186450824671
-0.206036921697775,-0.0162616426411059,-0.113715378315418
-0.20585415322172,-0.0161959193851877,-0.0981068239923812
-0.205673926807941,-0.0161368308612534,-0.0844845376576838
-0.205498115482302,-0.0160858540148108,-0.0776194121129807
-0.205321259835484,-0.0160408550711892,-0.0835001658021463
-0.205144081053208,-0.0159930469234453,-0.0871919434067903
-0.20496796413409,-0.0159441653082503,-0.091384366955499
-0.204789934294866,-0.0158932928226973,-0.0961077532067718
-0.204611139866237,-0.0158405769236726,-0.101680074696552
-0.20443153130276,-0.0157858161163457,-0.10749750286864
-0.204253678650502,-0.0157260755592483,-0.103075205087105
-0.204076379319334,-0.0156687458439956,-0.101223620232297
-0.203898376207502,-0.0156137954500804,-0.105682781226073
-0.203714928122572,-0.01555748468364,-0.113824512965255
-0.203530665150769,-0.0154988900989238,-0.125090596948291
-0.203347522812425,-0.0154363480977557,-0.137055734850903
-0.203160080303083,-0.0153678924744814,-0.146992612665649
-0.202970573355088,-0.0152943910602432,-0.154150217305633
-0.202782053033379,-0.0152187594926217,-0.161950752756604
-0.202589714521255,-0.0151378175050575,-0.165398303897579
-0.202392749705729,-0.0150521117277403,-0.163613264481136
-0.202195981868724,-0.0149649994121736,-0.157164856153273
-0.202002107576975,-0.0148827341077941,-0.154676234380551
-0.201807438255269,-0.0147998704408994,-0.149899241201673
-0.201616306022246,-0.0147215632678838,-0.149187375597878
-0.201423019212736,-0.0146418387557843,-0.146515173660855
-0.201232861681177,-0.0145667858078299,-0.150208377408853
-0.201043630040073,-0.0144915020594415,-0.15726037377548
-0.200850529608979,-0.0144130859077109,-0.165001589859083
-0.200658291798711,-0.0143344030600382,-0.179088615603759
-0.200464782030359,-0.0142495013892581,-0.192106943272579
-0.200267525922214,-0.0141597714919656,-0.206845847118188
-0.200066230712173,-0.0140632542298421,-0.219458262049748
-0.199862213973652,-0.0139597697351892,-0.228189059143475
-0.199652424085732,-0.0138515423917111,-0.235226540457202
-0.199441762633438,-0.0137392269019444,-0.239451267664152
-0.199230218750109,-0.0136229327487603,-0.240381445423685
-0.199022602209579,-0.0135078786961945,-0.242641663593288
-0.198813288308157,-0.0133906195564792,-0.242597407868366
-0.198602764455285,-0.0132743133546618,-0.245178120473846
-0.198389847765218,-0.0131526473127782,-0.24133231776283
-0.198178656753147,-0.0130311200032665,-0.235174080399259
-0.197966599301919,-0.0129141540268735,-0.23344474757922
-0.197754928584748,-0.0127976594432058,-0.232001232796692
-0.197542254544781,-0.0126796609394771,-0.228394903609951
-0.197330907582365,-0.0125649761330725,-0.227433088736116
-0.197120606894549,-0.0124472496355746,-0.221249164455829
-0.196912745896363,-0.0123334318496033,-0.216328989598234
-0.196704939670911,-0.012221931568992,-0.212423843875413
-0.196497296818735,-0.0121125685023591,-0.209783190933182
-0.196285301588023,-0.0120038628376328,-0.208382546960792
-0.19607235715848,-0.0118937999227253,-0.205397244587132
-0.195859579572001,-0.0117821776022759,-0.199980323101505
-0.195648089224024,-0.0116675283149364,-0.188553917378658
-0.195442752594517,-0.011562440559449,-0.180663015114147
-0.19523948077311,-0.0114591823532975,-0.17070364752941
-0.195038959203821,-0.0113618760894466,-0.162614375864972
-0.194843149651944,-0.0112697588023275,-0.155351806082547
-0.194648378091133,-0.0111786461766249,-0.146206985068734
-0.194457155381004,-0.0110885806688888,-0.132920720974483
-0.194270920858288,-0.0110011770997234,-0.114621258136778
-0.194086267355702,-0.0109233714700831,-0.100675898255715
-0.193906125859076,-0.0108542118197064,-0.0894128331845873
-0.193726553458149,-0.0107902517496168,-0.0800435573543568
-0.193546593370006,-0.0107283415517404,-0.0701872195453828
-0.193366928445468,-0.0106701782241784,-0.0610082748523436
-0.193190776646225,-0.0106171968261476,-0.0526691098927795
-0.193014450770833,-0.0105677487648872,-0.0455729370830654
-0.192842069172384,-0.0105218005495576,-0.037845666247641
-0.192672767806208,-0.010483032009864,-0.0341003572207587
-0.192509137712706,-0.0104493758287565,-0.032702299625421
-0.192350395541606,-0.0104196548463644,-0.0341618070456813
-0.192190813198071,-0.0103886025696826,-0.0348800525014197
-0.192031977106343,-0.0103595107511689,-0.0386985243083444
-0.191872206431165,-0.010328331732242,-0.0419470885673478
-0.191708683361959,-0.0102898544348176,-0.0381916794176344
-0.191543581436553,-0.010250094590204,-0.0321176263696262
-0.191380519886692,-0.0102119342562966,-0.0245908712669424
-0.191221223321722,-0.0101747099588435,-0.0132401343861891
-0.191063131347217,-0.010142853640348,-0.00355241809669313
-0.190904540393385,-0.0101132089100961,0.00658786950895999
-0.190750987009948,-0.0100919284966452,0.0135083478295919
-0.190599881645683,-0.0100681649992973,0.0273294775304634
-0.190451727551461,-0.0100481070179002,0.0433942628385519
-0.190307402825043,-0.0100367937842492,0.0572580042254703
-0.190167409573557,-0.0100302318864602,0.0731682301939044
-0.190029396544021,-0.0100286269299902,0.0897192026683835
-0.189897684948749,-0.010036639803389,0.105152036614073
-0.189770319020308,-0.0100526089640501,0.119384145021558
-0.189649856293104,-0.0100752344370041,0.13553533322166
-0.189532041130889,-0.0101060922344342,0.149125420481966
-0.189420247642264,-0.0101460476977624,0.160541991746716
-0.189309864483853,-0.0101893417054565,0.173023549576553
-0.189201180472121,-0.0102394604853406,0.18217479888264
-0.189096718247011,-0.0102947625351356,0.190820719004705
-0.188995029963854,-0.0103559136272638,0.197031747808853
-0.18889125460859,-0.0104195349511088,0.201171516230851
-0.188785616234699,-0.0104876532736333,0.199853426949641
-0.188679513943616,-0.0105590666558235,0.193367995185358
-0.188574461295337,-0.0106269593824214,0.189236391083847
-0.188469207895061,-0.0106932773620806,0.185214830620716
-0.188362513725181,-0.0107577287908833,0.181762110143254
-0.188255939729202,-0.010818808520599,0.181313105205571
-0.188150909768379,-0.0108837773469275,0.175208245877834
-0.188045059136706,-0.0109483885479201,0.165952878516085
-0.187937865475722,-0.0110102509024663,0.15523744770227
-0.18783191488571,-0.0110694682152542,0.141860554272591
-0.187726989048947,-0.0111250337845613,0.126237924850197
-0.187619897854612,-0.0111742627947654,0.110232114893589
-0.187509691540208,-0.0112149504653088,0.0979761572927615
-0.187396749146739,-0.011251341798721,0.0845218346040378
-0.187279381970445,-0.0112809304201187,0.0730081777810785
-0.187157641427804,-0.011305526342966,0.0612552002013155
-0.187033204089753,-0.0113212745727803,0.0559815782684509
-0.186904314467832,-0.0113338420860145,0.0508977163568254
-0.186776326871621,-0.0113451748357179,0.0451291215797553
-0.186645917758873,-0.0113536234377102,0.0396625797065036
-0.18651280697863,-0.0113582854310802,0.035809448591504
-0.186377421673111,-0.0113615341293203,0.0312949054794735
-0.186239220323495,-0.0113594867484961,0.0305936109306441
-0.186100759372041,-0.0113569839434357,0.0300395726542993
-0.185959399097589,-0.01135056331795,0.0327462077741982
-0.185819785262954,-0.0113451244933756,0.0361016759016857
-0.185680487498098,-0.0113346658990421,0.0462587294929629
-0.185545300296124,-0.0113306016615651,0.0550600316725023
-0.185411277547771,-0.0113290507669765,0.0646084047483729
-0.185276915400224,-0.0113287685090243,0.0755840513368981
-0.18514765365638,-0.0113336704251864,0.0875099468165249
-0.185022396388604,-0.0113446270141437,0.0989800972306577
-0.184900358344296,-0.0113619316443088,0.108956497763003
-0.184782965769602,-0.0113858168312291,0.11751203972933
-0.184665403095815,-0.0114123725442061,0.125890677280968
-0.184551179873999,-0.0114482841043035,0.127933115457416
-0.184440049811406,-0.0114892111265335,0.12591936792806
-0.184330364811213,-0.0115262321680191,0.128673566388275
-0.184222509236419,-0.0115664303877873,0.129322359592197
-0.184117360604858,-0.0116069072691023,0.131116900717565
-0.1840115430752,-0.0116463257779676,0.134674908642016
-0.183908234473054,-0.0116894372692219,0.135574230223011
-0.183807205491518,-0.0117332856176753,0.136775488595482
-0.183706408631638,-0.011777964067522,0.137609780179279
-0.183605112327642,-0.011823177639702,0.137602062997156
-0.183502587608505,-0.0118678070804349,0.138018285237824
-0.183402559323422,-0.0119129482150531,0.139470632242533
-0.183304075747955,-0.0119600273079158,0.139529406332041
-0.1832051931409,-0.0120063532629855,0.140472443419424
-0.18310652574997,-0.0120557118749143,0.137219574709824
-0.183009606939816,-0.0121049035405619,0.132978986403036
-0.182913416495391,-0.0121534457733338,0.127505869774673
-0.182817315326466,-0.0122009575473137,0.119921353194533
-0.182718208317855,-0.0122466598687649,0.109687320704326
-0.182614508661377,-0.0122864254771517,0.101750355176428
-0.182508739639236,-0.0123208469540821,0.0968070954930043
-0.182400787931799,-0.0123494931619398,0.0967790039440663
-0.182295727927463,-0.0123773569769217,0.099197499244837
-0.182196673934251,-0.0124083400355582,0.101079400703877
-0.182100743747954,-0.0124412477002214,0.102282943399648
-0.182007364692794,-0.0124739057740396,0.106103215271224
-0.181916396933756,-0.0125087436797174,0.10932441562414
-0.181828026982103,-0.0125473575836001,0.109102661546881
-0.181739480546856,-0.0125859018943677,0.108527324378111
-0.181651979554185,-0.0126214962697957,0.113475959199173
-0.181567072140777,-0.0126632449588375,0.111360842450263
-0.181479547833697,-0.0127028266916871,0.110643153885119
-0.18138914270067,-0.012741898891982,0.108801843023896
-0.181297164240573,-0.0127787795279973,0.109070923358584
-0.181200114528878,-0.0128129523430859,0.111075703620152
-0.181103086750706,-0.0128502331032173,0.109390664758034
-0.181005999920039,-0.012882469589702,0.113882752508813
-0.180910424157725,-0.0129149424663924,0.120969602934756
-0.180816428358143,-0.0129508725186458,0.127347164514711
-0.180728087242193,-0.0129921223582565,0.132472218094541
-0.180635134960896,-0.0130339438144591,0.136298125865721
-0.180541074068804,-0.0130753193079113,0.14187067045677
-0.180445893113409,-0.0131194631291961,0.145611493673103
-0.180350744713259,-0.013164342414105,0.149851316196717
-0.180256567916444,-0.0132104672365254,0.154897353564216
-0.180164797203256,-0.013261541516553,0.156825613911941
-0.180069331115044,-0.0133115676847999,0.159372526356094
-0.179977983093968,-0.0133649525725981,0.160722662098662
-0.17988791838491,-0.0134203797808697,0.160248561935989
-0.179795400141897,-0.0134736784833734,0.161356132670422
-0.179701930710312,-0.0135253692437509,0.164152220441367
-0.179608145784203,-0.0135723594618295,0.172998749004317
-0.179518048875,-0.0136283347576343,0.177141510497028
-0.179433035211746,-0.0136880974704225,0.180634455038382
-0.179348351689823,-0.0137528193711802,0.179836827162997
-0.179263410468546,-0.0138142976306218,0.182555576408874
-0.179177789971291,-0.0138751509364053,0.187008738430929
-0.179093654611856,-0.0139418784953101,0.186636481062131
-0.179007809709941,-0.0140077808013573,0.186407398129237
-0.178926911636342,-0.0140770255201279,0.18351477975337
-0.178846598161523,-0.0141448500866776,0.181529585934775
-0.178766022721732,-0.0142130560096139,0.177994324194783
-0.178688788477979,-0.0142831051955455,0.171323684686348
-0.17861005577488,-0.0143516166837237,0.162565465230841
-0.178528636602415,-0.0144170733162671,0.152815040438133
-0.178451129787814,-0.0144798148934408,0.142654088966369
-0.178370494112113,-0.0145358405124298,0.136454616278509
-0.178287993758243,-0.0145870748631597,0.133454573074707
-0.178205512176738,-0.0146356937244107,0.132907890412007
-0.178120596110849,-0.0146843776056534,0.130512340013474
-0.178031885573658,-0.0147305037618427,0.128801347644253
-0.17794001869495,-0.0147743203568442,0.128163170380155
-0.177851491647986,-0.0148194108957122,0.126691728661543
-0.177764974779912,-0.0148685845431248,0.119541166881605
-0.177679188235395,-0.0149155149319544,0.111952504111757
-0.177590089784382,-0.0149571299320607,0.106948573391301
-0.177500164336004,-0.0149963380835894,0.102395048896322
-0.177407113172428,-0.0150321503625775,0.0992609340384388
-0.177313148040222,-0.0150663277592782,0.0966845940458005
-0.177216166590216,-0.0150951489765185,0.0982148156804171
-0.177120286289168,-0.0151264088510162,0.0977429102982179
-0.177025941679127,-0.0151562490157358,0.0992670248644321
-0.176932061774598,-0.0151867312813963,0.101034155019272
-0.176836030113372,-0.0152170473831111,0.102789261231184
-0.17673720058908,-0.0152492171587827,0.102076171270352
-0.17663841168989,-0.0152841302825827,0.0981208668483711
-0.176542166024827,-0.015319855027911,0.0922939349300556
-0.17644460963229,-0.0153522994448316,0.0876393480387742
-0.176346151818409,-0.0153867539330453,0.0782414093039695
-0.176247423835023,-0.0154201353496264,0.0656215482245085
-0.176143094137662,-0.0154476278606088,0.0534148713629817
-0.176035008176133,-0.0154660105344085,0.0455231174536958
-0.175927464291657,-0.0154849160768932,0.0336760950237025
-0.175816996494358,-0.0154990003228146,0.0216670514708489
-0.17570678150545,-0.0155113174953033,0.00594778164709535
-0.175594538144671,-0.0155137403393379,-0.00546734052293547
-0.17547884169466,-0.0155068573822214,-0.0116290280136758
-0.175360087559257,-0.0155007659756284,-0.0220105769722441
-0.175238502676621,-0.0154874766829879,-0.0292217613691606
-0.175117861375287,-0.0154712503763566,-0.0360002030024603
-0.174996341347066,-0.0154508466472398,-0.0410670624349309
-0.174875899946659,-0.0154280686814612,-0.0453433024543127
-0.174755480813788,-0.0154039136899463,-0.0498046254145312
-0.174632009919862,-0.0153754645685044,-0.0520862349752853
-0.174509889052709,-0.0153469262657856,-0.0549661200964984
-0.1743834386791,-0.0153176078628355,-0.0592113701657199
-0.17425319647446,-0.0152837354251703,-0.0613678536803088
-0.174118470359424,-0.0152466649664991,-0.0622941155671653
-0.173986914669893,-0.0152101704284009,-0.0633434097752196
-0.173853685985268,-0.0151700428428179,-0.061888093830184
-0.173716612850612,-0.0151245613229281,-0.0568897040977237
-0.173583866076164,-0.0150845465392411,-0.0537463640346394
-0.173451663968933,-0.0150493568052229,-0.0535574161245403
-0.173318174557887,-0.0150135268933191,-0.0531093948966859
-0.173186767549761,-0.0149801940919965,-0.054178713167866
-0.17305803225339,-0.0149459154490521,-0.0543991726612631
-0.172931338288905,-0.0149109887428784,-0.0536488594478917
-0.172804753364294,-0.0148734062142892,-0.0504608029037232
-0.172683294053216,-0.0148390873916215,-0.0477676533454071
-0.172559424513371,-0.0148050320362291,-0.04531507391241
-0.172437281423568,-0.0147740365217879,-0.0444456514362817
-0.172318039880673,-0.0147479064300218,-0.0471704113792359
-0.172195850755899,-0.0147205250633081,-0.0503924784309953
-0.172073765353641,-0.0146941719826372,-0.0557479769948558
-0.171949299986118,-0.0146657699881564,-0.0613540101033558
-0.171826273819774,-0.0146350854013892,-0.0665831183694005
-0.171703716124425,-0.0146021002780471,-0.0715070941781043
-0.171576677164647,-0.0145620336262241,-0.0725871673248191
-0.171450211722937,-0.0145203605136185,-0.0725799163937221
-0.171320660723102,-0.0144795325420806,-0.0740666710251141
-0.17119070514361,-0.0144416903663799,-0.0785876471671889
-0.171061764261061,-0.0144021054206361,-0.0829476149351111
-0.170928536191631,-0.0143592102837798,-0.0865167043937616
-0.170792904099296,-0.0143176880909666,-0.0924104285164211
-0.170661715404874,-0.0142775503286434,-0.101094622642494
-0.170528957674121,-0.0142329420375132,-0.108903549404221
-0.170391183427055,-0.0141856733259487,-0.117124895515854
-0.170249901585221,-0.014130034177335,-0.121727417060104
-0.170106862919679,-0.0140717832011313,-0.125878903534139
-0.169960367611559,-0.0140090703999118,-0.128320438617003
-0.169813720128277,-0.0139426420675793,-0.129082174869809
-0.169663671024926,-0.0138730512167306,-0.128563706811269
-0.169513100359973,-0.0138072399583663,-0.130196602650676
-0.16935997381719,-0.0137379755131738,-0.130429518428252
-0.169203468363372,-0.0136661748362073,-0.129869769528808
-0.169045156462466,-0.0135962789109954,-0.130455890817248
-0.168886336569899,-0.0135234730057876,-0.129773387821474
-0.168728259012396,-0.0134500084775126,-0.128517236921319
-0.16857056523832,-0.0133759759913312,-0.12673150761337
-0.168412574427663,-0.0133047913819528,-0.126062039831303
-0.168253692713456,-0.0132352084136348,-0.126221295647766
-0.168098988681112,-0.013164356929473,-0.125306732885741
-0.167945085036199,-0.0130903528450649,-0.122530385231088
-0.167796147051374,-0.0130260394162439,-0.123592367995198
-0.167650290277175,-0.012961296723911,-0.124398736221563
-0.167504631214935,-0.0128985815592824,-0.126609237760336
-0.167354442122443,-0.0128335139493594,-0.128346522202589
-0.167199132548582,-0.012766006676843,-0.129626857924199
-0.167043809735525,-0.0126969223830011,-0.130462914122758
-0.166881995191553,-0.012625039409534,-0.130771685755221
-0.166719830292767,-0.0125573973382288,-0.132989359169048
-0.166552498667005,-0.0124862606933795,-0.134458001672417
-0.16638069227934,-0.0124115556749451,-0.135155965849006
-0.166210743460021,-0.0123348039382239,-0.135055576769467
-0.166039779531021,-0.0122545239105791,-0.133816674929415
-0.165869829731076,-0.0121765889740502,-0.133207905091009
-0.165702591862094,-0.0121060480683562,-0.135030344367074
-0.165536948826307,-0.0120373354117873,-0.137770588630068
-0.165371365188324,-0.0119681165810375,-0.140704601221593
-0.165203583120298,-0.0119012809675898,-0.145084867910126
-0.165038871462471,-0.0118317849044847,-0.149220359851372
-0.164877065736122,-0.0117687417739593,-0.157003925304888
-0.164710383339535,-0.0117033232033886,-0.164657043385215
-0.16453980993253,-0.0116298991183131,-0.170254526752527
-0.164365457766487,-0.0115508192854072,-0.174565586205398
-0.164190975518389,-0.0114690027640675,-0.178459013067108
-0.164015383170439,-0.0113867759433407,-0.182745726828296
-0.163834791700604,-0.0113000060701252,-0.186145602599478
-0.163651905116729,-0.0112115277273535,-0.18947003535856
-0.163470107848708,-0.0111245665424769,-0.193727453590565
-0.163289681103509,-0.0110390039263529,-0.199336431445267
-0.163109277591942,-0.0109495479623429,-0.204390307539099
-0.162929581379905,-0.0108586183541754,-0.209710566874523
-0.162748027404584,-0.0107647563983508,-0.21484988191886
-0.162564071538464,-0.0106637527572471,-0.2182407062534
-0.162376752958041,-0.010558840907509,-0.220583970881402
-0.162186666262944,-0.0104577968697628,-0.224348068682211
-0.161998664130223,-0.0103556912139196,-0.228237457234404
-0.161811180868249,-0.0102561648248498,-0.233548300121353
-0.161622912817726,-0.0101505026237049,-0.237575454337665
-0.161434383251443,-0.0100442108878186,-0.241867374158459
-0.161245300537351,-0.00993908543115136,-0.247029302749999
-0.161055298070646,-0.00983128447639428,-0.251938593877231
-0.160864201221551,-0.00972275952016625,-0.257353311325946
-0.160669499858882,-0.00961123596980751,-0.262141861344786
-0.160474202520807,-0.00949319848056634,-0.265741450926642
-0.160281949749637,-0.00937858402870518,-0.271022954251843
-0.160090452902477,-0.00926036480062298,-0.276101525115026
-0.159899879527929,-0.00914058013443912,-0.281394813697469
-0.159704937313305,-0.00901398206752479,-0.285158520807659
-0.159508362389498,-0.00888776005184762,-0.28935900869523
-0.159312175899524,-0.00875864517139874,-0.293478578376031
-0.159115979331065,-0.00862947142635791,-0.298367427709456
-0.158918574453999,-0.0084981678569553,-0.303261835973578
-0.15871804589157,-0.00836069692728788,-0.30670233284554
-0.158512935714755,-0.0082166832525865,-0.308456851465901
-0.158309356843899,-0.00807618749297837,-0.311618408120665
-0.158100842026528,-0.00793052504382235,-0.31352236650555
-0.157892642875185,-0.00778356880123926,-0.315526315553694
-0.157683892406475,-0.00763908536237969,-0.318283485434979
-0.157473150258265,-0.00749047659735923,-0.320295150405928
-0.157261708749556,-0.00733916897527876,-0.321779676057496
-0.157051431407366,-0.00718515963982025,-0.322787553985179
-0.156839698771244,-0.00702894876537729,-0.323432218746467
-0.156625440690283,-0.00686505282990141,-0.322450532530243
-0.156414980721161,-0.00670897159965526,-0.323195260138955
-0.156200992283022,-0.00654970943927146,-0.32336709576359
-0.155989269965584,-0.00639096955976026,-0.323666996806543
-0.155778725745863,-0.00623139755074433,-0.323836792045827
-0.155570631942574,-0.0060727496396076,-0.324156845295885
-0.155364738643079,-0.00591441459208218,-0.324796063821414
-0.155159235807592,-0.00575522767797879,-0.325320436445534
-0.154951591873881,-0.00559318598684583,-0.325126877221896
-0.154742884993315,-0.00542892918797201,-0.324427221918586
-0.154534443482705,-0.0052656909956348,-0.324060428682521
-0.154323700645991,-0.00509988746617092,-0.323091156397384
-0.154115944771548,-0.00493500079061386,-0.322268941172513
-0.153907402608993,-0.00476938392013344,-0.321196886006251
-0.153697049898554,-0.00460234888670797,-0.319841364193748
-0.153486140292065,-0.00443550081627815,-0.318403832566751
-0.153280407317174,-0.00427338797545604,-0.3177712494394
-0.153070946474741,-0.00410790515327049,-0.316389269086763
-0.152864028754567,-0.00394843692770924,-0.316215600651061
-0.152660744573095,-0.00379011624578165,-0.316218139175118
-0.15245818241016,-0.00363286464262213,-0.31649747181986
-0.152258649626923,-0.00347935751482766,-0.317795946761155
-0.152056938439262,-0.00332382495686117,-0.318690573091232
-0.151855136187107,-0.00316856274075209,-0.319740708679122
-0.151651601036981,-0.00301437088052338,-0.321152782466046
-0.151448541575389,-0.002860685321221,-0.322819121563906
-0.151245548356151,-0.00270912038206919,-0.325122058779559
-0.151047620506517,-0.00255965580167184,-0.328509642724802
-0.15084703279772,-0.00240582051064516,-0.331031588183271
-0.150645891567553,-0.00225131806437714,-0.33368394643578
-0.150446510491465,-0.00209717032098014,-0.336892091438391
-0.150246973815756,-0.0019408112207953,-0.339903110992906
-0.150045273060665,-0.00177718564565703,-0.341303204622694
-0.149839862866755,-0.0016077690638567,-0.341201827836513
-0.149634726216383,-0.0014398188601157,-0.341431059636366
-0.149428447757958,-0.00127031002702571,-0.341304790961343
-0.149222040448226,-0.00109911057623712,-0.340771277228087
-0.149016513165273,-0.000932843843970584,-0.341280180780113
-0.148810621059134,-0.000764241171849929,-0.341298484941148
-0.148601782576647,-0.000592325116530567,-0.340552320577404
-0.148390570266769,-0.000420120620444801,-0.339648353855047
-0.148179820178734,-0.000249276197078172,-0.339024984263591
-0.147967313650853,-7.31479584868476e-05,-0.337428501612056
-0.147757038206474,0.000105617348910644,-0.335174178600601
-0.147547656926832,0.000286173522633531,-0.332494225876351
-0.147334184585079,0.000471759059281018,-0.328947971073359
-0.147120420444169,0.00065977941962164,-0.32484974133478
-0.146910145428046,0.000840468483160353,-0.321559857714992
-0.146702120057426,0.00101754166927687,-0.3186013453421
-0.146493926853456,0.00119615834001963,-0.315283933647272
-0.146286616921206,0.00137520734836197,-0.311710590123523
-0.146080750527557,0.00155200782857266,-0.308288265245181
-0.145877484442353,0.00172380249120174,-0.305386770279391
-0.145676577924246,0.00189415553064562,-0.302488493969724
-0.14547468589363,0.00206249090548779,-0.299911017212101
-0.145276399543566,0.00222655298300111,-0.297852038706577
-0.145080393429066,0.00239087632652099,-0.295492048056571
-0.144887033886898,0.00255188224428281,-0.293555085710635
-0.144695798484727,0.00270983190308757,-0.292053605788593
-0.144502437238404,0.00287150687662034,-0.289719486679245
-0.144309566712347,0.00303503491216195,-0.286844933804647
-0.144116079636888,0.00320128649516234,-0.283286996334046
-0.143925902364179,0.00336282902552498,-0.280203062661434
-0.143740957370363,0.00351736893512189,-0.27807895290314
-0.143553041626507,0.0036732913823939,-0.275700425579015
-0.14336363792591,0.00383446542007716,-0.27220855217662
-0.143176025381207,0.00399002611152876,-0.269535374669872
-0.142985139897161,0.00415085596652354,-0.265911729991453
-0.142799962921955,0.00430865412053102,-0.262172772737474
-0.142616082984242,0.00446328625548297,-0.258808404850477
-0.142436832214765,0.0046077411453362,-0.257040586047147
-0.142254934929812,0.00475792420664524,-0.254091188244734
-0.142073131549022,0.00490897164417683,-0.250796315809315
-0.141891873087641,0.0050636579089991,-0.246487076873999
-0.141714206373564,0.00521261904569712,-0.242775477716839
-0.141536512087535,0.00535638370206229,-0.239866515248998
-0.141359139846328,0.00550298540408325,-0.236219849508911
-0.141184308623456,0.00564776933321397,-0.23250359704209
-0.141013015884685,0.00578442021671839,-0.229946979877065
-0.140839640718291,0.00591863190106706,-0.22790715666502
-0.140666457442016,0.00605420253877504,-0.225446425098381
-0.140495056077099,0.00618893099655649,-0.222907290090721
-0.140323384107464,0.00632229505431898,-0.220558953444541
-0.140151477649398,0.00645747823492798,-0.217713766545234
-0.139982088662288,0.00659137190730815,-0.214682682839104
-0.139817147074297,0.00672423687220178,-0.21109148912624
-0.139650795076595,0.00685809774766732,-0.207248391727955
-0.139486628324661,0.00698937601782114,-0.203423497910348
-0.139324903014892,0.00711190433071279,-0.201124069201335
-0.139163485139502,0.0072323641231866,-0.199105328306468
-0.138999560922549,0.00735078441238366,-0.197590787037785
-0.138837066200545,0.00747402366358656,-0.194838205343137
-0.138673610440746,0.00759880531852655,-0.191700663794512
-0.138509914159667,0.00772040943666146,-0.189116955664975
-0.138346983766898,0.0078389128555926,-0.187026368477644
-0.138184422046325,0.00796361909926256,-0.183451090759247
-0.138023425529307,0.0080888925703211,-0.179344808530976
-0.137862397729907,0.00821200850171506,-0.175463485753388
-0.13770280668684,0.00833532094692129,-0.17112142510083
-0.137543986898577,0.0084566882772367,-0.166885755803934
-0.137387809198365,0.00857464056811031,-0.162765369843144
-0.137230791536603,0.0086902802381295,-0.159057158758442
-0.137073340113102,0.00880307717831135,-0.155779111852575
-0.136918093048973,0.00891569247742626,-0.152092893408866
-0.136763819429529,0.00902606944951203,-0.148549766433568
-0.136609601277049,0.00913459858386857,-0.145213619070071
-0.136455115199918,0.00924491897677996,-0.14137494135725
-0.136301994554639,0.00935271499646502,-0.137638349801029
-0.136146928425936,0.00946167157539576,-0.133754381437924
-0.135991734976181,0.00956634911939784,-0.130516295638403
-0.135841121739657,0.00966467386708645,-0.127815307527313
-0.135688485589572,0.00976139242415659,-0.12548239956359
-0.135537135447094,0.0098582855768222,-0.122833808664388
-0.135384802342154,0.00995377979901821,-0.120400969879386
-0.135231549587798,0.0100512413344013,-0.117603684567387
-0.135078367514867,0.0101472672098435,-0.114905490305163
-0.13492776240318,0.0102411994916179,-0.112169149343052
-0.134777112262773,0.0103369804896741,-0.108932156625076
-0.134628612410011,0.0104291054327436,-0.105942085857394
-0.134482006903401,0.0105192867221505,-0.102916256409526
-0.134335009892544,0.0106068342125892,-0.100298834983201
-0.13418761311681,0.0106938732169954,-0.0976839189147946
-0.134037420313371,0.0107792748232113,-0.0955228966532078
-0.133888223430888,0.0108670573709673,-0.0927308068067266
-0.13373719880555,0.0109514149298027,-0.0905924634052713
-0.133585322370988,0.0110344368607491,-0.0886474529195559
-0.13343635246725,0.0111099837569787,-0.0876110788484263
-0.133287885330346,0.0111801717202261,-0.0874159428568462
-0.13313727291265,0.0112511505954904,-0.0871756434412813
-0.132985299714164,0.0113222755162856,-0.0869474620268434
-0.13283069760426,0.011396831781788,-0.0863168742816908
-0.132679551993471,0.0114653462532673,-0.0864009602373355
-0.132527800721758,0.0115344787998298,-0.0864328387230614
-0.132376897741906,0.0115943690125006,-0.0879208210772058
-0.132225783220471,0.0116541897134557,-0.0895301849908302
-0.132074729898926,0.0117175653277723,-0.0906920830526116
-0.131920801189283,0.0117808517893633,-0.0919499772907895
-0.131766405276169,0.0118446927929381,-0.0932338081149987
-0.131608829179823,0.0119134126324789,-0.0938782059413192
-0.131450702974557,0.0119860976346644,-0.0940456136188203
-0.13128910502509,0.012058983941341,-0.094261502692663
-0.131127288245705,0.0121360052413129,-0.093992680946971
-0.130967346308474,0.0122118848716886,-0.0938081560805656
-0.130805259213622,0.0122907714690447,-0.0933282668745265
-0.130646020723572,0.012372476558512,-0.0923478187965289
-0.130488731775597,0.0124521856431642,-0.0914775834957983
-0.130329712491889,0.0125321959926936,-0.090625046203167
-0.130171561201408,0.0126084503523038,-0.0901833546313828
-0.130014973159484,0.0126808903551751,-0.0901853033219895
-0.129860420920777,0.0127478748767435,-0.0909488814687486
-0.129705881242085,0.0128157637806123,-0.0916363597456604
-0.129550254843761,0.0128883087451482,-0.0917061323602248
-0.129396284144435,0.0129571503574964,-0.0923100475761533
-0.129243343268607,0.0130230753888368,-0.0934005630491848
-0.129092633323743,0.013084352493034,-0.0953935272608637
-0.128941553180609,0.0131471286287945,-0.0972895819666229
-0.128788497752397,0.013212104814964,-0.0988920603775105
-0.128634638905686,0.0132789427615887,-0.100312295837471
-0.128478767132751,0.013351080992968,-0.101019132194735
-0.128321398566994,0.0134252490686109,-0.101483622678277
-0.128157745169521,0.0135071983895623,-0.101086197986661
-0.127995802161101,0.0135906653162842,-0.10042802230786
-0.127835291012676,0.0136725410448738,-0.0998914499768999
-0.127674686234222,0.0137592392671098,-0.0986767217581527
-0.127516962827029,0.0138412129119037,-0.0978977572153873
-0.127358162048274,0.0139281703581394,-0.0964225553872774
-0.127199343072181,0.0140170049693764,-0.094616422740784
-0.127042947403741,0.0140973616705521,-0.0937871879051514
-0.126887023068148,0.0141786258328247,-0.0927436092912384
-0.126732899207289,0.0142599086034404,-0.0915016258626187
-0.126579443921892,0.0143424289476303,-0.0898973550346993
-0.126425820269759,0.0144268942407583,-0.087911821352724
-0.126272716236108,0.0145086815841822,-0.0862185316698259
-0.126122040140613,0.0145855349716269,-0.0850125113584064
-0.125973370507564,0.0146576758275004,-0.0844230083397904
-0.125823882526167,0.0147280826572381,-0.0841772594409221
-0.12567502115952,0.0147984459298004,-0.08389446648596
-0.12552565337962,0.0148691291784711,-0.0835662008268619
-0.125378497828921,0.0149386975310561,-0.0832802602519865
-0.125230648712866,0.0150074638066984,-0.0831779155703154
-0.125083682233747,0.0150766137075315,-0.0829320887172429
-0.124938414106556,0.0151418094106019,-0.0833587185517921
-0.124793350558886,0.015203984701821,-0.084452169848131
-0.124648851651655,0.0152642585951217,-0.0860449239381698
-0.124503598321945,0.015327756127746,-0.0871226491906932
-0.124355384765543,0.015396560379372,-0.0873356829630266
-0.124207769903456,0.0154647171926131,-0.0876757107831053
-0.124060083852707,0.0155347254157067,-0.0876407496292992
-0.123912258481809,0.0156052591923783,-0.0875284259982655
-0.123765726095894,0.0156768990338083,-0.0870714024056306
-0.123616985745249,0.0157510487175059,-0.0862708641357952
-0.123470899187358,0.0158263272627511,-0.0848931029915484
-0.123326600775785,0.0159027407096368,-0.0829716327239605
-0.123183774724189,0.0159757772685266,-0.0814925069942998
-0.123041081982853,0.0160522457917524,-0.0790947240863811
-0.122899995198959,0.0161314794970224,-0.0755618000773418
-0.122761877470582,0.0162129047201029,-0.0705170842118611
-0.122628506153327,0.0162890488192075,-0.0652336045123354
-0.12249656223434,0.0163636669648449,-0.0596191351915826
-0.122366876767043,0.0164352075814706,-0.0538486870999951
-0.122236178537177,0.0165039433756833,-0.0488884208134148
-0.122109560268159,0.0165658660507441,-0.0443941172089855
-0.121982129577319,0.0166223307532707,-0.0414537519602137
-0.12185493139196,0.0166709926282219,-0.0405416746850863
-0.121729138786082,0.0167197826672468,-0.0392603752142925
-0.121602977183754,0.0167682434759437,-0.038040145187639
-0.121478143898239,0.016814670537084,-0.0370651200533904
-0.121353554515643,0.0168583014519622,-0.0368564491258495
-0.121229046854848,0.0169017605990715,-0.0366433642127534
-0.121103375804416,0.0169428321615367,-0.0373147440493251
-0.120977427004589,0.0169821426079364,-0.0386197601159659
-0.120850888617018,0.0170211034870082,-0.0402376797915928
-0.120723530800033,0.0170611599794824,-0.0417743586318677
-0.120598208511444,0.0171013077242096,-0.0433071983162392
-0.120473254329196,0.0171405634516267,-0.0453363868948577
-0.12035043965663,0.0171788935588489,-0.0478335167316847
-0.120227872042525,0.0172196098031515,-0.0497652141045547
-0.120107494272692,0.0172618705932301,-0.0510973345944427
-0.11998864079489,0.0172984139622235,-0.0550843764639461
-0.119869375002847,0.0173351797775748,-0.0597866455082611
-0.119750339740559,0.0173751733378663,-0.0638097848509227
-0.119631325056545,0.01741755765962,-0.0674240779821405
-0.119510918860076,0.0174628365596952,-0.0704860736704969
-0.119389681743935,0.0175070399814067,-0.074831137794886
-0.119267336298662,0.0175519126555399,-0.0799143281144655
-0.119144419484556,0.0175996853630975,-0.0846998916681125
-0.119020655124047,0.0176490074570125,-0.0898091125991198
-0.118897666267538,0.0176992751222222,-0.0956497223725465
-0.118773579837815,0.0177515387031693,-0.101905891268649
-0.118645422549274,0.0178091871952344,-0.106810017223467
-0.118516413029526,0.0178687788347198,-0.111882923747244
-0.118386491995341,0.0179310363917386,-0.116742738214938
-0.118256896420797,0.0179934878261815,-0.12269841873446
-0.118125601651504,0.018055947478448,-0.130323079053058
-0.117993242914844,0.0181241475033073,-0.136538756794402
-0.1178596602658,0.0181941643850236,-0.143381095848589
-0.117724003351934,0.0182652893147725,-0.151419554478367
-0.117586933424066,0.018342070490437,-0.158399793084159
-0.11744908919682,0.0184216579317759,-0.165432695326744
-0.117309511186654,0.0185033208339863,-0.173114742247386
-0.117168406399416,0.0185865511916662,-0.18179418302994
-0.117025158565203,0.0186695575471446,-0.193194439566517
-0.116878765159284,0.0187625593807173,-0.201451800673158
-0.116731023314694,0.0188578180419915,-0.210931762120455
-0.116580083631854,0.0189586686356103,-0.219492489270512
-0.116424614656751,0.0190607914404117,-0.228971415247147
-0.11626864721912,0.0191618137329511,-0.242293240027899
-0.116109303199589,0.0192728728474308,-0.253016636500397
-0.115947793836463,0.0193927956987211,-0.261779252794932
-0.115784993954116,0.0195175084022546,-0.270330079343648
-0.115620274080516,0.0196504153981689,-0.276066646909405
-0.115453472326271,0.0197895750366467,-0.279547770211661
-0.115287571171631,0.0199271556869719,-0.284976527190941
-0.11512032277212,0.0200692173981281,-0.289197074514949
-0.114949682777264,0.0202220845224208,-0.288970873571025
-0.114777875878512,0.0203801236508791,-0.286618033618556
-0.114606210286041,0.0205422735524912,-0.282220577029352
-0.11443499302962,0.0207021423592486,-0.278251298711739
-0.114264823665639,0.0208582263083639,-0.275236903012358
-0.114094585701712,0.0210187425397981,-0.270140569379901
-0.113925623658676,0.021178777524269,-0.264310570781983
-0.113760205070679,0.0213300035010375,-0.260293813793432
-0.113595419067057,0.0214836690936154,-0.254510029435765
-0.11343318889048,0.0216336813558441,-0.248675152702515
-0.113274370798247,0.021780864162443,-0.241846391695369
-0.113118561681762,0.0219245374967991,-0.234395453296725
-0.112964758056253,0.0220660389088204,-0.225995327912922
-0.112812332298631,0.0222037570157398,-0.218003836710987
-0.112661292117056,0.0223404730001065,-0.208955367721377
-0.112511706632942,0.0224724407455095,-0.200664412414809
-0.11236408858893,0.02260045466429,-0.192459976154123
-0.112218674119637,0.0227225483103864,-0.1852263767852
-0.112076066709593,0.0228386277979744,-0.178805487966652
-0.11193593185391,0.0229524713649401,-0.171334378864527
-0.111797657871507,0.0230601377636857,-0.165384019945412
-0.11165981532935,0.0231661046054362,-0.159445615952635
-0.111524610600697,0.0232719365378337,-0.151303683134967
-0.111391794637868,0.0233749340798231,-0.142278741346504
-0.111261801509954,0.0234745160160445,-0.132203915747353
-0.111135774000892,0.0235682000468835,-0.121528505575303
-0.111011269640477,0.0236584711522644,-0.110717212645383
-0.110890539509872,0.0237407945042953,-0.10076677047191
-0.110771931091612,0.0238182100081687,-0.0911942783301758
-0.110654699107232,0.0238956432960391,-0.0795397814363359
-0.110541423634586,0.023964898717237,-0.0685335615109032
-0.110429565236815,0.0240350406527851,-0.0547953369895859
-0.110320623835958,0.0240987525627288,-0.0413554342710638
-0.110214839643993,0.0241546798028715,-0.0288192956608046
-0.110111862769796,0.0241999379784272,-0.019417877804601
-0.11001167290482,0.0242361953367815,-0.0126022735740825
-0.109913072870215,0.0242712880984185,-0.00442294235356987
-0.109816563570827,0.0243004119777582,0.00242634952007731
-0.10972092784109,0.0243303977709646,0.0114188839308357
-0.109628977245826,0.0243552053633225,0.0211629911570829
-0.109540010464819,0.0243753168476981,0.0314947779325882
-0.109454728791016,0.0243893261018071,0.0421424036701677
-0.109373058160709,0.0243985522906656,0.0540980403756527
-0.109293475446271,0.0244035817796837,0.0663811109436036
-0.109218105450686,0.024398194596882,0.0761962531212914
-0.109146979661785,0.0243826434589595,0.0827053916130124
-0.109075484178396,0.0243664819237643,0.0897663935474958
-0.109007015982281,0.0243458429670673,0.0968719453646109
-0.108939919943802,0.0243223681227827,0.104237737990952
-0.108872453583897,0.0242982812157292,0.112408062852922
-0.108805142270469,0.0242681432186775,0.117203984438039
-0.108740651186366,0.0242337707455127,0.121592387517462
-0.108676758930912,0.0242013406869084,0.129294042577103
-0.10861424110963,0.0241684890738264,0.139338149460536
-0.108554398697022,0.0241298379514995,0.148846177787699
-0.108494853194327,0.0240877883874001,0.157459996376984
-0.108439215347978,0.0240379827458645,0.164881998097586
-0.10838664064011,0.0239822860503393,0.171561051862872
-0.108334641165752,0.0239238208403517,0.1776443142015
-0.1082840466147,0.0238599803819102,0.181245404440877
-0.108232977303302,0.0237888705944353,0.178163766028688
-0.108181289922961,0.0237228908352515,0.178966673512824
-0.108130170349092,0.0236562302474702,0.179848727856072
-0.108080434012868,0.0235854856676033,0.177732154723671
-0.108028651880578,0.0235150574926374,0.17390118104212
-0.107977603522622,0.0234452163850993,0.169852181185017
-0.107923833439364,0.0233768202126999,0.164179967359429
-0.107868790114756,0.0233117266061837,0.159620048432204
-0.107812000332926,0.0232468803457136,0.152701578805724
-0.107753481731356,0.0231859268318261,0.146507588813458
-0.107692226291942,0.0231300477852762,0.141990505097609
-0.107629181764857,0.0230778421229741,0.138723508050696
-0.107566426208458,0.0230274051959945,0.136304372657277
-0.107503313751816,0.0229778771635368,0.13383240088521
-0.107440829162047,0.0229265411848747,0.129122577871679
-0.107376435050527,0.0228788487109609,0.125626623582616
-0.107313077278201,0.0228297067554627,0.119769742508462
-0.107248304896322,0.0227844878471704,0.115232213284193
-0.107182977848983,0.0227406926714388,0.110100973700198
-0.107115426175937,0.0226998858225035,0.105159640372561
-0.107045387434651,0.0226591846187822,0.0972273699496341
-0.106973619004113,0.0226260611191541,0.0938393135369849
-0.10690161148586,0.0225922045013083,0.0882955305265846
-0.10682798660402,0.0225627949288835,0.0847134544836732
-0.106753559719079,0.0225331356685897,0.0789854397560657
-0.106678476481219,0.0225073521021935,0.0751409558251663
-0.106603241120616,0.022486987729217,0.0761093618392373
-0.106528963558838,0.022467453481327,0.0792051357811408
-0.106454279239985,0.0224464978380601,0.0812476382240432
-0.106379617754052,0.022425023914316,0.0833912966640156
-0.106306336571532,0.0224017908660272,0.085506460636211
-0.106233187380834,0.0223790659034549,0.0889377490884337
-0.10615975652104,0.022359140681996,0.0958458154855482
-0.106087485608651,0.0223363220911266,0.102657067707768
-0.106017663033343,0.0223086254821592,0.108697457006559
-0.105948067934119,0.0222795556547393,0.115011971436359
-0.105882499999148,0.0222453244101172,0.121740631622782
-0.105818132412192,0.022210421980888,0.130669385329403
-0.105753880655759,0.0221723209879804,0.138420842458589
-0.105692622777369,0.022128705182713,0.145524076100716
-0.105632699714125,0.0220808085994953,0.151351137707749
-0.105573392429639,0.0220280168031342,0.154262763669696
-0.105516037810753,0.0219721034880513,0.156536772674606
-0.105460776559406,0.0219114883364344,0.155779937323308
-0.105406509657341,0.0218484172168034,0.152150231978615
-0.105351796102991,0.0217895358546948,0.152598065219251
-0.105298248248884,0.0217310993016899,0.155296098904747
-0.105248325004562,0.0216687852774678,0.15775410336818
-0.105201206074119,0.0216065045962227,0.165713564099777
-0.10515656163405,0.0215391272068983,0.172458677781194
-0.105114864645207,0.0214666226147582,0.177622125792718
-0.105073218217518,0.0213913338869352,0.180112545142683
-0.105033888734233,0.0213165840220056,0.189411035476689
-0.104995037842181,0.0212380167395884,0.196339021513081
-0.104957629796675,0.0211561757897385,0.202948445120733
-0.104922598022678,0.0210711982724493,0.211148024455956
-0.104889133904391,0.020981815552002,0.217674992080268
-0.104859189165534,0.0208877318544368,0.224662533195922
-0.10483111979345,0.0207914295024406,0.234566592564873
-0.104805879875001,0.0206921437602232,0.249200392256501
-0.104782850089572,0.0205842925476837,0.257400198104228
-0.104760508436815,0.0204723125152613,0.262679698554424
-0.104738340372596,0.0203570335662764,0.26427897806777
-0.104716439604135,0.0202426455934421,0.269098514796052
-0.104695095260932,0.0201250473488325,0.271434251189796
-0.104674923962887,0.0200049024530197,0.271875327212283
-0.10465472793642,0.0198847047552572,0.272392933621062
-0.104634658723283,0.019763837612219,0.272636584358986
-0.104614866629964,0.0196397305000131,0.265220265156317
-0.104595284006408,0.0195224353974015,0.270514447507146
-0.104577645612401,0.0194019076172897,0.275229655249307
-0.104559310934446,0.0192810433880033,0.279913489103255
-0.104542136575537,0.0191559840087344,0.278923947691691
-0.104524673190444,0.0190326387931128,0.281204187311805
-0.104504796303478,0.0189070206928327,0.27389796636557
-0.104482864059159,0.0187836012235974,0.264196980213902
-0.104461502049554,0.0186673963910525,0.267630016518569
-0.104439855391285,0.0185502515389741,0.270263482416338
-0.104417739688944,0.0184322066087023,0.271811617790503
-0.104395670078344,0.018314868173971,0.276712642667789
-0.10437722544814,0.0181939541076328,0.28396994676858
-0.104361170239004,0.0180707152722292,0.296323718967204
-0.10434866815137,0.0179432459284343,0.314101787050672
-0.104342035325467,0.0178076622646056,0.337387598598981
-0.104341988135286,0.017660982119936,0.364052246246021
-0.104347142208015,0.0175019095732564,0.387824708808474
-0.104354748762182,0.0173315549565194,0.402324467672895
-0.104366744472398,0.0171525239309065,0.415769534026125
-0.104382123760872,0.0169682580240008,0.43263493620824
-0.104399931705483,0.0167780504760532,0.450115951359008
-0.104423531428935,0.0165781175316073,0.469550477268458
-0.104450633102067,0.0163680525235533,0.483828167659127
-0.104480931537485,0.0161482881654672,0.489474253489431
-0.104512107055717,0.0159260355526396,0.494641260117108
-0.104542799848622,0.0157005871957826,0.493123926723341
-0.104572328696924,0.0154759201955437,0.489778161094716
-0.104600995447904,0.0152530588483979,0.488032878237746
-0.104630010841558,0.0150294151914458,0.483716674039782
-0.104658751226443,0.0148057745373646,0.473902332943963
-0.104683169037008,0.0145863041810317,0.456499725445622
-0.104701683026827,0.0143753838086077,0.436003658390952
-0.104713853962012,0.0141748267458153,0.416382470370298
-0.104720745874066,0.0139842801822528,0.398118555078771
-0.104723567894072,0.0138025272379296,0.382263505766798
-0.104721261019588,0.013628994383928,0.36604824879912
-0.104714910844195,0.0134620497267819,0.344744105231342
-0.104703277332892,0.0133047313483208,0.320987201276178
-0.104687072251942,0.0131573049453734,0.293848915066205
-0.104665462316251,0.0130238525560964,0.275721184422984
-0.104640140387668,0.0128984087440278,0.257910410984646
-0.104610863136387,0.0127835124844675,0.249641034024425
-0.104580233588809,0.0126727050673195,0.243525150056122
-0.104547961648877,0.0125645535893076,0.236130222634097
-0.104515262268774,0.012458903072613,0.228331840528431
-0.104481575189006,0.0123569892048694,0.22294566159011
-0.104445585254218,0.012257059515321,0.212472746261975
-0.104407723367019,0.0121614554067046,0.202832700934425
-0.104368002839713,0.0120707061238176,0.196727997059559
-0.104328122535306,0.011982204855562,0.191696499370503
-0.104285656541767,0.0118942130611708,0.175020404503689
-0.104239192690653,0.0118147812034546,0.162207748748311
-0.104189238371221,0.011741411641468,0.149392429163305
-0.104138098952431,0.0116748277538609,0.145754684812745
-0.104085553715277,0.0116106223075282,0.143267267622867
-0.104033346826559,0.011546781035439,0.1405347173716
-0.103981745075372,0.011483933193239,0.140584698594935
-0.10393207358706,0.0114225400026848,0.15251269156095
-0.103883687917569,0.0113567336258451,0.163051591165799
-0.103836388037741,0.0112842212380629,0.163160480957471
-0.103789080729152,0.0112118295058987,0.163788834213586
-0.103741752017158,0.0111402640165167,0.167817276478058
-0.103694664521734,0.0110682931718541,0.174694026002849
-0.103649407341575,0.010991740246572,0.177488235652941
-0.103606328595563,0.010915334136228,0.189817446773448
-0.103566887496303,0.010833243014369,0.204869114311845
-0.103531685462783,0.0107429562718396,0.218790290141595
-0.103496611638016,0.0106464770386756,0.223353321752801
-0.103464052300583,0.0105453263639937,0.22352147442946
-0.103432368185429,0.0104433312964834,0.223497456262589
-0.103400704870443,0.0103446018005819,0.2358501892108
-0.103371535210044,0.0102386152871603,0.241332540793962
-0.103343277491431,0.0101310983380683,0.249686919159826
-0.10331690963205,0.0100214330644872,0.26412129049659
-0.103294941962686,0.00990402236131636,0.279354283114178
-0.10327522717627,0.00977887411006512,0.287938240123881
-0.103256792557102,0.0096511501407079,0.298471412306522
-0.103240180518037,0.00951697665519191,0.301595081728715
-0.10322409729584,0.00938240591379453,0.307343434045841
-0.10320953716852,0.00924577350247797,0.316134852547222
-0.103197581523023,0.00910835590787326,0.336142477314419
-0.103190377615767,0.00896006898319968,0.352360672534263
-0.103186552252097,0.00880429334423812,0.367231628085025
-0.103185366473892,0.00864007227419363,0.373905678647169
-0.10318656968264,0.00847187574011305,0.38138833545407
-0.103188647123539,0.00830194445367966,0.391931188399932
-0.103192165169704,0.00812861744511034,0.404090168280812
-0.103199079819005,0.00794999621905824,0.419588050088977
-0.103209351688712,0.00776376704696855,0.43339338890736
-0.103221803644458,0.00757257060454342,0.447842192685174
-0.103235997570818,0.00737518255546742,0.459719694071209
-0.103252698027434,0.00717197235902763,0.470384956930671
-0.103272770727661,0.00696141459647764,0.476483962977284
-0.103294617508483,0.00674697656900718,0.480776965211228
-0.103317868210773,0.00652909827227179,0.481173955120244
-0.103341282946046,0.00631319478224337,0.489457891439169
-0.103367195075535,0.00609434733133021,0.504277485334308
-0.103396019804142,0.00586995420666746,0.521356915389213
-0.103429945179924,0.00563725279263975,0.542830582428908
-0.10346777558799,0.00539545336029327,0.562398061283364
-0.103512225852665,0.00514378625239766,0.588203392140339
-0.103561619705198,0.00488130014212194,0.613415893394937
-0.10361735591176,0.00460661682173298,0.638626072913189
-0.103680099566854,0.00432033671297048,0.66912026239358
-0.103747503392146,0.00401982941752223,0.689636011909853
-0.103819366294196,0.00370871534729923,0.706489849988686
-0.103895949736368,0.00339038571573406,0.730687770283115
-0.103974322188706,0.00306139532566248,0.739604644544595
-0.104055969456992,0.00272689228237953,0.749866686701054
-0.10413592538798,0.00238835986942124,0.747083441594546
-0.104216257915056,0.00204953294494811,0.744931731596066
-0.104295159862083,0.00171026884325589,0.734899759143076
-0.104369438257762,0.00137593504052634,0.716753031868068
-0.104438523029876,0.00105034514185928,0.687045933422067
-0.104500745181553,0.000737824666475308,0.654759697352843
-0.104556462595681,0.000438736140878993,0.6162215239275
-0.104604965290933,0.000157307595826557,0.592556257692633
-0.104647493135814,-0.000112377829471069,0.571647203141087
-0.104684735403079,-0.000372341568555266,0.547096195079971
-0.104714215957894,-0.000620505016605724,0.508033333298885
-0.104732978369856,-0.000850602278315808,0.469887088998576
-0.104743722800396,-0.00106356654917243,0.438830139441109
-0.104749762148801,-0.0012623676644754,0.417569478165936
-0.104747839904629,-0.00144988606361139,0.397639071069635
-0.104743632222883,-0.00162935020910165,0.383829166298915
-0.104736404918144,-0.00180283828516034,0.369219071599323
-0.104727011379051,-0.00196966475745124,0.361626477270224
-0.10471519799629,-0.00213237359386434,0.357479408156533
-0.104702650557793,-0.0022936400768662,0.351496830109581
-0.104687805688131,-0.00245208907503541,0.343905625999842
-0.104675290508246,-0.00260933388184624,0.34338239332294
-0.104661793531113,-0.00276633028207625,0.339413685982318
-0.104649094664746,-0.00292273009680231,0.336963020029198
-0.104634148732505,-0.00307769128897661,0.326977937889048
-0.104616512451868,-0.00322773329627612,0.318138803954175
-0.104594827683992,-0.00337339192257573,0.297843781085143
-0.104570097658579,-0.00351001387019973,0.287939159693502
-0.104541008434187,-0.00364203726784939,0.261823195493005
-0.10450499069386,-0.00376149406873168,0.234556238178368
-0.104461423561355,-0.00386826372046418,0.200818712436112
-0.104410212355414,-0.00395938509991038,0.17029405094185
-0.104354474904746,-0.00403717650351875,0.151756903017489
-0.104294175940575,-0.00410623601251117,0.13189063243393
-0.10422892291428,-0.00416578963382646,0.112766086198982
-0.104159928078296,-0.0042168252926391,0.0941092148672188
-0.104087611772988,-0.00425971968638276,0.0791744521572363
-0.104011561811779,-0.0042954072876407,0.0657926897344353
-0.103933329772237,-0.00432484988395181,0.0592145358186938
-0.103855504116181,-0.00435159079104519,0.0624659093070282
-0.103776055972819,-0.00437782323907122,0.0631172789336816
-0.103699692598168,-0.00440482383002936,0.0766824810921932
-0.103623807346407,-0.00443774495160612,0.0782951654683462
-0.103544805178893,-0.00447051658112248,0.0676467147525366
-0.103462125472374,-0.00449875581572425,0.0479899051754628
-0.103375600597384,-0.00451844981955518,0.0263166780299257
-0.103281823175387,-0.00452793746515422,-0.0118738511118787
-0.103180787707415,-0.00452012449882316,-0.0409916718200051
-0.103074247100654,-0.00449929842102518,-0.0671509489986915
-0.102962323805443,-0.0044666334198709,-0.0935316319473291
-0.102843230564802,-0.00442138188974002,-0.12199464835632
-0.102719732718934,-0.00436365855543628,-0.142408737851499
-0.102591781896573,-0.00429666130640731,-0.163140743030929
-0.102457173293916,-0.00421957729337497,-0.19063285555261
-0.102315714261295,-0.00412955005485063,-0.21891490274286
-0.10216966349706,-0.00402707152173942,-0.241570920794332
-0.102014986448151,-0.00391270216809654,-0.281834545093085
-0.101852907056277,-0.00378018343401634,-0.311599703665169
-0.101683344554055,-0.00363343301990641,-0.349334265411475
-0.101506265864233,-0.00346991429376284,-0.380639161902316
-0.101321655483498,-0.00329190449254158,-0.418385591612172
-0.101129564623805,-0.00309709025945511,-0.449099450044886
-0.100927620105719,-0.0028877952018166,-0.49539011253606
-0.100716718701979,-0.00265808423658721,-0.530394311425771
-0.100501306828501,-0.00241385771179372,-0.550674287262963
-0.100282507037312,-0.0021613612217154,-0.571687124232714
-0.100058034032514,-0.00189859529736549,-0.587028415737694
-0.0998291034057509,-0.00162833610073403,-0.606988920140256
-0.0995950445261964,-0.0013482815947503,-0.633156224589829
-0.0993570698249804,-0.00105653428210697,-0.646809887173709
-0.0991145795885803,-0.000757241150466579,-0.660078527062306
-0.0988687906403807,-0.000452439807002918,-0.680114972798145
-0.0986196198084289,-0.000138639001813799,-0.696290402864801
-0.0983656228097316,0.000182704667893381,-0.720804331168593
-0.098106421639419,0.000515157290384447,-0.7465330627416
-0.0978411954039207,0.000860535361559972,-0.766027044355936
-0.0975730314484567,0.00121450227554683,-0.784149596882894
-0.0973014177634397,0.00157721934674133,-0.801178101229938
-0.0970281621050365,0.00194796516550792,-0.801587826647197
-0.096752897161412,0.00231958205271687,-0.809538491951055
-0.0964758907359135,0.00269454917150807,-0.819659490714163
-0.0961959323662377,0.00307418927139288,-0.835970298852505
-0.095912739328174,0.00346225357270967,-0.846979491653265
-0.0956271816858992,0.00385507232851741,-0.860368023837943
-0.0953395556502594,0.00425381821952262,-0.869607717258645
-0.095047768969342,0.00465819638256393,-0.884487510127168
-0.0947540640505524,0.00507005004692732,-0.889071743891545
-0.0944595350671398,0.00548519899210705,-0.888452359688298
-0.0941650159679538,0.00589844529878265,-0.898581888747057
-0.0938716178416938,0.00631621300364877,-0.891355516308826
-0.0935803019921177,0.00673127834576536,-0.881580553503537
-0.093290856837702,0.00714121042004682,-0.877286434576757
-0.0930015216799925,0.0075507615081434,-0.871063690382946
-0.0927137288479844,0.00795643408285642,-0.869690648262491
-0.0924258040466952,0.00836061081121835,-0.876288874884828
-0.0921366894276761,0.00876819240673558,-0.879303826452703
-0.0918475186659139,0.00917934118354432,-0.870812198763073
-0.0915606975518592,0.00958444659772701,-0.868747378930433
-0.0912736547047986,0.00998891057931653,-0.86973647299505
-0.0909854484386463,0.0103956609747752,-0.867880643619612
-0.0906976427820934,0.010802312268929,-0.866069908216948
-0.0904083211459359,0.0112073766864032,-0.87406729987751
-0.0901167109639604,0.0116160181016325,-0.88627391271173
-0.089823803544495,0.0120302504606904,-0.893577348068202
-0.0895311291588629,0.0124478100331161,-0.893023061900821
-0.0892389117985734,0.0128665325674882,-0.887845231985966
-0.0889499971264417,0.0132813311495146,-0.879853275856444
-0.0886610814811488,0.013692341480464,-0.883689190325358
-0.0883710741868665,0.0141043516359034,-0.889942734573133
-0.0880798374845283,0.0145200774763465,-0.890460052771857
-0.0877870367756148,0.014936187089506,-0.89501147436435
-0.0874929761800738,0.015354601678182,-0.900607687102387
-0.0871979063412156,0.0157760193441713,-0.902741245677001
-0.086903437890859,0.0161999207327505,-0.898288716986942
-0.0866095568588765,0.0166228274635788,-0.892402224251752
-0.0863170677262856,0.0170409739059991,-0.892193478622338
-0.0860245135881208,0.0174608746565286,-0.888475640270827
-0.085732218697337,0.0178798906807735,-0.885012363629956
-0.0854408007261659,0.0182949107600666,-0.889950550586645
-0.0851485210629456,0.0187129964840659,-0.891176105865538
-0.0848566045141972,0.0191323102907796,-0.890272815428396
-0.0845642221020162,0.0195514052481242,-0.891578454049424
-0.0842714262395686,0.019972806241024,-0.888652828385299
-0.0839785540072376,0.0203933279773654,-0.88632186707139
-0.0836845089404541,0.0208112959999906,-0.889446914367011
-0.0833890760366949,0.0212289270165241,-0.897146635217825
-0.0830902915356294,0.0216495159078371,-0.908361503974648
-0.0827892404403356,0.0220767676247137,-0.915450437406116
-0.0824874080371427,0.0225076549882026,-0.922495006625155
-0.0821842695198302,0.0229412182764518,-0.929268612937467
-0.08187996939599,0.0233767767555261,-0.937668485025858
-0.0815744609100638,0.0238178964251034,-0.94337547510321
-0.0812682330358026,0.0242636387711953,-0.945059570342643
-0.0809624736670565,0.0247107754960546,-0.944615644111236
-0.080657548579958,0.0251553071231708,-0.948779406626154
-0.0803510119877306,0.0256039397524766,-0.951263407654418
-0.0800436655279949,0.0260506498217067,-0.960190519002592
-0.0797346250869018,0.0265024117640106,-0.966759570741983
-0.0794232089898502,0.0269563435800039,-0.977736928606418
-0.0791088108547897,0.0274147712676122,-0.992826644316776
-0.0787926638874692,0.0278828631923826,-0.997965314147296
-0.0784759072552632,0.0283530519818285,-1.00419706137161
-0.0781598405430424,0.0288284201896105,-1.00194867929684
-0.0778453708910513,0.0293042061273531,-0.99374354209872
-0.0775336857778639,0.0297785164617453,-0.980886933243172
-0.0772235751849277,0.0302486106005433,-0.96861306616497
-0.0769165594640337,0.0307130932404789,-0.955951100949367
-0.0766128257468557,0.0311718612034899,-0.943156641018621
-0.0763127879250542,0.0316277503203318,-0.925549591776042
-0.0760157756582273,0.0320774229175535,-0.908496214961088
-0.0757224288664697,0.0325205568080546,-0.891017335411839
-0.0754328007646615,0.0329526662307768,-0.877714424843428
-0.0751456681406729,0.0333762871676888,-0.868239871894633
-0.0748605742761252,0.0337974901308829,-0.85736408519752
-0.0745783269112746,0.0342129720341047,-0.846983737622679
-0.0742981683577389,0.0346216752398926,-0.839705378638355
-0.0740198494853317,0.0350252227319093,-0.834811502960956
-0.0737434168017547,0.0354260253766681,-0.829689613258231
-0.0734695274401089,0.0358239606879567,-0.823135098578807
-0.0731969041633319,0.0362160493446393,-0.821274125582004
-0.0729252160030155,0.0366098560266999,-0.815433816026367
-0.0726548786625129,0.0369997354633317,-0.811481855160356
-0.0723858954082669,0.0373853616562522,-0.81007515704757
-0.0721176363776052,0.0377693743178092,-0.809458634694974
-0.0718489306205572,0.0381515358471228,-0.812522224315812
-0.071580328414015,0.0385364243420208,-0.812602527564013
-0.0713123441106537,0.0389192073249503,-0.816049867511794
-0.0710433219211457,0.0393039977526486,-0.820411751582958
-0.0707729112288895,0.0396895533556906,-0.827794937367706
-0.0704996310667941,0.040078687906367,-0.8362210619061
-0.0702247841277219,0.0404748441992001,-0.838880936501962
-0.0699472324826473,0.0408682895282459,-0.849246265106679
-0.0696674067455241,0.0412686987898868,-0.85471233123801
-0.0693861084965559,0.0416707699345891,-0.862069166740073
-0.069103476104516,0.0420762473698692,-0.869121571991987
-0.0688208932935916,0.0424878451408509,-0.870494758781006
-0.0685388660159207,0.0429030646496118,-0.868829018420264
-0.0682581713357842,0.0433167866458054,-0.866722016819516
-0.0679774597690812,0.0437333630936436,-0.860951756888778
-0.0676982151404019,0.0441444266179691,-0.858677742842479
-0.0674199658921783,0.0445521406144855,-0.858458082637926
-0.0671418833879539,0.0449610972337388,-0.856898883418091
-0.0668639991746103,0.045372585083799,-0.851917826138856
-0.066587637133793,0.0457809842928596,-0.847151713714392
-0.0663126075430852,0.0461861182675256,-0.842908053675394
-0.0660387828756545,0.0465898477277513,-0.837907772312591
-0.065766209579992,0.0469941206434873,-0.830589603929379
-0.0654955145932983,0.0473967613228918,-0.821772977974016
-0.0652261121478301,0.0477965250288792,-0.813023300531554
-0.0649581854024268,0.0481963063067602,-0.802215310800099
-0.0646928993343602,0.0485958593810825,-0.78849622036054
-0.0644317405815962,0.0489918989352092,-0.772106843310633
-0.0641752312365963,0.0493811367057831,-0.754391251461812
-0.0639226836498505,0.0497599114190529,-0.738562474236951
-0.0636747768555347,0.0501292773132572,-0.722921346890311
-0.0634302465483411,0.0504880497931232,-0.710067657576968
-0.0631893910658853,0.0508405712832373,-0.696756494604644
-0.0629516484040671,0.0511873767749392,-0.683367310996954
-0.0627173050576496,0.0515273178009385,-0.670264316564798
-0.0624855273563692,0.0518611289532296,-0.658096763140749
-0.0622561538185473,0.052182363736519,-0.651607432967826
-0.0620278022065697,0.052495954287193,-0.649397183428924
-0.061800262452338,0.052814236790245,-0.64269855484937
-0.0615738177555091,0.0531324976131996,-0.634612616735342
-0.0613489664643326,0.0534472859589461,-0.626913001967099
-0.0611257716013546,0.0537563156905302,-0.620941917906889
-0.0609046131687462,0.0540595186959025,-0.616467214634427
-0.0606840723215101,0.0543642938726139,-0.610112528445403
-0.0604646384949277,0.0546646791176502,-0.605198695739904
-0.0602462904394383,0.0549572250468804,-0.604213423357818
-0.0600285039202566,0.055247992192528,-0.604059316270483
-0.0598106812782056,0.0555365107106565,-0.605350530765306
-0.0595932278709693,0.0558265790492195,-0.605508791825095
-0.0593758647483496,0.0561157190380854,-0.606499795368714
-0.0591583298429092,0.056402835085388,-0.609304067548591
-0.0589395280240227,0.0566951605531703,-0.609423846024546
-0.0587209240587234,0.0569875557414455,-0.609615404799683
-0.058501971753345,0.0572789804217764,-0.61061425896595
-0.058282686765078,0.0575678867978288,-0.614209737210025
-0.0580625375656724,0.0578573500562021,-0.618451937589684
-0.0578417386521055,0.0581516023953913,-0.620903746909582
-0.0576207297903512,0.058448107885101,-0.622606547934222
-0.0573989539387071,0.0587437231449845,-0.626117719235573
-0.0571759754759975,0.059044663066283,-0.626659352909174
-0.0569530736623956,0.0593434920126416,-0.628435148416969
-0.0567296381088596,0.0596460191103882,-0.628653772207421
-0.0565062177691745,0.0599474728167211,-0.62957742550406
-0.0562824616216964,0.0602511426729142,-0.629451287675271
-0.0560586700363989,0.0605524231871473,-0.630415823461929
-0.0558341289782708,0.0608537312158554,-0.631371383922447
-0.0556095066336847,0.0611547049218931,-0.632743108991683
-0.0553844602166948,0.0614532837335262,-0.635111691229871
-0.0551591672093586,0.0617558976969601,-0.636258998890048
-0.0549335577959232,0.0620607577298708,-0.63671504868429
-0.0547078370783353,0.0623700203088935,-0.635314488730889
-0.0544829454759193,0.0626770638679048,-0.634684275855334
-0.0542583929571663,0.062984068347464,-0.633981145201553
-0.0540339849273115,0.063291681378625,-0.632803424542794
-0.0538096283658343,0.0635995854096832,-0.631265504274396
-0.0535860467212885,0.0639031083344644,-0.630829643158377
-0.0533627163473236,0.0642007098656334,-0.633034464378214
-0.0531393441212322,0.0645031195330363,-0.63376700152308
-0.0529157929914112,0.0648054699934337,-0.634846646744187
-0.052692242559278,0.0651065623297289,-0.636811576573043
-0.0524683586718639,0.0654092718476264,-0.638055980615668
-0.052244222737965,0.0657124640363957,-0.639224841441765
-0.0520198145981124,0.0660165179454517,-0.640306456057146
-0.051795097765786,0.0663267856344911,-0.638942509758454
-0.0515703306441474,0.0666394362943333,-0.636486062781719
-0.0513455374688571,0.0669555831999011,-0.632825703744549
-0.0511213132712029,0.0672722880289231,-0.628564440183301
-0.0508985896693476,0.0675868207354803,-0.624229394221285
-0.0506766372707438,0.0679046910281761,-0.618722792792332
-0.0504561133244435,0.0682212404116894,-0.612962138970104
-0.0502368927891439,0.0685319710994903,-0.60800204749933
-0.0500191659268164,0.0688389455761946,-0.603339275487052
-0.0498023536773658,0.0691440835304398,-0.59868670298472
-0.0495867646323865,0.0694506620942698,-0.593281549354256
-0.0493731283894916,0.0697517701110354,-0.588413994233257
-0.0491604668214524,0.0700509527815316,-0.583567773137204
-0.0489492046864663,0.0703526091738435,-0.577612367129731
-0.0487393205061809,0.0706542168239015,-0.571137382273566
-0.0485311887714653,0.0709533413013653,-0.564484666068152
-0.0483247234217204,0.0712476183410607,-0.558264409951329
-0.0481198705553754,0.0715440865345357,-0.550894801282091
-0.0479171487729522,0.0718348804555051,-0.543842859809522
-0.0477165001092183,0.0721235541716579,-0.536339443735774
-0.0475177282289246,0.072405230436526,-0.529707412702898
-0.047320891624989,0.0726770593330805,-0.524611616465653
-0.0471251554735787,0.0729434650492859,-0.520354300174581
-0.0469303180460005,0.0732061578677154,-0.516586924926189
-0.0467365814814518,0.0734675116473552,-0.512696936938741
-0.0465434501646929,0.0737300479507793,-0.508278810910475
-0.0463515611999807,0.0739884995003559,-0.504229155407127
-0.0461605902604888,0.0742459697958204,-0.50001996969759
-0.04597141904658,0.0744992279266094,-0.49612101103674
-0.0457827079960589,0.0747501576756861,-0.492476298225797
-0.0455944295758744,0.0750035633496001,-0.488168344773377
-0.0454071599595256,0.0752570039680173,-0.483549972800906
-0.0452216390909692,0.0755049754992336,-0.47942895043352
-0.0450370658902919,0.0757522666895197,-0.475138512803512
-0.0448537674768156,0.0759961716532187,-0.471090316149427
-0.0446712029880575,0.0762387465747264,-0.467053847993273
-0.0444902954449497,0.0764749832356355,-0.463741028132084
-0.044310414476063,0.0767103983782503,-0.460281151883629
-0.044131339115257,0.0769414879752513,-0.457479243006929
-0.0439532848968682,0.0771711012429376,-0.454675323984761
-0.0437763047523759,0.0773979356276484,-0.452168102002975
-0.0436003212933757,0.0776196853564365,-0.450580047831511
-0.0434246185557061,0.0778423609579533,-0.448601749400644
-0.0432492643601534,0.0780667539303017,-0.445986832443358
-0.0430745451190959,0.0782920305625616,-0.442962683705112
-0.0429007077493464,0.0785166962244677,-0.43977423960139
-0.0427274954953392,0.0787389377602783,-0.436887559382555
-0.042554953292229,0.0789601903963224,-0.43396296612011
-0.0423829959355113,0.0791781990845395,-0.431460293263993
-0.0422113552888175,0.0794002227770248,-0.428042505701561
-0.0420408693103547,0.0796179736424802,-0.425057789415356
-0.0418709861994708,0.0798359120087418,-0.42185310586158
-0.0417019780767823,0.0800565641186507,-0.417890667443563
-0.0415342100857362,0.080278459548023,-0.413269163029249
-0.0413674333383655,0.0805039982684569,-0.407727307579862
-0.0412020470274277,0.0807268735301053,-0.402242948880837
-0.0410376450533748,0.0809457416213863,-0.39729163595703
-0.0408745352590727,0.0811652194489978,-0.391885094334285
-0.0407130199287171,0.081378878197176,-0.386921920172461
-0.0405522170376804,0.0815929074666591,-0.381895421552505
-0.0403921260772577,0.0818091471164841,-0.376656992307838
-0.0402336203428589,0.0820211501016536,-0.37153302646174
-0.0400764156386671,0.0822325433855603,-0.366206983475598
-0.0399204114076196,0.0824427006144961,-0.360877633116873
-0.0397654831402226,0.0826541182613232,-0.355333155069459
-0.0396123721367087,0.0828613503375092,-0.349762624832285
-0.0394605935479361,0.0830682007239975,-0.344017588211574
-0.0393101722717523,0.0832688280740993,-0.338819333119452
-0.0391617798064131,0.0834621314844964,-0.333890580631969
-0.0390152582561248,0.0836499591037123,-0.32907421547387
-0.0388699035153209,0.0838348138742261,-0.324419849349784
-0.0387258156232268,0.0840129339874877,-0.320381944664885
-0.0385833537469117,0.0841875899085843,-0.316346872321447
-0.0384418099623169,0.08435973749337,-0.312474816508241
-0.0383018794104084,0.0845261969001068,-0.308955328555097
-0.0381628436562851,0.0846922878691053,-0.305271625225367
-0.0380247792815408,0.0848570835525296,-0.301533339331386
-0.0378884170761249,0.085018024848137,-0.297862802290816
-0.0377523598444026,0.0851830184211122,-0.29358018682362
-0.0376171300675893,0.0853468837530091,-0.289280627477675
-0.0374832464718722,0.0855073447817182,-0.285071766055717
-0.0373499331936852,0.085669075745163,-0.280675925734407
-0.037217981204835,0.0858261263846621,-0.276512511602763
-0.0370867727819788,0.0859811122495465,-0.272520043550481
-0.0369573151748706,0.0861316815432429,-0.268507937382206
-0.0368285509572472,0.0862816299249017,-0.264492063717826
-0.0367010300459764,0.0864284649496519,-0.260528783366713
-0.0365746928508915,0.0865694405559304,-0.257091436515286
-0.0364494187617747,0.0867040038213966,-0.254338566247117
-0.0363249519315633,0.0868369097866189,-0.25160655087169
-0.0362005476791859,0.0869754568957309,-0.248207268587388
-0.0360765682817292,0.0871166967180575,-0.244524853654071
-0.0359535985850893,0.0872533068834836,-0.241219618608535
-0.0358315189685095,0.0873864550697834,-0.238175594887765
-0.035710094615326,0.0875185614287148,-0.235190669029878
-0.035589330720294,0.0876511449505977,-0.232066884474151
-0.035469000439056,0.0877855237622643,-0.228805334422747
-0.0353493295726858,0.0879192672451746,-0.22558172406203
-0.0352301944575677,0.0880483485199904,-0.222798356608132
-0.0351115079882307,0.0881785898274808,-0.219917679870442
-0.0349935510362688,0.0883077010946476,-0.217041906956247
-0.0348769911097162,0.0884289851920103,-0.2145552972856
-0.0347612967919047,0.0885482772676882,-0.21210043927009
-0.0346460408121373,0.088666990252716,-0.209659584768259
-0.0345317118810347,0.0887849418461987,-0.20711070307382
-0.0344180916256298,0.0888969863329481,-0.205008813881852
-0.0343051092063797,0.0890073493256321,-0.202968176933621
-0.0341933400148911,0.0891159940235119,-0.200861074258041
-0.0340821837196813,0.0892243691565169,-0.19867602534043
-0.0339714887421951,0.08933235540015,-0.196472828108859
-0.0338611812114807,0.0894359175860871,-0.194642107267464
-0.0337508887975833,0.0895426504220367,-0.192552515779097
-0.0336414463774371,0.0896469854935646,-0.190537550350067
-0.0335325929246786,0.0897492787333145,-0.188618735320897
-0.033424356310194,0.0898523890853117,-0.186535011803864
-0.0333160175893092,0.0899627334413802,-0.183907776051354
-0.0332078722079567,0.0900761234335381,-0.181103657061713
-0.0331005477850587,0.0901908511934352,-0.178039836347389
-0.0329938525738292,0.0903055488208469,-0.174946214092897
-0.0328879728835457,0.0904106324526543,-0.172531633744245
-0.0327831078919332,0.0905110350274854,-0.170294983343328
-0.0326792617123792,0.09060910708862,-0.168058339622119
-0.032575472317963,0.0907093155238257,-0.165721257812432
-0.0324722443931979,0.0908089842951924,-0.163367126998803
-0.0323696010582324,0.0909056607480606,-0.161181149624022
-0.0322675538571037,0.0910038541498659,-0.158809893724594
-0.032166144135562,0.0911031489074453,-0.156275875755659
-0.0320650075112914,0.0912032333791189,-0.153740864909602
-0.0319645125212071,0.0913006783695554,-0.151334619940031
-0.0318651017152478,0.0913937718913454,-0.149022875172456
-0.0317660399229992,0.0914835877597908,-0.146964671316013
-0.0316679009561694,0.0915700822565577,-0.144982958720372
-0.0315705906704883,0.0916532617818879,-0.143105009679569
-0.0314739822206558,0.0917331562933933,-0.141366303265135
-0.031378395006521,0.0918087367063377,-0.139777369315015
-0.0312839707834911,0.0918817238371927,-0.138163153909562
-0.0311898945117266,0.0919568842213876,-0.136296516656702
-0.0310966393541754,0.0920316928871928,-0.134270835493846
-0.0310037563788338,0.0921046693164751,-0.132397848783777
-0.0309121927785241,0.0921715680886515,-0.130801797078093
-0.0308211694934648,0.0922329025341783,-0.12971634631154
-0.0307304913742017,0.0922896917915322,-0.129067252392175
-0.0306395689125337,0.0923486062490566,-0.128225270028545
-0.0305490457512713,0.0924056632961902,-0.127510564065529
-0.0304589842202176,0.0924607426333234,-0.126932276019973
-0.0303690931720632,0.0925181035546708,-0.126093103188685
-0.030279899578039,0.0925747622260247,-0.125213181308901
-0.0301919613862524,0.0926229065384202,-0.125187635645769
-0.0301039797973081,0.0926685898453681,-0.125450498763769
-0.0300163626992372,0.0927127286805432,-0.125923743496538
-0.0299296389976226,0.0927543577267015,-0.126818607596973
-0.0298429046352975,0.0927962177629272,-0.127747742349553
-0.0297555477178776,0.0928397510878967,-0.128433703841341
-0.0296675463372893,0.0928839375260691,-0.129042932373813
-0.0295792897240019,0.0929317370977111,-0.129205941313415
-0.0294913027829466,0.0929745299313953,-0.130018021484396
-0.0294031652048674,0.0930200934311743,-0.130537307534852
-0.0293154579570449,0.093059663683141,-0.131954495905964
-0.0292266213372382,0.0931052393983935,-0.132548561076494
-0.0291379826143362,0.0931516965265829,-0.133096400698966
-0.0290498069980635,0.0931937252097099,-0.134310497429669
-0.0289614695662729,0.0932334271355894,-0.135918003118818
-0.0288732918460417,0.0932707369672941,-0.138071340925353
-0.028784623887792,0.0933113358017464,-0.13987058382116
-0.0286957432060275,0.0933507838284339,-0.141989576144262
-0.0286064140717825,0.0933943611923212,-0.143647126966274
-0.0285167475552743,0.0934400238753036,-0.145103719798869
-0.0284263644791986,0.0934884599090521,-0.146151781380951
-0.0283356611760236,0.0935418588428955,-0.146555558401243
-0.0282451713962176,0.0935931007949272,-0.147283963888436
-0.0281552418498536,0.0936404903636532,-0.148734471040484
-0.0280646965628279,0.0936931812292227,-0.149421855927233
-0.0279735470977892,0.0937508493415802,-0.149449664165096
-0.0278834729183876,0.0938023449268771,-0.15043144839287
-0.0277935899127882,0.0938485678468254,-0.152449864576356
-0.027703269936406,0.0938914231702762,-0.155171798845689
-0.0276119681433184,0.0939365616185672,-0.157568679360143
-0.0275193958692496,0.093986541496497,-0.159142540850522
-0.0274270041223272,0.0940418832945266,-0.160177665832497
-0.027334246147497,0.0941028942694742,-0.160429425670321
-0.027241344600287,0.0941631120579297,-0.160810767583377
-0.0271485881185694,0.0942211843725661,-0.161527092458502
-0.0270559809774836,0.0942744701450339,-0.163071092427231
-0.0269626461863894,0.0943326077276249,-0.163885270005412
-0.0268693542620044,0.0943892367970427,-0.165047457614539
-0.0267763563032369,0.0944460768382463,-0.166363465988807
-0.026683365751962,0.0944999616850247,-0.168323978433651
-0.0265900071905233,0.0945550601947608,-0.170239817623258
-0.0264965481530666,0.0946074151301667,-0.172928493771122
-0.026402512596336,0.0946567014237652,-0.176445807717996
-0.0263074626296887,0.0947093008274065,-0.179508483584151
-0.0262120081543374,0.0947648285569637,-0.182373298538879
-0.0261154912806034,0.0948242349022026,-0.184583721688678
-0.0260185532107971,0.0948843121401748,-0.186829820751876
-0.0259212566509255,0.0949459725472078,-0.189039806418931
-0.025823156811299,0.0950158968540242,-0.189974931351122
-0.0257250481886276,0.0950808724189544,-0.191818830475522
-0.0256267424152217,0.0951450229392633,-0.193949119994068
-0.0255285694293545,0.09520597395927,-0.197140093172221
-0.0254295024437271,0.0952692155214801,-0.200029237957779
-0.0253300099562479,0.0953320679423146,-0.203452908944779
-0.0252291304924193,0.0954003998446715,-0.205823597524181
-0.0251275804436498,0.0954695796585625,-0.208106749702104
-0.0250256449063914,0.0955373376183637,-0.210784058980366
-0.0249228269382797,0.0956113671486046,-0.212505314665632
-0.0248192867405365,0.0956884306296781,-0.213753147770622
-0.0247153612267995,0.0957667035242318,-0.21482968553864
-0.0246110755164075,0.0958508009357976,-0.215174437482041
-0.0245062118002648,0.0959422871365903,-0.214601921984188
-0.0244012524129098,0.0960350430752407,-0.213854436315424
-0.0242963887267328,0.0961290927507893,-0.212919775564707
-0.0241920717845724,0.0962211572780231,-0.212147653392802
-0.024088046523227,0.0963160474457556,-0.211039358388796
-0.0239854233959028,0.0964068385408212,-0.210326971000866
-0.0238834302289936,0.0964950479744349,-0.209920032880019
-0.0237819913344596,0.0965825932101983,-0.209587793978906
-0.0236809477000247,0.0966700513725288,-0.209262855230805
-0.0235798112395276,0.0967589449582707,-0.208692208100434
-0.0234789056805073,0.0968457478178893,-0.208375445141038
-0.0233777034024582,0.0969382654675678,-0.207252539995221
-0.0232765830000533,0.0970330935877218,-0.205786847164661
-0.0231762997617579,0.0971231393803544,-0.204834037369109
-0.0230770777857979,0.0972077675966333,-0.204588500576438
-0.0229776051882494,0.0972945732555594,-0.204011209273875
-0.0228786876311808,0.0973791859863929,-0.203711431391837
-0.0227797492081896,0.097465351153421,-0.203134291603521
-0.0226806646261402,0.0975557471755829,-0.201911248425075
-0.0225819136713968,0.0976503861245215,-0.19998376405373
-0.022484218413421,0.0977402839195824,-0.198493885831938
-0.0223865607391231,0.09783080409118,-0.19688887572004
-0.0222896825548398,0.0979200962921663,-0.195270626130972
-0.0221930944360121,0.0980102501325535,-0.19344213230139
-0.0220969459139327,0.098102529947037,-0.191179030225818
-0.0220016657082731,0.0981948768971283,-0.188634760454394
-0.0219066421862198,0.098286601003369,-0.186174805992851
-0.0218122277752056,0.0983838671707653,-0.182736743872653
-0.0217183336342893,0.0984851284026089,-0.178698086952248
-0.0216258393605661,0.098581883426879,-0.174797004607301
-0.0215345663442216,0.0986759740365334,-0.170871872395012
-0.0214452549457169,0.0987634301394759,-0.167083803408797
-0.0213566994669025,0.0988518482915388,-0.162971390137089
-0.021268682130205,0.0989444509474205,-0.158221568274905
-0.0211821817933322,0.0990344921969338,-0.153277354275747
-0.0210972910320076,0.0991190885612791,-0.148534309290935
-0.0210133352600791,0.0992009780831714,-0.144095177571272
-0.0209304027441066,0.0992818855423033,-0.139534974927929
-0.0208484750280707,0.0993622013377391,-0.134837498733872
-0.0207677955870203,0.0994376347517521,-0.130494018474467
-0.020687789027028,0.09951216922338,-0.126268365102757
-0.0206091680714532,0.0995788601861668,-0.122706277579157
-0.0205314474240055,0.0996440617039234,-0.119113534147356
-0.0204544170794386,0.0997118065253189,-0.115011084397596
-0.020378584781236,0.0997753959500876,-0.111120298234193
-0.020303944526756,0.0998365645510824,-0.10715628422292
-0.0202307554407503,0.0998952107575478,-0.102910107777029
-0.0201582876993635,0.0999537406563328,-0.0986623314025266
-0.0200872208486438,0.10000558090128,-0.0948955276571099
-0.0200170815770791,0.100058020975251,-0.0907556900444991
-0.0199486264856506,0.100102808448038,-0.0870810247918807
-0.0198816119291874,0.100144803554471,-0.0831695807870076
-0.0198153195511184,0.100185865747863,-0.0792937788714613
-0.0197498976482139,0.100223239823927,-0.0758362384267644
-0.0196856232941583,0.100257987597765,-0.0723280892753549
-0.0196217634657204,0.100297031462702,-0.0681228604512582
-0.0195587734520787,0.100335965482291,-0.0637446371059163
-0.0194970741186462,0.100373163904572,-0.059115107981683
-0.0194359653088552,0.100410089370444,-0.0546369551408057
-0.0193763820643392,0.10044313231419,-0.050055289955268
-0.0193177642722541,0.100473194465258,-0.0457752133715242
-0.0192613325569779,0.100500586766538,-0.040391652262087
-0.0192067266884924,0.100518128819738,-0.0359239170782263
-0.0191537890943369,0.100528728480648,-0.031906972375336
-0.0191021590520488,0.100535868239851,-0.0279032986763609
-0.0190516139058535,0.100538064627922,-0.0245157483657483
-0.0190019336973835,0.100527949490248,-0.0237737020083926
-0.0189530185913933,0.100516029783559,-0.0229937964963183
-0.0189048129891887,0.100500464309955,-0.0228041327940272
-0.0188572936900445,0.100485819363477,-0.0217925733070364
-0.0188103111393466,0.100463686968088,-0.0230531110445167
-0.0187633242591858,0.100441008253196,-0.0245814283932429
-0.0187158341758392,0.100415911025449,-0.0274175063542852
-0.0186680530480874,0.100392998074711,-0.0297264203836359
-0.018619945757165,0.100366571674772,-0.0339818351730778
-0.0185709257991312,0.100347021533637,-0.0360036511766891
-0.0185218086518705,0.100331226152911,-0.0365586996351267
-0.0184724040025896,0.1003156423121,-0.0372713057342197
-0.0184230034178647,0.100296267323615,-0.0396274499388062
-0.0183735453217185,0.100282512345883,-0.039575098649886
-0.0183240627108143,0.100265504365795,-0.0410017893883253
-0.0182745485165965,0.100249607339804,-0.0419560029989828
-0.0182250793326763,0.100231972746605,-0.0437160169696319
-0.0181748648794763,0.100216745422645,-0.0450014224677438
-0.0181247531859721,0.100199246492822,-0.0473452367616151
-0.0180743302303509,0.100183009042236,-0.0493894813544758
-0.0180239592192038,0.100172487661198,-0.048414951374637
-0.0179745619763208,0.100164581807746,-0.0448223043192526
-0.0179259968261762,0.100154240018338,-0.0416703674842015
-0.0178781506548445,0.100146719891531,-0.0367023026386608
-0.0178318922100827,0.100136627044957,-0.0311271837677294
-0.0177868786814303,0.100125612374902,-0.0250364822757856
-0.0177434131262366,0.100107852414519,-0.0205061317512868
-0.0177007695472797,0.100086451797962,-0.0171695012421379
-0.0176589475509448,0.100060974031832,-0.0150021469534152
-0.0176181544249725,0.100035366201532,-0.0116005680314312
-0.017577993064077,0.100007565498551,-0.00881487011551132
-0.017538601441997,0.0999758000237693,-0.00722777182140124
-0.0174998290246085,0.0999423997701161,-0.00577285888529318
-0.0174614543563864,0.0999115758061333,-0.00257409166280068
-0.0174243132179329,0.0998803340399658,0.0019278004104434
-0.0173890748372206,0.0998426294846476,0.00543125281462236
-0.0173552244821414,0.0998057070817293,0.0113307810557747
-0.0173227882281283,0.0997661424226568,0.0173132253756045
-0.0172916710245453,0.0997205977925323,0.0212493667120671
-0.0172616865131296,0.0996723757680771,0.0250253074615132
-0.017231872890176,0.0996166841066378,0.0239553791920077
-0.0172021592579641,0.099558407850028,0.0211365402677169
-0.0171723263991091,0.0995038608075798,0.0209261959382362
-0.0171423714641495,0.0994478047779868,0.0194007535956868
-0.0171117327382311,0.099388544236788,0.0142450585059127
-0.0170796974594772,0.0993306905628223,0.00799667716883811
-0.0170464472878173,0.0992779477935739,0.00393526875291135
-0.0170126116027927,0.0992298073635601,0.00254990327475101
-0.0169784337029606,0.0991882222825504,0.0053317098511674
-0.0169443470778275,0.0991440123484244,0.00638673195552484
-0.0169102209962789,0.0990991534850027,0.00695080103477815
-0.0168758637927358,0.0990566645085308,0.0086613473830036
-0.0168417979971872,0.0990103902905111,0.00841800780870666
-0.0168075077558478,0.0989651998089057,0.00856949062274714
-0.0167735308583645,0.0989237092559006,0.0112955572757193
-0.0167407678357894,0.0988830990600979,0.0160803398841097
-0.0167088419010216,0.098840976588506,0.020824398644786
-0.016678361298531,0.0987946890201379,0.0249812241234822
-0.0166483562778377,0.098744073428068,0.0270431537996013
-0.0166191747010868,0.0986929938020014,0.0298740709507029
-0.0165901876744661,0.0986392689006611,0.0312806914515272
-0.0165616574368746,0.0985866751508777,0.0338574889645736
-0.0165342814951643,0.0985331858367212,0.0374159480102497
-0.0165087077778089,0.0984782013215058,0.0426833723889538
-0.0164846211619283,0.0984207383643282,0.048394302169675
-0.0164618397472786,0.0983624582686885,0.0550946736146418
-0.0164399027780778,0.0982996661718236,0.0597776429553776
-0.0164197739238031,0.0982355163345936,0.066097783294316
-0.0164015623219236,0.0981705487632922,0.07439142945427
-0.0163856351632352,0.098099379989565,0.082007805165439
-0.0163714681978085,0.0980241357422499,0.0892438462390732
-0.0163592954803214,0.097944900759448,0.0967338873192891
-0.016350072994775,0.0978635146316004,0.107517138305399
-0.0163443844222272,0.0977786365141528,0.121579712689974
-0.0163416552940145,0.0976805633792606,0.130799379410821
-0.0163406351745944,0.0975780348227185,0.138959477569954
-0.0163418375310709,0.0974686446484874,0.145713677170488
-0.0163432490866639,0.0973543014690041,0.148571859529482
-0.0163445636032466,0.0972350365694438,0.147638673604891
-0.0163461563010588,0.0971160338693698,0.147333914074388
-0.0163477486494139,0.0969939810869062,0.144576087046028
-0.0163488007673213,0.0968709605931265,0.139984589869614
-0.0163493109456118,0.0967546047529731,0.14017611878473
-0.0163503508238033,0.0966398128710375,0.142575281559695
-0.0163529610058933,0.0965250422269953,0.14776001865005
-0.0163574816526674,0.0964116124428051,0.157307790791124
-0.0163635899157933,0.0962895428621803,0.162366441969583
-0.016370252146839,0.0961627765862777,0.164390311410249
-0.0163762360900679,0.0960340308737041,0.163766272922712
-0.0163826698087258,0.0959050249286162,0.163637173402419
-0.0163888855090214,0.0957801575159204,0.166595589193931
-0.0163957779189506,0.0956489269495241,0.165504166289411
-0.0164027971595565,0.0955180572970832,0.164942108688824
-0.0164093731341053,0.0953864507525089,0.163039262524332
-0.0164159387884281,0.0952553068566148,0.161448625960523
-0.0164221652976081,0.0951230178898645,0.158093012548511
-0.0164272136364645,0.0949891981126189,0.150956367782797
-0.0164302229474715,0.0948581121022182,0.142783111371585
-0.016431859790478,0.094731922985961,0.136486984391707
-0.016432026789189,0.0946080684629133,0.129531170962283
-0.0164304431550825,0.094488455678213,0.123512384028453
-0.0164270139878058,0.0943681436871195,0.112867049317341
-0.0164209774836316,0.094252529253418,0.101669100047538
-0.016412563470827,0.0941428054928964,0.0916301366587774
-0.016402447516152,0.094040771206288,0.0858939595147454
-0.016391251732937,0.0939420787373327,0.0812413975061885
-0.0163801358663219,0.093849825767544,0.0830515815980978
-0.0163692335387438,0.0937532364549781,0.0807414821824174
-0.0163578610588914,0.093654383437987,0.0745160390327406
-0.0163460203485695,0.0935636008073145,0.0759846376133844
-0.0163343596890664,0.093471435428619,0.0764202920770803
-0.0163233328529877,0.0933752731182976,0.0730129150235863
-0.0163123333541131,0.0932804792723665,0.0706270447164477
-0.0163009436160656,0.0931890885627875,0.0716016171966018
-0.0162882702422851,0.0930949567348594,0.0672755140768921
-0.0162755548737663,0.0930042419331273,0.0662675125390348
-0.0162622757001155,0.0929114717062121,0.0613950603392181
-0.0162482529896795,0.0928178263123631,0.0523813198597267
-0.0162320645822411,0.092726324436425,0.0398552034454614
-0.0162132180169729,0.0926418003864422,0.0296161409881663
-0.0161934600520186,0.0925628919257351,0.0229468515012613
-0.0161717785903117,0.0924862075517,0.0142094359808849
-0.0161475254734908,0.0924123548840197,0.00255113096075567
-0.0161212528153136,0.092344006172514,-0.00801565727843864
-0.0160930433296339,0.0922811836544091,-0.0167084807508268
-0.016062379875536,0.0922218256705554,-0.0270191192641881
-0.016029231516175,0.0921670158772935,-0.0379399944495508
-0.0159940123337813,0.0921174536943449,-0.0479478935621808
-0.0159557670657322,0.0920724104812894,-0.0591413762432949
-0.0159159811632806,0.0920343645951696,-0.0657177371456613
-0.0158743038962229,0.0919993218790126,-0.0729348474143313
-0.0158292990134647,0.0919657486332369,-0.0854154234976942
-0.0157817430805941,0.0919362629569321,-0.100702265774754
-0.0157307290210866,0.0919170471432272,-0.110126826400721
-0.0156783374489692,0.0919059313898311,-0.112546151146996
-0.0156250025181515,0.0918984258049195,-0.111866881063281
-0.0155723763759291,0.091889581913687,-0.111867355124802
-0.0155197998191284,0.0918808335747624,-0.111647511731983
-0.0154663201548497,0.0918698223039748,-0.116065106864072
-0.0154115992010274,0.091860062927081,-0.122172794046605
-0.0153560692024876,0.0918552664726521,-0.124342243447669
-0.0152999828307084,0.0918482165329978,-0.131545641320389
-0.0152422025043503,0.0918450337891043,-0.138014343982973
-0.0151839272499261,0.0918483328794565,-0.137693058395548
-0.0151237974681948,0.0918513519528921,-0.140441014361294
-0.0150624688458095,0.0918551387024556,-0.144757393240943
-0.0150011258996994,0.0918628770168219,-0.145074719104286
-0.0149395349054556,0.0918718404034097,-0.144373991626823
-0.0148784052213264,0.09187857608519,-0.145761434604264
-0.0148160302656909,0.0918847294890769,-0.150237468247484
-0.014751940816557,0.0918891230679749,-0.160961150681431
-0.0146852927814103,0.0919017748026837,-0.167021098385052
-0.0146189003358552,0.0919184727341725,-0.169206224836937
-0.0145513442096945,0.091933719131856,-0.175796109457901
-0.0144826570738487,0.091953229864432,-0.180065347689483
-0.0144135323161184,0.0919752571484426,-0.182868546993818
-0.0143438504314041,0.0919982748164208,-0.186002580470808
-0.0142730096629521,0.0920239583294343,-0.187987173066324
-0.0141999008166451,0.0920477665426674,-0.195858532554167
-0.0141261356751882,0.0920745044043376,-0.203719127018411
-0.0140518775974899,0.0921083321443768,-0.205068139186323
-0.0139781716621368,0.0921397357685007,-0.20973710831329
-0.0139045022015444,0.0921764340903504,-0.208053584556786
-0.0138311371137124,0.092214591472491,-0.203439653038198
-0.0137587428081196,0.0922496728174032,-0.200439863696068
-0.0136876610803987,0.0922821958299264,-0.198191069133435
-0.0136175503118554,0.0923154909468978,-0.192766089942262
-0.0135483689551431,0.0923450727353727,-0.189536688129119
-0.0134805607832503,0.0923721356189002,-0.186695735693457
-0.0134142881243158,0.0923946415958725,-0.18723106405865
-0.0133480280349011,0.0924191555878746,-0.184769419832915
-0.0132821277217808,0.0924431690664236,-0.181598267347442
-0.0132163524386787,0.0924660751570192,-0.178873729186938
-0.0131521834105577,0.0924847658467009,-0.179149706224265
-0.013088165101699,0.0925052737487908,-0.176503083710882
-0.0130244815231808,0.0925230494949091,-0.1766950423856
-0.0129608251910636,0.0925354388164038,-0.186721328081608
-0.0128950666044585,0.0925562405769447,-0.189750617474281
-0.0128289248702122,0.0925787311482036,-0.191884946359052
-0.0127633188698534,0.0926059899351712,-0.186497840763247
-0.0127011038944879,0.0926317899763457,-0.175718389558649
-0.0126411727588065,0.0926484786240273,-0.17201162069627
-0.0125814057340629,0.0926644072421352,-0.168118948458191
-0.0125232712776116,0.0926777287056605,-0.164256277552704
-0.0124670021446669,0.0926881910451044,-0.160471583071621
-0.0124108307695941,0.0926967266866576,-0.158677445922553
-0.0123548387833517,0.0927043429279767,-0.157500436628739
-0.0122997284782358,0.0927109139320672,-0.156042822686863
-0.0122454806103941,0.0927152538667612,-0.156348422434284
-0.0121915050620681,0.0927209344643012,-0.153933465713337
-0.0121366202239286,0.0927257540488117,-0.153689859912859
-0.0120817195239484,0.0927306257174826,-0.153369086129877
-0.0120262768150361,0.0927361717703828,-0.152613691017566
-0.0119705117204862,0.0927400327667955,-0.155057305509327
-0.011914558550205,0.0927472537717753,-0.153189290791035
-0.0118599209228425,0.0927542739464276,-0.148993073777584
-0.0118062352155836,0.0927616122597766,-0.141380921027107
-0.0117524529360137,0.0927613436648707,-0.14345917567658
-0.0116982066270795,0.092760083410632,-0.148897523045939
-0.0116423941552745,0.092764082771636,-0.150330560115903
-0.0115858402921507,0.0927663137208738,-0.156477652698482
-0.0115282736897704,0.092770098006424,-0.164329938400014
-0.0114688747383121,0.0927759221091544,-0.175174809958174
-0.0114088921189007,0.0927897443378555,-0.177613021705174
-0.0113479829402557,0.0928100141730677,-0.171995136909287
-0.0112883081331299,0.0928299799268186,-0.163227594960281
-0.0112300422408097,0.0928439241394636,-0.158515374355653
-0.0111727784220717,0.0928542249499719,-0.156159351455983
-0.0111172077988221,0.0928624017531919,-0.153495708656015
-0.0110615652196731,0.0928706516916691,-0.149925937442187
-0.011007297125014,0.0928755872645107,-0.14802412174608
-0.0109543773279792,0.0928830402977485,-0.139349277785058
-0.0109037305550488,0.0928854939873602,-0.131756547195372
-0.0108560321863079,0.0928807173479512,-0.128182064517261
-0.0108087693274389,0.0928722680628306,-0.128993326804177
-0.0107615452444711,0.0928627886169914,-0.132139599832076
-0.0107136511478532,0.0928560251777262,-0.132940982032874
-0.0106651036766227,0.0928447054839445,-0.144366801260946
-0.0106137515543734,0.0928372518413308,-0.159246206911459
-0.0105586479440938,0.0928365691483785,-0.17539260207569
-0.0105000014149883,0.0928456431315596,-0.186595033396461
-0.0104395256548744,0.0928604541906445,-0.19535586440428
-0.0103756164039508,0.0928793146951491,-0.206500167994179
-0.0103101129071715,0.0929055605281025,-0.211812422002136
-0.0102429174260425,0.0929337152678834,-0.219250307497266
-0.0101749074074124,0.092964862259803,-0.226208061727954
-0.0101064065247162,0.0929997024720893,-0.230278453717114
-0.0100362032006505,0.0930361424648134,-0.236408231022584
-0.00996462763930204,0.0930751817277312,-0.242935483728687
-0.00989228730981174,0.0931205545850523,-0.242501577027627
-0.00981996055587766,0.0931665527203965,-0.241075787565096
-0.00974825535048131,0.0932110108096547,-0.240641662684703
-0.00967729357244979,0.0932574416986359,-0.235347941638873
-0.00960867419571245,0.0932994724470626,-0.231106807713377
-0.00954098025168187,0.0933398492257556,-0.226689357547935
-0.00947437428282496,0.0933787467821871,-0.221269910174901
-0.00940864709565891,0.0934120276199004,-0.222489314727757
-0.00934244692111165,0.0934457757547925,-0.224440382809602
-0.00927611369270609,0.0934815139543794,-0.223983250538879
-0.00921009482128956,0.0935162672303702,-0.224639772941253
-0.00914355718550018,0.0935534433728817,-0.222508899346321
-0.0090766905433034,0.093586661859413,-0.227861226997023
-0.00900942332669895,0.0936230029113499,-0.230240016701043
-0.00894246044364296,0.0936636088489989,-0.225219912515348
-0.0088759496353666,0.0937006898661051,-0.224140662298811
-0.00880986340344122,0.0937385073780873,-0.220775262845184
-0.00874573142291379,0.0937757183336391,-0.213066355043965
-0.00868354111386664,0.0938104851913431,-0.20337506504089
-0.00862407445302185,0.0938397253434932,-0.194071396767255
-0.00856613075596015,0.0938661033925491,-0.184137920730055
-0.00851149915688117,0.0938889508833839,-0.170230696186169
-0.00846001769625762,0.0939052823594195,-0.156709920927518
-0.0084115861857284,0.0939167357433879,-0.141523653770898
-0.0083670343003307,0.0939226126910029,-0.123507607270631
-0.00832696987222212,0.0939182184585702,-0.107345797358886
-0.00829008732368687,0.0939071027511795,-0.0916587386576217
-0.00825766398010961,0.09388827112817,-0.0744240591102941
-0.00822927856221553,0.0938592705630752,-0.0600975088358737
-0.0082039230923121,0.0938227887212457,-0.0478019596600601
-0.00818071594947271,0.0937786455303365,-0.0402790741049586
-0.0081579814152076,0.0937291151149094,-0.0389724678438713
-0.00813722176522381,0.0936799982843489,-0.0317990012819809
-0.00811854672952867,0.0936251953673265,-0.0271733132528885
-0.00810038652325602,0.0935666973607605,-0.0267256155608653
-0.00808188959096266,0.0935081916709581,-0.0271998054576895
-0.00806276306524937,0.0934511324556495,-0.0270469051574947
-0.00804500935014624,0.0933943158720193,-0.0228034546504131
-0.0080293421398284,0.0933372730026732,-0.0127723479489154
-0.00801632454129854,0.0932767928809231,3.17398311523061e-05
-0.00800643328806511,0.0932074981887159,0.00862807797031762
-0.00799725124570113,0.093129936836873,0.00595435519039814
-0.00798854954927152,0.0930551235804526,0.00907163866538684
-0.00798031357053766,0.0929785793348214,0.010873166696918
-0.00797333965440979,0.0929022420030828,0.0168945678953496
-0.00796744496488633,0.0928225264234866,0.0209206077324649
-0.00796374465767211,0.0927421183121244,0.0306587463600619
-0.00796306720728151,0.0926590153968208,0.0456484906427218
-0.00796581029918093,0.0925686743160215,0.0599921715326312
-0.00797317035269954,0.092471366151556,0.0777629951501083
-0.00798469831202345,0.0923672541451697,0.0979058730778395
-0.00799996193260134,0.0922513849416647,0.111318465666606
-0.00801969402514477,0.0921331399180771,0.134920127716188
-0.0080448875518919,0.0920043353717711,0.159120311426797
-0.00807674174242602,0.0918633994196801,0.185280481408802
-0.00811391649662049,0.0917108416177653,0.209860697715789
-0.00815567961011943,0.0915467790588196,0.230865492323257
-0.00820115936224277,0.0913702635419597,0.244473012435484
-0.00825074813247895,0.0911832752820661,0.254434509326714
-0.00830113465000218,0.0909912862763878,0.259093856657475
-0.00835138194127195,0.0907958319854001,0.257741675192433
-0.00840323933617862,0.0906028108792695,0.265508093605607
-0.00845798285385586,0.0904070848066339,0.278259486707262
-0.00851546221832628,0.0902048974102457,0.289453972429094
-0.00857522981596401,0.0899960933374857,0.297248296243201
-0.00863776606355654,0.0897871930487756,0.314237462422278
-0.00870447995233461,0.08957050408213,0.332274143690581
-0.0087760229864761,0.0893441768613932,0.350324310571614
-0.00885369037980934,0.0891115321650123,0.378294806009665
-0.00893754100030577,0.0888641896745686,0.402585007871185
-0.00902731920761261,0.0886024349283722,0.422446725854451
-0.00912194034247993,0.0883318892378469,0.444055971107732
-0.00922175825705977,0.0880520205615771,0.467760804495546
-0.00932702810661976,0.0877604845403795,0.490238405379194
-0.00943622082435656,0.0874547893021236,0.501281296403693
-0.00954668797770202,0.0871412218829845,0.502371870864752
-0.00965775674935709,0.0868282922221012,0.507418700408555
-0.00977038393356713,0.0865142717608388,0.516580459445985
-0.00988487026675167,0.0861948903068066,0.522555980553965
-0.0100005863540541,0.0858715000733391,0.525186982942717
-0.0101161228052757,0.0855465240774353,0.523911185427437
-0.0102322135664866,0.085221792788104,0.52477650764774
-0.0103480118824403,0.0848943786388,0.518033947320508
-0.0104620289926276,0.0845704646836039,0.511908770999918
-0.0105757410604647,0.0842498080911554,0.510733416957088
-0.0106902353334846,0.0839300440268484,0.514530361828074
-0.0108066059405774,0.0836073022662357,0.519133024695837
-0.0109205701839158,0.0832803825494236,0.504915499093086
-0.0110297667509573,0.0829593394955639,0.483445057293523
-0.0111332585324021,0.0826486477392363,0.460460865645415
-0.0112317007725898,0.0823488140157765,0.438643737542071
-0.011324926102968,0.0820594674865815,0.41734033655369
-0.0114128727539369,0.0817799558074933,0.394442792484465
-0.0114937959746619,0.0815110915657854,0.364398307750731
-0.0115682350667165,0.0812566280969208,0.337533318951694
-0.011635922007689,0.0810138798325356,0.305414604212619
-0.0116956821841293,0.0807875112421848,0.275974499773484
-0.0117472929302162,0.0805742608724043,0.238438706215593
-0.0117899501434842,0.0803788475051993,0.200799358285636
-0.0118235511981335,0.0802015045558236,0.163775630660113
-0.0118486159464747,0.0800421697628316,0.129184698690184
-0.0118650963618595,0.079899939698287,0.0955222083498732
-0.0118740171196373,0.079772882325421,0.0601437780698985
-0.0118760097226701,0.0796633673826764,0.0327393349708567
-0.0118719585903349,0.0795668819470268,0.00693083865057111
-0.0118633574369073,0.0794842654833205,-0.00779856636124483
-0.0118494005201787,0.0794074249017285,-0.033758049294937
-0.011830456505203,0.0793428553367271,-0.0558021970570705
-0.011807311971749,0.0792890714927416,-0.0730713908008903
-0.011778997761913,0.0792439048159698,-0.0929367191301669
-0.0117441445222602,0.0792077845144609,-0.120356483346351
-0.0117013598292015,0.0791843303798166,-0.1537277103464
-0.0116499178902417,0.0791770370271376,-0.188024672637059
-0.0115920044572306,0.079187709673451,-0.210790233607913
-0.0115280709289167,0.0792098928279295,-0.232880791568196
-0.0114598834612742,0.0792422356081441,-0.252639261896484
-0.0113859194966036,0.0792826369674164,-0.281164525035382
-0.0113057985890896,0.0793379835391255,-0.303299994712136
-0.0112217205523542,0.0794047747985041,-0.318849379532869
-0.0111347148263656,0.0794801708459666,-0.32847550261262
-0.0110476350614164,0.0795588110299383,-0.335579650366111
-0.0109582523636202,0.0796426072294389,-0.34012376877347
-0.0108694284773099,0.0797297804748472,-0.335780118833502
-0.0107824289509446,0.079814809440286,-0.329542724688493
-0.0106968336195812,0.0798978250834063,-0.32167549158903
-0.0106134664756834,0.0799780670421328,-0.31070152631804
-0.0105315769943669,0.0800511897558459,-0.308647608389549
-0.0104496095752962,0.0801223671914619,-0.311410087587215
-0.0103661561976691,0.080194927213221,-0.317132078304561
-0.0102813579434202,0.0802704505711001,-0.322622172019497
-0.0101949423268423,0.0803481844571822,-0.330806941440398
-0.0101058675991399,0.0804313896572181,-0.337451228321093
-0.0100146565469949,0.0805167250486446,-0.349237429556946
-0.00992042565571124,0.0806074493925024,-0.362523812700021
-0.00982503186933827,0.0807075617703907,-0.361140145231902
-0.00972870892038319,0.0808077898878461,-0.36262354965648
-0.00963332694639711,0.080909795299291,-0.357468730950455
-0.00953980786198158,0.081008718588021,-0.351569853592086
-0.00944674164093946,0.0811042297522774,-0.350019022262835
-0.00935377314920767,0.0811998310449794,-0.347433300588883
-0.00926140577877108,0.0812934360483782,-0.347138426314676
-0.00916860687893832,0.0813859643017472,-0.351069332228628
-0.00907403332681623,0.0814804816193842,-0.357434601018283
-0.00897805485577761,0.0815775512255187,-0.364744033676054
-0.00888041132424401,0.0816778605822751,-0.372607718228316
-0.00878022662553847,0.0817812415235438,-0.383831327110606
-0.00867631203268298,0.0818890359441884,-0.400063657882784
-0.00856856839873067,0.0820056645085141,-0.412266962083583
-0.00845861098397278,0.0821297976385427,-0.418437426606428
-0.00834872457275333,0.08225705800958,-0.420393374058658
-0.00823813113121506,0.0823839198425298,-0.427104757392253
-0.0081261979877352,0.0825147285930388,-0.431785350433431
-0.00801410440877251,0.0826495965718348,-0.429525535254651
-0.00790328841471867,0.0827816928053253,-0.42952651021463
-0.00779251950529055,0.0829144418163072,-0.429041068298982
-0.00768062202544774,0.0830451952502733,-0.437650410713172
-0.00756807567999612,0.083181770556635,-0.437533748884908
-0.00745586765857888,0.0833189100172256,-0.434992703089496
-0.00734567793163087,0.0834553481355901,-0.426666288966123
-0.00723721983349252,0.0835873491069559,-0.421350820994966
-0.00712851907774709,0.0837160004162844,-0.423636437570815
-0.00701985823335942,0.0838474700368594,-0.419446764453095
-0.00691250202775199,0.0839776774535002,-0.41302171038691
-0.00680758772093566,0.0841032956748419,-0.408227363406924
-0.00670529456260331,0.0842277451044094,-0.396259442443529
-0.00660673645698138,0.0843474731954683,-0.379125497935865
-0.00651149668099774,0.0844582465091017,-0.366827690663155
-0.0064204063198326,0.0845620322252084,-0.353557851487491
-0.00633222752652413,0.0846616187874772,-0.336216356648591
-0.00624691117906684,0.0847531273646667,-0.322935539861872
-0.00616693189793761,0.0848387629328431,-0.301621447798272
-0.00609132278798564,0.0849157581964898,-0.279656744500455
-0.00602136369176744,0.0849831195316197,-0.254641919016453
-0.00595703609422322,0.0850375864099834,-0.233148565026344
-0.00589804435568989,0.0850826781421154,-0.209283285633427
-0.00584409993563284,0.0851186339262206,-0.183240225002006
-0.00579631740471014,0.0851413943694651,-0.159081961836826
-0.00575529180531799,0.0851556475411573,-0.125764826072013
-0.00572011969345859,0.0851526734520647,-0.102275069390655
-0.00569007094422815,0.0851379060887224,-0.0816384804101769
-0.00566394518371612,0.0851131256168903,-0.0648143336439001
-0.00564373297746894,0.0850797623534273,-0.0425412878411653
-0.00562825100436451,0.0850359618875543,-0.0219619924900942
-0.00561861353095099,0.084981489977109,9.28190007908128e-05
-0.00561623594259434,0.0849161657534557,0.0285640310900034
-0.00561883124944676,0.0848347788493931,0.0437250015213497
-0.0056242024797132,0.0847461130784239,0.0555347972970135
-0.00563303203432848,0.0846517968126178,0.0696452530720848
-0.0056457355503233,0.0845497940866515,0.0827499170375522
-0.00566069475947348,0.0844409707504256,0.0904702717627675
-0.00567811760035932,0.0843269314220189,0.0952255195731278
-0.00570001755535039,0.084210091124253,0.112135323911238
-0.00572662351581865,0.0840857032984853,0.133767098230819
-0.00575801775197062,0.0839529660392941,0.159708783770778
-0.00579272413687113,0.0838073607761151,0.171388874515814
-0.00583166320058982,0.0836561089908311,0.188486122659459
-0.00587336550034994,0.0834978773778434,0.20409899586603
-0.00591735783550609,0.0833328856225421,0.215994717854623
-0.00596472318129672,0.08316105642159,0.22483523160088
-0.00601315570168261,0.082985727131647,0.23212628749449
-0.00606298410757935,0.0828076336261514,0.240637638813323
-0.0061158104199545,0.0826258620123331,0.254990637695658
-0.00617356412011062,0.0824366594744344,0.273224237174449
-0.00623473870777099,0.0822384576131459,0.28583634549071
-0.0063012415074193,0.0820342631393697,0.309340886470597
-0.00637339183397628,0.0818195770402395,0.335870312769355
-0.00645333865989473,0.0815923602952418,0.369635763815945
-0.00653977511332223,0.0813496139779321,0.398306838121648
-0.00663148287356082,0.0810932695333458,0.419881996306472
-0.00672723931556219,0.080828603545456,0.443817799817593
-0.00682769708395455,0.0805513808767819,0.45941506092255
-0.00692915849729189,0.0802674618797074,0.464987493830485
-0.00703351389894221,0.0799814607679112,0.480321121419046
-0.00714246714055329,0.0796884871069038,0.500884052162102
-0.00725602478851188,0.0793828897796246,0.508225229130279
-0.00737190951224859,0.0790732333246859,0.515996890654898
-0.00748710909750396,0.0787605460985911,0.512280270576121
-0.00760047874116552,0.0784500926832987,0.505961932894761
-0.00771481533717509,0.0781420370681713,0.510662501920529
-0.00782943111241756,0.0778322479987097,0.515075285941194
-0.00794692300950013,0.0775201414948973,0.529598320553803
-0.00806910719574138,0.0772012094571637,0.549977039425865
-0.00819526110463907,0.0768736474965984,0.571835492167965
-0.00832505542326033,0.076536059196209,0.586880310882465
-0.00845971720491938,0.0761915880498482,0.612463516192977
-0.00859983503667991,0.0758352683809452,0.637124911831259
-0.00874791938475395,0.0754684993918394,0.677380472084641
-0.00890330873324237,0.0750817978444072,0.703914324322168
-0.00906007894549863,0.0746830654680384,0.707822441848045
-0.00921861492269189,0.0742807698297183,0.709001947491366
-0.00937633140945596,0.0738792310766924,0.710861970424717
-0.0095330886068102,0.0734772040370386,0.709078441942708
-0.00968982756873491,0.0730758466959021,0.708481957355937
-0.00984565538214572,0.0726745720853654,0.703476427580536
-0.0100040003485438,0.0722742245168976,0.715527225895487
-0.0101634733821102,0.071868514564814,0.718267367053007
-0.0103227435200831,0.0714622634418291,0.717822592644409
-0.010481622035858,0.071056267901819,0.717026611889436
-0.0106407330331762,0.0706508149174203,0.720038755572393
-0.0107996139885261,0.0702438097499788,0.718346827934908
-0.0109560637480735,0.069837682437054,0.706555863264755
-0.0111109809931328,0.0694374376888568,0.704565671366624
-0.0112697938625781,0.0690369067140455,0.723666234214909
-0.0114341198314527,0.0686263576517044,0.745904907338691
-0.0116020300368121,0.0682068391327948,0.765796658283883
-0.0117728455448237,0.0677791123437435,0.781052640359765
-0.0119458258924153,0.0673442083863781,0.789997803285589
-0.01212090128976,0.0669036258637659,0.793771642982818
-0.012295795735134,0.066462101566249,0.795048129133818
-0.0124713912833474,0.0660186212094728,0.792803268507325
-0.0126468811426771,0.0655748259917678,0.788231185891428
-0.0128198082029912,0.0651335529546458,0.775882425301928
-0.0129883114203168,0.0646979376937786,0.751277425788145
-0.0131516149189838,0.0642745487748784,0.735140237955921
-0.0133104743925528,0.0638588475519358,0.716539186308934
-0.0134676244447387,0.0634506192473371,0.711939324890481
-0.0136238329183597,0.0630442417537558,0.706456738095157
-0.0137808543541022,0.0626391832142814,0.709639049630336
-0.0139361645566855,0.0622347457815519,0.704948056383086
-0.0140920249515355,0.0618315238008018,0.70732504256375
-0.0142474621292533,0.0614279032337626,0.70758891755109
-0.0144028981262322,0.0610234540920027,0.703788829613311
-0.014556733959512,0.0606211768530243,0.696539473581834
-0.0147041763716468,0.0602247292604942,0.663520394176065
-0.0148464228278052,0.0598418343559326,0.638889906478176
-0.0149821140515618,0.059470910148585,0.609675450230417
-0.0151109227329295,0.0591137077338684,0.582130400412792
-0.0152323128211173,0.05876996153939,0.55114575657655
-0.0153454548917987,0.0584421008848849,0.520031313680966
-0.0154484451049042,0.0581305386253099,0.472764017404232
-0.0155404783633596,0.0578409851758637,0.427575174120396
-0.0156243668580397,0.0575710075825689,0.391318551482608
-0.0156986255622885,0.0573187569032037,0.347718013476069
-0.0157607818933137,0.0570882241632777,0.294503622158683
-0.0158111540101542,0.0568822241931149,0.24516782785559
-0.0158507066453429,0.0566991331864684,0.203320301394752
-0.0158838195144363,0.0565334547361109,0.178583545642087
-0.0159113153406677,0.0563790598019346,0.152204990933483
-0.0159350357746247,0.0562354235963101,0.137824926994885
-0.0159586712250761,0.0560960506470169,0.137210062589462
-0.0159825976519061,0.0559564217059903,0.136757941488137
-0.0160040939643384,0.0558185288254475,0.123740279388385
-0.0160258513308399,0.0556841790853618,0.12530676334871
-0.0160483694306727,0.0555485348900916,0.126627021827941
-0.0160718142544795,0.0554118010395653,0.130388661518598
-0.0160986819821267,0.0552717245227689,0.148282872164458
-0.0161307014245271,0.0551223316053303,0.169401850588317
-0.0161668911521145,0.0549634080309345,0.185254749661319
-0.0162119488290775,0.0547934443434864,0.22740431685141
-0.0162653148210505,0.0546042364632253,0.258167275579974
-0.0163235892643227,0.0544030450248548,0.281877989485615
-0.0163860907043314,0.0541917135906551,0.298070024557268
-0.0164526030407905,0.0539722861402421,0.312672217830005
-0.0165213142541376,0.0537467954982727,0.317721488921277
-0.0165928027231036,0.0535169030049248,0.323615452387039
-0.0166692118027667,0.0532812838999355,0.348200463751684
-0.0167500991821753,0.0530354089114471,0.368320881369912
-0.0168314717789937,0.0527841851225966,0.372338425082064
-0.0169172936006415,0.0525279166592495,0.391488534488676
-0.0170027082138021,0.0522665967659391,0.384208555030049
-0.0170857163339619,0.052008999327842,0.369344983112452
-0.0171647195368227,0.0517589047623549,0.351363548669665
-0.0172386858523975,0.0515178359234278,0.326889729719962
-0.0173077507582001,0.0512876514097141,0.306959431029127
-0.0173701408802687,0.0510689702835097,0.279579642651552
-0.017430838449642,0.0508587481466677,0.275083783461196
-0.0174879651809377,0.0506527898971523,0.254743641323333
-0.0175396065531598,0.0504572731715512,0.232774504110256
-0.0175896520466497,0.0502690122589802,0.230267162827346
-0.0176401799396153,0.0500807475052036,0.230111241606496
-0.0176931037835551,0.0498904194587676,0.243413282491255
-0.0177529669968896,0.0496907460866141,0.278813612697624
-0.0178192983421563,0.0494760512835619,0.304806514727329
-0.0178877671105622,0.0492527917162233,0.311093563070474
-0.0179573736185304,0.049026941072334,0.315918468434365
-0.0180275203801645,0.0487995411826213,0.318261941268418
-0.0180944639203955,0.0485746903224894,0.301310985390233
-0.0181562068550671,0.0483589521257532,0.278248258697395
-0.0182194244192844,0.0481472919254983,0.286964600515949
-0.0182855455751699,0.0479306019689036,0.29820250555671
-0.0183544311468733,0.0477087017983606,0.312172784097342
-0.0184227751410271,0.0474838865423118,0.305553357492307
-0.0184926504849634,0.0472594328543434,0.317116127202974
-0.0185688344586662,0.0470255361870493,0.342473439993281
-0.0186448695280132,0.0467856911297753,0.33732359987379
-0.0187153680800958,0.0465530550567428,0.314504783783078
-0.0187792871841224,0.0463323777392872,0.284759123534424
-0.0188345949813327,0.0461275049254199,0.247785694049385
-0.0188853131275941,0.0459359384304031,0.230696643171958
-0.0189338028110798,0.0457506272388575,0.222400864967136
-0.0189789925575915,0.0455705713489593,0.206406014179313
-0.019023229829042,0.0453951144279089,0.203214467413728
-0.019067531847852,0.0452201889406836,0.202086571973649
-0.0191125654271078,0.0450449727788209,0.206970224199222
-0.0191577907350871,0.0448681163369466,0.20286446560905
-0.0192108824956671,0.0446838786964426,0.240960077540784
-0.0192726637973403,0.0444817707610322,0.276049284387462
-0.0193418203902482,0.0442636327975714,0.303836055946529
-0.0194166923160763,0.0440339967624592,0.331892038457441
-0.0195003652252572,0.0437884059092721,0.36731271365291
-0.0196005979881009,0.0435169637604588,0.439176905975255
-0.0197153294804723,0.0432136195069878,0.495875412031135
-0.0198376201981813,0.0428898867455655,0.524866219039024
-0.0199687392613381,0.0425506582984551,0.56595076182313
-0.0201078890934558,0.0421942799569285,0.603630653640517
-0.020251937675091,0.0418242671218481,0.619586417449078
-0.0203988565099014,0.0414478540866466,0.631385915059164
-0.020553199314919,0.0410605881815526,0.665475576823384
-0.0207102254504822,0.0406631097898117,0.67245917397155
-0.0208666587000274,0.0402651178124116,0.671124010453151
-0.0210267602278583,0.0398631723659571,0.688741425897608
-0.0211904081383099,0.0394535639011961,0.704938301634934
-0.0213554354245444,0.0390388096392571,0.708657143975878
-0.0215241784194559,0.0386190294849983,0.726093954039068
-0.0216912973579122,0.038197652545358,0.718256937712579
-0.0218624733444926,0.037772923234098,0.735851267753983
-0.0220353140233571,0.0373422487565409,0.738363017007255
-0.0222098397134447,0.0369088484521131,0.744559262280414
-0.0223867678343283,0.0364709271855206,0.752283795409514
-0.0225624067888313,0.0360329502006877,0.745526172560098
-0.0227433278665504,0.035589898167632,0.769686344271997
-0.0229322209658781,0.0351329610735972,0.805806105058906
-0.0231304747280157,0.0346575012483977,0.843178473223704
-0.0233389808418893,0.0341620303090251,0.883699556533263
-0.0235584113695035,0.0336456582247739,0.930134064333857
-0.023791124896592,0.0331037693767671,0.98338856013201
-0.0240408619764051,0.0325307228707193,1.05427227068584
-0.0243040504256074,0.0319282191967259,1.1110858762454
-0.0245831483862041,0.0312957961749562,1.17926003898159
-0.0248823952606598,0.0306258796771297,1.26500724556407
-0.0251959484113719,0.0299218036549458,1.32065652423608
-0.02552131702603,0.02919253623383,1.36857928877497
-0.0258604601943664,0.028437168214682,1.42678004161027
-0.0262134669241136,0.0276534800135357,1.48384446734326
-0.0265768923915064,0.0268459037859318,1.52441423786776
-0.0269445604999118,0.026026362608181,1.54381709869735
-0.0273097253718528,0.0252060328206758,1.52946718987303
-0.0276803666726795,0.0243812961602156,1.55607064287249
-0.0280555026952319,0.0235460007168045,1.57493700435401
-0.0284355349674957,0.0227012466594925,1.59678869097819
-0.0288168195173059,0.0218507251878713,1.60068092314393
-0.0292016100730345,0.0209956478690132,1.62068706600156
-0.0295910073742502,0.0201306128976689,1.63738246382236
-0.0299830569514385,0.0192602656672091,1.65468293151733
-0.030370656008303,0.0183925447036845,1.63326254322882
-0.0307522467996331,0.0175356846035433,1.60539749504059
-0.0311257762493856,0.0166940973257644,1.57306774324456
-0.0314852072218927,0.0158764494434005,1.51368043807827
-0.0318336128970457,0.0150823676297064,1.46492541238615
-0.0321735956331221,0.0143076678046811,1.4338496733463
-0.0325057488852793,0.0135483369961036,1.40180221484395
-0.0328333580935171,0.0128002137210653,1.38491629305738
-0.0331474437034966,0.0120728639020974,1.32726904710157
-0.033447944119233,0.0113727473840436,1.27049729402005
-0.0337336714487745,0.0107017034275413,1.21142382756029
-0.0340154071199658,0.0100447008633615,1.19255337662208
-0.034298871112133,0.00938800234348732,1.19960751495622
-0.0345791983961913,0.00873441409789676,1.18597787084846
-0.034858389223589,0.00808476742030147,1.18412136353378
-0.0351307568913971,0.00744430180931234,1.15243547211677
-0.0354020152565659,0.0068102361774454,1.14971531398588
-0.0356698153359889,0.00618095567107446,1.13272477687575
-0.0359273199042835,0.00556809589717473,1.08708805575576
-0.0361729978415392,0.00497854173203638,1.03956019582327
-0.0364120542350317,0.00440568609880209,1.0168958798405
-0.0366592541700503,0.00382512358214814,1.05365624708939
-0.0369114276959518,0.00323220604993838,1.07366889479033
-0.0371610145930233,0.00263988933259871,1.06169416331341
-0.0374086519034635,0.00205209144890744,1.05402960615493
